{
    "id": "gaia_xp_spectrum_6141531035433449600-Ref",
    "F0352_uJAVA": 16.74953269958496,
    "F0378": 16.600738525390625,
    "F0395": 16.487369537353516,
    "F0410": 15.921897888183594,
    "F0430": 15.834428787231445,
    "F0475_gSDSS": 15.420750617980957,
    "F0515": 15.24937629699707,
    "F0626_rSDSS": 14.842886924743652,
    "F0660": 14.793713569641113,
    "F0769_iSDSS": 14.641465187072754,
    "F0861": 14.589301109313965,
    "F0883_zSDSS": 14.554523468017578
}