{
    "id": "gaia_xp_spectrum_6141519082540611200-Ref",
    "F0352_uJAVA": 16.991065979003906,
    "F0378": 16.796483993530273,
    "F0395": 16.793270111083984,
    "F0410": 16.25680923461914,
    "F0430": 16.22585678100586,
    "F0475_gSDSS": 15.873982429504395,
    "F0515": 15.721057891845703,
    "F0626_rSDSS": 15.37531852722168,
    "F0660": 15.329394340515137,
    "F0769_iSDSS": 15.201919555664062,
    "F0861": 15.147601127624512,
    "F0883_zSDSS": 15.129785537719727
}