{
    "id": "gaia_xp_spectrum_6141132569844030592-Ref",
    "F0352_uJAVA": 15.971359252929688,
    "F0378": 15.655417442321777,
    "F0395": 15.501823425292969,
    "F0410": 15.09794807434082,
    "F0430": 15.031044960021973,
    "F0475_gSDSS": 14.815826416015625,
    "F0515": 14.692187309265137,
    "F0626_rSDSS": 14.484356880187988,
    "F0660": 14.476797103881836,
    "F0769_iSDSS": 14.400530815124512,
    "F0861": 14.39595890045166,
    "F0883_zSDSS": 14.383152961730957
}