{
    "id": "gaia_xp_spectrum_6141514100378531072-Ref",
    "F0352_uJAVA": 16.928119659423828,
    "F0378": 16.77789306640625,
    "F0395": 16.63755989074707,
    "F0410": 16.07111358642578,
    "F0430": 16.03394889831543,
    "F0475_gSDSS": 15.612438201904297,
    "F0515": 15.424773216247559,
    "F0626_rSDSS": 15.05982780456543,
    "F0660": 15.008829116821289,
    "F0769_iSDSS": 14.880132675170898,
    "F0861": 14.832501411437988,
    "F0883_zSDSS": 14.811751365661621
}