{
    "id": "gaia_xp_spectrum_6141509972913528704-Ref",
    "F0352_uJAVA": 16.736675262451172,
    "F0378": 16.500652313232422,
    "F0395": 16.48457145690918,
    "F0410": 15.97629165649414,
    "F0430": 15.901419639587402,
    "F0475_gSDSS": 15.497570037841797,
    "F0515": 15.304452896118164,
    "F0626_rSDSS": 14.927919387817383,
    "F0660": 14.869179725646973,
    "F0769_iSDSS": 14.723883628845215,
    "F0861": 14.664063453674316,
    "F0883_zSDSS": 14.633524894714355
}