{
    "id": "gaia_xp_spectrum_6141522655953374976-Ref",
    "F0352_uJAVA": 15.739521026611328,
    "F0378": 15.49272632598877,
    "F0395": 15.450825691223145,
    "F0410": 14.887361526489258,
    "F0430": 14.805621147155762,
    "F0475_gSDSS": 14.475374221801758,
    "F0515": 14.312162399291992,
    "F0626_rSDSS": 14.012495994567871,
    "F0660": 13.98330307006836,
    "F0769_iSDSS": 13.883996963500977,
    "F0861": 13.867729187011719,
    "F0883_zSDSS": 13.848153114318848
}