{
    "id": "gaia_xp_spectrum_6141512691629239040-Ref",
    "F0352_uJAVA": 16.36808967590332,
    "F0378": 16.086387634277344,
    "F0395": 15.940278053283691,
    "F0410": 15.715414047241211,
    "F0430": 15.577573776245117,
    "F0475_gSDSS": 15.299555778503418,
    "F0515": 15.124232292175293,
    "F0626_rSDSS": 14.761638641357422,
    "F0660": 14.69520092010498,
    "F0769_iSDSS": 14.542094230651855,
    "F0861": 14.450671195983887,
    "F0883_zSDSS": 14.434157371520996
}