{
    "id": "gaia_xp_spectrum_6141516299401783424-Ref",
    "F0352_uJAVA": 16.522253036499023,
    "F0378": 16.464845657348633,
    "F0395": 16.28583335876465,
    "F0410": 15.675690650939941,
    "F0430": 15.642416954040527,
    "F0475_gSDSS": 15.209553718566895,
    "F0515": 15.03980541229248,
    "F0626_rSDSS": 14.634783744812012,
    "F0660": 14.571962356567383,
    "F0769_iSDSS": 14.436949729919434,
    "F0861": 14.380168914794922,
    "F0883_zSDSS": 14.34817123413086
}