{
    "id": "gaia_xp_spectrum_6141322441758073088-Ref",
    "F0352_uJAVA": 16.45598793029785,
    "F0378": 16.3034725189209,
    "F0395": 16.342693328857422,
    "F0410": 15.68822193145752,
    "F0430": 15.640153884887695,
    "F0475_gSDSS": 15.144070625305176,
    "F0515": 14.931963920593262,
    "F0626_rSDSS": 14.481621742248535,
    "F0660": 14.397814750671387,
    "F0769_iSDSS": 14.231414794921875,
    "F0861": 14.147156715393066,
    "F0883_zSDSS": 14.112862586975098
}