{
    "id": "gaia_xp_spectrum_6141524683177936640-Ref",
    "F0352_uJAVA": 16.16299819946289,
    "F0378": 15.924370765686035,
    "F0395": 15.768657684326172,
    "F0410": 15.390548706054688,
    "F0430": 15.311173439025879,
    "F0475_gSDSS": 15.04879093170166,
    "F0515": 14.916529655456543,
    "F0626_rSDSS": 14.654586791992188,
    "F0660": 14.628632545471191,
    "F0769_iSDSS": 14.542313575744629,
    "F0861": 14.534924507141113,
    "F0883_zSDSS": 14.512746810913086
}