{
    "id": "gaia_xp_spectrum_6141505647882865408-Ref",
    "F0352_uJAVA": 16.622312545776367,
    "F0378": 16.457311630249023,
    "F0395": 16.402748107910156,
    "F0410": 15.776291847229004,
    "F0430": 15.724518775939941,
    "F0475_gSDSS": 15.28880500793457,
    "F0515": 15.102765083312988,
    "F0626_rSDSS": 14.719583511352539,
    "F0660": 14.656529426574707,
    "F0769_iSDSS": 14.536090850830078,
    "F0861": 14.486148834228516,
    "F0883_zSDSS": 14.45882511138916
}