{
    "id": "gaia_xp_spectrum_6141510320807290112-Ref",
    "F0352_uJAVA": 16.769268035888672,
    "F0378": 16.474435806274414,
    "F0395": 16.39324951171875,
    "F0410": 16.032190322875977,
    "F0430": 15.984536170959473,
    "F0475_gSDSS": 15.679896354675293,
    "F0515": 15.50117301940918,
    "F0626_rSDSS": 15.228339195251465,
    "F0660": 15.186027526855469,
    "F0769_iSDSS": 15.078692436218262,
    "F0861": 15.038482666015625,
    "F0883_zSDSS": 15.023777961730957
}