{
    "id": "gaia_xp_spectrum_6141573714524911744-Ref",
    "F0352_uJAVA": 16.87305450439453,
    "F0378": 16.61058807373047,
    "F0395": 16.431644439697266,
    "F0410": 16.174074172973633,
    "F0430": 16.09325408935547,
    "F0475_gSDSS": 15.9030122756958,
    "F0515": 15.756258964538574,
    "F0626_rSDSS": 15.554518699645996,
    "F0660": 15.535874366760254,
    "F0769_iSDSS": 15.431946754455566,
    "F0861": 15.409226417541504,
    "F0883_zSDSS": 15.39250373840332
}