{
    "id": "gaia_xp_spectrum_6141522174917040896-Ref",
    "F0352_uJAVA": 16.868026733398438,
    "F0378": 16.714704513549805,
    "F0395": 16.66963005065918,
    "F0410": 16.06810760498047,
    "F0430": 16.03463363647461,
    "F0475_gSDSS": 15.605387687683105,
    "F0515": 15.427481651306152,
    "F0626_rSDSS": 15.055646896362305,
    "F0660": 15.007503509521484,
    "F0769_iSDSS": 14.870134353637695,
    "F0861": 14.833088874816895,
    "F0883_zSDSS": 14.798967361450195
}