{
    "id": "gaia_xp_spectrum_6141573748884648064-Ref",
    "F0352_uJAVA": 16.737342834472656,
    "F0378": 16.730709075927734,
    "F0395": 16.62902069091797,
    "F0410": 15.85908317565918,
    "F0430": 15.723105430603027,
    "F0475_gSDSS": 15.156245231628418,
    "F0515": 14.911336898803711,
    "F0626_rSDSS": 14.397189140319824,
    "F0660": 14.306376457214355,
    "F0769_iSDSS": 14.115111351013184,
    "F0861": 14.007369995117188,
    "F0883_zSDSS": 13.97053337097168
}