{
    "id": "gaia_xp_spectrum_6141512519830547840-Ref",
    "F0352_uJAVA": 15.795459747314453,
    "F0378": 15.672688484191895,
    "F0395": 15.614638328552246,
    "F0410": 15.089143753051758,
    "F0430": 15.063529968261719,
    "F0475_gSDSS": 14.703248023986816,
    "F0515": 14.537637710571289,
    "F0626_rSDSS": 14.225638389587402,
    "F0660": 14.18142032623291,
    "F0769_iSDSS": 14.07448673248291,
    "F0861": 14.044251441955566,
    "F0883_zSDSS": 14.01700210571289
}