{
    "id": "gaia_xp_spectrum_6141509427454089472-Ref",
    "F0352_uJAVA": 16.338788986206055,
    "F0378": 16.167118072509766,
    "F0395": 16.01665496826172,
    "F0410": 15.604606628417969,
    "F0430": 15.543140411376953,
    "F0475_gSDSS": 15.252910614013672,
    "F0515": 15.097797393798828,
    "F0626_rSDSS": 14.809897422790527,
    "F0660": 14.773597717285156,
    "F0769_iSDSS": 14.66462516784668,
    "F0861": 14.637360572814941,
    "F0883_zSDSS": 14.612090110778809
}