{
    "id": "gaia_xp_spectrum_6141504342212800512-Ref",
    "F0352_uJAVA": 16.34602928161621,
    "F0378": 16.2329044342041,
    "F0395": 16.101749420166016,
    "F0410": 15.436986923217773,
    "F0430": 15.371618270874023,
    "F0475_gSDSS": 14.925535202026367,
    "F0515": 14.725850105285645,
    "F0626_rSDSS": 14.362311363220215,
    "F0660": 14.312867164611816,
    "F0769_iSDSS": 14.209586143493652,
    "F0861": 14.182077407836914,
    "F0883_zSDSS": 14.151105880737305
}