{
    "id": "gaia_xp_spectrum_6141529527901073408-Ref",
    "F0352_uJAVA": 16.219154357910156,
    "F0378": 16.187702178955078,
    "F0395": 16.055864334106445,
    "F0410": 15.317012786865234,
    "F0430": 15.237115859985352,
    "F0475_gSDSS": 14.761527061462402,
    "F0515": 14.569960594177246,
    "F0626_rSDSS": 14.164311408996582,
    "F0660": 14.099201202392578,
    "F0769_iSDSS": 13.989330291748047,
    "F0861": 13.941685676574707,
    "F0883_zSDSS": 13.917959213256836
}