{
    "id": "gaia_xp_spectrum_6141575260712854784-Ref",
    "F0352_uJAVA": 16.83315086364746,
    "F0378": 16.554445266723633,
    "F0395": 16.520339965820312,
    "F0410": 16.027299880981445,
    "F0430": 15.918017387390137,
    "F0475_gSDSS": 15.62238597869873,
    "F0515": 15.442636489868164,
    "F0626_rSDSS": 15.142414093017578,
    "F0660": 15.090218544006348,
    "F0769_iSDSS": 14.975245475769043,
    "F0861": 14.939459800720215,
    "F0883_zSDSS": 14.911711692810059
}