{
    "id": "gaia_xp_spectrum_6140939536834099712-Ref",
    "F0352_uJAVA": 16.879270553588867,
    "F0378": 16.83220100402832,
    "F0395": 16.707111358642578,
    "F0410": 16.065710067749023,
    "F0430": 15.991840362548828,
    "F0475_gSDSS": 15.55163288116455,
    "F0515": 15.3557710647583,
    "F0626_rSDSS": 14.949000358581543,
    "F0660": 14.8832368850708,
    "F0769_iSDSS": 14.747241020202637,
    "F0861": 14.693703651428223,
    "F0883_zSDSS": 14.663372039794922
}