{
    "id": "gaia_xp_spectrum_6141322300022606976-Ref",
    "F0352_uJAVA": 16.922683715820312,
    "F0378": 16.707473754882812,
    "F0395": 16.6143856048584,
    "F0410": 16.267398834228516,
    "F0430": 16.17672348022461,
    "F0475_gSDSS": 15.872258186340332,
    "F0515": 15.713983535766602,
    "F0626_rSDSS": 15.39967155456543,
    "F0660": 15.353706359863281,
    "F0769_iSDSS": 15.226949691772461,
    "F0861": 15.183877944946289,
    "F0883_zSDSS": 15.166422843933105
}