{
    "id": "gaia_xp_spectrum_6141517914309493760-Ref",
    "F0352_uJAVA": 16.957313537597656,
    "F0378": 16.868581771850586,
    "F0395": 16.711210250854492,
    "F0410": 16.13686752319336,
    "F0430": 16.06774139404297,
    "F0475_gSDSS": 15.676763534545898,
    "F0515": 15.509831428527832,
    "F0626_rSDSS": 15.139199256896973,
    "F0660": 15.083998680114746,
    "F0769_iSDSS": 14.960245132446289,
    "F0861": 14.917739868164062,
    "F0883_zSDSS": 14.891879081726074
}