{
    "id": "gaia_xp_spectrum_6141518807662710016-Ref",
    "F0352_uJAVA": 16.42948341369629,
    "F0378": 16.213319778442383,
    "F0395": 16.140344619750977,
    "F0410": 15.597219467163086,
    "F0430": 15.526930809020996,
    "F0475_gSDSS": 15.177885055541992,
    "F0515": 14.99327564239502,
    "F0626_rSDSS": 14.680880546569824,
    "F0660": 14.624372482299805,
    "F0769_iSDSS": 14.533844947814941,
    "F0861": 14.49836254119873,
    "F0883_zSDSS": 14.4818754196167
}