{
    "id": "gaia_xp_spectrum_6141523377507897088-Ref",
    "F0352_uJAVA": 16.441287994384766,
    "F0378": 16.242584228515625,
    "F0395": 16.154449462890625,
    "F0410": 15.663612365722656,
    "F0430": 15.630961418151855,
    "F0475_gSDSS": 15.2545804977417,
    "F0515": 15.073016166687012,
    "F0626_rSDSS": 14.744831085205078,
    "F0660": 14.699027061462402,
    "F0769_iSDSS": 14.566011428833008,
    "F0861": 14.513050079345703,
    "F0883_zSDSS": 14.489472389221191
}