{
    "id": "gaia_xp_spectrum_6141521556441735808-Ref",
    "F0352_uJAVA": 16.527637481689453,
    "F0378": 16.275875091552734,
    "F0395": 16.244041442871094,
    "F0410": 15.677835464477539,
    "F0430": 15.625211715698242,
    "F0475_gSDSS": 15.26722526550293,
    "F0515": 15.09057903289795,
    "F0626_rSDSS": 14.760309219360352,
    "F0660": 14.724352836608887,
    "F0769_iSDSS": 14.601899147033691,
    "F0861": 14.571640968322754,
    "F0883_zSDSS": 14.539204597473145
}