{
    "id": "gaia_xp_spectrum_6141521796959909248-Ref",
    "F0352_uJAVA": 16.98746681213379,
    "F0378": 16.74777603149414,
    "F0395": 16.679784774780273,
    "F0410": 16.125232696533203,
    "F0430": 16.059551239013672,
    "F0475_gSDSS": 15.690574645996094,
    "F0515": 15.50317096710205,
    "F0626_rSDSS": 15.180598258972168,
    "F0660": 15.156588554382324,
    "F0769_iSDSS": 15.014427185058594,
    "F0861": 14.976705551147461,
    "F0883_zSDSS": 14.955964088439941
}