{
    "id": "gaia_xp_spectrum_6141506953552914048-Ref",
    "F0352_uJAVA": 17.160324096679688,
    "F0378": 17.03955841064453,
    "F0395": 16.934064865112305,
    "F0410": 16.340078353881836,
    "F0430": 16.25179100036621,
    "F0475_gSDSS": 15.870142936706543,
    "F0515": 15.708687782287598,
    "F0626_rSDSS": 15.349601745605469,
    "F0660": 15.300151824951172,
    "F0769_iSDSS": 15.198556900024414,
    "F0861": 15.173840522766113,
    "F0883_zSDSS": 15.145917892456055
}