{
    "id": "gaia_xp_spectrum_6141150604411088256-Ref",
    "F0352_uJAVA": 17.04497528076172,
    "F0378": 16.898263931274414,
    "F0395": 16.89105987548828,
    "F0410": 16.212541580200195,
    "F0430": 16.182918548583984,
    "F0475_gSDSS": 15.764090538024902,
    "F0515": 15.590853691101074,
    "F0626_rSDSS": 15.218084335327148,
    "F0660": 15.155224800109863,
    "F0769_iSDSS": 15.035781860351562,
    "F0861": 14.999713897705078,
    "F0883_zSDSS": 14.964242935180664
}