{
    "id": "gaia_xp_spectrum_6141512829068198656-Ref",
    "F0352_uJAVA": 17.03384780883789,
    "F0378": 16.851465225219727,
    "F0395": 16.608745574951172,
    "F0410": 16.216819763183594,
    "F0430": 16.16891098022461,
    "F0475_gSDSS": 15.903388977050781,
    "F0515": 15.732122421264648,
    "F0626_rSDSS": 15.529030799865723,
    "F0660": 15.520679473876953,
    "F0769_iSDSS": 15.420708656311035,
    "F0861": 15.395833015441895,
    "F0883_zSDSS": 15.388431549072266
}