{
    "id": "gaia_xp_spectrum_6141518322330110080-Ref",
    "F0352_uJAVA": 16.495786666870117,
    "F0378": 16.15325164794922,
    "F0395": 15.915180206298828,
    "F0410": 15.568512916564941,
    "F0430": 15.472757339477539,
    "F0475_gSDSS": 15.306074142456055,
    "F0515": 15.184470176696777,
    "F0626_rSDSS": 15.038064002990723,
    "F0660": 15.051579475402832,
    "F0769_iSDSS": 14.98715877532959,
    "F0861": 15.000082969665527,
    "F0883_zSDSS": 14.985054016113281
}