{
    "id": "gaia_xp_spectrum_6141315432371431552-Ref",
    "F0352_uJAVA": 16.467504501342773,
    "F0378": 16.44084358215332,
    "F0395": 16.32864761352539,
    "F0410": 15.5314359664917,
    "F0430": 15.434977531433105,
    "F0475_gSDSS": 14.874154090881348,
    "F0515": 14.664475440979004,
    "F0626_rSDSS": 14.16408920288086,
    "F0660": 14.076906204223633,
    "F0769_iSDSS": 13.930984497070312,
    "F0861": 13.855742454528809,
    "F0883_zSDSS": 13.821212768554688
}