{
    "id": "gaia_xp_spectrum_6141521625161214208-Ref",
    "F0352_uJAVA": 15.954465866088867,
    "F0378": 15.812767028808594,
    "F0395": 15.72882080078125,
    "F0410": 15.125764846801758,
    "F0430": 15.090458869934082,
    "F0475_gSDSS": 14.68118953704834,
    "F0515": 14.503841400146484,
    "F0626_rSDSS": 14.132197380065918,
    "F0660": 14.080872535705566,
    "F0769_iSDSS": 13.941703796386719,
    "F0861": 13.888439178466797,
    "F0883_zSDSS": 13.865876197814941
}