{
    "id": "gaia_xp_spectrum_6141517467632900736-Ref",
    "F0352_uJAVA": 16.66609764099121,
    "F0378": 16.43386459350586,
    "F0395": 16.422510147094727,
    "F0410": 15.972015380859375,
    "F0430": 15.907872200012207,
    "F0475_gSDSS": 15.582545280456543,
    "F0515": 15.40101146697998,
    "F0626_rSDSS": 15.111050605773926,
    "F0660": 15.056463241577148,
    "F0769_iSDSS": 14.949493408203125,
    "F0861": 14.909934997558594,
    "F0883_zSDSS": 14.886282920837402
}