{
    "id": "gaia_xp_spectrum_6141127308507854976-Ref",
    "F0352_uJAVA": 17.019359588623047,
    "F0378": 16.93770408630371,
    "F0395": 16.877731323242188,
    "F0410": 16.264944076538086,
    "F0430": 16.202104568481445,
    "F0475_gSDSS": 15.7939453125,
    "F0515": 15.621018409729004,
    "F0626_rSDSS": 15.238788604736328,
    "F0660": 15.175806999206543,
    "F0769_iSDSS": 15.064216613769531,
    "F0861": 15.026992797851562,
    "F0883_zSDSS": 14.990880966186523
}