{
    "id": "gaia_xp_spectrum_6141145145508278784-Ref",
    "F0352_uJAVA": 15.99813461303711,
    "F0378": 15.777853965759277,
    "F0395": 15.660051345825195,
    "F0410": 15.2079496383667,
    "F0430": 15.115735054016113,
    "F0475_gSDSS": 14.85572338104248,
    "F0515": 14.715662956237793,
    "F0626_rSDSS": 14.451994895935059,
    "F0660": 14.43432331085205,
    "F0769_iSDSS": 14.334274291992188,
    "F0861": 14.331435203552246,
    "F0883_zSDSS": 14.302878379821777
}