{
    "id": "gaia_xp_spectrum_6141508190503500928-Ref",
    "F0352_uJAVA": 15.505725860595703,
    "F0378": 15.252569198608398,
    "F0395": 15.126026153564453,
    "F0410": 14.749130249023438,
    "F0430": 14.682696342468262,
    "F0475_gSDSS": 14.420122146606445,
    "F0515": 14.272851943969727,
    "F0626_rSDSS": 14.028177261352539,
    "F0660": 14.004085540771484,
    "F0769_iSDSS": 13.901900291442871,
    "F0861": 13.881179809570312,
    "F0883_zSDSS": 13.864654541015625
}