{
    "id": "gaia_xp_spectrum_6141527466316775808-Ref",
    "F0352_uJAVA": 17.160167694091797,
    "F0378": 16.915538787841797,
    "F0395": 16.858692169189453,
    "F0410": 16.373701095581055,
    "F0430": 16.29841423034668,
    "F0475_gSDSS": 15.992362976074219,
    "F0515": 15.825525283813477,
    "F0626_rSDSS": 15.552169799804688,
    "F0660": 15.517411231994629,
    "F0769_iSDSS": 15.413869857788086,
    "F0861": 15.403615951538086,
    "F0883_zSDSS": 15.374049186706543
}