{
    "id": "gaia_xp_spectrum_6141129546187074176-Ref",
    "F0352_uJAVA": 16.29856300354004,
    "F0378": 16.27262306213379,
    "F0395": 16.130788803100586,
    "F0410": 15.458892822265625,
    "F0430": 15.367801666259766,
    "F0475_gSDSS": 14.91619873046875,
    "F0515": 14.741678237915039,
    "F0626_rSDSS": 14.332927703857422,
    "F0660": 14.275120735168457,
    "F0769_iSDSS": 14.166718482971191,
    "F0861": 14.131133079528809,
    "F0883_zSDSS": 14.099539756774902
}