{
    "id": "gaia_xp_spectrum_6140939502474361088-Ref",
    "F0352_uJAVA": 17.083980560302734,
    "F0378": 16.985164642333984,
    "F0395": 16.888736724853516,
    "F0410": 16.276315689086914,
    "F0430": 16.251989364624023,
    "F0475_gSDSS": 15.801568031311035,
    "F0515": 15.60472297668457,
    "F0626_rSDSS": 15.228360176086426,
    "F0660": 15.161022186279297,
    "F0769_iSDSS": 15.039759635925293,
    "F0861": 14.99569320678711,
    "F0883_zSDSS": 14.9620361328125
}