{
    "id": "gaia_xp_spectrum_6141131431676612736-Ref",
    "F0352_uJAVA": 16.621353149414062,
    "F0378": 16.544082641601562,
    "F0395": 16.375276565551758,
    "F0410": 15.805378913879395,
    "F0430": 15.751751899719238,
    "F0475_gSDSS": 15.346384048461914,
    "F0515": 15.165238380432129,
    "F0626_rSDSS": 14.818650245666504,
    "F0660": 14.78033447265625,
    "F0769_iSDSS": 14.66939926147461,
    "F0861": 14.637551307678223,
    "F0883_zSDSS": 14.610710144042969
}