{
    "id": "gaia_xp_spectrum_6141525610890873984-Ref",
    "F0352_uJAVA": 17.12375259399414,
    "F0378": 16.83493995666504,
    "F0395": 16.870285034179688,
    "F0410": 16.33715057373047,
    "F0430": 16.306888580322266,
    "F0475_gSDSS": 15.948458671569824,
    "F0515": 15.760895729064941,
    "F0626_rSDSS": 15.474291801452637,
    "F0660": 15.455641746520996,
    "F0769_iSDSS": 15.319817543029785,
    "F0861": 15.3120756149292,
    "F0883_zSDSS": 15.275229454040527
}