{
    "id": "gaia_xp_spectrum_6141522999550765696-Ref",
    "F0352_uJAVA": 16.8612060546875,
    "F0378": 16.844207763671875,
    "F0395": 16.784954071044922,
    "F0410": 16.024682998657227,
    "F0430": 15.91627311706543,
    "F0475_gSDSS": 15.313725471496582,
    "F0515": 15.107887268066406,
    "F0626_rSDSS": 14.52237606048584,
    "F0660": 14.427107810974121,
    "F0769_iSDSS": 14.224617004394531,
    "F0861": 14.121874809265137,
    "F0883_zSDSS": 14.075711250305176
}