{
    "id": "gaia_xp_spectrum_6141147172732858368-Ref",
    "F0352_uJAVA": 16.869224548339844,
    "F0378": 16.69888687133789,
    "F0395": 16.57687759399414,
    "F0410": 16.01039695739746,
    "F0430": 15.975317001342773,
    "F0475_gSDSS": 15.596616744995117,
    "F0515": 15.411160469055176,
    "F0626_rSDSS": 15.07091999053955,
    "F0660": 15.040807723999023,
    "F0769_iSDSS": 14.897932052612305,
    "F0861": 14.855911254882812,
    "F0883_zSDSS": 14.82863998413086
}