{
    "id": "gaia_xp_spectrum_6141512348031864448-Ref",
    "F0352_uJAVA": 17.05095863342285,
    "F0378": 16.965740203857422,
    "F0395": 16.853973388671875,
    "F0410": 16.235170364379883,
    "F0430": 16.176437377929688,
    "F0475_gSDSS": 15.775540351867676,
    "F0515": 15.59923267364502,
    "F0626_rSDSS": 15.239441871643066,
    "F0660": 15.197142601013184,
    "F0769_iSDSS": 15.060953140258789,
    "F0861": 15.026750564575195,
    "F0883_zSDSS": 14.992642402648926
}