{
    "id": "gaia_xp_spectrum_6141130572683132928-Ref",
    "F0352_uJAVA": 17.337604522705078,
    "F0378": 16.759536743164062,
    "F0395": 16.444725036621094,
    "F0410": 16.2233943939209,
    "F0430": 16.202350616455078,
    "F0475_gSDSS": 16.120838165283203,
    "F0515": 16.192190170288086,
    "F0626_rSDSS": 15.820087432861328,
    "F0660": 15.830072402954102,
    "F0769_iSDSS": 15.746665954589844,
    "F0861": 15.731060981750488,
    "F0883_zSDSS": 15.710808753967285
}