{
    "id": "gaia_xp_spectrum_6141145592184876928-Ref",
    "F0352_uJAVA": 16.64079475402832,
    "F0378": 16.514101028442383,
    "F0395": 16.37934684753418,
    "F0410": 15.817207336425781,
    "F0430": 15.728555679321289,
    "F0475_gSDSS": 15.291111946105957,
    "F0515": 15.104521751403809,
    "F0626_rSDSS": 14.69802188873291,
    "F0660": 14.63832950592041,
    "F0769_iSDSS": 14.492622375488281,
    "F0861": 14.426305770874023,
    "F0883_zSDSS": 14.401866912841797
}