{
    "id": "gaia_xp_spectrum_6141197097432627968-Ref",
    "F0352_uJAVA": 16.28502655029297,
    "F0378": 16.086750030517578,
    "F0395": 16.063796997070312,
    "F0410": 15.458282470703125,
    "F0430": 15.428472518920898,
    "F0475_gSDSS": 15.031465530395508,
    "F0515": 14.860976219177246,
    "F0626_rSDSS": 14.515175819396973,
    "F0660": 14.465265274047852,
    "F0769_iSDSS": 14.342025756835938,
    "F0861": 14.30153751373291,
    "F0883_zSDSS": 14.278031349182129
}