{
    "id": "gaia_xp_spectrum_6141575123273895552-Ref",
    "F0352_uJAVA": 16.917388916015625,
    "F0378": 16.769126892089844,
    "F0395": 16.771648406982422,
    "F0410": 16.13382339477539,
    "F0430": 16.13211441040039,
    "F0475_gSDSS": 15.74866771697998,
    "F0515": 15.575121879577637,
    "F0626_rSDSS": 15.253630638122559,
    "F0660": 15.209878921508789,
    "F0769_iSDSS": 15.09567928314209,
    "F0861": 15.066187858581543,
    "F0883_zSDSS": 15.038517951965332
}