{
    "id": "gaia_xp_spectrum_6141515062451212416-Ref",
    "F0352_uJAVA": 17.792531967163086,
    "F0378": 17.210554122924805,
    "F0395": 16.89128303527832,
    "F0410": 16.7016658782959,
    "F0430": 16.63870620727539,
    "F0475_gSDSS": 16.440649032592773,
    "F0515": 16.334985733032227,
    "F0626_rSDSS": 16.047439575195312,
    "F0660": 15.996514320373535,
    "F0769_iSDSS": 15.894357681274414,
    "F0861": 15.844338417053223,
    "F0883_zSDSS": 15.818315505981445
}