{
    "id": "gaia_xp_spectrum_6141505231269568256-Ref",
    "F0352_uJAVA": 17.101341247558594,
    "F0378": 17.060075759887695,
    "F0395": 16.90077018737793,
    "F0410": 16.20242691040039,
    "F0430": 16.206890106201172,
    "F0475_gSDSS": 15.764110565185547,
    "F0515": 15.591631889343262,
    "F0626_rSDSS": 15.220014572143555,
    "F0660": 15.165821075439453,
    "F0769_iSDSS": 15.057153701782227,
    "F0861": 15.019721984863281,
    "F0883_zSDSS": 14.992314338684082
}