{
    "id": "gaia_xp_spectrum_6141510252087811072-Ref",
    "F0352_uJAVA": 16.84417724609375,
    "F0378": 16.734237670898438,
    "F0395": 16.599210739135742,
    "F0410": 16.09775733947754,
    "F0430": 16.057796478271484,
    "F0475_gSDSS": 15.721628189086914,
    "F0515": 15.573920249938965,
    "F0626_rSDSS": 15.252766609191895,
    "F0660": 15.220438957214355,
    "F0769_iSDSS": 15.118337631225586,
    "F0861": 15.079568862915039,
    "F0883_zSDSS": 15.066972732543945
}