{
    "id": "gaia_xp_spectrum_6141148134805446144-Ref",
    "F0352_uJAVA": 16.261611938476562,
    "F0378": 15.978482246398926,
    "F0395": 15.914911270141602,
    "F0410": 15.44388484954834,
    "F0430": 15.382150650024414,
    "F0475_gSDSS": 15.147079467773438,
    "F0515": 15.014143943786621,
    "F0626_rSDSS": 14.784602165222168,
    "F0660": 14.76396369934082,
    "F0769_iSDSS": 14.684537887573242,
    "F0861": 14.673803329467773,
    "F0883_zSDSS": 14.663620948791504
}