{
    "id": "gaia_xp_spectrum_6141322544837285120-Ref",
    "F0352_uJAVA": 16.706785202026367,
    "F0378": 16.636188507080078,
    "F0395": 16.57018280029297,
    "F0410": 15.761237144470215,
    "F0430": 15.61953353881836,
    "F0475_gSDSS": 14.973618507385254,
    "F0515": 14.72002124786377,
    "F0626_rSDSS": 14.155485153198242,
    "F0660": 14.05943775177002,
    "F0769_iSDSS": 13.864164352416992,
    "F0861": 13.755797386169434,
    "F0883_zSDSS": 13.712844848632812
}