{
    "id": "gaia_xp_spectrum_6141145592184876032-Ref",
    "F0352_uJAVA": 16.915821075439453,
    "F0378": 16.813779830932617,
    "F0395": 16.67755126953125,
    "F0410": 16.075347900390625,
    "F0430": 16.026342391967773,
    "F0475_gSDSS": 15.625762939453125,
    "F0515": 15.446120262145996,
    "F0626_rSDSS": 15.097079277038574,
    "F0660": 15.043875694274902,
    "F0769_iSDSS": 14.935310363769531,
    "F0861": 14.90027904510498,
    "F0883_zSDSS": 14.877679824829102
}