{
    "id": "gaia_xp_spectrum_6141149852792368000-Ref",
    "F0352_uJAVA": 17.193828582763672,
    "F0378": 17.117380142211914,
    "F0395": 16.879018783569336,
    "F0410": 16.41867446899414,
    "F0430": 16.403507232666016,
    "F0475_gSDSS": 16.06057357788086,
    "F0515": 15.942545890808105,
    "F0626_rSDSS": 15.599491119384766,
    "F0660": 15.549160957336426,
    "F0769_iSDSS": 15.447205543518066,
    "F0861": 15.414523124694824,
    "F0883_zSDSS": 15.391921997070312
}