{
    "id": "gaia_xp_spectrum_6141149234317145728-Ref",
    "F0352_uJAVA": 16.081615447998047,
    "F0378": 15.945389747619629,
    "F0395": 15.856012344360352,
    "F0410": 15.224620819091797,
    "F0430": 15.146096229553223,
    "F0475_gSDSS": 14.750646591186523,
    "F0515": 14.569853782653809,
    "F0626_rSDSS": 14.21397876739502,
    "F0660": 14.160107612609863,
    "F0769_iSDSS": 14.050264358520508,
    "F0861": 14.020895957946777,
    "F0883_zSDSS": 13.992295265197754
}