{
    "id": "gaia_xp_spectrum_6141130680058413696-Ref",
    "F0352_uJAVA": 16.230388641357422,
    "F0378": 15.98914909362793,
    "F0395": 15.755305290222168,
    "F0410": 15.429201126098633,
    "F0430": 15.354256629943848,
    "F0475_gSDSS": 15.146493911743164,
    "F0515": 15.020740509033203,
    "F0626_rSDSS": 14.814114570617676,
    "F0660": 14.799917221069336,
    "F0769_iSDSS": 14.72785758972168,
    "F0861": 14.731863975524902,
    "F0883_zSDSS": 14.711592674255371
}