{
    "id": "gaia_xp_spectrum_6141508912058011520-Ref",
    "F0352_uJAVA": 16.030961990356445,
    "F0378": 15.834081649780273,
    "F0395": 15.843207359313965,
    "F0410": 15.199769973754883,
    "F0430": 15.129475593566895,
    "F0475_gSDSS": 14.756278991699219,
    "F0515": 14.586902618408203,
    "F0626_rSDSS": 14.252185821533203,
    "F0660": 14.205415725708008,
    "F0769_iSDSS": 14.100749969482422,
    "F0861": 14.081255912780762,
    "F0883_zSDSS": 14.051027297973633
}