{
    "id": "gaia_xp_spectrum_6141322682276241792-Ref",
    "F0352_uJAVA": 16.33283805847168,
    "F0378": 16.291461944580078,
    "F0395": 16.2568302154541,
    "F0410": 15.452288627624512,
    "F0430": 15.340845108032227,
    "F0475_gSDSS": 14.839202880859375,
    "F0515": 14.676323890686035,
    "F0626_rSDSS": 14.20803165435791,
    "F0660": 14.136981964111328,
    "F0769_iSDSS": 14.022211074829102,
    "F0861": 13.976760864257812,
    "F0883_zSDSS": 13.948270797729492
}