{
    "id": "gaia_xp_spectrum_6141573508366481152-Ref",
    "F0352_uJAVA": 16.590591430664062,
    "F0378": 16.54452133178711,
    "F0395": 16.4986629486084,
    "F0410": 15.81236743927002,
    "F0430": 15.76753044128418,
    "F0475_gSDSS": 15.302499771118164,
    "F0515": 15.128440856933594,
    "F0626_rSDSS": 14.70462703704834,
    "F0660": 14.636624336242676,
    "F0769_iSDSS": 14.507083892822266,
    "F0861": 14.458236694335938,
    "F0883_zSDSS": 14.424760818481445
}