{
    "id": "gaia_xp_spectrum_6141131539051876608-Ref",
    "F0352_uJAVA": 16.863271713256836,
    "F0378": 16.719730377197266,
    "F0395": 16.658519744873047,
    "F0410": 16.007762908935547,
    "F0430": 15.943594932556152,
    "F0475_gSDSS": 15.52014446258545,
    "F0515": 15.331351280212402,
    "F0626_rSDSS": 14.94979476928711,
    "F0660": 14.907960891723633,
    "F0769_iSDSS": 14.77636432647705,
    "F0861": 14.736748695373535,
    "F0883_zSDSS": 14.708785057067871
}