{
    "id": "gaia_xp_spectrum_6141503345780383488-Ref",
    "F0352_uJAVA": 16.172496795654297,
    "F0378": 16.011396408081055,
    "F0395": 15.943148612976074,
    "F0410": 15.404192924499512,
    "F0430": 15.354706764221191,
    "F0475_gSDSS": 14.990385055541992,
    "F0515": 14.803901672363281,
    "F0626_rSDSS": 14.497406005859375,
    "F0660": 14.456249237060547,
    "F0769_iSDSS": 14.349517822265625,
    "F0861": 14.31399154663086,
    "F0883_zSDSS": 14.29310417175293
}