{
    "id": "gaia_xp_spectrum_6141517948669234048-Ref",
    "F0352_uJAVA": 16.386802673339844,
    "F0378": 16.192209243774414,
    "F0395": 16.03495216369629,
    "F0410": 15.594117164611816,
    "F0430": 15.545591354370117,
    "F0475_gSDSS": 15.212530136108398,
    "F0515": 15.045361518859863,
    "F0626_rSDSS": 14.737375259399414,
    "F0660": 14.703547477722168,
    "F0769_iSDSS": 14.576797485351562,
    "F0861": 14.532471656799316,
    "F0883_zSDSS": 14.514749526977539
}