{
    "id": "gaia_xp_spectrum_6141534132106040192-Ref",
    "F0352_uJAVA": 16.913209915161133,
    "F0378": 16.891620635986328,
    "F0395": 16.613401412963867,
    "F0410": 16.004066467285156,
    "F0430": 15.846324920654297,
    "F0475_gSDSS": 15.48701286315918,
    "F0515": 15.303434371948242,
    "F0626_rSDSS": 14.967900276184082,
    "F0660": 14.945473670959473,
    "F0769_iSDSS": 14.828947067260742,
    "F0861": 14.795872688293457,
    "F0883_zSDSS": 14.77865219116211
}