{
    "id": "gaia_xp_spectrum_6141505677946179840-Ref",
    "F0352_uJAVA": 16.599035263061523,
    "F0378": 16.550228118896484,
    "F0395": 16.35576057434082,
    "F0410": 15.726489067077637,
    "F0430": 15.652538299560547,
    "F0475_gSDSS": 15.187670707702637,
    "F0515": 14.988222122192383,
    "F0626_rSDSS": 14.560111045837402,
    "F0660": 14.505666732788086,
    "F0769_iSDSS": 14.33828353881836,
    "F0861": 14.26827621459961,
    "F0883_zSDSS": 14.239574432373047
}