{
    "id": "gaia_xp_spectrum_6141503139621953024-Ref",
    "F0352_uJAVA": 17.3276309967041,
    "F0378": 17.026044845581055,
    "F0395": 16.900131225585938,
    "F0410": 16.45722007751465,
    "F0430": 16.381132125854492,
    "F0475_gSDSS": 16.144895553588867,
    "F0515": 15.99201488494873,
    "F0626_rSDSS": 15.764946937561035,
    "F0660": 15.751970291137695,
    "F0769_iSDSS": 15.651751518249512,
    "F0861": 15.636194229125977,
    "F0883_zSDSS": 15.609925270080566
}