{
    "id": "gaia_xp_spectrum_6141146210660168960-Ref",
    "F0352_uJAVA": 16.94815444946289,
    "F0378": 16.932329177856445,
    "F0395": 16.698619842529297,
    "F0410": 16.037931442260742,
    "F0430": 15.966344833374023,
    "F0475_gSDSS": 15.50413990020752,
    "F0515": 15.305420875549316,
    "F0626_rSDSS": 14.890724182128906,
    "F0660": 14.827800750732422,
    "F0769_iSDSS": 14.683581352233887,
    "F0861": 14.629770278930664,
    "F0883_zSDSS": 14.597496032714844
}