{
    "id": "gaia_xp_spectrum_6141132569844030848-Ref",
    "F0352_uJAVA": 16.80607795715332,
    "F0378": 16.75180435180664,
    "F0395": 16.590065002441406,
    "F0410": 15.992541313171387,
    "F0430": 15.933234214782715,
    "F0475_gSDSS": 15.499527931213379,
    "F0515": 15.309846878051758,
    "F0626_rSDSS": 14.940412521362305,
    "F0660": 14.89266586303711,
    "F0769_iSDSS": 14.774245262145996,
    "F0861": 14.739501953125,
    "F0883_zSDSS": 14.712430953979492
}