{
    "id": "gaia_xp_spectrum_6141526950920688000-Ref",
    "F0352_uJAVA": 16.987825393676758,
    "F0378": 16.723970413208008,
    "F0395": 16.792037963867188,
    "F0410": 16.198928833007812,
    "F0430": 16.123241424560547,
    "F0475_gSDSS": 15.794065475463867,
    "F0515": 15.623324394226074,
    "F0626_rSDSS": 15.296223640441895,
    "F0660": 15.265467643737793,
    "F0769_iSDSS": 15.124443054199219,
    "F0861": 15.076531410217285,
    "F0883_zSDSS": 15.05859088897705
}