{
    "id": "gaia_xp_spectrum_6141505922760768128-Ref",
    "F0352_uJAVA": 16.705896377563477,
    "F0378": 16.513219833374023,
    "F0395": 16.47736167907715,
    "F0410": 15.96633529663086,
    "F0430": 15.879738807678223,
    "F0475_gSDSS": 15.532294273376465,
    "F0515": 15.358904838562012,
    "F0626_rSDSS": 15.043301582336426,
    "F0660": 15.00249195098877,
    "F0769_iSDSS": 14.890196800231934,
    "F0861": 14.848910331726074,
    "F0883_zSDSS": 14.827995300292969
}