{
    "id": "gaia_xp_spectrum_6141508053064544128-Ref",
    "F0352_uJAVA": 15.840730667114258,
    "F0378": 15.618937492370605,
    "F0395": 15.516901016235352,
    "F0410": 15.022006034851074,
    "F0430": 14.943530082702637,
    "F0475_gSDSS": 14.630098342895508,
    "F0515": 14.464200973510742,
    "F0626_rSDSS": 14.184849739074707,
    "F0660": 14.158004760742188,
    "F0769_iSDSS": 14.062923431396484,
    "F0861": 14.043206214904785,
    "F0883_zSDSS": 14.02422046661377
}