{
    "id": "gaia_xp_spectrum_6141520388210623616-Ref",
    "F0352_uJAVA": 16.513919830322266,
    "F0378": 16.49364471435547,
    "F0395": 16.364635467529297,
    "F0410": 15.67508316040039,
    "F0430": 15.659570693969727,
    "F0475_gSDSS": 15.210386276245117,
    "F0515": 15.024944305419922,
    "F0626_rSDSS": 14.650351524353027,
    "F0660": 14.601372718811035,
    "F0769_iSDSS": 14.473484992980957,
    "F0861": 14.430932998657227,
    "F0883_zSDSS": 14.402523040771484
}