{
    "id": "gaia_xp_spectrum_6141528531468673536-Ref",
    "F0352_uJAVA": 16.44779396057129,
    "F0378": 15.960336685180664,
    "F0395": 16.102346420288086,
    "F0410": 15.832799911499023,
    "F0430": 15.731876373291016,
    "F0475_gSDSS": 15.672547340393066,
    "F0515": 15.584284782409668,
    "F0626_rSDSS": 15.0942964553833,
    "F0660": 14.859268188476562,
    "F0769_iSDSS": 14.828959465026855,
    "F0861": 15.028128623962402,
    "F0883_zSDSS": 14.989152908325195
}