{
    "id": "gaia_xp_spectrum_6141504067334891392-Ref",
    "F0352_uJAVA": 16.824527740478516,
    "F0378": 16.633777618408203,
    "F0395": 16.796571731567383,
    "F0410": 16.0069580078125,
    "F0430": 15.931079864501953,
    "F0475_gSDSS": 15.383888244628906,
    "F0515": 15.178241729736328,
    "F0626_rSDSS": 14.65576457977295,
    "F0660": 14.553250312805176,
    "F0769_iSDSS": 14.374549865722656,
    "F0861": 14.27328109741211,
    "F0883_zSDSS": 14.226531982421875
}