{
    "id": "gaia_xp_spectrum_6141528187871278848-Ref",
    "F0352_uJAVA": 17.11400604248047,
    "F0378": 16.989604949951172,
    "F0395": 16.899900436401367,
    "F0410": 16.308528900146484,
    "F0430": 16.29816436767578,
    "F0475_gSDSS": 15.91795825958252,
    "F0515": 15.769357681274414,
    "F0626_rSDSS": 15.396307945251465,
    "F0660": 15.344062805175781,
    "F0769_iSDSS": 15.225716590881348,
    "F0861": 15.173766136169434,
    "F0883_zSDSS": 15.156932830810547
}