{
    "id": "gaia_xp_spectrum_6141523927263709312-Ref",
    "F0352_uJAVA": 15.862932205200195,
    "F0378": 15.716854095458984,
    "F0395": 15.594694137573242,
    "F0410": 15.063942909240723,
    "F0430": 14.999946594238281,
    "F0475_gSDSS": 14.618038177490234,
    "F0515": 14.427572250366211,
    "F0626_rSDSS": 14.082200050354004,
    "F0660": 14.03187370300293,
    "F0769_iSDSS": 13.901698112487793,
    "F0861": 13.854971885681152,
    "F0883_zSDSS": 13.827956199645996
}