{
    "id": "gaia_xp_spectrum_6141131951368741632-Ref",
    "F0352_uJAVA": 17.260372161865234,
    "F0378": 16.957134246826172,
    "F0395": 17.01920509338379,
    "F0410": 16.428285598754883,
    "F0430": 16.40080451965332,
    "F0475_gSDSS": 15.929363250732422,
    "F0515": 15.710907936096191,
    "F0626_rSDSS": 15.296712875366211,
    "F0660": 15.234312057495117,
    "F0769_iSDSS": 15.047209739685059,
    "F0861": 14.970488548278809,
    "F0883_zSDSS": 14.92817497253418
}