{
    "id": "gaia_xp_spectrum_6141143942917449600-Ref",
    "F0352_uJAVA": 16.270170211791992,
    "F0378": 16.089216232299805,
    "F0395": 16.00694465637207,
    "F0410": 15.442765235900879,
    "F0430": 15.399372100830078,
    "F0475_gSDSS": 15.002840995788574,
    "F0515": 14.828132629394531,
    "F0626_rSDSS": 14.469839096069336,
    "F0660": 14.41809368133545,
    "F0769_iSDSS": 14.296852111816406,
    "F0861": 14.257423400878906,
    "F0883_zSDSS": 14.227663040161133
}