{
    "id": "gaia_xp_spectrum_6141508018704805120-Ref",
    "F0352_uJAVA": 16.006729125976562,
    "F0378": 15.809260368347168,
    "F0395": 15.769939422607422,
    "F0410": 15.18636417388916,
    "F0430": 15.091141700744629,
    "F0475_gSDSS": 14.741177558898926,
    "F0515": 14.563756942749023,
    "F0626_rSDSS": 14.251019477844238,
    "F0660": 14.201377868652344,
    "F0769_iSDSS": 14.10804271697998,
    "F0861": 14.082256317138672,
    "F0883_zSDSS": 14.05753231048584
}