{
    "id": "gaia_xp_spectrum_6141132020088213248-Ref",
    "F0352_uJAVA": 16.682004928588867,
    "F0378": 16.908451080322266,
    "F0395": 16.585302352905273,
    "F0410": 15.775869369506836,
    "F0430": 15.652097702026367,
    "F0475_gSDSS": 15.101112365722656,
    "F0515": 14.933552742004395,
    "F0626_rSDSS": 14.406899452209473,
    "F0660": 14.325632095336914,
    "F0769_iSDSS": 14.2081937789917,
    "F0861": 14.154109954833984,
    "F0883_zSDSS": 14.122647285461426
}