{
    "id": "gaia_xp_spectrum_6141316428803848192-Ref",
    "F0352_uJAVA": 16.840471267700195,
    "F0378": 16.800878524780273,
    "F0395": 16.734773635864258,
    "F0410": 15.907922744750977,
    "F0430": 15.79078197479248,
    "F0475_gSDSS": 15.264869689941406,
    "F0515": 15.097152709960938,
    "F0626_rSDSS": 14.590579986572266,
    "F0660": 14.502057075500488,
    "F0769_iSDSS": 14.386552810668945,
    "F0861": 14.333839416503906,
    "F0883_zSDSS": 14.293838500976562
}