{
    "id": "gaia_xp_spectrum_6141144252155076864-Ref",
    "F0352_uJAVA": 16.756919860839844,
    "F0378": 16.49900245666504,
    "F0395": 16.404434204101562,
    "F0410": 15.894194602966309,
    "F0430": 15.772767066955566,
    "F0475_gSDSS": 15.438185691833496,
    "F0515": 15.257256507873535,
    "F0626_rSDSS": 14.952569961547852,
    "F0660": 14.914871215820312,
    "F0769_iSDSS": 14.804582595825195,
    "F0861": 14.783276557922363,
    "F0883_zSDSS": 14.75156307220459
}