{
    "id": "gaia_xp_spectrum_6141522793392334720-Ref",
    "F0352_uJAVA": 16.83514976501465,
    "F0378": 16.54041862487793,
    "F0395": 16.437088012695312,
    "F0410": 16.031450271606445,
    "F0430": 15.976452827453613,
    "F0475_gSDSS": 15.715323448181152,
    "F0515": 15.553010940551758,
    "F0626_rSDSS": 15.314684867858887,
    "F0660": 15.285890579223633,
    "F0769_iSDSS": 15.186117172241211,
    "F0861": 15.15353012084961,
    "F0883_zSDSS": 15.141907691955566
}