{
    "id": "gaia_xp_spectrum_6141149268676884352-Ref",
    "F0352_uJAVA": 16.5079345703125,
    "F0378": 16.47076416015625,
    "F0395": 16.312341690063477,
    "F0410": 15.676565170288086,
    "F0430": 15.633872985839844,
    "F0475_gSDSS": 15.173916816711426,
    "F0515": 14.997220039367676,
    "F0626_rSDSS": 14.566823959350586,
    "F0660": 14.50900936126709,
    "F0769_iSDSS": 14.362772941589355,
    "F0861": 14.30749225616455,
    "F0883_zSDSS": 14.278023719787598
}