{
    "id": "gaia_xp_spectrum_6141528634547887360-Ref",
    "F0352_uJAVA": 15.981017112731934,
    "F0378": 15.765342712402344,
    "F0395": 15.721391677856445,
    "F0410": 15.197980880737305,
    "F0430": 15.152121543884277,
    "F0475_gSDSS": 14.795248031616211,
    "F0515": 14.630533218383789,
    "F0626_rSDSS": 14.305351257324219,
    "F0660": 14.277911186218262,
    "F0769_iSDSS": 14.147266387939453,
    "F0861": 14.111885070800781,
    "F0883_zSDSS": 14.090834617614746
}