{
    "id": "gaia_xp_spectrum_6141144527032984832-Ref",
    "F0352_uJAVA": 17.05792808532715,
    "F0378": 16.775705337524414,
    "F0395": 16.80436897277832,
    "F0410": 16.237497329711914,
    "F0430": 16.172813415527344,
    "F0475_gSDSS": 15.801980972290039,
    "F0515": 15.632341384887695,
    "F0626_rSDSS": 15.264334678649902,
    "F0660": 15.215719223022461,
    "F0769_iSDSS": 15.080338478088379,
    "F0861": 15.035394668579102,
    "F0883_zSDSS": 15.008227348327637
}