{
    "id": "gaia_xp_spectrum_6141526504244085888-Ref",
    "F0352_uJAVA": 15.928105354309082,
    "F0378": 15.790555953979492,
    "F0395": 15.763325691223145,
    "F0410": 15.170628547668457,
    "F0430": 15.103583335876465,
    "F0475_gSDSS": 14.722725868225098,
    "F0515": 14.555809020996094,
    "F0626_rSDSS": 14.179850578308105,
    "F0660": 14.126469612121582,
    "F0769_iSDSS": 14.011821746826172,
    "F0861": 13.967707633972168,
    "F0883_zSDSS": 13.935479164123535
}