{
    "id": "gaia_xp_spectrum_6141516642999173760-Ref",
    "F0352_uJAVA": 16.60905647277832,
    "F0378": 16.472200393676758,
    "F0395": 16.232637405395508,
    "F0410": 15.826838493347168,
    "F0430": 15.731029510498047,
    "F0475_gSDSS": 15.424235343933105,
    "F0515": 15.25214672088623,
    "F0626_rSDSS": 14.966691970825195,
    "F0660": 14.93371295928955,
    "F0769_iSDSS": 14.82917594909668,
    "F0861": 14.809484481811523,
    "F0883_zSDSS": 14.78571605682373
}