{
    "id": "gaia_xp_spectrum_6141517501992637440-Ref",
    "F0352_uJAVA": 16.68156623840332,
    "F0378": 16.88212776184082,
    "F0395": 16.630260467529297,
    "F0410": 15.672121047973633,
    "F0430": 15.47542667388916,
    "F0475_gSDSS": 14.80643081665039,
    "F0515": 14.68752670288086,
    "F0626_rSDSS": 13.94532299041748,
    "F0660": 13.83326244354248,
    "F0769_iSDSS": 13.663668632507324,
    "F0861": 13.568668365478516,
    "F0883_zSDSS": 13.525603294372559
}