{
    "id": "gaia_xp_spectrum_6141149814137038720-Ref",
    "F0352_uJAVA": 16.547760009765625,
    "F0378": 16.51004409790039,
    "F0395": 16.303123474121094,
    "F0410": 15.742995262145996,
    "F0430": 15.724472999572754,
    "F0475_gSDSS": 15.294018745422363,
    "F0515": 15.116083145141602,
    "F0626_rSDSS": 14.751198768615723,
    "F0660": 14.69475269317627,
    "F0769_iSDSS": 14.564430236816406,
    "F0861": 14.509058952331543,
    "F0883_zSDSS": 14.483638763427734
}