{
    "id": "gaia_xp_spectrum_6141144045996664448-Ref",
    "F0352_uJAVA": 16.497047424316406,
    "F0378": 16.3090763092041,
    "F0395": 16.157772064208984,
    "F0410": 15.701905250549316,
    "F0430": 15.645882606506348,
    "F0475_gSDSS": 15.322868347167969,
    "F0515": 15.16968822479248,
    "F0626_rSDSS": 14.87462043762207,
    "F0660": 14.848430633544922,
    "F0769_iSDSS": 14.74609375,
    "F0861": 14.719389915466309,
    "F0883_zSDSS": 14.706597328186035
}