{
    "id": "gaia_xp_spectrum_6141505166846523264-Ref",
    "F0352_uJAVA": 15.913616180419922,
    "F0378": 15.832460403442383,
    "F0395": 15.749942779541016,
    "F0410": 15.0889892578125,
    "F0430": 15.029913902282715,
    "F0475_gSDSS": 14.610404968261719,
    "F0515": 14.426669120788574,
    "F0626_rSDSS": 14.074859619140625,
    "F0660": 14.02389907836914,
    "F0769_iSDSS": 13.922550201416016,
    "F0861": 13.894899368286133,
    "F0883_zSDSS": 13.867236137390137
}