{
    "id": "gaia_xp_spectrum_6141504479651752960-Ref",
    "F0352_uJAVA": 15.94744873046875,
    "F0378": 15.776811599731445,
    "F0395": 15.69237232208252,
    "F0410": 15.144331932067871,
    "F0430": 15.054566383361816,
    "F0475_gSDSS": 14.685832023620605,
    "F0515": 14.502175331115723,
    "F0626_rSDSS": 14.174296379089355,
    "F0660": 14.126619338989258,
    "F0769_iSDSS": 14.01779556274414,
    "F0861": 13.994400978088379,
    "F0883_zSDSS": 13.959224700927734
}