{
    "id": "gaia_xp_spectrum_6141517742510811776-Ref",
    "F0352_uJAVA": 16.88432502746582,
    "F0378": 16.70443344116211,
    "F0395": 16.710548400878906,
    "F0410": 16.119977951049805,
    "F0430": 16.055288314819336,
    "F0475_gSDSS": 15.650484085083008,
    "F0515": 15.48763370513916,
    "F0626_rSDSS": 15.115488052368164,
    "F0660": 15.064082145690918,
    "F0769_iSDSS": 14.950169563293457,
    "F0861": 14.911550521850586,
    "F0883_zSDSS": 14.88966178894043
}