{
    "id": "gaia_xp_spectrum_6141127003566403456-Ref",
    "F0352_uJAVA": 17.075387954711914,
    "F0378": 16.755422592163086,
    "F0395": 16.684864044189453,
    "F0410": 16.30866813659668,
    "F0430": 16.216642379760742,
    "F0475_gSDSS": 15.985352516174316,
    "F0515": 15.860613822937012,
    "F0626_rSDSS": 15.597607612609863,
    "F0660": 15.566640853881836,
    "F0769_iSDSS": 15.485715866088867,
    "F0861": 15.474419593811035,
    "F0883_zSDSS": 15.468549728393555
}