{
    "id": "gaia_xp_spectrum_6141516024523871872-Ref",
    "F0352_uJAVA": 15.61396312713623,
    "F0378": 15.354521751403809,
    "F0395": 15.202057838439941,
    "F0410": 14.795424461364746,
    "F0430": 14.740255355834961,
    "F0475_gSDSS": 14.484301567077637,
    "F0515": 14.349897384643555,
    "F0626_rSDSS": 14.116776466369629,
    "F0660": 14.097087860107422,
    "F0769_iSDSS": 14.017742156982422,
    "F0861": 14.006247520446777,
    "F0883_zSDSS": 13.99215030670166
}