{
    "id": "gaia_xp_spectrum_6141504582730969984-Ref",
    "F0352_uJAVA": 17.290449142456055,
    "F0378": 17.00374984741211,
    "F0395": 16.920490264892578,
    "F0410": 16.43634605407715,
    "F0430": 16.36678695678711,
    "F0475_gSDSS": 16.111438751220703,
    "F0515": 15.947035789489746,
    "F0626_rSDSS": 15.724773406982422,
    "F0660": 15.692696571350098,
    "F0769_iSDSS": 15.611481666564941,
    "F0861": 15.603646278381348,
    "F0883_zSDSS": 15.57863998413086
}