{
    "id": "gaia_xp_spectrum_6141573714524912256-Ref",
    "F0352_uJAVA": 16.6358642578125,
    "F0378": 16.707651138305664,
    "F0395": 16.46099853515625,
    "F0410": 15.684883117675781,
    "F0430": 15.53414249420166,
    "F0475_gSDSS": 14.88821792602539,
    "F0515": 14.6452054977417,
    "F0626_rSDSS": 14.070810317993164,
    "F0660": 13.968231201171875,
    "F0769_iSDSS": 13.772357940673828,
    "F0861": 13.665005683898926,
    "F0883_zSDSS": 13.623367309570312
}