{
    "id": "gaia_xp_spectrum_6141573474006440960-Ref",
    "F0352_uJAVA": 16.62513542175293,
    "F0378": 16.493261337280273,
    "F0395": 16.483436584472656,
    "F0410": 15.7971830368042,
    "F0430": 15.681529998779297,
    "F0475_gSDSS": 15.281685829162598,
    "F0515": 15.093091011047363,
    "F0626_rSDSS": 14.692142486572266,
    "F0660": 14.627147674560547,
    "F0769_iSDSS": 14.496445655822754,
    "F0861": 14.450817108154297,
    "F0883_zSDSS": 14.413971900939941
}