{
    "id": "gaia_xp_spectrum_6136677554887234560-Ref",
    "F0352_uJAVA": 16.54351043701172,
    "F0378": 16.242969512939453,
    "F0395": 16.053752899169922,
    "F0410": 15.715690612792969,
    "F0430": 15.614862442016602,
    "F0475_gSDSS": 15.404523849487305,
    "F0515": 15.27073860168457,
    "F0626_rSDSS": 15.029661178588867,
    "F0660": 15.007550239562988,
    "F0769_iSDSS": 14.92218017578125,
    "F0861": 14.900032997131348,
    "F0883_zSDSS": 14.892535209655762
}