{
    "id": "gaia_xp_spectrum_6136606842546101760-Ref",
    "F0352_uJAVA": 16.600740432739258,
    "F0378": 16.486623764038086,
    "F0395": 16.468412399291992,
    "F0410": 15.762099266052246,
    "F0430": 15.664752006530762,
    "F0475_gSDSS": 15.288020133972168,
    "F0515": 15.10796070098877,
    "F0626_rSDSS": 14.735793113708496,
    "F0660": 14.664764404296875,
    "F0769_iSDSS": 14.567743301391602,
    "F0861": 14.537379264831543,
    "F0883_zSDSS": 14.499981880187988
}