{
    "id": "gaia_xp_spectrum_6136650445053394944-Ref",
    "F0352_uJAVA": 15.901650428771973,
    "F0378": 15.640792846679688,
    "F0395": 15.555642127990723,
    "F0410": 15.098841667175293,
    "F0430": 15.007555961608887,
    "F0475_gSDSS": 14.716336250305176,
    "F0515": 14.562322616577148,
    "F0626_rSDSS": 14.284117698669434,
    "F0660": 14.25972843170166,
    "F0769_iSDSS": 14.162534713745117,
    "F0861": 14.144173622131348,
    "F0883_zSDSS": 14.12147045135498
}