{
    "id": "gaia_xp_spectrum_6136656423648076032-Ref",
    "F0352_uJAVA": 16.289608001708984,
    "F0378": 16.13117790222168,
    "F0395": 16.076871871948242,
    "F0410": 15.484859466552734,
    "F0430": 15.407005310058594,
    "F0475_gSDSS": 15.0164213180542,
    "F0515": 14.832839012145996,
    "F0626_rSDSS": 14.459632873535156,
    "F0660": 14.406779289245605,
    "F0769_iSDSS": 14.280887603759766,
    "F0861": 14.224666595458984,
    "F0883_zSDSS": 14.197514533996582
}