{
    "id": "gaia_xp_spectrum_6136605021479461248-Ref",
    "F0352_uJAVA": 16.225114822387695,
    "F0378": 16.159658432006836,
    "F0395": 16.023723602294922,
    "F0410": 15.32943344116211,
    "F0430": 15.249905586242676,
    "F0475_gSDSS": 14.76827335357666,
    "F0515": 14.574258804321289,
    "F0626_rSDSS": 14.146058082580566,
    "F0660": 14.08320140838623,
    "F0769_iSDSS": 13.95906925201416,
    "F0861": 13.90968132019043,
    "F0883_zSDSS": 13.879080772399902
}