{
    "id": "gaia_xp_spectrum_6136656904684421248-Ref",
    "F0352_uJAVA": 16.139781951904297,
    "F0378": 15.91767692565918,
    "F0395": 15.859471321105957,
    "F0410": 15.323095321655273,
    "F0430": 15.24862003326416,
    "F0475_gSDSS": 14.923361778259277,
    "F0515": 14.757564544677734,
    "F0626_rSDSS": 14.452162742614746,
    "F0660": 14.416085243225098,
    "F0769_iSDSS": 14.30888843536377,
    "F0861": 14.278646469116211,
    "F0883_zSDSS": 14.253191947937012
}