{
    "id": "gaia_xp_spectrum_6136601585505616000-Ref",
    "F0352_uJAVA": 16.217636108398438,
    "F0378": 16.186628341674805,
    "F0395": 16.00844955444336,
    "F0410": 15.372647285461426,
    "F0430": 15.28555965423584,
    "F0475_gSDSS": 14.86606216430664,
    "F0515": 14.660758972167969,
    "F0626_rSDSS": 14.260285377502441,
    "F0660": 14.197267532348633,
    "F0769_iSDSS": 14.062204360961914,
    "F0861": 14.011528968811035,
    "F0883_zSDSS": 13.97527027130127
}