{
    "id": "gaia_xp_spectrum_6136688309485693568-Ref",
    "F0352_uJAVA": 16.86717414855957,
    "F0378": 16.65485191345215,
    "F0395": 16.63738250732422,
    "F0410": 15.913467407226562,
    "F0430": 15.816852569580078,
    "F0475_gSDSS": 15.198331832885742,
    "F0515": 14.934904098510742,
    "F0626_rSDSS": 14.40534782409668,
    "F0660": 14.317292213439941,
    "F0769_iSDSS": 14.105777740478516,
    "F0861": 13.995381355285645,
    "F0883_zSDSS": 13.950471878051758
}