{
    "id": "gaia_xp_spectrum_6136610003641998208-Ref",
    "F0352_uJAVA": 16.82386016845703,
    "F0378": 16.609790802001953,
    "F0395": 16.633071899414062,
    "F0410": 16.062088012695312,
    "F0430": 16.039892196655273,
    "F0475_gSDSS": 15.697035789489746,
    "F0515": 15.524799346923828,
    "F0626_rSDSS": 15.20543098449707,
    "F0660": 15.153908729553223,
    "F0769_iSDSS": 15.03560733795166,
    "F0861": 14.990432739257812,
    "F0883_zSDSS": 14.968934059143066
}