{
    "id": "gaia_xp_spectrum_6136683911438986368-Ref",
    "F0352_uJAVA": 16.830738067626953,
    "F0378": 16.68060302734375,
    "F0395": 16.685834884643555,
    "F0410": 16.073476791381836,
    "F0430": 16.049739837646484,
    "F0475_gSDSS": 15.621170997619629,
    "F0515": 15.438323020935059,
    "F0626_rSDSS": 15.057183265686035,
    "F0660": 15.002120971679688,
    "F0769_iSDSS": 14.866148948669434,
    "F0861": 14.811327934265137,
    "F0883_zSDSS": 14.785778045654297
}