{
    "id": "gaia_xp_spectrum_6136673019401610496-Ref",
    "F0352_uJAVA": 16.784076690673828,
    "F0378": 16.546003341674805,
    "F0395": 16.43044090270996,
    "F0410": 15.960702896118164,
    "F0430": 15.886374473571777,
    "F0475_gSDSS": 15.546374320983887,
    "F0515": 15.387497901916504,
    "F0626_rSDSS": 15.065239906311035,
    "F0660": 15.027690887451172,
    "F0769_iSDSS": 14.933634757995605,
    "F0861": 14.9061279296875,
    "F0883_zSDSS": 14.88720417022705
}