{
    "id": "gaia_xp_spectrum_6136675596382000128-Ref",
    "F0352_uJAVA": 16.47273826599121,
    "F0378": 16.29483985900879,
    "F0395": 16.194211959838867,
    "F0410": 15.755105018615723,
    "F0430": 15.67124080657959,
    "F0475_gSDSS": 15.335674285888672,
    "F0515": 15.179651260375977,
    "F0626_rSDSS": 14.84078598022461,
    "F0660": 14.790338516235352,
    "F0769_iSDSS": 14.684198379516602,
    "F0861": 14.654702186584473,
    "F0883_zSDSS": 14.630925178527832
}