{
    "id": "gaia_xp_spectrum_6136699854357791232-Ref",
    "F0352_uJAVA": 16.552600860595703,
    "F0378": 16.396068572998047,
    "F0395": 16.356096267700195,
    "F0410": 15.7011079788208,
    "F0430": 15.666138648986816,
    "F0475_gSDSS": 15.273663520812988,
    "F0515": 15.102724075317383,
    "F0626_rSDSS": 14.73620319366455,
    "F0660": 14.695526123046875,
    "F0769_iSDSS": 14.570240020751953,
    "F0861": 14.531607627868652,
    "F0883_zSDSS": 14.504368782043457
}