{
    "id": "gaia_xp_spectrum_6136653331271433088-Ref",
    "F0352_uJAVA": 15.914600372314453,
    "F0378": 15.737573623657227,
    "F0395": 15.750837326049805,
    "F0410": 15.126311302185059,
    "F0430": 15.08188247680664,
    "F0475_gSDSS": 14.701009750366211,
    "F0515": 14.529438018798828,
    "F0626_rSDSS": 14.1867094039917,
    "F0660": 14.14664363861084,
    "F0769_iSDSS": 14.02303695678711,
    "F0861": 13.982970237731934,
    "F0883_zSDSS": 13.956751823425293
}