{
    "id": "gaia_xp_spectrum_6136683499122331264-Ref",
    "F0352_uJAVA": 16.846073150634766,
    "F0378": 16.683048248291016,
    "F0395": 16.55634117126465,
    "F0410": 16.015968322753906,
    "F0430": 15.955069541931152,
    "F0475_gSDSS": 15.60766887664795,
    "F0515": 15.429497718811035,
    "F0626_rSDSS": 15.110374450683594,
    "F0660": 15.082988739013672,
    "F0769_iSDSS": 14.948988914489746,
    "F0861": 14.913031578063965,
    "F0883_zSDSS": 14.88825511932373
}