{
    "id": "gaia_xp_spectrum_6136668518275840512-Ref",
    "F0352_uJAVA": 16.06624412536621,
    "F0378": 16.060394287109375,
    "F0395": 15.86691951751709,
    "F0410": 15.203612327575684,
    "F0430": 15.115617752075195,
    "F0475_gSDSS": 14.644092559814453,
    "F0515": 14.464552879333496,
    "F0626_rSDSS": 14.042505264282227,
    "F0660": 13.984901428222656,
    "F0769_iSDSS": 13.866458892822266,
    "F0861": 13.82186508178711,
    "F0883_zSDSS": 13.794493675231934
}