{
    "id": "gaia_xp_spectrum_6136665666415133056-Ref",
    "F0352_uJAVA": 16.308177947998047,
    "F0378": 16.218875885009766,
    "F0395": 16.12177085876465,
    "F0410": 15.522109031677246,
    "F0430": 15.450244903564453,
    "F0475_gSDSS": 15.029699325561523,
    "F0515": 14.838550567626953,
    "F0626_rSDSS": 14.48022747039795,
    "F0660": 14.407103538513184,
    "F0769_iSDSS": 14.321442604064941,
    "F0861": 14.274611473083496,
    "F0883_zSDSS": 14.25434398651123
}