{
    "id": "gaia_xp_spectrum_6136664257668472576-Ref",
    "F0352_uJAVA": 16.0283203125,
    "F0378": 15.864810943603516,
    "F0395": 15.730269432067871,
    "F0410": 15.242910385131836,
    "F0430": 15.170843124389648,
    "F0475_gSDSS": 14.833125114440918,
    "F0515": 14.660099983215332,
    "F0626_rSDSS": 14.354517936706543,
    "F0660": 14.317673683166504,
    "F0769_iSDSS": 14.207511901855469,
    "F0861": 14.181057929992676,
    "F0883_zSDSS": 14.153433799743652
}