{
    "id": "gaia_xp_spectrum_6136679032355972864-Ref",
    "F0352_uJAVA": 16.78271484375,
    "F0378": 16.5748291015625,
    "F0395": 16.430770874023438,
    "F0410": 16.025972366333008,
    "F0430": 15.959444046020508,
    "F0475_gSDSS": 15.668498039245605,
    "F0515": 15.518450736999512,
    "F0626_rSDSS": 15.22860050201416,
    "F0660": 15.182953834533691,
    "F0769_iSDSS": 15.085786819458008,
    "F0861": 15.050156593322754,
    "F0883_zSDSS": 15.027682304382324
}