{
    "id": "gaia_xp_spectrum_6136662402242586752-Ref",
    "F0352_uJAVA": 15.67259407043457,
    "F0378": 15.407706260681152,
    "F0395": 15.372859001159668,
    "F0410": 14.892626762390137,
    "F0430": 14.82158088684082,
    "F0475_gSDSS": 14.515915870666504,
    "F0515": 14.363565444946289,
    "F0626_rSDSS": 14.052361488342285,
    "F0660": 14.009003639221191,
    "F0769_iSDSS": 13.898237228393555,
    "F0861": 13.861212730407715,
    "F0883_zSDSS": 13.838541030883789
}