{
    "id": "gaia_xp_spectrum_6136662878983779456-Ref",
    "F0352_uJAVA": 16.29175567626953,
    "F0378": 16.093992233276367,
    "F0395": 16.067245483398438,
    "F0410": 15.445491790771484,
    "F0430": 15.371000289916992,
    "F0475_gSDSS": 14.933853149414062,
    "F0515": 14.738116264343262,
    "F0626_rSDSS": 14.307982444763184,
    "F0660": 14.24177360534668,
    "F0769_iSDSS": 14.096646308898926,
    "F0861": 14.024502754211426,
    "F0883_zSDSS": 14.001543998718262
}