{
    "id": "gaia_xp_spectrum_6136605227637898112-Ref",
    "F0352_uJAVA": 16.871503829956055,
    "F0378": 16.568260192871094,
    "F0395": 16.46410369873047,
    "F0410": 16.060224533081055,
    "F0430": 15.998368263244629,
    "F0475_gSDSS": 15.717283248901367,
    "F0515": 15.557239532470703,
    "F0626_rSDSS": 15.265562057495117,
    "F0660": 15.226531982421875,
    "F0769_iSDSS": 15.105733871459961,
    "F0861": 15.069117546081543,
    "F0883_zSDSS": 15.044663429260254
}