{
    "id": "gaia_xp_spectrum_6136674393791285888-Ref",
    "F0352_uJAVA": 16.69845199584961,
    "F0378": 16.553287506103516,
    "F0395": 16.51514434814453,
    "F0410": 15.934621810913086,
    "F0430": 15.843341827392578,
    "F0475_gSDSS": 15.477148056030273,
    "F0515": 15.31991958618164,
    "F0626_rSDSS": 14.95326042175293,
    "F0660": 14.904443740844727,
    "F0769_iSDSS": 14.794585227966309,
    "F0861": 14.757744789123535,
    "F0883_zSDSS": 14.734755516052246
}