{
    "id": "gaia_xp_spectrum_6136684736072711936-Ref",
    "F0352_uJAVA": 16.485790252685547,
    "F0378": 15.984216690063477,
    "F0395": 15.489269256591797,
    "F0410": 15.305625915527344,
    "F0430": 15.236715316772461,
    "F0475_gSDSS": 15.160972595214844,
    "F0515": 15.073864936828613,
    "F0626_rSDSS": 14.978808403015137,
    "F0660": 15.034745216369629,
    "F0769_iSDSS": 14.992181777954102,
    "F0861": 15.045357704162598,
    "F0883_zSDSS": 15.01613998413086
}