{
    "id": "gaia_xp_spectrum_6136618456137320192-Ref",
    "F0352_uJAVA": 16.83330535888672,
    "F0378": 16.5035343170166,
    "F0395": 16.4191951751709,
    "F0410": 15.962738037109375,
    "F0430": 15.888032913208008,
    "F0475_gSDSS": 15.610980033874512,
    "F0515": 15.465806007385254,
    "F0626_rSDSS": 15.158024787902832,
    "F0660": 15.131149291992188,
    "F0769_iSDSS": 15.01726245880127,
    "F0861": 14.992209434509277,
    "F0883_zSDSS": 14.96667766571045
}