{
    "id": "gaia_xp_spectrum_6136673534797656448-Ref",
    "F0352_uJAVA": 16.971532821655273,
    "F0378": 16.583383560180664,
    "F0395": 16.099018096923828,
    "F0410": 15.821250915527344,
    "F0430": 15.724371910095215,
    "F0475_gSDSS": 15.613208770751953,
    "F0515": 15.547557830810547,
    "F0626_rSDSS": 15.478734970092773,
    "F0660": 15.551037788391113,
    "F0769_iSDSS": 15.507696151733398,
    "F0861": 15.553319931030273,
    "F0883_zSDSS": 15.540397644042969
}