{
    "id": "gaia_xp_spectrum_6136660443737475712-Ref",
    "F0352_uJAVA": 16.45872688293457,
    "F0378": 15.88698959350586,
    "F0395": 15.554933547973633,
    "F0410": 15.42037582397461,
    "F0430": 15.343562126159668,
    "F0475_gSDSS": 15.267903327941895,
    "F0515": 15.309854507446289,
    "F0626_rSDSS": 14.823203086853027,
    "F0660": 14.7657470703125,
    "F0769_iSDSS": 14.737968444824219,
    "F0861": 14.622875213623047,
    "F0883_zSDSS": 14.593635559082031
}