{
    "id": "gaia_xp_spectrum_6136610415958842624-Ref",
    "F0352_uJAVA": 16.805768966674805,
    "F0378": 16.63668441772461,
    "F0395": 16.53838348388672,
    "F0410": 15.961008071899414,
    "F0430": 15.879060745239258,
    "F0475_gSDSS": 15.514714241027832,
    "F0515": 15.356587409973145,
    "F0626_rSDSS": 14.999112129211426,
    "F0660": 14.951473236083984,
    "F0769_iSDSS": 14.8617525100708,
    "F0861": 14.831920623779297,
    "F0883_zSDSS": 14.809516906738281
}