{
    "id": "gaia_xp_spectrum_6136660787334863744-Ref",
    "F0352_uJAVA": 16.523208618164062,
    "F0378": 16.460521697998047,
    "F0395": 16.34813117980957,
    "F0410": 15.714481353759766,
    "F0430": 15.596906661987305,
    "F0475_gSDSS": 15.119328498840332,
    "F0515": 14.921957015991211,
    "F0626_rSDSS": 14.443981170654297,
    "F0660": 14.35629653930664,
    "F0769_iSDSS": 14.195535659790039,
    "F0861": 14.11236572265625,
    "F0883_zSDSS": 14.075836181640625
}