{
    "id": "gaia_xp_spectrum_6136602753736729600-Ref",
    "F0352_uJAVA": 16.483776092529297,
    "F0378": 16.496999740600586,
    "F0395": 16.1944637298584,
    "F0410": 15.551655769348145,
    "F0430": 15.472667694091797,
    "F0475_gSDSS": 14.995489120483398,
    "F0515": 14.810511589050293,
    "F0626_rSDSS": 14.359825134277344,
    "F0660": 14.298043251037598,
    "F0769_iSDSS": 14.167054176330566,
    "F0861": 14.10877799987793,
    "F0883_zSDSS": 14.082087516784668
}