{
    "id": "gaia_xp_spectrum_6136687106894854656-Ref",
    "F0352_uJAVA": 16.897706985473633,
    "F0378": 16.759654998779297,
    "F0395": 16.634214401245117,
    "F0410": 16.024320602416992,
    "F0430": 16.01108169555664,
    "F0475_gSDSS": 15.566109657287598,
    "F0515": 15.382269859313965,
    "F0626_rSDSS": 14.986068725585938,
    "F0660": 14.931543350219727,
    "F0769_iSDSS": 14.77450180053711,
    "F0861": 14.705362319946289,
    "F0883_zSDSS": 14.682787895202637
}