{
    "id": "gaia_xp_spectrum_6136630138448367488-Ref",
    "F0352_uJAVA": 15.857775688171387,
    "F0378": 15.688773155212402,
    "F0395": 15.620718002319336,
    "F0410": 15.031421661376953,
    "F0430": 14.945064544677734,
    "F0475_gSDSS": 14.572722434997559,
    "F0515": 14.405374526977539,
    "F0626_rSDSS": 14.041720390319824,
    "F0660": 13.998994827270508,
    "F0769_iSDSS": 13.887192726135254,
    "F0861": 13.85758113861084,
    "F0883_zSDSS": 13.830193519592285
}