{
    "id": "gaia_xp_spectrum_6136607976416965760-Ref",
    "F0352_uJAVA": 15.862503051757812,
    "F0378": 15.738319396972656,
    "F0395": 15.596346855163574,
    "F0410": 15.025948524475098,
    "F0430": 14.947463035583496,
    "F0475_gSDSS": 14.577688217163086,
    "F0515": 14.405613899230957,
    "F0626_rSDSS": 14.045995712280273,
    "F0660": 13.999874114990234,
    "F0769_iSDSS": 13.884632110595703,
    "F0861": 13.848699569702148,
    "F0883_zSDSS": 13.82026481628418
}