{
    "id": "gaia_xp_spectrum_6136687171318847104-Ref",
    "F0352_uJAVA": 16.317745208740234,
    "F0378": 16.42947769165039,
    "F0395": 16.196168899536133,
    "F0410": 15.404258728027344,
    "F0430": 15.305665016174316,
    "F0475_gSDSS": 14.73007583618164,
    "F0515": 14.57711124420166,
    "F0626_rSDSS": 14.02384090423584,
    "F0660": 13.947332382202148,
    "F0769_iSDSS": 13.806886672973633,
    "F0861": 13.747088432312012,
    "F0883_zSDSS": 13.709949493408203
}