{
    "id": "gaia_xp_spectrum_6136679169794794240-Ref",
    "F0352_uJAVA": 16.81844711303711,
    "F0378": 16.247079849243164,
    "F0395": 15.942432403564453,
    "F0410": 15.762657165527344,
    "F0430": 15.69151496887207,
    "F0475_gSDSS": 15.519779205322266,
    "F0515": 15.37918472290039,
    "F0626_rSDSS": 15.139863967895508,
    "F0660": 15.109556198120117,
    "F0769_iSDSS": 14.995758056640625,
    "F0861": 14.958565711975098,
    "F0883_zSDSS": 14.938379287719727
}