{
    "id": "gaia_xp_spectrum_6136665460259095552-Ref",
    "F0352_uJAVA": 16.254287719726562,
    "F0378": 16.128759384155273,
    "F0395": 16.028135299682617,
    "F0410": 15.42343521118164,
    "F0430": 15.35537338256836,
    "F0475_gSDSS": 14.914416313171387,
    "F0515": 14.727781295776367,
    "F0626_rSDSS": 14.341351509094238,
    "F0660": 14.292570114135742,
    "F0769_iSDSS": 14.16245174407959,
    "F0861": 14.10610580444336,
    "F0883_zSDSS": 14.084734916687012
}