{
    "id": "gaia_xp_spectrum_6136634502135166592-Ref",
    "F0352_uJAVA": 16.94450569152832,
    "F0378": 16.70068359375,
    "F0395": 16.4613037109375,
    "F0410": 16.113183975219727,
    "F0430": 16.064435958862305,
    "F0475_gSDSS": 15.79572868347168,
    "F0515": 15.652050018310547,
    "F0626_rSDSS": 15.392631530761719,
    "F0660": 15.386139869689941,
    "F0769_iSDSS": 15.263021469116211,
    "F0861": 15.239599227905273,
    "F0883_zSDSS": 15.220653533935547
}