{
    "id": "gaia_xp_spectrum_6136650960449480064-Ref",
    "F0352_uJAVA": 16.285614013671875,
    "F0378": 16.098772048950195,
    "F0395": 15.955753326416016,
    "F0410": 15.54664134979248,
    "F0430": 15.511138916015625,
    "F0475_gSDSS": 15.117745399475098,
    "F0515": 14.9429292678833,
    "F0626_rSDSS": 14.570569038391113,
    "F0660": 14.494891166687012,
    "F0769_iSDSS": 14.36208438873291,
    "F0861": 14.291376113891602,
    "F0883_zSDSS": 14.264283180236816
}