{
    "id": "gaia_xp_spectrum_6136594026363298304-Ref",
    "F0352_uJAVA": 16.494977951049805,
    "F0378": 16.289302825927734,
    "F0395": 16.144338607788086,
    "F0410": 15.707209587097168,
    "F0430": 15.671117782592773,
    "F0475_gSDSS": 15.282652854919434,
    "F0515": 15.099142074584961,
    "F0626_rSDSS": 14.755243301391602,
    "F0660": 14.69918441772461,
    "F0769_iSDSS": 14.578136444091797,
    "F0861": 14.540675163269043,
    "F0883_zSDSS": 14.505611419677734
}