{
    "id": "gaia_xp_spectrum_6136659550384288256-Ref",
    "F0352_uJAVA": 16.282217025756836,
    "F0378": 16.21345329284668,
    "F0395": 16.023115158081055,
    "F0410": 15.390454292297363,
    "F0430": 15.27702808380127,
    "F0475_gSDSS": 14.871084213256836,
    "F0515": 14.685944557189941,
    "F0626_rSDSS": 14.29052734375,
    "F0660": 14.24587345123291,
    "F0769_iSDSS": 14.128954887390137,
    "F0861": 14.099403381347656,
    "F0883_zSDSS": 14.067648887634277
}