{
    "id": "gaia_xp_spectrum_6136700129235696256-Ref",
    "F0352_uJAVA": 16.10312271118164,
    "F0378": 15.862507820129395,
    "F0395": 15.740425109863281,
    "F0410": 15.288095474243164,
    "F0430": 15.208505630493164,
    "F0475_gSDSS": 14.928438186645508,
    "F0515": 14.747786521911621,
    "F0626_rSDSS": 14.490324974060059,
    "F0660": 14.471670150756836,
    "F0769_iSDSS": 14.362849235534668,
    "F0861": 14.348814964294434,
    "F0883_zSDSS": 14.32280158996582
}