{
    "id": "gaia_xp_spectrum_6136606464588986240-Ref",
    "F0352_uJAVA": 16.488920211791992,
    "F0378": 16.265039443969727,
    "F0395": 16.295547485351562,
    "F0410": 15.596663475036621,
    "F0430": 15.512353897094727,
    "F0475_gSDSS": 15.111321449279785,
    "F0515": 14.924674987792969,
    "F0626_rSDSS": 14.547706604003906,
    "F0660": 14.493281364440918,
    "F0769_iSDSS": 14.372638702392578,
    "F0861": 14.338884353637695,
    "F0883_zSDSS": 14.302906036376953
}