{
    "id": "gaia_xp_spectrum_6136683808359971840-Ref",
    "F0352_uJAVA": 16.43525505065918,
    "F0378": 16.1661319732666,
    "F0395": 16.137767791748047,
    "F0410": 15.656842231750488,
    "F0430": 15.5600004196167,
    "F0475_gSDSS": 15.209569931030273,
    "F0515": 15.022461891174316,
    "F0626_rSDSS": 14.675796508789062,
    "F0660": 14.614906311035156,
    "F0769_iSDSS": 14.495560646057129,
    "F0861": 14.449459075927734,
    "F0883_zSDSS": 14.422361373901367
}