{
    "id": "gaia_xp_spectrum_6136662333523104512-Ref",
    "F0352_uJAVA": 16.136821746826172,
    "F0378": 15.975730895996094,
    "F0395": 15.824966430664062,
    "F0410": 15.270353317260742,
    "F0430": 15.179320335388184,
    "F0475_gSDSS": 14.779016494750977,
    "F0515": 14.595035552978516,
    "F0626_rSDSS": 14.201603889465332,
    "F0660": 14.147933959960938,
    "F0769_iSDSS": 14.022224426269531,
    "F0861": 13.97392463684082,
    "F0883_zSDSS": 13.94658374786377
}