{
    "id": "gaia_xp_spectrum_6136630344607140992-Ref",
    "F0352_uJAVA": 16.318151473999023,
    "F0378": 16.2338809967041,
    "F0395": 16.06461524963379,
    "F0410": 15.497086524963379,
    "F0430": 15.436495780944824,
    "F0475_gSDSS": 15.007682800292969,
    "F0515": 14.820454597473145,
    "F0626_rSDSS": 14.44223403930664,
    "F0660": 14.388992309570312,
    "F0769_iSDSS": 14.2705659866333,
    "F0861": 14.224109649658203,
    "F0883_zSDSS": 14.195490837097168
}