{
    "id": "gaia_xp_spectrum_6136630035369496448-Ref",
    "F0352_uJAVA": 16.366201400756836,
    "F0378": 16.306331634521484,
    "F0395": 16.134843826293945,
    "F0410": 15.448931694030762,
    "F0430": 15.325754165649414,
    "F0475_gSDSS": 14.907855987548828,
    "F0515": 14.700215339660645,
    "F0626_rSDSS": 14.314711570739746,
    "F0660": 14.268768310546875,
    "F0769_iSDSS": 14.147333145141602,
    "F0861": 14.11712646484375,
    "F0883_zSDSS": 14.082337379455566
}