{
    "id": "gaia_xp_spectrum_6136655942611733888-Ref",
    "F0352_uJAVA": 15.914593696594238,
    "F0378": 15.567401885986328,
    "F0395": 15.277125358581543,
    "F0410": 15.005756378173828,
    "F0430": 14.934260368347168,
    "F0475_gSDSS": 14.726402282714844,
    "F0515": 14.595155715942383,
    "F0626_rSDSS": 14.372454643249512,
    "F0660": 14.369233131408691,
    "F0769_iSDSS": 14.268001556396484,
    "F0861": 14.252537727355957,
    "F0883_zSDSS": 14.234783172607422
}