{
    "id": "gaia_xp_spectrum_6136649482980717440-Ref",
    "F0352_uJAVA": 16.26388931274414,
    "F0378": 16.041383743286133,
    "F0395": 15.902979850769043,
    "F0410": 15.46092414855957,
    "F0430": 15.380410194396973,
    "F0475_gSDSS": 15.051726341247559,
    "F0515": 14.880005836486816,
    "F0626_rSDSS": 14.568055152893066,
    "F0660": 14.524726867675781,
    "F0769_iSDSS": 14.416413307189941,
    "F0861": 14.381032943725586,
    "F0883_zSDSS": 14.358181953430176
}