{
    "id": "gaia_xp_spectrum_6136671507573099264-Ref",
    "F0352_uJAVA": 15.47844409942627,
    "F0378": 15.207964897155762,
    "F0395": 15.029876708984375,
    "F0410": 14.667407035827637,
    "F0430": 14.593535423278809,
    "F0475_gSDSS": 14.379168510437012,
    "F0515": 14.24776554107666,
    "F0626_rSDSS": 14.05260944366455,
    "F0660": 14.031525611877441,
    "F0769_iSDSS": 13.9677095413208,
    "F0861": 13.95896053314209,
    "F0883_zSDSS": 13.949554443359375
}