{
    "id": "gaia_xp_spectrum_6136660546816518656-Ref",
    "F0352_uJAVA": 16.664079666137695,
    "F0378": 16.553293228149414,
    "F0395": 16.346431732177734,
    "F0410": 15.827281951904297,
    "F0430": 15.746451377868652,
    "F0475_gSDSS": 15.368242263793945,
    "F0515": 15.193761825561523,
    "F0626_rSDSS": 14.834836959838867,
    "F0660": 14.782339096069336,
    "F0769_iSDSS": 14.672225952148438,
    "F0861": 14.637147903442383,
    "F0883_zSDSS": 14.606133460998535
}