{
    "id": "gaia_xp_spectrum_6136604265565207936-Ref",
    "F0352_uJAVA": 16.781038284301758,
    "F0378": 16.494962692260742,
    "F0395": 16.35312843322754,
    "F0410": 15.932413101196289,
    "F0430": 15.859628677368164,
    "F0475_gSDSS": 15.563458442687988,
    "F0515": 15.402335166931152,
    "F0626_rSDSS": 15.106034278869629,
    "F0660": 15.073601722717285,
    "F0769_iSDSS": 14.959707260131836,
    "F0861": 14.926817893981934,
    "F0883_zSDSS": 14.900169372558594
}