{
    "id": "gaia_xp_spectrum_6136678620038980224-Ref",
    "F0352_uJAVA": 15.593914031982422,
    "F0378": 15.343599319458008,
    "F0395": 15.336442947387695,
    "F0410": 14.85865306854248,
    "F0430": 14.808960914611816,
    "F0475_gSDSS": 14.481437683105469,
    "F0515": 14.308244705200195,
    "F0626_rSDSS": 13.997095108032227,
    "F0660": 13.955581665039062,
    "F0769_iSDSS": 13.833547592163086,
    "F0861": 13.79178524017334,
    "F0883_zSDSS": 13.770048141479492
}