{
    "id": "gaia_xp_spectrum_6136635258049674880-Ref",
    "F0352_uJAVA": 16.165403366088867,
    "F0378": 15.961648941040039,
    "F0395": 15.829821586608887,
    "F0410": 15.26379680633545,
    "F0430": 15.166679382324219,
    "F0475_gSDSS": 14.816081047058105,
    "F0515": 14.626721382141113,
    "F0626_rSDSS": 14.304268836975098,
    "F0660": 14.264863967895508,
    "F0769_iSDSS": 14.161931991577148,
    "F0861": 14.134449005126953,
    "F0883_zSDSS": 14.106229782104492
}