{
    "id": "gaia_xp_spectrum_6136675424583300992-Ref",
    "F0352_uJAVA": 16.50442886352539,
    "F0378": 16.448400497436523,
    "F0395": 16.285560607910156,
    "F0410": 15.661286354064941,
    "F0430": 15.535420417785645,
    "F0475_gSDSS": 15.118075370788574,
    "F0515": 14.941949844360352,
    "F0626_rSDSS": 14.532668113708496,
    "F0660": 14.469435691833496,
    "F0769_iSDSS": 14.359856605529785,
    "F0861": 14.325364112854004,
    "F0883_zSDSS": 14.293251991271973
}