{
    "id": "gaia_xp_spectrum_6136700159299902720-Ref",
    "F0352_uJAVA": 16.340797424316406,
    "F0378": 16.22612762451172,
    "F0395": 16.133899688720703,
    "F0410": 15.603043556213379,
    "F0430": 15.541312217712402,
    "F0475_gSDSS": 15.106346130371094,
    "F0515": 14.94772720336914,
    "F0626_rSDSS": 14.477845191955566,
    "F0660": 14.407085418701172,
    "F0769_iSDSS": 14.243941307067871,
    "F0861": 14.167088508605957,
    "F0883_zSDSS": 14.134260177612305
}