{
    "id": "gaia_xp_spectrum_6136662741542257152-Ref",
    "F0352_uJAVA": 15.948244094848633,
    "F0378": 15.73541259765625,
    "F0395": 15.723260879516602,
    "F0410": 15.16346549987793,
    "F0430": 15.067973136901855,
    "F0475_gSDSS": 14.693236351013184,
    "F0515": 14.510769844055176,
    "F0626_rSDSS": 14.149213790893555,
    "F0660": 14.096220016479492,
    "F0769_iSDSS": 13.970663070678711,
    "F0861": 13.928642272949219,
    "F0883_zSDSS": 13.898344993591309
}