{
    "id": "gaia_xp_spectrum_6136658618375693696-Ref",
    "F0352_uJAVA": 16.518064498901367,
    "F0378": 16.33782196044922,
    "F0395": 16.1827449798584,
    "F0410": 15.62559986114502,
    "F0430": 15.55842399597168,
    "F0475_gSDSS": 15.150372505187988,
    "F0515": 14.972009658813477,
    "F0626_rSDSS": 14.602895736694336,
    "F0660": 14.559508323669434,
    "F0769_iSDSS": 14.453414916992188,
    "F0861": 14.409887313842773,
    "F0883_zSDSS": 14.387855529785156
}