{
    "id": "gaia_xp_spectrum_6136607254862918784-Ref",
    "F0352_uJAVA": 16.38245391845703,
    "F0378": 16.261144638061523,
    "F0395": 16.17989158630371,
    "F0410": 15.545785903930664,
    "F0430": 15.472696304321289,
    "F0475_gSDSS": 15.050135612487793,
    "F0515": 14.84865951538086,
    "F0626_rSDSS": 14.456950187683105,
    "F0660": 14.386434555053711,
    "F0769_iSDSS": 14.258397102355957,
    "F0861": 14.194476127624512,
    "F0883_zSDSS": 14.16812801361084
}