{
    "id": "gaia_xp_spectrum_6136667659282386176-Ref",
    "F0352_uJAVA": 15.835493087768555,
    "F0378": 15.612065315246582,
    "F0395": 15.574536323547363,
    "F0410": 14.974491119384766,
    "F0430": 14.875517845153809,
    "F0475_gSDSS": 14.548369407653809,
    "F0515": 14.365463256835938,
    "F0626_rSDSS": 14.056952476501465,
    "F0660": 14.021903038024902,
    "F0769_iSDSS": 13.911693572998047,
    "F0861": 13.888260841369629,
    "F0883_zSDSS": 13.861059188842773
}