{
    "id": "gaia_xp_spectrum_6136674599949558272-Ref",
    "F0352_uJAVA": 16.088064193725586,
    "F0378": 16.005449295043945,
    "F0395": 15.902155876159668,
    "F0410": 15.300932884216309,
    "F0430": 15.280573844909668,
    "F0475_gSDSS": 14.878122329711914,
    "F0515": 14.701239585876465,
    "F0626_rSDSS": 14.339871406555176,
    "F0660": 14.298593521118164,
    "F0769_iSDSS": 14.164634704589844,
    "F0861": 14.119465827941895,
    "F0883_zSDSS": 14.092856407165527
}