{
    "id": "gaia_xp_spectrum_6136688240766219904-Ref",
    "F0352_uJAVA": 16.051116943359375,
    "F0378": 15.892071723937988,
    "F0395": 15.815177917480469,
    "F0410": 15.207877159118652,
    "F0430": 15.150534629821777,
    "F0475_gSDSS": 14.7528076171875,
    "F0515": 14.569493293762207,
    "F0626_rSDSS": 14.2152099609375,
    "F0660": 14.158742904663086,
    "F0769_iSDSS": 14.050301551818848,
    "F0861": 14.0167818069458,
    "F0883_zSDSS": 13.986123085021973
}