{
    "id": "gaia_xp_spectrum_6136686930800634752-Ref",
    "F0352_uJAVA": 16.061569213867188,
    "F0378": 15.839336395263672,
    "F0395": 15.864206314086914,
    "F0410": 15.257601737976074,
    "F0430": 15.164791107177734,
    "F0475_gSDSS": 14.840920448303223,
    "F0515": 14.668008804321289,
    "F0626_rSDSS": 14.367260932922363,
    "F0660": 14.330904960632324,
    "F0769_iSDSS": 14.238700866699219,
    "F0861": 14.220545768737793,
    "F0883_zSDSS": 14.195733070373535
}