{
    "id": "gaia_xp_spectrum_6136666456691513600-Ref",
    "F0352_uJAVA": 16.825366973876953,
    "F0378": 16.557174682617188,
    "F0395": 16.53373908996582,
    "F0410": 15.997203826904297,
    "F0430": 15.949604988098145,
    "F0475_gSDSS": 15.541492462158203,
    "F0515": 15.360069274902344,
    "F0626_rSDSS": 15.0014009475708,
    "F0660": 14.941330909729004,
    "F0769_iSDSS": 14.819443702697754,
    "F0861": 14.766497611999512,
    "F0883_zSDSS": 14.749530792236328
}