{
    "id": "gaia_xp_spectrum_6136661646328160256-Ref",
    "F0352_uJAVA": 16.729955673217773,
    "F0378": 16.409626007080078,
    "F0395": 16.45918083190918,
    "F0410": 15.91629409790039,
    "F0430": 15.839756965637207,
    "F0475_gSDSS": 15.505467414855957,
    "F0515": 15.317679405212402,
    "F0626_rSDSS": 15.009231567382812,
    "F0660": 14.972764015197754,
    "F0769_iSDSS": 14.85578441619873,
    "F0861": 14.81794548034668,
    "F0883_zSDSS": 14.795266151428223
}