{
    "id": "gaia_xp_spectrum_6136662642760750080-Ref",
    "F0352_uJAVA": 16.037683486938477,
    "F0378": 15.98929500579834,
    "F0395": 15.938810348510742,
    "F0410": 15.208934783935547,
    "F0430": 15.15855884552002,
    "F0475_gSDSS": 14.694633483886719,
    "F0515": 14.521232604980469,
    "F0626_rSDSS": 14.109526634216309,
    "F0660": 14.04930305480957,
    "F0769_iSDSS": 13.917855262756348,
    "F0861": 13.859009742736816,
    "F0883_zSDSS": 13.833212852478027
}