{
    "id": "gaia_xp_spectrum_6136700193659715456-Ref",
    "F0352_uJAVA": 16.803173065185547,
    "F0378": 16.555814743041992,
    "F0395": 16.36981773376465,
    "F0410": 16.114883422851562,
    "F0430": 15.99729061126709,
    "F0475_gSDSS": 15.753438949584961,
    "F0515": 15.580641746520996,
    "F0626_rSDSS": 15.300508499145508,
    "F0660": 15.263296127319336,
    "F0769_iSDSS": 15.128868103027344,
    "F0861": 15.087469100952148,
    "F0883_zSDSS": 15.069385528564453
}