{
    "id": "gaia_xp_spectrum_6136686866376687488-Ref",
    "F0352_uJAVA": 15.89809799194336,
    "F0378": 15.823766708374023,
    "F0395": 15.622926712036133,
    "F0410": 15.097475051879883,
    "F0430": 15.04556655883789,
    "F0475_gSDSS": 14.661172866821289,
    "F0515": 14.490694999694824,
    "F0626_rSDSS": 14.137747764587402,
    "F0660": 14.097847938537598,
    "F0769_iSDSS": 13.964627265930176,
    "F0861": 13.914717674255371,
    "F0883_zSDSS": 13.890774726867676
}