{
    "id": "gaia_xp_spectrum_6136663914071081472-Ref",
    "F0352_uJAVA": 16.331314086914062,
    "F0378": 16.126157760620117,
    "F0395": 16.145641326904297,
    "F0410": 15.661314964294434,
    "F0430": 15.58976936340332,
    "F0475_gSDSS": 15.242467880249023,
    "F0515": 15.067171096801758,
    "F0626_rSDSS": 14.729462623596191,
    "F0660": 14.670357704162598,
    "F0769_iSDSS": 14.567715644836426,
    "F0861": 14.53258228302002,
    "F0883_zSDSS": 14.497103691101074
}