{
    "id": "gaia_xp_spectrum_6136659172427157376-Ref",
    "F0352_uJAVA": 16.0571231842041,
    "F0378": 15.86341667175293,
    "F0395": 15.91888427734375,
    "F0410": 15.193746566772461,
    "F0430": 15.142878532409668,
    "F0475_gSDSS": 14.652116775512695,
    "F0515": 14.440690040588379,
    "F0626_rSDSS": 14.015541076660156,
    "F0660": 13.941412925720215,
    "F0769_iSDSS": 13.798178672790527,
    "F0861": 13.735361099243164,
    "F0883_zSDSS": 13.699444770812988
}