{
    "id": "gaia_xp_spectrum_6136605777394216576-Ref",
    "F0352_uJAVA": 15.740209579467773,
    "F0378": 15.46176815032959,
    "F0395": 15.27037525177002,
    "F0410": 14.939058303833008,
    "F0430": 14.878543853759766,
    "F0475_gSDSS": 14.659111976623535,
    "F0515": 14.535228729248047,
    "F0626_rSDSS": 14.307524681091309,
    "F0660": 14.290842056274414,
    "F0769_iSDSS": 14.209847450256348,
    "F0861": 14.197492599487305,
    "F0883_zSDSS": 14.183647155761719
}