{
    "id": "gaia_xp_spectrum_6136609831843304192-Ref",
    "F0352_uJAVA": 16.770397186279297,
    "F0378": 16.67687225341797,
    "F0395": 16.561145782470703,
    "F0410": 15.882124900817871,
    "F0430": 15.829636573791504,
    "F0475_gSDSS": 15.41800594329834,
    "F0515": 15.234184265136719,
    "F0626_rSDSS": 14.864124298095703,
    "F0660": 14.816330909729004,
    "F0769_iSDSS": 14.697027206420898,
    "F0861": 14.66263198852539,
    "F0883_zSDSS": 14.632676124572754
}