{
    "id": "gaia_xp_spectrum_6136686797657212800-Ref",
    "F0352_uJAVA": 16.223548889160156,
    "F0378": 16.013662338256836,
    "F0395": 15.942086219787598,
    "F0410": 15.420804977416992,
    "F0430": 15.32394027709961,
    "F0475_gSDSS": 14.984044075012207,
    "F0515": 14.809356689453125,
    "F0626_rSDSS": 14.500170707702637,
    "F0660": 14.469042778015137,
    "F0769_iSDSS": 14.357564926147461,
    "F0861": 14.334630966186523,
    "F0883_zSDSS": 14.306215286254883
}