{
    "id": "gaia_xp_spectrum_6136674771748261120-Ref",
    "F0352_uJAVA": 16.286462783813477,
    "F0378": 16.187448501586914,
    "F0395": 16.13383674621582,
    "F0410": 15.474102973937988,
    "F0430": 15.413676261901855,
    "F0475_gSDSS": 14.999183654785156,
    "F0515": 14.809309959411621,
    "F0626_rSDSS": 14.442654609680176,
    "F0660": 14.389671325683594,
    "F0769_iSDSS": 14.267820358276367,
    "F0861": 14.232877731323242,
    "F0883_zSDSS": 14.203591346740723
}