{
    "id": "gaia_xp_spectrum_6136677176930107648-Ref",
    "F0352_uJAVA": 16.848251342773438,
    "F0378": 16.58173179626465,
    "F0395": 16.50203514099121,
    "F0410": 16.017545700073242,
    "F0430": 15.942142486572266,
    "F0475_gSDSS": 15.65530776977539,
    "F0515": 15.468024253845215,
    "F0626_rSDSS": 15.219155311584473,
    "F0660": 15.198302268981934,
    "F0769_iSDSS": 15.098052024841309,
    "F0861": 15.077971458435059,
    "F0883_zSDSS": 15.05884075164795
}