{
    "id": "gaia_xp_spectrum_6136655049258360192-Ref",
    "F0352_uJAVA": 16.168292999267578,
    "F0378": 15.907310485839844,
    "F0395": 15.723899841308594,
    "F0410": 15.379554748535156,
    "F0430": 15.292216300964355,
    "F0475_gSDSS": 15.035842895507812,
    "F0515": 14.875898361206055,
    "F0626_rSDSS": 14.606969833374023,
    "F0660": 14.587556838989258,
    "F0769_iSDSS": 14.471904754638672,
    "F0861": 14.441625595092773,
    "F0883_zSDSS": 14.42184829711914
}