{
    "id": "gaia_xp_spectrum_6136630653844435840-Ref",
    "F0352_uJAVA": 16.45922088623047,
    "F0378": 16.32276725769043,
    "F0395": 16.349838256835938,
    "F0410": 15.67698860168457,
    "F0430": 15.629593849182129,
    "F0475_gSDSS": 15.166831970214844,
    "F0515": 14.981746673583984,
    "F0626_rSDSS": 14.559802055358887,
    "F0660": 14.503806114196777,
    "F0769_iSDSS": 14.367711067199707,
    "F0861": 14.306736946105957,
    "F0883_zSDSS": 14.279738426208496
}