{
    "id": "gaia_xp_spectrum_6136593888924345984-Ref",
    "F0352_uJAVA": 16.156400680541992,
    "F0378": 15.93030071258545,
    "F0395": 15.824562072753906,
    "F0410": 15.352421760559082,
    "F0430": 15.273664474487305,
    "F0475_gSDSS": 14.97173023223877,
    "F0515": 14.825010299682617,
    "F0626_rSDSS": 14.504388809204102,
    "F0660": 14.479097366333008,
    "F0769_iSDSS": 14.363009452819824,
    "F0861": 14.321939468383789,
    "F0883_zSDSS": 14.305161476135254
}