{
    "id": "gaia_xp_spectrum_6136660409377735552-Ref",
    "F0352_uJAVA": 15.917252540588379,
    "F0378": 15.709980010986328,
    "F0395": 15.621927261352539,
    "F0410": 14.992761611938477,
    "F0430": 14.90419864654541,
    "F0475_gSDSS": 14.545623779296875,
    "F0515": 14.375930786132812,
    "F0626_rSDSS": 14.016847610473633,
    "F0660": 13.969446182250977,
    "F0769_iSDSS": 13.861908912658691,
    "F0861": 13.83096694946289,
    "F0883_zSDSS": 13.80457592010498
}