{
    "id": "gaia_xp_spectrum_6136678242081851008-Ref",
    "F0352_uJAVA": 16.616455078125,
    "F0378": 16.56540298461914,
    "F0395": 16.404674530029297,
    "F0410": 15.767074584960938,
    "F0430": 15.740442276000977,
    "F0475_gSDSS": 15.321392059326172,
    "F0515": 15.144864082336426,
    "F0626_rSDSS": 14.769763946533203,
    "F0660": 14.710680961608887,
    "F0769_iSDSS": 14.599705696105957,
    "F0861": 14.553277015686035,
    "F0883_zSDSS": 14.533586502075195
}