{
    "id": "gaia_xp_spectrum_6136609900562779904-Ref",
    "F0352_uJAVA": 16.239805221557617,
    "F0378": 16.03099822998047,
    "F0395": 16.046262741088867,
    "F0410": 15.47177505493164,
    "F0430": 15.42644214630127,
    "F0475_gSDSS": 15.047797203063965,
    "F0515": 14.865601539611816,
    "F0626_rSDSS": 14.518654823303223,
    "F0660": 14.470787048339844,
    "F0769_iSDSS": 14.354719161987305,
    "F0861": 14.304553985595703,
    "F0883_zSDSS": 14.284534454345703
}