{
    "id": "gaia_xp_spectrum_6136630756923661312-Ref",
    "F0352_uJAVA": 16.25362205505371,
    "F0378": 15.966463088989258,
    "F0395": 16.224103927612305,
    "F0410": 15.934157371520996,
    "F0430": 15.871369361877441,
    "F0475_gSDSS": 15.47076416015625,
    "F0515": 15.314287185668945,
    "F0626_rSDSS": 14.902146339416504,
    "F0660": 14.826789855957031,
    "F0769_iSDSS": 14.711347579956055,
    "F0861": 14.660014152526855,
    "F0883_zSDSS": 14.602240562438965
}