{
    "id": "gaia_xp_spectrum_6136667384404464896-Ref",
    "F0352_uJAVA": 16.385046005249023,
    "F0378": 16.50217628479004,
    "F0395": 16.24464988708496,
    "F0410": 15.445891380310059,
    "F0430": 15.362166404724121,
    "F0475_gSDSS": 14.813655853271484,
    "F0515": 14.654296875,
    "F0626_rSDSS": 14.148021697998047,
    "F0660": 14.087919235229492,
    "F0769_iSDSS": 13.958100318908691,
    "F0861": 13.897909164428711,
    "F0883_zSDSS": 13.873156547546387
}