{
    "id": "gaia_xp_spectrum_6136608423093569664-Ref",
    "F0352_uJAVA": 16.815826416015625,
    "F0378": 16.590240478515625,
    "F0395": 16.588394165039062,
    "F0410": 16.04408836364746,
    "F0430": 15.9568452835083,
    "F0475_gSDSS": 15.625240325927734,
    "F0515": 15.457563400268555,
    "F0626_rSDSS": 15.10531997680664,
    "F0660": 15.071279525756836,
    "F0769_iSDSS": 14.93050765991211,
    "F0861": 14.89374828338623,
    "F0883_zSDSS": 14.862537384033203
}