{
    "id": "gaia_xp_spectrum_6136610480382775168-Ref",
    "F0352_uJAVA": 16.379348754882812,
    "F0378": 16.141897201538086,
    "F0395": 16.071035385131836,
    "F0410": 15.672155380249023,
    "F0430": 15.600301742553711,
    "F0475_gSDSS": 15.279780387878418,
    "F0515": 15.099376678466797,
    "F0626_rSDSS": 14.762989044189453,
    "F0660": 14.715947151184082,
    "F0769_iSDSS": 14.568904876708984,
    "F0861": 14.505791664123535,
    "F0883_zSDSS": 14.484466552734375
}