{
    "id": "gaia_xp_spectrum_6136665425896955904-Ref",
    "F0352_uJAVA": 15.66928768157959,
    "F0378": 15.383095741271973,
    "F0395": 15.523221015930176,
    "F0410": 15.316935539245605,
    "F0430": 15.392550468444824,
    "F0475_gSDSS": 15.205824851989746,
    "F0515": 15.115530014038086,
    "F0626_rSDSS": 14.813385963439941,
    "F0660": 14.664342880249023,
    "F0769_iSDSS": 14.550129890441895,
    "F0861": 14.558481216430664,
    "F0883_zSDSS": 14.467690467834473
}