{
    "id": "gaia_xp_spectrum_6136674840467729664-Ref",
    "F0352_uJAVA": 16.63041877746582,
    "F0378": 16.602745056152344,
    "F0395": 16.548320770263672,
    "F0410": 15.798731803894043,
    "F0430": 15.714048385620117,
    "F0475_gSDSS": 15.19466495513916,
    "F0515": 15.035974502563477,
    "F0626_rSDSS": 14.523598670959473,
    "F0660": 14.452073097229004,
    "F0769_iSDSS": 14.301338195800781,
    "F0861": 14.232686996459961,
    "F0883_zSDSS": 14.199756622314453
}