{
    "id": "gaia_xp_spectrum_6136607976416964608-Ref",
    "F0352_uJAVA": 16.87335968017578,
    "F0378": 16.645097732543945,
    "F0395": 16.6744384765625,
    "F0410": 16.036121368408203,
    "F0430": 16.0190372467041,
    "F0475_gSDSS": 15.577105522155762,
    "F0515": 15.388289451599121,
    "F0626_rSDSS": 15.003098487854004,
    "F0660": 14.934663772583008,
    "F0769_iSDSS": 14.80527400970459,
    "F0861": 14.739891052246094,
    "F0883_zSDSS": 14.718240737915039
}