{
    "id": "gaia_xp_spectrum_6136603818889136896-Ref",
    "F0352_uJAVA": 16.636669158935547,
    "F0378": 16.64248275756836,
    "F0395": 16.39216423034668,
    "F0410": 15.6816987991333,
    "F0430": 15.585272789001465,
    "F0475_gSDSS": 15.09589672088623,
    "F0515": 14.89953899383545,
    "F0626_rSDSS": 14.448698997497559,
    "F0660": 14.370911598205566,
    "F0769_iSDSS": 14.25522518157959,
    "F0861": 14.19804859161377,
    "F0883_zSDSS": 14.171180725097656
}