{
    "id": "gaia_xp_spectrum_6136663123797490048-Ref",
    "F0352_uJAVA": 16.5327205657959,
    "F0378": 16.28370475769043,
    "F0395": 16.207406997680664,
    "F0410": 15.697229385375977,
    "F0430": 15.643412590026855,
    "F0475_gSDSS": 15.276554107666016,
    "F0515": 15.09559154510498,
    "F0626_rSDSS": 14.762372016906738,
    "F0660": 14.733386039733887,
    "F0769_iSDSS": 14.610265731811523,
    "F0861": 14.575386047363281,
    "F0883_zSDSS": 14.554780960083008
}