{
    "id": "gaia_xp_spectrum_6136664601265859328-Ref",
    "F0352_uJAVA": 16.049190521240234,
    "F0378": 16.005128860473633,
    "F0395": 15.961395263671875,
    "F0410": 15.252647399902344,
    "F0430": 15.18244743347168,
    "F0475_gSDSS": 14.711915969848633,
    "F0515": 14.523828506469727,
    "F0626_rSDSS": 14.08380126953125,
    "F0660": 14.013289451599121,
    "F0769_iSDSS": 13.882287979125977,
    "F0861": 13.829231262207031,
    "F0883_zSDSS": 13.793925285339355
}