{
    "id": "gaia_xp_spectrum_6136676421015861632-Ref",
    "F0352_uJAVA": 16.773433685302734,
    "F0378": 16.635038375854492,
    "F0395": 16.57807159423828,
    "F0410": 15.877202987670898,
    "F0430": 15.81110668182373,
    "F0475_gSDSS": 15.351652145385742,
    "F0515": 15.169427871704102,
    "F0626_rSDSS": 14.75094985961914,
    "F0660": 14.673965454101562,
    "F0769_iSDSS": 14.575794219970703,
    "F0861": 14.53586483001709,
    "F0883_zSDSS": 14.508249282836914
}