{
    "id": "gaia_xp_spectrum_6136673088121094528-Ref",
    "F0352_uJAVA": 16.58475112915039,
    "F0378": 16.72129249572754,
    "F0395": 16.3704891204834,
    "F0410": 15.631476402282715,
    "F0430": 15.474967002868652,
    "F0475_gSDSS": 14.881197929382324,
    "F0515": 14.67380142211914,
    "F0626_rSDSS": 14.107223510742188,
    "F0660": 14.02068042755127,
    "F0769_iSDSS": 13.857998847961426,
    "F0861": 13.763975143432617,
    "F0883_zSDSS": 13.72991943359375
}