{
    "id": "gaia_xp_spectrum_6136661852486606464-Ref",
    "F0352_uJAVA": 16.684181213378906,
    "F0378": 16.370542526245117,
    "F0395": 16.486942291259766,
    "F0410": 15.85546875,
    "F0430": 15.837080955505371,
    "F0475_gSDSS": 15.436393737792969,
    "F0515": 15.271864891052246,
    "F0626_rSDSS": 14.890536308288574,
    "F0660": 14.828025817871094,
    "F0769_iSDSS": 14.701876640319824,
    "F0861": 14.649081230163574,
    "F0883_zSDSS": 14.62106990814209
}