{
    "id": "gaia_xp_spectrum_6136604815321029120-Ref",
    "F0352_uJAVA": 16.669572830200195,
    "F0378": 16.59735870361328,
    "F0395": 16.52971839904785,
    "F0410": 15.673113822937012,
    "F0430": 15.564621925354004,
    "F0475_gSDSS": 14.954214096069336,
    "F0515": 14.697781562805176,
    "F0626_rSDSS": 14.141059875488281,
    "F0660": 14.044576644897461,
    "F0769_iSDSS": 13.828895568847656,
    "F0861": 13.707108497619629,
    "F0883_zSDSS": 13.66734790802002
}