{
    "id": "gaia_xp_spectrum_6136608079496180096-Ref",
    "F0352_uJAVA": 16.099111557006836,
    "F0378": 16.077573776245117,
    "F0395": 15.970566749572754,
    "F0410": 15.302355766296387,
    "F0430": 15.236597061157227,
    "F0475_gSDSS": 14.774118423461914,
    "F0515": 14.594748497009277,
    "F0626_rSDSS": 14.1791353225708,
    "F0660": 14.117230415344238,
    "F0769_iSDSS": 13.988414764404297,
    "F0861": 13.930450439453125,
    "F0883_zSDSS": 13.908049583435059
}