{
    "id": "gaia_xp_spectrum_6136667728001857024-Ref",
    "F0352_uJAVA": 16.40398406982422,
    "F0378": 16.05863380432129,
    "F0395": 15.976865768432617,
    "F0410": 15.444034576416016,
    "F0430": 15.272662162780762,
    "F0475_gSDSS": 14.828521728515625,
    "F0515": 14.562308311462402,
    "F0626_rSDSS": 14.046976089477539,
    "F0660": 13.9347505569458,
    "F0769_iSDSS": 13.702177047729492,
    "F0861": 13.56470775604248,
    "F0883_zSDSS": 13.52607250213623
}