{
    "id": "gaia_xp_spectrum_6136610003641996672-Ref",
    "F0352_uJAVA": 16.72499656677246,
    "F0378": 16.535995483398438,
    "F0395": 16.487096786499023,
    "F0410": 15.923563957214355,
    "F0430": 15.889267921447754,
    "F0475_gSDSS": 15.521498680114746,
    "F0515": 15.335092544555664,
    "F0626_rSDSS": 14.997750282287598,
    "F0660": 14.956836700439453,
    "F0769_iSDSS": 14.811821937561035,
    "F0861": 14.766036987304688,
    "F0883_zSDSS": 14.734911918640137
}