{
    "id": "gaia_xp_spectrum_6136674256352333056-Ref",
    "F0352_uJAVA": 16.17171859741211,
    "F0378": 16.150423049926758,
    "F0395": 16.064176559448242,
    "F0410": 15.344453811645508,
    "F0430": 15.26065731048584,
    "F0475_gSDSS": 14.773484230041504,
    "F0515": 14.592108726501465,
    "F0626_rSDSS": 14.152901649475098,
    "F0660": 14.092146873474121,
    "F0769_iSDSS": 13.965436935424805,
    "F0861": 13.920903205871582,
    "F0883_zSDSS": 13.892677307128906
}