{
    "id": "gaia_xp_spectrum_6136661921206234624-Ref",
    "F0352_uJAVA": 16.803163528442383,
    "F0378": 16.374820709228516,
    "F0395": 16.070009231567383,
    "F0410": 15.769011497497559,
    "F0430": 15.704338073730469,
    "F0475_gSDSS": 15.519168853759766,
    "F0515": 15.398212432861328,
    "F0626_rSDSS": 15.229087829589844,
    "F0660": 15.253360748291016,
    "F0769_iSDSS": 15.168694496154785,
    "F0861": 15.181926727294922,
    "F0883_zSDSS": 15.159656524658203
}