{
    "id": "gaia_xp_spectrum_6136605498220718848-Ref",
    "F0352_uJAVA": 16.023624420166016,
    "F0378": 15.885518074035645,
    "F0395": 15.8177490234375,
    "F0410": 15.216146469116211,
    "F0430": 15.16926097869873,
    "F0475_gSDSS": 14.776086807250977,
    "F0515": 14.600747108459473,
    "F0626_rSDSS": 14.231635093688965,
    "F0660": 14.187397956848145,
    "F0769_iSDSS": 14.062145233154297,
    "F0861": 14.018532752990723,
    "F0883_zSDSS": 13.990728378295898
}