       id  bayes.stellar.age_m_star  bayes.stellar.age_m_star_err  bayes.stellar.metallicity  bayes.stellar.metallicity_err  bayes.stellar.m_star  bayes.stellar.m_star_err            bayes.F0378         bayes.F0378_err            bayes.F0395         bayes.F0395_err            bayes.F0410         bayes.F0410_err            bayes.F0430         bayes.F0430_err           bayes.F0515         bayes.F0515_err           bayes.F0660         bayes.F0660_err           bayes.F0861         bayes.F0861_err          bayes.sdss.gp       bayes.sdss.gp_err         bayes.sdss.ip       bayes.sdss.ip_err         bayes.sdss.rp       bayes.sdss.rp_err          bayes.sdss.up       bayes.sdss.up_err         bayes.sdss.zp       bayes.sdss.zp_err     best.chi_square  best.reduced_chi_square  best.sfh.age  best.sfh.age_burst  best.sfh.age_main  best.sfh.f_burst  best.sfh.tau_burst  best.sfh.tau_main  best.stellar.age_m_star  best.stellar.imf  best.stellar.metallicity  best.stellar.old_young_separation_age   best.universe.age  best.universe.luminosity_distance  best.universe.redshift  best.sfh.integrated            best.sfh.sfr     best.sfh.sfr100Myrs      best.sfh.sfr10Myrs        best.stellar.lum     best.stellar.lum_ly  best.stellar.lum_ly_old  best.stellar.lum_ly_young    best.stellar.lum_old  best.stellar.lum_young  best.stellar.m_gas  best.stellar.m_gas_old  best.stellar.m_gas_young  best.stellar.m_star  best.stellar.m_star_old  best.stellar.m_star_young       best.stellar.n_ly   best.stellar.n_ly_old  best.stellar.n_ly_young             best.F0378             best.F0395             best.F0410             best.F0430             best.F0515            best.F0660            best.F0861           best.sdss.up          best.sdss.gp          best.sdss.rp          best.sdss.ip          best.sdss.zp 
 T17-2421         7025.278103973092             2163.003010749981       0.022489485538118036           0.007366382766119363    504413.20993109077         97142.87702987468  0.0025822445447453626  0.00022459894401872867   0.002908973634631028   0.0002775288319329525    0.00525763429572099  0.00030021509920894135   0.006439338553679867   0.0002930060384680942   0.01188928643588716  0.00013117879315514892  0.021129558139016333   0.0005449008247015394  0.030567257601543343   0.0011608430878603739   0.009540658412643266  0.00017072181772168445  0.025937810889837026   0.0008236032792901441   0.01931335061484559   0.0004002867484081307   0.002089780773162921   0.0001686336415257874   0.03226709385765256    0.001266765292921651   7.698614657224686       0.6998740597476988       10000.0                20.0            10000.0               0.0                50.0             2000.0        6281.209073303964               1.0                      0.03                                   10.0  13728.314005334232             2.4015490534256495e+23                0.001825    859117.6827889434  1.5087597288771929e-05  1.5390070463238685e-05  1.5114786557939496e-05  1.2694072164720039e+32   4.266207194380515e+29    4.265025664787985e+29     1.1815295925294933e+26  1.2686547890675358e+32   7.524274044679649e+28   339856.1263667899       339809.0226459608         47.10372082916264    519261.5564221526        519157.5122774024          104.0441447502323   5.498123491379501e+46    5.49711237296763e+46   1.0111184118715399e+43  0.0025772694794349025   0.002971382477359167   0.005316588241101993   0.006573089944842971   0.012005281416482504  0.021281166715697356  0.030628140151835636   0.002048426131970007  0.009665932100467947   0.01948427782865543  0.026012137998176716   0.03244020964168084 
 T17-2479         8039.686969991622            1933.6189636041615       0.026530934356420042           0.004809062514118896    2449988.5040234327        387599.46737443365   0.008329015841255075   0.0006002090739487793   0.009390183119357694   0.0006826991372070303    0.01795761153275831   0.0007758828537033358   0.022587408944399458     0.00074486884502564  0.043849503618980615  0.00036782643905411736   0.08191286851760987    0.001519836774819978   0.12058079824876738    0.003228654010904046   0.034858189290757374  0.00041829615743080577    0.1013878344839964    0.002290400900390099   0.07428077956958187   0.0011080225151920422   0.006787201514817534   0.0004641711742497168    0.1276678291969812   0.0035593352687251106    8.98182671361636        0.816529701237851       12000.0                20.0            12000.0               0.0                50.0             2000.0        8118.742419634408               1.0                      0.03                                   10.0  13728.314005334232             2.4015490534256495e+23                0.001825   4189082.9046469186   3.171448230534111e-05   3.237734159231489e-05   3.177402135419465e-05   4.917313833526101e+32  2.0403763287570519e+30   2.0401279498179267e+30     2.4837893912517735e+26   4.915732094721824e+32  1.5817388042762777e+29  1697603.6061708156      1697504.5856106672         99.02056014821223    2491479.298476102       2491260.5788227078         218.71965339373432  3.3680512011611275e+47  3.3678386457413918e+47    2.125554197359794e+43   0.008546167537482741   0.009819871205722407   0.018362668390435193   0.023112148213951546    0.04415235353138948   0.08182279168372063   0.11973840321654416   0.006847964287273468  0.035246140713256206    0.0743459977223903   0.10090085244446209   0.12693877884803542 
 T17-2601         5067.053620237784            2118.3905937450004       0.007619098487406478           0.006803440352771587     581209.7064780362        151343.49200717756   0.010121417806181757   0.0008980740792930586   0.012146925182443449   0.0014162753391151067   0.018237541027771666   0.0013927851568459211    0.02049371318933979   0.0012358681454736314   0.03189573922994586   0.0006389033476868939  0.047649449451569785   0.0014196037326821077   0.06631162145452218   0.0028794688566955253   0.026699132827666252   0.0008125053609332253  0.057394259623081596   0.0018857312323933382  0.044767686195692324   0.0010903378246327458     0.0079532300251892   0.0006200417292403439   0.06978047153759588    0.003422846676430338   8.023488828782755       0.7294080753438869        5000.0                20.0             5000.0               0.0                50.0              500.0        3992.271258331438               1.0                     0.004                                   10.0  13728.314005334232             2.4015490534256495e+23                0.001825    955653.5743497245   8.697304376161302e-07   9.519965421017065e-07   8.768149202023141e-07   2.747477053803904e+32  5.5260379750437776e+29    5.525936538429595e+29     1.0143661418234828e+25  2.7474024999941404e+32   7.455380976388881e+27   449321.0791364524      449317.59283264814         3.486303804216422   506332.49521327234        506327.2133678745          5.281845397806719  1.2280668234388591e+47  1.2280466115020717e+47   2.0211936787356823e+42   0.010131692295889519   0.011744915132934302    0.01762739749992937   0.019856961615666302    0.03160436358850784  0.047939684908698564   0.06745499036639575   0.007972536482559056  0.026200929551866817  0.044858855040344564    0.0581268917463445      0.07098696009219 
 T17-2460        10019.272479943565            1370.8931755194933        0.02951796915042016          0.0021420151871279626      913557.490524851        113291.42861329741  0.0019275629082084562  0.00012359576956925557   0.002207076724572034  0.00012018775481622994   0.004465280034861091   0.0001473010091981962   0.005788121180287788  0.00012164311348652859  0.011846167395105304  4.0970667023480424e-05  0.023373823188719972   0.0005090265262249601   0.03496992465969778   0.0009752323793404572   0.009342814312245781  4.0445007297967315e-05  0.029166888634554668   0.0007261711646703774  0.021019642780985573  0.00039000035179841575  0.0015688568711344356  0.00010416309004731524   0.03711431259195097   0.0010597833129638282  3.5123475128974886      0.31930431935431713       13000.0                20.0            13000.0               0.0                50.0             1000.0       10989.383069173178               1.0                      0.03                                   10.0  13728.314005334232             2.4015490534256495e+23                0.001825    1708018.209924108   5.023683333349169e-08  5.2603648904703714e-08  5.0446115110872074e-08  1.4428831681039403e+32   7.738007001775028e+29    7.738003058379757e+29      3.943395270794348e+23  1.4428806568518422e+32  2.5112520982592095e+26   712387.6902129075       712387.5330026344       0.15721027313152175    995630.5197112011        995630.1724603231        0.34725087797719906  1.6021157059342427e+47   1.602115368470028e+47    3.374642149293264e+40  0.0018411763896269689  0.0021254907407376395    0.00436155461403231   0.005703619422910761   0.011840209925138777   0.02372692305294832  0.035659934660089224  0.0014960043525307097  0.009321185596715785   0.02128666632592619  0.029677003734470343   0.03786314115668469 
 T17-2371         6161.241621021311             2377.454035843383       0.019304907616218905           0.009901306596722824    1729292.0448208658         341966.7866595966   0.013853746756537956   0.0010275411657095623   0.015840172351691502    0.001438231319991319   0.026753743176170332   0.0015808179674287426    0.03186899642938631   0.0017247797962881032   0.05516125299467564   0.0008966584291656224   0.09206657745721754   0.0020776614188897143   0.13000782243679104    0.004493932601512852     0.0449199246924287   0.0011714660715456207   0.11165036611648557    0.003215877132633922   0.08508051810689167   0.0015114243718011445    0.01106886277755737   0.0007702816080636918   0.13698345988376842     0.00471401164789632      8.230544594919       0.7482313268108182       12000.0                20.0            12000.0               0.0                50.0             5000.0        5642.981541613425               1.0                      0.03                                   10.0  13728.314005334232             2.4015490534256495e+23                0.001825    2980283.281112452  0.00018768395955278595   0.0001887698077433377  0.00018778250557579824  5.4732754988168774e+32  1.5777448374458545e+30    1.576276933241937e+30     1.4679042039174282e+27   5.463927520085371e+32    9.34797873150718e+29  1153855.3882769758      1153270.1828765995         585.2054003764176    1826427.892835476       1825135.2731800943          1292.619655381565  2.0115126092618293e+47  2.0102564198469987e+47   1.2561894148305034e+44   0.013693481467323396   0.016132446057639815   0.027162477899340773    0.03279368297655511     0.0558929501460512   0.09288710374733702   0.12989757841784894   0.010710872267481464  0.045776071073261676   0.08606563995941957   0.11181064554032871   0.13738384153371022 
 T17-2402        10148.212575239657            1320.4354712618876       0.029596671897502008           0.001967414465238372     1326786.438443661        154451.02907350642  0.0027398135211489354   0.0001683649828704664  0.0031405116272245816  0.00016226152352811338   0.006370014904147736  0.00020256655144863784   0.008268761500934023  0.00016856325749823732   0.01696382370864435   5.574324865850169e-05  0.033556102022942805   0.0006677946133159615   0.05024070869350208   0.0012903530552355758    0.01337471150102735   5.985594541266241e-05   0.04188876927015424     0.00095738150077786   0.03016471962499779   0.0005082780896641589   0.002229635154962238   0.0001423446688659097   0.05332515173809723   0.0014023810908416758  15.374788131902404       1.3977080119911276       12000.0                20.0            12000.0               0.0                50.0              500.0       10997.485875298798               1.0                      0.03                                   10.0  13728.314005334232             2.4015490534256495e+23                0.001825    2483177.951407526   4.508312960784122e-12   4.964515485744154e-12   4.547433645669933e-12   2.070353395341298e+32  1.1292480462006464e+30   1.1292480461650988e+30     3.5547491205563953e+19  2.0703533951149226e+32  2.2637525722812253e+22   1036483.329686574      1036483.3296724025     1.417162221336578e-05   1446694.6217209513       1446694.6216896486      3.130271424333355e-05  2.4069041307091843e+47   2.406904130678764e+47    3.042050159474965e+36  0.0026089563014047154   0.003015016806226702   0.006213354932960044   0.008138007987280902    0.01694811006181279   0.03406574652874377   0.05122837583957949  0.0021191203673079063  0.013336915679255823  0.030547587909259082  0.042625968540181094   0.05438054600060604 
 T17-2279         8014.923480109761            2021.3658953002039       0.025140312979045856           0.005380026386268452     624708.2983576938        109567.90325408582  0.0022603177533655028  0.00018183820409740196   0.002541272114590812  0.00020507820059104787   0.004824816019291229  0.00022943175243946964   0.006036311612317172  0.00021346051855573452  0.011638115945263712   9.410827008490691e-05  0.021580555762015154   0.0004859167031709113  0.031702721515272994   0.0010133089369584042   0.009263110157953568  0.00011185339322929697   0.02668942157973194   0.0007225438169034412  0.019589878310447575  0.00035941652170194465  0.0018445843365406057  0.00014112316335029398    0.0335386091866006   0.0011194402645078954     10.045677853867       0.9132434412606364       12000.0                20.0            12000.0               0.0                50.0             2000.0        8118.742419634408               1.0                      0.03                                   10.0  13728.314005334232             2.4015490534256495e+23                0.001825   1110434.3254537543   8.406816137914265e-06   8.582525648075782e-06   8.422598638537133e-06  1.3034724291846407e+32   5.408591722502832e+29    5.407933324218524e+29     6.5839828430808344e+25  1.3030531447965894e+32   4.192843880511831e+28  449997.61480371945       449971.3666173223         26.24818639713713    660436.7106500345        660378.7328500461         57.977799988234224   8.927967645391572e+46    8.92740420742792e+46    5.634379636512729e+42    0.00226540223736615  0.0026030332429737833   0.004867542073479808  0.0061265253746296145   0.011703823969785235  0.021689433835092243   0.03174003380529412   0.001815245670033079  0.009342981597322097  0.019707499161563422   0.02674661079101245   0.03364869602071583 
 T17-2342        11518.564422197958             671.6184911725603       0.029998654322242958         0.00011599554663359786    1139952.9057544065         59347.45910594317   0.001956923675184415   4.562131292289403e-05  0.0022705048681591817  4.0192558293087986e-05   0.004696653295315662   4.729734704763062e-05    0.00617071007151309  3.1987948476632884e-05  0.012912865285274484  3.7857412768062386e-05  0.026105214158252642   0.0003106111289714068   0.03934479219753795   0.0005846942964069453    0.01015605973494276  2.0398304674793807e-05    0.0326992323561025   0.0004383267042009922   0.02338817939709671   0.0002454462119299689   0.001589792030966883  3.7535321659906134e-05   0.04178548594557148   0.0006340498876650374  20.717909499745033       1.8834463181586394       13000.0                20.0            13000.0               0.0                50.0              500.0       11997.810659104722               1.0                      0.03                                   10.0  13728.314005334232             2.4015490534256495e+23                0.001825   2037948.7658845033   5.424695945987085e-13    5.97559650907632e-13   5.471927006674101e-13   1.604482637169576e+32   8.775337715021597e+29    8.775337714978823e+29     4.2774296955921736e+18   1.604482637142336e+32   2.723973520424777e+21   855801.1296803411       855801.1296786357     1.705271332359917e-06    1182147.636204161       1182147.6362003942      3.766655674314185e-06   1.869977134392649e+47  1.8699771343889886e+47   3.6604990243537755e+35  0.0019245108143707622   0.002242074422914582   0.004662528286717987   0.006147294577144384   0.012936909366117792  0.026320661124927553   0.03975450986903309  0.0015632562167253998  0.010168297972447969   0.02355789152778932   0.03300454884087462  0.042231827785963655 
 T17-2352         9612.491229078847            1641.8518424314684       0.027612974968546224           0.004267046646053669    2066200.0062545766        310627.38379039586   0.005062838528026374   0.0004052626998762457   0.005744785338275184   0.0003993367156263949   0.011439372228216024   0.0005053514698556332   0.014655079918206498   0.0004200361446151161  0.029511746560050865  0.00014914547742638559  0.057221071357500715   0.0013051332347353245   0.08524194071875946    0.002542429320834908   0.023330082706172296   0.0001833572544166703   0.07125716458837494   0.0018660226032087448  0.051585533339719436   0.0009832994127875186   0.004141218642396434    0.000352191188475823   0.09037731291376594   0.0028188347546487923    14.5577272100566       1.3234297463687819       13000.0                20.0            13000.0               0.0                50.0              500.0       11997.246050282653               1.0                      0.02                                   10.0  13728.314005334232             2.4015490534256495e+23                0.001825   3938928.1098132343   1.048480104433076e-12  1.1549576444963726e-12  1.0576088791947732e-12  3.4050748472930376e+32   1.691234871591198e+30   1.6912348715831836e+30      8.014551192716594e+18   3.405074847232573e+32    6.04647297740545e+21   1940888.791461714      1940888.7914576442    4.0698904889173265e-06    1998039.318351515       1998039.3183450087      6.506198303030404e-06   3.834016531512031e+47   3.834016531496222e+47   1.5809753123990718e+36   0.005219246107935417   0.005839772262443505   0.011661831753574955   0.014691556414500387    0.02941413124918249   0.05655329604754366    0.0845535213250375   0.004378396156884751  0.023292212325926258   0.05098364496904337   0.07061614331768046   0.08942166127596206 
 T17-2511         7253.013825001659            2258.6134309109293       0.021000684064978535           0.007763783480313691    1895578.4270586162        309754.52477363974   0.009750401788135327   0.0007194875102260507     0.0109225629784113   0.0008497022499821443   0.019780416461216862   0.0009235152596376261   0.024180425595880232   0.0008923706294079952   0.04475911136176077   0.0004178756362323804   0.07957039616761608   0.0015456904792443646   0.11515144023209942   0.0033546053430650634   0.035886686232687426   0.0005311614355939696   0.09773293943604686   0.0023414056820805305   0.07271258596129063    0.001128528505094108   0.007915334398027687   0.0005643578597432931   0.12146212965602404   0.0037154564164514564  28.743159415356157       2.6130144923051053        7000.0                20.0             7000.0               0.0                50.0              500.0        5994.254224163001               1.0                      0.02                                   10.0  13728.314005334232             2.4015490534256495e+23                0.001825    3269472.883235323   7.626497524887852e-08   8.372540870048276e-08   7.690606777144323e-08   4.688224635252678e+32  1.3193861192276022e+30   1.3193855364340674e+30      5.827935348406345e+23    4.68822023844333e+32   4.396809347256866e+26  1537324.5960331187      1537324.3000831886       0.29594992999806785    1732148.287202202       1732147.8140914545         0.4731107477163643   2.476259927829298e+47   2.476258778192632e+47   1.1496366654269535e+41   0.009692903842468011   0.010735645107292116     0.0196312444290833   0.024026739306536468   0.044766463109814865   0.07977194347319283    0.1157588936224488   0.007930856704721575  0.035802202810007365   0.07282827276248612   0.09816431917662208   0.12194684801188911 
 T17-2492         4928.107696887639             2159.862927454056       0.011936011010334577           0.009240935589918217     580213.4519591983         148342.8877624396   0.008602805038952329   0.0006730407725382578   0.010188223267418058   0.0010945229306973147   0.015800413880660513   0.0011620660259708433    0.01805110945260756   0.0011079862282113914   0.02870542487117907   0.0005393260040444737   0.04398609786344987   0.0013015483424408901  0.061291822252277715   0.0020133274525188935   0.023899294536194694   0.0007408834946815785   0.05297844931743878    0.001605109189224197  0.041209097319394414   0.0010225175732470006   0.006784658374865182    0.000488759626903913   0.06459701017586153   0.0020898485223538885   6.747755623711188       0.6134323294282898        5000.0                20.0             5000.0               0.0                50.0             5000.0       1910.4839034524405               1.0                      0.03                                   10.0  13728.314005334232             2.4015490534256495e+23                0.001825    730198.1724424339  0.00020334632209110723  0.00020333242658603334  0.00020334616941776915   2.563016946681401e+32   5.139240402144394e+29    5.123344741575611e+29     1.5895660568782995e+27   2.552894195038365e+32  1.0122751643035645e+30  252508.16698674017      251874.45898436662         633.7080023735359   477690.00545569387        476290.2517638897         1399.7536918041558   4.921844708844491e+46   4.908241668199907e+46   1.3603040644583538e+44   0.008719668662336175   0.010518429584987945   0.016513561172295094   0.019336832416258224   0.029862166271902225   0.04446657062422801   0.05883536937090755   0.006700991717735592   0.02509955329523051   0.04211060592616716   0.05199433691712835   0.06206023433931913 
 T17-2517         7069.502129943092            1938.4815237544908        0.02521398348809798           0.005691789203381977     2762167.056325921        485809.53888718167   0.012160289967053872   0.0009353176413738709   0.013716265593518169   0.0011333432967780344    0.02534143289882513   0.0012468324151107186    0.03141365974959042   0.0012163690914677046   0.05913185885161449   0.0005767219166912829   0.10717986144942351   0.0022004696515836343   0.15611255311716302    0.004765281159843968    0.04726760264615784   0.0007066099301536453   0.13196683279087784    0.003361522795844608   0.09766742193567318   0.0015939828694134597   0.009851511574386974   0.0006992022290646736   0.16505119301992088   0.0052121994048114914   7.762890820347613       0.7057173473043284       11000.0                20.0            11000.0               0.0                50.0             2000.0        7187.174998213112               1.0                      0.03                                   10.0  13728.314005334232             2.4015490534256495e+23                0.001825    4929192.938958762   5.693268219321311e-05   5.810054792504501e-05  5.7037617139406645e-05  6.4574819979807615e+32  2.4374181684276333e+30   2.4369723028358218e+30      4.458655918113308e+26   6.454642615098527e+32   2.839382882234482e+29  1975252.6111507544       1975074.859120701        177.75203005324687   2953940.3278080085        2953547.703666668          392.6241413408197  3.6155910610123667e+47   3.615209502300718e+47    3.815587116487592e+43   0.012119115679160108   0.013937323045689636    0.02550069963883502    0.03180942601351444    0.05945365741178712   0.10782079116530009   0.15653969504656035    0.00967508758970119   0.04765237981821039   0.09832853814281776    0.1324021019360351   0.16588439728995272 
 T17-2467          6232.83064895087             2549.499987068715        0.01354051183067613           0.009839871911305326     884716.7586905769         199278.9150288595   0.009016892169216285   0.0006717426324860115   0.010333049562822966   0.0009905467325157628    0.01680922639366418   0.0010896616678305437    0.01961686595750175   0.0011422064065885829  0.032934338298262734   0.0005802519763896825  0.053128394306199575    0.001223334708634432   0.07445630882542004    0.002236466671407002    0.02701180901441079   0.0007787999546317681   0.06423447931339146   0.0017113698032804917   0.04935500339742019    0.000910888083845438   0.007200754987332429   0.0005017563499188764   0.07832688883300955   0.0022869353753140866   9.251688649680474       0.8410626045164068       11000.0                20.0            11000.0               0.0                50.0              500.0         9997.25763574684               1.0                     0.004                                   10.0  13728.314005334232             2.4015490534256495e+23                0.001825   2247344.8547301185  2.7635864075361894e-11   3.042052732964978e-11  2.7874718737888358e-11  2.9585581586301795e+32  1.2524290297459066e+30   1.2524290294234308e+30      3.224759324811946e+20  2.9585581562600478e+32   2.370131290109575e+23  1118848.2425428638      1118848.2424320313    0.00011083266917371793   1128496.6121872524       1128496.6120193377     0.00016791451820516562   2.745836037178031e+47  2.7458360365354756e+47    6.425552760502209e+37   0.008922110282374503   0.009658703247490541    0.01600569235799008    0.01860073698069057    0.03260514705232355  0.053789564853446346   0.07510032781394861   0.007262981830466651  0.026405392494489068    0.0497384432399889   0.06515003638113506   0.07840294148346712 
 T17-2475         7280.156606116451             2457.603861169161       0.015055755026855772           0.009138028309677443     462936.5176039893         91602.11929919553   0.003259534976964143   0.0002786721627599914  0.0036594082992573154  0.00035549788585595925   0.006285097200078005   0.0003745028553409257   0.007486924729649863   0.0003776098935872104  0.013266426084265799   0.0001721926858560466   0.02254567827007116   0.0005591225323564029   0.03210747642852866   0.0011732801570425357   0.010736582902362218   0.0002359694604361232   0.02749335540935221   0.0008425303593927302  0.020754211695918054   0.0004056024518106937  0.0026361914319489683  0.00021596606312462616  0.033775571057884354   0.0012565227385788484   9.466459975030622       0.8605872704573293       10000.0                20.0            10000.0               0.0                50.0              500.0         8996.40678582624               1.0                     0.008                                   10.0  13728.314005334232             2.4015490534256495e+23                0.001825   1043667.2198595117   8.621001432986515e-11   9.485240990547709e-11   8.695154845269273e-11  1.2945834176902531e+32   5.869643285059284e+29    5.869643277113046e+29      7.946237845777209e+20   1.294583411443242e+32   6.247011049120356e+23  513291.28752070863      513291.28718036285    0.00034034575095352997     530375.932338804        530375.9318096343      0.0005291697335733975  1.2926785469553888e+47  1.2926785447510554e+47   2.2043335994854917e+38  0.0031701379321319705   0.003450644657100811   0.006080349350044117   0.007219500729566022   0.013172754129158413   0.02280302316296982  0.032639042914263436  0.0026085257821845233   0.01058104291203769  0.020911336799053493   0.02793660370673666   0.03421666978706078 
 T17-2668         5766.904259566549             2478.587426221704       0.016829249385729775           0.010279385487498589     832874.1198877315        184260.71356634263    0.00836453360335358   0.0006116498446979203   0.009649209403364336   0.0009001961264557995    0.01578562454607188   0.0010064264594557585   0.018529135352454606    0.001082821365533103  0.031081224789041483   0.0005812350002556724  0.050250464209915094   0.0011842750888527902   0.07031691641605341    0.002297760811377581   0.025509600627313854   0.0007558195489937954  0.060660806513287376   0.0017067002806926827   0.04668998328833023   0.0008911937330054687  0.0066526064955555984  0.00045616905185061313   0.07405499664009149   0.0023717591339185266  10.160327995005472       0.9236661813641338        9000.0                20.0             9000.0               0.0                50.0             5000.0        3879.996854250619               1.0                      0.03                                   10.0  13728.314005334232             2.4015490534256495e+23                0.001825    1248032.931981118    0.000138278594768628  0.00013888589563231508  0.00013833388973124712   2.960310103388668e+32   7.019093839602094e+29    7.008280217872099e+29     1.0813621729995624e+27  2.9534237203622557e+32   6.886383026412341e+29   465293.6330595991      464862.52932564064        431.10373395845863    782739.2989215176        781787.0637581636          952.2351633540128   7.249041596734355e+46   7.239787616047503e+46    9.253980686852599e+43    0.00835668003146913   0.009914614437738816   0.016224659077798142   0.019348973373306568   0.031762742691225955   0.05065385718651263   0.06948875177827399   0.006493522151725692  0.026250000935390864   0.04730505433619534  0.060361888346526164   0.07341743699453762 
 T17-2755          9852.50099507139            1452.5949583054332       0.028875308854275968          0.0031595794440270374    1690762.2542811749        225723.18513351688   0.003757837133216718   0.0002593991270510147   0.004287608070731861  0.00025024738686302224   0.008629548062987581   0.0003120045389756134   0.011140334482929067   0.0002519171855388655  0.022675365612457546   8.454735743850222e-05   0.04447105366156899    0.001022725322377155   0.06643652767651481   0.0019382118569479026   0.017897262008154172   8.636926152744082e-05  0.055454020651438875   0.0014447840675825437   0.04002627838795321   0.0007865157396110615   0.003064616626017239    0.000224907262409022   0.07048764803154928    0.002124489303790372  12.876481889225477       1.1705892626568615       11000.0                20.0            11000.0               0.0                50.0              500.0        9997.238423440063               1.0                      0.03                                   10.0  13728.314005334232             2.4015490534256495e+23                0.001825   3069626.1056720437   3.774755335834848e-11  4.1551097350663034e-11     3.8073802579072e-11   2.733362015159741e+32  1.4771457058345537e+30    1.477145705536929e+30      2.976246093509632e+20  2.7333620132643937e+32   1.895347469379166e+23  1272214.0681040988      1272214.0679854455    0.00011865319835742002    1797412.037567943       1797412.0373058585     0.00026208482743330004   3.103853030380827e+47   3.103853030126129e+47    2.546984216422167e+37  0.0036278551717054894     0.0041595072252859   0.008482503622112305   0.011031782318993582    0.02270687865517054  0.045026003079889625   0.06741828216573469   0.002951246952326672   0.01789490554285621   0.04046413829831364  0.056212215174446356   0.07155251876048335 
 T17-2772         6892.482017231753            2455.5209355541233       0.014733828559642673           0.009427844815545235     691795.3362510728         138759.3509906623  0.0054755787969994274  0.00044129580334523156   0.006183872021913001   0.0005834647218125045    0.01043893484548081   0.0006231872194083338   0.012360006777782262   0.0006454618245314714   0.02154029586872927   0.0003120585506473167   0.03603382062551421   0.0008297561819216842   0.05104164201021824    0.001726522276397934   0.017501330166564355  0.00042172640708331913   0.04381642600838079   0.0012474997099794114   0.03326307320547507   0.0006004909369959142   0.004411301888434322  0.00034006447197486176  0.053692275368400696   0.0018320693731717246  5.6040810472325715       0.5094619133847792        8000.0                20.0             8000.0               0.0                50.0              500.0        6994.879698745738               1.0                     0.008                                   10.0  13728.314005334232             2.4015490534256495e+23                0.001825   1371965.8089438966   4.949904629286001e-09  5.4391197438661986e-09   4.991917063255922e-09  2.0575923515797142e+32   6.617101877813678e+29    6.617101421617544e+29      4.561961344783482e+22    2.05759199293675e+32  3.5864296387336438e+25   663714.2279764086       663714.2084370467       0.01953936176899633    708251.5809674886        708251.5505876797       0.030379808863562886  2.0305416323748876e+47   2.030541505823369e+47   1.2655151868131224e+40   0.005415355800557799   0.005941607540461161   0.010160346871062003    0.01198284259847939   0.021361745813603197  0.036205313445244185  0.051553057919561086   0.004455018273913355  0.017232572792557847   0.03331946784298805   0.04422602704148266   0.05409363342563748 
 T17-2756         6131.578027825967             2423.895697192546       0.019009243551349718           0.010022597214248703     826473.9599111994        167552.06007526605   0.006782614688286431   0.0005204929167281032   0.007759678736036554    0.000729548165993911   0.013059406486611988   0.0008081963356652464   0.015531001506668956   0.0008812310425655311   0.02679177635802889   0.0004765971144502089   0.04455937626096266    0.001001260854805517   0.06284177018414155   0.0021712500899625045   0.021835212268995353   0.0006106597639252776  0.054003854820966375   0.0015485856002167057   0.04120334500475263   0.0007293719391155873   0.005416692168930997  0.00038832202847936554   0.06620529310041891   0.0022798254839751287   9.766421252354016       0.8878564774867287       11000.0                20.0            11000.0               0.0                50.0             5000.0        5028.374288117088               1.0                      0.03                                   10.0  13728.314005334232             2.4015490534256495e+23                0.001825    1318779.047408272   9.963032796969953e-05   0.0001001688732847794   9.967923884600826e-05  2.6295686678807043e+32   7.115171402701785e+29    7.107379432235917e+29      7.791970465868727e+26  2.6246065474645978e+32   4.962120416106544e+29  504789.87887779996       504479.2384978602        310.64037993970015    813989.1685304708        813303.0165219504          686.1520085203825    8.42905144884845e+46    8.42238330879287e+46    6.668140055580086e+43    0.00684552219499658   0.008080505035021456   0.013477446890830204    0.01620474463502663   0.027284191808728687   0.04474099787202181   0.06219172061360715   0.005343512443194541   0.02240911742929992   0.04155974602119104    0.0536854643885166   0.06575495264173531 
 T17-2759         3792.461811928208            1712.3767687115885       0.022923498622175943           0.008694624499878005    2069280.8806746812         386953.3596064595    0.02795561751414657   0.0014652854772770052   0.033224740267489374   0.0021922263774860817    0.05300766637845375    0.002467295703148329    0.06199883140444705   0.0026284784628322353   0.09941708546194489    0.001628349395409363   0.15440319427815652   0.0036016985690419286    0.2120369634878683   0.0064281522653720875    0.08266453622719384   0.0019123887170276832   0.18421769031753105    0.004758198506973643    0.1447133889830829    0.002936677574243118   0.021830257646181173   0.0011078065601408745    0.2238421932159576    0.006662123296603295   9.294616221754568       0.8449651110685971        6000.0                20.0             6000.0               0.0                50.0             5000.0       2361.9952045384343               1.0                      0.03                                   10.0  13728.314005334232             2.4015490534256495e+23                0.001825   2818032.2868723758    0.000603885847759185   0.0006048546819291061   0.0006039761253209955   8.910121619368162e+32  1.8510557800684894e+30    1.846334471815061e+30      4.721308253428231e+27   8.880055155207793e+32   3.006646416036768e+30   997001.6424653108       995119.4112683603         1882.231196950351   1821030.6444070607        1816873.114350801          4157.530056259606  1.8128367041790256e+47  1.8087963468884883e+47    4.040357290537506e+44    0.02876645794469946   0.034519500609665174    0.05480326877152016    0.06449954518914706    0.10136571247413297   0.15398241480818453    0.2059904764438816   0.022172492166200826    0.0847644532718898   0.14521569277444613   0.18109212148362017   0.21737351149409567 
 T17-2631        11289.359284055041             817.0509927940741       0.029992694989141984           0.000270179120932748    1110612.4897848964         70211.92470442849   0.001957779663356781  5.9838031900070766e-05    0.00226710161342109  5.4084183889403006e-05   0.004676927129541556   6.649880849061307e-05   0.006134259246231987   5.032133329492958e-05  0.012800309654963631   2.611460523862465e-05  0.025795950003504455   0.0003358452577642791   0.03883867431682731    0.000644723777373993   0.010070883670899079  1.0729330377065898e-05   0.03229484169162522   0.0004798232491884535  0.023122518314105465  0.00026090599977222965  0.0015906801426190838   4.939972822684069e-05   0.04124381397702233   0.0006982766259488879  14.789891859567762       1.3445356235970694       13000.0                20.0            13000.0               0.0                50.0              500.0       11997.810659104722               1.0                      0.03                                   10.0  13728.314005334232             2.4015490534256495e+23                0.001825   2018794.3340269618   5.373709890505855e-13   5.919432606402552e-13   5.420497032214812e-13  1.5894023005807734e+32   8.692859386271099e+29    8.692859386228726e+29     4.2372266556526075e+18  1.5894023005537896e+32   2.698371225581963e+21    847757.559254784       847757.5592530947     1.689243695119424e-06   1171036.7747721768       1171036.7747684454      3.731253337095389e-06  1.8524014474099887e+47  1.8524014474063626e+47   3.6260944405387595e+35  0.0019064225719821134   0.002221001438906265   0.004618705752095514   0.006089516905272912   0.012815316933055352   0.02607327644166048  0.039380862080107513  0.0015485633622334721  0.010072727380153959   0.02333647377895767   0.03269434311227915   0.04183489598812497 
 T17-2630          7156.82358598981             2082.608593655851       0.022959755220815177           0.006827487009492075    1972445.4553506784        354669.43217800226   0.009507168015339145   0.0007921620180161384   0.010695967763711012   0.0009531615980375302   0.019517399436733304   0.0010506541647693714   0.023997343794341923   0.0010157927050982157   0.04468202302303244   0.0004890495021433166   0.08005187383427798   0.0016887460180171289   0.11617101781018546   0.0037077015641570807   0.035793463313428406    0.000611053763563163   0.09841994133683576   0.0025909604440910432   0.07307136329544706   0.0012115741190945478   0.007708947934649394   0.0006025213316191444   0.12267330367418045    0.004076187965906205  11.424477700518299          1.0385888818653       10000.0                20.0            10000.0               0.0                50.0             2000.0        6281.209073303964               1.0                      0.03                                   10.0  13728.314005334232             2.4015490534256495e+23                0.001825   3231624.2932771915   5.675293024734137e-05  5.7890701798612736e-05   5.685520436475114e-05   4.774953747308786e+32   1.604760219200488e+30    1.604315779537455e+30      4.444396630330133e+26   4.772123445095342e+32  2.8303022134437108e+29  1278389.8366759773       1278212.653117095        177.18355888231042   1953234.4566012109       1952843.0881164458          391.3684847652009  2.0681531527206362e+47  2.0677728142770624e+47    3.803384435734692e+43   0.009694558530126067   0.011177038944513305   0.019998675456803405   0.024725084319873056     0.0451586084774664   0.08005042466879911   0.11520964328339446   0.007705281573961451   0.03635900135548002   0.07329131599717482   0.09784626572008029   0.12202585473126053 
 T17-2658         5574.157678711745            2522.5356478289063       0.014794123050336543           0.010281228297436173     675096.5771586489        160624.38934224838   0.007763749281488781   0.0005459277514203538   0.009001050864367161    0.000849582287786393   0.014447726873595832   0.0009519106258048947    0.01679765053141133   0.0010131326909000816  0.027676469281913144   0.0005406350441514075   0.04389984951477657   0.0010804565832171899   0.06119103854770192   0.0018866273730386534   0.022818585462507507   0.0007080562150889529   0.05289673494392835   0.0014647287105148648   0.04091526533495969   0.0008327424689470524   0.006160218206154429   0.0004019499114175481   0.06442408943722336   0.0018941045295501394   9.622233857710217       0.8747485325191107        5000.0                20.0             5000.0               0.0                50.0             2000.0          2388.6115107501               1.0                      0.03                                   10.0  13728.314005334232             2.4015490534256495e+23                0.001825    839026.6583260652  0.00012083780846189053  0.00012264179469571393  0.00012100100367383538  2.5618636525787397e+32  5.5269626308308735e+29   5.5175039285185144e+29      9.458702312359757e+26   2.555840115906004e+32  6.0235366727357984e+29  298600.58611426014        298223.498586411         377.0875278491406    540426.0722118046        539593.1497029153          832.9225088892134     5.4900237758361e+46   5.481929295493916e+46    8.094480342184173e+43   0.007896769946504935   0.009402071843943993   0.015092619519574546    0.01785292545062361   0.028542408213237176  0.044139046652630194  0.059614878797608295   0.006104391969251003   0.02373917196213589   0.04146779937155248  0.052180077836807656   0.06292336287250755 
 T17-2618          7991.53108566453            1990.6650018714063        0.02559468446205279           0.005161825282821299    2050522.0218330538        336370.19659059565   0.007308101048788606   0.0005542216105076611   0.008221828612459802   0.0006284261570979553   0.015644087978952604   0.0007142354589318953   0.019603420103525844   0.0006814582637193263   0.03786833240452825   0.0003420534969577782   0.07035764148916263   0.0013199156609952497   0.10341497578966052   0.0028421547009146414   0.030129189084171323   0.0003896926473660735   0.08703148661438408     0.00200117576912181   0.06385059660921005   0.0009549609626765949   0.005961739681808688  0.00042891042366722257   0.10943031184927093    0.003142983683483528   4.401650740682133      0.40015006733473935       12000.0                20.0            12000.0               0.0                50.0             2000.0        8118.742419634408               1.0                      0.03                                   10.0  13728.314005334232             2.4015490534256495e+23                0.001825    3613414.898930557   2.735624610027814e-05  2.7928014594233842e-05  2.7407603232875557e-05   4.241571597704669e+32  1.7599857519118212e+30    1.759771505457491e+30     2.1424645433011028e+26   4.240207223045182e+32  1.3643746594865352e+29  1464317.2032263444      1464231.7901716293         85.41305471493341   2149097.6957042115       2148909.0327265975         188.66297761382222  2.9052102017690558e+47   2.905026855929882e+47   1.8334583917411447e+43   0.007371744558800903   0.008470414581906505   0.015839251945220758    0.01993605345216314   0.038084892494296196   0.07057862097073188   0.10328383085397132   0.005906910115225791  0.030402580441128188    0.0641292955906742   0.08703495534384595   0.10949472359038995 
 T17-2705         5153.772772050639            2187.8444975917737       0.011732245485574343           0.008950059486164941     392013.1746416363        102462.53653109419   0.005477498341524693   0.0004364807045695039   0.006456513278206293   0.0007136198159285168   0.010082912338905134   0.0007673031680422996   0.011546670981809535   0.0007304632864038902  0.018514147313186444  0.00033539932957714645   0.02861055885237212   0.0008690452682258071   0.03998039985787856    0.001285499670912656   0.015378698243600504   0.0004785616055198322  0.034516178556229946     0.00107101522024461  0.026763376868121906   0.0006707690240431728   0.004331690526767944  0.00031704865379431074   0.04213314879571194   0.0012861372750111722    8.71344127564687       0.7921310250588064        8000.0                20.0             8000.0               0.0                50.0             5000.0        3339.059594133512               1.0                      0.02                                   10.0  13728.314005334232             2.4015490534256495e+23                0.001825    579243.0669813752   7.878526769109561e-05   7.907638010645511e-05   7.881184092611126e-05   1.680647182775108e+32   3.328739330747717e+29    3.322766976069914e+29     5.9723546778036255e+26   1.676141418159912e+32   4.505764615196167e+29  255467.20375079731      255163.92002454546        303.28372625186137    323775.8632305783       323291.02854756906         484.83468300925114   7.074899862874791e+46   7.063118610156511e+46   1.1781252718279987e+44   0.005610369893679064   0.006800082560215515   0.010604839747276083   0.012214151220112586   0.018905489331833895  0.028431020356314698   0.03910557562949002    0.00436548647302447  0.015899289476621378  0.026794974909317072   0.03390338462980347   0.04139325988875638 
 T17-2698         9395.766355062839            1540.5138743905509       0.028817655062250428          0.0032291361734358343    1726695.8863863419        245040.88092470542  0.0041241596253243995  0.00030493130246716393   0.004693461269905502   0.0003077658601358087   0.009363891919700097  0.00037764543475411587   0.012038573702155674   0.0003254011701583237  0.024308284809232368  0.00012374421142208496  0.047279410029582775    0.001032951290423961   0.07045028776999636    0.002017594662183335   0.019206887146419438   0.0001426345299008249  0.058875790417663325    0.001486049460543939   0.04260980146624873   0.0007788500447295462  0.0033617014820322617   0.0002564318985310183    0.0747338055323448   0.0022115655711150593   7.034792498613517        0.639526590783047       10000.0                20.0            10000.0               0.0                50.0              500.0        8996.839786289756               1.0                      0.03                                   10.0  13728.314005334232             2.4015490534256495e+23                0.001825   3004943.0488329506   2.482172270728106e-10   2.731005481315055e-10   2.503522637640685e-10  2.8926903208195993e+32  1.5313038875866832e+30   1.5313038856296685e+30      1.957014788532485e+21   2.892690308356843e+32  1.2462756473906632e+24   1235803.949484995      1235803.9487047973     0.0007801977947943431   1769139.0993479553       1769139.0976246304       0.001723324842846342  2.9677950173717855e+47  2.9677950156970297e+47    1.674755924440115e+38   0.004040945086512635   0.004600034150608566   0.009270205713766168   0.011975974909574373    0.02435742037350108   0.04764386279282856   0.07105830541275482  0.0032890680730099536  0.019220655283179105   0.04290983214392215   0.05934822881593844   0.07543442220680067 
 T17-2650        11015.518357583973             945.0095962757159       0.029853837110888647           0.001200110633275937    1678827.6880472398        124124.08458663379  0.0030732786949131175   0.0001349110034403158  0.0035487129907776985  0.00012504776961479232    0.00729344746248454  0.00017038969360630036   0.009540862117764528  0.00014471275813639803  0.019829240609205406  6.0046613710773086e-05   0.03978193016804282   0.0004557313729779031   0.05981519938018537   0.0009266763671573677   0.015608694618852831   6.822985244385373e-05   0.04977037392769537   0.0006713862943530987    0.0356833712685722  0.00033504881458249446   0.002498653325156054  0.00011574424687688875   0.06350893644214167    0.001014354717413618   93.81038625905687        8.528216932641534       13000.0                20.0            13000.0               0.0                50.0              500.0       11997.810659104722               1.0                      0.03                                   10.0  13728.314005334232             2.4015490534256495e+23                0.001825    3112301.861815512   8.284453257661284e-13    9.12577413720444e-13       8.35658329379e-13  2.4503237679511605e+32  1.3401465417442895e+30    1.340146541737757e+30      6.532378354270634e+18   2.450323767909561e+32  4.1599808597124726e+21  1306957.0216069375       1306957.021604333    2.6042456176767156e-06    1805344.840208573       1805344.8402028205      5.752337676113285e-06   2.855779995232967e+47  2.8557799952273767e+47    5.590218026764552e+35  0.0029390623998590075   0.003424037207204972   0.007120490814312392    0.00938798691991217   0.019756908407278773  0.040196222787658505   0.06071204396900274   0.002387363860787494  0.015528757759231241  0.035976993577934636   0.05040368066429426   0.06449533886544023 
 T17-2648        3984.0549341839514            1830.5260842941775        0.01778172778336955           0.010026895886811564    1745991.8123065524         352962.7992442093   0.026836666264710804    0.001503320170757884   0.032025388896437065   0.0023641268284780247   0.050081110637930956   0.0025447763419170683    0.05774710739065437   0.0025888459410978114   0.09122795491797199   0.0015598344253654282    0.1393174682203271    0.003881800847474883   0.19222346748891114    0.005704097466479807    0.07615167719094454   0.0018626142401977452   0.16671515451128593    0.004542060392830096   0.13081691924340993   0.0032870010882675494    0.02101018160104126   0.0011713810541097906   0.20289767316959423     0.00579593327493502   8.893287591523753       0.8084806901385231        5000.0                20.0             5000.0               0.0                50.0             5000.0       1910.4839034524405               1.0                      0.03                                   10.0  13728.314005334232             2.4015490534256495e+23                0.001825    2296478.153390198   0.0006395255478283046   0.0006394818463715812   0.0006395250676696317   8.060705500172571e+32   1.616294555910477e+30   1.6112953599924957e+30      4.999195917981293e+27   8.028869378311751e+32   3.183612186082097e+30   794139.8799972597       792146.8640763741        1993.0159208856403   1502338.2733929388        1497936.038637128          4402.234755810676   1.547923464452603e+47   1.543645299039579e+47    4.278165413023926e+44    0.02742341646908849   0.033080531644034294   0.051935260725180774    0.06081446773712003     0.0939167133587088    0.1398476630709076   0.18503763157197425   0.021074663929046784   0.07893826358062268   0.13243813828237244   0.16352253858812288   0.19517985354278367 
 T17-2699        7529.5647403677485            1959.7843844156846       0.025756394629496453            0.00521335361539646    3377793.8232426886          570405.277943287   0.013117229082621406   0.0009707623267299514   0.014776617168814812   0.0011373509930264754    0.02777932446198375    0.001264088491967341    0.03467653939640748   0.0012225615029014352   0.06629404779451906    0.000585507158497243   0.12196662348906447   0.0023552554879150505   0.17861197973395143    0.005070468115850692   0.052839721087823616   0.0006908380678427123    0.1505796539075143   0.0035805626218218417   0.11087045200895188    0.001708668543137907   0.010663960043396693   0.0007351855382570381   0.18895835154979762    0.005569512914223631    9.23765704206669       0.8397870038242445       12000.0                20.0            12000.0               0.0                50.0             2000.0        8118.742419634408               1.0                      0.03                                   10.0  13728.314005334232             2.4015490534256495e+23                0.001825    6305074.799876953   4.773411931111059e-05   4.873180245114267e-05   4.782373275755699e-05   7.401150142065512e+32   3.071012358920086e+30     3.07063851867258e+30      3.738402475064702e+26    7.39876943447346e+32   2.380707592052405e+29   2555098.087358098      2554949.0494773323        149.03788076565064    3749976.712518852       3749647.5130720423          329.1994468099194   5.069323104009136e+47  5.0690031824771305e+47   3.1992153200595354e+43   0.012863012454667708   0.014780090030816954    0.02763802969824215    0.03478656942147329    0.06645461499394362   0.12315316589421653   0.18022073228979713   0.010307011830739714   0.05304969098547827    0.1118996895934343    0.1518679473562012   0.19105816567966938 
 T17-2701         5390.944968028369            2429.1123243159745        0.01439019660982729           0.010128137546247336     848578.6365302424        205755.06587210434   0.010312538592335004   0.0007471145018383609   0.012012007187320052   0.0011721602278680118   0.019143425978650503   0.0013001957669694201    0.02218152180602499   0.0013459009486364467   0.03626352187469104   0.0007052650280457963    0.0571025328855471   0.0014685631181322763   0.07956849341208928   0.0024333801963404675    0.02996236205665442   0.0009332035878900454   0.06878626691232015   0.0019235788712500183  0.053282000558563275   0.0011400535053597176   0.008170019671425659    0.000550848605792148   0.08379848459805708   0.0024351320584895513  4.9407720208281605      0.44916109280256006        5000.0                20.0             5000.0               0.0                50.0             2000.0          2388.6115107501               1.0                      0.03                                   10.0  13728.314005334232             2.4015490534256495e+23                0.001825   1096977.1415535808  0.00015798820264255456  0.00016034680667800888  0.00015820157061523812   3.349483402902428e+32    7.22617286122762e+29    7.213806174040207e+29     1.2366687187412708e+27   3.341607989200456e+32   7.875413701972011e+29  390402.39564658544       389909.3762719201         493.0193746653281    706574.7459069948        705485.7495755077         1088.9963314870533   7.177877519044724e+46    7.16729447043713e+46   1.0583048607592729e+44   0.010324554097846945    0.01229264623918884   0.019732696756226926   0.023341631561822635      0.037317490527988   0.05770916185726898   0.07794288618663776   0.007981127163124335  0.031037546594559425   0.05421666590651384   0.06822232888960209   0.08226853110786038 
 T17-2742         8549.087032562435            1917.3459875369213       0.026426136992925696           0.004844875939546754       811414.22643102          132320.475138694  0.0025079326713982127  0.00019174621991551057  0.0028269781845137007  0.00020688216881086535   0.005475519386173232  0.00024017798904199148   0.006918105605256183   0.0002174663883057026   0.01358017858901022   9.265859139666706e-05   0.02564393178957544   0.0005646984278925052   0.03789403118670831   0.0011426422687618655    0.01077642697878901  0.00010730785027530062   0.03180458633787393   0.0008254105098454868    0.0232130833286899   0.0004221927029157884   0.002049660621815732  0.00015490364913170484   0.04013205797327163   0.0012647453647829212  11.834640484585089       1.0758764076895535        8000.0                20.0             8000.0               0.0                50.0              500.0        6995.671704801113               1.0                      0.03                                   10.0  13728.314005334232             2.4015490534256495e+23                0.001825   1340778.8004257819   4.837385267046042e-09     5.3154797284393e-09    4.87844269023687e-09  1.5635273903575516e+32   6.249989546340179e+29   6.2499891649901425e+29      3.813500363950775e+22   1.563527147504372e+32  2.4285317938098918e+25   540343.1915785174       540343.1763753386      0.015203178799854186    800435.6088472644        800435.5752660163       0.033581248102514526   6.584113171112539e+46    6.58411284476435e+46    3.263481893343435e+39  0.0024533407653359136   0.002760144123096356   0.005398694675162216   0.006881783557736382   0.013622554632380763  0.025862679394692924  0.038259720597225384  0.0019996740376702384  0.010781300897854297  0.023401534178496153   0.03207635568149196   0.04059435220187593 
 T17-2797         7623.886035072026            2331.3382644602707       0.018227042253726712           0.008282977844003349     704963.1313044564        129039.03225887516  0.0038403661557413152  0.00034129371378982895   0.004288952961713111   0.0003980529801977499   0.007679896860269162   0.0004293661451743413   0.009313676394855547   0.0004019935822597877   0.01710112299995447  0.00018173603080923434   0.03012188985499919   0.0006956421404677982   0.04346479609958558    0.001498611600910117   0.013734059145553111  0.00023751919412518354   0.03696233288437499   0.0010492332679546655  0.027561869645107227   0.0005033479500093242  0.0031232337110068476  0.00026951777001384765    0.0457924838199903   0.0016554905537672661   6.756972386169545       0.6142702169245041       13000.0                20.0            13000.0               0.0                50.0              500.0       11997.696528070583               1.0                     0.008                                   10.0  13728.314005334232             2.4015490534256495e+23                0.001825   1672580.8738773486  4.4521446455107776e-13   4.904278556164515e-13    4.49090801880086e-13  1.7231017834772705e+32   7.758678225855274e+29    7.758678225814232e+29     4.1041044002011233e+18  1.7231017834450056e+32   3.226481013077734e+21   835594.7046035603       835594.7046018024     1.757831216719033e-06    836986.1692737885        836986.1692710555     2.7330768020818277e-06  1.6994260443265648e+47  1.6994260443151795e+47   1.1385029495394787e+36  0.0038218295896124436   0.004144132978714275   0.007560879118719459   0.009065128870501583   0.017027716070941796  0.030305961130934592   0.04381794055449035   0.003151384767120031  0.013601255078237295   0.02765778745916014  0.037323185141372305  0.045932982145304564 
 T17-2799        11433.470631906492               713.72037087358       0.029998759059344994         0.00011139060385252173     5505524.177294191        295036.97589459224   0.009544066197211922  0.00025841131921066187   0.011065374343375954  0.00023396253541053808    0.02286689268323429  0.00029680145688834396   0.030024741999607325   0.0002334363619633295     0.062764729038881   6.195249432095557e-05   0.12673982024301206   0.0013262590024539732    0.1909432997396385    0.002600536605743273   0.049370892239671366  2.6810898754097443e-05   0.15872227486558066   0.0019163040121364819   0.11356944613316625   0.0010178527617183413  0.0077537866269486435  0.00021249678191318937   0.20277954798840733   0.0028266507072319614  13.427656176343854       1.2206960160312594       13000.0                20.0            13000.0               0.0                50.0              500.0       11997.810659104722               1.0                      0.03                                   10.0  13728.314005334232             2.4015490534256495e+23                0.001825    9891674.712569349  2.6330067080468962e-12   2.900399552276958e-12   2.655931439839298e-12   7.787742554930516e+32   4.259321314795732e+30   4.2593213147749705e+30     2.0761534275528593e+19   7.787742554798302e+32  1.3221460932066095e+22    4153836.70834003       4153836.708331753     8.276944739115189e-06    5737838.004229313         5737838.00421103     1.8282369659277796e-05     9.0763839812855e+47   9.076383981267734e+47   1.7767112814963208e+36   0.009341076319117032   0.010882447706293109   0.022630702951136592   0.029837373410642406    0.06279240252641427   0.12775366212631672    0.1929580794988392   0.007587640203279681  0.049354280935654304   0.11434389510069345    0.1601955194527896    0.2049823381083345 
 T17-2589         8854.515193703872            1841.6938285841436        0.02677567898066316           0.004698519570338352     848155.5896054488        135968.35449061627  0.0024444556094407478   0.0001865150450498269  0.0027594605912189415   0.0001956961949939585   0.005390521076930704    0.000230482921230178   0.006838244944923232  0.00020139090171592233  0.013527596097141168   7.666652213226466e-05  0.025747482280951292   0.0006046292274084718   0.03814217500621424   0.0011913832114294695    0.01072195379218754   8.959945364284189e-05   0.03197289562661533   0.0008704562068306609  0.023278097626319532    0.000457885763115345  0.0019990338927552724  0.00015449316580670933  0.040409510960151655   0.0013181143955829657  12.757564890135523       1.1597786263759566       13000.0                20.0            13000.0               0.0                50.0              500.0       11997.246050282653               1.0                      0.02                                   10.0  13728.314005334232             2.4015490534256495e+23                0.001825   1798388.6111364197   4.787024861200051e-13   5.273167258454247e-13   4.828703927452022e-13  1.5546482836746258e+32    7.72163758015525e+29     7.72163758011866e+29     3.6591877755887104e+18  1.5546482836470194e+32  2.7606262000617395e+21    886147.754093582       886147.7540917239    1.8581818453620873e-06    912240.8570428352        912240.8570398646     2.9705220820899346e-06   1.750489339473354e+47   1.750489339466136e+47    7.218227693018612e+35   0.002382940865522471  0.0026662532637354297  0.0053244194425301865    0.00670769483451133   0.013429551687733098  0.025820426445648227  0.038604433882302516   0.001999035667588855  0.010634479281497543   0.02327750187623954   0.03224107279046411   0.04082707090463092 
 T17-2544         4994.410582871356            2242.9473062598977       0.020509074804646477           0.009996909551261859     2246313.116521489         457400.7998310535   0.024195172856212605   0.0014253139986729194   0.028230851287992895   0.0021084196314636585    0.04596480727612205    0.002379397142435577     0.0540852541987574   0.0026350913151335273    0.0895724281846379   0.0014035249406913984    0.1434072836045573    0.003257728197274726    0.1993809252596825    0.006366091417975379    0.07379490782821414    0.001821448852869954   0.17237576337679017    0.004701775104293457    0.1335757371956981    0.002505165299006716    0.01909153655776368   0.0010922582628850523   0.21022953692484012   0.0065690786490226905   5.559078824077317        0.505370802188847        8000.0                20.0             8000.0               0.0                50.0             5000.0       3346.6961583906386               1.0                      0.03                                   10.0  13728.314005334232             2.4015490534256495e+23                0.001825    3211526.240396665  0.00043681309103137643   0.0004384271201223148  0.00043696042234427367   8.350619289900565e+32  1.8640394826703067e+30   1.8606237436005894e+30      3.415739069717478e+27    8.32886701472424e+32  2.1752275176325626e+30   1179050.078474974      1177688.3350147803        1361.7434601936945   2032476.1619216898       2029468.3011584408          3007.860763249043  1.8749725674510903e+47  1.8720494780207642e+47   2.9230894303259674e+44   0.024590413881046887    0.02926879544628033   0.047432146677727854    0.05632959875165362    0.09122949475232137   0.14333241784367368    0.1951716727639933   0.019059654700342907   0.07565965619666289   0.13425108320215642   0.17013946692804074   0.20612514548169955 
 T17-2553         5606.603384584914            2317.9393920933876       0.020734351260846433            0.00990333741357369    1481300.8063560254         295849.0321124585   0.013238035195707428   0.0009361260752314439   0.015283694287071475   0.0013476268348707418   0.025452014328144302   0.0015238488668906963   0.030218222172271318   0.0016851780926231531  0.051379240385077504   0.0009552916989178802   0.08440123726264116   0.0017846072878068297   0.11836136959102883   0.0038604164820688126   0.042036919461310884   0.0011999521481629077   0.10193806419148384   0.0027484195637930767   0.07824432467493962   0.0013195868031319533   0.010508470685356673    0.000692750185691681   0.12477584568291705    0.004033936335365966   6.386479329937433       0.5805890299943122       10000.0                20.0            10000.0               0.0                50.0             5000.0        4440.586522772986               1.0                      0.03                                   10.0  13728.314005334232             2.4015490534256495e+23                0.001825   2284129.0022468963  0.00020819615664837386  0.00020922658889786482  0.00020828983550909698   4.959635054119622e+32   1.256320282889399e+30   1.2546920719746519e+30     1.6282109147471015e+27  4.9492662024187784e+32  1.0368851700842958e+30   863429.0590820179       862779.9446386372           649.11444338055    1420699.943164874       1419266.1592531637         1433.7839117104209  1.3804284484111724e+47  1.3790350732094675e+47   1.3933752017048202e+44   0.013439337345915575   0.015901003801268822    0.02627117745372048   0.031458868165866224     0.0523117266236498   0.08461633940839051   0.11687422781191023     0.0104675188226447  0.043093793716530465   0.07880525707073006   0.10119421076562389    0.1235281290599016 
 T17-2534        6338.6816853981545             2332.000424685816        0.02046405059275032           0.009389035010957567     2223288.422636009        411531.71195566084   0.015899569920410646   0.0011425597076153995    0.01810819897862711   0.0015934726801477787   0.031114963821035582   0.0017467456612766557    0.03734540771198979   0.0019219304603538326   0.06571170582980264   0.0009988765360163852    0.1114862610990102   0.0022677398238302063    0.1583333204417546    0.005165044482737493    0.05330043200371983   0.0012966921275859252   0.13558851062169194    0.003640169048400261   0.10273434679400671   0.0016098132666958294   0.012733261760517953   0.0008457986439787229    0.1668952539275637    0.005417444965987661   9.779481465971692       0.8890437696337902       13000.0                20.0            13000.0               0.0                50.0             5000.0         6283.99267485486               1.0                      0.03                                   10.0  13728.314005334232             2.4015490534256495e+23                0.001825    3900850.221890676  0.00020567712345356107  0.00020693321719751924  0.00020579105849924398   6.617185822007592e+32   2.024308145207333e+30   2.0226994673436876e+30      1.608677863645411e+27   6.606941361629952e+32  1.0244460377640292e+30  1526140.6308197482      1525499.3035650412          641.327254707044    2374709.591070931       2373293.0077406457         1416.5833302853957  2.7574542083145077e+47  2.7560775489257065e+47    1.376659388801087e+44   0.015910227993118194   0.018714515493959118    0.03180929137001369    0.03856501636920362    0.06652547658496154   0.11202264652735996   0.15756765165464262   0.012468856880326305  0.054336552815790064    0.1035421507035774    0.1352558495061126    0.1667011651464419 
 T17-2829        11923.080668180264             271.5954116891772       0.029999998017242756          4.452815798963081e-06    1549054.7962129058         77452.73981064529  0.0025419381233727735  2.0230833998211198e-05  0.0029594965926491613  1.6715834006485236e-05   0.006149684358508443   1.717962061532474e-05   0.008103750103029701  7.0719454317678245e-06  0.017039865066154767   3.814302239140758e-05   0.03463526492799962   0.0001980572641267982   0.05229559467346699   0.0003614865440123453   0.013394478194562092   2.523343172865926e-05  0.043423500660006664  0.00027405344417965385  0.031004323318379372  0.00016054761064516178   0.002064797575733292  1.6508041680526752e-05  0.055551745338527775   0.0003932706592627804   147.2291805282782         13.3844709571162       13000.0                20.0            13000.0               0.0                50.0              500.0       11997.810659104722               1.0                      0.03                                   10.0  13728.314005334232             2.4015490534256495e+23                0.001825    2685901.389121022   7.149442920642897e-13   7.875498753075333e-13   7.211690791459147e-13  2.1146175095937404e+32  1.1565399559273498e+30   1.1565399559217124e+30      5.637410789506389e+18    2.11461750955784e+32   3.590043275333462e+21  1127897.5612628509      1127897.5612606036    2.2474513182503286e-06   1558003.8278581696       1558003.8278532051      4.964239473208819e-06  2.4645242642838888e+47  2.4645242642790644e+47    4.824331003297237e+35   0.002536396574942064     0.0029549274779758   0.006144948985838059    0.00810178711088557    0.01705011598871459   0.03468914501751173   0.05239419904391881  0.0020602834155315467  0.013401242517174386   0.03104797070391005   0.04349813158356978   0.05565916416265197 
 T17-2851         6759.607681912523             2191.629780950471       0.022147275697227582            0.00781535394631522     1447073.347718601         265579.0285086082   0.008184566214531593   0.0006870311440464173   0.009251376322987465   0.0008853047583138646     0.0164745047697014    0.000976099973133317    0.02006520343995892   0.0009959822552724797  0.036532082849738905   0.0005072452004189371   0.06407471243043085    0.001355392166436566   0.09221554688778497   0.0030917526966997453    0.02940349598414864   0.0006431666489436078    0.0784476720662563   0.0021503581380806548   0.05870113593321946   0.0009513729200126003   0.006599587536591377    0.000509058578512817   0.09730601846112616   0.0033386058382518886   7.711980980220658       0.7010891800200598        9000.0                20.0             9000.0               0.0                50.0             2000.0           5407.852689139               1.0                      0.03                                   10.0  13728.314005334232             2.4015490534256495e+23                0.001825   2260395.3697247496   6.020005110329078e-05   6.137269368746837e-05  6.0305517067909335e-05   3.803818220818618e+32  1.1173062461139136e+30   1.1168348352029134e+30      4.714109110002595e+26   3.800816158996008e+32  3.0020618226110995e+29   880862.5294226246       880674.5933092342         187.9361133904327   1379532.8403021232       1379117.7212448348         415.11905728866077  1.2431449935260532e+47  1.2427415738786036e+47    4.034196474495835e+43   0.008368645913875008   0.009687253559242659   0.016948273742271747    0.02076942823370718    0.03702612473077413   0.06407509649632175   0.09132069449253079   0.006618361103306936   0.02996340624357339  0.058915144678520416   0.07791778363914159   0.09666183356583002 
 T17-2911         10315.33210153347            1184.0028072161958        0.02987828869365708          0.0010964944635039517     3457893.062311007         340035.9501292385  0.0068919118724856485   0.0003648620994334769    0.00791712502560233    0.000351260896210191   0.016123233357255018  0.00044609162144952305    0.02098362743366833  0.00038411572487802276  0.043217402666088936  0.00012860653150979272   0.08584414456484182    0.001354390367402861   0.12866639439190952   0.0026983441779418102   0.034055873732576486  0.00015268946424628114   0.10721962964776666    0.001982084219196241   0.07712124039485074   0.0010103687504576973   0.005603820580941698  0.00030296741212792983   0.13658661233216285   0.0029162256762121836  13.154424602896581       1.1958567820815074       12000.0                20.0            12000.0               0.0                50.0              500.0       10997.485875298798               1.0                      0.03                                   10.0  13728.314005334232             2.4015490534256495e+23                0.001825    6324893.923994151  1.1483108263330382e-11  1.2645100128067649e-11  1.1582752423748489e-11  5.2733899329656995e+32   2.876303771160767e+30   2.8763037710702236e+30        9.0542891222059e+19   5.273389932389099e+32    5.76599630394264e+22  2640023.0843463866        2640023.08431029     3.609648965336979e-05   3684870.8396477625       3684870.8395680315       7.97310345841151e-05   6.130617140559717e+47  6.1306171404822335e+47    7.748395381508029e+36  0.0066452635218380365   0.007679538821466406    0.01582601474083746   0.020728291841908966    0.04316847219603536   0.08676874450896564   0.13048361793812882   0.005397604117659292   0.03397041154329404   0.07780765492478445   0.10857245622342074    0.1385124995926118 
 T17-2889        11355.356883928485             813.8048897255214       0.029973340940491977          0.0005156414534630097      805984.976795848         49581.79791054482  0.0014117058323057895   4.772464598689807e-05  0.0016354854985378081   4.388552655571013e-05   0.003376016910325615   5.732546266335115e-05   0.004429646396898284   4.729926556618618e-05  0.009249479289215393   8.656794833965474e-06  0.018654313333368533  0.00020395807376462948   0.02809384131001533  0.00040729763105552607   0.007276651946382569    1.32202573288374e-05  0.023357239550964436  0.00029785805273929434   0.01671897480307621   0.0001536219462483431  0.0011470568466926314   3.976280917465249e-05    0.0298343819661246  0.00044334671376009287   125.8066377612958       11.436967069208709       13000.0                20.0            13000.0               0.0                50.0              500.0       11997.810659104722               1.0                      0.03                                   10.0  13728.314005334232             2.4015490534256495e+23                0.001825   1456115.7327565786  3.8759488190294793e-13   4.269567633460537e-13   3.909695442935059e-13  1.1464038988749487e+32  6.2699845653623636e+29    6.269984565331802e+29     3.0562263290307517e+18  1.1464038988554859e+32  1.9462808707957627e+21   611470.4696698055        611470.469668587     1.218417487836282e-06    844645.2630867723         844645.263084081      2.691277955098778e-06  1.3360998916488533e+47   1.336099891646238e+47    2.615428958925905e+35   0.001375064241837892     0.0016019636488752  0.0033313795255132533   0.004392246015951329   0.009243430245447907  0.018806129674181184   0.02840462343183675   0.001116947594369694   0.00726525558487834  0.016832128981073217  0.023581771840506638  0.030174668711810577 
 T17-2962        3757.0094732197167            1789.7868973671752       0.015234567860430249           0.009623120984890677    1741199.8741403893         362158.0282176419    0.03164270198659335   0.0019674257140071313    0.03833668496171603   0.0030616152922188495    0.05859027343821821    0.002882427532334391     0.0666958653119768   0.0025817988758738675   0.10291977739236743   0.0016384207778425677   0.15339263435085213    0.005483329255299203    0.2115487669201523    0.008423045099371593    0.08650116636847016    0.001772760228449562   0.18349303931348715    0.006380139988378146   0.14455762762812913    0.004719991685284977     0.0246892737540095   0.0014803958436611173   0.22340084459045967    0.009431235345093703  20.745041677273456       1.8859128797521323        5000.0                20.0             5000.0               0.0                50.0             5000.0       1910.4839034524405               1.0                      0.03                                   10.0  13728.314005334232             2.4015490534256495e+23                0.001825    2586367.076752356   0.0007202541070130961   0.0007202048890361219   0.0007202535662430559   9.078224101660185e+32   1.820322575056799e+30   1.8146923208724016e+30      5.630254184397055e+27   9.042369243946539e+32  3.5854857713646535e+30   894385.7083634061       892141.1101495663        2244.5982138398595   1691981.3683889501       1687023.4309403594          4957.937448590699   1.743320867164556e+47  1.7385026605742553e+47    4.818206590300479e+44   0.030885127900307743    0.03725635177468959    0.05849115013955637    0.06849119679771691    0.10577200354776489   0.15750090676603756   0.20839529326742565    0.02373495992515358   0.08890279479450913     0.149156063189295   0.18416430806752251   0.21981778772995358 
 T17-2198        11939.385975241943            240.70263347556013       0.029999999703632506         1.7215327029510134e-06     862321.9900753483        43116.099503767415  0.0014125745880801863   8.846891856345275e-06  0.0016448449678334795    6.93792366803348e-06   0.003418480789391429   5.756171398703897e-06   0.004505225949559193   4.295077875463856e-07   0.00947494775002387  2.6228865129930026e-05   0.01926282237891415  0.00011270047329266164  0.029086933133659763  0.00020092459660651238  0.0074477878399449885   1.827618868855178e-05  0.024151369201251195   0.0001539738833244881  0.017242871728893893   9.264071053669191e-05  0.0011474220379811824   7.219751913516882e-06  0.030898339590218996  0.00021801996102709817  172.75548891892538       15.705044447175034       13000.0                20.0            13000.0               0.0                50.0              500.0       11997.810659104722               1.0                      0.03                                   10.0  13728.314005334232             2.4015490534256495e+23                0.001825   1493574.3418431773  3.9756576872090946e-13   4.379402354254209e-13   4.010272443753059e-13  1.1758951642581023e+32   6.431280055500563e+29    6.431280055469215e+29      3.134847818218708e+18  1.1758951642381387e+32   1.996348988783779e+21   627200.5608817169       627200.5608804671    1.2497613043712034e-06    866373.7809614596        866373.7809586991     2.7605111393818564e-06  1.3704710905968754e+47  1.3704710905941926e+47   2.6827109261227755e+35  0.0014104377995471107  0.0016431741987952653  0.0034170793367013803   0.004505236640818916   0.009481217690768614   0.01928991777154858  0.029135332991145582   0.001145681095674913  0.007452154443771228  0.017265135867417073   0.02418841343709913    0.0309509127246773 
 T17-2369         5762.571427317847             2412.122511609009        0.01245152577602223           0.009471235720761022     609055.7931025776        149058.98136483005   0.007190187367009465   0.0005474493328068616   0.008330279152067063   0.0008516435222850423   0.013284219294638987   0.0009266197752799946    0.01536449669084684   0.0009289427242438635    0.0252647448099503  0.00044294186431508914   0.03995505862838015   0.0010601845476557231   0.05587159917574257   0.0017169796560453886   0.020835977821415993   0.0006175460475238237  0.048242991966731756   0.0013852134328050754   0.03723616751269172   0.0008044487308558919   0.005717091654844237  0.00040250187748270926   0.05880721748692001   0.0017177452662240278   7.740136581528185        0.703648780138926       10000.0                20.0            10000.0               0.0                50.0             1000.0         7986.28855034131               1.0                     0.004                                   10.0  13728.314005334232             2.4015490534256495e+23                0.001825   1389950.3004259374   6.319204221270013e-07   6.609204834925567e-07   6.344868900627835e-07   2.237074330580864e+32   8.724304304212372e+29    8.724230901946525e+29      7.340226584671513e+24   2.237020381436285e+32   5.394914457945983e+27   683226.0875063473       683223.5647230238         2.522783323578633    706724.2129195902        706720.3908340131            3.8220855770492  1.9869517166944796e+47  1.9869370907926855e+47   1.4625901793957352e+42  0.0072410172500434935   0.007987402126327117    0.01279226359062127   0.014724061582544992    0.02503444126133001   0.04023176451182787   0.05619077169009482    0.00583581853448664  0.020416791631316055   0.03734600958418691   0.04870227375472548   0.05877606999151963 
 T17-2194         4469.871028829795            1914.8280043538487       0.011213850197315101           0.008743564012898782    1030361.0791192802         243115.6060255451    0.01774317039803059   0.0013154715909225742   0.021330801725754012    0.002119387315414908    0.03250624714073343   0.0021642543661089895    0.03681939527558464   0.0019695042134313823  0.057331232790754375   0.0009618879270710891   0.08607809171509702    0.002587192362532306   0.11986253334287536    0.004098689121360627   0.048027569350820816   0.0012981140509847676   0.10359789921934406   0.0030959207169593884   0.08090461474171229    0.002092728623171403   0.013929458248949022   0.0009608552056535858   0.12644013628207398    0.004523200222445653   5.069249105234539       0.4608408277485945        5000.0                20.0             5000.0               0.0                50.0             5000.0       1910.4839034524405               1.0                      0.03                                   10.0  13728.314005334232             2.4015490534256495e+23                0.001825   1447769.2023245203  0.00040317622481132216  0.00040314867409282413   0.0004031759221047896   5.081712253578248e+32  1.0189609147718199e+30   1.0158092706441564e+30     3.1516441276635165e+27  5.0616418006181345e+32   2.007045296011381e+30   500649.7705629906      499393.31311934325        1256.4574436473663      947119.43176153        944344.1299841295         2775.3017774005293   9.758577132909372e+46   9.731606285752466e+46   2.6970847156905674e+44   0.017288550177520196   0.020854966479891008   0.032741557276131976   0.038339277608882456   0.059207933236182474    0.0881641914651886   0.11665331275435728    0.01328610478648398   0.04976506601131276   0.08349300320377838   0.10308954818678039   0.12304727587166374 
 T17-2233         4678.535856512721            2382.3056608934576       0.006336616274952332           0.006497609345493913     532180.5412653566         152998.7117374167    0.01183813031695833   0.0010815277272596799   0.014673487369309075   0.0016774947589573569   0.021135516567071067   0.0014913842041730785    0.02333712289812851   0.0012236090873407799  0.035063024683459725   0.0009248754819613529   0.05019596627786144   0.0014066526325504133    0.0684459265557035   0.0038041483609992364    0.02964886550882616   0.0008989357223489752   0.05984858997672328   0.0018295507014099751   0.04745877179486725    0.001156950021630594    0.00918287454072719   0.0007249037087626756     0.071785785616395    0.005009887674751337   5.182925097927249       0.4711750089024772        5000.0                20.0             5000.0               0.0                50.0             5000.0       1904.8937323785708               1.0                      0.02                                   10.0  13728.314005334232             2.4015490534256495e+23                0.001825    760695.7915891082   0.0002118393297704718   0.0002118248539026449  0.00021183917072054514  3.0042648307455013e+32    5.13400889280652e+29   5.1179557382636505e+29      1.605315454286921e+27  2.9921537389561342e+32  1.2111091789367101e+30   320099.0844567922      319283.88496002543         815.1994967668019   440596.70713231503        439293.5149218764         1303.1922104386492  1.1410247845039284e+47  1.1378580892756957e+47   3.1666952282328124e+44   0.011353609679816272   0.014030500109536981    0.02124130178047393   0.024127622081780535    0.03559195390609884   0.05069845957883463   0.06837704654921598   0.008744508658419624  0.030379430771707017   0.04832144588642283  0.059765418797976706   0.07251343620851489 
 T17-2361         11029.43587935673             930.3260493058335       0.029977973365632255         0.00046880825922951787      5790265.11273919        418297.01920631586   0.010528011437048634   0.0003925265738514717   0.012164766439911141  0.00036227284971239703   0.025016128060204326   0.0004607524986242528    0.03274612535339498   0.0003750294841862823   0.06810671666972487   7.807373329805942e-05   0.13674924229148888   0.0018099425962720638   0.20564852787787993   0.0035569711862834855   0.053605119241806505   8.307844340202787e-05   0.17109728648351502   0.0026235821661991948   0.12264726461029553   0.0013770471561667548   0.008555404291961388   0.0003252814000137064   0.21836039833731039    0.003850550481101846  15.314200325448507       1.3922000295862278       13000.0                20.0            13000.0               0.0                50.0              500.0       11997.810659104722               1.0                      0.03                                   10.0  13728.314005334232             2.4015490534256495e+23                0.001825   10724195.867894933  2.8546106174210894e-12   3.144508265546626e-12  2.8794647822722923e-12   8.443188737463231e+32   4.617802078158357e+30    4.617802078135848e+30     2.2508904362358428e+19    8.44318873731989e+32  1.4334229623930674e+22  4503439.4840021515       4503439.483993178     8.973564047473372e-06    6220756.383892775        6220756.383872953     1.9821083775249557e-05   9.840287152168856e+47   9.840287152149593e+47   1.9262460945317476e+36   0.010127257008954515   0.011798356104059266   0.024535389418714186    0.03234860081201908    0.06807725115073593   0.13850589867685018   0.20919816906321317   0.008226245006994305   0.05350812587887744   0.12396751439871728    0.1736781867268509    0.2222344352407283 
 T17-2358         8425.951680023347            2025.8983341841788       0.023036597748234758           0.005734795816962037    1649006.7607961383        267011.88994214166   0.006021827528748986   0.0004994781522851325   0.006732086915720497   0.0005342968284637874   0.012801830017838623   0.0006136963470864317    0.01595540162128174    0.000549126289786006  0.030776381160303467   0.0002698523651753086   0.05699815544215085   0.0010964388001310176   0.08376205840521678    0.002390961954661277   0.024493852544741478   0.0003091408216722282   0.07053178176114486    0.001658094913166984   0.05173619817654103   0.0007887480202141792   0.004939822696746756  0.00039770331767526544   0.08852638850874901   0.0026863997705729044   16.38261539710415       1.4893286724640136       10000.0                20.0            10000.0               0.0                50.0              500.0        8996.097399191574               1.0                      0.02                                   10.0  13728.314005334232             2.4015490534256495e+23                0.001825    3243019.681694547   2.678830645543855e-10    2.94737849696025e-10   2.701872566466711e-10   3.392127689978063e+32   1.660399319902354e+30   1.6603993178548772e+30     2.0474767587646253e+21   3.392127674531143e+32  1.5446919728938317e+24   1569337.121077529      1569337.1200377943     0.0010397346010277198   1673682.5606170187       1673682.5589548806      0.0016621379654389913  3.3060706735803927e+47  3.3060706695414765e+47    4.038916379072417e+38   0.006017445058576619   0.006662503515280419    0.01281078685926207    0.01589858676444266    0.03078649412129662   0.05707395824475589   0.08396563396407884   0.004987108834330582   0.02449600774949579  0.051780351971794925   0.07070173463778363    0.0885939593108222 
 T17-2415        11828.293009971545            406.04948280859344       0.029999965568966138           1.85555693261139e-05    1139407.9516002638        56970.397580013196  0.0018893754805940576  2.6530340251332692e-05  0.0021979321367597985   2.323904872330285e-05   0.004562428809043025   2.802564472550865e-05  0.0060079820458597555   1.928433037321734e-05   0.01261895977066192   1.958033853612157e-05  0.025617156697765882  0.00017593504278985562   0.03866272814985493  0.00033521417833319345   0.009920627740996418  1.0006165902322266e-05   0.03211033694188084   0.0002494858583946806   0.02293608389425262  0.00013853953783695493  0.0015347542811656196  2.1695403931690005e-05    0.0410677285402646  0.00036561691350332846  121.87325584791185       11.079386895264713       13000.0                20.0            13000.0               0.0                50.0              500.0       11997.810659104722               1.0                      0.03                                   10.0  13728.314005334232             2.4015490534256495e+23                0.001825   1989080.8492236112   5.294617313080865e-13   5.832307846921009e-13   5.340715821479964e-13  1.5660087927287314e+32   8.564914136515816e+29    8.564914136474066e+29      4.174861328130639e+18  1.5660087927021448e+32   2.658655435293809e+21   835279.8982423343       835279.8982406699    1.6643806786060162e-06   1153800.9509812759       1153800.9509775992     3.6763351428739488e-06  1.8251370048020444e+47  1.8251370047984716e+47    3.572724020264426e+35  0.0018783630231877793  0.0021883117828126095   0.004550725650872283  0.0059998887717999765    0.01262669557697056  0.025689518725351922  0.038801237584814824  0.0015257709394714339   0.00992447263875022   0.02299299750338695  0.032213133684033717   0.04121915196445648 
 T17-2327        10487.069077722135            1221.8995555913946       0.029732006712522765          0.0016149839767015284    1040425.9943484688        108733.39093606784    0.00204457239596392  0.00011418904243168866   0.002350421178354052  0.00010840838228672808   0.004793099058335531  0.00013659479838182143   0.006241567565923462   0.0001122607363652851  0.012872994872357714  3.3517104742372366e-05  0.025611547335064225   0.0004714845431742844   0.03841172883365211   0.0009125988527758236   0.010142618446073809   3.607486643185581e-05  0.031999889531284936   0.0006766881083860751   0.02300260453822637   0.0003591602311867149  0.0016631037842597053   9.666970544187391e-05   0.04077583775079234   0.0009911500277568145  10.982772941550174       0.9984339037772885       13000.0                20.0            13000.0               0.0                50.0              500.0       11997.810659104722               1.0                      0.03                                   10.0  13728.314005334232             2.4015490534256495e+23                0.001825   2022234.6408066524   5.382867440760873e-13   5.929520144189081e-13   5.429734314277132e-13  1.5921108635176608e+32   8.707673229651485e+29     8.70767322960904e+29     4.2444474801540557e+18   1.592110863490631e+32   2.702969626055464e+21   849202.2562352933       849202.2562336012    1.6921224017013256e-06   1173032.3845713579       1173032.3845676202     3.7376119125758075e-06  1.8555581975309985e+47  1.8555581975273663e+47   3.6322738106099545e+35  0.0019096713816249772  0.0022247863347617676    0.00462657667012045   0.006099894290398845   0.012837156018387402  0.026117708936937035  0.039447972555167146  0.0015512023299302188   0.01008989271082278  0.023376242381238057   0.03275005882753101    0.0419061884788308 
 T17-2346          8635.72161857416            2045.3426965919782       0.022914897023701575          0.0062716098031922575     659177.7754024137        118358.11444982448  0.0023313244424617557   0.0002253059230176734  0.0026060272406816538  0.00023408770025674336  0.0049685631269967695  0.00026953362770371737   0.006198989548884295  0.00022898113535822727  0.011995967091569432   9.878615466077522e-05  0.022288570990893073   0.0005407643868895194   0.03278729337969316   0.0011407245323445077   0.009542002968956399  0.00011833047778299486  0.027596240900159795   0.0007994283770650955  0.020220215928121177   0.0003974675498301832  0.0019132592416512748    0.000182747204134847   0.03465515762256178   0.0012867658848013995   37.84530580291809       3.4404823457198264       11000.0                20.0            11000.0               0.0                50.0              500.0        9996.737430618974               1.0                      0.02                                   10.0  13728.314005334232             2.4015490534256495e+23                0.001825   1376797.0055837096  1.6930634755762007e-11  1.8636610597428268e-11  1.7076964938886323e-11  1.3398604969689694e+32   6.642334511260198e+29    6.642334509966107e+29     1.2940909670041207e+20  1.3398604959926594e+32   9.763099485103751e+22   670999.3394827606        670999.339417045     6.571557647782235e-05    705797.6661009474        705797.6659958934     0.00010505407291104085  1.4349961689494134e+47   1.434996168694137e+47    2.552764118209686e+37  0.0022617221421342435   0.002511286918922694    0.00489588315540322    0.00610716296788692    0.01196846247887382   0.02247160971864844  0.033217675966360244   0.001882617576296797  0.009506450413946314   0.02034458291619921  0.027903123030451955  0.035068224472582725 
 T17-2387        11223.063630408848             861.8196115409709       0.029974035262777317           0.000508894421061126    1043265.3916301699         70609.23942678659  0.0018546798192960459   6.123913689170655e-05  0.0021463784330787656   5.543215955552266e-05   0.004424021599735364   6.832727037188775e-05   0.005799231562666577  5.1693196277361986e-05  0.012090249227635543   2.683263314957585e-05  0.024340464067769275    0.000338356250638151   0.03663592272954616    0.000646859601038752   0.009513269412524724  1.1768299691116475e-05  0.030467838482663066   0.0004821800255852987  0.021821253474138415  0.00026307927438277566  0.0015070629518184313  5.0984533898022064e-05   0.03890342916397001   0.0007007734959643696   34.38401063623944       3.1258191487490397       13000.0                20.0            13000.0               0.0                50.0              500.0       11997.810659104722               1.0                      0.03                                   10.0  13728.314005334232             2.4015490534256495e+23                0.001825   1906738.4041040991   5.075434801871554e-13   5.590866434927803e-13   5.119624959536983e-13  1.5011803604795993e+32    8.21035038285308e+29     8.21035038281306e+29      4.002033617317701e+18  1.5011803604541135e+32   2.548594454435327e+21   800701.6209403849       800701.6209387894    1.5954799223901057e-06   1106036.7831637133        1106036.783160189      3.524145037146879e-06  1.7495813813530712e+47  1.7495813813496465e+47    3.424823128412486e+35  0.0018006039898072449   0.002097721728139386   0.004362338196784045  0.0057515099730659006   0.012103985307052013  0.024626043710440065   0.03719497367772233  0.0014626082430443824   0.00951362692379833   0.02204115100816041  0.030879599054940893   0.03951279309029061 
 T17-2211          6008.66188550915            2325.7894052482357        0.02054895354577327             0.0096169789248211    1064916.7816426014        210244.54145017153   0.008421820133646549   0.0006397343662775324   0.009653196324219885   0.0009061469339406965   0.016343726239076865   0.0010102483355191995   0.019516298327704257   0.0011069420024305617   0.03380079118353302   0.0006113265638969711  0.056511468795073246   0.0011975043960180745   0.07980496344095152    0.002695032385693571    0.02752527784393381   0.0007732741325510412   0.06851571476379129   0.0019017633255337188   0.05221639017622262   0.0008579693213650136   0.006717308143251255  0.00046846598431937275   0.08412408698472612   0.0028192811961563176   8.716917649533427       0.7924470590484933       12000.0                20.0            12000.0               0.0                50.0             5000.0        5642.981541613425               1.0                      0.03                                   10.0  13728.314005334232             2.4015490534256495e+23                0.001825   1826498.5130825986  0.00011502412378888335  0.00011568959747658457   0.0001150845187740322   3.354355481452383e+32    9.66937813556746e+29     9.66038192751303e+29      8.996208054430629e+26   3.348626472615662e+32   5.729008836721177e+29   707152.6268514877       706793.9774571803        358.64939430739395    1119345.886231111       1118553.6904376778          792.1957934329282   1.232777036044783e+47  1.2320071669142614e+47    7.698691305215696e+43   0.008392196707439967   0.009886942265993452   0.016646815357856212   0.020097959672082586   0.034254592837045926   0.05692685589798421   0.07960912150091652   0.006564272730164798   0.02805435519500907  0.052746248791056015   0.06852435106436788   0.08419715799272336 
 T17-2285         8082.378145041626             1961.474647173314       0.026102874383886386           0.004965307030784236     2310946.052280604        369440.84216908243   0.007935122818164764   0.0005850967308221373   0.008937253061338003   0.0006621713680345742     0.0170787731100854   0.0007552335673076733    0.02145664542688719   0.0007215582729695693   0.04161515179998376  0.00035811465612854633   0.07764797266752838   0.0014376209630910322   0.11427888510641857     0.00307498846536048    0.03308785007594549   0.0004078570945205528   0.09610543991512133   0.0021736198394508672   0.07042242254439182   0.0010429249124792336   0.006472014011844251   0.0004542268121696639   0.12096885451864064    0.003395464429014093   6.943346444910067       0.6312133131736425       12000.0                20.0            12000.0               0.0                50.0             2000.0        8118.742419634408               1.0                      0.03                                   10.0  13728.314005334232             2.4015490534256495e+23                0.001825   3974754.1306326953   3.009185361411628e-05   3.072079860014285e-05   3.014834642787798e-05  4.6657261067199006e+32   1.935983227206105e+30   1.9357475562402345e+30     2.3567096587055408e+26   4.664225295447127e+32  1.5008112727740495e+29  1610748.0084290989      1610654.0541222908         93.95430680783896    2364006.122203595        2363798.593046124          207.5291574709409  3.1957294063450756e+47  3.1955277260365654e+47   2.0168030851018932e+43   0.008108914407735188    0.00931745074654139   0.017423167241058104   0.021929646338413045    0.04189335794270636    0.0776364389599444   0.11361214939250204   0.006497597435245694   0.03344281948525541   0.07054218507236416   0.09573839648604167   0.12044412752108699 
 T17-2232          5140.59595547412            2133.5496696951113       0.014319828895804635           0.009808022249694888    2070574.4569430803        455880.42725156975   0.026500817703115655   0.0016361323031862372    0.03101852759187284    0.002529750324247247    0.04917973220942074    0.002718168513343598     0.0568544278957723   0.0027528848746004187   0.09236026111897985   0.0012727393577714942    0.1446661629211139    0.003926333926754971   0.20175066767072614    0.006168887067326234    0.07644830841415765   0.0017862322808186123   0.17430318239416015    0.004989647309489888   0.13509843092303803   0.0031153497492775483    0.02096705813669075   0.0012623475810802003   0.21260593450458082    0.006191060315020549   4.823256779262106      0.43847788902382784        5000.0                20.0             5000.0               0.0                50.0             2000.0          2388.6115107501               1.0                      0.03                                   10.0  13728.314005334232             2.4015490534256495e+23                0.001825    2780129.161373943  0.00040039814202287837   0.0004063756812173726   0.0004009388921447275   8.488778964672923e+32   1.831368506747196e+30   1.8282343495822963e+30      3.134157164899892e+27   8.468819873037041e+32  1.9959091635882445e+30   989418.1416307171       988168.6556672371        1249.4859634798288   1790711.0197432246       1787951.1167852571          2759.902957967447  1.8191287540600027e+47  1.8164466341747572e+47   2.6821198852455168e+44   0.026166082079847185     0.0311539256247605   0.050009652531903676    0.05915597337531203    0.09457575706566161   0.14625548489608695   0.19753491900682224   0.020227007041743246   0.07866015171732045    0.1374042614103143   0.17289957905067493   0.20849763749173855 
 T17-2264         8757.902057881682            1940.7789106474904        0.02568734829260732           0.005051805265966725    1102121.0425562072         178856.1390184521  0.0034024975802666555   0.0002687278611166828  0.0038297281507484932  0.00028644761876036576   0.007424492232934569  0.00033743377507316444   0.009368769684005544  0.00030207318872526266  0.018395185629640706  0.00012888126951899655   0.03473395863400576   0.0007450800520098909  0.051344603274627365    0.001527167835279976   0.014597959824525842    0.000152265042060664   0.04309118051913136   0.0010958053833449118   0.03143835740924312   0.0005516380434286983  0.0027865962666220987  0.00021927116291117088   0.05436031916909046   0.0016961235672806445    8.25818116514905       0.7507437422862773       13000.0                20.0            13000.0               0.0                50.0              500.0       11997.246050282653               1.0                      0.02                                   10.0  13728.314005334232             2.4015490534256495e+23                0.001825    2442766.264500115   6.502255833834234e-13   7.162587110623932e-13   6.558868857485359e-13  2.1116917428228223e+32  1.0488364789843928e+30   1.0488364789794225e+30      4.970305304608756e+18  2.1116917427853243e+32   3.749781614856111e+21   1203661.892461875       1203661.892459351     2.523983913737516e-06   1239104.3720382368       1239104.3720342019      4.034884943747842e-06  2.3777042839092095e+47  2.3777042838994054e+47    9.804578937387866e+35   0.003236768471814704  0.0036215940675639537   0.007232203380137305   0.009111117893452354   0.018241472175151856  0.035072100805053186  0.052436724834586036    0.00271530683639772    0.0144449019908729   0.03161802513261287   0.04379331833850457  0.055455751257880576 
 T17-2331         6258.759290041408            2484.4223972511813       0.013045188868842738           0.009489369377123297     420953.7154968745         98554.94958814765  0.0042757240953368025   0.0003412187808957793   0.004899508702695838    0.000499940213659838   0.007969357125923338   0.0005380514773153175    0.00929377684435471    0.000544622717284898   0.01561689825485529   0.0002531025229379476  0.025217143467025138    0.000677240076809091  0.035400112929757865    0.001200586385156917   0.012805258255281676   0.0003547614770687762  0.030517310402197656   0.0009323055489138485  0.023418353736116608   0.0005055812157597809   0.003417565191265818  0.00025373016797598666   0.03724214660110382   0.0012324641417446904   23.11379437525647       2.1012540341142247       12000.0                20.0            12000.0               0.0                50.0             1000.0        9987.559254848173               1.0                     0.004                                   10.0  13728.314005334232             2.4015490534256495e+23                0.001825   1048204.8013610885   7.736177975834968e-08   8.098029464605974e-08     7.7681815299383e-08  1.4036508565256297e+32   5.831427962736833e+29   5.8314189759140206e+29      8.986822812834652e+23  1.4036442513970599e+32   6.605128569900973e+26  521901.07513158006       521900.7662609143       0.30887066581187683    526303.7262295078        526303.2582820206        0.46794748718195317  1.2904343479007076e+47  1.2904325572150062e+47   1.7906857013746714e+41  0.0042682881820952185   0.004635359795527009   0.007648017146673132     0.0088770226978646   0.015498797291322974   0.02548959873718787    0.0355896267959074  0.0034696007378985034  0.012563506207406486   0.02358009290430823  0.030871294163562053   0.03716316392473155 
 T17-2522        3971.0949390543146            1932.2072657932351        0.02016749975267453           0.009755407996087056    1027535.7070469048        218212.13661918443    0.01460911650376764   0.0009116175900985011    0.01737417471584256   0.0014081161365851961   0.027471499355275368    0.001582793338088515    0.03191013129996385    0.001645262221894274   0.05086448472646691   0.0010160501258563255   0.07843555945739951   0.0019485666102041453   0.10796654272959327    0.003149077456172034   0.042357740961504686     0.00121589156260851    0.0937278019285514    0.002406023715937577   0.07356507781109825   0.0016158240857399376    0.01143040898960001   0.0006853840228004438   0.11395091133342605    0.003203388448033434   9.590828384633724       0.8718934895121567        6000.0                20.0             6000.0               0.0                50.0             5000.0       2361.9952045384343               1.0                      0.03                                   10.0  13728.314005334232             2.4015490534256495e+23                0.001825   1447552.3195195214   0.0003102009738217062   0.0003106986395711131   0.0003102473471349604    4.57690540928197e+32   9.508408049405395e+29    9.484155876194838e+29     2.4252173210555597e+27   4.561461022736848e+32  1.5444386545121893e+30   512134.6717135019       511167.8168808905         966.8548326113909    935417.6478060173         933282.029167279          2135.618638738214   9.312086267673476e+46   9.291331968317679e+46    2.075429935579745e+44   0.014776606043937893   0.017731799386739733    0.02815106100700915    0.03313179436639025   0.052069017411625326   0.07909689422621556    0.1058121276198055   0.011389451644762504  0.043541368038302074    0.0745936495779417   0.09302246880615575   0.11165930647111567 
 T17-2596         7115.840125704316            1999.3463082784242        0.02441260571926992           0.006109163350446035     2433761.787264348        440163.38247385714   0.010953929345477783   0.0008557247105232265   0.012336145019881808   0.0010274571054115628    0.02273615370792988   0.0011130452071372236   0.028120079419613732   0.0010640967618280733   0.05281928631338481  0.00044787977942342845   0.09548729146115137   0.0022059196376587363    0.1389862695326567    0.004648181774185765   0.042237541698094246   0.0005754995059655859   0.11754693965818323   0.0033103331959787015   0.08704185670944034    0.001628179388621395   0.008882648473753942   0.0006458813679604195   0.14688404423890625    0.005090283821403526   6.899867499922626       0.6272606818111478       11000.0                20.0            11000.0               0.0                50.0             2000.0        7187.174998213112               1.0                      0.03                                   10.0  13728.314005334232             2.4015490534256495e+23                0.001825    4401374.267987402  5.0836322602061796e-05    5.18791331075956e-05   5.093002109950517e-05    5.76601392030481e+32  2.1764190892289433e+30    2.176020966987213e+30      3.981222417302873e+26  5.7634785789396834e+32  2.5353413651263257e+29   1763742.284620397      1763583.5663026422         158.7183177544979    2637631.983367006       2637281.4014737653          350.5818932405538  3.2284330632971055e+47   3.228092361945794e+47   3.4070135131128077e+43   0.010821399073148396   0.012444912539959186    0.02277008114633735    0.02840326821633931    0.05308735144079284   0.09627532573095846   0.13977740255427437   0.008639077854158902   0.04254975630646299   0.08779950449292741   0.11822446629808929    0.1481214727713269 
 T17-2602         6993.345118163697              2270.97321472379       0.020847408296695062            0.00807286306393865    2487983.9870163333         435916.7981782367   0.013984222138919393   0.0010725347389230792    0.01573831832971189   0.0013466735048584836    0.02808418660450741   0.0014589528534566902   0.034158740756904726   0.0014646081169786276      0.06237301422117   0.0006680206984206218   0.10954333582313315   0.0022986007795027918   0.15780080871332153    0.005052336776918937    0.05016041211845759    0.000890823534543253   0.13422260588694485    0.003554057535959333   0.10031510867662452   0.0016503034533526405   0.011308581899837333   0.0008195046420222864   0.16641981843282405    0.005480648189087757   7.067420820288893       0.6424928018444448        6000.0                20.0             6000.0               0.0                50.0             1000.0        4056.586361472402               1.0                      0.03                                   10.0  13728.314005334232             2.4015490534256495e+23                0.001825   3306633.3843092783  5.0088420376353436e-05   5.221035228891615e-05   5.027672233717052e-05   6.479424196970055e+32  1.6170412740155392e+30    1.616648258639311e+30     3.9301537622806915e+26   6.476921377393457e+32  2.5028195765981643e+29   1261352.114123461      1261195.4317459695        156.68237749155816   2045281.2701858184       2044935.1853399382          346.0848458801469  1.7535468517901475e+47  1.7532105207447252e+47   3.3633104542229375e+43   0.014283757463577339   0.016361764163087933   0.028729142198438157    0.03526858200602132      0.063225694483692   0.10937589104775644   0.15598845351708668   0.011307122153901717  0.050991534452240986   0.10054305625981354   0.13310084113881318   0.16500898130693245 
 T17-2687        6236.1231105705165              2478.83549857045       0.011416769642263548           0.009108405193550176     702196.5205724558        167341.62617981664   0.007715114237609862   0.0005955860463462703   0.008856034583764424   0.0009023082664275676   0.014225116224948821   0.0009748816985032055   0.016484112259446876   0.0009783509299110212   0.02742287580569807  0.00045833869075500563   0.04378342943704586   0.0010995291890111773   0.06134189456613878   0.0018299375622013322    0.02253936726795609   0.0006438356286450201  0.052944619776230065   0.0014656868644897054  0.040729125504926814   0.0008193928580850941   0.006159330734536241  0.00043844551814611573   0.06450793117913589   0.0018433903855421766   7.767874652383741       0.7061704229439765        9000.0                20.0             9000.0               0.0                50.0              500.0        7995.588695695553               1.0                     0.004                                   10.0  13728.314005334232             2.4015490534256495e+23                0.001825    1566707.562273904   8.606178868766692e-10   9.463520532457674e-10   8.679768894525546e-10  2.4418189282946387e+32  1.0262122633669406e+30   1.0262122533255243e+30     1.0041416361194941e+22  2.4418188544923087e+32   7.380232977874789e+24   771752.8333150281       771752.8298638653     0.0034511629101523036    794954.7289588752        794954.7237302691      0.0052286059843732425   2.262770857500342e+47   2.262770837492135e+47   2.0008206541984585e+39   0.007801199667790901   0.008537287805624967   0.013779401892253068   0.015907483408404442     0.0272602312283561  0.044069489387334675   0.06148865204387971  0.0062989100216068175   0.02218534204431013  0.040878040589714386  0.053332244687795065   0.06428082203297435 
 T17-2636         11399.81670580043             739.0522875447964       0.029997762879483594          0.0001495533369077122    2608698.1802042043        146021.79550397347   0.004539767221014755   0.0001262369774219725   0.005261914363318618  0.00011409068985519882   0.010869577581163137  0.00014322342092327287   0.014268430103476105  0.00011099976156137046   0.02981490035512232   3.949908053419062e-05   0.06017704069909709   0.0006721040666683243   0.09064784526899734   0.0013077738283605918   0.023453613581519997  1.4435505847827865e-05   0.07535679837897069   0.0009670742256363419     0.053927522182158   0.0005182838714606574  0.0036882679789588023  0.00010391109274384143    0.0962656100297859   0.0014198536611031618  20.950170797990644       1.9045609816355131       13000.0                20.0            13000.0               0.0                50.0              500.0       11997.810659104722               1.0                      0.03                                   10.0  13728.314005334232             2.4015490534256495e+23                0.001825    4699917.593086505  1.2510434187791872e-12  1.3780921106721167e-12   1.261935846340618e-12   3.700257975308928e+32  2.0237684480848683e+30   2.0237684480750037e+30      9.864608677136706e+18   3.700257975246108e+32   6.282027932232986e+21  1973648.6279242856      1973648.6279203529     3.932696871535902e-06    2726268.965162217       2726268.9651535302       8.68666159187028e-06    4.31254140424234e+47   4.312541404233898e+47    8.441843117959572e+35   0.004438306981000421   0.005170672198273857   0.010752723076185152   0.014176891203870206   0.029835101327286485   0.06070071061331372    0.0916818535704978  0.0036051816014622735  0.023450129528507717    0.0543292111661238   0.07611509295317609   0.09739504433189411 
 T17-2732         9830.700564103863            1476.7833219127835        0.02888273944318455           0.003150789109910976    1725844.2815120565         234198.1484677492  0.0038433580558117127   0.0002735778697658868   0.004384693479136543  0.00026405853232983013   0.008822949231685067   0.0003320218825227009   0.011389140324233053   0.0002718677077856941  0.023177759244121583   9.346188691569493e-05   0.04544734491988952   0.0010242246566048985    0.0678905574467207   0.0019584253020225083   0.018294013487478646  0.00010202489736746796   0.05666947594243574   0.0014539629859572577   0.04090630878140347   0.0007824162506324659   0.003134247535862934   0.0002366072863746921   0.07203000791401337    0.002149169602679582  30.548727515653095        2.777157046877554       11000.0                20.0            11000.0               0.0                50.0              500.0        9997.238423440063               1.0                      0.03                                   10.0  13728.314005334232             2.4015490534256495e+23                0.001825    3136362.627933728  3.8568220224051985e-11   4.245445679506443e-11  3.8901562405817716e-11  2.7927878438093228e+32  1.5092602252866213e+30    1.509260224982526e+30      3.040952447586025e+20  2.7927878418727688e+32   1.936554083549577e+23  1299873.1834343905      1299873.1833131574    0.00012123282908149037   1836489.4444993357        1836489.444231553     0.00026778279497668685  3.1713336777718085e+47   3.171333677511573e+47   2.6023580186404025e+37   0.003706728112283275    0.00424993877524731   0.008666921128454817   0.011271623511690367   0.023200547284735567   0.04600491020194704    0.0688840182305552    0.00301540980185735   0.01828395740813871   0.04134386624347133  0.057434320935938345   0.07310813696828887 
 T17-2743         7617.884549051936            1944.5914210195715       0.026186672193626505           0.005002919315157126    2893678.9939954802        476855.87801665626   0.010829843689577033   0.0007709158771158065   0.012205792208456785   0.0009008879232132038   0.023055221839049983   0.0009991929461195903   0.028851490190266074   0.0009685788027138256   0.05539675412307547   0.0004595309291806376   0.10236195053200337     0.00196938513358989   0.15011408380722627    0.004193415748979953    0.04411933828738326   0.0005367925350185942   0.12645863807366559   0.0029755830742915776   0.09298756394338083   0.0014402664097297735   0.008806476099859545   0.0005835805785467228   0.15885939558112494   0.0046036183938544546   11.27076358123535       1.0246148710213954       12000.0                20.0            12000.0               0.0                50.0             2000.0        8118.742419634408               1.0                      0.03                                   10.0  13728.314005334232             2.4015490534256495e+23                0.001825    5276129.184392903   3.994423349165636e-05  4.0779101482755004e-05   4.001922262899682e-05   6.193332434912208e+32   2.569843887156703e+30    2.569531055112235e+30      3.128320444680604e+26   6.191340242717092e+32  1.9921921951153668e+29   2138123.339624716       2137998.623719315        124.71590540100571    3138005.844768185        3137730.368447296         275.47632088896256  4.2420438175771995e+47   4.241776105078092e+47    2.677124991071067e+43   0.010763855713909398   0.012368079179817151    0.02312768995109447   0.029109636281099607    0.05560967073919293   0.10305540114092496   0.15080992620189307   0.008624977125586205   0.04439233977636068   0.09363841615327823   0.12708412424156104    0.1598787636712495 
 T17-2686         7969.023270427573             2004.872756368604       0.025375910111504415           0.005265989574154527     988058.1248321054         167428.2082618832   0.003572418240990578  0.00027999819283708386  0.0040181688706897225    0.000317907492211587   0.007629928894595867   0.0003590576134403228   0.009550304821910586   0.0003404228346245438   0.01841530710934553   0.0001657552020932341    0.0341540501607591   0.0006898887897235635   0.05017291301520051    0.001469551783594793   0.014656685071619869  0.00019098225957853206  0.042237370649776965   0.0010389379021067439  0.031003534060334265    0.000503205775077498  0.0029140917693763037  0.00021635053506361494   0.05308376499222829   0.0016244515520886054  3.2598203941499126        0.296347308559083       12000.0                20.0            12000.0               0.0                50.0             2000.0        8118.742419634408               1.0                      0.03                                   10.0  13728.314005334232             2.4015490534256495e+23                0.001825   1757026.4593100108  1.3302000896661693e-05  1.3580023875085049e-05   1.332697335163072e-05  2.0624682563938704e+32   8.557947594207679e+29    8.556905818769208e+29     1.0417754384717058e+26   2.061804827907471e+32   6.634284863992307e+28   712025.6441221272       711984.1119423743        41.532179753021985    1045000.815187883       1044909.0776341195          91.73755376328523  1.4126612462566552e+47  1.4125720941665565e+47    8.915209009866541e+42  0.0035845178600777965    0.00411874721226722   0.007701851445752083   0.009693925106700705   0.018518815492862575   0.03431892212098047    0.0502218617859346  0.0028722407073401277  0.014783283890862663  0.031182931471023644  0.042320830488982115  0.053241914334301976 
 T17-2647         7369.271785102901            2437.9561923411225       0.012308637639197581           0.008596366803842433    439379.29192157905         89825.96550595971  0.0034298167659920307  0.00029471162947074557   0.003845132284313079   0.0003745610505238132   0.006487931365983952  0.00038593735053059174   0.007657479199613467  0.00037595296919116323  0.013400826458029178  0.00015585763551080733  0.022447378821212158    0.000577464438617814   0.03183178714646474   0.0011545861684027702   0.010873217094442118  0.00022582410950997627  0.027328459796426986   0.0008450890308735866   0.02070936651309619  0.00042129370369194477  0.0027745966690579603   0.0002283411586891269   0.03345121097025702   0.0012347834151376282  10.932121518742695       0.9938292289766086        8000.0                20.0             8000.0               0.0                50.0              500.0        6994.879698745738               1.0                     0.008                                   10.0  13728.314005334232             2.4015490534256495e+23                0.001825    856418.0390157504  3.0898638933220343e-09   3.395245154541767e-09  3.1160891870430887e-09  1.2844046078598484e+32   4.130573354832321e+29    4.130573070062397e+29      2.847699238199376e+22  1.2844043839852433e+32  2.2387460520146498e+25   414308.3113914923        414308.299194496       0.01219699629592406    442109.7276242585        442109.7086603629       0.018963895574506826  1.2675188197852925e+47  1.2675187407884235e+47    7.899686913257947e+39  0.0033804110605761693  0.0037089115816376925   0.006342362387101269   0.007480013345174968   0.013334577538577043  0.022600332559741337  0.032180808356093195   0.002780942490732456   0.01075703643778055  0.020798909947403122  0.027607078183296753   0.03376670406770737 
 T17-2692          6706.25343179569            2412.1832243885883        0.01784734550286521           0.009478586355355954    1220276.5783065797        238480.86615224046   0.008804981367449363    0.000706474758740547    0.00997282554622313   0.0009514795420966269   0.017097963744845866    0.001033440850390583   0.020431603309493482    0.001095537977440545  0.035985709811634375   0.0005563014930295323  0.060983126387186004    0.001338218367541361   0.08669453910695722   0.0029435154464034535    0.02917529065924477   0.0007293331862312361   0.07424634868168203    0.002090643752829205   0.05618631642459095   0.0009520719091097207   0.007081862967777996   0.0005346141387194536   0.09130097026933101    0.003109265370100996   6.353145424868153       0.5775586749880138       13000.0                20.0            13000.0               0.0                50.0             5000.0         6283.99267485486               1.0                      0.03                                   10.0  13728.314005334232             2.4015490534256495e+23                0.001825   2139581.9487276133   0.0001128120885385261  0.00011350104488076166  0.00011287458090639569   3.629468072547935e+32  1.1103151671505707e+30   1.1094328215277989e+30      8.823456227717436e+26   3.623849076367192e+32   5.618996180743063e+29   837074.6783861568       836722.9160422201        351.76234393669154   1302507.2703414585        1301730.286876331          776.9834651272653  1.5124393178298397e+47  1.5116842322945643e+47    7.550855352753259e+43    0.00872661975668403   0.010264746722485247     0.0174471158198203   0.021152571409404262     0.0364886372803868  0.061443433796456774   0.08642446748962161   0.006839058047577081  0.029803120075807717   0.05679195661873764   0.07418664075823816   0.09143411909989088 
 T17-2726         8547.511402271237             1820.179012625371       0.027217569998490537           0.004488768764203743    3199300.1825437257        477517.98809125344   0.009562599582821442   0.0006810575055188903   0.010799853784128335   0.0007382021259132662   0.020991580562773664   0.0008651094553957349   0.026601348769838603   0.0007948837161009912  0.052404865054289776  0.00035710340071376425   0.09934455574219261    0.001923258440754913   0.14694117292653336    0.003926521117269448     0.0415601918883413  0.00041105939161974604   0.12325631081612426   0.0028292462221696495   0.08988091680935609   0.0014248357889766845  0.0078049172988623634   0.0005509991088647099    0.1556901966070944    0.004339939784210166  12.308520550658182       1.1189564136961982       13000.0                20.0            13000.0               0.0                50.0             2000.0        9070.115480593535               1.0                      0.03                                   10.0  13728.314005334232             2.4015490534256495e+23                0.001825    5643428.157208374  2.7901135845512427e-05   2.849344688822065e-05    2.79543234476192e-05  6.0004211881963924e+32  2.6818915294672855e+30    2.681673009276703e+30     2.1852019058220688e+26  5.9990295973224675e+32  1.3915908739248163e+29   2309409.220206377      2309322.1033527846          87.1168535921605   3334018.9370020027        3333826.510621119         192.42638088403154   4.778129115074581e+47  4.7779421118971235e+47   1.8700317745772586e+43   0.009679713952616954   0.011131453358992174    0.02125200415999544    0.02698966251544174    0.05262454854955169   0.09952724216590497   0.14670392660253162   0.007780082985098384   0.04186080927216641   0.09012683010014062   0.12320409510539287   0.15559233057214567 
 T17-2573          11381.8501266062             760.5651130024628       0.029991500589777037          0.0002914135613927491     823377.7624392947         48501.61771178757  0.0014360094376915811  3.9853752822020095e-05   0.001664160250899984   3.561865027831347e-05  0.0034368942836009134    4.33076933923896e-05   0.004510905356217537   3.154747271927134e-05   0.00942363740199756  2.3105477949801372e-05  0.019015261630214338  0.00024044905354885087  0.028641444560721468   0.0004575843522042808   0.007413229050617373  1.0844464647425158e-05  0.023810932690301365   0.0003415894705886408  0.017041167773509665  0.00018815825512381304  0.0011667063341161176    3.29676204701842e-05  0.030416231625428503   0.0004960517705314454   44.61624927702104        4.056022661547368       13000.0                20.0            13000.0               0.0                50.0              500.0       11997.810659104722               1.0                      0.03                                   10.0  13728.314005334232             2.4015490534256495e+23                0.001825   1486716.8441116235   3.957404117361459e-13   4.359295058039681e-13  3.9918599460182543e-13  1.1704962375387974e+32   6.401751904704161e+29    6.401751904672957e+29      3.120454686788991e+18  1.1704962375189256e+32  1.9871830850329956e+21    624320.874010444          624320.8740092     1.244023233577129e-06    862395.9701011786        862395.9700984306     2.7478367124411262e-06   1.364178800931983e+47  1.3641788009293126e+47   2.6703937058981705e+35  0.0014039620093973173  0.0016356298382468103  0.0034013903862799024   0.004484551597444106   0.009437686259499797   0.01920135132818225  0.029001562964239332  0.0011404208918172468  0.007417939118318941  0.017185865872794862  0.024077356367070667  0.030808806765936024 
 T17-2448         9723.326875119366            1674.7682645718312       0.026414847474435628           0.004837156341455958     691609.0271127676        108543.34463257946   0.001761113512112003  0.00014660963904767973   0.001991633923719236  0.00014256498868655214   0.003952231728297397  0.00018146183454653735  0.0050421173900637275  0.00014576310666937812  0.010112271763001286   4.591424573836998e-05   0.01951654753349886   0.0004758162901325712  0.029049723571280217   0.0009215537177752753   0.007999652131967974   5.989190525863457e-05   0.02429731254957546   0.0006760416240689683  0.017604258261956725   0.0003605851464633268  0.0014449773410500156   0.0001291339483177655  0.030782155243156126    0.001028459387716938  39.487242355560284        3.589749305050935       13000.0                20.0            13000.0               0.0                50.0              500.0       11997.246050282653               1.0                      0.02                                   10.0  13728.314005334232             2.4015490534256495e+23                0.001825    1351713.180152754  3.5980458053024075e-13   3.963442406309744e-13   3.629372818185151e-13    1.16851194593416e+32    5.80377301369983e+29    5.803773013672327e+29     2.7503356695478415e+18  1.1685119459134106e+32    2.07495465495661e+21   666050.4806100521       666050.4806086555    1.3966552478940097e-06    685662.6995427001        685662.6995404674     2.2327175702911403e-06  1.3157109076596196e+47  1.3157109076541942e+47    5.425397741943737e+35  0.0017910770539276938   0.002004021631308634   0.004001964810365275  0.0050416686694440644   0.010093981861006388   0.01940726855565029   0.02901604345574089   0.001502524450356598   0.00799313658897009   0.01749594380897503  0.024233184509323383   0.03068663219233119 
 T17-2533         6104.856543351933             2446.946774619771       0.012381461640232266            0.00937337426811825     892306.7012950138         204657.1360157165   0.009727746987585453   0.0007031568891850219   0.011181809045420588   0.0010595300305471164   0.018013703966111433   0.0011530060432717354   0.020918637579794352   0.0011805111897876068   0.03482422431694143   0.0005581525981573934   0.05569340868473646   0.0013463038171870622   0.07801716514969609    0.002302267508092044    0.02862179668359604   0.0007817048082124404   0.06732568151295923   0.0018188179527619391  0.051803162660695026   0.0010094291617933173   0.007761018742916801   0.0005233102836947096    0.0820745821177569   0.0023280963601542077   9.101101169583906       0.8273728335985369       11000.0                20.0            11000.0               0.0                50.0             1000.0         8987.33247366881               1.0                     0.004                                   10.0  13728.314005334232             2.4015490534256495e+23                0.001825   2133923.0090581514   3.924768706777254e-07   4.106772152273906e-07  3.9408702875861395e-07  3.1097212712236065e+32  1.2668416574678741e+30   1.2668370983696004e+30     4.5590982736963256e+24   3.109687762795892e+32   3.350842771437632e+27  1055730.3544089869       1055728.787479552        1.5669294350471252   1078192.6546491631        1078190.280708311          2.373940852539014  2.8269941941098296e+47  2.8269851097957626e+47     9.08431406727031e+41     0.0097389003294864    0.01064692223450205   0.017321616482033175   0.020028072982152246    0.03454835494843472  0.056220718424134765   0.07850548982197052   0.007885332892834994  0.028081185323266488  0.052091498432458035   0.06807398462753218    0.0820403351019563 
 T17-2713         9715.193521674435            1722.7569343028924       0.025338688641542418           0.005425304117542252    341658.25352559396        59220.261510095814  0.0009141043321516582   9.110260849509646e-05  0.0010305897492393539   8.922966905927084e-05  0.0020321411172745255  0.00011270579987289252  0.0025805242299043953   9.132686930499822e-05  0.005146019739563896   3.520153430957068e-05  0.009871655066221067   0.0002527030044053939  0.014669684708042802   0.0005082476867573826   0.004074682328818248   4.402847396348626e-05  0.012281566878278569   0.0003654306051174781  0.008911816466101034  0.00018761756095579766  0.0007510997397604182   7.876376246940022e-05  0.015535054360360278   0.0005716582803735629   57.42434528042617        5.220395025493288       13000.0                20.0            13000.0               0.0                50.0              500.0       11997.246050282653               1.0                      0.02                                   10.0  13728.314005334232             2.4015490534256495e+23                0.001825    688618.2418846491  1.8329923929481724e-13  2.0191404372750492e-13   1.848951660677125e-13   5.952880046190412e+31  2.9566804760606857e+29   2.9566804760466745e+29     1.4011340136097846e+18  5.9528800460847055e+31   1.057067170363108e+21  339313.48580346623      339313.48580275476     7.115135780617714e-07     349304.756081182       349304.75608004455     1.1374380826153537e-06   6.702772047829226e+46   6.702772047801588e+46   2.7639205635030068e+35  0.0009124482546040169  0.0010209309731629658  0.0020387653329580905   0.002568433204835031  0.0051422891666679255  0.009886860133349355  0.014781964934811738  0.0007654477004332636  0.004072032252003657  0.008913152762546473   0.01234538003853064  0.015633031489162497 
 T17-2731         4257.758402461465             2304.658664091697          0.010727036362326           0.008964097124071589    1088238.7843517864        267224.02282302757   0.021868392517539068   0.0018574196470697367   0.026742470910843835    0.002715903889487167   0.039692050767890924   0.0024144021509638312   0.044515370779755634   0.0020170174753472185   0.06773532505037333   0.0013397665665255954   0.09891998697780485   0.0029868474102175387   0.13576951646309288    0.006408701366118134   0.057114696243633974   0.0014071445772429723   0.11816830065356027    0.003687160563451759   0.09340280308956504   0.0025455489476330696   0.017017002456348112   0.0013150945954407895    0.1429619088089562    0.008137754262726246   9.139453988148365       0.8308594534680331        5000.0                20.0             5000.0               0.0                50.0             5000.0       1904.8937323785708               1.0                      0.02                                   10.0  13728.314005334232             2.4015490534256495e+23                0.001825   1478715.6387205403   0.0004117942195700712   0.0004117660799479301   0.0004117939103931092  5.8399868083943505e+32    9.97999374134046e+29    9.948788033440133e+29     3.1205707900327857e+27  5.8164440715619235e+32   2.354273683242694e+30   622240.2271183579       620655.5617923832         1584.665325974763    856475.4116021807        853942.1378242244         2533.2737779563286  2.2180367127955225e+47  2.2118809777318812e+47    6.155735063641461e+44   0.022070268266373847   0.027273872368481826   0.041290941105318175    0.04690165568411534    0.06918715659465276   0.09855267488946282   0.13291805893999603   0.016998439913963388  0.059054539113075843   0.09393200081805848   0.11617792606244266    0.1409587818474669 
 T17-2679         11984.32463710095             116.1209212549956       0.029999999999354907            8.0317523740459e-08    1094832.8190955962         54741.64095477981   0.001784856102738558  3.4367184448264103e-06  0.0020791401864041397  1.9816314684077075e-06   0.004323114179023977   9.837781681638897e-07   0.005699265146927283   5.859388770613246e-06  0.011992262430112406  2.7710061472161597e-05  0.024394650628835144   9.172272879859122e-05   0.03684332880030378  0.00015703393567791235   0.009425972671348863  2.0399258191251418e-05  0.030588567288989295  0.00012259128539366442   0.02183461264117431   7.719727859071147e-05  0.0014498170784631157  2.8007928568363653e-06  0.039138887819851885  0.00016973971806358258  182.81885286854697       16.619895715322453       13000.0                20.0            13000.0               0.0                50.0              500.0       11997.810659104722               1.0                      0.03                                   10.0  13728.314005334232             2.4015490534256495e+23                0.001825   1889641.5443858006   5.029925676639589e-13   5.540735667678367e-13   5.073719601174712e-13  1.4877199560634815e+32   8.136731889392424e+29    8.136731889352763e+29     3.9661491943701576e+18   1.487719956038224e+32   2.525742362206772e+21   793522.0921387587       793522.0921371776    1.5811739765100875e-06   1096119.4522470408       1096119.4522435481      3.492545624664626e-06  1.7338936774822327e+47  1.7338936774788387e+47     3.39411429050351e+35  0.0017844587893142555  0.0020789124074497567  0.0043232230858523835   0.005699938787964552   0.011995454352631841  0.024405233129487874   0.03686146319415255  0.0014494936973362068  0.009428322539841773   0.02184351798938592  0.030602715675415275  0.039158499769775965 
 T17-2684        10734.258355539492            1060.5355769181754       0.029942143485773003          0.0007584312736327319     2266207.102243767        191779.26880079834   0.004275079261378965  0.00019097344940384678   0.004927583657383137  0.00017927274999389507   0.010094253992728147  0.00022851155363811428   0.013182422896135625  0.00019106429120026397    0.0273099639505067   5.056590912035374e-05  0.054597041274414254   0.0007998764983816798   0.08199400518379601   0.0015790123322640978   0.021505142037261116   6.033160834522617e-05   0.06826246013713777   0.0011633823156349797   0.04900001109730642    0.000603744555617581  0.0034749375399735953  0.00015876788580720843   0.08705320814018137   0.0017073847467614066   6.771087554084745        0.615553414007704       13000.0                20.0            13000.0               0.0                50.0              500.0       11997.810659104722               1.0                      0.03                                   10.0  13728.314005334232             2.4015490534256495e+23                0.001825    4293237.678325687  1.1427916843956735e-12  1.2588469598794531e-12  1.1527415993652373e-12   3.380077766148402e+32   1.848653467095958e+30    1.848653467086947e+30       9.01103238850816e+18   3.380077766091018e+32   5.738449341033085e+21   1802870.472802432      1802870.4727988397    3.5924039202618263e-06    2490367.205523252        2490367.205515317       7.93501207339055e-06   3.939380825159077e+47  3.9393808251513654e+47    7.711377536034036e+35   0.004054264012380997    0.00472325828362494   0.009822298995877415   0.012950176736611415   0.027253495113060692   0.05544832919827447   0.08374869992329136   0.003293228270932258  0.021421009551635787  0.049628150237191235   0.06952891800412103   0.08896753309525363 
 T17-2856         4628.106892944962            1907.5698363218626       0.012012133343755305            0.00923554608612826    1675154.7076745299         368147.5495045539    0.02664937617847735   0.0016826505507403092    0.03172181640435752   0.0026929773958336805    0.04888375879163297    0.002765550890682682   0.055707110905820374   0.0026264990812178124   0.08785469654646622   0.0012668903382337625     0.133555897879258    0.003974072707926916   0.18596491032527976    0.006028323009917239    0.07331726832205311   0.0017099800543929954   0.16075855532888023   0.0047784450901537726   0.12529537206747826     0.00325923480620829     0.0209695459902592   0.0012627394966561011    0.1960936468514466     0.00635814943508964   11.58424915007214       1.0531135590974672        5000.0                20.0             5000.0               0.0                50.0             5000.0       1910.4839034524405               1.0                      0.03                                   10.0  13728.314005334232             2.4015490534256495e+23                0.001825   2221718.1048154966   0.0006187062942465428   0.0006186640154565331   0.0006187058297190595   7.798295542625341e+32   1.563677351896361e+30   1.5588409008880626e+30     4.8364510082981797e+27   7.767495820790025e+32   3.079972183531605e+30    768287.277865575       766359.1430178386        1928.1348477364775    1453430.826949922       1449171.9035004678          4258.923449454118  1.4975320277992388e+47    1.49339313471224e+47    4.138893086998915e+44   0.026530668613296032    0.03200362083217483    0.05024454896777849    0.05883470034618714     0.0908593282743751   0.13529503187395708   0.17901387632568688    0.02038859474232052    0.0763684902035157   0.12812671836465336   0.15819919035166813     0.188825926199682 
 T17-2741         6280.482761607796            2556.2942206668026         0.0128393213642834           0.009844621298279295    1221951.1751274748        269857.12189118704   0.012726035922576776   0.0008751374550179217   0.014559577530014887   0.0012907177877956295   0.023598589012035955   0.0014139815387084005   0.027488680672879812   0.0014995510944065958  0.046064216961767726   0.0007375211440534841    0.0740859050712705   0.0016530088347325423   0.10371012465354504   0.0029638192046723792    0.03779165463206404   0.0010097927681251937   0.08953757093087264   0.0022928578658604625   0.06885413658412497   0.0012418395728448464   0.010163462190978603   0.0006612032964555461   0.10906001690461195   0.0030165726470122067   6.659229163434788       0.6053844694031626       10000.0                20.0            10000.0               0.0                50.0              500.0        8997.265895050206               1.0                     0.004                                   10.0  13728.314005334232             2.4015490534256495e+23                0.001825   2896767.7911502626   2.392816292716104e-10   2.632691730647192e-10  2.4133980655472456e-10   4.124967930703752e+32  1.7427902002003497e+30   1.7427901974083474e+30     2.7920023120370215e+21  4.1249679101831134e+32  2.0520638519909134e+24  1434796.6057691793       1434796.604809588     0.0009595912048422407   1461971.1853810805       1461971.1839272736       0.001453806860705005   3.810989811008115e+47    3.81098980544486e+47   5.5632549149956214e+38   0.012781869169162055   0.013903481290680067    0.02275226397069656   0.026357774944355112    0.04572018882416443   0.07472247444075053   0.10432012751619532    0.01035984872932538  0.037109760172685906   0.06919226395021388    0.0904789352652267   0.10898150731406799 
 T17-2859         9894.832944357731            1472.5144301796572       0.028875991286090214          0.0031590029841387624    1530838.8114416273        206302.98989081595   0.003386785047128961   0.0002485909473856473  0.0038654712802908865  0.00024144962975235665   0.007782179491154079   0.0003070548356430294     0.0100488230661069  0.00025575262900308035  0.020461770306511362   9.006357642562122e-05   0.04015007558895799   0.0008608910415900475   0.05999075820848504    0.001670751828127913   0.016149447510813465  0.00010625952975275937   0.05007011673180714   0.0012324410881905062   0.03613422622995259   0.0006500671328482644  0.0027618206551421626  0.00021457005819936135   0.06364905422909975   0.0018358659210864683   13.14365339006561       1.1948775809150556       13000.0                20.0            13000.0               0.0                50.0             1000.0       10989.383069173178               1.0                      0.03                                   10.0  13728.314005334232             2.4015490534256495e+23                0.001825   2942741.6630120757   8.655295453485153e-08   9.063073704888035e-08   8.691352575243464e-08   2.485940951312799e+32  1.3331799075967878e+30   1.3331792281898887e+30      6.794068991575289e+23   2.485936624680839e+32  4.3266319603244906e+26  1227371.5373910507       1227371.266533739        0.2708573116548873    1715370.125621026         1715369.52734308         0.5982779458694591  2.7602824193707995e+47  2.7602818379542788e+47    5.814165207830631e+40   0.003172159663889167   0.003662004374878981   0.007514515011397755   0.009826756183419239   0.020399477501509264  0.040879075291647554   0.06143844065292231  0.0025774633494306436  0.016059454779081307   0.03667476113543456   0.05113045915749998   0.06523434137112276 
 T17-2753         5152.928562048708            2270.8075653778988        0.01649781441581577           0.010252714116614655    1962540.6469295635        426104.55730067304    0.02337306000765351      0.0014090283728125    0.02726918685307919    0.002144958053754042   0.043712210121922945   0.0023605563512251885   0.050885984516421096   0.0025210215720766773   0.08337773948136182   0.0012622495644316982    0.1317880129105778   0.0033301918463563306   0.18344887947338334    0.005721652038980735    0.06886332068912801   0.0016991191856071295   0.15860031596751004    0.004450597926131904   0.12293955916477271    0.002622584052477063   0.018485691846691195    0.001089158057422221   0.19331097507280415    0.005796905112761039   3.492443514725394       0.3174948649750358        5000.0                20.0             5000.0               0.0                50.0             2000.0          2388.6115107501               1.0                      0.03                                   10.0  13728.314005334232             2.4015490534256495e+23                0.001825    2510744.375486765   0.0003616009633676421   0.0003669992999342825   0.0003620893166951924   7.666245991884033e+32   1.653915307836537e+30   1.6510848395320446e+30     2.8304683044923877e+27   7.648220866375169e+32  1.8025125508863512e+30   893546.9864559126       892418.5713093636        1128.4151465488976   1617197.3890308512       1614704.9110104481         2492.4780204030267  1.6428615443482492e+47   1.640439312493045e+47   2.4222318552039432e+44    0.02363068030193034   0.028135219263713717    0.04516389222451521    0.05342396658833938    0.08541169720066595    0.1320838402721779   0.17839447668449648   0.018267080849542296   0.07103825830940726    0.1240902693648114    0.1561462149517454   0.18829494611536482 
 T17-2818         6121.784054199661             2483.454631292193       0.015418756746605804           0.010014489061223488     797719.1559558762        176611.62598986443    0.00764949582366087   0.0005887692704984375   0.008771436603943897    0.000848372403252253   0.014416348890496197   0.0009309229868653358   0.016923355301069032   0.0009814317870863128  0.028622361730280533   0.0005035580216077262    0.0465916207356232   0.0011536808285461978   0.06541947763306678   0.0022022125142741305   0.023436524399950635   0.0006682558553324859   0.05636646470382267   0.0016491875954959252   0.04322528207525808   0.0008631339526939644    0.00610787613826344  0.00044112822627775326   0.06886265421862439    0.002285543945852334  16.002669648097072       1.4547881498270065        6000.0                20.0             6000.0               0.0                50.0             2000.0       3057.6036981479056               1.0                      0.03                                   10.0  13728.314005334232             2.4015490534256495e+23                0.001825   1048305.2113809142   9.779315621052297e-05   9.941998189794161e-05   9.793994980911403e-05  2.7360384676862728e+32   6.172086980846137e+29    6.164430971378406e+29      7.656009467731234e+26  2.7311629306122886e+32   4.875537073984358e+29   383992.4481996783      383687.22814009315        305.22005958512307    664312.7631812366        663638.5837427306          674.1794385060175   6.315299648177295e+46   6.308747859560886e+46    6.551788616409661e+43   0.007719106239730851   0.009111741974921516   0.014935274400552536    0.01782775262039648   0.029357860050081803   0.04685511966680996   0.06431877121863412   0.006000177125081084   0.02421885206456832  0.043742381605422216   0.05586626760578339   0.06793518882660077 
 T17-2749          8212.08789725119             2146.358232013274        0.01977196525948144           0.007313026815136486     681667.3828712408        130292.77103555034   0.003018784530744302  0.00031072538066269866  0.0033627817241564284   0.0003359439343209404   0.006206592515613067  0.00037017673892444393  0.0076189574033031495   0.0003184470269249268  0.014355669987295592  0.00013726695882532457   0.02594656285326205   0.0006642229256863172  0.037807672426383124   0.0014220772803066265   0.011472558698494808  0.00017262701762726693   0.03198899607228392   0.0009888324294113672  0.023639552825701432   0.0004833002644334654   0.002470152086821225  0.00024750603673722533  0.039880025689838325   0.0015982614784980462  23.721186249689662        2.156471477244515        9000.0                20.0             9000.0               0.0                50.0              500.0       7995.6394340666775               1.0                      0.02                                   10.0  13728.314005334232             2.4015490534256495e+23                0.001825    1368568.268889999    7.51776757820141e-10   8.266682452156494e-10   7.582050777303476e-10  1.5535581145175914e+32   7.379509059662083e+29    7.379509002205366e+29      5.745671703015676e+21  1.5535580711701254e+32   4.334746619486212e+24    656869.782782221       656869.7798644963      0.002917724780121924     711698.486107778         711698.481443452       0.004664325997181551  1.2887224511402388e+47   1.288722439806148e+47   1.1334090827035702e+39  0.0029052032916205717  0.0032106978328704135   0.006078470291810442    0.00750352960919087   0.014339831677404354  0.026225520316882574  0.038392574475183495  0.0023981925954609596  0.011431732891547922   0.02384388387781483   0.03240843419236188   0.04048820296374186 
 T17-2447          9573.77650094578            1530.2034371161776        0.02856052962021765           0.003510564826569071    3009296.3575636894           414744.81216737   0.007076591726044853   0.0005170947941726152    0.00805256389231633    0.000511201174900961   0.016104810186059748   0.0006419459299233745     0.0207136923195057   0.0005413653407949023    0.0419038927523018   0.0001985145767952982   0.08164825170746584     0.00172999667387267   0.12175262414478957   0.0033644484774045195    0.03310187946711089  0.00023403445554377356   0.10171741218582968   0.0024784274237196154   0.07356020111747691   0.0013045446249161684  0.0057747407446094995   0.0004445298683389989     0.129147718546598    0.003702179243471082  10.674320350951389        0.970392759177399       12000.0                20.0            12000.0               0.0                50.0             1000.0         9988.25659495241               1.0                      0.03                                   10.0  13728.314005334232             2.4015490534256495e+23                0.001825    5545699.645392184   4.092952007238481e-07  4.2843954799602513e-07   4.109884013122415e-07  5.0230269647961156e+32   2.632241289374379e+30   2.6322380766597535e+30      3.212714625346312e+24   5.023006505431051e+32  2.0459365064825954e+27  2296650.9690466924      2296649.6882424382        1.2808042538494697   3249048.6763454885       3249045.8472657287         2.8290797592729464   5.264004299771393e+47   5.264001550424334e+47   2.7493470585211315e+41   0.006769768757396318   0.007757636477637114    0.01573017770362103   0.020424205966664208    0.04187835292331909   0.08276443017500798     0.123827979490603   0.005502052155106475   0.03301742442877796   0.07441523519144495    0.1032783900911436   0.13142779856817383 
 T17-2510         6193.917822645484            2445.2245108670945       0.012199884794761643            0.00917200130929743     403210.4494911422         96369.56647330034  0.0042856356963670485  0.00033988856394261846   0.004920767620078938    0.000508243174931413    0.00794935422644532   0.0005449115714739582   0.009237832405475085   0.0005434594667808513  0.015432175526819223  0.00024431503901470677  0.024767927903363178   0.0006813308497580493   0.03475392201507037   0.0011585788341594077   0.012672098734289938  0.00034984667702316047  0.029969019191264795   0.0009174852968186548   0.02302165855736662   0.0005105626994637053  0.0034233757333296897   0.0002508968897527732   0.03656102215753289   0.0011810355189264886  11.709278041857493       1.0644798219870448       10000.0                20.0            10000.0               0.0                50.0              500.0        8997.265895050206               1.0                     0.004                                   10.0  13728.314005334232             2.4015490534256495e+23                0.001825    970373.5900894149   8.015574266880978e-11   8.819120863161766e-11   8.084520106632357e-11  1.3818021424255305e+32   5.838084738816881e+29    5.838084729464094e+29      9.352787321601276e+20  1.3818021355514257e+32    6.87410490144408e+23   480635.2575590771       480635.2572376285    0.00032144860395980925    489738.3325303368        489738.3320433334     0.00048700340670342643  1.2766242002551652e+47  1.2766241983915585e+47    1.863606624231087e+38   0.004281733700445444   0.004657456871757376   0.007621665823320947   0.008829457707193887     0.0153155747949177  0.025030903755887013  0.034945671850445184  0.0034703933242322014  0.012431210853745116   0.02317836651626199  0.030309080869033823   0.03650716389100528 
 T17-2546         9314.006819985887             1699.415851217368       0.027382734504154443           0.004399040144683415     782622.6482164513        118465.11347257903   0.002029146363398792  0.00015435451918628887  0.0022976694727661713    0.000155214873083388   0.004546060475276616  0.00019025528824551365   0.005804423678997585  0.00015955934638917248  0.011617870089329213  5.7286664644206046e-05   0.02238167939361284   0.0005244195115434452   0.03327764691103855   0.0010134921312486714    0.00919217067230546   6.674578779820735e-05  0.027844259748352813   0.0007465531757250833  0.020197507883334093   0.0003991927872300817   0.001659827880366055  0.00013241303581778034   0.03527486059021468    0.001121806840998663  15.253494603439666       1.3866813275854242       13000.0                20.0            13000.0               0.0                50.0              500.0       11997.246050282653               1.0                      0.02                                   10.0  13728.314005334232             2.4015490534256495e+23                0.001825   1547782.6681550245  4.1199516424376473e-13  4.5383499641718487e-13   4.155822719450819e-13   1.338007621738665e+32   6.645625279391966e+29    6.645625279360474e+29      3.149278962015913e+18  1.3380076217149056e+32  2.3759321868759885e+21   762662.8231057591       762662.8231041599    1.5992436988990643e-06    785119.8450492633        785119.8450467067     2.5565790205517542e-06  1.5065581730496569e+47  1.5065581730434448e+47    6.212365697195435e+35  0.0020508774066153343  0.0022947101449412046   0.004582460142431764  0.0057729757316296055   0.011558140000803524   0.02222234298497479    0.0332248955019833  0.0017204695026191046   0.00915256169596984   0.02003377564720166  0.027748270512162124   0.03513780744963277 
 T17-2478         7518.662696792919            2102.5044603517645        0.02330254652286734          0.0064877052727064614    512750.49028067157         98672.62663728042   0.002231740093060089  0.00019601049567881826  0.0025063866767162965  0.00022857810249646987   0.004638636133037735  0.00024757648074793246   0.005734067595946128   0.0002302792730085671  0.010813153542609436   9.599952205493315e-05  0.019611354107214943   0.0005194766291840491  0.028590600732308444   0.0010771006713561873   0.008641034153694431  0.00012158477160858061  0.024166838058461614   0.0007687029197515097  0.017864566889164893  0.00038752436323605255  0.0018156039133822234  0.00014986556735616907   0.03020468456748937   0.0011870734252705372   8.055649232581601       0.7323317484165092       11000.0                20.0            11000.0               0.0                50.0             2000.0        7187.174998213112               1.0                      0.03                                   10.0  13728.314005334232             2.4015490534256495e+23                0.001825    903457.5905837595  1.0435027501807744e-05  1.0649082251392992e-05  1.0454260726157058e-05  1.1835732947321152e+32   4.467473626946077e+29    4.466656412732127e+29      8.172142139503232e+25  1.1830528724136351e+32   5.204223184800348e+28  362038.36753071146       362005.7878725844         32.57965812699585    541419.2230530481        541347.2601039136          71.96294913457474   6.626912821165467e+46   6.626213473181809e+46     6.99347983658457e+42   0.002221277841441672  0.0025545318379657784   0.004673949861408494   0.005830258165973273   0.010897089795797671   0.01976216257049452  0.028691710279727205  0.0017733189653405446  0.008734067582519253  0.018022354826893627  0.024267600291706968  0.030404473865589463 
 T17-2516        7731.1759732588125            2138.1075614155798        0.02122890642202128            0.00708010859925933     650403.7541668308        117222.58590129309  0.0029798282955132618  0.00027321042235773274  0.0033330343640249407  0.00030983929624746066   0.006127989523133729  0.00034463304351484337   0.007530615764161529  0.00031801108811035456  0.014125111123924701  0.00015822704090407945   0.02544674803165456   0.0005431018670557791   0.03702249536027413   0.0011991469253172591   0.011298423506675512  0.00019073761816542422   0.03133838886064063   0.0008282835076162633  0.023200852754018477   0.0003874349591653179  0.0024292097924120994  0.00021351810407326324  0.039070571194965216   0.0013380965292790223  25.933167848041418       2.3575607134583105        8000.0                20.0             8000.0               0.0                50.0              500.0         6994.98851466514               1.0                      0.02                                   10.0  13728.314005334232             2.4015490534256495e+23                0.001825   1199001.1603374132  4.3258668367559474e-09  4.7534062741182996e-09   4.362582735031364e-09  1.5048821042663242e+32    6.01860239985527e+29    6.018602069259118e+29     3.3059615279507604e+22   1.504881854852395e+32  2.4941392926982784e+25    569946.323030338       569946.3062422471      0.016788090880947695    629054.8373070752        629054.8104693387        0.02683773646936594   9.900451582368245e+46   9.900450930223985e+46    6.521442603275274e+39    0.00296758355830421   0.003279225223142852    0.00610366172687162   0.007498283523022824   0.014141687687967738  0.025514844218382696   0.03716742097239367   0.002441513543962924   0.01129425447411067  0.023247922271898838   0.03145441541750559   0.03917196463990528 
 T17-2594         5472.263242341836            2070.3233001672356       0.007806303270100729          0.0065157395961805056     297581.4884867439          81474.2186215968   0.004416154191056232   0.0003739162949754768   0.005206773362791187   0.0006241644438801289    0.00800459261935618   0.0006463746152818783   0.009076458192620127   0.0005827685029997687    0.0144693477620285   0.0002219995621767205  0.022167432381367147   0.0007272275584888789  0.031086716749049226   0.0011104389059448164    0.01202996622517238   0.0003527968072294656  0.026814929486696063   0.0009105811490767061   0.02074208010123619   0.0005464768824488769  0.0034979313454078275   0.0002623936497101971    0.0327246767623976   0.0011630894065941574   9.537449025221655       0.8670408204746959        6000.0                20.0             6000.0               0.0                50.0              500.0       4993.2189738178795               1.0                     0.004                                   10.0  13728.314005334232             2.4015490534256495e+23                0.001825    541731.9782402753   8.003740499856116e-08   8.775900395394334e-08   8.070152149480928e-08  1.2603377471400289e+32  2.6689964289278822e+29   2.6689870927625056e+29      9.336165376734939e+23  1.2603308852519123e+32    6.86188811635657e+26  258621.74822095654      258621.42734363693        0.3208773196155113   283110.23001931835         283109.743881423        0.48613789533258145   8.897660435690181e+46   8.897641832744296e+46    1.860294588418088e+41   0.004483498664577647   0.005077168576815574   0.007779665697284051   0.008841650323489507   0.014418496750533001   0.02232556645036385  0.031237305114381834    0.00356288037710464  0.011874377442058425   0.02083532017137524   0.02701705013340399   0.03278454255953919 
 T17-2585        8065.2041101097575            1984.6572901078553       0.025054944608080908          0.0052503142424624345     4353369.682586025         692524.5169938179   0.015663787670824006   0.0011044679673228351    0.01759881238988633   0.0012457002027563414   0.033473262678525934   0.0013841682068402123   0.041889680494980264    0.001295188133336466   0.08085705981247093   0.0005429727374630321   0.15005997671489568     0.00296996858579779   0.22053144436799482    0.006231262478419319    0.06434211566559718    0.000657253739046983   0.18562442284616934    0.004436969371736462    0.1361965152495602    0.002191107581783775   0.012794066333998063   0.0008584226734413607   0.23329522847352333    0.006871398708360905   7.974015833117214        0.724910530283383       12000.0                20.0            12000.0               0.0                50.0             2000.0        8118.742419634408               1.0                      0.03                                   10.0  13728.314005334232             2.4015490534256495e+23                0.001825    7705916.751672693  5.8339537801043795e-05   5.955888308490697e-05   5.844906128491426e-05    9.04551471181601e+32   3.753320354210231e+30   3.7528634552967134e+30      4.568989135173773e+26    9.04260506599947e+32  2.9096458165395617e+29  3122781.8508868245       3122599.700232236        182.15065458830685    4583134.900785865       4582732.5608276045          402.3399582608359   6.195609579062848e+47   6.195218578357709e+47   3.9100070513891137e+43   0.015720876642626475    0.01806388456516418    0.03377856136442155    0.04251534145850062     0.0812192951172892   0.15051495409765633   0.22026161529087174   0.012596991732395597   0.06483610669361682    0.1367612153565328   0.18560949659108505   0.23350687599829162 
 T17-2685         5950.182607921149            2360.6244247109316       0.019746031805700073            0.00984420179285885      784643.288812294        159830.61991973768  0.0065524948396653735   0.0005077767308249866   0.007521229690163384    0.000720108854648352   0.012633687764981943   0.0008064783168957899    0.01502752760767579   0.0008796612385161709  0.025833093326270262    0.000496351653287224   0.04285994488719779   0.0009374986866605466   0.06038448857856292   0.0020483695351921657   0.021074954719161466   0.0006225800630971811  0.051905572733616345   0.0014544706010738366   0.03965359695719525   0.0006836645747342833   0.005223002469838186   0.0003738229301280568   0.06363789353813361   0.0021460251344974706   5.403355028350644       0.4912140934864222       11000.0                20.0            11000.0               0.0                50.0             5000.0        5028.374288117088               1.0                      0.03                                   10.0  13728.314005334232             2.4015490534256495e+23                0.001825    1270813.910017902     9.6006686557815e-05   9.652564451284429e-05   9.605381850314461e-05  2.5339289754847852e+32   6.856386449636811e+29    6.848877879892747e+29      7.508569744063511e+26  2.5291473316905766e+32   4.781643794208542e+29  486430.23330925294       486130.8911892697         299.3421199831999    784383.6767086479        783722.4806435995          661.1960650482464   8.122479539316626e+46   8.116053925296422e+46    6.425614020204645e+43    0.00659654461741289   0.007786610060764717   0.012987260461905271    0.01561536402246501   0.026291842096119303   0.04311372898711556   0.05992975381208905   0.005149164262588642  0.021594078398762043   0.04004818202437681  0.051732877501181995   0.06336338800188424 
 T17-2550         5909.775992458558            2280.8290529528085       0.017822902027603775           0.009975052516475456    2747817.7390618217         537640.8714301931     0.0250722573914959   0.0016302133507506511   0.028814246073945768    0.002303614612761319   0.047793378954004845   0.0025001798798055894    0.05645520900676364    0.002695506281939388   0.09603469203313475   0.0012676496675302106   0.15754662909365147    0.003699340927176392   0.22152587349767458     0.00722951287636788    0.07853921113265527   0.0017608827187461887   0.19064803112027198    0.005378373087070816    0.1460109147832468    0.002786563860690405    0.01999137335816453   0.0012714788622056293   0.23337918445506756    0.007523548466770266   3.771181295609493       0.3428346632372266       10000.0                20.0            10000.0               0.0                50.0             5000.0        4440.586522772986               1.0                      0.03                                   10.0  13728.314005334232             2.4015490534256495e+23                0.001825    4265187.762143739  0.00038876775286705964   0.0003906918941987987  0.00038894268078485013   9.261199659354245e+32  2.3459453869031603e+30   2.3429050046563883e+30     3.0403822467718657e+27   9.241837749699224e+32   1.936190965502144e+30   1612293.812062825      1611081.7110924271        1212.1009703979073   2652893.9500809056        2650216.624243455          2677.325837450596  2.5776943941811473e+47  2.5750925241236595e+47   2.6018700574879223e+44    0.02509547277002897    0.02969217883589657   0.049056556990647246    0.05874360834259145    0.09768245838668375   0.15800533812540646   0.21824096873819038   0.019546152226268845    0.0804696763638505   0.14715421840011178    0.1889614417280094   0.23066589664091752 
 T17-2440           6389.4507461666             2532.095773530674       0.013356913523542395           0.009710860751090282    1000707.2882387531        219117.65613478658   0.009834487489146854   0.0007294930274364119   0.011232028423650477    0.001052169789492286    0.01835882055832045   0.0011485249550140645     0.0214593431562862   0.0012022280367911973  0.036239607714830716   0.0005958971138107067   0.05877310394116759     0.00133545534422779   0.08249335129627955   0.0024912003867641618    0.02967539428229997   0.0008092274908787954   0.07112507365922402   0.0018912076883147344   0.05454513203610259   0.0009878001328834619   0.007868100821043788   0.0005497089066284365   0.08676617046895271   0.0025675683666355354  2.8824033161610574       0.2620366651055507       13000.0                20.0            13000.0               0.0                50.0             1000.0       10989.420852706691               1.0                     0.004                                   10.0  13728.314005334232             2.4015490534256495e+23                0.001825   2626586.6059482084   7.725409061350974e-08   8.089377433700552e-08   7.757592366548919e-08  3.2716182017983126e+32  1.3757425966157757e+30   1.3757416991585294e+30      8.974572463798687e+23   3.271611605673496e+32   6.596124817173905e+26  1314215.8116580893      1314215.5032084591        0.3084496300863517   1312370.7942901175        1312370.326980511        0.46730960656854015  3.0130011308781943e+47  3.0129993426334586e+47    1.788244735828513e+41    0.00968240590844332   0.010463265324587733   0.017480943841705652     0.0203573772492592    0.03591293960669155   0.05961910994665414   0.08324076291234837    0.00790836155424565  0.029046689655838002   0.05507343773726341   0.07222560466279959   0.08686071856295041 
 T17-2451         8966.220317351694             1923.828548807924        0.02542793845049115           0.005271431947551717      785173.328439369        133263.37292226698   0.002344988622416417    0.000208014423255752   0.002637448608653192  0.00021267501509044631   0.005136911941799729   0.0002603809518933826   0.006490350068001674   0.0002255321844787798   0.01279685152895013  0.00010563146458143618  0.024256029534770837   0.0005283297256399778   0.03590439193512951   0.0010932922009663547    0.01014827596244416  0.00012034436056174944   0.03011527744443013   0.0007777095336282482   0.02194013679192773  0.00038672720220454316  0.0019232754865304157  0.00017404722309381432   0.03801221131013201    0.001227106922655801    46.2729332314314        4.206630293766491       13000.0                20.0            13000.0               0.0                50.0              500.0       11997.246050282653               1.0                      0.02                                   10.0  13728.314005334232             2.4015490534256495e+23                0.001825   1701463.3593235377  4.5290252346270463e-13   4.988966690672542e-13   4.568457982165263e-13   1.470859565573031e+32   7.305475210003547e+29    7.305475209968929e+29     3.4619736171007754e+18  1.4708595655469126e+32   2.611840566108497e+21   838388.2800416054       838388.2800398474    1.7580340006968367e-06      863075.07928193        863075.0792791196      2.810423981468426e-06   1.656145648141253e+47   1.656145648134424e+47     6.82919690598174e+35   0.002254510813187997  0.0025225539167843987  0.0050374566070068155   0.006346179527478694    0.01270575780302588  0.024428818803305007   0.03652382435666085   0.001891296420206975  0.010061327530048958  0.022022946705595053  0.030503420494635523  0.038626671000122424 
 T17-2519         9519.439172908717            1511.5876183802982       0.028708145216707504           0.003354179594584836     6750111.539363323         917700.4827975433    0.01587641802891166   0.0011302114294430834   0.018069165869330352    0.001119614522171601    0.03613617820849825   0.0013969991703223527   0.046490066420302165   0.0011783532737061598   0.09405259385770068  0.00040865180094565545    0.1832623854630276   0.0038520769216136737    0.2732560072869657   0.0074868738526637476    0.07429446006455885   0.0004902417021347247    0.2282942720444051    0.005522139148681146    0.1651117248152079   0.0029069799400306398    0.01295032855988474   0.0009679569028847862    0.2898701746966458     0.00821926421324677   7.109587794820949       0.6463261631655408       10000.0                20.0            10000.0               0.0                50.0              500.0        8996.839786289756               1.0                      0.03                                   10.0  13728.314005334232             2.4015490534256495e+23                0.001825   11626794.920899548   9.604078174229515e-10  1.0566869369266336e-09   9.686687506101852e-10  1.1192464077781027e+33   5.924956304733062e+30    5.924956297160936e+30       7.57212673706806e+21  1.1192464029559843e+33  4.8221184666878156e+24   4781601.131735294       4781601.128716535      0.003018759294401582    6845193.789164253        6845193.782496325       0.006667928211700273   1.148306090115437e+48  1.1483060894674366e+48     6.48000423288862e+38   0.015635317889217994    0.01779855818533131    0.03586849366425455    0.04633771821583711    0.09424429244834615    0.1843447323059362    0.2749404334906166   0.012726138014701151   0.07436900253720954   0.16602771178021783   0.22963153515655763   0.29187260547771504 
 T17-2520         7595.647244086265            2545.4189944239406      0.0008543330962362953          0.0022404913011385727    2783726.2350607365         806230.8748478582    0.05620095939730894   0.0017180421254793818    0.06885956298169983     0.00409119266048411    0.09273377137576432    0.003933289269883762    0.10097992414790705   0.0027194602678504245    0.1549165541995304   0.0019242452481913806   0.21717211524505492    0.005127424597749378   0.26829897976260086    0.008439683059824895    0.12945495254550576   0.0016334725607282637   0.24798866846409243    0.005084182032574376    0.2055836858988267    0.004483625816929614    0.04278131664012162   0.0010661869359534948   0.27346226952252445    0.011024073700698123   4.859915054247338      0.44181045947703074       13000.0                20.0            13000.0               0.0                50.0              500.0       11998.081079763588               1.0                    0.0004                                   10.0  13728.314005334232             2.4015490534256495e+23                0.001825     8535290.60901159  2.2719588018902556e-12   2.502685721101788e-12   2.291740007163126e-12  1.1259459590893523e+33  4.7344344331075944e+30   4.7344344330784685e+30     2.9125735971034653e+19  1.1259459590651615e+33   2.419072330745401e+22   4349855.170625592       4349855.170616173     9.419509777441882e-06   4185435.4383859946        4185435.438372497     1.3497890294189382e-05  1.0363976993767402e+48  1.0363976993703272e+48    6.413060637705797e+36    0.05587492825075966     0.0644239513248312    0.08816892152249495    0.09828991075558913    0.15477645159586223   0.22291877633946744    0.2730271792453672   0.042215275674051575     0.128196617399845   0.21087248314176174   0.25366249902177734   0.27726499857779874 
 T17-2230        11030.310932540191             933.7828524551956       0.029978354471951893         0.00046474376567526754     3857618.192098386        277351.28729185037   0.007013230178149286   0.0002661291942598578   0.008103594941918061  0.00024639367808842864    0.01666481365467603  0.00031714752975809405   0.021814435168971105    0.000262886523331259   0.04537118731705078  5.4879905666035854e-05   0.09110060669139253   0.0011570616109652387   0.13700115433027624    0.002297350174601871    0.03571046831513638   7.270871235496639e-05   0.11398311360396096   0.0016872904801122205    0.0817058735898707   0.0008734028922780089  0.0056991894497909566   0.0002204867959576742   0.14546987642064985    0.002488407584539623  15.946895317730775        1.449717756157343       13000.0                20.0            13000.0               0.0                50.0              500.0       11997.810659104722               1.0                      0.03                                   10.0  13728.314005334232             2.4015490534256495e+23                0.001825    7139921.011715892   1.900533576471581e-12   2.093540710488505e-12  1.9170809032861736e-12   5.621279340203796e+32   3.074425578564151e+30   3.0744255785491654e+30     1.4985906746503014e+19   5.621279340108361e+32   9.543397802445443e+21  2998285.6144093843      2998285.6144034094     5.974390927001031e-06   4141635.3973065037        4141635.397293307     1.3196418105860706e-05   6.551435078635837e+47   6.551435078623012e+47   1.2824499975104002e+36  0.0067424929570476765    0.00785507199689133    0.01633509352116073    0.02153694854910194    0.04532425572029486   0.09221401663969717   0.13927929154842278   0.005476843233420978    0.0356244698405651   0.08253469740098425   0.11563091069607344   0.14795853537628023 
 T17-2273         6196.070886062114            2548.7899980842467        0.01382552496518031           0.009947076046984952     632191.6554912387         144345.0104442703  0.0064057404725484145   0.0004868165710763951   0.007341688030129932   0.0007125915351549325   0.011955150813044997   0.0007783715528472745   0.013962289495245377   0.0008124512132706674   0.02345732182142078  0.00040217117428890416  0.037874041988931434   0.0009338814195965073    0.0530809628100206   0.0017115806613368179      0.019235955242651   0.0005460734240542889   0.04579022685530121   0.0013086277058337293   0.03518001950656616    0.000697641599370339  0.0051145536609069064   0.0003640462805929439   0.05584434827088502   0.0017571077423703932   7.179920085163909       0.6527200077421735       11000.0                20.0            11000.0               0.0                50.0              500.0         9997.25763574684               1.0                     0.004                                   10.0  13728.314005334232             2.4015490534256495e+23                0.001825   1601417.5409443832  1.9692819905360716e-11  2.1677120877974647e-11  1.9863023443772343e-11   2.108215355183418e+32   8.924584105557345e+29    8.924584103259439e+29     2.2979055204671642e+20  2.1082153534945052e+32  1.6889129473537876e+23   797271.1430965973         797271.14301762     7.897736751478324e-05    804146.3978477842        804146.3977281313     0.00011965286692294017  1.9566333957331933e+47    1.95663339527532e+47    4.578733379202523e+37   0.006357735386432541   0.006882618290981125   0.011405368625601021    0.01325455077029017     0.0232338416174817   0.03832947689126193   0.05351514345419559   0.005175470279244884  0.018816007978123165  0.035442720460162815  0.046424744664495914  0.055868526581043194 
 T17-2309         8514.606987773304            1941.1279210685502       0.026168861652874485           0.004939169558898314     915078.8852295165        151176.43420995818  0.0028868545457948437  0.00022823702863077774  0.0032526612256876413   0.0002482668816645694  0.0062830059653124735  0.00028910348989960556    0.00792629488014731  0.00026456804694836405  0.015520602669512757  0.00011871665136112157  0.029235811069043213   0.0006242177961457789   0.04316982055271386    0.001287074418902836   0.012321618162088967  0.00013792234894087862   0.03624686252863899   0.0009224569287639632  0.026474185693732746  0.00046100615843085494  0.0023594517516817397   0.0001831448771396172    0.0457112657007175   0.0014255524449559446   5.175716817247781       0.4705197106588892       13000.0                20.0            13000.0               0.0                50.0             2000.0        9070.115480593535               1.0                      0.03                                   10.0  13728.314005334232             2.4015490534256495e+23                0.001825    1670190.701281476    8.25743082860787e-06   8.432727185403696e-06   8.273171870397997e-06  1.7758439361892138e+32   7.937144178295998e+29    7.936497460768663e+29      6.467175273357201e+25   1.775432090397459e+32  4.1184579175490215e+28   683477.0812339726       683451.2987211556        25.782512816908323    986713.6200475052        986656.6708416182         56.949205887071656  1.4141026686636336e+47   1.414047324472231e+47    5.534419140271004e+42  0.0028647424551821866  0.0032943893984350614   0.006289598935760677    0.00798767736706949     0.0155744042801946  0.029455407202687345  0.043417498589055116  0.0023025405648713676  0.012388841046055728   0.02667332503860424   0.03646264792827909  0.046048050311472404 
 T17-2272         6828.647363248267            2398.9306157794863       0.017120490800376316           0.009281554752702674     843785.5830120136         170083.7510359644  0.0060381119517230715   0.0005127247374569437   0.006826706381681187   0.0006810966140628072   0.011713875673262592   0.0007339924825553956   0.013987555214914507   0.0007584019318760212   0.02468111188343177  0.00037194423212611957   0.04187982579726422   0.0009957592338804143   0.05960560112801747   0.0021313860589751163   0.020000387870845078   0.0004943795278531337   0.05102618172053534   0.0015255807469692782  0.038571889146083435   0.0007134797085118336   0.004864322522625397   0.0003893390721017192    0.0627612256976348    0.002260493152865215   4.490204260101626        0.408200387281966       10000.0                20.0            10000.0               0.0                50.0             2000.0        6274.465036006999               1.0                      0.02                                   10.0  13728.314005334232             2.4015490534256495e+23                0.001825    1528380.232702304   2.684100899922562e-05  2.7379112253342055e-05  2.6889379021598378e-05  2.4721365288933425e+32   7.786401382865755e+29    7.784363707984725e+29     2.0376748810301103e+26  2.4705992318184815e+32  1.5372970748609339e+29    715826.105138532        715722.629430181        103.47570835091484    812554.1275637745        812388.7094819094         165.41808186506884  1.4818611512531761e+47   1.481459193164178e+47   4.0195808899841393e+43   0.006017524736632628   0.006931236885307152    0.01187054010573591   0.014194746342184799   0.024756715992091345   0.04187866890535492  0.059881991852675315  0.0048241930535050225  0.020149726868861007   0.03859129662827036  0.051073661936452096   0.06320285681580606 
 T17-3019         5924.864653560926            2250.7671143477633        0.01841670546697379           0.009935120345405658    3298960.3178530373         629546.7857885368    0.02910725416337313   0.0018500858089946146    0.03341419581170539    0.002587130817751168    0.05570273264505671    0.002782665000702874    0.06596987902210058   0.0030114682457366374   0.11275169084532091   0.0013614363590436448    0.1858767608503158     0.00441164676378066    0.2616723305311748    0.008719336738733175    0.09210187152066794    0.001925161033752302   0.22505666955435094   0.0064670439787144155   0.17212902818651035    0.003321375389690643   0.023217671899642515   0.0014551319718795427    0.2757065682515721     0.00909213558380417   3.061507649739854      0.27831887724907767       11000.0                20.0            11000.0               0.0                50.0             5000.0        5028.374288117088               1.0                      0.03                                   10.0  13728.314005334232             2.4015490534256495e+23                0.001825    5520396.743121174  0.00041705161992140234  0.00041930596556727286  0.00041725636039161875   1.100734981990363e+33  2.9784040863718595e+30    2.975142374831415e+30      3.261711540444382e+27  1.0986578430308169e+33  2.0771389595462138e+30   2113045.706021777      2111745.3683002526         1300.337721524441   3407351.0370993917           3404478.811217         2872.2258823917473   3.528393043343398e+47   3.525601766160321e+47    2.791277183076457e+44    0.02865529180531762    0.03382491840901755   0.056416466479311894     0.0678329092975171    0.11421137141631427   0.18728539812798312   0.26033396011194876    0.02236789304941575   0.09380435571526755   0.17396870767033018   0.22472685120812746    0.2752496160148243 
 T17-2999        11581.213511199254             619.2356881438914       0.029999708598515015          5.398082933245523e-05     4844362.710743911        242218.13553719554   0.008257942804544716  0.00018508225831347018   0.009586245527630906  0.00016495229856848157   0.019843843248127994  0.00020302558982650376    0.02608384009085528  0.00014936275515978396  0.054624268912451236   9.369222005702899e-05   0.11052373143976361   0.0011002990514350486   0.16662309221164018    0.002116527664876192   0.042958587994412205   3.832050004912988e-05   0.13846079824091884   0.0015711207279502065   0.09900741205563462   0.0008578230253122611   0.006708491266002314  0.00015192418404272773    0.1769642870355407    0.002301867874090393  18.890430399174825       1.7173118544704387       13000.0                20.0            13000.0               0.0                50.0              500.0       11997.810659104722               1.0                      0.03                                   10.0  13728.314005334232             2.4015490534256495e+23                0.001825     8613522.91486304  2.2927829992156183e-12  2.5256247027665215e-12  2.3127455139918094e-12   6.781450148851906e+32  3.7089535202910065e+30   3.7089535202729273e+30     1.8078834618645596e+19   6.781450148736776e+32  1.1513051127895078e+22  3617099.0971247302      3617099.0971175223     7.207440119804076e-06    4996423.817738306        4996423.817722386     1.5920015020114025e-05   7.903579897098278e+47   7.903579897082807e+47   1.5471337039437595e+36   0.008134070039925504    0.00947627327138486    0.01970647884340314    0.02598194007181792     0.0546786882663355   0.11124598494776726   0.16802501979358972  0.0066072040033461005  0.042976972265945414   0.09956895968010371   0.13949587079644046   0.17849556498201155 
 T17-1425        11147.356590927808             877.5672849027196       0.029961360473595294          0.0006204049230477755     1593216.747475718        107339.28639456765  0.0028582926939687637   0.0001023360480444513  0.0033055597300776845   9.382834875479314e-05    0.00680741764971691  0.00012193276399894992   0.008918143331266563   9.967424298128747e-05  0.018574932387348947   2.419119794001737e-05  0.037355120449100984   0.0004533034097144878  0.056205146505019885   0.0008953290085646738    0.01461741965488121  2.7815164924739454e-05   0.04675047350842556   0.0006580547148239397  0.033494542280622215  0.00034366210807142074  0.0023227832276902574   8.559585018387185e-05   0.05968143830895735   0.0009726430024010642   35.27669365002933        3.206972150002666       13000.0                20.0            13000.0               0.0                50.0              500.0       11997.810659104722               1.0                      0.03                                   10.0  13728.314005334232             2.4015490534256495e+23                0.001825    2923661.409675366   7.782322334105074e-13   8.572649718107479e-13   7.850080479834872e-13   2.301806624049695e+32  1.2589186079534374e+30   1.2589186079473009e+30      6.136442850257122e+18  2.3018066240106166e+32  3.9078392921163427e+21   1227740.745541783      1227740.7455393365    2.4463990807357396e-06    1695920.664133581       1695920.6641281773      5.403681399099134e-06   2.682687649621195e+47  2.6826876496159435e+47    5.251388021529869e+35  0.0027609222050470265  0.0032165020915285486   0.006688909089174681    0.00881896946084573   0.018559417835889765  0.037759880177701405  0.057032212148967025  0.0022426627944650604  0.014587540610337015  0.033796383651098744   0.04734865145048478   0.06058619687835434 
 T17-1201         4579.458186698888            1902.9254404320684       0.023338882598047936           0.008731382170154773     1885847.674688525         359368.8911109722   0.020259344267267203     0.00116683426635014   0.023780730852782823   0.0016956691548458845    0.03882711362410582   0.0019164145854127924     0.0458831857628598   0.0020734790075302083    0.0758337277123088   0.0011463177873099533   0.12144652120368345    0.002745922136188544   0.16850257977784963    0.005474729695235549    0.06253016110845236   0.0014409357321948017   0.14573181788777761     0.00398650689748156   0.11316982402556126    0.002110724585673822   0.015918094021831603   0.0008755123059920206    0.1778316416997867   0.0057223362756194844  11.482789863212274        1.043889987564752        9000.0                20.0             9000.0               0.0                50.0             5000.0        3879.996854250619               1.0                      0.03                                   10.0  13728.314005334232             2.4015490534256495e+23                0.001825   3013264.4502012557   0.0003338613614775961  0.00033532763536847806  0.00033399486624406964   7.147405302801444e+32  1.6946977437466867e+30   1.6920868910117996e+30      2.610852734887015e+27   7.130778743812317e+32  1.6626558989127368e+30  1123410.0699393163      1122369.2083381533        1040.8616011630188   1889854.3802619365       1887555.2932006589          2299.087061277678  1.7502165833713958e+47   1.747982292086928e+47   2.2342912844677897e+44   0.020176460264202074    0.02393795424553948   0.039172995489917005    0.04671637431964613    0.07668831562035172   0.12229923042447341   0.16777440727461526   0.015678031368394553   0.06337829123691723   0.11421384395668557   0.14573840773005867    0.1772598681104977 
 T17-1354         6072.045168002462            2827.7652277195434       0.002357633933376925            0.00484034603813128       837157.48607317         292168.7275564179    0.01961088645351442    0.001284670270331643   0.024558005960832074   0.0022934941398143316   0.033358383971910474     0.00198326852237264   0.036219244010017804   0.0014859617608463482   0.05457099824584551    0.001329030346539314    0.0759557053271544   0.0019555412134995625    0.0960510058751275     0.00484607874572177    0.04594162478308544   0.0011429595889612652    0.0875884881067878    0.002055920095509408   0.07198489077224066   0.0016848198078806382   0.014933346612412095   0.0008085017845839435   0.09867988540591117     0.00666680579875974   7.024042651337313       0.6385493319397557        5000.0                20.0             5000.0               0.0                50.0              500.0       3992.1749357475683               1.0                    0.0004                                   10.0  13728.314005334232             2.4015490534256495e+23                0.001825     1167328.38863175  1.0623734976110558e-06  1.1628613331256185e-06  1.0710271749095966e-06  4.0091996320054665e+32   7.977514892849242e+29    7.977378775948473e+29     1.3611690076848947e+25  4.0090865785091624e+32    1.13053496304208e+28   557127.2111090391       557122.8089731449        4.4021358943134254    610201.1775227094        610194.8693868546          6.308135854782544   2.568508459753766e+47  2.5684784888050725e+47    2.997094869338322e+42   0.020276530126502396    0.02664795327071444   0.035406813077917966    0.03744446528351371    0.05614558921397168   0.07593396230410882   0.09284968300053367    0.01515715730066881  0.047280992864960854   0.07203054457769548   0.08634753292888493   0.09448386166224293 
 T17-1083         5942.176611610913            2777.4990602151292      0.0021168270452559318           0.003193236488375402      810636.809327977        281610.76507565635    0.01908743707166665   0.0011981308489944964   0.023882474582956444   0.0020742933040988607   0.032640815941381615   0.0018607640116911656   0.035456183902448424   0.0014608563172799854   0.05318439891462898    0.001374866869626658   0.07411412769556727   0.0021644924129807213   0.09534016783058222    0.005219672722289108   0.044857159797603394   0.0010975062701796497   0.08613173303873202   0.0020318970817417028   0.07022681534411668   0.0018662949983363887   0.014598842902812322   0.0007240771954234929   0.09833308384801401   0.0071940156635318464   9.463085370377621       0.8602804882161474        9000.0                20.0             9000.0               0.0                50.0              500.0        7995.810743654043               1.0                    0.0004                                   10.0  13728.314005334232             2.4015490534256495e+23                0.001825   2086219.6256664742  1.1459942934058709e-09   1.260157462574322e-09  1.1557935028874794e-09   3.861070803258458e+32   1.588761614852446e+30     1.58876160016346e+30      1.468898579111022e+22   3.861070681257355e+32  1.2200110283676653e+25   1042412.925494397      1042412.9207438545      0.004750542455568118   1043806.7001720788       1043806.6933646863       0.006807392573306676    3.40841841972053e+47   3.408418387377534e+47    3.234299613183039e+39   0.019464012690053215   0.023226447188030925   0.031266005803846746   0.034286360456788664    0.05366324756435699   0.07621403679205113    0.0933638289543729    0.01491761608043681  0.044500600313313904   0.07200788998865404   0.08671673578958702   0.09482537746680815 
 T17-0981        11056.573087178564             909.1171219679491       0.029985899742527324         0.00037523827079966623      6284189.08992522        439585.30062770477    0.01138510706589884   0.0004131238739285131   0.013158360172442292   0.0003811692909144139   0.027069898315513066  0.00048739036745792697   0.035442992757380117  0.00039945657653855807   0.07374443093092423   7.514752404723364e-05   0.14813205854744296    0.001874876936784313    0.2227947882825398    0.003705241375783684    0.05803968118962971   9.312269321949152e-05    0.1853514470151617   0.0027266180023546457   0.13284755781504023   0.0014217352767305128   0.009251539131695513  0.00034156900993334067    0.2365689807861404    0.004011973050836843   4.971400170239465      0.45194547002176955       13000.0                20.0            13000.0               0.0                50.0              500.0       11997.810659104722               1.0                      0.03                                   10.0  13728.314005334232             2.4015490534256495e+23                0.001825   11610351.469084814   3.090491164457419e-12  3.4043434687476463e-12  3.1173990644014066e-12   9.140861465915086e+32  4.9993776505513236e+30   4.9993776505269546e+30      2.436884723575044e+19     9.1408614657599e+32  1.5518687463610308e+22   4875565.112117104       4875565.112107389     9.715062444300545e-06    6734786.356967703        6734786.356946245      2.145892819971353e-05   1.065340411540117e+48  1.0653404115380316e+48   2.0854145568543686e+36   0.010964086700777004    0.01277327109770878   0.026562783642821764     0.0350216118380526     0.0737025715163809   0.14995083864458889    0.2264845121660106   0.008905991365556403  0.057929578642407394   0.13421112693650042    0.1880294630247083   0.24059798361225743 
 T17-1152         9666.535331634457             1515.248928062805       0.028703596955040874             0.0033593669102739     2192958.576152668        300897.53490043123  0.0050518635709544705   0.0003755017586205508   0.005754452112257461  0.00036959855403727695   0.011534191275773953  0.00046871848176048965   0.014855649248638216  0.00039761312858881234   0.03011948116659885   0.0001550988449832132  0.058826343867964266   0.0012190096304593528   0.08777822851287972     0.00238793834502833   0.023785468891261045   0.0001803048237206538   0.07331008029736899   0.0017539263785003715   0.05298015989150119   0.0009138105298846708    0.00412113263856422   0.0003225960042945839   0.09311807303892666    0.002627915944028274  11.193524685926564       1.0175931532660512       12000.0                20.0            12000.0               0.0                50.0             1000.0         9988.25659495241               1.0                      0.03                                   10.0  13728.314005334232             2.4015490534256495e+23                0.001825   3986894.3666445008  2.9424902796825384e-07  3.0801221298963284e-07  2.9546629762206094e-07   3.611136410189201e+32  1.8923614042054047e+30   1.8923590945322056e+30     2.3096731991376704e+24  3.6111217016163365e+32  1.4708572865076147e+27   1651100.022744444       1651099.101953274        0.9207911699093909    2335794.343900054       2335792.3100282475          2.033871806311219     3.7843789658152e+47   3.784376989264539e+47    1.976550660956929e+41    0.00486689771321732   0.005577092008014806   0.011308682561810201    0.01468329641316555    0.03010703428431412  0.059500705325332526   0.08902196394178193  0.0039555154705149835  0.023736767562877306   0.05349833221202449   0.07424852732380074   0.09448559843433149 
 T17-0876         4888.500470944629            1896.9133277464819       0.013380027644774216           0.009333046200283485     2830653.290975577         582797.3836730516    0.03969400026623108   0.0020682927376908687    0.04679117975486336   0.0032696019182018574    0.07338690433174302    0.003407732504888661    0.08435533914712241   0.0033978354663652772   0.13539652431378127   0.0016085765239161436   0.20964778228787215    0.006246996681194106    0.2924937353177198    0.009164825425390405    0.11244633253851767   0.0021340528549536808    0.2526145463862393      0.0076271028742236    0.1961280265643095    0.005115334900330288    0.03134583016476585   0.0016367618869922663    0.3084024800585887    0.009195668065235299   8.301180173931266       0.7546527430846606        6000.0                20.0             6000.0               0.0                50.0             2000.0       3053.1764004558127               1.0                      0.02                                   10.0  13728.314005334232             2.4015490534256495e+23                0.001825    4239997.794018954   0.0003955363019292508   0.0004021161960774656   0.0003961300264738253  1.2332499664532167e+33  2.4588219985314191e+30   2.4558201285220035e+30     3.0018700094158046e+27  1.2309852450162744e+33  2.2647214369422698e+30  1866949.8406614535       1865425.453093577        1524.3875678765746    2373047.953357505       2370611.0406606435          2436.912696861678   5.319835381425256e+47   5.313913799215848e+47    5.921582209407416e+44   0.039679175762729606    0.04761161355897687    0.07497085242204901    0.08681539836000728    0.13662902201822472     0.208900901151429   0.28888410603887477    0.03099608844166237   0.11425979290127508   0.19620446315975568   0.24993499286971366    0.3056033469876609 
 T17-0939          5499.48672470357            2217.7561426311654       0.010803371839959375           0.008448966296386374    362114.66441467043         95190.90639100279   0.004771186514480658   0.0003879901758328275   0.005584934366081918   0.0006279249044484648   0.008767104048540227    0.000669742955336705   0.010053227167384313   0.0006317502925870278    0.0162725887682994  0.00026691141901271156  0.025357221241327575   0.0007932529019602861   0.03552410712113382   0.0011678261058633188   0.013478235708012008   0.0003992779806589966   0.03064420242597066   0.0009868447504906759  0.023680029167868842   0.0006047543965577893   0.003785723547554874    0.000280861311651357    0.0374145373882047   0.0011628565189347813  10.081629536176045       0.9165117760160041       12000.0                20.0            12000.0               0.0                50.0             2000.0        8114.972046838017               1.0                     0.004                                   10.0  13728.314005334232             2.4015490534256495e+23                0.001825    810143.2050963384   6.133388363911061e-06   6.261581326308895e-06   6.144902854544102e-06  1.4337860748069549e+32  4.9304139129670406e+29    4.929703023900622e+29      7.108890664184615e+25  1.4332635860720124e+32  5.2248873494254795e+28   396863.1121923679      396838.67944412795         24.43274823995281    413280.0929039709       413243.07662366546         37.016280305488216  1.1319988539376864e+47  1.1318572044456454e+47   1.4164949204084734e+43   0.004856634001873481  0.0055508636878207245   0.008657450388079224   0.009840032585204782   0.016184073817405404  0.025368571611859375  0.035572531985089244   0.003887648691065611  0.013328889982683573  0.023628969083452876  0.030749226846308847    0.0372794227494218 
 T17-1885        4371.6674588485075            2001.2260714915863       0.020904560804900066           0.009652125475338159      2509980.17348579         496967.4839430455    0.03133283501334971   0.0016105387132616166   0.036942823443208976    0.002439495656132932    0.05924819406530571   0.0027178347105150076     0.0693081083880476   0.0029906827519270217   0.11246114313758081   0.0016932245482669086   0.17655571820408522     0.00437408657315449   0.24397252305528877    0.007816774081284677     0.0931809850830213    0.002087847166101542    0.2114516488132563     0.00590014699360929   0.16506366160840014   0.0035231036061435157   0.024593453205954352    0.001250962970207293   0.25739410483686015    0.008033739471869228  14.665542142282169       1.3332311038438336        7000.0                20.0             7000.0               0.0                50.0             5000.0        2840.671276402764               1.0                      0.03                                   10.0  13728.314005334232             2.4015490534256495e+23                0.001825   3591130.3301783986   0.0006075755387008663   0.0006092761593375643   0.0006077315679247343   1.027583075005187e+33  2.1992631886038852e+30   2.1945125238884764e+30      4.750664715409049e+27  1.0245577336646792e+33   3.025341340507767e+30   1295830.010269187      1293936.0756109064        1893.9346582806422   2295300.3199092112       2291116.9388882443          4183.381020966701   2.190309648919005e+47   2.186244169228314e+47    4.065479690690569e+44    0.03163132790996173    0.03779079632517666   0.060630736766516466    0.07169090292187935    0.11444989984712582   0.17695613234357954   0.23896959784985464   0.024450596235486097   0.09528544213364067   0.16627867019014178   0.20914316452340365     0.252279931737841 
 T17-1853         6728.741594593104            2434.8050941792117       0.015082238449951366           0.009588005195911247    1563804.2669998761        310055.89703524497    0.01276866398424175   0.0009515897879456283   0.014464466603162373    0.001282684947060399   0.024315341198020514   0.0013652930572559368   0.028761322506321935   0.0014327054002475125  0.049874876569789214   0.0006598602705776551   0.08308170141771516   0.0019162455998771421    0.1175153217658707   0.0038929148492508683   0.040574826198375484   0.0009207995407791521   0.10093644772017045   0.0028501529747694218   0.07675523364448744   0.0014025260231495438   0.010269008742877849   0.0007372155711541744   0.12364354849668138    0.004098970083090343  12.682163144682239       1.1529239222438399       13000.0                20.0            13000.0               0.0                50.0             2000.0        9064.129842406928               1.0                     0.008                                   10.0  13728.314005334232             2.4015490534256495e+23                0.001825   3425509.5824411237  1.6935735786361563e-05   1.729526320410517e-05  1.6968020177268728e-05   4.776420459629982e+32  1.7802824633765796e+30   1.7801273977952302e+30      1.550655813494585e+26  4.7752013966987826e+32  1.2190629311997292e+29  1677033.6773509225      1676967.2611263446         66.41622457786526   1748475.9050902047       1748372.6411130098         103.26397719482205   4.103707631346845e+47   4.103277470209303e+47   4.3016113754260483e+43   0.012620117472462868   0.014189638491221866   0.024017425010739057   0.028144085152790675    0.04947416543912036   0.08329480249516426   0.11922758095818581   0.010271715300840117   0.04011817192041437   0.07671541576713041   0.10196877698026828   0.12526632753225705 
 T17-1592         6420.271652311279             2553.610375199246       0.014254076243409028           0.010004883815482809    1063439.4893684746        225355.00211830967   0.010018232601506742   0.0007265462981054453   0.011423361811430192   0.0010271428064664077    0.01879573202324572   0.0011209233911615207   0.022047503687759092   0.0011945783663674038  0.037443457972734295   0.0005937644892941363  0.061082398312974386   0.0013726251821993968    0.0857895811576109   0.0026642607928541533    0.03061873859336496   0.0008040333783567947   0.07393739976741942   0.0019870564667537755   0.05663901182026368   0.0010168428972837202   0.008018532665821487    0.000554268509216558   0.09024190168995386    0.002770758164464893   6.636590485748094       0.6033264077952812       12000.0                20.0            12000.0               0.0                50.0              500.0       10997.105851678809               1.0                     0.004                                   10.0  13728.314005334232             2.4015490534256495e+23                0.001825   2756679.0571133406   5.004865605729846e-12   5.511314990739368e-12  5.0482951040722895e-12   3.387495739569426e+32  1.4306088773150785e+30    1.430608877256676e+30      5.840251470997575e+19    3.38749573914018e+32   4.292463827305016e+22   1380977.518546313      1380977.5185262407    2.0072526163301832e-05   1375701.5385670261       1375701.5385366157     3.0410424877421062e-05   3.141924132057291e+47  3.1419241319409197e+47   1.1637099138765633e+37   0.009966117052235417    0.01074633068288943    0.01801685053932065   0.021000999277772443    0.03715274572104611   0.06180489767676582   0.08628891501816247   0.008138828996472308  0.030029460247425522   0.05707712860774668   0.07487539927449934    0.0900291841931343 
 T17-1776          7370.63143135796            2403.4713570636814        0.01562518739947033           0.008880301145327882     621268.1706802747        118718.03916770237   0.004119484619225814   0.0003578139375546843  0.0046166377930557684   0.0004481865219871909    0.00800847719745518   0.0004779320918866554   0.009577504644700387   0.0004761847494629902  0.017117886290269564   0.0002258833117996556  0.029344025442653278   0.0006572388597203473   0.04192544704638297    0.001429826887342286    0.01382674803092703   0.0003011887501202462   0.03584087079427924   0.0010114964456050288   0.02697206200575186  0.00046475090932286136   0.003337368730053856   0.0002790411820214289  0.044115581423005513   0.0015374879101872606    20.8327183452304       1.8938834859300364       10000.0                20.0            10000.0               0.0                50.0              500.0         8996.40678582624               1.0                     0.008                                   10.0  13728.314005334232             2.4015490534256495e+23                0.001825    1350042.546460432  1.1151752691049201e-10  1.2269695413441888e-10  1.1247674321662857e-10    1.67461683242218e+32    7.59271539489618e+29    7.592715384617272e+29     1.0278907847213393e+21   1.674616824341318e+32    8.08086192997052e+23   663971.2963042869       663971.2958640305    0.00044025646829852765    686071.2501561464        686071.2494716353      0.0006845109638677582  1.6721527744459986e+47  1.6721527715945684e+47    2.851430119936387e+38   0.004100752620267561   0.004463603925808407    0.00786527560097899   0.009338832305596659   0.017039702110046222  0.029496999495754954  0.042220447065430496   0.003374275556879261  0.013687177143589272   0.02704999624869518  0.036137576125822565   0.04426119660722644 
 T17-0496         7875.146651902341            1897.9352544715543       0.026884311366993995           0.004663078433752372     4234745.920716865         654759.7374021866   0.014594944684938639   0.0009675554848164869   0.016463258559885376   0.0011097873049494892   0.031425943574055606   0.0012370402642966018     0.0395297728916844   0.0011883901744925989    0.0766323535285528    0.000537979021467336   0.14296280421103724    0.002665217588526185   0.21031711873171174   0.0055774412738730005     0.0609288968534541   0.0006258388033835913   0.17688509486607945    0.003986866541956654   0.12967733150951585   0.0019661436907056798    0.01187872733630253   0.0007433115137415368    0.2227014023243304    0.006127440385393376   24.64473370296678       2.2404303366333433       12000.0                20.0            12000.0               0.0                50.0             2000.0        8118.742419634408               1.0                      0.03                                   10.0  13728.314005334232             2.4015490534256495e+23                0.001825    7309746.631218122  5.5340234478322774e-05  5.6496891806482444e-05    5.54441272328205e-05   8.580474306055609e+32  3.5603578002727914e+30    3.559924391062503e+30     4.3340921028843304e+26   8.577714248506211e+32    2.76005754939816e+29    2962236.01294345      2962063.2268653414        172.78607810836183     4347510.61827467         4347128.96308045          381.6551942198432  5.8770861025804385e+47   5.876715203675182e+47    3.708989052564924e+43   0.014912648135381202   0.017135199302310136    0.03204196633546277   0.040329578428667044    0.07704371692630144   0.14277680568304504    0.2089377101056306   0.011949365772654324  0.061502807226938835   0.12973016260741632   0.17606709703089765    0.2215020165931945 
 T17-0404        7178.8743651319855            2389.6829554104556       0.013578326456207669           0.008714643220185185     845321.0921733095         173835.8639622412   0.006424854460699559      0.0005628422867707   0.007222915021847152    0.000725274374375611    0.01225662644166443   0.0007599648942137159   0.014514684826680585    0.000746546108314558   0.02547612643094798  0.00032878611735889557  0.042871233976207096   0.0010595500689569207   0.06091981693273485   0.0021568168577149366    0.02066089670104898  0.00046236085993392256    0.0522315155773067   0.0015698524475727877  0.039524465616051364   0.0007622565810141953   0.005194408431751086  0.00043512778299287697   0.06406292344253298     0.00229767855661096   9.093858537216502       0.8267144124742274       10000.0                20.0            10000.0               0.0                50.0             1000.0        7984.946820462687               1.0                     0.008                                   10.0  13728.314005334232             2.4015490534256495e+23                0.001825   1757201.1254818127   7.988855980219102e-07   8.355480171422053e-07   8.021301747120894e-07  2.4556722203317524e+32   9.545266784008558e+29    9.545193479768841e+29      7.330423971696043e+24  2.4556145915010594e+32   5.762883069282573e+27   856611.6302668509        856608.490568921        3.1396979298580603     900589.495214963        900584.6136111459          4.881603817262833   2.301775215971906e+47  2.3017548809401926e+47    2.033503171298922e+42   0.006337549124211285   0.006966956661875464   0.011990189656551175   0.014152148676540655    0.02533387874371349   0.04314850443540491   0.06158486481482443   0.005199004401988891    0.0204302400706266   0.03967427938030013   0.05277021419061476   0.06461784405133005 
 T17-0410         9746.099929421773            1539.8645177854328       0.028489975749154704           0.003581466740955162     2297229.859514834         323922.2826374773    0.00528443519541129  0.00040422351978430663   0.006017674542853582   0.0003944534521835304   0.012065137744235396    0.000502934122879015   0.015534807016991769  0.00042030521005971967   0.03150102523834715   0.0001554063017100401   0.06153267324507234    0.001331798610366037    0.0918322904457809   0.0025946050547940203    0.02487664452999952  0.00018404640307741025   0.07669183948683667   0.0019081488575976488  0.055414494808282255   0.0010019238430083756   0.004313649554775327   0.0003501789425510048   0.09741082547523076   0.0028621428303674907   21.99369575316528       1.9994268866513891       12000.0                20.0            12000.0               0.0                50.0             1000.0         9988.25659495241               1.0                      0.03                                   10.0  13728.314005334232             2.4015490534256495e+23                0.001825    4170977.177130629    3.07835088462953e-07    3.22233747000052e-07  3.0910856186794726e-07   3.777869731492592e+32  1.9797354787873682e+30   1.9797330624719823e+30     2.4163153859382166e+24   3.777854343795782e+32   1.538769681024403e+27  1727334.5814333698      1727333.6181274476         0.963305922205271   2443642.5956972563       2443640.4679175597          2.127779696474202   3.959111239085375e+47  3.9591091712734545e+47   2.0678119202923228e+41   0.005091612021399902   0.005834597393601219   0.011830826836885527   0.015361253294478985    0.03149713569578524   0.06224797075424144   0.09313228435922258   0.004138149455208835   0.02483274114105564  0.055968456184282755   0.07767672890811425   0.09884818567912325 
 T17-0476         7837.230912788781             2336.890454635228       0.013629252953112986            0.00806199782451926     731142.2895101394        139765.74621442994   0.004693493813325433  0.00042985347021044567    0.00522302011411661   0.0005104577367250341   0.009095732011352057   0.0005294409093541777   0.010861149396659664   0.0004884248755684525  0.019540990287902033  0.00020244965908714865   0.03363755168184588   0.0008224524941714942   0.04816271843597944   0.0017167371547040645   0.015756055608215483  0.00028280663632807647   0.04115115279670523    0.001223397822878541   0.03088753143106806   0.0005929717542420968   0.003819801308687714  0.00034055775554324815  0.050639912686182675    0.001870637924167501   18.33880420374117       1.6671640185219245       12000.0                20.0            12000.0               0.0                50.0             1000.0        9987.127559795514               1.0                     0.008                                   10.0  13728.314005334232             2.4015490534256495e+23                0.001825   1636107.6075561875   1.207513991849387e-07  1.2639941732810146e-07   1.212509318933303e-07  1.9298658390817524e+32   8.437645811602381e+29    8.437634730848088e+29     1.1080754293533213e+24  1.9298571278405525e+32   8.711241199642111e+26   808733.1381332322       808732.6635328346       0.47460039761687367    827374.4694229559        827373.7315140346         0.7379089213164296   1.883437634890306e+47   1.883434561023217e+47   3.0738670891733597e+41   0.004598330455332284   0.005008597952077752   0.008897658645082079   0.010591780066667061   0.019472457994030107   0.03396777098437027   0.04877878948529895   0.003784342805078721  0.015617520226955058  0.031106206397718897    0.0416850237644293  0.051139278842832626 
 T17-0516         3202.490590523352            1409.1353663613593        0.02098000196208645            0.00903588548982208      2490601.70789075        422678.41868426104    0.04236139029160556   0.0021859028295069627   0.051098991170847666   0.0033666860930240887    0.07959319317673488   0.0034765425267403336    0.09187897658182241    0.003302261461906953   0.14296921228245824   0.0023395561411464322   0.21531265780119535    0.006059576741984953    0.2943015252973129    0.008124913308365735    0.11992283922021295   0.0024759182750460932   0.25616291182158746    0.006545975558151185   0.20288840109021314    0.005285513365514789    0.03294094985551221   0.0017183597750326852   0.31095846837775143    0.008461146297138455  11.688527884549032        1.062593444049912        5000.0                20.0             5000.0               0.0                50.0             5000.0       1910.4839034524405               1.0                      0.03                                   10.0  13728.314005334232             2.4015490534256495e+23                0.001825   3572623.7073542783     0.00099490784628506    0.000994839860068816   0.0009949070993037503  1.2540013727282546e+33  2.5144642634587633e+30     2.50668703038214e+30       7.77723307662315e+27  1.2490486374478305e+33   4.952735280424125e+30  1235440.8675934072       1232340.339109137         3100.528484270208   2337182.8397608716       2330334.2972521046          6848.542508767296  2.4080995754779563e+47  2.4014440472483545e+47    6.655528229601849e+44    0.04266252116070902   0.051463277118003324    0.08079551875574935    0.09460887266313599    0.14610593014646853   0.21756056149179756    0.2878624507404135    0.03278578716992639   0.12280400380433992   0.20603358751180512   0.25439148950067086   0.30364067297373715 
 T17-0214         7179.845523348216            2165.4024735580824       0.021871253079555175           0.007450849669631535    3697661.6191094453         634752.3195195193   0.018705493246499536   0.0014162375968582812   0.021010849020846233    0.001692974705102592   0.038093088081108735   0.0018225363714770946    0.04665231849082954    0.001745331309503426   0.08640596138874594   0.0007319975664249787    0.1538731347958947   0.0034062400234404345    0.2228178558978387     0.00719919254059044    0.06928250001201094    0.000978017110614296   0.18901419576444586    0.005098995712687015    0.1405842132993767   0.0025168578245902346   0.015167728811246322    0.001098417967724603    0.2351435536682106    0.007921077127002928  7.2342618907446825       0.6576601718858802       10000.0                20.0            10000.0               0.0                50.0             2000.0        6281.209073303964               1.0                      0.03                                   10.0  13728.314005334232             2.4015490534256495e+23                0.001825    6235703.033719408  0.00010950976573979399  0.00011170519592290715  0.00010970711263606834   9.213692826206668e+32  3.0965258517452214e+30    3.095668266362897e+30      8.575853823247878e+26   9.208231509389789e+32    5.46131681688032e+29  2466765.5208001877       2466423.629554369         341.8912458190434    3768937.512919214       3768182.3330386723            755.17988054164  3.9906832348813036e+47   3.989949338434441e+47    7.338964468626644e+43    0.01870650253577983   0.021567078759524405    0.03858920155903849    0.04770922276551162     0.0871375031024779   0.15446432835530777   0.22230713008022682   0.014868017852931887   0.07015788794725701   0.14142203425677427   0.18880296736786706   0.23545960900308707 
 T17-0276        6740.8064581094095             2560.859413440449       0.016325681747091314           0.010186205890522541    1619963.9362804124        312055.04930524016   0.012812515637985189   0.0009602019709147244   0.014508890851757206   0.0012832943585554127    0.02450189361303004   0.0013952557365430952   0.029077568191359447   0.0015214068006527792   0.05058142794376522   0.0007985798572010183   0.08453304182523208    0.001782182550820568   0.11946386127098657   0.0038596457025272244    0.04112142296235999   0.0010382524671590841   0.10263793784633828    0.002743059808684125    0.0780707034382142   0.0013000391658812879     0.0102921328176693   0.0007435184985917565    0.1257059831240096   0.0040999400244160645   9.919605108956734       0.9017822826324303        5000.0                20.0             5000.0               0.0                50.0             1000.0       3139.1569496142974               1.0                      0.03                                   10.0  13728.314005334232             2.4015490534256495e+23                0.001825   2075526.5901839214   7.292950656218762e-05   7.589040300925197e-05   7.319266410518313e-05  5.0086375954373656e+32  1.2051237056604679e+30   1.2045515553474957e+30      5.721503129722944e+26   5.004994000070164e+32   3.643595367202207e+29   768325.3914934662       768097.2938750489         228.0976184173928   1307201.1986904575        1306697.369667823          503.8290226344388   1.268125894248241e+47  1.2676362647717876e+47    4.896294764533459e+43   0.012690834940405573   0.014722415793462139    0.02485343383249845    0.03003985324547167    0.05145815340827407   0.08524966969525273   0.11919799173905009    0.00994056939333319   0.04196486358008366   0.07899221701942792   0.10267086381680436   0.12594970642670833 
 T17-0283         7098.058443808084            2513.4886108188825       0.013470234244638304           0.009565898479298552    2856577.1667011064         530171.3940876228   0.023298296957581767    0.001562541006723254   0.026230509894795313   0.0020088733133526286    0.04402197933229798   0.0020763737597924246   0.051947584299096856   0.0021961462595216107   0.09024864352191656   0.0009058451428695549   0.15022063629082494    0.003374029817795375   0.21224933211594418   0.0067235960242763215    0.07336300599808102    0.001337892771032451   0.18249288095505406    0.004948607938628666   0.13877965424010216    0.002516331645222044   0.018783563112313086    0.001255212272971285   0.22310834387020995    0.007147873760252059   4.738727583131376       0.4307934166483069       13000.0                20.0            13000.0               0.0                50.0              500.0       11998.259463115717               1.0                     0.004                                   10.0  13728.314005334232             2.4015490534256495e+23                0.001825    7146576.281501093   1.902305103588828e-12  2.0954921435942415e-12  1.9188678545130133e-12   8.272411921938581e+32  3.5192691913364316e+30    3.519269191314233e+30      2.219892177248026e+19   8.272411921775423e+32   1.631574756442279e+22   3592045.334996834       3592045.334989204     7.629610476329194e-06    3554530.946504259          3554530.9464927      1.155906806880094e-05   7.614120361163083e+47   7.614120361118852e+47   4.4232864752984706e+36    0.02375629771814501   0.025538401369025566    0.04326789467809023    0.05057049968318794    0.09021954392272256   0.15129465914836224    0.2112367028192169    0.01951679144678413   0.07279787722945488    0.1395419530695342   0.18333926040394247   0.22025796792923688 
 T17-0268         4843.524413580405            1969.1634954189285        0.02277725593634538            0.00911590175732488     4334237.286958022         791994.7233092597    0.04440332700884789    0.002221562572422451    0.05190981248359309    0.003223318739419997    0.08515202443758446   0.0035442849408619174     0.1007590269605202    0.003940393126970277   0.16773908386383096   0.0019947331322222495    0.2704281008975125    0.006555841279543889    0.3762894056877899    0.012586536173403535    0.13803239582480148    0.002580853468516478   0.32506149418686514    0.009380696413137901    0.2516559849522889    0.005114779430309463    0.03497380166231888   0.0017495748814748255    0.3970348019348444    0.013134711351493529   5.786488375501344       0.5260443977728495        9000.0                20.0             9000.0               0.0                50.0             5000.0        3879.996854250619               1.0                      0.03                                   10.0  13728.314005334232             2.4015490534256495e+23                0.001825    6667890.038493105   0.0007387837620045344   0.0007420284002473084   0.0007390791874864899  1.5816106885819286e+33   3.750105040740962e+30    3.744327625837414e+30      5.777414903548499e+27   1.577931487207797e+33   3.679201374131493e+30  2485933.4247914753      2483630.1584115922        2303.2663798828976   4181956.6137016234       4176869.0882066414          5087.525494982003   3.872959680219276e+47   3.868015537796662e+47   4.9441424226140205e+44     0.0446473984049888    0.05297100513201744     0.0866838044658534     0.1033761397675131    0.16969942872408875   0.27062935687846895   0.37125891785096204   0.034693068236184274   0.14024639515696335    0.2527376421694169   0.32249664547836165   0.39224878145681735 
 T17-0326         4972.149853578002            2231.9125593207846          0.015872324475624           0.010099767840030189    1320528.7093461587         301867.1960834828   0.016836416644718587   0.0010986255838007684    0.01975288717206229    0.001720771218078191    0.03139142118920775   0.0018995073925481476    0.03638054449787627    0.001966128009781985  0.059017844967025446   0.0010254680267751208   0.09239337794675456   0.0024229832744547845    0.1285033830034648   0.0039272058083122926     0.0488807116010747   0.0013524059380243725   0.11112999834577317    0.003110283926595434   0.08632591644510265   0.0019227734741861231   0.013293276672650435   0.0008287219005655947   0.13545316174969535    0.003939025565660233  12.051642059485408       1.0956038235895826        7000.0                20.0             7000.0               0.0                50.0             5000.0        2840.671276402764               1.0                      0.03                                   10.0  13728.314005334232             2.4015490534256495e+23                0.001825   1897256.7527357356  0.00032099274813565627   0.0003218912156626359   0.0003210751810944715   5.428900509867299e+32  1.1619090793105702e+30   1.1593992203295276e+30     2.5098589810427336e+27   5.412917104198689e+32  1.5983405668609644e+30   684609.5828715577       683608.9841771948        1000.5986943628111   1212647.1698641777       1210437.0167475957         2210.1531165819038   1.157178768220139e+47  1.1550309044315558e+47    2.147863788583105e+44   0.016711381920853856   0.019965536454267428    0.03203227512711901    0.03787555370386703    0.06046587713905139   0.09348900935326858   0.12625180417683607   0.012917676205276141    0.0503409600610288   0.08784791997189721   0.11049397952672926   0.13328388559085008 
 T17-0204         5054.245354463727            2509.9956079350804        0.00572036396508334           0.006244059095718689    194004.08238792274        58147.204154636034   0.004121424603147853   0.0004063544879095165   0.005081922660149297   0.0006286603698146595   0.007301472633678514   0.0005593894328709469   0.008065328038412789  0.00046301050744553316  0.012200022959783674   0.0003462992529634663  0.017533348830758532   0.0005122115494662416  0.023776003303709232    0.001441134024009221     0.0102896264428206  0.00034028252870003814   0.02085873050052002   0.0007086412929462123  0.016562017578551812   0.0004138447294359571   0.003196653210162728  0.00026977785283613414   0.02488294518385531    0.001877235467240927    8.98439561848901       0.8167632380444555       12000.0                20.0            12000.0               0.0                50.0             5000.0        5632.301664456674               1.0                     0.004                                   10.0  13728.314005334232             2.4015490534256495e+23                0.001825    358015.0150857014  2.2546070045245304e-05  2.2676510650937006e-05  2.2557908166855744e-05  1.0314858561078275e+32  2.5466872863071896e+29   2.5440776160395414e+29     2.6096702676480643e+26   1.029567802530734e+32   1.918053577093542e+29   169432.1943154427      169342.50181678045         89.69249866223515   188582.82077025814       188446.93418725184         135.88658300632233   5.835141541554293e+46   5.829941595665845e+46    5.199945888446861e+43   0.004043948502234984  0.0050302806499213926  0.0073320715919440735   0.008061793565780252   0.012015799852537664   0.01728981001462329  0.024512966224837642   0.003178185472639224  0.010198873385947911  0.016310357313345673  0.021024133848690015  0.025844056189408646 
 T17-0202         6885.437879682903            2008.4346563704119       0.023690362763057235           0.006642258701038996    2793034.5300820754        502650.24467181554   0.013933460280507917   0.0011110265179655689   0.015726078542857357   0.0013791366320952453    0.02853918132175503   0.0015021292890879017    0.03506950010021556   0.0014707296711299225   0.06495287468745828   0.0006540771303617712   0.11587494685018239    0.002588182631129165   0.16784422595525436    0.005609179553389463    0.05209086762364589   0.0008564239149634533   0.14230138361142933    0.003963525735542036   0.10585874939902837   0.0018733370571432466   0.011265450538443182   0.0008311115787726197   0.17728031531971647   0.0061052676754328435   10.16700442133169       0.9242731292119718       10000.0                20.0            10000.0               0.0                50.0             2000.0        6281.209073303964               1.0                      0.03                                   10.0  13728.314005334232             2.4015490534256495e+23                0.001825    4688068.937330917   8.233062548408315e-05   8.398117362434512e-05   8.247899301366235e-05   6.926953849962933e+32  2.3280016031408325e+30   2.3273568611814663e+30       6.44741959366182e+26   6.922847972953125e+32   4.105877009808172e+29  1854540.9797753773      1854283.9422415495        257.03753382777734   2833527.9575555352       2832960.2051592264          567.7523963088461   3.000238787993595e+47   2.999687036712761e+47    5.517512808338788e+43   0.014063750789585409   0.016214362912210067    0.02901177881099696    0.03586830932482479    0.06551091662997961   0.11612795153528573   0.16713290312907342    0.01117793651799935  0.052745458437602484   0.10632261386858814   0.14194411148300826    0.1770210789375969 
 T17-0224         5649.056536613438             2767.733489257705      0.0038827583517712125           0.005112444666912299    444162.40791672125        141326.41598403952   0.009712007094468966   0.0008782765111177401   0.012019084480666008   0.0013487540252709897   0.016859952026219226   0.0011723561558384566   0.018489151308000253   0.0009523598478841183   0.02790492198746275   0.0008709792083828485   0.03956990419351654   0.0010708494419557253   0.05233153790025168    0.003193669819627902   0.023518981081833125   0.0007606030608139246   0.04655183798280395   0.0013132536294711793   0.03742939769958073   0.0009084978850503123   0.007483470010526608   0.0005674473916521727  0.054390260245262584    0.004313421257011879   72.68057678071857        6.607325161883506       13000.0                20.0            13000.0               0.0                50.0              500.0       11998.081079763588               1.0                    0.0004                                   10.0  13728.314005334232             2.4015490534256495e+23                0.001825   1565950.0811875463   4.168310410565864e-13     4.5916197674728e-13   4.204602531621864e-13   2.065747080933828e+32   8.686157653582811e+29    8.686157653529374e+29      5.343631599413162e+18  2.0657470808894458e+32  4.4382162087483807e+21   798057.8951117895       798057.8951100614    1.7281757325472187e-06    767892.1860757561        767892.1860732797     2.4764267990746457e-06   1.901454954290694e+47   1.901454954278928e+47   1.1765894433252346e+36   0.010251244209335462   0.011819713754213304   0.016176148668048458   0.018033023218345403   0.028396478578780124   0.04089839372762047  0.050091666832560326  0.0077451392573956055  0.023519937705847302   0.03868828809969496  0.046538873617027035  0.050869169770851944 
 T17-0272        3846.4298202234227             1765.905682930634       0.019851891374849252           0.009746540093483833    2314396.8605109258         443554.3522219272   0.034348015807916764    0.001797508358818282     0.0409564984285562   0.0027713843556472634    0.06448211745253325   0.0030078884492196318     0.0747333371627582   0.0031252277813735908   0.11852173484718881   0.0019514662939362985   0.18184207516954434     0.00485040397692685   0.25021966400758244    0.007468216506043609    0.09884090682970681   0.0022682447721483912   0.21724004175003703    0.005829072446250982   0.17069404606041466    0.004095720561028559   0.026854040665034717   0.0014115548238984338    0.2641437773743582    0.007616578700895108   7.869433362681244       0.7154030329710221        6000.0                20.0             6000.0               0.0                50.0             5000.0       2361.9952045384343               1.0                      0.03                                   10.0  13728.314005334232             2.4015490534256495e+23                0.001825    3362181.585409684   0.0007204934757077891   0.0007216493873772895   0.0007206011854587772  1.0630625834897353e+33   2.208486285378848e+30   2.2028533138395694e+30      5.632971539278201e+27  1.0594753672392584e+33  3.5872162504767856e+30  1189518.1536902983      1187272.4721559344         2245.681534363734   2172663.4317193804       2167703.1013991563         4960.3303202240395   2.162887278665711e+47  2.1580667466427096e+47    4.820532023001688e+44   0.034321130964214124    0.04118506016698836     0.0653855322886893    0.07695411586037348    0.12093897343195958   0.18371572318626173    0.2457663064741003   0.026453900195224075   0.10113208610692345    0.1732561867488868    0.2160601916987815     0.259347354147042 
 T17-0115         7914.340255930818            2296.9281423190264       0.017133043312281777           0.008289051585826502    475268.09861862997         90764.30917704075  0.0025305493611967773    0.000249381880239143   0.002814939798821667  0.00027660651807602326   0.005052968240086605   0.0002947787667254855   0.006123243027168688  0.00025708247986321134  0.011286545910724848  0.00010567038594868443  0.019930185029704714   0.0005246462191816705  0.028789978538867528   0.0011062127226135888   0.009055884227705228  0.00014030300715985337   0.02447642987859551   0.0007758078524419923  0.018226138438096798  0.00038509300974443983  0.0020638008154967745  0.00020023399631124842  0.030320023185925245   0.0012337443102545449  18.967043677067135        1.724276697915194       13000.0                20.0            13000.0               0.0                50.0              500.0       11997.696528070583               1.0                     0.008                                   10.0  13728.314005334232             2.4015490534256495e+23                0.001825   1106889.8349013787  2.9463649433001097e-13   3.245580626997763e-13   2.972017983180814e-13  1.1403238422845253e+32   5.134581050518236e+29    5.134581050491076e+29      2.716036942013824e+18   1.140323842263173e+32    2.13523847585258e+21   552984.4918523955       552984.4918512321    1.1633072789766346e-06    553905.3430489834        553905.3430471746     1.8087107042041803e-06    1.12465558049283e+47  1.1246555804852954e+47    7.534447879516391e+35   0.002529231554382545  0.0027425272764148426   0.005003680461816863   0.005999171194375995    0.01126869625551777  0.020056046817624733  0.028998079401471685   0.002085540866255299  0.009001113921087213  0.018303523777261695  0.024699944190654823  0.030397783340354326 
 T17-0225         5969.574924745061             2711.568913773531        0.01498083940147748           0.010916428979553432    2093056.2781035972        462007.87728587125    0.02229064555867892   0.0013026847718535933   0.025600483158390343    0.001981412951322071    0.04145938958595998   0.0022260871737333193   0.048404956825688406   0.0025439903141265966   0.08068848190298687   0.0012824142776201879    0.1291978212508313   0.0028189276476908156   0.17994854238961808    0.005289274116760394    0.06630292408898558   0.0017347923106880445   0.15567214352754635      0.0040431909894814   0.12023145969126499   0.0021535989280299815   0.017727971378767346   0.0010091414918017858    0.1892797945126214    0.005302186676995879  10.111790493647273       0.9192536812406612        8000.0                20.0             8000.0               0.0                50.0             5000.0       3346.6961583906386               1.0                      0.03                                   10.0  13728.314005334232             2.4015490534256495e+23                0.001825    2904948.556939567   0.0003951141804424991   0.0003965741316082728   0.0003952474472610632   7.553455161167286e+32  1.6860951460239882e+30    1.683005479137059e+30     3.0896668869292266e+27   7.533779394676953e+32  1.9675766490332276e+30  1066495.9796817098      1065264.2305370653        1231.7491446443773   1838452.5772578563         1835731.85192989         2720.7253279662555   1.695984540187217e+47   1.693340493778497e+47    2.644046408719961e+44   0.022242971712250696   0.026474747123514025    0.04290419437052235    0.05095228074063317    0.08252057411131374   0.12964966474202352    0.1765402574077104   0.017240188082875193   0.06843705846846608   0.12143524954275602    0.1538976679418423   0.18644809324119488 
 T17-0151        10508.659428406907            1168.5745980388635       0.029855448428635932           0.001193576618503577    1875836.4666258546         183049.5671545585   0.003653480156549001  0.00018598798642366053   0.004202618858159894  0.00017627558990247552   0.008579256054293997  0.00022077236167585465   0.011180451577059849  0.00018244797231258575  0.023082798249881065   5.495902915017642e-05   0.04597339429811944   0.0007945385909822938   0.06896636028288915   0.0015430687415761135    0.01818427924994421   5.635283375220325e-05  0.057447192014439805   0.0011442004237831095  0.041284213432141156   0.0006051222630290391  0.0029706940505284194  0.00015565761638300504    0.0732149209843129   0.0016696098517214324   5.124987880097346       0.4659079890997587       13000.0                20.0            13000.0               0.0                50.0              500.0       11997.810659104722               1.0                      0.03                                   10.0  13728.314005334232             2.4015490534256495e+23                0.001825   3627720.8704004893   9.656416799218768e-13  1.0637066314893327e-12   9.740492075032229e-13   2.856114563080806e+32  1.5620842047900898e+30   1.5620842047824753e+30       7.61418600807453e+18   2.856114563032317e+32   4.848902855599702e+21  1523398.2674271197       1523398.267424084     3.035526950263044e-06   2104322.6029733676       2104322.6029666625      6.704965124769186e-06   3.328717184243664e+47   3.328717184237148e+47    6.515997324871609e+35   0.003425791738966574   0.003991081774554935   0.008299694014740538   0.010942703372784532   0.023028790954700982  0.046852999095979175    0.0707663841008488   0.002782728053880546  0.018100428915881303   0.04193503594821753   0.05875088356121052   0.07517621915671958 
 T17-0168          6090.59416312513            2435.9939056916623       0.012139750640483046           0.009301054632076184    1039270.1010267006        243080.92376892248   0.011459085102489244   0.0008511197843129801     0.0131831669502288   0.0012865427193746572   0.021195602929095017     0.00138951313798044   0.024587583536709985    0.001400821744686093    0.0408648548246056   0.0006416550260534398   0.06524747448736876   0.0016536181437268684   0.09141050922966233   0.0027649073184780153    0.03360062811367458   0.0009137046158156063   0.07888106009857225   0.0022074532818231883  0.060702964066684156    0.001241491628083357   0.009140438365932181   0.0006324438107078229   0.09616587609276774   0.0027907083553102854   8.238632694175305       0.7489666085613913       11000.0                20.0            11000.0               0.0                50.0             1000.0         8987.33247366881               1.0                     0.004                                   10.0  13728.314005334232             2.4015490534256495e+23                0.001825    2503997.860100354   4.605420346208595e-07   4.818987675545212e-07  4.6243143380342314e-07  3.6490235943841714e+32  1.4865432285608285e+30   1.4865378788025324e+30      5.349758296275872e+24   3.648984274769108e+32  3.9319615063881256e+27  1238820.0216510494      1238818.1829774254         1.838673623945791   1265177.8384493033       1265175.0528085893           2.78564071408844  3.3172646728672276e+47  3.3172540131091725e+47   1.0659758055171952e+42   0.011427865710828948   0.012493360996943778    0.02032561175842691   0.023501434529907307     0.0405398913145655   0.06597077684141589   0.09212027691997551    0.00925284399016464   0.03295115506045167   0.06112544831777543   0.07987969158787953   0.09626815150556184 
 T17-0173          7169.86969562881             2385.244971264621       0.017685845254069993           0.008809018512443926    1578635.2050024548        293856.88531195326   0.009963138335142887   0.0008131666231088019   0.011194351228149874   0.0010339231987349998   0.019597389431992195   0.0011101114227227507   0.023574850580135677   0.0011253998096399961   0.04239227014102461   0.0005323741443394147     0.073222509896749   0.0016022940886946252   0.10488312755013995   0.0034901371880867752    0.03420117746372432   0.0007096764649390094   0.08951194111622157   0.0024695135755728667   0.06722826010550628   0.0011438992872340205   0.008060349028757534   0.0006282838147995581   0.11045707702426608    0.003751283204461193   5.689214937432864       0.5172013579484422       13000.0                20.0            13000.0               0.0                50.0             1000.0       10988.614976942952               1.0                     0.008                                   10.0  13728.314005334232             2.4015490534256495e+23                0.001825   3812720.9374570274   1.121410914527975e-07  1.1742441175408419e-07  1.1260826036809956e-07   4.205416469032444e+32   1.869024400814824e+30    1.869023371722144e+30     1.0290926800124347e+24  4.2054083787216986e+32   8.090310745006113e+26  1894887.6917169425      1894887.2509456899        0.4407712527328153   1917833.2457400917       1917832.5604287405         0.6853113509481802  4.1270306233272015e+47   4.127027768562953e+47   2.8547642488973426e+41   0.009684304118434326   0.010524653366167902    0.01893468810819105   0.022617074727071806    0.04201290363361954    0.0740012801898658   0.10661269496597192   0.007976815749291162   0.03362875064841956   0.06765470001836851   0.09096741392023268   0.11176278348133993 
 T17-0246         6003.099875642482            2448.1125500673224       0.015301715068655986           0.009911642739318114     442777.9950300687         101122.1358207762   0.004374621640145331  0.00034363257887460365   0.005029379960432352   0.0005011935831819613    0.00823334633763348   0.0005481964529627525   0.009648781816597429   0.0005705107917558003  0.016246490653227433   0.0002875628269429281  0.026341287511408795   0.0006947732266812409   0.03696742488232216   0.0012928353976729234   0.013318827113950188  0.00038505232331464165   0.03185691532999189   0.0009787447197521695  0.024454337182322164   0.0005221629818587655   0.003489601451152193  0.00025562399336966036   0.03891966770306188    0.001337440059090997   3.690344492327129       0.3354858629388299       13000.0                20.0            13000.0               0.0                50.0             5000.0        6269.468064850314               1.0                      0.02                                   10.0  13728.314005334232             2.4015490534256495e+23                0.001825    830450.1421710143   4.378650465860465e-05  4.4053913856321704e-05  4.3810760236107894e-05  1.5570216384095858e+32   4.338590331550801e+29    4.335270355824317e+29      3.319975726484562e+26  1.5545169262887032e+32  2.5047121208825488e+29   385639.7107238013       385471.1181562607        168.59256754059035    444810.4314472138       444540.91641239333          269.5150348204885   8.857956767786287e+46   8.851407680338814e+46    6.549087447474582e+43   0.004363242210073383   0.005174938848126185   0.008453878923716707   0.009923778588430873   0.016359048445498965  0.026315689894063517   0.03705984010665203   0.003445011188157603  0.013525087402480509   0.02447911790118693   0.03180312521894816   0.03917577708578951 
 T17-0252         7056.619667262479             2303.313481980098       0.020001268261247776            0.00830262498493955    1547442.8678532476         287087.5118375585   0.008949692721279715   0.0007357661166808228    0.01007050900005891   0.0009275719672361371    0.01787823596427473   0.0010001973562585977   0.021680115796378345   0.0010005527831238683  0.039420218827163386  0.00045401674493427774   0.06893016342588995   0.0015996782667084264   0.09915420239998915    0.003473715536849648   0.031731384954007714   0.0006086666800415864   0.08440978385259124    0.002455268271295088   0.06316603895003806    0.001154268365347132  0.0072383928525844715   0.0005604289498138395   0.10453256672147535    0.003759942043481912   2.532867957172153      0.23026072337928663        6000.0                20.0             6000.0               0.0                50.0             1000.0        4056.586361472402               1.0                      0.03                                   10.0  13728.314005334232             2.4015490534256495e+23                0.001825   2089500.2774424322   3.165145817787902e-05   3.299233175069571e-05   3.177044838744905e-05  4.0944238697524206e+32  1.0218272780782231e+30    1.021578927069138e+30     2.4835100908510116e+26    4.09284230881358e+32  1.5815609388407095e+29   797063.1412965424       796964.1318711877         99.00942535464621   1292437.1361458907       1292218.4410873707         218.69505851984425  1.1080867479021102e+47  1.1078742163840843e+47    2.125315180259048e+43   0.009026073263728257   0.010339189981099579   0.018154280688985173   0.022286629124436963   0.039953055210794515   0.06911590373891424   0.09857092668586047   0.007145102626062183   0.03222214651638177   0.06353433221435735   0.08410797695537889   0.10427110361173311 
 T17-0248        10468.941735675991              1172.02222159795       0.029463970911907986          0.0022523265853395514    3339541.8855151143        339345.18690094486   0.006641486433125072  0.00036649451859329535   0.007624672796448604   0.0003381400507734738   0.015538833480046525   0.0004433831902616885   0.020210722772589017   0.0003509230200451791  0.041638214920936445  0.00011367983939234284   0.08272552874076813   0.0014719755797640928   0.12403636451940811   0.0028052214004089995    0.03281168224803759  0.00012008060942642197   0.10334863344455865   0.0020862494968993056   0.07431197880833337   0.0011271418763724457   0.005408186329482853   0.0003233376686656462   0.13165425146786627    0.003071048191700529   69.09969840722259        6.281790764292963       12000.0                20.0            12000.0               0.0                50.0              500.0       10997.485875298798               1.0                      0.03                                   10.0  13728.314005334232             2.4015490534256495e+23                0.001825    6099370.235946845  1.1073660617739299e-11  1.2194219899738319e-11  1.1169751814452415e-11  5.0853592149038005e+32   2.773744796700225e+30    2.773744796612911e+30      8.731444707734363e+19    5.08535921434776e+32   5.560400958414521e+22  2545889.0562240877      2545889.0561892786      3.48094145545595e-05    3553481.179722755        3553481.179645867      7.688810358996464e-05   5.912020685953574e+47  5.9120206858788536e+47    7.472114589468612e+36  0.0064083165697625556   0.007405713214534193   0.015261714176379804    0.01998919315040773    0.04162923483110743   0.08367487329087904   0.12583102659022852   0.005205144354402878   0.03275914498486764   0.07503330495025265   0.10470114058681036   0.13357362628909714 
 T17-0361        10531.220561343958             1224.109099811957        0.02960487458694485          0.0019481499253293873     1923987.197201075        206006.85355692872   0.003782005380401056  0.00021627620002765834   0.004346935040882759  0.00020343043025787877    0.00886457602653262  0.00025695285747198167   0.011540547094939822  0.00020523494866565105   0.02380067682804525  5.9847907686806934e-05   0.04735030909117001   0.0009231245114634265   0.07102041279689475   0.0017643007973892784   0.018752983605019466   5.847301491953134e-05   0.05916408699064081   0.0013133432295556417  0.042526395385039405   0.0007086008733905246   0.003077656065669011   0.0001859292611583783    0.0753883915185666    0.001921999907993659  19.982106051334924       1.8165550955759022       13000.0                20.0            13000.0               0.0                50.0              500.0       11997.810659104722               1.0                      0.03                                   10.0  13728.314005334232             2.4015490534256495e+23                0.001825   3741904.4395424854    9.96035532554089e-13  1.0971871069841448e-12  1.0047076895105147e-12  2.9460115993582958e+32    1.61125125930594e+30   1.6112512592980863e+30      7.853844726474497e+18  2.9460115993082806e+32   5.001523482779893e+21  1571347.6708166804      1571347.6708135493    3.1310710435905684e-06   2170556.7687258027       2170556.7687188867      6.916005851514581e-06  3.4334895254296813e+47  3.4334895254229605e+47    6.721090235173554e+35  0.0035336195299865555   0.004116702233801002   0.008560929296959183   0.011287128142992599   0.023753628845534183   0.04832771086485764   0.07299377661548191   0.002870315228444107  0.018670145178640008  0.043254953397140986   0.06060008470289711   0.07754241251187911 
 T17-0369         9671.412081969182            1570.6979467511876        0.02816638789252599           0.003870895326564837    1858802.6651769124        267393.49879358575   0.004392550550379074   0.0003376262054817768  0.0049945457874716204  0.00033091836784109166   0.009984833210240487   0.0004189539106652239   0.012829647207731203  0.00034787624550738184   0.02593913836201394   0.0001240789500337056   0.05050874387387508   0.0011295323894126516   0.07531976061752829    0.002187313426717541   0.020493285618920894  0.00014820824075486907   0.06292790378701421   0.0016113796511836585   0.04550725635836642   0.0008540612489697715  0.0035884018135609527  0.00029318332026423226   0.07988108238980231   0.0024169298507514727   14.60171812187433       1.3274289201703935       12000.0                20.0            12000.0               0.0                50.0             1000.0         9988.25659495241               1.0                      0.03                                   10.0  13728.314005334232             2.4015490534256495e+23                0.001825   3433599.5417431747   2.534136183900202e-07  2.6526677060235406e-07   2.544619573077648e-07     3.1099886736235e+32  1.6297425145378877e+30    1.629740525397442e+30     1.9891404458779669e+24   3.109976006282857e+32  1.2667340642818888e+27  1421963.0018035476       1421962.208798304        0.7930052437539183   2011636.5399396247       2011634.7883252953         1.7516143293237303  3.2591889044057582e+47  3.2591872021576373e+47   1.7022481208614946e+41   0.004191477431060807   0.004803112097272845   0.009739281679196004   0.012645572016485765    0.02592882820942938  0.051243292585753726   0.07666763813781152  0.0034065753586416296  0.020442616917125636   0.04607391921492829   0.06394443542999442    0.0813730381721895 
 T17-0350         8887.678057409183             2093.253083884884       0.008554556182151587            0.00545682015316529     760403.2670563927        127915.45037091587   0.005132289973767143   0.0004846737551614369   0.005632773541757714   0.0005355319048551484    0.00967179144216692   0.0005398224770463434   0.011421417786173378   0.0004662424228679928   0.02045815326335679   0.0002379588140204334   0.03482838884741941   0.0007393078765481823   0.04956447149796597    0.001648087354571988    0.01649971235877895   0.0002847054379691945   0.04253330232534312   0.0011315120010039405  0.032029658275190206    0.000515667515252648   0.004195757298964282  0.00038093300357453186  0.051967276915980895   0.0018296496240847186   40.20463669171369       3.6549669719739715       13000.0                20.0            13000.0               0.0                50.0              500.0       11998.259463115717               1.0                     0.004                                   10.0  13728.314005334232             2.4015490534256495e+23                0.001825   1638513.6010994855  4.3614629759700316e-13   4.804387783789383e-13   4.399436813499967e-13  1.8966367829977004e+32    8.06871739529511e+29    8.068717395244213e+29      5.089602884125716e+18  1.8966367829602928e+32   3.740752668604739e+21   823557.3098678286       823557.3098660794    1.7492600714157223e-06    814956.2912316568        814956.2912290067     2.6501767420842452e-06   1.745708613573179e+47  1.7457086135630378e+47    1.014138066376818e+36    0.00544666640216332  0.0058552538089884955   0.009920139536536206   0.011594426237327779   0.020684862790175586  0.034687708774617985   0.04843077258079694   0.004474664087495197   0.01669055324860792   0.03199313615671548  0.042034655470616786   0.05049910082633093 
 T17-0382          6155.07201721562             2645.015547933535      0.0010063564566636766          0.0024983827551787736     562301.6919881339        209107.53868609603   0.014012946860041165   0.0006791427183749494   0.017723967836325086   0.0015726400169761656   0.023658410916596092   0.0015008608513602149   0.025513578477693685   0.0011781516285688095  0.038337422728706744   0.0007902193263178668    0.0528622301858815   0.0011886421664973094   0.06555182265112522   0.0024537998624057857    0.03228138782723379   0.0008568495293870227   0.06046070329152299    0.001232875899913678   0.05012068449852983   0.0009966573700643543   0.010614164189929696   0.0003987229248469569   0.06694359605856587   0.0032518469748732915   7.373896265524112       0.6703542059567374        5000.0                20.0             5000.0               0.0                50.0              500.0       3992.1749357475683               1.0                    0.0004                                   10.0  13728.314005334232             2.4015490534256495e+23                0.001825    813626.7659123043   7.404733076571359e-07   8.105132325141621e-07   7.465049124242514e-07   2.794408293546992e+32   5.560320219654796e+29    5.560225346305671e+29      9.487334912507577e+24  2.7943294953686313e+32   7.879817836083557e+27  388317.13114396547       388314.0628594744         3.068284491046159    425309.6347683378       425305.23800370464          4.396764633196358  1.7902479299568457e+47   1.790227040234387e+47    2.088972245873619e+42   0.014132722026992464    0.01857359784014756   0.024678514714796113   0.026098756345376336    0.03913342176655949  0.052925898807973604   0.06471613988952563   0.010564524083426213  0.032954806623808106   0.05020522040104391   0.06018414753348182    0.0658551608474652 
 T17-0319         6717.323384064214                2019.997409306         0.0238612739323122           0.006807597604148771    3145265.2843553694         548268.9940859721   0.016234659418616876    0.001243752942968839   0.018343619451596353   0.0015711523494666923   0.033138070821856325   0.0017149515447922527    0.04067016590031132   0.0017104600141108828    0.0750078036045928   0.0007914469912444092   0.13327325416893387    0.002804133707889356   0.19270316809947008    0.006178415445874961    0.06020366287908499    0.001027313949239587   0.16351325143838324    0.004346171016559566   0.12184238548436774   0.0020147055478620755   0.013103870097944753   0.0009244844226426334    0.2035266111075558    0.006704358829576284  10.990637823645258       0.9991488930586598       10000.0                20.0            10000.0               0.0                50.0             2000.0        6281.209073303964               1.0                      0.03                                   10.0  13728.314005334232             2.4015490534256495e+23                0.001825    5406499.450557642   9.494751194874392e-05   9.685100094021039e-05   9.511861629423745e-05   7.988485810361113e+32   2.684759878007269e+30    2.684016331550153e+30      7.435464571153057e+26   7.983750721757612e+32   4.735088603501525e+29  2138743.0351868267      2138446.6075310074         296.4276558193616   3267756.4153708094       3267101.6568636866          654.7585071230129   3.460015109774423e+47  3.4593788044989354e+47    6.363052754875214e+43   0.016218972445393026   0.018699158512356588    0.03345773458072405    0.04136500491980892    0.07555024030153491   0.13392416249906114   0.19274544828939577   0.012890917017388955  0.060828519348664935   0.12261619040731231   0.16369656056715248   0.20414895318457685 
 T17-0368         7661.808423045262            2659.6402746112417       0.011955944210918886           0.009414720477729151    1626136.4321041773         289130.0888488597   0.012889663671538782   0.0009274719626872876   0.014395843590418128   0.0011481538054494342   0.024197298702712956   0.0012192183703300748   0.028517086667642494   0.0012982799923673587   0.04977788554979393   0.0006665418392187929   0.08298783676840486   0.0014887141648883492   0.11710227584959484   0.0032764537848325535   0.040406794195155776   0.0008682579998651699   0.10080498552496095   0.0023060296162812524     0.076639206578301   0.0010608068267861748   0.010420362045737598   0.0007383967043138259    0.1229471721425813    0.003537691316232779  17.830902282605038        1.620991116600458       13000.0                20.0            13000.0               0.0                50.0              500.0       11998.259463115717               1.0                     0.004                                   10.0  13728.314005334232             2.4015490534256495e+23                0.001825    3947934.847324931  1.0508775549129004e-12  1.1575985661001944e-12  1.0600272034950353e-12   4.569872623144761e+32   1.944126100431942e+30   1.9441261004196788e+30      1.226320036147529e+19   4.569872623054629e+32   9.013198185049241e+21  1984329.3337416518      1984329.3337374371      4.21477416381661e-06    1963605.513583279       1963605.5135768936      6.385497871133743e-06   4.206217064158742e+47   4.206217064134307e+47   2.4435262603625272e+36   0.013123531032287644   0.014108006510856039   0.023902190705244658    0.02793631944609385    0.04983937305535415    0.0835786862881575    0.1166920644578695   0.010781529228223412   0.04021523943841263   0.07708621827951448    0.1012808688413625   0.12167562098786762 
 T17-0026         8636.388293747546            1958.6038169987644       0.025210609112545253            0.00513244121167948    2078414.7784340358        320203.89162358566   0.006680440020064235   0.0004993253081851512   0.007506418764507955   0.0005362732701569998   0.014494752955093905   0.0006299971355416186    0.01824234704132126   0.0005736725243898845   0.03567564892243702   0.0002711269057889479   0.06706459895052641    0.001271115072825385   0.09900941747022439   0.0026671413582610402   0.028328391883892003   0.0003091006897395901   0.08315175839126915   0.0018921860681270703  0.060741267311256446   0.0009303346205226254   0.005474271738200611   0.0004042839171449978   0.10478964443481763   0.0029714051792853946  14.600316152516688       1.3273014684106081       12000.0                20.0            12000.0               0.0                50.0              500.0       10997.371364866809               1.0                      0.02                                   10.0  13728.314005334232             2.4015490534256495e+23                0.001825    4418968.994661016    8.02282219872366e-12   8.834662853132564e-12   8.092439880961179e-12   4.038764888204549e+32   2.006403384113276e+30   2.0064033840519512e+30      6.132444136562546e+19   4.038764887741895e+32   4.626542006603055e+22  2165002.4775466537       2165002.477515512     3.114132714991481e-05   2253966.5171143617       2253966.5170645784     4.9783071659696976e-05   4.501029351674931e+47    4.50102935155396e+47    1.209705016717917e+37   0.006489498829900531   0.007231204067243759   0.014277515423634363   0.017901293358780292    0.03547457306070876   0.06742483712230285    0.1002349785655372  0.0054192032064130785   0.02813047049713264   0.06090903345168555   0.08395563365416354    0.1059117794931631 
 T17-0051        11464.297416172507             695.1961388891252        0.02999904772044455          9.758016563460337e-05     4531586.802840434         237223.0308226157   0.007828020738092738  0.00020382561807356925    0.00907816295309281  0.00018380335013637035    0.01876695342569844  0.00023121490474402234    0.02464705702146086  0.00017879249666180095   0.05154240114549875   6.308050541318678e-05    0.1041226339798669   0.0010910433829715523   0.15689052509603277   0.0021264651158859962    0.04054159630806957  2.0713422834770682e-05   0.13040691571846294   0.0015707085944303711   0.09329641540277475   0.0008413647829424297   0.006359546348789432   0.0001675524266591764   0.16661827600384777    0.002311281711215116  15.773096358847505       1.4339178508043187       13000.0                20.0            13000.0               0.0                50.0              500.0       11997.810659104722               1.0                      0.03                                   10.0  13728.314005334232             2.4015490534256495e+23                0.001825   8124773.4777821945   2.162685661425813e-12  2.3823154361684602e-12   2.181515461056759e-12   6.396656380308726e+32  3.4984996835602455e+30   3.4984996835431926e+30      1.705300345405976e+19   6.396656380200128e+32    1.08597763513072e+22   3411857.273882485      3411857.2738756863     6.798474782837284e-06    4712916.203899705        4712916.203884688     1.5016679827730309e-05    7.45511412254688e+47   7.455114122532286e+47   1.4593460780948138e+36   0.007672525769075557   0.008938569561440382   0.018588291716398548   0.024507670053628597    0.05157610429754188   0.10493365338980447    0.1584909261769222    0.00623229732819911   0.04053836831608247   0.09391920713687849    0.1315805811988221    0.1683673505721039 
 T17-0006         6556.920501670075             2413.199463527772       0.016577305566473254           0.009554110857167165    401372.50812297116          85981.9173972605  0.0031781272958165104  0.00027149359073322334  0.0036111239029752358  0.00036953191260715487  0.0061015754622524634  0.00039712070615525275   0.007242922198019341  0.00040967036990933087   0.01259261190089354   0.0001967414515414364   0.02106701255213462   0.0005553867283905833   0.02984329224683049   0.0011366425207668595   0.010240707673401175   0.0002661205667234368  0.025604975356864346   0.0008288169520526338  0.019451132010312393  0.00040534937010325593   0.002552348610440354   0.0002047421460090869   0.03142023914432117   0.0011979782941239658  140.15601670277306        12.74145606388846        6000.0                20.0             6000.0               0.0                50.0             1000.0        4054.829783036254               1.0                      0.02                                   10.0  13728.314005334232             2.4015490534256495e+23                0.001825    570875.8900565706   8.647548197984303e-06    9.01389052518993e-06   8.680057713551086e-06  1.2351936015055701e+32  2.8411111855090304e+29   2.8404534114654354e+29      6.577740435949766e+25   1.234697352509937e+32   4.962489956331083e+28  259474.65054682258       259441.2479487293         33.40259809328728     311401.239509748        311347.8415307058          53.39797904222355    5.92095015442608e+46   5.919652608875425e+46    1.297545550654944e+43  0.0032199491627263994  0.0037054479922170053   0.006214352394207922   0.007394727190051251   0.012667353722060548  0.020993910732704818   0.02980802456017695  0.0025665755092831805  0.010334217069760863    0.0194116320102924  0.025514242253046618   0.03145175861058406 
 T17-0014        11340.341881641692             769.8195166195893        0.02999756435265254         0.00015604659944544398     1732200.017440626        101306.92392450038   0.003034982522391367   8.827992561859344e-05  0.0035160194795061236   7.998301802521088e-05   0.007258090443470784  0.00010048421503199103    0.00952349813688044   7.835291794087958e-05  0.019885674953483125  2.6258701836451564e-05   0.04010387313626629  0.00046371374782539057   0.06039451656783174    0.000902992603641372     0.0156442045063756  1.0598221657143543e-05  0.050213324076393354   0.0006677478461863821  0.035943549204917505    0.000357118401550013  0.0024657927136111733    7.26881226316645e-05   0.06413568100460212   0.0009796637654823858  17.866319219937196       1.6242108381761087       13000.0                20.0            13000.0               0.0                50.0              500.0       11997.810659104722               1.0                      0.03                                   10.0  13728.314005334232             2.4015490534256495e+23                0.001825    3134547.222778056   8.343666875515977e-13    9.19100114562397e-13   8.416312465328483e-13   2.467837601478021e+32  1.3497253181250664e+30   1.3497253181184875e+30      6.579068913505107e+18  2.4678376014361233e+32  4.1897145680512884e+21  1316298.5739367031      1316298.5739340803     2.622859616694969e-06   1818248.6488413508       1818248.6488355573      5.793452848633516e-06  2.8761918510375033e+47  2.8761918510318733e+47    5.630174439537494e+35  0.0029600695215583677   0.003448510714918977   0.007171384942011964   0.009455088109648072    0.01989812207437707  0.040483527658761426   0.06114598688097866  0.0024044276846677294  0.015639750470411412  0.036234141259625575   0.05076394394208696   0.06495632310063468 
 T17-0032         6110.996947021142             2460.101673310329       0.011094437103548169           0.008968988782392471      327403.663267576         81498.73427880464   0.003747091717171007  0.00029204941759764506   0.004316691794642384   0.0004541370841582485   0.006892910924663194   0.0004861452528211934   0.007965949583589524   0.0004805304785102912  0.013170785191381276  0.00021375113184093482  0.020906338199368463   0.0005882004488128515   0.02927527059407459   0.0009434148573646316   0.010843244198141118    0.000308608327363001   0.02527260172899293   0.0007688017175667909    0.0194658040056059   0.0004442745208435799  0.0029874440467768794  0.00021265246142676317  0.030790979437485395   0.0009478032387766273    9.81490464979488       0.8922640590722618        9000.0                20.0             9000.0               0.0                50.0              500.0        7995.588695695553               1.0                     0.004                                   10.0  13728.314005334232             2.4015490534256495e+23                0.001825     751452.827618136   4.127852320145721e-10   4.539066150300702e-10  4.1631489091662794e-10  1.1711896861819698e+32   4.922106241219995e+29    4.922106193057525e+29      4.816247077380076e+21  1.1711896507835515e+32   3.539841814291983e+24   370162.1558366468      370162.15418133716     0.0016553096377736048    381290.6717814888        381290.6692736496      0.0025078392713926744  1.0853113880759293e+47  1.0853113784792287e+47    9.596700586368541e+38  0.0037417535284419937   0.004094809533194255   0.006609127806718275   0.007629837038754434   0.013075048803837391  0.021137411479482254  0.029492307663172575   0.003021197995482158  0.010640937985054397  0.019606670656549408  0.025580182951117587  0.030831539108797552 
 T17-0017        10015.469829532853            1436.9392464755792       0.028541805421057716          0.0035295405225496184    1343113.0556158843        175927.41379122276  0.0029634909269549634  0.00021584767199293742  0.0033801546901025895  0.00020538922413173349   0.006811687749164642  0.00026844955300897117   0.008791876219660297  0.00021807589386146992  0.017910554328045433   7.745076123285424e-05   0.03515433229617794   0.0007289638534656172   0.05254252823875023   0.0014051817091324705   0.014135423222140876    9.22868792337203e-05   0.04384901614106501    0.001036765646042208   0.03163503272782255   0.0005510544635048651   0.002419668352949277   0.0001909789561017407  0.055740268933108766    0.001553800319311446   23.04432557015408        2.094938688195825       11000.0                20.0            11000.0               0.0                50.0              500.0        9997.238423440063               1.0                      0.03                                   10.0  13728.314005334232             2.4015490534256495e+23                0.001825   2422159.6290516076   2.978558192188879e-11  3.2786856470760634e-11   3.004301643157904e-11  2.1568226542214637e+32    1.16557605771211e+30   1.1655760574772624e+30      2.348475966014534e+20  2.1568226527258957e+32  1.4955678526685764e+23  1003869.9988833382      1003869.9987897121     9.362605640737294e-05    1418289.630168268       1418289.6299614639     0.00020680410790841747  2.4491671773334702e+47  2.4491671771324947e+47   2.0097569321064824e+37  0.0028626432127072696  0.0032821555886625568  0.0066933160976184285   0.008704883542714566    0.01791738892196008  0.035528811380689335    0.0531979582204202  0.0023287498142130366  0.014120390001735615   0.03192916623605484     0.044355551317315   0.05646017343231346 
 T17-0030        11050.485631394724             971.0694083680662        0.02982173515428984          0.0013232136917639085    1000964.0856106936         80381.26838959177  0.0018283408468039682   7.951626852449519e-05  0.0021115577427049262   7.273266460772101e-05   0.004340127053256067   9.406851100558002e-05   0.005677969477746312   7.360047618473943e-05  0.011802942710935039   1.941852380819062e-05  0.023685484922494872   0.0003584100580942805  0.035617347229293134   0.0006890033257997751   0.009290610929865068  1.7628983009664734e-05  0.029634284642507107   0.0005112384177683247   0.02124428633489216  0.00027522719883021153  0.0014865875331421137   6.860487450701952e-05  0.037817171909934735   0.0007514507361582975   57.96604426046876        5.269640387315342       13000.0                20.0            13000.0               0.0                50.0              500.0       11997.810659104722               1.0                      0.03                                   10.0  13728.314005334232             2.4015490534256495e+23                0.001825   1858163.5145362045   4.946136160548074e-13   5.448436975762917e-13   4.989200557058242e-13  1.4629372170705008e+32   8.001188568992096e+29    8.001188568953095e+29      3.900080281406607e+18  1.4629372170456642e+32  2.4836680366786593e+21   780303.4411322386       780303.4411306836    1.5548344616016309e-06    1077860.073403965       1077860.0734005305      3.434366095456612e-06  1.7050101270025294e+47   1.705010126999192e+47    3.337574450306391e+35  0.0017547329150063504  0.0020442814654010786   0.004251205964008697   0.005604988058371688   0.011795631655415294   0.02399868583525696   0.03624741750798911  0.0014253477390685605  0.009271263641966395   0.02147964426247039  0.030092929467352973  0.038506189585190635 
 T17-0018         4791.640199841375            2436.6010941774166       0.007539511523841453           0.007353453884489788     694833.3078933876        185805.56654918127   0.014183137061731741   0.0012622007441047715   0.017370142570769583   0.0018586503896024736    0.02539309556469993   0.0016535420039355923    0.02825415681571189   0.0013796193971455043   0.04291951876719638   0.0009609801149851841   0.06229785897191013   0.0017886814526058504   0.08535868047083116    0.004537898941318474    0.03617821754505343   0.0009665033459326079   0.07443464554736126   0.0023783339375393346  0.058807371759371646   0.0014762661795502125   0.011037482138285898    0.000862479623007308   0.08964869214464823    0.005858299599174702   4.318589091641317      0.39259900833102884        5000.0                20.0             5000.0               0.0                50.0             5000.0       1904.8937323785708               1.0                      0.02                                   10.0  13728.314005334232             2.4015490534256495e+23                0.001825     935953.478444135   0.0002606452668230933  0.00026062745584136334  0.00026064507112944846  3.6964212890275355e+32   6.316839838889134e+29    6.297088177317545e+29      1.975166157158853e+27  3.6815199071435436e+32   1.490138188399128e+30   393847.1263502746       392844.1119875543        1003.0143627203436    542106.3520938593        540502.9157452852         1603.4363485741403  1.4039069597275692e+47  1.4000106854917864e+47    3.896274235782669e+44   0.013969382491944883   0.017263005168464483   0.026135112758524207    0.02968641612549622   0.043792030179957024  0.062378943224390346    0.0841305227018316   0.010759167313171569  0.037378587101860206  0.059454286274370195   0.07353485089983469   0.08921990052227885 
 T17-0022        10328.881342291925            1285.3764438698358        0.02969253048741541          0.0017263505924091822     691812.6240512518         77033.37119044615  0.0013904617979592076   8.397094472696023e-05  0.0015964658352970967   8.089712452108249e-05  0.0032472304931986844  0.00010177037256734873   0.004222532091576393   8.544729744173233e-05  0.008687364709382075  2.7280150953637712e-05  0.017238440114888877  0.00032469197721214876  0.025833292661842686   0.0006340226003226416   0.006846906453844892   3.131080150143916e-05  0.021529276792821954  0.00046851908801129674  0.015488775343049863   0.0002455299632419296  0.0011311429117317304   7.066913380780565e-05  0.027421621483641485   0.0006887611099513242   8.804893274039152       0.8004448430944684       13000.0                20.0            13000.0               0.0                50.0              500.0       11997.810659104722               1.0                      0.03                                   10.0  13728.314005334232             2.4015490534256495e+23                0.001825    1362531.850047235   3.626843386330943e-13  3.9951645021428306e-13   3.658421130371845e-13  1.0727250520660169e+32  5.8670155657462065e+29    5.867015565717608e+29      2.859804080527353e+18  1.0727250520478049e+32  1.8211943020330043e+21   572171.5462212717       572171.5462201316     1.140110361069082e-06    790360.3038259625        790360.3038234441      2.518310769302764e-06  1.2502293713768662e+47   1.250229371374419e+47   2.4473365529305496e+35  0.0012866895008532878   0.001499006188250035  0.0031172733087046892   0.004109958401896625   0.008649359271237366  0.017597468443446788  0.026579071459662252  0.0010451618905876917  0.006798320978505043   0.01575033585922345  0.022066182302975416  0.028235356750546677 
 T17-0024         6032.870059252249             2383.701404500396       0.017225222139740336           0.010004776079128365    1178665.6547048818        243310.51956410284   0.010678460980786834   0.0007821886718013318   0.012248846995116438   0.0011068473063093256    0.02032375774729535   0.0012173662715363744    0.02399196778368108   0.0013011604655406878   0.04086513567172628   0.0006579245765542273   0.06707999358825123   0.0015278559300790859   0.09434687641346623   0.0030971753870119834   0.033407185779272965   0.0008802573929922749   0.08119871807904938   0.0022707907429083836  0.062156699416792666   0.0011234054506342919    0.00852330632747046   0.0005943786555692815   0.09936631590162932   0.0032224307159812696   9.022199979320693        0.820199998120063       10000.0                20.0            10000.0               0.0                50.0             5000.0        4440.586522772986               1.0                      0.03                                   10.0  13728.314005334232             2.4015490534256495e+23                0.001825   1818821.4342505543   0.0001657838203832399  0.00016660433982853984   0.0001658584156095392   3.949291188728626e+32  1.0003910709750561e+30    9.990945483582032e+29     1.2965226168528914e+27   3.941034610530325e+32    8.25657819830089e+29   687537.0340590824       687020.1528926769         516.8811664055681   1131284.4001914684       1130142.6972017786         1141.7029896898246  1.0992167464927113e+47  1.0981072204193936e+47   1.1095260733176306e+44   0.010701564930365096   0.012661757068623365    0.02091938791934388   0.025050276784303573   0.041655129614901296   0.06737886154959165   0.09306538748322722     0.0083351455103101   0.03431501268872957   0.06275157425472581    0.0805795992177022   0.09836380022582111 
 T17-0474         7774.232418261665            2042.6269983921673       0.024779926262997715           0.005625731393112287     786550.3984012145         144017.2521580377  0.0030341531075399938  0.00025070389536118923  0.0034114125173115312   0.0002883370726440003   0.006419680732233502  0.00031687060870696273    0.00800181806011574   0.0002962490471632793  0.015309108098633605  0.00012780748924963488  0.028174518775772962   0.0006845770526044261  0.041280719658207635    0.001419202202422282   0.012201555337042994  0.00015444443105637636   0.03479925474269596   0.0010147025682479655  0.025606543148213905   0.0005096791051559233   0.002472313885394487  0.00019195404353898685   0.04365530500976553    0.001563838540809784  11.687816532756564       1.0625287757051423       12000.0                20.0            12000.0               0.0                50.0             2000.0        8118.742419634408               1.0                      0.03                                   10.0  13728.314005334232             2.4015490534256495e+23                0.001825   1459173.1967478148  1.1047029524613119e-05  1.1277921709557603e-05  1.1067768618640256e-05  1.7128361288622677e+32   7.107193908476584e+29    7.106328736077618e+29      8.651723989660777e+25  1.7122851655798518e+32   5.509632824157289e+28   591322.1908497111        591287.699255588          34.4915941231305    867851.0058981032        867774.8198060398          76.18609206327207  1.1731851934839733e+47  1.1731111545646294e+47    7.403891934393798e+42   0.002976866032366616   0.003420532174956683    0.00639622422042988   0.008050599131292078   0.015379483364931749  0.028501136698804094   0.04170819068802601   0.002385334968947795  0.012277203623861012  0.025896762998327355   0.03514655182704599   0.04421628025491744 
 T17-0303         9347.987331969263            1696.4236345935274        0.02768155643323255           0.004227480219928192    1026257.2348657597         162350.1676853898  0.0026074987463517866  0.00020462703503855323   0.002956168956827496   0.0002050181883842836   0.005859501204002854  0.00024866785529448145  0.0074932226075600464  0.00020586971090521977  0.015028959622008627   6.717113798582344e-05  0.029020345343336904   0.0007431804473660953   0.04317174326038985   0.0014245024048923072   0.011887381798023799   7.688010632163628e-05  0.036112312543883356   0.0010543546771269632  0.026179796519350533   0.0005691968216870486   0.002131156673491117  0.00017480294524202598   0.04576973226948107   0.0015714959882126378  18.683951252405606        1.698541022945964       10000.0                20.0            10000.0               0.0                50.0              500.0        8996.839786289756               1.0                      0.03                                   10.0  13728.314005334232             2.4015490534256495e+23                0.001825   1858272.7211996908  1.5349884989679723e-10  1.6888682763374136e-10   1.548191679120308e-10   1.788855038748613e+32   9.469664469263495e+29    9.469664457161213e+29     1.2102283262661815e+21  1.7888550310415785e+32   7.707034712491483e+23   764227.7177168793       764227.7172344009     0.0004824784548810528   1094045.0034828114        1094045.002417098      0.0010657132242392552  1.8353001814913723e+47   1.835300180455694e+47   1.0356779474617075e+38    0.00249894187680154  0.0028446855197414725   0.005732744387449065   0.007406006410962485   0.015062757963565938  0.029463217479239502   0.04394283299794386   0.002033977143299598  0.011886155183601959    0.0265356678141626   0.03670125951405569    0.0466490468366113 
 T17-0333          7848.78603022178             2339.972071756308        0.01713081537543671           0.008228608456342826     882273.4435857483        156163.90741321162   0.004800636159436689   0.0004144426896107344   0.005344047067003898   0.0004716444272648432   0.009571468682492666   0.0005027184136085817   0.011588564482974802   0.0004584205105774024  0.021302289854589956  0.00019518724254513674    0.0375174433609759   0.0008745846972195039   0.05413736197577272   0.0018533912218109084    0.01710165703118815   0.0002595501868247016   0.04605014611218376   0.0013016518754467184   0.03432550272073237   0.0006410568739586329   0.003911515556713735   0.0003314671243860933   0.05700796100828502   0.0020564730316993294   9.901447421805312       0.9001315838004829       13000.0                20.0            13000.0               0.0                50.0              500.0       11997.696528070583               1.0                     0.008                                   10.0  13728.314005334232             2.4015490534256495e+23                0.001825    2085991.279375664   5.552577486746731e-13   6.116464955187837e-13   5.600921970355973e-13   2.148999399639086e+32   9.676384186492121e+29    9.676384186440936e+29      5.118512427217093e+18   2.148999399598846e+32   4.023967606869129e+21   1042127.943777581      1042127.9437753886     2.192312877636735e-06   1043863.3355980832       1043863.3355946747     3.4086090927192383e-06  2.1194717479885824e+47   2.119471747974383e+47   1.4199057644234292e+36   0.004766467989503056   0.005168434835758492   0.009429695240685213   0.011305749136331167   0.021236442306869347   0.03779666001182745   0.05464838400607636   0.003930309885064338  0.016963065837286087  0.034493939484605385   0.04654832536912963  0.057286198645034626 
 T17-0305         11454.27456199073             716.5374969281387       0.029984260749924985          0.0003964149070295875    1995064.6622347347         104518.3878966808   0.003452097798160267  0.00010260893738828696   0.004002795085451463   9.427055645094923e-05   0.008273593434363041  0.00012651357709349742   0.010864413186249406  0.00010702082866526876  0.022715855283098746  3.0001421565492458e-05  0.045879816109819754   0.0004018195416284763   0.06912727184123142   0.0008226135417188971    0.01786797151923403  3.9842051706460744e-05   0.05745998404497391   0.0005947778028254599   0.04111064496775038  0.00029796888467497023  0.0028047051512320514   8.525253998282982e-05   0.07341270997486961   0.0008988014568799691  111.37934166859998       10.125394697145452       13000.0                20.0            13000.0               0.0                50.0              500.0       11997.810659104722               1.0                      0.03                                   10.0  13728.314005334232             2.4015490534256495e+23                0.001825    3574617.705795446   9.515064608930983e-13  1.0481359218450656e-12   9.597909177264391e-13   2.814306296350131e+32  1.5392181636537028e+30      1.5392181636462e+30       7.50272832228087e+18  2.8143062963023512e+32    4.77792383166329e+21  1501098.5172963194      1501098.5172933282    2.9910924160026754e-06   2073519.1884991245       2073519.1884925177      6.606816761261719e-06  3.2799908839373746e+47   3.279990883930954e+47    6.420615102570013e+35   0.003375644445633927    0.00393265967428927    0.00817820175191724   0.010782522311675223    0.02269169178957486   0.04616715732035241   0.06973049432937467   0.002741994030736153   0.01783547191106196   0.04132118411224902  0.057890878629216325   0.07407577750674683 
 T17-0328         7324.704597403754            2445.7425821344987       0.013907980153653698           0.008951452203770385    1298925.1934744273         252484.4336190816   0.009525932105010454   0.0007982114805840421   0.010684756682636872   0.0010152101612440159   0.018230017626409693    0.001070991508992204    0.02163671092643512   0.0010793337918540082  0.038159947546677876   0.0005109063392530568   0.06449175636154464   0.0014469946827713877   0.09168494719160675   0.0030580712650795324   0.030911903730837718   0.0006898110030685638     0.078593340475017    0.002188949505673699   0.05941766922180853   0.0010352870946483171   0.007707048338537427   0.0006216199278028921   0.09640495538229342    0.003274036446143646  11.398839671622849       1.0362581519657135        9000.0                20.0             9000.0               0.0                50.0              500.0        7995.659357666079               1.0                     0.008                                   10.0  13728.314005334232             2.4015490534256495e+23                0.001825   2738734.7951056473   1.504431464324138e-09  1.6543018997636877e-09  1.5172956113399331e-09   3.688700696289174e+32  1.5438062177284743e+30   1.5438062038623707e+30     1.3866103622778743e+22   3.688700587279471e+32  1.0900970273093339e+25  1336695.4722979504      1336695.4663589518      0.005938998481906767   1402039.3228076943       1402039.3135737365       0.009233957631492564   3.690997817293147e+47   3.690997778827751e+47     3.84653954523672e+39   0.009372308750878246   0.010232685562847203   0.017773322380391848   0.021028444683098533   0.037926796536518335   0.06496083705719949    0.0926896142408417  0.0077033106322773656  0.030533110325832804  0.059680411077645386   0.07944774488219165   0.09720072940242627 
 T17-0171         6406.310101546997             2400.766148423248         0.0149824545755946              0.009692747991379     3407142.994986481         693025.5778367755    0.03051096550491139   0.0022198649014490016    0.03478002292733705   0.0030715781177855215    0.05770553093118708   0.0033084900750642685    0.06793796413495094   0.0034631363767596065   0.11621279459480512   0.0016171116342655939    0.1911531848887594     0.00434363885993754    0.2694080671258665     0.00852452433264617    0.09487016527562286   0.0022591549766932634    0.2317616826925612    0.006336424653242499    0.1769931878166099   0.0031920744244909485   0.024454017367612376   0.0017142696881938743    0.2835221714358053    0.008894406912454881  3.7598059732808053      0.34180054302552776       12000.0                20.0            12000.0               0.0                50.0             2000.0         8111.92859830433               1.0                     0.008                                   10.0  13728.314005334232             2.4015490534256495e+23                0.001825    7125417.119576448   5.394472258028246e-05   5.507221253901158e-05   5.404599547643682e-05  1.0987577313607827e+33  3.8157544624454037e+30   3.8152605525124466e+30      4.939099329567676e+26  1.0983694393327393e+33   3.882920280432957e+29   3461706.356334669      3461494.8094991753          211.546835493869    3663710.763241785        3663381.850122515          328.9131192704992   8.953548811352273e+47   8.952178675847312e+47   1.3701355049607646e+44   0.030398221177759168   0.034535333097046775    0.05737913430578327    0.06682207523087379    0.11529093058818442   0.19096040855960905    0.2726897453940744   0.024649238122113584   0.09391442694074151   0.17635851297877955   0.23341562182792186    0.2867417223390189 
 T17-0125        11194.775772453293             870.5153723206645       0.029985574570659004         0.00037953425055570856    1598953.6608678428        109276.26234872086  0.0028504467062580438   9.317600136194619e-05  0.0032981649673541613   8.436594792588436e-05    0.00679608725383752  0.00010281084239041354   0.008907276209181273   7.718380287614824e-05  0.018564472858827036  4.5177589998244045e-05   0.03736231760321061   0.0005305888427418333  0.056229160819248086   0.0010122932310053818   0.014608023792984898   1.996566025456271e-05   0.04676492712533142   0.0007556165511701347   0.03349714385245309  0.00041336656961847877   0.002316122952574783   7.713412991127825e-05   0.05970891714106845   0.0010951460442342445  15.412862428747891       1.4011693117043538       13000.0                20.0            13000.0               0.0                50.0              500.0       11997.810659104722               1.0                      0.03                                   10.0  13728.314005334232             2.4015490534256495e+23                0.001825    2928633.148391426   7.795556312951355e-13   8.587227662859114e-13   7.863429682624437e-13  2.3057208875385516e+32  1.2610594216478063e+30   1.2610594216416595e+30      6.146877981492411e+18  2.3057208874994067e+32   3.914484642990579e+21  1229828.5407213802      1229828.5407189296      2.45055922629308e-06   1698804.6076700443       1698804.6076646312      5.412870456331359e-06   2.687249608132047e+47  2.6872496081267868e+47    5.260318101139394e+35   0.002765617202823936  0.0032219718110815102   0.006700283699167755   0.008833966276742107   0.018590978459119552   0.03782409153185206  0.057129196449633726  0.0022464764828098913  0.014612346985037076  0.033853855008248696   0.04742916868233337  0.060689224793858555 
 T17-0179         4907.196966385682            2222.3321839420078        0.02092986394606345           0.009828514064153656      2185877.89413701         454829.1348540518    0.02363337511217398   0.0015620654550323363    0.02761636565742914   0.0023074092702412763     0.0449641530277527   0.0026534259853866924   0.052930019177858924    0.002904529866742651   0.08756162900577658   0.0017167206749219828   0.14009721774866887    0.002963961417417912    0.1946839984745405    0.005951980171594789    0.07216524671194853   0.0021171748885271163   0.16833495017899236    0.004301567924177603   0.13051855458235823    0.002283580163032529   0.018633162767002068    0.001160295403692877   0.20531060080987207     0.00615967809075626   8.114989077565475       0.7377262797786796        8000.0                20.0             8000.0               0.0                50.0             5000.0       3346.6961583906386               1.0                      0.03                                   10.0  13728.314005334232             2.4015490534256495e+23                0.001825   3146836.7468423373   0.0004280144029555069   0.0004295959207989389    0.000428158766586591   8.182413492316315e+32  1.8264922976022129e+30    1.823145361467298e+30       3.34693613491522e+27    8.16109937132572e+32   2.131412099059583e+30  1155300.5753594972      1153966.2613793067        1334.3139801904522   1991536.1714828392       1988588.8977971636         2947.2736856754586  1.8372051582077868e+47  1.8343409483134533e+47   2.8642098943336225e+44   0.024095091314397157   0.028679236646931634    0.04647672507531933    0.05519495654648426    0.08939186697942297   0.14044528542557477   0.19124034674571536   0.018675737734516324   0.07413565032671485   0.13154687531737366   0.16671236245331011     0.201973184615773 
 T17-0446        10593.827105990058            1177.6118244367603       0.029448833246406247          0.0022821338208797223     3751828.265772382        387536.07978593896   0.007365557637615318  0.00043418362351597864   0.008463624321995563  0.00040475830494819806    0.01726667492960173   0.0005341073590873126   0.022474308050653716  0.00043134498905540725  0.046358760007079725  0.00013831320697291834   0.09224094411103723   0.0016138761585052762   0.13837110012330336   0.0031205722594046703    0.03652665778281787   0.0001645324051824515   0.11526567373147374     0.00230517676717949   0.08283989447349507   0.0012228584183801927   0.005997312933014552   0.0003811679953506485   0.14687329840153043    0.003425296555275506  58.276345261405375        5.297849569218671       13000.0                20.0            13000.0               0.0                50.0              500.0       11997.810659104722               1.0                      0.03                                   10.0  13728.314005334232             2.4015490534256495e+23                0.001825      7272069.6882375  1.9357094553648468e-12  2.1322888470128724e-12   1.952563047099587e-12   5.725320354655813e+32   3.131328346900771e+30    3.131328346885508e+30     1.5263272243933174e+19   5.725320354558612e+32   9.720031043491524e+21  3053779.1521008825      3053779.1520947977     6.084967479981154e-06    4218290.536136613        4218290.536123172      1.344066299101472e-05   6.672691808722673e+47   6.672691808709611e+47    1.306186124226375e+36  0.0068672858671188185   0.008000456990180167   0.016637430337791605   0.021935563497699786     0.0461631362062184   0.09392075264359435   0.14185713155740742   0.005578210963347583  0.036283822588794354   0.08406228447243147   0.11777105647477333   0.15069701449922393 
 T17-0387         9126.320836298084            1694.6890862734103        0.02798189262669645           0.004016244392849573      1411810.26947902        218592.66556001204  0.0036711222297206116   0.0002843867458314015  0.0041623403284734295  0.00029228093040293684   0.008223575289933362  0.00035230606641160943    0.01050893264442352   0.0003048796722662546  0.021021203493107703  0.00011664975795744612   0.04048544300127842   0.0009489393608677819  0.060167271460347574   0.0018530363068001504   0.016632907126479687  0.00013480523342306735  0.050350388031119526   0.0013619185674039495  0.036539623282080894   0.0007182201782462062  0.0029967138249868967  0.00023814828673694304   0.06379250797843652    0.002041537473132385    8.55802779625331        0.778002526932119       11000.0                20.0            11000.0               0.0                50.0             1000.0        8987.443679828664               1.0                      0.03                                   10.0  13728.314005334232             2.4015490534256495e+23                0.001825     2527745.45680808   4.649097566063301e-07    4.86469034074388e-07   4.668170746100407e-07  2.4845805527752487e+32  1.2452292349879039e+30   1.2452255858580544e+30      3.649129849340075e+24  2.4845573142095925e+32   2.323856565646696e+27  1038246.7610315486      1038245.3062428173        1.4547887313147307   1489498.6957765352       1489495.4823945204          3.213382014785677  2.3094626429947665e+47  2.3094595201763443e+47   3.1228184222441865e+41  0.0035503360792796495   0.004042094522796968    0.00808003420620187   0.010413510175204515    0.02105824921437874   0.04098849510927418   0.06104179659081445  0.0028861808131799387  0.016631065559470002   0.03694324578996341   0.05102041789030478   0.06478151965021743 
 T17-0503        11983.054731015132            121.51456006185138       0.029999999994912995         2.2554374309517005e-07    1277369.1145634656        63868.455728173285  0.0020826793736083097  2.6297720303782563e-06  0.0024260446961615408   6.106854061000715e-07   0.005044371737726963   4.877953024730002e-06   0.006650064713077638  1.1949923965014137e-05  0.013992742668888681  4.3706116225325186e-05   0.02846362839548412   0.0001316185114789792   0.04298850640091284   0.0002211770657370315   0.010998374379727565   3.268697336401605e-05   0.03569059120811116  0.00017420224869740567  0.025476636388754186  0.00011188610419949305   0.001691735277147641   2.145097920979303e-06  0.045666908516275764  0.00023851669884304867  340.11739320192663       30.919763018356967       13000.0                20.0            13000.0               0.0                50.0              500.0       11997.810659104722               1.0                      0.03                                   10.0  13728.314005334232             2.4015490534256495e+23                0.001825   2205102.2393043838   5.869631944770615e-13   6.465717619561798e-13   5.920736918275903e-13  1.7360830239577016e+32   9.495094857130961e+29    9.495094857084679e+29      4.628266401056287e+18  1.7360830239282275e+32   2.947395052440163e+21    925994.322844665       925994.3228428198    1.8451384532115026e-06   1279107.9164597176       1279107.9164556419      4.075598465064402e-06  2.0233534991286014e+47  2.0233534991246407e+47    3.960734798978491e+35   0.002082360056040279   0.002425970374436891   0.005044950951649459   0.006651498440316041   0.013998000484827165   0.02847949357615935   0.04301519263002964  0.0016914751939858326  0.011002306340722783  0.025490120375362777  0.035711596765611774  0.045695701275555646 
 T17-0425         7521.032852538688            2534.7260534345082       0.011803980054849943           0.008937125525881188     769224.1869219022        147606.89172513288   0.006104092703185961   0.0004819240560357735   0.006824443799661118   0.0005989724375988399     0.0114755585808998   0.0006169482859023326   0.013523640720198495   0.0006213573810268133  0.023623257437791513   0.0002798552235169217  0.039437468346526144   0.0009272913080942236   0.05576879355786056   0.0018840034752226466    0.01917254110904707   0.0003871979816208173   0.04795458139580862   0.0013638164396000865   0.03640697951659351   0.0006834833564183325  0.0049372054875280345  0.00037794533925659637   0.05857069244139305    0.002032280076154221  15.544448253318043       1.4131316593925494       13000.0                20.0            13000.0               0.0                50.0              500.0       11998.259463115717               1.0                     0.004                                   10.0  13728.314005334232             2.4015490534256495e+23                0.001825   1873391.8436190619   4.986671553990155e-13   5.493088907955674e-13   5.030088878967964e-13  2.1685165611024137e+32   9.225354825660254e+29    9.225354825602063e+29      5.819189126036583e+18   2.168516561059644e+32  4.2769834401483614e+21   941612.9020985585       941612.9020965585     2.000013639166453e-06    931778.9415205033        931778.9415174732      3.030075239801512e-06   1.995953085655812e+47   1.995953085644217e+47    1.159513098078081e+36   0.006227437114882517   0.006694594857630649   0.011342175300125278   0.013256468258717789   0.023650004010642045   0.03966013504471184  0.055373244550519826  0.0051160998595455994   0.01908311673485658   0.03657929985296825   0.04806025452284882   0.05773806426425929 
 T17-0455         7322.288006279765            2371.0959975513197       0.010655601284596078           0.007718878315315277     537108.2206989715         116003.7905352773   0.004502064164561788  0.00039598091363121434    0.00505335539521898   0.0005173849336004458   0.008424625180502118   0.0005270402773829588   0.009883613679730393   0.0004963086723564745    0.0171447758964375   0.0001884221185224565  0.028447221467186555   0.0007771244105404354  0.040274428060543335    0.001463337752150051   0.013937845516801082  0.00028739628018949334  0.034612910406239435   0.0011008213793737582  0.026281158422450775   0.0005695677252576079  0.0036406416000117864   0.0003014442759662695  0.042307948581817016   0.0015523958859821711   17.72087497284689       1.6109886338951718        7000.0                20.0             7000.0               0.0                50.0              500.0        5994.064452948266               1.0                     0.008                                   10.0  13728.314005334232             2.4015490534256495e+23                0.001825    941234.1209303194  2.1955587184781093e-08   2.410333845000376e-08  2.2140148482109878e-08  1.6312470414845225e+32   3.946123270066279e+29   3.9461212467453735e+29     2.0233209058420172e+23  1.6312454508313986e+32   1.590653124160924e+26    450203.014429398       450202.9277684288        0.0866609691886745    491031.1065009211       491030.97176040546        0.13474051563242428   1.326730616157874e+47   1.326730054876631e+47    5.612812430047199e+40   0.004438022525027408   0.004907665946567687   0.008246387232050734    0.00969570921908414    0.01707278899979916   0.02862775396298652  0.040719538850601034   0.003645069885372791  0.013801030683940787  0.026390630898191738   0.03494332049565395  0.042764830646826554 
 T17-0436        11690.013318393672             559.0240736047868        0.02998987517022544           0.000318037367583816     813197.4711230658        40659.873556153296  0.0013697926904305754  2.3979537899064495e-05  0.0015915554362287833  2.0077832518356222e-05  0.0032984631817530195   2.049635144433472e-05   0.004338978707595696   8.490481764274795e-06  0.009098086942035363   4.417823995838463e-05    0.0184348148361539  0.00022903054967401103   0.02780550683228384  0.00041390176980828666   0.007154040761268826  2.9009834486748267e-05  0.023100268354328112   0.0003156061806789443  0.016510257710040322  0.00018583807473080208  0.0011127825688719052  2.0040623465953673e-05   0.02953291492413119   0.0004484899102510348  206.67492370174557       18.788629427431417       13000.0                20.0            13000.0               0.0                50.0              500.0       11997.810659104722               1.0                      0.03                                   10.0  13728.314005334232             2.4015490534256495e+23                0.001825   1436865.5427346118  3.8247078705229444e-13  4.2131229523086066e-13  3.8580083561799165e-13  1.1312481716213956e+32   6.187093905229511e+29   6.1870939051993534e+29       3.01582230326516e+18  1.1312481716021899e+32  1.9205505831846195e+21   603386.6872690195       603386.6872678172    1.2023097241199092e-06    833478.8554655914        833478.8554629356      2.655698632060008e-06   1.318436339072659e+47   1.318436339070078e+47   2.5808523773289426e+35   0.001356885571453169  0.0015807853153434613  0.0032873379102358637    0.00433417949793478   0.009121229939059615  0.018557508248245216  0.028029107676965998  0.0011021812863403926  0.007169207209449899  0.016609604305272547  0.023270015309914776   0.02977575254499422 
 T17-2075         9662.977300787312             1565.996655670797       0.028610321516907004          0.0034602076874930303     976214.9807126501         142504.2638432507  0.0022653563679865315  0.00017676849143210402   0.002580128465736751   0.0001752476545591272    0.00516470334471656  0.00021873319274346405   0.006647825623785368  0.00018450595246887955  0.013464076780596218   6.501617445135634e-05   0.02627224215815121   0.0006018093595983354   0.03919241726753565   0.0011722796464057035   0.010634556803266377   7.778357500707228e-05   0.03273679560307981   0.0008633993035273619   0.02366445196921306   0.0004540576754504173  0.0018479649943290437     0.00015085796113122  0.041574103765597115     0.00128872983453557   11.66238178625365       1.0602165260230592       12000.0                20.0            12000.0               0.0                50.0             1000.0         9988.25659495241               1.0                      0.03                                   10.0  13728.314005334232             2.4015490534256495e+23                0.001825   1783041.6666188918  1.3159573065665987e-07  1.3775098085937785e-07   1.321401249427005e-07  1.6149930474910033e+32   8.463126739019858e+29    8.463116409567478e+29     1.0329452379751577e+24  1.6149864694390503e+32   6.578051953005074e+26   738414.3811130096       738413.9693115243       0.41180148537143185    1044627.285505881       1044626.3759061168         0.9095997640555733  1.6924715725547802e+47   1.692470688590506e+47    8.839642740862122e+40   0.002176601788710612  0.0024942189369383696   0.005057533595815986   0.006566747673835316   0.013464639804950777  0.026610245226429498   0.03981291109200717  0.0017690082174963043  0.010615692743090896   0.02392582964492796  0.033205850401010296   0.04225638891095704 
 T17-1140         5796.114439117457             2441.973313270786       0.014034527991061321           0.009894126498638257     766919.2174149167        178444.96699181473   0.008469025877024933    0.000629702073298489    0.00978412954541625   0.0009497986027836299   0.015769124050035572   0.0010452076697540888   0.018346722315003307   0.0010809065644119278   0.03043300506424467   0.0005474618697779636   0.04858260245439253   0.0012086109425199648   0.06795158842050622   0.0020992979270072192    0.02504361895519845   0.0007369211598632908   0.05865645496362786   0.0016349801974891332  0.045217662603226585   0.0009179382392803247   0.006738259764892652  0.00046846090679383135   0.07153207657168728    0.002131621175588392   6.908020836526156       0.6280018942296506        8000.0                20.0             8000.0               0.0                50.0             5000.0       3346.6961583906386               1.0                      0.03                                   10.0  13728.314005334232             2.4015490534256495e+23                0.001825   1099543.6306619241   0.0001495535194425111   0.0001501061213127126   0.0001496039618784643  2.8590363475151572e+32   6.381989705366171e+29    6.370295097080339e+29     1.1694608285831895e+27  2.8515889303582666e+32   7.447417156890549e+29    403676.291886214      403210.06609941594         466.2257867980461    695867.3387757097        694837.5249437231          1029.813831986597   6.419421763628639e+46   6.409413860456181e+46   1.0007903172458996e+44   0.008419122539975293   0.010020879544838884    0.01623954184527421   0.019285799613293093    0.03123462253605336   0.04907331757872209   0.06682173945020493  0.0065255334565752126  0.025903911985111626   0.04596410316926534   0.05825135875640113   0.07057192557943162 
 T17-1114         6505.814723123354            2393.2855546836017        0.01765841878956595            0.00955506509896997    503266.72416422295        104764.54094547204   0.003864500735408811   0.0003267369557008847   0.004394284285666029   0.0004458286808284093   0.007462357580050544  0.00048511724155418824   0.008885981634737208    0.000508177128621709  0.015502595973004678   0.0002587221033031522   0.02604314648591262   0.0006354280349072572   0.03692332272517404   0.0013481580012547887   0.012598170759153364   0.0003394029578764363    0.0316603548397667   0.0009693151128580388  0.024031514686022805   0.0004586127454064384  0.0031015754054260873   0.0002450577587068273   0.03888750593775994    0.001421411318647874  2.9769735840775526       0.2706339621888684       12000.0                20.0            12000.0               0.0                50.0             5000.0        5642.981541613425               1.0                      0.03                                   10.0  13728.314005334232             2.4015490534256495e+23                0.001825    841273.4341411323   5.297936950719685e-05    5.32858823954215e-05   5.300718704780646e-05   1.544994499036837e+32  4.4536532013865104e+29   4.4495096059825225e+29      4.143595403987451e+26  1.5423557545189677e+32     2.6387445178694e+29  325709.93876652035       325544.7471688046        165.19159771578407   515563.49537461187        515198.6151018496         364.88027276228064    5.67809151343569e+46   5.674545545877358e+46    3.545967558331318e+43   0.003865391673459659   0.004553861836563826   0.007667415781237879   0.009256990592358773   0.015777444517319827  0.026220142646230998   0.03666744788146784  0.0030234616797057265  0.012921655051165699  0.024294581977854335   0.03156187411558345   0.03878066789658461 
 T17-1435         3802.268637165448            1641.5486450751175       0.016763337247825874           0.009771753189488131    2527538.1345069753        460716.07531535375    0.04220821195335421   0.0020004867463498167    0.05069119934081897   0.0031793074667794594    0.07855623541369428   0.0032534363887001577     0.0900969235195475    0.003261135821043218    0.1408130116332459   0.0021980972675994465   0.21277568192476243    0.006441371639050245   0.29377276172331923    0.008884457356234955     0.1179130565261708    0.002382925705537841    0.2546696612487016    0.007255609482086495      0.20012225918311    0.005580581456918149    0.03300422090223556   0.0016171356337111868    0.3102558535189434    0.009072156854513808   6.262175380283854       0.5692886709348959        5000.0                20.0             5000.0               0.0                50.0             5000.0       1910.4839034524405               1.0                      0.03                                   10.0  13728.314005334232             2.4015490534256495e+23                0.001825   3534582.7522060303   0.0009843141628027327   0.0009842469004972094   0.0009843134237752086  1.2406488861852137e+33     2.4876904887477e+30   2.4799960669041872e+30      7.694421843512796e+27  1.2357488871558187e+33   4.899999029394966e+30  1222286.0115318273      1219218.4971779743          3067.51435385306   2312296.7406742037       2305521.1207903046          6775.619883899025  2.3824583617798275e+47   2.375873700977531e+47   6.5846608022965314e+44    0.04220825472043295     0.0509153010709884    0.07993521580841124    0.09360148644605523    0.14455020819227735    0.2152439974650011    0.2847973189284796    0.03243668724746218     0.121496398530622     0.203839761600211   0.25168275327908946   0.30040753616226706 
 T17-2059          6098.86930603772            2422.3114767076286       0.011713398617742076           0.009036566907681981    483939.22704145557        117183.24658675981    0.00538098461441819   0.0004238707251246725   0.006195620604120017   0.0006457574969134019   0.009943473946192435   0.0006951717044016705   0.011520114088146974   0.0006893394358735843    0.0191225381571269  0.00031466707949938605  0.030495553145928892   0.0008232221466223808   0.04275207116716226   0.0013511494639596945   0.015728377791168747  0.00044811323410571234   0.03688200012905073   0.0010873255597978345  0.028374214786319494    0.000617787111631434   0.004292947943318285  0.00031135966398625404   0.04497705177120262   0.0013647077843644234   6.475946657795987       0.5887224234359988        9000.0                20.0             9000.0               0.0                50.0              500.0        7995.588695695553               1.0                     0.004                                   10.0  13728.314005334232             2.4015490534256495e+23                0.001825   1091693.7331731608   5.996850825155664e-10   6.594253010462832e-10   6.048128914238474e-10  1.7014779820771805e+32   7.150725022333638e+29    7.150724952364286e+29      6.996935214756099e+21  1.7014779306511564e+32   5.142602413694881e+24   537763.2380007314       537763.2355959349       0.00240479653759036    553930.4951724289        553930.4915290965      0.0036433323766481133  1.5767159259477128e+47  1.5767159120058425e+47   1.3941870339999086e+39   0.005435935201716315   0.005948847008926999   0.009601591933860312   0.011084455303391895    0.01899513624205307   0.03070795504329311   0.04284575993246717   0.004389128361919263  0.015458914899807032  0.028484129272612384   0.03716231331469412   0.04479136519566298 
 T17-1988          9432.89665419254            1597.4348652931187       0.028579185076016096          0.0034926893055147613      767977.725211289         113904.1144968207  0.0018446914342727036  0.00014439097157103808  0.0020981631327396553  0.00014493792265850416   0.004183533833915153  0.00017973005548412233   0.005374618713669955  0.00015454041423109975   0.01084558509382901  6.0817583430043214e-05     0.021080266204645  0.00047074823395992045   0.03140897502962672   0.0009241349747056604   0.008570450888114487   7.019508425043833e-05   0.02625051397535609   0.0006783765618373959    0.0189995811087279   0.0003534789952993985  0.0015045719829757322  0.00012209506706585766   0.03331492617100926   0.0010164547774058567   16.95401620050479       1.5412742000458899       10000.0                20.0            10000.0               0.0                50.0              500.0        8996.839786289756               1.0                      0.03                                   10.0  13728.314005334232             2.4015490534256495e+23                0.001825   1340670.4633386843    1.10743364989094e-10  1.2184518390247477e-10  1.1169592235327617e-10  1.2905883438339105e+32   6.831989355939687e+29    6.831989347208368e+29      8.731319964022254e+20  1.2905883382735891e+32   5.560321518518882e+23   551360.1511334096       551360.1507853204     0.0003480891724217499    789310.3122052746        789310.3114364045      0.0007688700511110119  1.3240966821582049e+47   1.324096681411004e+47     7.47200783745421e+37   0.001802887986035254  0.0020523283855463834   0.004135948930661652   0.005343141473908213   0.010867185676134308   0.02125654914841518   0.03170302055434253  0.0014674342727085282   0.00857539208078528   0.01914443755082805  0.026478510950780305   0.03365544708441478 
 T17-1341         5829.371982073919            2976.6825808739927       0.004747121401302893           0.006073251471275463     975345.6764844749         295830.8312989412   0.020099884810931553   0.0016988483922887958   0.024632699293225136    0.002312560348884869   0.034890158030708295   0.0019073124150813495     0.0384744673508272   0.0015247483683208068    0.0583458943329426   0.0015213111536693125    0.0833200440538121   0.0022786440060256086   0.11066858134112735    0.006548376556513195    0.04911076456682076    0.001179244943401985    0.0981874324890133    0.002718723422223245    0.0787857594237801    0.001975949185703048    0.01551879085395682   0.0011180258308764817   0.11520471988225484    0.008909232146409343   8.511511531349624       0.7737737755772386       13000.0                20.0            13000.0               0.0                50.0              500.0       11998.081079763588               1.0                    0.0004                                   10.0  13728.314005334232             2.4015490534256495e+23                0.001825    3289729.661963162   8.756737882416619e-13   9.646021241019746e-13   8.832979946942036e-13  4.3396973683275005e+32   1.824777866470024e+30   1.8247778664587982e+30     1.1225838924483422e+19   4.339697368234263e+32   9.323752834479149e+21   1676550.715794311      1676550.7157906804     3.630531417792116e-06   1613178.9461688497       1613178.9461636473       5.20244852914992e-06   3.994554385330844e+47  3.9945543853061264e+47   2.4717653762784144e+36   0.021535694242503782     0.0248307167643951    0.03398266440859272     0.0378835648012948    0.05965499092095672   0.08591886841652613    0.1052319893053565   0.016270898196044166   0.04941041074551657   0.08127590429678577   0.09776832276555346   0.10686535840766002 
 T17-1368          7498.85727112138            2347.1501017363585       0.017970262070761578            0.00845183425549833    519283.85043909773         99330.86955311056   0.002950377594387866   0.0002647577503146854  0.0033000565960544753   0.0003155918943546028   0.005868851443369005   0.0003356004159128869   0.007099359649643594   0.0003168098088961545  0.012957963456381212  0.00013298606475893007  0.022696921398423532    0.000581730065710029   0.03268499898402615   0.0012255961764783762   0.010419913083555624  0.00018202561618214867   0.02782298615986778   0.0008694648105665648  0.020787731157512878  0.00042606926187209557   0.002396195030440143  0.00020769039881411033   0.03443084849420669   0.0013423905065214972  10.094988723932612       0.9177262476302375       13000.0                20.0            13000.0               0.0                50.0              500.0       11997.696528070583               1.0                     0.008                                   10.0  13728.314005334232             2.4015490534256495e+23                0.001825   1265701.6426650258    3.36909675293735e-13  3.7112426200560966e-13   3.398430380993707e-13  1.3039326180804732e+32  5.8712687253259286e+29    5.871268725294871e+29     3.1057222775490396e+18  1.3039326180560572e+32    2.44159333761428e+21    632324.335843433       632324.3358421028     1.330213619728557e-06    633377.3068215929        633377.3068195247       2.06821676126515e-06   1.286016341263981e+47  1.2860163412553655e+47    8.615458157611127e+35  0.0028921148538214084  0.0031360133315536166    0.00572158708138897   0.006859906556127091   0.012885480480153519  0.022933602425480787  0.033158599505834024  0.0023847653280685893  0.010292555154551745  0.020929634893162234  0.028243786283060148  0.034759126964690225 
 T17-1929         7646.879858367139            2118.5015039874693       0.021934240946000317           0.006782837337471588    1774115.2182678722        304552.13668901403   0.007943265316161385   0.0006574109523478464   0.008886198976401917   0.0007396050586678878    0.01641491353856927   0.0008196062063429413     0.0202262919407242   0.0007536877164082403   0.03808065246842021   0.0003611535104590926   0.06885540015270225   0.0013866095662153752   0.10030243304908001    0.003015668172392152    0.03043542280725671   0.0004363532508606378    0.0848411228984979    0.002092964842863924   0.06274343178511267    0.001003079110065481   0.006475919661201618    0.000515487397821831   0.10588616105196669   0.0033725961196183134  10.779640551382794       0.9799673228529813        8000.0                20.0             8000.0               0.0                50.0              500.0         6994.98851466514               1.0                      0.02                                   10.0  13728.314005334232             2.4015490534256495e+23                0.001825   3232974.6431879094  1.1664223735282965e-08  1.2817036764726852e-08  1.1763224113308356e-08   4.057748937216334e+32  1.6228498845394175e+30   1.6228497953978041e+30      8.914161340937992e+22   4.057748264699129e+32   6.725172048710112e+25  1536797.5205434598      1536797.4752762208      0.045267239032833216   1696177.1226444494       1696177.0502794473        0.07236500210025033   2.669547785333147e+47  2.6695476094896263e+47   1.7584352101428425e+40   0.008001762394324088   0.008842069838147299   0.016457851957390416    0.02021829611119357    0.03813150413817471   0.06879796876902733   0.10021785927431831   0.006583272510270715  0.030453713921541083   0.06268546328237204   0.08481336868137582   0.10562289061424145 
 T17-1979         7000.690906789198            2415.9939998796294       0.014599769585992498           0.009365852103702903     2268082.494589949        424142.05644620606   0.017510169201195497   0.0012373031081201501    0.01972562774476512   0.0015989008436399375   0.033434171133145535   0.0016551861931492385    0.03963536701987819   0.0017205265347175272    0.0693811674955862   0.0007026773541935492   0.11650886026477059    0.002682775575332765   0.16522668559671522    0.005444452771452806    0.05630624365224238   0.0010395422537816633   0.14177213547866263    0.003981778365244859   0.10747541808497557   0.0019809443161598033    0.01412752677532043   0.0009843775597993044   0.17378690981660477    0.005775635912280939  11.773187453689264        1.070289768517206       10000.0                20.0            10000.0               0.0                50.0             1000.0        7984.946820462687               1.0                     0.008                                   10.0  13728.314005334232             2.4015490534256495e+23                0.001825    4782894.473202901  2.1744724926992637e-06    2.27426327887727e-06  2.1833038482534466e-06    6.68405051664315e+32  2.5981091796742246e+30   2.5980892271236644e+30     1.9952550560110566e+25    6.68389365775442e+32  1.5685888872981759e+28   2331595.952604034       2331587.406716111         8.545887922833641   2451298.5205988702       2451285.2334483108         13.287150559700825   6.265160999147897e+47   6.265105649586948e+47    5.534956094783614e+42   0.017250062181431134   0.018963235357586948      0.032635883854928    0.03852048163832833    0.06895583372385783   0.11744514637417071    0.1676267476069405    0.01415107756296938   0.05560870688221044   0.10798871502220041     0.143634306933886     0.175882159817449 
 T17-1842         9582.148420102394            1504.4095783819091        0.02901834401874533           0.002975632471121173    1006393.1190778045        140743.32307453404  0.0023155724611699695  0.00016881752930104218  0.0026397540499684896  0.00016863116761606787   0.005288417207553064  0.00020664946226960936  0.0068153225085781505   0.0001754819308620162  0.013816838345058357   6.227489587103927e-05   0.02698905455625806   0.0006102603460520081  0.040264845885259914   0.0011817467046655243   0.010911179271570726   7.079748935206071e-05   0.03362963335833116   0.0008742494583670117  0.024307621075132447   0.0004631649619631405  0.0018867527567639048  0.00014222528596051788   0.04271920425502719   0.0012921874657409415  13.894641929039084       1.2631492662762804       12000.0                20.0            12000.0               0.0                50.0             1000.0         9988.25659495241               1.0                      0.03                                   10.0  13728.314005334232             2.4015490534256495e+23                0.001825    1830611.666080985  1.3510659019165977e-07  1.4142605711141478e-07  1.3566550844333673e-07  1.6580796560872633e+32   8.688915592954055e+29    8.688904987920878e+29     1.0605033177075437e+24  1.6580729025386107e+32   6.753548652675276e+26   758114.6339842487       758114.2111962582        0.4227879905128147    1072497.032096735        1072496.098229641          0.933867093920553  1.7376252407518383e+47  1.7376243332041667e+47    9.075476713954454e+40  0.0022346716296215625  0.0025607625268666365   0.005192464189383494    0.00674194278517806   0.013823864673483078   0.02732018340387422   0.04087508490133966    0.00181620381675244  0.010898910184125895  0.024564149951540645   0.03409175358279614   0.04338375258136187 
 T17-1681         7141.936039074915            2480.0184852204534       0.010671554721058754           0.008339040547924715     479462.4954766473        102213.46202716921   0.004340160601869823  0.00034377774557663935   0.004892805539756351  0.00046955162851735027   0.008062062021988389   0.0004907832672472388   0.009421898880246051   0.0004864650742753062  0.016149756091706324   0.0002107226474930051  0.026483314590419953   0.0006416031990153158   0.03732384872395396   0.0011883765278365712   0.013168073202639158   0.0003034571927735802   0.03214506261198605   0.0009041217363959153  0.024519274365974293   0.0004693856764921973   0.003497054183810038   0.0002594726625257733  0.039205229269249436   0.0012463237370181693  16.439797724229088        1.494527065839008       13000.0                20.0            13000.0               0.0                50.0              500.0       11998.259463115717               1.0                     0.004                                   10.0  13728.314005334232             2.4015490534256495e+23                0.001825   1273721.8932274354   3.390445386151307e-13  3.7347592962674596e-13  3.4199648898034487e-13  1.4743776263947803e+32   6.272332429682664e+29      6.2723324296431e+29     3.9564753182361964e+18   1.474377626365701e+32    2.90792738488932e+21   640204.0088054498         640204.00880409    1.3598122398347494e-06    633517.8844219855        633517.8844199254     2.0601526499686993e-06  1.3570514634799568e+47  1.3570514634720735e+47    7.883546752573225e+35   0.004234043731395612   0.004551664973612358   0.007711561810093294    0.00901309243205868   0.016079672806239027  0.026964984643692146   0.03764835110351616  0.0034784438830759152  0.012974639373493618  0.024870320227107178   0.03267623833654474   0.03925619553455996 
 T17-1782         7332.403522180263            2375.6738925187433       0.018450162394430675           0.008619538432881832    375939.90407144243         70429.56162683305  0.0021896532344188764  0.00018825742084244447    0.00245446753675609  0.00023075309316886194  0.0043497828250955994  0.00024716307894855104  0.0052595049870473665   0.0002427770746546641  0.009562569157691336  0.00011031395525288471  0.016694805350313598  0.00040371623025710216  0.024003573692267015   0.0008683416685289891   0.007696343032044327    0.000146706747419788  0.020446361177832252   0.0006136041586307766  0.015300456152197769   0.0002932592456873367   0.001774934293575507  0.00014596905349469272  0.025288295875133576   0.0009450675856976321   9.830425922325269       0.8936750838477517       12000.0                20.0            12000.0               0.0                50.0              500.0       10997.381653521348               1.0                     0.008                                   10.0  13728.314005334232             2.4015490534256495e+23                0.001825    873531.7724610297  1.5859333034149018e-12  1.7464161234253043e-12  1.5996951690068632e-12   9.539977354208461e+31  4.2977892840093616e+29     4.29778928386317e+29      1.461912814650473e+19   9.539977353059164e+31  1.1492967720347542e+22   434417.7223731021       434417.7223668406     6.261526830526664e-06    439114.0500879275       439114.05007819214      9.735424859541968e-06   9.373252554538087e+46   9.373252554132544e+46     4.05543302301852e+36  0.0021785340521048554  0.0023647359017037045   0.004270447980527555  0.0051060088087846725   0.009513473487530103  0.016796051028572966  0.024206859587830937   0.001794213585062855  0.007609823375692843  0.015349589704059483  0.020652051659321904  0.025372141039617983 
 T17-0852         8582.102660568788            1924.7960322794765       0.026410436616797026            0.00484667092223651     845298.9565910401        138743.80383154305  0.0026066386736543646  0.00020678330442477878   0.002938926994894462   0.0002238591712007721  0.0056921574451438695  0.00026259239020301836   0.007191859182534472  0.00023998916800158684  0.014117814135454675  0.00010879269249846386  0.026662990356151287   0.0005654025864103216   0.03940190049759001    0.001164124300683641   0.011203414432852648  0.00012576318999481557   0.03306935515017469   0.0008350820597369074  0.024134924925484105   0.0004171296825909113   0.002130258920899338   0.0001666954742955523   0.04172895313770967   0.0012892028167076546   9.914084183257682       0.9012803802961529       13000.0                20.0            13000.0               0.0                50.0             2000.0        9070.115480593535               1.0                      0.03                                   10.0  13728.314005334232             2.4015490534256495e+23                0.001825   1520183.4013520454    7.51579401910874e-06   7.675346225760374e-06   7.530121287504486e-06  1.6163474465012967e+32   7.224273745941623e+29     7.22368511300907e+29      5.886329325536781e+25   1.615972590422849e+32  3.7485607844788276e+28   622090.9464405675        622067.479570587        23.466869980378988    898092.4549114795        898040.6205685848          51.83434289466589  1.2870957807756351e+47  1.2870454072936926e+47    5.037348194256977e+42   0.002607447117371139   0.002998505546252064   0.005724701913361631   0.007270268322927299   0.014175597346178728  0.026809885287491158   0.03951797877491839  0.0020957390943271183  0.011276143799479136  0.024277674370622955  0.033187774370545875    0.0419122688770897 
 T17-0894         5024.532840985443            2222.2686640008133       0.013279191967773267           0.009593570139153728     483446.4337501461        121054.42280102412   0.006640696289675079   0.0005074749698357774   0.007821778969652773   0.0008169406411464974   0.012273340256469829   0.0008945764834551387   0.014107780933141677     0.00088017144359239   0.02266485850278002   0.0004525006401934986   0.03510942659526714   0.0009654357226607678   0.04893496777531443   0.0014558735500741398   0.018818867971313498    0.000605937487223214  0.042288640387042574    0.001189167173896041  0.032843592341643205   0.0007568165976535459  0.0052452992613496365  0.00037229105485031864  0.051576652649159796   0.0014501920860165633   5.380545691874007       0.4891405174430915        6000.0                20.0             6000.0               0.0                50.0             5000.0       2361.9952045384343               1.0                      0.03                                   10.0  13728.314005334232             2.4015490534256495e+23                0.001825     651583.187982707  0.00013963000626131207   0.0001398540193288715   0.0001396508801674777  2.0601912466038672e+32   4.279996478143495e+29    4.269079906684933e+29     1.0916571458562408e+27  2.0532393026320957e+32   6.951943971771611e+29  230525.92819741633       230090.7201944624        435.20800295392763    421057.2597852897       420095.95898656885          961.3007987208497   4.191626634313748e+46   4.182284552265145e+46    9.342082048603683e+43   0.006651357566729901   0.007981571524072207   0.012671568294078044   0.014913533628964575   0.023437699558559115   0.03560369169699878   0.04762895441639761   0.005126706034730759  0.019599169586452112   0.03357665718873155   0.04187197655063374  0.050260930743102235 
 T17-0948         8406.681870407781            1934.9436186426392        0.02634905738144358           0.004868597817106858    1311621.7386758225         210844.5390964171  0.0041874132985530235  0.00032063195015746544   0.004719164684139823  0.00035253728568747985   0.009101624352429533   0.0004099218929024429   0.011479399856535785  0.00038170199337609706  0.022448686116996245   0.0001828442387127985  0.042232864813367126    0.000839114150838758  0.062329751064260086   0.0017514247595358272   0.017824918296404233  0.00020810333149314393   0.05234535435954695   0.0012491935325666533   0.03825238747856724   0.0006154357566542232   0.003419993723837031  0.00025519886922553903   0.06600195973161863   0.0019393719716715504    8.10261901570561         0.73660172870051       13000.0                20.0            13000.0               0.0                50.0             2000.0        9070.115480593535               1.0                      0.03                                   10.0  13728.314005334232             2.4015490534256495e+23                0.001825     2414554.06367734   1.193756685835454e-05   1.219098853668411e-05  1.1960323299515242e-05  2.5672943750031074e+32  1.1474536240079171e+30   1.1473601296283542e+30      9.349437956286765e+25   2.566698979561541e+32  5.9539544156677765e+28   988086.1883960958        988048.915244565         37.27315153060931   1426467.8752812466       1426385.5451997821          82.33008146454313  2.0443338251488182e+47   2.044253815397746e+47    8.000975107202995e+42   0.004141488472688735   0.004762618605901555   0.009092720165182042   0.011547590841694419   0.022515537366627956   0.04258296558827113   0.06276762142938108   0.003328726877371784   0.01791024609887657   0.03856097708742687   0.05271316302989339   0.06657054605721115 
 T17-0934        10978.931619165916             951.5769841627439       0.029930156535178186          0.0008328004468096646    2619252.4430319327        194239.40904749188   0.004799173692731072  0.00019259222877541048   0.005541864890727543  0.00017779062600898075   0.011388339915293665  0.00023270455329223055   0.014898884563029836   0.0001929997634228691  0.030962452510012194   5.369584396819206e-05   0.06211171126469969    0.000795833781034166   0.09338153669646618   0.0015776358537760628    0.02437222421499225   6.466116655929832e-05   0.07770256386324667    0.001157986464443196   0.05571415378717506   0.0005996067274151531   0.003900801288947393  0.00016208536034109072   0.09915005777851145   0.0017137683167228366   28.93068294295832       2.6300620857234835       13000.0                20.0            13000.0               0.0                50.0              500.0       11997.810659104722               1.0                      0.03                                   10.0  13728.314005334232             2.4015490534256495e+23                0.001825    4868803.160019094  1.2959980744413633e-12   1.427612099647784e-12  1.3072819075471573e-12   3.833222044056884e+32  2.0964899958409094e+30   2.0964899958306904e+30     1.0219080855852564e+19   3.833222043991806e+32   6.507764623953317e+21   2044569.183625736       2044569.183621662     4.074013336679961e-06   2824233.9763933555        2824233.976384356      8.998805738791615e-06   4.467507100033919e+47   4.467507100025173e+47    8.745190024090387e+35   0.004597791902993462   0.005356473733797074   0.011139108517381383   0.014686319775943295   0.030907187784623924   0.06288191352210944   0.09497632448642628   0.003734729221521298  0.024292780137082286   0.05628146233799286   0.07885019210564483   0.10089481149858065 
 T17-0823         11690.75805124576             548.9619020940218       0.029999319212367995          8.250704901173486e-05      959483.685499919        47974.184274995954   0.001615612229073606  3.0055819000977974e-05  0.0018772413222288482   2.619108723359084e-05  0.0038907089609102143  3.0327673213267067e-05  0.0051182625345780166   1.943821993103338e-05  0.010732581445258101   2.945534545534307e-05  0.021747664781393197  0.00021823438595432697   0.03280250961950863  0.00040887268663831344   0.008439225930659253  1.6786268123072316e-05  0.027251599862547778  0.00030689721411144964  0.019477143010327713  0.00017331671511362198   0.001312431215278832   2.468062914592401e-05    0.0348404183886461  0.00044411085064821273   78.80266919000785        7.163879017273441       13000.0                20.0            13000.0               0.0                50.0              500.0       11997.810659104722               1.0                      0.03                                   10.0  13728.314005334232             2.4015490534256495e+23                0.001825   1693158.2248756592  4.5069182857554784e-13   4.964614688676744e-13   4.546158555290475e-13  1.3330281012313808e+32   7.290681432710974e+29    7.290681432675436e+29      3.553752376731596e+18  1.3330281012087497e+32   2.263117821045408e+21    711012.340365317       711012.3403639002    1.4167648521707238e-06    982145.8845103413        982145.8845072119     3.1293937031197524e-06   1.553604888615618e+47  1.5536048886125766e+47   3.0411971753097396e+35  0.0015989122831553452  0.0018627488646867744  0.0038736980288833107   0.005107264004013447   0.010748177218383845  0.021867597759992825   0.03302863962403883  0.0012987765763521758  0.008447973586600205  0.019572247579881324  0.027420671345475947  0.035086832291538174 
 T17-0963         6014.534436018691              2404.54402804842       0.018337692115688517            0.01005416637426683     873742.2799087025        180057.23149077813  0.0076236949833733015   0.0005708162626355621   0.008744189962156482   0.0008091209262366976    0.01459013137504832   0.0008973557709080266    0.01728236843490433   0.0009727905081608686  0.029561616973395648   0.0005172810877397555   0.04875622734963708    0.001107348673631915   0.06860703882118083    0.002326489082148332   0.024143307353981437   0.0006714688248332395  0.059023108737287264   0.0016800620669163054   0.04514786781145051   0.0008124232994280543   0.006081816170039183   0.0004278319422401191   0.07227286164658397   0.0024305412989259105   5.603532897468222       0.5094120815880202       11000.0                20.0            11000.0               0.0                50.0             5000.0        5028.374288117088               1.0                      0.03                                   10.0  13728.314005334232             2.4015490534256495e+23                0.001825   1451055.6948551794   0.0001096234847413113  0.00011021604742110212  0.00010967730149382009  2.8933206044179607e+32   7.828839868248865e+29    7.820266344775876e+29      8.573523472989977e+26  2.8878607716260316e+32   5.459832791928985e+29   555421.4937599966       555079.6954176213        341.79834237534095    895634.2010951814        894879.2264226184          754.9746725628601   9.274505180466613e+46   9.267168210243468e+46    7.336970223144542e+43  0.0075321442093189035   0.008890998739642463    0.01482926658675752    0.01783011872423976    0.03002086056901094   0.04922862543447889   0.06842969680673049   0.005879479338457009   0.02465680473644758  0.045728286523280315   0.05907024302895617   0.07235032940751904 
 T17-1005        10787.574979350298            1031.7726702814089       0.029946039463948533          0.0007325938254311386      3090737.22158725         251028.8314825421   0.005791362352044322   0.0002524915413299669    0.00667804888659865  0.00023639720329640877   0.013690399866603229   0.0003054148887985045    0.01788629437044062   0.0002577281383522985   0.03708210305339421    7.12751631693569e-05   0.07419201352942742   0.0010140968717664573   0.11144914253678959   0.0020210175481165014   0.029197570578861107   8.924320596453843e-05   0.09277394225423542   0.0014828030767333503   0.06657793320169425   0.0007601592351572893    0.00470731937713236  0.00021022491695446978   0.11832761367798372   0.0021875557702729013  14.536101995122396       1.3214638177383995       13000.0                20.0            13000.0               0.0                50.0              500.0       11997.810659104722               1.0                      0.03                                   10.0  13728.314005334232             2.4015490534256495e+23                0.001825    5827388.207691823  1.5511581898006516e-12   1.708684791975249e-12  1.5646636189209384e-12  4.5879186738191794e+32  2.5092534402765387e+30   2.5092534402643078e+30     1.2231045149217114e+19  4.5879186737412895e+32   7.789033481466694e+21    2447110.29772335      2447110.2977184737     4.876117702005213e-06   3380277.9099684698        3380277.909957699     1.0770518487204175e-05   5.347083736368396e+47   5.347083736357929e+47   1.0466970124996516e+36   0.005503019414902772   0.006411072874635918   0.013332210706610956   0.017577807905544397    0.03699229065327995   0.07526229943836968   0.11367555744848434  0.0044700342792929676   0.02907561793940511   0.06736233097967033   0.09437446217252035   0.12075929451660404 
 T17-1037         7042.517692796237            2399.0017823210114       0.016972668107205487           0.009145942692579205     889356.3189645355        169560.77704116437   0.006061176384718831   0.0005073713549628384   0.006828703892945511    0.000661174284302994   0.011804634864348504   0.0007179183660649035   0.014127485005305425   0.0007435194482153785   0.02511489690764695   0.0003829672465673252   0.04289890232782907   0.0008846583793783276   0.06119249552407944   0.0019802538588510757   0.020315206867285013   0.0004945100311107843   0.05233411907397273   0.0013925962770007553  0.039463270087514726   0.0006175241464606075   0.004893722016013818  0.00038899865322019527   0.06442410212560643    0.002108162760803181  14.566936633613913        1.324266966692174       10000.0                20.0            10000.0               0.0                50.0              500.0         8996.40678582624               1.0                     0.008                                   10.0  13728.314005334232             2.4015490534256495e+23                0.001825    1974298.331662856  1.6308291017034617e-10   1.794316723445552e-10  1.6448566533378482e-10  2.4489548326413035e+32  1.1103565125585291e+30   1.1103565110553445e+30     1.5031845231304657e+21  2.4489548208238743e+32  1.1817429212558728e+24    970989.711400179       970989.7107563491     0.0006438297912495007    1003308.620262679        1003308.619261652      0.0010010268620883477  2.4453514013537116e+47  2.4453513971837886e+47    4.169923194941784e+38    0.00599692882123076  0.0065275615253993745   0.011502156385955429   0.013657081466772168   0.024918811289390937  0.043136327107773806     0.061743060188646    0.00493453085607086  0.020016088434109416   0.03955783660692995  0.052847487245945124   0.06472744644097034 
 T17-1082        11519.554538122567             659.5984798925052       0.029999559381019836          6.637767439336307e-05    3243565.0158039364        162178.25079019682  0.0055678381110120774  0.00013622310363704124  0.0064600495473591535  0.00012240427206747275   0.013363151489708135  0.00015337121220509583   0.017557300987254942  0.00011722656969129761  0.036740858764338254   4.832504658789318e-05    0.0742774472479508   0.0007491316500281787   0.11194797737502937   0.0014562101504586803    0.02889690403022948  1.5775656941437563e-05    0.0930394802226719     0.00107647990640943    0.0665465717821875   0.0005792984012710314   0.004523243414900263  0.00011188328765255768   0.11889220541189988    0.001583713845293707  18.069408339135023       1.6426734853759113       13000.0                20.0            13000.0               0.0                50.0              500.0       11997.810659104722               1.0                      0.03                                   10.0  13728.314005334232             2.4015490534256495e+23                0.001825    5791971.698267815  1.5417308774800668e-12   1.698300096657066e-12  1.5551542260626126e-12   4.560035159085525e+32   2.494003212396152e+30    2.494003212383995e+30     1.2156709801999137e+19   4.560035159008108e+32   7.741694885191924e+21  2432237.7507379767        2432237.75073313     4.846482630101526e-06   3359733.9475298347       3359733.9475191296     1.0705059630524604e-05   5.314586323326634e+47  5.3145863233162306e+47   1.0403356112533189e+36   0.005469574287854063   0.006372108965798878   0.013251182920353245   0.017470977096071573    0.03676746646723924   0.07480488561208413   0.11298468337108213   0.004442867218246776  0.028898908089287252   0.06695292996759847   0.09380089234847688   0.12002536834936524 
 T17-0968         9858.864672249041             1473.167659139347        0.02913451892926193           0.002812103673282749     659586.1826182158         90874.56374278902  0.0014502028223815648  0.00010286204737336728   0.001656631653326648  0.00010072856644243021  0.0033358872112703134  0.00012292660587777453   0.004310913295780844  0.00010064468225224457  0.008782591322837825  3.3069278685701026e-05  0.017245474783086967   0.0004165354685431128  0.025768749692981343   0.0007933930388379308   0.006931097082917083   3.312980994163033e-05   0.02150624006486622   0.0005912142174428009   0.01551945816342845  0.00032011342038753274  0.0011814782619000365    8.73921490610502e-05  0.027342990819511814   0.0008660249321736416   10.43582881207734        0.948711710188849       13000.0                20.0            13000.0               0.0                50.0             1000.0       10989.383069173178               1.0                      0.03                                   10.0  13728.314005334232             2.4015490534256495e+23                0.001825    1265954.622652048  3.7234703363472985e-08   3.898894760743444e-08   3.738981952790973e-08  1.0694409497479404e+32  5.7352817886211366e+29    5.735278865842303e+29     2.9227788339728212e+23  1.0694390884497506e+32   1.861298189892928e+26   528009.8796988336          528009.7631772       0.11652163357677787    737944.7429532148         737944.485576653        0.25737656170231943   1.187461452206076e+47  1.1874612020832258e+47    2.501228502056821e+40  0.0013646492455543756   0.001575378302764406   0.003232711568004248  0.0042274276306472815   0.008775766207180017   0.01758599981292003   0.02643054907969383   0.001108813486056443  0.006908707369861327  0.015777322208617037    0.0219961004196695   0.02806352900509286 
 T17-0825        10638.467132419994              1090.89513398214        0.02990576012192267          0.0009661873917231368     5921079.558332813         524887.5834299183   0.011318934948588108   0.0005268541082102596   0.013035027105386177   0.0004952185237819766   0.026665639771667242   0.0006286624354676848   0.034793059047871853   0.0005214921500448019   0.07197897288128499   0.0001339476241000857    0.1436733135258435   0.0022198042977772505   0.21566830061414038    0.004353207590569006   0.056689468966281666  0.00015770448537849417   0.17959088381162594   0.0032154120957491763     0.128975520891592   0.0016809092015856587   0.009201933239323199   0.0004405063182646974   0.22896572062963036    0.004709106821164559  11.949565292900207       1.0863241175363825       13000.0                20.0            13000.0               0.0                50.0              500.0       11997.810659104722               1.0                      0.03                                   10.0  13728.314005334232             2.4015490534256495e+23                0.001825   11315257.680967938   3.011941884765944e-12   3.317817181156899e-12   3.038165881716479e-12   8.908533319449328e+32   4.872311274218418e+30    4.872311274194668e+30     2.3749477920188637e+19   8.908533319298085e+32  1.5124257692691443e+22   4751645.609595917       4751645.609586449     9.468140153781237e-06   6563612.0713720145        6563612.071351101     2.0913518663383558e-05  1.0382632521179876e+48  1.0382632521159552e+48    2.032410745297513e+36    0.01068541866162339   0.012448620033965935     0.0258876522767334    0.03413148718241507     0.0718293146145002   0.14613962232398406   0.22072808241254174   0.008679632780633618   0.05645721504935675   0.13079995803600816    0.1832504236761332   0.23448283967484315 
 T17-0882         5746.529241763148             2330.461800868258       0.012644662482845185           0.009257613387448755     865194.2681584471        206056.35739838384    0.01010890284012974   0.0007652236881359746   0.011720152884194585   0.0011787131795627773   0.018727098728822108   0.0012810183862577735   0.021676626636666373   0.0012729646454156412   0.03569150564808424   0.0005932043948321362   0.05655998823927083   0.0014671953583302504   0.07919614961648214    0.002385868312415579   0.029427179596277664   0.0008390621072205332   0.06833313267004094   0.0019219516758992728   0.05269225396469143   0.0011054234213989187   0.008041218214926427   0.0005664381261238791   0.08338017804508047    0.002392341860706476   7.186390053000674        0.653308186636425       10000.0                20.0            10000.0               0.0                50.0             2000.0        6273.523484883742               1.0                     0.008                                   10.0  13728.314005334232             2.4015490534256495e+23                0.001825   1677500.8033255218    2.94598249799784e-05    3.00504297403242e-05   2.951291435502463e-05   3.283269263286784e+32   9.280029827249215e+29    9.277332731669431e+29     2.6970955797833817e+26  3.2811489157444066e+32  2.1203475423774587e+29   799455.5603007156       799340.0408513473        115.51944936843739    878045.2430248074        877865.6333306255          179.6096941818089  2.2757621631964137e+47  2.2750139728549048e+47    7.481903415085621e+43   0.009996115148196701    0.01164879381589324    0.01862974135170361   0.021399512940528834   0.035398275063351456   0.05648398332058704   0.08037235340972176   0.008029592205285693  0.029151332517970748   0.05249391567905989   0.06885615144768051   0.08471427176798406 
 T17-0878         6767.182288541368            2348.7088990961793       0.019266974740476037            0.00889706510245018     657254.8018227983         128442.2060479058   0.004318192070354054  0.00036329514872654163   0.004885228071088084   0.0004836567665619342   0.008499179985613295   0.0005267438300017556   0.010226178767622381   0.0005484456160061687  0.018242272792199303   0.0002765045414417574   0.03132939955472635   0.0007176286546107345   0.04476041972772858    0.001586607955174323   0.014748086571971636  0.00035933839875255117   0.03823173398589958   0.0011219742791956898  0.028800072210228154   0.0005098429019422767   0.003477725619761213  0.00027112142499671857   0.04716896067239801   0.0016878785816284991   8.993959675433533       0.8176326977666849       13000.0                20.0            13000.0               0.0                50.0             5000.0         6283.99267485486               1.0                      0.03                                   10.0  13728.314005334232             2.4015490534256495e+23                0.001825   1089615.4453054108   5.745131387084277e-05  5.7802175623105834e-05  5.7483139082905774e-05  1.8483631685352936e+32   5.654452992574487e+29    5.649959510007757e+29      4.493482566729721e+26  1.8455016071778095e+32  2.8615613574842355e+29   426293.3228549744      426114.18240033643        179.14045463796754    663322.1224504373        662926.4315142462         395.69093619109015   7.702332886920303e+46    7.69848749617819e+46   3.8453907421119396e+43   0.004444167084997592    0.00522748220867137   0.008885215583639602   0.010772276579225687   0.018582407083075403   0.03129102604227618   0.04401300669272734   0.003482896873574693  0.015177703276195503  0.028922188812488158  0.037780702745960196   0.04656424983318975 
 T17-0798         8093.357817047411             2002.886623744293       0.025592807430658115           0.005207392395618359     630014.1190735116        109658.46082021164   0.002204763830999942  0.00017658095158025125  0.0024812175603072424  0.00019870289508802698   0.004729214914810404   0.0002237069493205242   0.005930381489566548  0.00020854329242669546  0.011475145078086064   9.273137283339006e-05  0.021359677794126883  0.00047863431106366313   0.03141523655857601   0.0009950524800636101   0.009127848287380221  0.00010936647141244113  0.026430222500375557   0.0007110277916773696  0.019378371815425118  0.00035413246130155837  0.0017990293741716823  0.00013741065071181917  0.033244811473158185   0.0010985602654728724   8.068912785497204       0.7335375259542913       12000.0                20.0            12000.0               0.0                50.0             2000.0        8118.742419634408               1.0                      0.03                                   10.0  13728.314005334232             2.4015490534256495e+23                0.001825   1095953.3437868042   8.297184305053902e-06   8.470602417933261e-06   8.312760988820303e-06  1.2864740710487965e+32   5.338059214832397e+29    5.337409402606054e+29      6.498122263431329e+25  1.2860602544758132e+32   4.138165729833029e+28  444129.27386650903       444103.3679781635        25.905888345559596    651824.0699202948        651766.8481987522          57.22172154264345    8.81153956600632e+46   8.810983475739543e+46   5.5609026677711176e+42   0.002235859519246227  0.0025690875374008203   0.004804065300551012   0.006046630418576394    0.01155119642896204  0.021406585685919483  0.031326117523072725   0.001791573365722765  0.009221141392886606  0.019450497079118414  0.026397812873261275   0.03320988920519916 
 T17-0810         6589.171472486861             2409.554449672123        0.01820439460374404            0.00951937289385478     651841.2931158983         130619.5642457013  0.0047899829371962285   0.0003947397376858415   0.005437516128755251   0.0005374681272394782   0.009296706621410886   0.0005877035723582016    0.01110413635737869   0.0006244696899094815  0.019491909580706245   0.0003273464059064071  0.032942397089634826   0.0007425596627516264  0.046780451609468546   0.0016305153130384221    0.01581689138706068   0.0004223702178264297   0.04007968257918208    0.001157929260498144  0.030367623012209154   0.0005302309123140223   0.003847172699907917   0.0002954122743163161    0.0492737540726674   0.0017206208354923157   5.348865351215705      0.48626048647415504       13000.0                20.0            13000.0               0.0                50.0             5000.0         6283.99267485486               1.0                      0.03                                   10.0  13728.314005334232             2.4015490534256495e+23                0.001825    1158587.313413049   6.108794040728071e-05   6.146101145421316e-05   6.112178013220544e-05  1.9653632177035575e+32   6.012375769555108e+29    6.007597852798067e+29      4.777916757041318e+26  1.9623205215857495e+32   3.042696117807862e+29  453277.38128200866      453086.90136640467        190.47991560400504    705309.9321310414        704889.1942453233          420.7378857180493   8.189884977234963e+46   8.185796176045404e+46   4.0888011895592385e+43   0.004725479641051572   0.005558378044431525    0.00944764329149111   0.011454153880655737   0.019758659985857154   0.03327172531598703     0.046798998122741  0.0037033617218215596  0.016138440895190256  0.030752942406110366  0.040172193852327426   0.04951173310525891 
 T17-1157          9894.97952338147             1564.309494318689        0.02661836615907107          0.0047327373672107955     953796.6575939818        129687.63855060058  0.0023397918104532327   0.0001813999416082597   0.002648479762884167  0.00017210883538450726   0.005284489832858458  0.00023261509218118153  0.0067581331796321975  0.00018794017948075645  0.013615900178703892    8.54574318280424e-05  0.026395838087712384   0.0005016705132993006  0.039345137000659655   0.0009838368351707185   0.010763814874245806   9.792725034638587e-05   0.03288505708343353   0.0007153423588553612   0.02379310443914582   0.0003727472943843987  0.0019208393541035903  0.00016454087138069616  0.041700260022297056   0.0011093062973431158  43.979833328491495       3.9981666662264996       13000.0                20.0            13000.0               0.0                50.0              500.0       11997.246050282653               1.0                      0.02                                   10.0  13728.314005334232             2.4015490534256495e+23                0.001825    1823586.993831385   4.854098953904968e-13   5.347053005822902e-13   4.896362012434962e-13  1.5764314634420673e+32   7.829830424333476e+29    7.829830424296372e+29     3.7104590154926136e+18  1.5764314634140741e+32   2.799307114206845e+21   898564.1417940267       898564.1417921425    1.8842180296252219e-06    925022.8520373558        925022.8520343435      3.012143982809739e-06  1.7750165745805833e+47  1.7750165745732642e+47     7.31936693659575e+35   0.002416329786858535   0.002703611857804178   0.005399023317304842   0.006801680672941574    0.01361772179777148  0.026182213093370325  0.039145345503219665    0.00202704544559838   0.01078348582938016  0.023603657967769504   0.03269282325509643   0.04139912532634975 
 T17-1106         7049.168737926257             2449.856676547705       0.017021617006275518           0.009318930227701685     533620.3199862211          101973.195488698  0.0036388650714360175   0.0002942734143361636   0.004097514416329048  0.00038306955565153817   0.007082832355308192  0.00041018444510382713   0.008477553404561161   0.0004281668522588581  0.015072241578793435  0.00020915041732203266  0.025740537442579293   0.0005917595650521143   0.03670006332125296    0.001282388677054545   0.012190973085785036  0.00027692856861104314  0.031395029733632396   0.0009111467828707492  0.023680405815629264   0.0004272792591213012   0.002937393984860898  0.00022587580428877173  0.038635354373484074   0.0013700498861964794    8.37386162836012       0.7612601480327381       10000.0                20.0            10000.0               0.0                50.0              500.0         8996.40678582624               1.0                     0.008                                   10.0  13728.314005334232             2.4015490534256495e+23                0.001825   1185038.3190883414    9.78876873068767e-11  1.0770074814747521e-10   9.872966675563292e-11  1.4699426484102925e+32    6.66472231743672e+29    6.664722308414117e+29      9.022604294406753e+20  1.4699426413170858e+32   7.093206849950117e+23   582819.7273917547        582819.727005307     0.0003864476616148985    602218.5916965879        602218.5910957388      0.0006008490059414309  1.4677797513002081e+47  1.4677797487972841e+47   2.5029240487172452e+38  0.0035995524769644066   0.003918055551052329  0.0069039698058314955   0.008197426197187276   0.014957084129827505  0.025891831922071645  0.037060200623123436  0.0029618665312058532  0.012014309799219932  0.023743905086504747   0.03172078730433321   0.03885152669135046 
 T17-1117        7735.8120065676685            2298.1749731579275        0.01747153320308223           0.008158335297459005     536994.2571548996        104565.27549879486  0.0029321591278682465   0.0002805368868471281  0.0032705044686382767   0.0003231376646943695  0.0058497146929168305   0.0003439905249940181    0.00708383118234544  0.00031034762568331325  0.013005214578434827  0.00012666877405167044   0.02289557268101296   0.0006009495782332596  0.033045174585956585    0.001259235397631018   0.010444675862166165  0.00017247467999239062   0.02810233542686246     0.00089035803812794  0.020949429340448494   0.0004399210959047082  0.0023876384635000457   0.0002221954609021537   0.03480701355237674   0.0013910008887603102  15.829888455803896       1.4390807687094451       13000.0                20.0            13000.0               0.0                50.0              500.0       11997.696528070583               1.0                     0.008                                   10.0  13728.314005334232             2.4015490534256495e+23                0.001825   1273131.8175461332   3.388874698404014e-13  3.7330290986097426e-13   3.418380526589539e-13   1.311587224078391e+32   5.905735421056285e+29   5.9057354210250456e+29      3.123954109504122e+18  1.3115872240538318e+32  2.4559264670624037e+21    636036.332603589       636036.3326022511    1.3380225057176778e-06    637095.4849425443        637095.4849404639     2.0803580208718622e-06  1.2935657715510697e+47  1.2935657715424037e+47    8.666034342893724e+35   0.002909092724763327  0.0031544229841111225   0.005755175086001725   0.006900176951346582     0.0129611234043367  0.023068231844398438   0.03335325374727294  0.0023987648543713613   0.01035297656998954  0.021052500221144653  0.028409588605119152   0.03496317694247051 
 T17-1305         5884.456795578593            2441.1157640500724       0.017117444174277296           0.010090502473534522    451203.85454336554         99636.25544472321   0.004297452480902813  0.00033242613060792045   0.004946432195500982  0.00048169519425423073   0.008150170126576699    0.000535239370124822   0.009594685921668605   0.0005703907571089952   0.01621406386943673   0.0003039927824692003  0.026415070081253707    0.000642317928641354  0.037061550799139344   0.0012736910323597815   0.013282551444912919   0.0003952032832018317   0.03193160405752986   0.0009391833835055388   0.02450989980914991  0.00047762871714639144  0.0034234037246413627  0.00024686663030421235   0.03903506658095941   0.0013213432804501232   8.329041800121885       0.7571856181928986        9000.0                20.0             9000.0               0.0                50.0             5000.0        3879.996854250619               1.0                      0.03                                   10.0  13728.314005334232             2.4015490534256495e+23                0.001825    652951.5644972321     7.2345226217172e-05   7.266295665432926e-05   7.237415568804236e-05  1.5487885486613408e+32   3.672281545203978e+29    3.666624025241525e+29      5.657519962452989e+26    1.54518569936498e+32   3.602849296360676e+29   243434.4462165705       243208.8993977843        225.54681878621523   409517.11828066094        409018.9235425668          498.1947380942084  3.7925866621000527e+46   3.787745122255655e+46    4.841539844398107e+43   0.004372085992866333   0.005187173224853934    0.00848849117423994   0.010123084184534127   0.016617776663983726  0.026501316151369938   0.03635544225308173  0.0033973105512017624  0.013733595275895003   0.02474927419456319   0.03158040819428297  0.038410869712279014 
 T17-1142        7733.7278398487815             2206.382439962463        0.02042692424481466           0.007455996122045778     860766.0933193951        156861.28692800427   0.004087420413299594    0.000369447229909069   0.004566408241637707  0.00041559327623203726   0.008352854294773292   0.0004559627027974198   0.010234756893714383    0.000413396767698011  0.019123245702416074  0.00018788869450074791   0.03429953763464985   0.0007859304248754655  0.049825238439433886   0.0016895128798710885   0.015306171309258015  0.00023590751522606536   0.04221476979420796   0.0011771975814174693   0.03129308575691253   0.0005718233796595869   0.003331716921990566   0.0002913023225104939   0.05255859573653003   0.0018880421788346102  6.3176865341041255       0.5743351394640114        8000.0                20.0             8000.0               0.0                50.0              500.0         6994.98851466514               1.0                      0.02                                   10.0  13728.314005334232             2.4015490534256495e+23                0.001825   1621109.5043731383   5.848788204461931e-09   6.426842895591178e-09  5.8984299342823796e-09   2.034675830923016e+32   8.137451302134415e+29     8.13745085515189e+29      4.469825243992877e+22  2.0346754937029158e+32  3.3722010006110844e+25   770595.9191790895       770595.8964807515       0.02269833807310545    850513.5851940487        850513.5489080874       0.036285961269718336  1.3385905442532398e+47  1.3385904560800758e+47    8.817316393103716e+39   0.004012321314213409   0.004433676423399809   0.008252455764200977   0.010138054146866787    0.01912026866795497   0.03449734481773174   0.05025221107745144  0.0033010483576681633  0.015270396625502192   0.03143235302732941   0.04252794198586914  0.052962454318933865 
 T17-1064         6593.681073677154             2434.371723695757        0.01750490221447956           0.009669214934385056      591414.552182528        120243.19411287435   0.004493830066442593  0.00036980320131933467   0.005101762188375559   0.0005021844163030302   0.008675894293194373    0.000546239632010673   0.010334297576098328   0.0005778948711334521    0.0180613944434127   0.0002956664190945631  0.030379266477743656   0.0007099093574439745   0.04307366613355001   0.0015279115331947482   0.014670391274367686  0.00038711390240919914   0.03693611176577069   0.0010929394319712492  0.028026539226157603    0.000510754122373557  0.0036088613345400034  0.00027877342562703216  0.045357552190546775   0.0016124755803843753   6.470747056879903       0.5882497324436275        5000.0                20.0             5000.0               0.0                50.0             1000.0       3139.1569496142974               1.0                      0.03                                   10.0  13728.314005334232             2.4015490534256495e+23                0.001825    742663.8012696959   2.609559657021688e-05  2.7155062934532596e-05  2.6189759459836395e-05  1.7921879938335078e+32  4.3121671217265165e+29    4.310119856572993e+29      2.047265153524228e+26  1.7908842445110504e+32  1.3037493224576116e+29   274921.7757831765       274840.1580167959         81.61776638063417    467742.0254865202       467561.74565830245         180.27982821772986  4.5376012119771246e+46   4.535849222434247e+46   1.7519895428769722e+43   0.004541027690371668   0.005267966851764933   0.008893042243805965   0.010748844031378494   0.018412728604513557   0.03050399067508552   0.04265136089670248  0.0035569291607022127  0.015015844775752745  0.028264952345019377   0.03673763292768722   0.04506725579235899 
 T17-1042         5682.378711967451            2351.3202005628386       0.012645250811295135             0.0094820744217803     981882.5610973435        232095.83261223635   0.011743941218401192   0.0008458030914747275    0.01362599848031811   0.0013146332038543689    0.02170719927313225   0.0014332826037220848    0.02510089409534741   0.0014433088763224683   0.04119969885859971   0.0006873495376479733   0.06506117722313388    0.001650115325895985   0.09096127891495809   0.0026489290194750387    0.03399579954298185   0.0009606182538404081   0.07854127983633255    0.002141611542640647   0.06065121471043669    0.001259424293339521   0.009332061876539939   0.0006284415771886543   0.09575863700034183   0.0026423335379557565  11.391341580717544       1.0355765073379586       13000.0                20.0            13000.0               0.0                50.0             2000.0        9067.193773983765               1.0                     0.004                                   10.0  13728.314005334232             2.4015490534256495e+23                0.001825   2291036.8052710453   1.132689694105306e-05   1.156735475520627e-05  1.1348489269442158e-05   3.650699048627875e+32  1.3285561042183556e+30   1.3284248162690913e+30      1.312879492642883e+26   3.649734109402267e+32   9.649392256079576e+28  1130376.0095189626      1130330.8867907785         45.12272818422898   1160660.7957520823        1160592.433587572          68.36216451019261  3.0092742021400328e+47   3.009012601952284e+47       2.616001877489e+43   0.011953465023901908   0.013481797455794335   0.021370164899129854   0.024434584827151516    0.04090884982517913   0.06510886332052214   0.09118948072496244   0.009615096997868089  0.033533898878679455   0.06050882709484927   0.07890611139753023   0.09545462186385124 
 T17-0731         5331.621618212639             2324.422360219645       0.012867927370724556           0.009538603621203819    367210.96206366917         93588.86305105624   0.004741436949073631  0.00036996630051968596   0.005548804738977937   0.0005910819005073072   0.008759510878174137   0.0006431829509737465   0.010091490856167585   0.0006348409456919945  0.016362369571095943    0.000312676650059006  0.025556346153883507   0.0007322005519824295   0.03567117688171659   0.0011325209275271572   0.013549136685665552   0.0004276248173746614  0.030814864255513323   0.0009242697033755313  0.023870400640739104   0.0005668867231059609  0.0037550634603264565  0.00026997154899885157  0.037575264321677695   0.0011327699801677081   4.984699221736939      0.45315447470335807        6000.0                20.0             6000.0               0.0                50.0             5000.0       2361.9952045384343               1.0                      0.03                                   10.0  13728.314005334232             2.4015490534256495e+23                0.001825   471741.99233507196  0.00010109121683664143  0.00010125340084130667  0.00010110632940900978   1.491565069800385e+32  3.0986896270873235e+29   3.0907861003169745e+29      7.903526770348606e+26  1.4865319075575122e+32   5.033162242872926e+29  166899.27342880907      166584.18566383884        315.08776497023814   304842.71890626213        304146.7433771423          695.9755291198597   3.034710434622814e+46    3.02794682794995e+46    6.763606672864272e+43    0.00481553963965288   0.005778605897410951   0.009174133070506654   0.010797301398559965      0.016968742118311  0.025776841338748014  0.034483053374643004   0.003711701841828846   0.01418967137174087  0.024309281531960453  0.030315038824371282   0.03638858712541764 
 T17-0880         4816.061582361273             2468.982791627887       0.008636448084571568           0.008498145122040394    263816.73060669925         72814.59197066179   0.005144202349599571    0.000536160959187528     0.0062801075410347   0.0008097140386543953   0.009220147243121313   0.0007145209673141018   0.010297375038407107   0.0005959376720491318  0.015755159612349117    0.000415772930068196  0.023014585565574418   0.0006987946220885951  0.031371168795729515    0.001827071101671209   0.013251604907569827   0.0004330689488424802   0.02742798188113935    0.000991105633635018  0.021708018062949103   0.0005711915081676379   0.004000536687123903   0.0003659145503286058   0.03291894249329988    0.002324496158858014   6.806852779888011       0.6188047981716374        5000.0                20.0             5000.0               0.0                50.0             5000.0       1904.8937323785708               1.0                      0.02                                   10.0  13728.314005334232             2.4015490534256495e+23                0.001825   344295.90801482514   9.587987103782061e-05   9.587331916503143e-05   9.587979905077991e-05  1.3597499805510132e+32  2.3236861213763508e+29    2.316420358267167e+29      7.265763109183746e+26  1.3542684209173515e+32   5.481559633661504e+29    144878.946559619       144509.9819169118         368.9646427072113   199416.96145520572       198827.12810740515          589.8333478005876   5.164353064548032e+46   5.150020394102557e+46   1.4332670445474842e+44  0.0051387182592298455  0.0063502964371918375   0.009613952600746722   0.010920320113157987    0.01610915194170184  0.022946455559039413  0.030947900053258766    0.00395782201240351  0.013749929759264557  0.021870603560590795  0.027050220811594028  0.032820057161787514 
