{
    "id": "gaia_xp_spectrum_6137537712281382912-Ref",
    "F0352_uJAVA": 16.95328140258789,
    "F0378": 16.774072647094727,
    "F0395": 16.633237838745117,
    "F0410": 16.18901824951172,
    "F0430": 16.08157730102539,
    "F0475_gSDSS": 15.810210227966309,
    "F0515": 15.64510440826416,
    "F0626_rSDSS": 15.392306327819824,
    "F0660": 15.36442756652832,
    "F0769_iSDSS": 15.250534057617188,
    "F0861": 15.217641830444336,
    "F0883_zSDSS": 15.207184791564941
}