{
    "id": "gaia_xp_spectrum_6137918078881259136-Ref",
    "F0352_uJAVA": 16.499698638916016,
    "F0378": 16.24193572998047,
    "F0395": 16.231998443603516,
    "F0410": 15.688158988952637,
    "F0430": 15.604466438293457,
    "F0475_gSDSS": 15.265986442565918,
    "F0515": 15.094376564025879,
    "F0626_rSDSS": 14.772789001464844,
    "F0660": 14.743425369262695,
    "F0769_iSDSS": 14.62662124633789,
    "F0861": 14.592265129089355,
    "F0883_zSDSS": 14.571544647216797
}