{
    "id": "gaia_xp_spectrum_6137538025815574272-Ref",
    "F0352_uJAVA": 16.655195236206055,
    "F0378": 16.41765594482422,
    "F0395": 16.382057189941406,
    "F0410": 15.79636001586914,
    "F0430": 15.753839492797852,
    "F0475_gSDSS": 15.355413436889648,
    "F0515": 15.178465843200684,
    "F0626_rSDSS": 14.850777626037598,
    "F0660": 14.806253433227539,
    "F0769_iSDSS": 14.707470893859863,
    "F0861": 14.686568260192871,
    "F0883_zSDSS": 14.659807205200195
}