{
    "id": "gaia_xp_spectrum_6137561630955641856-Ref",
    "F0352_uJAVA": 16.337112426757812,
    "F0378": 16.030290603637695,
    "F0395": 15.850107192993164,
    "F0410": 15.47378921508789,
    "F0430": 15.395814895629883,
    "F0475_gSDSS": 15.185263633728027,
    "F0515": 15.053863525390625,
    "F0626_rSDSS": 14.858817100524902,
    "F0660": 14.839337348937988,
    "F0769_iSDSS": 14.779473304748535,
    "F0861": 14.788846969604492,
    "F0883_zSDSS": 14.76286506652832
}