{
    "id": "gaia_xp_spectrum_6137490746815491200-Ref",
    "F0352_uJAVA": 17.011459350585938,
    "F0378": 16.760866165161133,
    "F0395": 16.57023811340332,
    "F0410": 16.167415618896484,
    "F0430": 16.085481643676758,
    "F0475_gSDSS": 15.876167297363281,
    "F0515": 15.7352876663208,
    "F0626_rSDSS": 15.546842575073242,
    "F0660": 15.543880462646484,
    "F0769_iSDSS": 15.460680961608887,
    "F0861": 15.466429710388184,
    "F0883_zSDSS": 15.451051712036133
}