{
    "id": "gaia_xp_spectrum_6137865920798025088-Ref",
    "F0352_uJAVA": 16.34043312072754,
    "F0378": 16.15034294128418,
    "F0395": 15.992237091064453,
    "F0410": 15.532571792602539,
    "F0430": 15.504159927368164,
    "F0475_gSDSS": 15.173635482788086,
    "F0515": 15.013096809387207,
    "F0626_rSDSS": 14.714005470275879,
    "F0660": 14.672749519348145,
    "F0769_iSDSS": 14.570969581604004,
    "F0861": 14.53897476196289,
    "F0883_zSDSS": 14.52160358428955
}