{
    "id": "gaia_xp_spectrum_6137531050788391040-Ref",
    "F0352_uJAVA": 16.517868041992188,
    "F0378": 16.44411277770996,
    "F0395": 16.385055541992188,
    "F0410": 15.69948959350586,
    "F0430": 15.632580757141113,
    "F0475_gSDSS": 15.25402545928955,
    "F0515": 15.084012985229492,
    "F0626_rSDSS": 14.752927780151367,
    "F0660": 14.709456443786621,
    "F0769_iSDSS": 14.607483863830566,
    "F0861": 14.581573486328125,
    "F0883_zSDSS": 14.56247615814209
}