{
    "id": "gaia_xp_spectrum_6137913886993200896-Ref",
    "F0352_uJAVA": 16.62961196899414,
    "F0378": 16.576250076293945,
    "F0395": 16.41006088256836,
    "F0410": 15.638075828552246,
    "F0430": 15.502346992492676,
    "F0475_gSDSS": 14.863633155822754,
    "F0515": 14.614364624023438,
    "F0626_rSDSS": 14.032807350158691,
    "F0660": 13.932696342468262,
    "F0769_iSDSS": 13.712575912475586,
    "F0861": 13.59045696258545,
    "F0883_zSDSS": 13.544581413269043
}