{
    "id": "gaia_xp_spectrum_6137913749554252160-Ref",
    "F0352_uJAVA": 16.42779541015625,
    "F0378": 16.34766387939453,
    "F0395": 16.17003059387207,
    "F0410": 15.639162063598633,
    "F0430": 15.55993366241455,
    "F0475_gSDSS": 15.2090482711792,
    "F0515": 15.040949821472168,
    "F0626_rSDSS": 14.720468521118164,
    "F0660": 14.686518669128418,
    "F0769_iSDSS": 14.579466819763184,
    "F0861": 14.558724403381348,
    "F0883_zSDSS": 14.532581329345703
}