{
    "id": "gaia_xp_spectrum_6137538335053141504-Ref",
    "F0352_uJAVA": 16.656057357788086,
    "F0378": 16.591527938842773,
    "F0395": 16.440078735351562,
    "F0410": 15.822569847106934,
    "F0430": 15.71213436126709,
    "F0475_gSDSS": 15.2499418258667,
    "F0515": 15.086701393127441,
    "F0626_rSDSS": 14.613310813903809,
    "F0660": 14.544687271118164,
    "F0769_iSDSS": 14.410969734191895,
    "F0861": 14.357440948486328,
    "F0883_zSDSS": 14.320574760437012
}