{
    "id": "gaia_xp_spectrum_6137867054669804544-Ref",
    "F0352_uJAVA": 16.11163330078125,
    "F0378": 16.077695846557617,
    "F0395": 15.908068656921387,
    "F0410": 15.192329406738281,
    "F0430": 15.118239402770996,
    "F0475_gSDSS": 14.63939094543457,
    "F0515": 14.446404457092285,
    "F0626_rSDSS": 14.035000801086426,
    "F0660": 13.98183536529541,
    "F0769_iSDSS": 13.85864543914795,
    "F0861": 13.810033798217773,
    "F0883_zSDSS": 13.785911560058594
}