{
    "id": "gaia_xp_spectrum_6137558298060992768-Ref",
    "F0352_uJAVA": 16.444496154785156,
    "F0378": 16.323694229125977,
    "F0395": 16.21103858947754,
    "F0410": 15.650993347167969,
    "F0430": 15.596769332885742,
    "F0475_gSDSS": 15.191164016723633,
    "F0515": 15.002031326293945,
    "F0626_rSDSS": 14.657734870910645,
    "F0660": 14.602819442749023,
    "F0769_iSDSS": 14.497435569763184,
    "F0861": 14.470491409301758,
    "F0883_zSDSS": 14.437704086303711
}