{
    "id": "gaia_xp_spectrum_6137533799567457408-Ref",
    "F0352_uJAVA": 16.928699493408203,
    "F0378": 16.876632690429688,
    "F0395": 16.6683292388916,
    "F0410": 15.921924591064453,
    "F0430": 15.793375968933105,
    "F0475_gSDSS": 15.333854675292969,
    "F0515": 15.151695251464844,
    "F0626_rSDSS": 14.720911979675293,
    "F0660": 14.663986206054688,
    "F0769_iSDSS": 14.547563552856445,
    "F0861": 14.5093355178833,
    "F0883_zSDSS": 14.480765342712402
}