{
    "id": "gaia_xp_spectrum_6137931616617692800-Ref",
    "F0352_uJAVA": 16.198741912841797,
    "F0378": 15.996459007263184,
    "F0395": 15.987473487854004,
    "F0410": 15.455033302307129,
    "F0430": 15.404361724853516,
    "F0475_gSDSS": 15.054328918457031,
    "F0515": 14.884903907775879,
    "F0626_rSDSS": 14.553901672363281,
    "F0660": 14.504915237426758,
    "F0769_iSDSS": 14.394474983215332,
    "F0861": 14.353351593017578,
    "F0883_zSDSS": 14.328187942504883
}