{
    "id": "gaia_xp_spectrum_6137537613498632704-Ref",
    "F0352_uJAVA": 16.903512954711914,
    "F0378": 16.629350662231445,
    "F0395": 16.67024803161621,
    "F0410": 16.08907699584961,
    "F0430": 16.020483016967773,
    "F0475_gSDSS": 15.705734252929688,
    "F0515": 15.558094024658203,
    "F0626_rSDSS": 15.262020111083984,
    "F0660": 15.227585792541504,
    "F0769_iSDSS": 15.143292427062988,
    "F0861": 15.134045600891113,
    "F0883_zSDSS": 15.105605125427246
}