{
    "id": "gaia_xp_spectrum_6137556854951995904-Ref",
    "F0352_uJAVA": 16.366167068481445,
    "F0378": 16.23170280456543,
    "F0395": 16.202251434326172,
    "F0410": 15.474262237548828,
    "F0430": 15.382372856140137,
    "F0475_gSDSS": 14.809359550476074,
    "F0515": 14.586755752563477,
    "F0626_rSDSS": 14.069378852844238,
    "F0660": 13.982914924621582,
    "F0769_iSDSS": 13.79568862915039,
    "F0861": 13.703032493591309,
    "F0883_zSDSS": 13.656822204589844
}