{
    "id": "gaia_xp_spectrum_6137921480494875904-Ref",
    "F0352_uJAVA": 15.83082389831543,
    "F0378": 15.642962455749512,
    "F0395": 15.555817604064941,
    "F0410": 15.06794548034668,
    "F0430": 15.000892639160156,
    "F0475_gSDSS": 14.684654235839844,
    "F0515": 14.540620803833008,
    "F0626_rSDSS": 14.231941223144531,
    "F0660": 14.196303367614746,
    "F0769_iSDSS": 14.100591659545898,
    "F0861": 14.082728385925293,
    "F0883_zSDSS": 14.054367065429688
}