{
    "id": "gaia_xp_spectrum_6137917872722830464-Ref",
    "F0352_uJAVA": 16.85797882080078,
    "F0378": 16.635093688964844,
    "F0395": 16.562904357910156,
    "F0410": 16.107402801513672,
    "F0430": 16.048336029052734,
    "F0475_gSDSS": 15.746294975280762,
    "F0515": 15.58290958404541,
    "F0626_rSDSS": 15.315841674804688,
    "F0660": 15.286417961120605,
    "F0769_iSDSS": 15.186957359313965,
    "F0861": 15.16166877746582,
    "F0883_zSDSS": 15.146332740783691
}