{
    "id": "gaia_xp_spectrum_6137535929871439616-Ref",
    "F0352_uJAVA": 16.812591552734375,
    "F0378": 16.572439193725586,
    "F0395": 16.448474884033203,
    "F0410": 16.003660202026367,
    "F0430": 15.936674118041992,
    "F0475_gSDSS": 15.610021591186523,
    "F0515": 15.442094802856445,
    "F0626_rSDSS": 15.147727966308594,
    "F0660": 15.108532905578613,
    "F0769_iSDSS": 15.000518798828125,
    "F0861": 14.977781295776367,
    "F0883_zSDSS": 14.9488525390625
}