{
    "id": "gaia_xp_spectrum_6137543729532078720-Ref",
    "F0352_uJAVA": 16.34668731689453,
    "F0378": 16.11228370666504,
    "F0395": 16.134382247924805,
    "F0410": 15.6153564453125,
    "F0430": 15.564431190490723,
    "F0475_gSDSS": 15.173760414123535,
    "F0515": 14.997442245483398,
    "F0626_rSDSS": 14.668177604675293,
    "F0660": 14.61595344543457,
    "F0769_iSDSS": 14.505583763122559,
    "F0861": 14.463024139404297,
    "F0883_zSDSS": 14.4373197555542
}