{
    "id": "gaia_xp_spectrum_6137557232909122560-Ref",
    "F0352_uJAVA": 16.746065139770508,
    "F0378": 16.562793731689453,
    "F0395": 16.59722900390625,
    "F0410": 15.93264389038086,
    "F0430": 15.889164924621582,
    "F0475_gSDSS": 15.473098754882812,
    "F0515": 15.289684295654297,
    "F0626_rSDSS": 14.950989723205566,
    "F0660": 14.897119522094727,
    "F0769_iSDSS": 14.807624816894531,
    "F0861": 14.777473449707031,
    "F0883_zSDSS": 14.756957054138184
}