{
    "id": "gaia_xp_spectrum_6137552555688086016-Ref",
    "F0352_uJAVA": 16.86370277404785,
    "F0378": 16.614463806152344,
    "F0395": 16.637529373168945,
    "F0410": 16.09634780883789,
    "F0430": 16.067766189575195,
    "F0475_gSDSS": 15.742446899414062,
    "F0515": 15.57235336303711,
    "F0626_rSDSS": 15.30006217956543,
    "F0660": 15.275060653686523,
    "F0769_iSDSS": 15.171277046203613,
    "F0861": 15.143624305725098,
    "F0883_zSDSS": 15.13248062133789
}