{
    "id": "gaia_xp_spectrum_6137866779791904640-Ref",
    "F0352_uJAVA": 16.177560806274414,
    "F0378": 16.144094467163086,
    "F0395": 16.11835479736328,
    "F0410": 15.52298641204834,
    "F0430": 15.486330032348633,
    "F0475_gSDSS": 15.115128517150879,
    "F0515": 14.94444465637207,
    "F0626_rSDSS": 14.60201358795166,
    "F0660": 14.541094779968262,
    "F0769_iSDSS": 14.441642761230469,
    "F0861": 14.405013084411621,
    "F0883_zSDSS": 14.37021255493164
}