{
    "id": "gaia_xp_spectrum_6137554518489755520-Ref",
    "F0352_uJAVA": 16.148073196411133,
    "F0378": 15.98940658569336,
    "F0395": 16.00882911682129,
    "F0410": 15.32395076751709,
    "F0430": 15.260824203491211,
    "F0475_gSDSS": 14.804774284362793,
    "F0515": 14.63724136352539,
    "F0626_rSDSS": 14.14795970916748,
    "F0660": 14.06743335723877,
    "F0769_iSDSS": 13.924463272094727,
    "F0861": 13.852322578430176,
    "F0883_zSDSS": 13.818973541259766
}