{
    "id": "gaia_xp_spectrum_6137866431896790784-Ref",
    "F0352_uJAVA": 16.270227432250977,
    "F0378": 16.000986099243164,
    "F0395": 15.896145820617676,
    "F0410": 15.504262924194336,
    "F0430": 15.43999195098877,
    "F0475_gSDSS": 15.174288749694824,
    "F0515": 15.044432640075684,
    "F0626_rSDSS": 14.766244888305664,
    "F0660": 14.744423866271973,
    "F0769_iSDSS": 14.64580249786377,
    "F0861": 14.620040893554688,
    "F0883_zSDSS": 14.603571891784668
}