{
    "id": "gaia_xp_spectrum_6137914436749007744-Ref",
    "F0352_uJAVA": 15.903634071350098,
    "F0378": 15.658393859863281,
    "F0395": 15.541570663452148,
    "F0410": 15.076765060424805,
    "F0430": 14.99185562133789,
    "F0475_gSDSS": 14.710271835327148,
    "F0515": 14.55129623413086,
    "F0626_rSDSS": 14.2816743850708,
    "F0660": 14.254939079284668,
    "F0769_iSDSS": 14.153310775756836,
    "F0861": 14.13538646697998,
    "F0883_zSDSS": 14.1065092086792
}