{
    "id": "gaia_xp_spectrum_6137917975802044672-Ref",
    "F0352_uJAVA": 16.497177124023438,
    "F0378": 16.321352005004883,
    "F0395": 16.253318786621094,
    "F0410": 15.705012321472168,
    "F0430": 15.647862434387207,
    "F0475_gSDSS": 15.284601211547852,
    "F0515": 15.124045372009277,
    "F0626_rSDSS": 14.783987998962402,
    "F0660": 14.733449935913086,
    "F0769_iSDSS": 14.625624656677246,
    "F0861": 14.586730003356934,
    "F0883_zSDSS": 14.563359260559082
}