{
    "id": "gaia_xp_spectrum_6137919762507952768-Ref",
    "F0352_uJAVA": 16.61243438720703,
    "F0378": 16.546131134033203,
    "F0395": 16.540904998779297,
    "F0410": 15.836495399475098,
    "F0430": 15.783546447753906,
    "F0475_gSDSS": 15.370771408081055,
    "F0515": 15.182401657104492,
    "F0626_rSDSS": 14.802489280700684,
    "F0660": 14.744219779968262,
    "F0769_iSDSS": 14.615158081054688,
    "F0861": 14.553290367126465,
    "F0883_zSDSS": 14.534063339233398
}