{
    "id": "gaia_xp_spectrum_6137543793953882496-Ref",
    "F0352_uJAVA": 16.173851013183594,
    "F0378": 16.096580505371094,
    "F0395": 16.100358963012695,
    "F0410": 15.374066352844238,
    "F0430": 15.329299926757812,
    "F0475_gSDSS": 14.86440372467041,
    "F0515": 14.680562019348145,
    "F0626_rSDSS": 14.283029556274414,
    "F0660": 14.209054946899414,
    "F0769_iSDSS": 14.10987663269043,
    "F0861": 14.069099426269531,
    "F0883_zSDSS": 14.037883758544922
}