{
    "id": "gaia_xp_spectrum_6137862794061828736-Ref",
    "F0352_uJAVA": 16.342880249023438,
    "F0378": 16.12873649597168,
    "F0395": 16.041526794433594,
    "F0410": 15.48223876953125,
    "F0430": 15.381704330444336,
    "F0475_gSDSS": 15.01171875,
    "F0515": 14.842216491699219,
    "F0626_rSDSS": 14.490415573120117,
    "F0660": 14.454658508300781,
    "F0769_iSDSS": 14.34254264831543,
    "F0861": 14.315169334411621,
    "F0883_zSDSS": 14.28439712524414
}