{
    "id": "gaia_xp_spectrum_6137535448834932480-Ref",
    "F0352_uJAVA": 16.642108917236328,
    "F0378": 16.32361602783203,
    "F0395": 16.259374618530273,
    "F0410": 15.820265769958496,
    "F0430": 15.742136001586914,
    "F0475_gSDSS": 15.493019104003906,
    "F0515": 15.345329284667969,
    "F0626_rSDSS": 15.096059799194336,
    "F0660": 15.058375358581543,
    "F0769_iSDSS": 14.981107711791992,
    "F0861": 14.978626251220703,
    "F0883_zSDSS": 14.94688606262207
}