{
    "id": "gaia_xp_spectrum_6137867295187970432-Ref",
    "F0352_uJAVA": 16.8289794921875,
    "F0378": 16.608352661132812,
    "F0395": 16.533018112182617,
    "F0410": 16.050823211669922,
    "F0430": 15.971578598022461,
    "F0475_gSDSS": 15.615911483764648,
    "F0515": 15.447680473327637,
    "F0626_rSDSS": 15.110705375671387,
    "F0660": 15.061663627624512,
    "F0769_iSDSS": 14.94408130645752,
    "F0861": 14.898849487304688,
    "F0883_zSDSS": 14.87852954864502
}