{
    "id": "gaia_xp_spectrum_6137914539828228736-Ref",
    "F0352_uJAVA": 15.897385597229004,
    "F0378": 15.820306777954102,
    "F0395": 15.715861320495605,
    "F0410": 15.06800651550293,
    "F0430": 15.03001594543457,
    "F0475_gSDSS": 14.604853630065918,
    "F0515": 14.43327522277832,
    "F0626_rSDSS": 14.067909240722656,
    "F0660": 14.015124320983887,
    "F0769_iSDSS": 13.910528182983398,
    "F0861": 13.872730255126953,
    "F0883_zSDSS": 13.848538398742676
}