{
    "id": "gaia_xp_spectrum_6137868390401872768-Ref",
    "F0352_uJAVA": 16.192420959472656,
    "F0378": 16.017213821411133,
    "F0395": 15.871405601501465,
    "F0410": 15.345148086547852,
    "F0430": 15.276565551757812,
    "F0475_gSDSS": 14.918221473693848,
    "F0515": 14.734492301940918,
    "F0626_rSDSS": 14.427936553955078,
    "F0660": 14.382813453674316,
    "F0769_iSDSS": 14.27846908569336,
    "F0861": 14.252023696899414,
    "F0883_zSDSS": 14.22623348236084
}