{
    "id": "gaia_xp_spectrum_6137538300693401984-Ref",
    "F0352_uJAVA": 15.712258338928223,
    "F0378": 15.530871391296387,
    "F0395": 15.520668029785156,
    "F0410": 14.96391487121582,
    "F0430": 14.919182777404785,
    "F0475_gSDSS": 14.58244514465332,
    "F0515": 14.427810668945312,
    "F0626_rSDSS": 14.112060546875,
    "F0660": 14.067750930786133,
    "F0769_iSDSS": 13.965860366821289,
    "F0861": 13.932522773742676,
    "F0883_zSDSS": 13.911492347717285
}