{
    "id": "gaia_xp_spectrum_6137538884808955008-Ref",
    "F0352_uJAVA": 16.375354766845703,
    "F0378": 16.405927658081055,
    "F0395": 16.265541076660156,
    "F0410": 15.543591499328613,
    "F0430": 15.45769214630127,
    "F0475_gSDSS": 14.963329315185547,
    "F0515": 14.789864540100098,
    "F0626_rSDSS": 14.34610366821289,
    "F0660": 14.284096717834473,
    "F0769_iSDSS": 14.166876792907715,
    "F0861": 14.122578620910645,
    "F0883_zSDSS": 14.094770431518555
}