{
    "id": "gaia_xp_spectrum_6137913990072422528-Ref",
    "F0352_uJAVA": 16.13170623779297,
    "F0378": 15.93864917755127,
    "F0395": 15.82384967803955,
    "F0410": 15.374638557434082,
    "F0430": 15.325240135192871,
    "F0475_gSDSS": 15.004165649414062,
    "F0515": 14.84430980682373,
    "F0626_rSDSS": 14.558987617492676,
    "F0660": 14.520462036132812,
    "F0769_iSDSS": 14.41730785369873,
    "F0861": 14.394695281982422,
    "F0883_zSDSS": 14.369421005249023
}