{
    "id": "gaia_xp_spectrum_6137536410907780992-Ref",
    "F0352_uJAVA": 16.572290420532227,
    "F0378": 16.54238510131836,
    "F0395": 16.313243865966797,
    "F0410": 15.721567153930664,
    "F0430": 15.632916450500488,
    "F0475_gSDSS": 15.137596130371094,
    "F0515": 14.927512168884277,
    "F0626_rSDSS": 14.50080394744873,
    "F0660": 14.415576934814453,
    "F0769_iSDSS": 14.292250633239746,
    "F0861": 14.226794242858887,
    "F0883_zSDSS": 14.20003890991211
}