{
    "id": "gaia_xp_spectrum_6137868910095291008-Ref",
    "F0352_uJAVA": 16.751235961914062,
    "F0378": 16.389320373535156,
    "F0395": 15.72850513458252,
    "F0410": 15.525924682617188,
    "F0430": 15.44441032409668,
    "F0475_gSDSS": 15.344670295715332,
    "F0515": 15.288379669189453,
    "F0626_rSDSS": 15.236370086669922,
    "F0660": 15.302328109741211,
    "F0769_iSDSS": 15.276623725891113,
    "F0861": 15.33271312713623,
    "F0883_zSDSS": 15.314542770385742
}