{
    "id": "gaia_xp_spectrum_6137555171324800128-Ref",
    "F0352_uJAVA": 16.70896339416504,
    "F0378": 16.60100555419922,
    "F0395": 16.398422241210938,
    "F0410": 15.867185592651367,
    "F0430": 15.818216323852539,
    "F0475_gSDSS": 15.461152076721191,
    "F0515": 15.306446075439453,
    "F0626_rSDSS": 14.999154090881348,
    "F0660": 14.966192245483398,
    "F0769_iSDSS": 14.873795509338379,
    "F0861": 14.8660888671875,
    "F0883_zSDSS": 14.838037490844727
}