{
    "id": "gaia_xp_spectrum_6137875335366404480-Ref",
    "F0352_uJAVA": 16.02587127685547,
    "F0378": 15.81545352935791,
    "F0395": 15.733351707458496,
    "F0410": 15.252050399780273,
    "F0430": 15.198493003845215,
    "F0475_gSDSS": 14.860708236694336,
    "F0515": 14.68374252319336,
    "F0626_rSDSS": 14.379343032836914,
    "F0660": 14.347564697265625,
    "F0769_iSDSS": 14.228142738342285,
    "F0861": 14.187858581542969,
    "F0883_zSDSS": 14.167126655578613
}