{
    "id": "gaia_xp_spectrum_6137867466986659712-Ref",
    "F0352_uJAVA": 16.854385375976562,
    "F0378": 16.624710083007812,
    "F0395": 16.52520179748535,
    "F0410": 16.077749252319336,
    "F0430": 16.046756744384766,
    "F0475_gSDSS": 15.69326400756836,
    "F0515": 15.531668663024902,
    "F0626_rSDSS": 15.213088989257812,
    "F0660": 15.180109024047852,
    "F0769_iSDSS": 15.05062198638916,
    "F0861": 15.008432388305664,
    "F0883_zSDSS": 14.98326301574707
}