{
    "id": "gaia_xp_spectrum_6137868635217377920-Ref",
    "F0352_uJAVA": 16.743438720703125,
    "F0378": 16.681676864624023,
    "F0395": 16.482860565185547,
    "F0410": 15.938700675964355,
    "F0430": 15.891352653503418,
    "F0475_gSDSS": 15.503592491149902,
    "F0515": 15.335864067077637,
    "F0626_rSDSS": 14.96738052368164,
    "F0660": 14.913199424743652,
    "F0769_iSDSS": 14.784991264343262,
    "F0861": 14.732183456420898,
    "F0883_zSDSS": 14.709405899047852
}