{
    "id": "gaia_xp_spectrum_6137539984320381696-Ref",
    "F0352_uJAVA": 16.973560333251953,
    "F0378": 16.760866165161133,
    "F0395": 16.737579345703125,
    "F0410": 16.223520278930664,
    "F0430": 16.151878356933594,
    "F0475_gSDSS": 15.79917049407959,
    "F0515": 15.64226245880127,
    "F0626_rSDSS": 15.29372501373291,
    "F0660": 15.2389554977417,
    "F0769_iSDSS": 15.139317512512207,
    "F0861": 15.094425201416016,
    "F0883_zSDSS": 15.07451057434082
}