{
    "id": "gaia_xp_spectrum_6137916704491403008-Ref",
    "F0352_uJAVA": 16.258831024169922,
    "F0378": 16.217086791992188,
    "F0395": 16.11697769165039,
    "F0410": 15.441548347473145,
    "F0430": 15.388509750366211,
    "F0475_gSDSS": 14.936994552612305,
    "F0515": 14.761110305786133,
    "F0626_rSDSS": 14.366616249084473,
    "F0660": 14.297730445861816,
    "F0769_iSDSS": 14.190084457397461,
    "F0861": 14.142427444458008,
    "F0883_zSDSS": 14.114470481872559
}