{
    "id": "gaia_xp_spectrum_6137558882176549632-Ref",
    "F0352_uJAVA": 15.608807563781738,
    "F0378": 15.354897499084473,
    "F0395": 15.216022491455078,
    "F0410": 14.84083366394043,
    "F0430": 14.786471366882324,
    "F0475_gSDSS": 14.56650447845459,
    "F0515": 14.439448356628418,
    "F0626_rSDSS": 14.241482734680176,
    "F0660": 14.2235746383667,
    "F0769_iSDSS": 14.162935256958008,
    "F0861": 14.156784057617188,
    "F0883_zSDSS": 14.14578628540039
}