{
    "id": "gaia_xp_spectrum_6137541839746287488-Ref",
    "F0352_uJAVA": 16.14322853088379,
    "F0378": 16.050825119018555,
    "F0395": 15.940326690673828,
    "F0410": 15.283666610717773,
    "F0430": 15.205822944641113,
    "F0475_gSDSS": 14.748424530029297,
    "F0515": 14.556015014648438,
    "F0626_rSDSS": 14.13688850402832,
    "F0660": 14.066202163696289,
    "F0769_iSDSS": 13.929123878479004,
    "F0861": 13.862674713134766,
    "F0883_zSDSS": 13.831268310546875
}