{
    "id": "gaia_xp_spectrum_6137559225773943168-Ref",
    "F0352_uJAVA": 16.425329208374023,
    "F0378": 16.251413345336914,
    "F0395": 16.28591537475586,
    "F0410": 15.537907600402832,
    "F0430": 15.426325798034668,
    "F0475_gSDSS": 14.888191223144531,
    "F0515": 14.635393142700195,
    "F0626_rSDSS": 14.161287307739258,
    "F0660": 14.076401710510254,
    "F0769_iSDSS": 13.889577865600586,
    "F0861": 13.790179252624512,
    "F0883_zSDSS": 13.751654624938965
}