{
    "id": "gaia_xp_spectrum_6137487035963858688-Ref",
    "F0352_uJAVA": 16.51435661315918,
    "F0378": 16.290342330932617,
    "F0395": 16.184345245361328,
    "F0410": 15.682173728942871,
    "F0430": 15.634127616882324,
    "F0475_gSDSS": 15.259512901306152,
    "F0515": 15.093746185302734,
    "F0626_rSDSS": 14.761327743530273,
    "F0660": 14.715142250061035,
    "F0769_iSDSS": 14.595648765563965,
    "F0861": 14.556255340576172,
    "F0883_zSDSS": 14.532120704650879
}