{
    "id": "gaia_xp_spectrum_6137922098970648960-Ref",
    "F0352_uJAVA": 16.425731658935547,
    "F0378": 16.335887908935547,
    "F0395": 16.2122745513916,
    "F0410": 15.550336837768555,
    "F0430": 15.441271781921387,
    "F0475_gSDSS": 15.043888092041016,
    "F0515": 14.85171890258789,
    "F0626_rSDSS": 14.479909896850586,
    "F0660": 14.423630714416504,
    "F0769_iSDSS": 14.320450782775879,
    "F0861": 14.28781795501709,
    "F0883_zSDSS": 14.26142692565918
}