{
    "id": "gaia_xp_spectrum_6137866298755156096-Ref",
    "F0352_uJAVA": 16.572980880737305,
    "F0378": 16.519100189208984,
    "F0395": 16.392684936523438,
    "F0410": 15.669805526733398,
    "F0430": 15.58847713470459,
    "F0475_gSDSS": 15.123486518859863,
    "F0515": 14.951870918273926,
    "F0626_rSDSS": 14.506150245666504,
    "F0660": 14.442706108093262,
    "F0769_iSDSS": 14.29200553894043,
    "F0861": 14.226422309875488,
    "F0883_zSDSS": 14.187807083129883
}