{
    "id": "gaia_xp_spectrum_6137866367474637568-Ref",
    "F0352_uJAVA": 16.4143123626709,
    "F0378": 16.221940994262695,
    "F0395": 16.156538009643555,
    "F0410": 15.558308601379395,
    "F0430": 15.517760276794434,
    "F0475_gSDSS": 15.096962928771973,
    "F0515": 14.890375137329102,
    "F0626_rSDSS": 14.541945457458496,
    "F0660": 14.486005783081055,
    "F0769_iSDSS": 14.359929084777832,
    "F0861": 14.31416130065918,
    "F0883_zSDSS": 14.283835411071777
}