{
    "id": "gaia_xp_spectrum_6137866367474637824-Ref",
    "F0352_uJAVA": 16.681997299194336,
    "F0378": 16.459728240966797,
    "F0395": 16.28736114501953,
    "F0410": 15.824336051940918,
    "F0430": 15.703085899353027,
    "F0475_gSDSS": 15.422924041748047,
    "F0515": 15.268336296081543,
    "F0626_rSDSS": 14.978621482849121,
    "F0660": 14.959761619567871,
    "F0769_iSDSS": 14.844975471496582,
    "F0861": 14.828429222106934,
    "F0883_zSDSS": 14.80195140838623
}