{
    "id": "gaia_xp_spectrum_6137933884360435968-Ref",
    "F0352_uJAVA": 16.72814178466797,
    "F0378": 16.770885467529297,
    "F0395": 16.7772274017334,
    "F0410": 16.065876007080078,
    "F0430": 16.028366088867188,
    "F0475_gSDSS": 15.548376083374023,
    "F0515": 15.370595932006836,
    "F0626_rSDSS": 14.931495666503906,
    "F0660": 14.872414588928223,
    "F0769_iSDSS": 14.720616340637207,
    "F0861": 14.646488189697266,
    "F0883_zSDSS": 14.62203311920166
}