{
    "id": "gaia_xp_spectrum_6137529946979952640-Ref",
    "F0352_uJAVA": 16.937055587768555,
    "F0378": 16.71525764465332,
    "F0395": 16.736791610717773,
    "F0410": 16.075342178344727,
    "F0430": 16.03978729248047,
    "F0475_gSDSS": 15.634383201599121,
    "F0515": 15.463061332702637,
    "F0626_rSDSS": 15.09560775756836,
    "F0660": 15.048481941223145,
    "F0769_iSDSS": 14.929097175598145,
    "F0861": 14.90153694152832,
    "F0883_zSDSS": 14.866382598876953
}