{
    "id": "gaia_xp_spectrum_6137555995958684800-Ref",
    "F0352_uJAVA": 16.66621208190918,
    "F0378": 16.155628204345703,
    "F0395": 15.878135681152344,
    "F0410": 15.646318435668945,
    "F0430": 15.560458183288574,
    "F0475_gSDSS": 15.373104095458984,
    "F0515": 15.262044906616211,
    "F0626_rSDSS": 15.037094116210938,
    "F0660": 15.010918617248535,
    "F0769_iSDSS": 14.927212715148926,
    "F0861": 14.8878812789917,
    "F0883_zSDSS": 14.872601509094238
}