{
    "id": "gaia_xp_spectrum_6137867604425220992-Ref",
    "F0352_uJAVA": 16.53465461730957,
    "F0378": 16.32061004638672,
    "F0395": 16.18113136291504,
    "F0410": 15.678780555725098,
    "F0430": 15.628177642822266,
    "F0475_gSDSS": 15.270208358764648,
    "F0515": 15.105998992919922,
    "F0626_rSDSS": 14.781414985656738,
    "F0660": 14.750022888183594,
    "F0769_iSDSS": 14.633122444152832,
    "F0861": 14.612533569335938,
    "F0883_zSDSS": 14.581007957458496
}