{
    "id": "gaia_xp_spectrum_6137865886438283392-Ref",
    "F0352_uJAVA": 16.943157196044922,
    "F0378": 16.662885665893555,
    "F0395": 16.553722381591797,
    "F0410": 16.11032485961914,
    "F0430": 16.039596557617188,
    "F0475_gSDSS": 15.781723022460938,
    "F0515": 15.635588645935059,
    "F0626_rSDSS": 15.374896049499512,
    "F0660": 15.349098205566406,
    "F0769_iSDSS": 15.244904518127441,
    "F0861": 15.212858200073242,
    "F0883_zSDSS": 15.197282791137695
}