{
    "id": "gaia_xp_spectrum_6137557507786998912-Ref",
    "F0352_uJAVA": 16.7332820892334,
    "F0378": 16.78447914123535,
    "F0395": 16.578893661499023,
    "F0410": 15.873251914978027,
    "F0430": 15.770479202270508,
    "F0475_gSDSS": 15.283576965332031,
    "F0515": 15.125869750976562,
    "F0626_rSDSS": 14.649796485900879,
    "F0660": 14.568426132202148,
    "F0769_iSDSS": 14.462018013000488,
    "F0861": 14.413479804992676,
    "F0883_zSDSS": 14.376385688781738
}