{
    "id": "gaia_xp_spectrum_6137922064610911744-Ref",
    "F0352_uJAVA": 16.77424430847168,
    "F0378": 16.535175323486328,
    "F0395": 16.382234573364258,
    "F0410": 15.985244750976562,
    "F0430": 15.943851470947266,
    "F0475_gSDSS": 15.652843475341797,
    "F0515": 15.506735801696777,
    "F0626_rSDSS": 15.246882438659668,
    "F0660": 15.212581634521484,
    "F0769_iSDSS": 15.124106407165527,
    "F0861": 15.09780502319336,
    "F0883_zSDSS": 15.083662986755371
}