{
    "id": "gaia_xp_spectrum_6137534108805103616-Ref",
    "F0352_uJAVA": 16.825977325439453,
    "F0378": 16.75608253479004,
    "F0395": 16.66570281982422,
    "F0410": 16.033647537231445,
    "F0430": 15.989463806152344,
    "F0475_gSDSS": 15.552020072937012,
    "F0515": 15.386021614074707,
    "F0626_rSDSS": 14.989395141601562,
    "F0660": 14.93525505065918,
    "F0769_iSDSS": 14.812883377075195,
    "F0861": 14.759020805358887,
    "F0883_zSDSS": 14.733095169067383
}