{
    "id": "gaia_xp_spectrum_6137489131907779968-Ref",
    "F0352_uJAVA": 16.64640998840332,
    "F0378": 16.481525421142578,
    "F0395": 16.450538635253906,
    "F0410": 15.816510200500488,
    "F0430": 15.726465225219727,
    "F0475_gSDSS": 15.291682243347168,
    "F0515": 15.111940383911133,
    "F0626_rSDSS": 14.703969955444336,
    "F0660": 14.637487411499023,
    "F0769_iSDSS": 14.512956619262695,
    "F0861": 14.464777946472168,
    "F0883_zSDSS": 14.436440467834473
}