{
    "id": "gaia_xp_spectrum_6137932917990689152-Ref",
    "F0352_uJAVA": 16.899080276489258,
    "F0378": 16.451995849609375,
    "F0395": 16.098546981811523,
    "F0410": 15.847726821899414,
    "F0430": 15.800419807434082,
    "F0475_gSDSS": 15.656298637390137,
    "F0515": 15.57747745513916,
    "F0626_rSDSS": 15.451000213623047,
    "F0660": 15.493680953979492,
    "F0769_iSDSS": 15.426116943359375,
    "F0861": 15.448805809020996,
    "F0883_zSDSS": 15.437593460083008
}