{
    "id": "gaia_xp_spectrum_6137489509865027328-Ref",
    "F0352_uJAVA": 16.91542625427246,
    "F0378": 16.758153915405273,
    "F0395": 16.771299362182617,
    "F0410": 16.084794998168945,
    "F0430": 16.018037796020508,
    "F0475_gSDSS": 15.557098388671875,
    "F0515": 15.354777336120605,
    "F0626_rSDSS": 14.91372013092041,
    "F0660": 14.839205741882324,
    "F0769_iSDSS": 14.669614791870117,
    "F0861": 14.60155200958252,
    "F0883_zSDSS": 14.558055877685547
}