{
    "id": "gaia_xp_spectrum_6137490162700052224-Ref",
    "F0352_uJAVA": 16.881671905517578,
    "F0378": 16.759510040283203,
    "F0395": 16.635404586791992,
    "F0410": 16.070598602294922,
    "F0430": 16.035322189331055,
    "F0475_gSDSS": 15.649272918701172,
    "F0515": 15.498011589050293,
    "F0626_rSDSS": 15.14970588684082,
    "F0660": 15.107277870178223,
    "F0769_iSDSS": 14.999486923217773,
    "F0861": 14.96706771850586,
    "F0883_zSDSS": 14.947603225708008
}