{
    "id": "gaia_xp_spectrum_6137530947709166592-Ref",
    "F0352_uJAVA": 16.470657348632812,
    "F0378": 16.48613929748535,
    "F0395": 16.27937126159668,
    "F0410": 15.569648742675781,
    "F0430": 15.496225357055664,
    "F0475_gSDSS": 14.985589027404785,
    "F0515": 14.810148239135742,
    "F0626_rSDSS": 14.35046100616455,
    "F0660": 14.293105125427246,
    "F0769_iSDSS": 14.164067268371582,
    "F0861": 14.115819931030273,
    "F0883_zSDSS": 14.086151123046875
}