{
    "id": "gaia_xp_spectrum_6137559535011593472-Ref",
    "F0352_uJAVA": 16.806047439575195,
    "F0378": 16.645278930664062,
    "F0395": 16.56855010986328,
    "F0410": 16.026123046875,
    "F0430": 15.994437217712402,
    "F0475_gSDSS": 15.633919715881348,
    "F0515": 15.453803062438965,
    "F0626_rSDSS": 15.125761985778809,
    "F0660": 15.067495346069336,
    "F0769_iSDSS": 14.95107364654541,
    "F0861": 14.896222114562988,
    "F0883_zSDSS": 14.870805740356445
}