{
    "id": "gaia_xp_spectrum_6137536960663595264-Ref",
    "F0352_uJAVA": 15.924424171447754,
    "F0378": 15.779095649719238,
    "F0395": 15.700535774230957,
    "F0410": 15.148061752319336,
    "F0430": 15.103058815002441,
    "F0475_gSDSS": 14.746565818786621,
    "F0515": 14.576221466064453,
    "F0626_rSDSS": 14.266279220581055,
    "F0660": 14.228865623474121,
    "F0769_iSDSS": 14.12051010131836,
    "F0861": 14.082720756530762,
    "F0883_zSDSS": 14.06871509552002
}