{
    "id": "gaia_xp_spectrum_6137544141848946176-Ref",
    "F0352_uJAVA": 16.783340454101562,
    "F0378": 16.459260940551758,
    "F0395": 16.401535034179688,
    "F0410": 15.834519386291504,
    "F0430": 15.663482666015625,
    "F0475_gSDSS": 15.064763069152832,
    "F0515": 14.774377822875977,
    "F0626_rSDSS": 14.177934646606445,
    "F0660": 14.061790466308594,
    "F0769_iSDSS": 13.80816650390625,
    "F0861": 13.657517433166504,
    "F0883_zSDSS": 13.61674690246582
}