{
    "id": "gaia_xp_spectrum_6137488444713008128-Ref",
    "F0352_uJAVA": 16.087730407714844,
    "F0378": 15.963292121887207,
    "F0395": 15.934139251708984,
    "F0410": 15.288923263549805,
    "F0430": 15.246142387390137,
    "F0475_gSDSS": 14.823307991027832,
    "F0515": 14.649442672729492,
    "F0626_rSDSS": 14.280060768127441,
    "F0660": 14.230356216430664,
    "F0769_iSDSS": 14.113077163696289,
    "F0861": 14.072839736938477,
    "F0883_zSDSS": 14.046514511108398
}