{
    "id": "gaia_xp_spectrum_6137867398266797696-Ref",
    "F0352_uJAVA": 16.804615020751953,
    "F0378": 16.619770050048828,
    "F0395": 16.534818649291992,
    "F0410": 16.036388397216797,
    "F0430": 15.949538230895996,
    "F0475_gSDSS": 15.651820182800293,
    "F0515": 15.496058464050293,
    "F0626_rSDSS": 15.180581092834473,
    "F0660": 15.149192810058594,
    "F0769_iSDSS": 15.02363395690918,
    "F0861": 14.993833541870117,
    "F0883_zSDSS": 14.965132713317871
}