{
    "id": "gaia_xp_spectrum_6137867570065479040-Ref",
    "F0352_uJAVA": 16.3712158203125,
    "F0378": 16.401371002197266,
    "F0395": 16.220617294311523,
    "F0410": 15.586709976196289,
    "F0430": 15.48119831085205,
    "F0475_gSDSS": 15.004118919372559,
    "F0515": 14.824503898620605,
    "F0626_rSDSS": 14.375205993652344,
    "F0660": 14.3272066116333,
    "F0769_iSDSS": 14.187005996704102,
    "F0861": 14.137328147888184,
    "F0883_zSDSS": 14.104560852050781
}