{
    "id": "gaia_xp_spectrum_6137553380321744896-Ref",
    "F0352_uJAVA": 16.94583511352539,
    "F0378": 16.373655319213867,
    "F0395": 16.068859100341797,
    "F0410": 15.89515209197998,
    "F0430": 15.82602310180664,
    "F0475_gSDSS": 15.70850658416748,
    "F0515": 15.659326553344727,
    "F0626_rSDSS": 15.363632202148438,
    "F0660": 15.326766014099121,
    "F0769_iSDSS": 15.237177848815918,
    "F0861": 15.198129653930664,
    "F0883_zSDSS": 15.18436336517334
}