{
    "id": "gaia_xp_spectrum_6137541667947593472-Ref",
    "F0352_uJAVA": 16.653966903686523,
    "F0378": 16.367769241333008,
    "F0395": 16.33111000061035,
    "F0410": 15.802382469177246,
    "F0430": 15.762504577636719,
    "F0475_gSDSS": 15.434253692626953,
    "F0515": 15.273028373718262,
    "F0626_rSDSS": 14.978788375854492,
    "F0660": 14.934880256652832,
    "F0769_iSDSS": 14.838578224182129,
    "F0861": 14.808756828308105,
    "F0883_zSDSS": 14.786848068237305
}