{
    "id": "gaia_xp_spectrum_6137491056053220992-Ref",
    "F0352_uJAVA": 16.843835830688477,
    "F0378": 16.719799041748047,
    "F0395": 16.692079544067383,
    "F0410": 15.97061538696289,
    "F0430": 15.916902542114258,
    "F0475_gSDSS": 15.453039169311523,
    "F0515": 15.271491050720215,
    "F0626_rSDSS": 14.845641136169434,
    "F0660": 14.793078422546387,
    "F0769_iSDSS": 14.660479545593262,
    "F0861": 14.61732292175293,
    "F0883_zSDSS": 14.582710266113281
}