{
    "id": "gaia_xp_spectrum_6137538369412950272-Ref",
    "F0352_uJAVA": 16.316497802734375,
    "F0378": 16.232954025268555,
    "F0395": 16.230491638183594,
    "F0410": 15.474860191345215,
    "F0430": 15.372872352600098,
    "F0475_gSDSS": 14.854660034179688,
    "F0515": 14.650193214416504,
    "F0626_rSDSS": 14.166054725646973,
    "F0660": 14.08169937133789,
    "F0769_iSDSS": 13.910435676574707,
    "F0861": 13.82697868347168,
    "F0883_zSDSS": 13.784346580505371
}