{
    "id": "gaia_xp_spectrum_6137869459851127168-Ref",
    "F0352_uJAVA": 15.975894927978516,
    "F0378": 15.777570724487305,
    "F0395": 15.633142471313477,
    "F0410": 15.164641380310059,
    "F0430": 15.084793090820312,
    "F0475_gSDSS": 14.749882698059082,
    "F0515": 14.583097457885742,
    "F0626_rSDSS": 14.284087181091309,
    "F0660": 14.23874568939209,
    "F0769_iSDSS": 14.146803855895996,
    "F0861": 14.127870559692383,
    "F0883_zSDSS": 14.102935791015625
}