{
    "id": "gaia_xp_spectrum_6137538094534970496-Ref",
    "F0352_uJAVA": 16.745790481567383,
    "F0378": 16.45370101928711,
    "F0395": 16.358518600463867,
    "F0410": 15.989538192749023,
    "F0430": 15.937295913696289,
    "F0475_gSDSS": 15.69853401184082,
    "F0515": 15.557332992553711,
    "F0626_rSDSS": 15.310959815979004,
    "F0660": 15.283364295959473,
    "F0769_iSDSS": 15.177450180053711,
    "F0861": 15.147743225097656,
    "F0883_zSDSS": 15.132675170898438
}