{
    "id": "gaia_xp_spectrum_6137914161871126400-Ref",
    "F0352_uJAVA": 16.385578155517578,
    "F0378": 16.315505981445312,
    "F0395": 16.14610481262207,
    "F0410": 15.463107109069824,
    "F0430": 15.39909839630127,
    "F0475_gSDSS": 14.966551780700684,
    "F0515": 14.797316551208496,
    "F0626_rSDSS": 14.414874076843262,
    "F0660": 14.36589527130127,
    "F0769_iSDSS": 14.263274192810059,
    "F0861": 14.236355781555176,
    "F0883_zSDSS": 14.207266807556152
}