{
    "id": "gaia_xp_spectrum_6137936014664179584-Ref",
    "F0352_uJAVA": 16.334508895874023,
    "F0378": 16.13519287109375,
    "F0395": 16.08580780029297,
    "F0410": 15.63183307647705,
    "F0430": 15.575174331665039,
    "F0475_gSDSS": 15.2406005859375,
    "F0515": 15.0853853225708,
    "F0626_rSDSS": 14.76174545288086,
    "F0660": 14.722649574279785,
    "F0769_iSDSS": 14.609363555908203,
    "F0861": 14.58587646484375,
    "F0883_zSDSS": 14.553942680358887
}