{
    "id": "gaia_xp_spectrum_6137866951590591360-Ref",
    "F0352_uJAVA": 15.988558769226074,
    "F0378": 15.817397117614746,
    "F0395": 15.723567962646484,
    "F0410": 15.148188591003418,
    "F0430": 15.050177574157715,
    "F0475_gSDSS": 14.6729097366333,
    "F0515": 14.486518859863281,
    "F0626_rSDSS": 14.154816627502441,
    "F0660": 14.103991508483887,
    "F0769_iSDSS": 14.01010513305664,
    "F0861": 13.98210620880127,
    "F0883_zSDSS": 13.95522689819336
}