{
    "id": "gaia_xp_spectrum_6137533249811645952-Ref",
    "F0352_uJAVA": 16.349815368652344,
    "F0378": 16.312820434570312,
    "F0395": 16.176851272583008,
    "F0410": 15.451899528503418,
    "F0430": 15.385628700256348,
    "F0475_gSDSS": 14.8804292678833,
    "F0515": 14.712516784667969,
    "F0626_rSDSS": 14.25084114074707,
    "F0660": 14.1755952835083,
    "F0769_iSDSS": 14.050163269042969,
    "F0861": 13.996575355529785,
    "F0883_zSDSS": 13.96732234954834
}