{
    "id": "gaia_xp_spectrum_6137919174095173120-Ref",
    "F0352_uJAVA": 16.098960876464844,
    "F0378": 15.91057014465332,
    "F0395": 15.80866527557373,
    "F0410": 15.360661506652832,
    "F0430": 15.301787376403809,
    "F0475_gSDSS": 14.973541259765625,
    "F0515": 14.816959381103516,
    "F0626_rSDSS": 14.50195598602295,
    "F0660": 14.456936836242676,
    "F0769_iSDSS": 14.35282039642334,
    "F0861": 14.317307472229004,
    "F0883_zSDSS": 14.292741775512695
}