{
    "id": "gaia_xp_spectrum_6137539090967386368-Ref",
    "F0352_uJAVA": 15.701345443725586,
    "F0378": 15.441810607910156,
    "F0395": 15.35618782043457,
    "F0410": 14.987277030944824,
    "F0430": 14.891155242919922,
    "F0475_gSDSS": 14.63870906829834,
    "F0515": 14.492920875549316,
    "F0626_rSDSS": 14.254981994628906,
    "F0660": 14.240117073059082,
    "F0769_iSDSS": 14.148589134216309,
    "F0861": 14.142119407653809,
    "F0883_zSDSS": 14.12190055847168
}