{
    "id": "gaia_xp_spectrum_6137558710377853824-Ref",
    "F0352_uJAVA": 16.868675231933594,
    "F0378": 16.65433692932129,
    "F0395": 16.612730026245117,
    "F0410": 16.106861114501953,
    "F0430": 16.043136596679688,
    "F0475_gSDSS": 15.708046913146973,
    "F0515": 15.58080005645752,
    "F0626_rSDSS": 15.216073989868164,
    "F0660": 15.17001724243164,
    "F0769_iSDSS": 15.044656753540039,
    "F0861": 15.006711959838867,
    "F0883_zSDSS": 14.97730827331543
}