{
    "id": "gaia_xp_spectrum_6137862965860523136-Ref",
    "F0352_uJAVA": 16.621612548828125,
    "F0378": 16.526094436645508,
    "F0395": 16.36408042907715,
    "F0410": 15.749444007873535,
    "F0430": 15.64126968383789,
    "F0475_gSDSS": 15.217012405395508,
    "F0515": 15.045048713684082,
    "F0626_rSDSS": 14.654093742370605,
    "F0660": 14.605428695678711,
    "F0769_iSDSS": 14.494579315185547,
    "F0861": 14.468592643737793,
    "F0883_zSDSS": 14.43234634399414
}