{
    "id": "gaia_xp_spectrum_6137556373915641600-Ref",
    "F0352_uJAVA": 16.78135108947754,
    "F0378": 16.547534942626953,
    "F0395": 16.571401596069336,
    "F0410": 15.937726974487305,
    "F0430": 15.903643608093262,
    "F0475_gSDSS": 15.476686477661133,
    "F0515": 15.311237335205078,
    "F0626_rSDSS": 14.912047386169434,
    "F0660": 14.864151000976562,
    "F0769_iSDSS": 14.734143257141113,
    "F0861": 14.68810749053955,
    "F0883_zSDSS": 14.655673027038574
}