{
    "id": "gaia_xp_spectrum_6137935980304439936-Ref",
    "F0352_uJAVA": 16.791038513183594,
    "F0378": 16.672758102416992,
    "F0395": 16.626523971557617,
    "F0410": 15.971892356872559,
    "F0430": 15.931276321411133,
    "F0475_gSDSS": 15.4778413772583,
    "F0515": 15.311026573181152,
    "F0626_rSDSS": 14.899145126342773,
    "F0660": 14.848472595214844,
    "F0769_iSDSS": 14.728288650512695,
    "F0861": 14.685356140136719,
    "F0883_zSDSS": 14.660744667053223
}