{
    "id": "gaia_xp_spectrum_6137538949231578240-Ref",
    "F0352_uJAVA": 16.88443946838379,
    "F0378": 16.63276481628418,
    "F0395": 16.623905181884766,
    "F0410": 16.111316680908203,
    "F0430": 16.036964416503906,
    "F0475_gSDSS": 15.552327156066895,
    "F0515": 15.314130783081055,
    "F0626_rSDSS": 14.829819679260254,
    "F0660": 14.728304862976074,
    "F0769_iSDSS": 14.526524543762207,
    "F0861": 14.406991004943848,
    "F0883_zSDSS": 14.373146057128906
}