{
    "id": "gaia_xp_spectrum_6137867913662872576-Ref",
    "F0352_uJAVA": 15.970030784606934,
    "F0378": 15.686830520629883,
    "F0395": 15.642655372619629,
    "F0410": 15.174034118652344,
    "F0430": 15.113353729248047,
    "F0475_gSDSS": 14.79133129119873,
    "F0515": 14.624224662780762,
    "F0626_rSDSS": 14.333701133728027,
    "F0660": 14.300673484802246,
    "F0769_iSDSS": 14.189534187316895,
    "F0861": 14.164876937866211,
    "F0883_zSDSS": 14.137581825256348
}