{
    "id": "gaia_xp_spectrum_6137866573633470592-Ref",
    "F0352_uJAVA": 16.79027557373047,
    "F0378": 16.617511749267578,
    "F0395": 16.720369338989258,
    "F0410": 15.958641052246094,
    "F0430": 15.900609016418457,
    "F0475_gSDSS": 15.451273918151855,
    "F0515": 15.272480964660645,
    "F0626_rSDSS": 14.863822937011719,
    "F0660": 14.786924362182617,
    "F0769_iSDSS": 14.681866645812988,
    "F0861": 14.627015113830566,
    "F0883_zSDSS": 14.598638534545898
}