{
    "id": "gaia_xp_spectrum_6137934605914941952-Ref",
    "F0352_uJAVA": 16.31055450439453,
    "F0378": 16.137048721313477,
    "F0395": 16.20446014404297,
    "F0410": 15.487950325012207,
    "F0430": 15.440468788146973,
    "F0475_gSDSS": 14.939580917358398,
    "F0515": 14.745713233947754,
    "F0626_rSDSS": 14.290769577026367,
    "F0660": 14.207489013671875,
    "F0769_iSDSS": 14.057445526123047,
    "F0861": 13.976950645446777,
    "F0883_zSDSS": 13.942363739013672
}