{
    "id": "gaia_xp_spectrum_6137557851384390656-Ref",
    "F0352_uJAVA": 16.8362979888916,
    "F0378": 16.728734970092773,
    "F0395": 16.554737091064453,
    "F0410": 16.134963989257812,
    "F0430": 16.064044952392578,
    "F0475_gSDSS": 15.769646644592285,
    "F0515": 15.609960556030273,
    "F0626_rSDSS": 15.347107887268066,
    "F0660": 15.329056739807129,
    "F0769_iSDSS": 15.223657608032227,
    "F0861": 15.206873893737793,
    "F0883_zSDSS": 15.19212532043457
}