{
    "id": "gaia_xp_spectrum_6137869253692690816-Ref",
    "F0352_uJAVA": 16.498594284057617,
    "F0378": 16.334747314453125,
    "F0395": 16.19931411743164,
    "F0410": 15.638282775878906,
    "F0430": 15.556509017944336,
    "F0475_gSDSS": 15.122207641601562,
    "F0515": 14.922761917114258,
    "F0626_rSDSS": 14.523881912231445,
    "F0660": 14.459091186523438,
    "F0769_iSDSS": 14.312881469726562,
    "F0861": 14.250576972961426,
    "F0883_zSDSS": 14.216442108154297
}