{
    "id": "gaia_xp_spectrum_6137536445267521792-Ref",
    "F0352_uJAVA": 16.240251541137695,
    "F0378": 16.170299530029297,
    "F0395": 16.092294692993164,
    "F0410": 15.43661880493164,
    "F0430": 15.383419036865234,
    "F0475_gSDSS": 14.96280288696289,
    "F0515": 14.781067848205566,
    "F0626_rSDSS": 14.417120933532715,
    "F0660": 14.367757797241211,
    "F0769_iSDSS": 14.254692077636719,
    "F0861": 14.212652206420898,
    "F0883_zSDSS": 14.190678596496582
}