{
    "id": "gaia_xp_spectrum_6137557129829906816-Ref",
    "F0352_uJAVA": 16.579538345336914,
    "F0378": 16.71125030517578,
    "F0395": 16.398576736450195,
    "F0410": 15.617790222167969,
    "F0430": 15.424429893493652,
    "F0475_gSDSS": 14.783815383911133,
    "F0515": 14.553829193115234,
    "F0626_rSDSS": 13.981123924255371,
    "F0660": 13.893084526062012,
    "F0769_iSDSS": 13.72471809387207,
    "F0861": 13.624801635742188,
    "F0883_zSDSS": 13.590176582336426
}