{
    "id": "gaia_xp_spectrum_6137538644290789504-Ref",
    "F0352_uJAVA": 16.409570693969727,
    "F0378": 16.226577758789062,
    "F0395": 16.09165382385254,
    "F0410": 15.614252090454102,
    "F0430": 15.543756484985352,
    "F0475_gSDSS": 15.211172103881836,
    "F0515": 15.041067123413086,
    "F0626_rSDSS": 14.75870418548584,
    "F0660": 14.724814414978027,
    "F0769_iSDSS": 14.632964134216309,
    "F0861": 14.606005668640137,
    "F0883_zSDSS": 14.59325122833252
}