{
    "id": "gaia_xp_spectrum_6137536823224642048-Ref",
    "F0352_uJAVA": 16.0772647857666,
    "F0378": 15.822909355163574,
    "F0395": 15.693846702575684,
    "F0410": 15.449040412902832,
    "F0430": 15.388360023498535,
    "F0475_gSDSS": 15.172808647155762,
    "F0515": 15.01996898651123,
    "F0626_rSDSS": 14.804410934448242,
    "F0660": 14.774995803833008,
    "F0769_iSDSS": 14.676675796508789,
    "F0861": 14.641030311584473,
    "F0883_zSDSS": 14.63067626953125
}