{
    "id": "gaia_xp_spectrum_6137866882871115008-Ref",
    "F0352_uJAVA": 15.961960792541504,
    "F0378": 15.969375610351562,
    "F0395": 15.872910499572754,
    "F0410": 15.191577911376953,
    "F0430": 15.157564163208008,
    "F0475_gSDSS": 14.63982105255127,
    "F0515": 14.473823547363281,
    "F0626_rSDSS": 14.041666984558105,
    "F0660": 13.985674858093262,
    "F0769_iSDSS": 13.858080863952637,
    "F0861": 13.810059547424316,
    "F0883_zSDSS": 13.781044960021973
}