{
    "id": "gaia_xp_spectrum_6137915119646112512-Ref",
    "F0352_uJAVA": 16.229328155517578,
    "F0378": 16.01930046081543,
    "F0395": 15.75001049041748,
    "F0410": 15.424453735351562,
    "F0430": 15.345213890075684,
    "F0475_gSDSS": 15.189979553222656,
    "F0515": 15.07119083404541,
    "F0626_rSDSS": 14.924418449401855,
    "F0660": 14.919188499450684,
    "F0769_iSDSS": 14.880874633789062,
    "F0861": 14.895263671875,
    "F0883_zSDSS": 14.878031730651855
}