{
    "id": "gaia_xp_spectrum_6160975593630053376-Ref",
    "F0352_uJAVA": 17.0780029296875,
    "F0378": 16.65996551513672,
    "F0395": 16.148399353027344,
    "F0410": 15.926236152648926,
    "F0430": 15.879976272583008,
    "F0475_gSDSS": 15.820938110351562,
    "F0515": 15.771746635437012,
    "F0626_rSDSS": 15.80314826965332,
    "F0660": 15.922131538391113,
    "F0769_iSDSS": 15.880999565124512,
    "F0861": 15.944042205810547,
    "F0883_zSDSS": 15.941140174865723
}