{
    "id": "gaia_xp_spectrum_6161039296584806016-Ref",
    "F0352_uJAVA": 15.791509628295898,
    "F0378": 15.629341125488281,
    "F0395": 15.5690279006958,
    "F0410": 15.028159141540527,
    "F0430": 14.97489070892334,
    "F0475_gSDSS": 14.628769874572754,
    "F0515": 14.462931632995605,
    "F0626_rSDSS": 14.155403137207031,
    "F0660": 14.117877006530762,
    "F0769_iSDSS": 14.011637687683105,
    "F0861": 13.982124328613281,
    "F0883_zSDSS": 13.957505226135254
}