{
    "id": "gaia_xp_spectrum_6161036513445980032-Ref",
    "F0352_uJAVA": 16.600053787231445,
    "F0378": 16.471633911132812,
    "F0395": 16.398517608642578,
    "F0410": 15.741358757019043,
    "F0430": 15.659341812133789,
    "F0475_gSDSS": 15.21296501159668,
    "F0515": 15.033551216125488,
    "F0626_rSDSS": 14.61513614654541,
    "F0660": 14.555031776428223,
    "F0769_iSDSS": 14.430120468139648,
    "F0861": 14.387091636657715,
    "F0883_zSDSS": 14.356171607971191
}