{
    "id": "gaia_xp_spectrum_6160978406830814080-Ref",
    "F0352_uJAVA": 16.272830963134766,
    "F0378": 15.736723899841309,
    "F0395": 15.4670991897583,
    "F0410": 15.312419891357422,
    "F0430": 15.236175537109375,
    "F0475_gSDSS": 15.05914306640625,
    "F0515": 14.927299499511719,
    "F0626_rSDSS": 14.717578887939453,
    "F0660": 14.678995132446289,
    "F0769_iSDSS": 14.591339111328125,
    "F0861": 14.550950050354004,
    "F0883_zSDSS": 14.53330135345459
}