{
    "id": "gaia_xp_spectrum_6161045378258536832-Ref",
    "F0352_uJAVA": 16.424232482910156,
    "F0378": 16.36795997619629,
    "F0395": 16.21644401550293,
    "F0410": 15.630724906921387,
    "F0430": 15.618331909179688,
    "F0475_gSDSS": 15.222708702087402,
    "F0515": 15.05228042602539,
    "F0626_rSDSS": 14.730530738830566,
    "F0660": 14.678552627563477,
    "F0769_iSDSS": 14.58230972290039,
    "F0861": 14.560319900512695,
    "F0883_zSDSS": 14.536354064941406
}