{
    "id": "gaia_xp_spectrum_6161045000301416448-Ref",
    "F0352_uJAVA": 15.947725296020508,
    "F0378": 15.743389129638672,
    "F0395": 15.68359088897705,
    "F0410": 15.150547981262207,
    "F0430": 15.111771583557129,
    "F0475_gSDSS": 14.775297164916992,
    "F0515": 14.612430572509766,
    "F0626_rSDSS": 14.314431190490723,
    "F0660": 14.270416259765625,
    "F0769_iSDSS": 14.16920280456543,
    "F0861": 14.135831832885742,
    "F0883_zSDSS": 14.11401081085205
}