{
    "id": "gaia_xp_spectrum_6161044794142986368-Ref",
    "F0352_uJAVA": 16.22676658630371,
    "F0378": 16.115829467773438,
    "F0395": 16.18598747253418,
    "F0410": 15.502727508544922,
    "F0430": 15.4943208694458,
    "F0475_gSDSS": 15.101808547973633,
    "F0515": 14.9265718460083,
    "F0626_rSDSS": 14.595318794250488,
    "F0660": 14.560652732849121,
    "F0769_iSDSS": 14.434733390808105,
    "F0861": 14.397581100463867,
    "F0883_zSDSS": 14.372309684753418
}