{
    "id": "gaia_xp_spectrum_6161036612228868608-Ref",
    "F0352_uJAVA": 16.984886169433594,
    "F0378": 16.698936462402344,
    "F0395": 16.638200759887695,
    "F0410": 16.216249465942383,
    "F0430": 16.157060623168945,
    "F0475_gSDSS": 15.830423355102539,
    "F0515": 15.672216415405273,
    "F0626_rSDSS": 15.345980644226074,
    "F0660": 15.276755332946777,
    "F0769_iSDSS": 15.191801071166992,
    "F0861": 15.165102005004883,
    "F0883_zSDSS": 15.129631042480469
}