{
    "id": "gaia_xp_spectrum_6160990093439609216-Ref",
    "F0352_uJAVA": 17.0854549407959,
    "F0378": 16.927515029907227,
    "F0395": 16.722949981689453,
    "F0410": 16.21551513671875,
    "F0430": 16.112438201904297,
    "F0475_gSDSS": 15.820761680603027,
    "F0515": 15.671585083007812,
    "F0626_rSDSS": 15.389873504638672,
    "F0660": 15.37290096282959,
    "F0769_iSDSS": 15.277633666992188,
    "F0861": 15.270930290222168,
    "F0883_zSDSS": 15.245874404907227
}