{
    "id": "gaia_xp_spectrum_6161034000887481216-Ref",
    "F0352_uJAVA": 15.900723457336426,
    "F0378": 15.800440788269043,
    "F0395": 15.745600700378418,
    "F0410": 15.052165031433105,
    "F0430": 14.99184513092041,
    "F0475_gSDSS": 14.57066822052002,
    "F0515": 14.395120620727539,
    "F0626_rSDSS": 14.01839828491211,
    "F0660": 13.95824909210205,
    "F0769_iSDSS": 13.852947235107422,
    "F0861": 13.814208030700684,
    "F0883_zSDSS": 13.786373138427734
}