{
    "id": "gaia_xp_spectrum_6161088465370041472-Ref",
    "F0352_uJAVA": 16.498685836791992,
    "F0378": 16.592370986938477,
    "F0395": 16.318801879882812,
    "F0410": 15.52805233001709,
    "F0430": 15.323891639709473,
    "F0475_gSDSS": 14.736764907836914,
    "F0515": 14.57892894744873,
    "F0626_rSDSS": 13.98803997039795,
    "F0660": 13.904587745666504,
    "F0769_iSDSS": 13.783708572387695,
    "F0861": 13.723325729370117,
    "F0883_zSDSS": 13.691853523254395
}