{
    "id": "gaia_xp_spectrum_6160978823445149312-Ref",
    "F0352_uJAVA": 16.35144805908203,
    "F0378": 16.134592056274414,
    "F0395": 15.967611312866211,
    "F0410": 15.594976425170898,
    "F0430": 15.544583320617676,
    "F0475_gSDSS": 15.26479721069336,
    "F0515": 15.122117042541504,
    "F0626_rSDSS": 14.86677360534668,
    "F0660": 14.854592323303223,
    "F0769_iSDSS": 14.748359680175781,
    "F0861": 14.728839874267578,
    "F0883_zSDSS": 14.71318244934082
}