{
    "id": "gaia_xp_spectrum_6160986687527753216-Ref",
    "F0352_uJAVA": 16.664133071899414,
    "F0378": 16.478313446044922,
    "F0395": 16.4571475982666,
    "F0410": 15.867544174194336,
    "F0430": 15.830599784851074,
    "F0475_gSDSS": 15.426897048950195,
    "F0515": 15.256598472595215,
    "F0626_rSDSS": 14.90796184539795,
    "F0660": 14.862920761108398,
    "F0769_iSDSS": 14.747712135314941,
    "F0861": 14.717034339904785,
    "F0883_zSDSS": 14.687126159667969
}