{
    "id": "gaia_xp_spectrum_6161088293571349120-Ref",
    "F0352_uJAVA": 16.06355857849121,
    "F0378": 15.799813270568848,
    "F0395": 15.748189926147461,
    "F0410": 15.293672561645508,
    "F0430": 15.227958679199219,
    "F0475_gSDSS": 14.908044815063477,
    "F0515": 14.747289657592773,
    "F0626_rSDSS": 14.45422077178955,
    "F0660": 14.425725936889648,
    "F0769_iSDSS": 14.31290340423584,
    "F0861": 14.279237747192383,
    "F0883_zSDSS": 14.261982917785645
}