{
    "id": "gaia_xp_spectrum_6161084136043002624-Ref",
    "F0352_uJAVA": 16.870445251464844,
    "F0378": 16.616783142089844,
    "F0395": 16.60443878173828,
    "F0410": 16.11545753479004,
    "F0430": 16.06191062927246,
    "F0475_gSDSS": 15.742535591125488,
    "F0515": 15.611932754516602,
    "F0626_rSDSS": 15.278667449951172,
    "F0660": 15.232016563415527,
    "F0769_iSDSS": 15.121705055236816,
    "F0861": 15.092122077941895,
    "F0883_zSDSS": 15.063478469848633
}