{
    "id": "gaia_xp_spectrum_6161034795459040000-Ref",
    "F0352_uJAVA": 16.730236053466797,
    "F0378": 16.029211044311523,
    "F0395": 15.32823371887207,
    "F0410": 15.211933135986328,
    "F0430": 15.194479942321777,
    "F0475_gSDSS": 15.186470985412598,
    "F0515": 15.1726655960083,
    "F0626_rSDSS": 15.28329086303711,
    "F0660": 15.410033226013184,
    "F0769_iSDSS": 15.419805526733398,
    "F0861": 15.491302490234375,
    "F0883_zSDSS": 15.4549560546875
}