{
    "id": "gaia_xp_spectrum_6161045240819578112-Ref",
    "F0352_uJAVA": 16.612215042114258,
    "F0378": 16.421167373657227,
    "F0395": 16.38977813720703,
    "F0410": 15.79243278503418,
    "F0430": 15.755988121032715,
    "F0475_gSDSS": 15.35395336151123,
    "F0515": 15.180312156677246,
    "F0626_rSDSS": 14.830777168273926,
    "F0660": 14.782659530639648,
    "F0769_iSDSS": 14.672383308410645,
    "F0861": 14.640631675720215,
    "F0883_zSDSS": 14.607124328613281
}