{
    "id": "gaia_xp_spectrum_6161135465194880000-Ref",
    "F0352_uJAVA": 16.433589935302734,
    "F0378": 16.37346076965332,
    "F0395": 16.170246124267578,
    "F0410": 15.495573997497559,
    "F0430": 15.40811538696289,
    "F0475_gSDSS": 14.934473991394043,
    "F0515": 14.76414966583252,
    "F0626_rSDSS": 14.312129974365234,
    "F0660": 14.251762390136719,
    "F0769_iSDSS": 14.130401611328125,
    "F0861": 14.080341339111328,
    "F0883_zSDSS": 14.049102783203125
}