{
    "id": "gaia_xp_spectrum_6161087670799123072-Ref",
    "F0352_uJAVA": 16.54953956604004,
    "F0378": 16.469003677368164,
    "F0395": 16.35043716430664,
    "F0410": 15.7901611328125,
    "F0430": 15.737503051757812,
    "F0475_gSDSS": 15.363856315612793,
    "F0515": 15.202400207519531,
    "F0626_rSDSS": 14.85414981842041,
    "F0660": 14.79671859741211,
    "F0769_iSDSS": 14.688058853149414,
    "F0861": 14.649237632751465,
    "F0883_zSDSS": 14.626383781433105
}