{
    "id": "gaia_xp_spectrum_6161034658020085376-Ref",
    "F0352_uJAVA": 16.403793334960938,
    "F0378": 16.301551818847656,
    "F0395": 16.20660972595215,
    "F0410": 15.571166038513184,
    "F0430": 15.490537643432617,
    "F0475_gSDSS": 15.09347915649414,
    "F0515": 14.91643238067627,
    "F0626_rSDSS": 14.550251007080078,
    "F0660": 14.497678756713867,
    "F0769_iSDSS": 14.392184257507324,
    "F0861": 14.364773750305176,
    "F0883_zSDSS": 14.33089542388916
}