{
    "id": "gaia_xp_spectrum_6161046061157290624-Ref",
    "F0352_uJAVA": 16.72006607055664,
    "F0378": 16.47428321838379,
    "F0395": 16.502880096435547,
    "F0410": 15.797365188598633,
    "F0430": 15.710532188415527,
    "F0475_gSDSS": 15.312911033630371,
    "F0515": 15.129531860351562,
    "F0626_rSDSS": 14.748947143554688,
    "F0660": 14.676336288452148,
    "F0769_iSDSS": 14.569900512695312,
    "F0861": 14.54255199432373,
    "F0883_zSDSS": 14.498124122619629
}