{
    "id": "gaia_xp_spectrum_6160975971587121920-Ref",
    "F0352_uJAVA": 16.222816467285156,
    "F0378": 15.975671768188477,
    "F0395": 15.768515586853027,
    "F0410": 15.442646026611328,
    "F0430": 15.383788108825684,
    "F0475_gSDSS": 15.155499458312988,
    "F0515": 15.000907897949219,
    "F0626_rSDSS": 14.810135841369629,
    "F0660": 14.806461334228516,
    "F0769_iSDSS": 14.70761775970459,
    "F0861": 14.687305450439453,
    "F0883_zSDSS": 14.68075942993164
}