{
    "id": "gaia_xp_spectrum_6161035173416179200-Ref",
    "F0352_uJAVA": 16.608652114868164,
    "F0378": 16.66699981689453,
    "F0395": 16.581310272216797,
    "F0410": 15.680900573730469,
    "F0430": 15.545455932617188,
    "F0475_gSDSS": 14.907638549804688,
    "F0515": 14.68599796295166,
    "F0626_rSDSS": 14.084405899047852,
    "F0660": 13.982025146484375,
    "F0769_iSDSS": 13.779275894165039,
    "F0861": 13.667607307434082,
    "F0883_zSDSS": 13.619146347045898
}