{
    "id": "gaia_xp_spectrum_6161032699515007104-Ref",
    "F0352_uJAVA": 16.769529342651367,
    "F0378": 16.677335739135742,
    "F0395": 16.670032501220703,
    "F0410": 15.861825942993164,
    "F0430": 15.830717086791992,
    "F0475_gSDSS": 15.349225997924805,
    "F0515": 15.1588134765625,
    "F0626_rSDSS": 14.734590530395508,
    "F0660": 14.664968490600586,
    "F0769_iSDSS": 14.544527053833008,
    "F0861": 14.48803424835205,
    "F0883_zSDSS": 14.454261779785156
}