{
    "id": "gaia_xp_spectrum_6161032081039695232-Ref",
    "F0352_uJAVA": 17.058000564575195,
    "F0378": 16.839879989624023,
    "F0395": 16.796737670898438,
    "F0410": 16.315250396728516,
    "F0430": 16.281015396118164,
    "F0475_gSDSS": 15.988945960998535,
    "F0515": 15.821401596069336,
    "F0626_rSDSS": 15.56815242767334,
    "F0660": 15.549544334411621,
    "F0769_iSDSS": 15.425226211547852,
    "F0861": 15.383834838867188,
    "F0883_zSDSS": 15.374062538146973
}