{
    "id": "gaia_xp_spectrum_6161082688637066624-Ref",
    "F0352_uJAVA": 15.666484832763672,
    "F0378": 15.493260383605957,
    "F0395": 15.419654846191406,
    "F0410": 14.881278038024902,
    "F0430": 14.827253341674805,
    "F0475_gSDSS": 14.475746154785156,
    "F0515": 14.308753967285156,
    "F0626_rSDSS": 13.995766639709473,
    "F0660": 13.960321426391602,
    "F0769_iSDSS": 13.844983100891113,
    "F0861": 13.815324783325195,
    "F0883_zSDSS": 13.791478157043457
}