{
    "id": "gaia_xp_spectrum_6160987825696868736-Ref",
    "F0352_uJAVA": 16.809650421142578,
    "F0378": 16.60898208618164,
    "F0395": 16.62376594543457,
    "F0410": 15.976876258850098,
    "F0430": 15.931831359863281,
    "F0475_gSDSS": 15.533896446228027,
    "F0515": 15.355441093444824,
    "F0626_rSDSS": 15.00438404083252,
    "F0660": 14.949247360229492,
    "F0769_iSDSS": 14.84084415435791,
    "F0861": 14.803762435913086,
    "F0883_zSDSS": 14.777141571044922
}