{
    "id": "gaia_xp_spectrum_6161030461834435072-Ref",
    "F0352_uJAVA": 16.001585006713867,
    "F0378": 15.791359901428223,
    "F0395": 15.820157051086426,
    "F0410": 15.173935890197754,
    "F0430": 15.110854148864746,
    "F0475_gSDSS": 14.715716361999512,
    "F0515": 14.536335945129395,
    "F0626_rSDSS": 14.169428825378418,
    "F0660": 14.105956077575684,
    "F0769_iSDSS": 13.99345874786377,
    "F0861": 13.941787719726562,
    "F0883_zSDSS": 13.917516708374023
}