{
    "id": "gaia_xp_spectrum_6161071457299995520-Ref",
    "F0352_uJAVA": 15.774717330932617,
    "F0378": 15.577149391174316,
    "F0395": 15.510042190551758,
    "F0410": 14.972077369689941,
    "F0430": 14.919570922851562,
    "F0475_gSDSS": 14.60554027557373,
    "F0515": 14.450225830078125,
    "F0626_rSDSS": 14.178831100463867,
    "F0660": 14.152933120727539,
    "F0769_iSDSS": 14.060343742370605,
    "F0861": 14.052841186523438,
    "F0883_zSDSS": 14.029048919677734
}