{
    "id": "gaia_xp_spectrum_6161035929330428032-Ref",
    "F0352_uJAVA": 16.894189834594727,
    "F0378": 16.75946807861328,
    "F0395": 16.74209976196289,
    "F0410": 15.932188034057617,
    "F0430": 15.838683128356934,
    "F0475_gSDSS": 15.260571479797363,
    "F0515": 15.024654388427734,
    "F0626_rSDSS": 14.504319190979004,
    "F0660": 14.40271282196045,
    "F0769_iSDSS": 14.217223167419434,
    "F0861": 14.11538028717041,
    "F0883_zSDSS": 14.07133674621582
}