{
    "id": "gaia_xp_spectrum_6160974391039153152-Ref",
    "F0352_uJAVA": 16.449750900268555,
    "F0378": 16.353845596313477,
    "F0395": 16.24513816833496,
    "F0410": 15.61795711517334,
    "F0430": 15.547456741333008,
    "F0475_gSDSS": 15.12454891204834,
    "F0515": 14.954602241516113,
    "F0626_rSDSS": 14.556830406188965,
    "F0660": 14.490703582763672,
    "F0769_iSDSS": 14.374492645263672,
    "F0861": 14.325343132019043,
    "F0883_zSDSS": 14.297831535339355
}