{
    "id": "gaia_xp_spectrum_6160970439669307264-Ref",
    "F0352_uJAVA": 15.776387214660645,
    "F0378": 15.56968879699707,
    "F0395": 15.52942943572998,
    "F0410": 14.962008476257324,
    "F0430": 14.899202346801758,
    "F0475_gSDSS": 14.546077728271484,
    "F0515": 14.382508277893066,
    "F0626_rSDSS": 14.07478141784668,
    "F0660": 14.038396835327148,
    "F0769_iSDSS": 13.934240341186523,
    "F0861": 13.910306930541992,
    "F0883_zSDSS": 13.887600898742676
}