{
    "id": "gaia_xp_spectrum_6160967759609637248-Ref",
    "F0352_uJAVA": 16.514272689819336,
    "F0378": 16.289226531982422,
    "F0395": 16.122486114501953,
    "F0410": 15.744514465332031,
    "F0430": 15.67525863647461,
    "F0475_gSDSS": 15.444156646728516,
    "F0515": 15.318991661071777,
    "F0626_rSDSS": 15.10555648803711,
    "F0660": 15.09045124053955,
    "F0769_iSDSS": 15.020859718322754,
    "F0861": 15.024980545043945,
    "F0883_zSDSS": 15.00777530670166
}