{
    "id": "gaia_xp_spectrum_6161037544238144000-Ref",
    "F0352_uJAVA": 16.345537185668945,
    "F0378": 16.240196228027344,
    "F0395": 16.095142364501953,
    "F0410": 15.470498085021973,
    "F0430": 15.378774642944336,
    "F0475_gSDSS": 14.97485637664795,
    "F0515": 14.784496307373047,
    "F0626_rSDSS": 14.412386894226074,
    "F0660": 14.364501953125,
    "F0769_iSDSS": 14.250383377075195,
    "F0861": 14.212356567382812,
    "F0883_zSDSS": 14.180946350097656
}