{
    "id": "gaia_xp_spectrum_6160984419785020160-Ref",
    "F0352_uJAVA": 16.658157348632812,
    "F0378": 16.43328094482422,
    "F0395": 16.39333152770996,
    "F0410": 15.911421775817871,
    "F0430": 15.810105323791504,
    "F0475_gSDSS": 15.477832794189453,
    "F0515": 15.30589485168457,
    "F0626_rSDSS": 15.011198997497559,
    "F0660": 14.964563369750977,
    "F0769_iSDSS": 14.865962982177734,
    "F0861": 14.84202766418457,
    "F0883_zSDSS": 14.812373161315918
}