{
    "id": "gaia_xp_spectrum_6160987275940852352-Ref",
    "F0352_uJAVA": 16.689311981201172,
    "F0378": 16.513221740722656,
    "F0395": 16.63092613220215,
    "F0410": 15.864500045776367,
    "F0430": 15.772294044494629,
    "F0475_gSDSS": 15.366518020629883,
    "F0515": 15.20114803314209,
    "F0626_rSDSS": 14.74669075012207,
    "F0660": 14.628168106079102,
    "F0769_iSDSS": 14.55366039276123,
    "F0861": 14.531424522399902,
    "F0883_zSDSS": 14.476753234863281
}