{
    "id": "gaia_xp_spectrum_6160972222080084480-Ref",
    "F0352_uJAVA": 16.798355102539062,
    "F0378": 16.77202033996582,
    "F0395": 16.517070770263672,
    "F0410": 15.791622161865234,
    "F0430": 15.736664772033691,
    "F0475_gSDSS": 15.239522933959961,
    "F0515": 15.040189743041992,
    "F0626_rSDSS": 14.631898880004883,
    "F0660": 14.567842483520508,
    "F0769_iSDSS": 14.455401420593262,
    "F0861": 14.417390823364258,
    "F0883_zSDSS": 14.384862899780273
}