{
    "id": "gaia_xp_spectrum_6161085991469320960-Ref",
    "F0352_uJAVA": 16.93771743774414,
    "F0378": 16.736616134643555,
    "F0395": 16.67878532409668,
    "F0410": 16.131277084350586,
    "F0430": 16.09058952331543,
    "F0475_gSDSS": 15.71512222290039,
    "F0515": 15.52502727508545,
    "F0626_rSDSS": 15.211594581604004,
    "F0660": 15.194174766540527,
    "F0769_iSDSS": 15.057304382324219,
    "F0861": 15.016953468322754,
    "F0883_zSDSS": 14.994736671447754
}