{
    "id": "gaia_xp_spectrum_6161041461248343808-Ref",
    "F0352_uJAVA": 17.119226455688477,
    "F0378": 16.923843383789062,
    "F0395": 16.5562744140625,
    "F0410": 16.353961944580078,
    "F0430": 16.268308639526367,
    "F0475_gSDSS": 16.066463470458984,
    "F0515": 15.927550315856934,
    "F0626_rSDSS": 15.70781421661377,
    "F0660": 15.669053077697754,
    "F0769_iSDSS": 15.583597183227539,
    "F0861": 15.577681541442871,
    "F0883_zSDSS": 15.536551475524902
}