{
    "id": "gaia_xp_spectrum_6160986962406481408-Ref",
    "F0352_uJAVA": 16.267793655395508,
    "F0378": 16.087051391601562,
    "F0395": 15.949339866638184,
    "F0410": 15.455561637878418,
    "F0430": 15.403276443481445,
    "F0475_gSDSS": 15.075555801391602,
    "F0515": 14.905191421508789,
    "F0626_rSDSS": 14.62333869934082,
    "F0660": 14.592779159545898,
    "F0769_iSDSS": 14.494584083557129,
    "F0861": 14.469053268432617,
    "F0883_zSDSS": 14.452388763427734
}