{
    "id": "gaia_xp_spectrum_6160976555702729216-Ref",
    "F0352_uJAVA": 16.182842254638672,
    "F0378": 16.175264358520508,
    "F0395": 15.95734691619873,
    "F0410": 15.32632827758789,
    "F0430": 15.242718696594238,
    "F0475_gSDSS": 14.793737411499023,
    "F0515": 14.620673179626465,
    "F0626_rSDSS": 14.222640991210938,
    "F0660": 14.166200637817383,
    "F0769_iSDSS": 14.062200546264648,
    "F0861": 14.02792739868164,
    "F0883_zSDSS": 14.00281047821045
}