{
    "id": "gaia_xp_spectrum_6160982328138485632-Ref",
    "F0352_uJAVA": 16.79379653930664,
    "F0378": 16.718626022338867,
    "F0395": 16.587156295776367,
    "F0410": 15.944282531738281,
    "F0430": 15.867292404174805,
    "F0475_gSDSS": 15.4840087890625,
    "F0515": 15.297215461730957,
    "F0626_rSDSS": 14.97213077545166,
    "F0660": 14.931394577026367,
    "F0769_iSDSS": 14.822693824768066,
    "F0861": 14.790542602539062,
    "F0883_zSDSS": 14.773821830749512
}