{
    "id": "gaia_xp_spectrum_6160975078233983232-Ref",
    "F0352_uJAVA": 16.718711853027344,
    "F0378": 16.78475570678711,
    "F0395": 16.583650588989258,
    "F0410": 15.866571426391602,
    "F0430": 15.787418365478516,
    "F0475_gSDSS": 15.320898056030273,
    "F0515": 15.13956356048584,
    "F0626_rSDSS": 14.728409767150879,
    "F0660": 14.65833568572998,
    "F0769_iSDSS": 14.549063682556152,
    "F0861": 14.5093355178833,
    "F0883_zSDSS": 14.48058795928955
}