{
    "id": "gaia_xp_spectrum_6160984046125428992-Ref",
    "F0352_uJAVA": 16.335859298706055,
    "F0378": 16.15488052368164,
    "F0395": 16.159446716308594,
    "F0410": 15.529339790344238,
    "F0430": 15.477568626403809,
    "F0475_gSDSS": 15.085033416748047,
    "F0515": 14.921552658081055,
    "F0626_rSDSS": 14.563613891601562,
    "F0660": 14.52685832977295,
    "F0769_iSDSS": 14.41381549835205,
    "F0861": 14.37537956237793,
    "F0883_zSDSS": 14.35715103149414
}