{
    "id": "gaia_xp_spectrum_6160982018900828544-Ref",
    "F0352_uJAVA": 16.917869567871094,
    "F0378": 16.642805099487305,
    "F0395": 16.614456176757812,
    "F0410": 16.156057357788086,
    "F0430": 16.069124221801758,
    "F0475_gSDSS": 15.767828941345215,
    "F0515": 15.60955810546875,
    "F0626_rSDSS": 15.318876266479492,
    "F0660": 15.290104866027832,
    "F0769_iSDSS": 15.178168296813965,
    "F0861": 15.138714790344238,
    "F0883_zSDSS": 15.12416934967041
}