{
    "id": "gaia_xp_spectrum_6161038815548456448-Ref",
    "F0352_uJAVA": 16.917713165283203,
    "F0378": 16.653533935546875,
    "F0395": 16.614404678344727,
    "F0410": 16.11383628845215,
    "F0430": 16.041982650756836,
    "F0475_gSDSS": 15.716276168823242,
    "F0515": 15.531722068786621,
    "F0626_rSDSS": 15.244784355163574,
    "F0660": 15.191890716552734,
    "F0769_iSDSS": 15.092094421386719,
    "F0861": 15.050872802734375,
    "F0883_zSDSS": 15.035313606262207
}