{
    "id": "gaia_xp_spectrum_6161084307842145024-Ref",
    "F0352_uJAVA": 16.63056182861328,
    "F0378": 16.608570098876953,
    "F0395": 16.41059112548828,
    "F0410": 15.87808895111084,
    "F0430": 15.800455093383789,
    "F0475_gSDSS": 15.385176658630371,
    "F0515": 15.210044860839844,
    "F0626_rSDSS": 14.843772888183594,
    "F0660": 14.798209190368652,
    "F0769_iSDSS": 14.68583869934082,
    "F0861": 14.655707359313965,
    "F0883_zSDSS": 14.630163192749023
}