{
    "id": "gaia_xp_spectrum_6161086231987487232-Ref",
    "F0352_uJAVA": 16.336986541748047,
    "F0378": 16.052696228027344,
    "F0395": 16.007694244384766,
    "F0410": 15.515708923339844,
    "F0430": 15.420626640319824,
    "F0475_gSDSS": 14.95755672454834,
    "F0515": 14.726842880249023,
    "F0626_rSDSS": 14.250608444213867,
    "F0660": 14.139303207397461,
    "F0769_iSDSS": 13.95901870727539,
    "F0861": 13.850170135498047,
    "F0883_zSDSS": 13.809412956237793
}