{
    "id": "gaia_xp_spectrum_6161135710010301056-Ref",
    "F0352_uJAVA": 16.689462661743164,
    "F0378": 16.558238983154297,
    "F0395": 16.464860916137695,
    "F0410": 15.837058067321777,
    "F0430": 15.764137268066406,
    "F0475_gSDSS": 15.29532241821289,
    "F0515": 15.11711311340332,
    "F0626_rSDSS": 14.66460132598877,
    "F0660": 14.598078727722168,
    "F0769_iSDSS": 14.446561813354492,
    "F0861": 14.383804321289062,
    "F0883_zSDSS": 14.351766586303711
}