{
    "id": "gaia_xp_spectrum_6161083758085879040-Ref",
    "F0352_uJAVA": 16.794458389282227,
    "F0378": 16.601070404052734,
    "F0395": 16.531190872192383,
    "F0410": 16.01230812072754,
    "F0430": 15.95478343963623,
    "F0475_gSDSS": 15.598960876464844,
    "F0515": 15.429683685302734,
    "F0626_rSDSS": 15.111892700195312,
    "F0660": 15.066428184509277,
    "F0769_iSDSS": 14.96312141418457,
    "F0861": 14.926542282104492,
    "F0883_zSDSS": 14.910536766052246
}