{
    "id": "gaia_xp_spectrum_6161029882016400128-Ref",
    "F0352_uJAVA": 16.87769889831543,
    "F0378": 16.6585750579834,
    "F0395": 16.49443817138672,
    "F0410": 16.104393005371094,
    "F0430": 16.021425247192383,
    "F0475_gSDSS": 15.768133163452148,
    "F0515": 15.618256568908691,
    "F0626_rSDSS": 15.37508487701416,
    "F0660": 15.370477676391602,
    "F0769_iSDSS": 15.271553993225098,
    "F0861": 15.25898265838623,
    "F0883_zSDSS": 15.246590614318848
}