{
    "id": "gaia_xp_spectrum_6161082727294186240-Ref",
    "F0352_uJAVA": 16.295846939086914,
    "F0378": 16.0312557220459,
    "F0395": 15.261247634887695,
    "F0410": 15.048775672912598,
    "F0430": 15.024664878845215,
    "F0475_gSDSS": 14.991288185119629,
    "F0515": 14.94868278503418,
    "F0626_rSDSS": 15.06363582611084,
    "F0660": 15.197484016418457,
    "F0769_iSDSS": 15.189881324768066,
    "F0861": 15.296642303466797,
    "F0883_zSDSS": 15.262553215026855
}