{
    "id": "gaia_xp_spectrum_6160988375452681856-Ref",
    "F0352_uJAVA": 16.180908203125,
    "F0378": 16.116905212402344,
    "F0395": 15.960600852966309,
    "F0410": 15.25857162475586,
    "F0430": 15.198890686035156,
    "F0475_gSDSS": 14.732308387756348,
    "F0515": 14.549172401428223,
    "F0626_rSDSS": 14.150483131408691,
    "F0660": 14.087757110595703,
    "F0769_iSDSS": 13.991283416748047,
    "F0861": 13.952995300292969,
    "F0883_zSDSS": 13.925918579101562
}