{
    "id": "gaia_xp_spectrum_6161088186194894464-Ref",
    "F0352_uJAVA": 16.741727828979492,
    "F0378": 16.58491325378418,
    "F0395": 16.53814125061035,
    "F0410": 15.857393264770508,
    "F0430": 15.800579071044922,
    "F0475_gSDSS": 15.360616683959961,
    "F0515": 15.171051025390625,
    "F0626_rSDSS": 14.780231475830078,
    "F0660": 14.734223365783691,
    "F0769_iSDSS": 14.594383239746094,
    "F0861": 14.544065475463867,
    "F0883_zSDSS": 14.514262199401855
}