{
    "id": "gaia_xp_spectrum_6160978686006199168-Ref",
    "F0352_uJAVA": 15.562176704406738,
    "F0378": 15.370645523071289,
    "F0395": 15.327680587768555,
    "F0410": 14.808051109313965,
    "F0430": 14.757268905639648,
    "F0475_gSDSS": 14.433074951171875,
    "F0515": 14.264496803283691,
    "F0626_rSDSS": 13.998281478881836,
    "F0660": 13.9799222946167,
    "F0769_iSDSS": 13.875558853149414,
    "F0861": 13.857796669006348,
    "F0883_zSDSS": 13.83793830871582
}