{
    "id": "gaia_xp_spectrum_6160972226375696256-Ref",
    "F0352_uJAVA": 16.866268157958984,
    "F0378": 16.62599754333496,
    "F0395": 16.54046630859375,
    "F0410": 16.092050552368164,
    "F0430": 16.023157119750977,
    "F0475_gSDSS": 15.742369651794434,
    "F0515": 15.581598281860352,
    "F0626_rSDSS": 15.327692031860352,
    "F0660": 15.292793273925781,
    "F0769_iSDSS": 15.192340850830078,
    "F0861": 15.179028511047363,
    "F0883_zSDSS": 15.1580810546875
}