{
    "id": "gaia_xp_spectrum_6160985386155254016-Ref",
    "F0352_uJAVA": 16.594928741455078,
    "F0378": 16.63213539123535,
    "F0395": 16.445798873901367,
    "F0410": 15.803571701049805,
    "F0430": 15.709701538085938,
    "F0475_gSDSS": 15.227158546447754,
    "F0515": 15.053105354309082,
    "F0626_rSDSS": 14.599629402160645,
    "F0660": 14.520363807678223,
    "F0769_iSDSS": 14.372758865356445,
    "F0861": 14.297972679138184,
    "F0883_zSDSS": 14.260615348815918
}