{
    "id": "gaia_xp_spectrum_6160972913570398080-Ref",
    "F0352_uJAVA": 15.886540412902832,
    "F0378": 15.655512809753418,
    "F0395": 15.582310676574707,
    "F0410": 15.11087703704834,
    "F0430": 15.05188274383545,
    "F0475_gSDSS": 14.743001937866211,
    "F0515": 14.586520195007324,
    "F0626_rSDSS": 14.316161155700684,
    "F0660": 14.268768310546875,
    "F0769_iSDSS": 14.177969932556152,
    "F0861": 14.148686408996582,
    "F0883_zSDSS": 14.127473831176758
}