{
    "id": "gaia_xp_spectrum_6160973051009349888-Ref",
    "F0352_uJAVA": 16.911958694458008,
    "F0378": 16.62453842163086,
    "F0395": 16.48693084716797,
    "F0410": 16.112512588500977,
    "F0430": 16.044164657592773,
    "F0475_gSDSS": 15.750670433044434,
    "F0515": 15.586148262023926,
    "F0626_rSDSS": 15.329421043395996,
    "F0660": 15.286534309387207,
    "F0769_iSDSS": 15.20529842376709,
    "F0861": 15.178847312927246,
    "F0883_zSDSS": 15.171417236328125
}