{
    "id": "gaia_xp_spectrum_6161084307842145280-Ref",
    "F0352_uJAVA": 16.282859802246094,
    "F0378": 15.965622901916504,
    "F0395": 15.837890625,
    "F0410": 15.582991600036621,
    "F0430": 15.515060424804688,
    "F0475_gSDSS": 15.312051773071289,
    "F0515": 15.166067123413086,
    "F0626_rSDSS": 14.968856811523438,
    "F0660": 14.958145141601562,
    "F0769_iSDSS": 14.850244522094727,
    "F0861": 14.82917594909668,
    "F0883_zSDSS": 14.815104484558105
}