{
    "id": "gaia_xp_spectrum_6161035237839286400-Ref",
    "F0352_uJAVA": 17.029712677001953,
    "F0378": 16.341386795043945,
    "F0395": 15.874900817871094,
    "F0410": 15.717226028442383,
    "F0430": 15.672405242919922,
    "F0475_gSDSS": 15.581265449523926,
    "F0515": 15.519631385803223,
    "F0626_rSDSS": 15.416780471801758,
    "F0660": 15.456899642944336,
    "F0769_iSDSS": 15.404027938842773,
    "F0861": 15.386783599853516,
    "F0883_zSDSS": 15.373595237731934
}