{
    "id": "gaia_xp_spectrum_6161136019247947648-Ref",
    "F0352_uJAVA": 16.953311920166016,
    "F0378": 16.709400177001953,
    "F0395": 16.667621612548828,
    "F0410": 16.212554931640625,
    "F0430": 16.171049118041992,
    "F0475_gSDSS": 15.840600967407227,
    "F0515": 15.665389060974121,
    "F0626_rSDSS": 15.373537063598633,
    "F0660": 15.366094589233398,
    "F0769_iSDSS": 15.219060897827148,
    "F0861": 15.163630485534668,
    "F0883_zSDSS": 15.157574653625488
}