{
    "id": "gaia_xp_spectrum_6160986279508632192-Ref",
    "F0352_uJAVA": 16.465917587280273,
    "F0378": 16.482454299926758,
    "F0395": 16.296039581298828,
    "F0410": 15.518843650817871,
    "F0430": 15.447669982910156,
    "F0475_gSDSS": 14.868985176086426,
    "F0515": 14.671426773071289,
    "F0626_rSDSS": 14.166997909545898,
    "F0660": 14.093640327453613,
    "F0769_iSDSS": 13.938244819641113,
    "F0861": 13.864816665649414,
    "F0883_zSDSS": 13.832414627075195
}