{
    "id": "gaia_xp_spectrum_6161135503851869696-Ref",
    "F0352_uJAVA": 16.92432975769043,
    "F0378": 16.7985782623291,
    "F0395": 16.639877319335938,
    "F0410": 16.109010696411133,
    "F0430": 16.00901222229004,
    "F0475_gSDSS": 15.621781349182129,
    "F0515": 15.452119827270508,
    "F0626_rSDSS": 15.07852554321289,
    "F0660": 15.014528274536133,
    "F0769_iSDSS": 14.889842987060547,
    "F0861": 14.853134155273438,
    "F0883_zSDSS": 14.818646430969238
}