{
    "id": "gaia_xp_spectrum_6161087773878338432-Ref",
    "F0352_uJAVA": 16.551624298095703,
    "F0378": 16.41204261779785,
    "F0395": 16.292869567871094,
    "F0410": 15.684805870056152,
    "F0430": 15.639504432678223,
    "F0475_gSDSS": 15.257757186889648,
    "F0515": 15.08145523071289,
    "F0626_rSDSS": 14.762349128723145,
    "F0660": 14.728118896484375,
    "F0769_iSDSS": 14.626906394958496,
    "F0861": 14.607767105102539,
    "F0883_zSDSS": 14.581025123596191
}