{
    "id": "gaia_xp_spectrum_6161088946406380928-Ref",
    "F0352_uJAVA": 16.668560028076172,
    "F0378": 16.382936477661133,
    "F0395": 15.940852165222168,
    "F0410": 15.75969123840332,
    "F0430": 15.704130172729492,
    "F0475_gSDSS": 15.588201522827148,
    "F0515": 15.493903160095215,
    "F0626_rSDSS": 15.430367469787598,
    "F0660": 15.446410179138184,
    "F0769_iSDSS": 15.40516471862793,
    "F0861": 15.422476768493652,
    "F0883_zSDSS": 15.423199653625488
}