{
    "id": "gaia_xp_spectrum_6161083414488945664-Ref",
    "F0352_uJAVA": 15.884272575378418,
    "F0378": 15.712858200073242,
    "F0395": 15.615676879882812,
    "F0410": 15.073098182678223,
    "F0430": 15.003485679626465,
    "F0475_gSDSS": 14.590320587158203,
    "F0515": 14.3917236328125,
    "F0626_rSDSS": 14.020183563232422,
    "F0660": 13.956785202026367,
    "F0769_iSDSS": 13.81891918182373,
    "F0861": 13.759779930114746,
    "F0883_zSDSS": 13.726698875427246
}