{
    "id": "gaia_xp_spectrum_6160976826284998144-Ref",
    "F0352_uJAVA": 16.75286102294922,
    "F0378": 16.710525512695312,
    "F0395": 16.667444229125977,
    "F0410": 15.778029441833496,
    "F0430": 15.697202682495117,
    "F0475_gSDSS": 15.111798286437988,
    "F0515": 14.906240463256836,
    "F0626_rSDSS": 14.378002166748047,
    "F0660": 14.294222831726074,
    "F0769_iSDSS": 14.13163948059082,
    "F0861": 14.04684829711914,
    "F0883_zSDSS": 14.008874893188477
}