{
    "id": "gaia_xp_spectrum_6160978754725670912-Ref",
    "F0352_uJAVA": 16.640350341796875,
    "F0378": 16.403488159179688,
    "F0395": 16.373493194580078,
    "F0410": 15.991050720214844,
    "F0430": 15.922417640686035,
    "F0475_gSDSS": 15.598525047302246,
    "F0515": 15.419888496398926,
    "F0626_rSDSS": 15.084312438964844,
    "F0660": 15.033193588256836,
    "F0769_iSDSS": 14.877506256103516,
    "F0861": 14.812726020812988,
    "F0883_zSDSS": 14.787089347839355
}