{
    "id": "gaia_xp_spectrum_6161043930851867136-Ref",
    "F0352_uJAVA": 15.993088722229004,
    "F0378": 15.758625030517578,
    "F0395": 15.667871475219727,
    "F0410": 15.214507102966309,
    "F0430": 15.168885231018066,
    "F0475_gSDSS": 14.871448516845703,
    "F0515": 14.718218803405762,
    "F0626_rSDSS": 14.445719718933105,
    "F0660": 14.417182922363281,
    "F0769_iSDSS": 14.315972328186035,
    "F0861": 14.28738784790039,
    "F0883_zSDSS": 14.269317626953125
}