{
    "id": "gaia_xp_spectrum_6161136534643967104-Ref",
    "F0352_uJAVA": 16.894329071044922,
    "F0378": 16.707763671875,
    "F0395": 16.627376556396484,
    "F0410": 16.04909324645996,
    "F0430": 15.967122077941895,
    "F0475_gSDSS": 15.621855735778809,
    "F0515": 15.445795059204102,
    "F0626_rSDSS": 15.115901947021484,
    "F0660": 15.073596000671387,
    "F0769_iSDSS": 14.959673881530762,
    "F0861": 14.930770874023438,
    "F0883_zSDSS": 14.902623176574707
}