{
    "id": "gaia_xp_spectrum_6161085952812205824-Ref",
    "F0352_uJAVA": 15.969791412353516,
    "F0378": 15.703207015991211,
    "F0395": 15.417488098144531,
    "F0410": 15.013554573059082,
    "F0430": 14.899052619934082,
    "F0475_gSDSS": 14.681954383850098,
    "F0515": 14.557394027709961,
    "F0626_rSDSS": 14.345345497131348,
    "F0660": 14.361459732055664,
    "F0769_iSDSS": 14.284419059753418,
    "F0861": 14.310338020324707,
    "F0883_zSDSS": 14.281855583190918
}