{
    "id": "gaia_xp_spectrum_6161031084607270144-Ref",
    "F0352_uJAVA": 16.27420425415039,
    "F0378": 16.025436401367188,
    "F0395": 15.945113182067871,
    "F0410": 15.48106861114502,
    "F0430": 15.425278663635254,
    "F0475_gSDSS": 15.130390167236328,
    "F0515": 14.989387512207031,
    "F0626_rSDSS": 14.706729888916016,
    "F0660": 14.669645309448242,
    "F0769_iSDSS": 14.58694839477539,
    "F0861": 14.575654983520508,
    "F0883_zSDSS": 14.550759315490723
}