{
    "id": "gaia_xp_spectrum_6161087468937626880-Ref",
    "F0352_uJAVA": 16.03472137451172,
    "F0378": 15.941173553466797,
    "F0395": 15.83442211151123,
    "F0410": 15.225398063659668,
    "F0430": 15.15662956237793,
    "F0475_gSDSS": 14.73381519317627,
    "F0515": 14.564391136169434,
    "F0626_rSDSS": 14.180672645568848,
    "F0660": 14.129144668579102,
    "F0769_iSDSS": 14.012483596801758,
    "F0861": 13.967267036437988,
    "F0883_zSDSS": 13.944415092468262
}