{
    "id": "gaia_xp_spectrum_6161041770486003072-Ref",
    "F0352_uJAVA": 16.09750747680664,
    "F0378": 15.941278457641602,
    "F0395": 15.833304405212402,
    "F0410": 15.324139595031738,
    "F0430": 15.274538040161133,
    "F0475_gSDSS": 14.890069961547852,
    "F0515": 14.71287727355957,
    "F0626_rSDSS": 14.375837326049805,
    "F0660": 14.315927505493164,
    "F0769_iSDSS": 14.215874671936035,
    "F0861": 14.179278373718262,
    "F0883_zSDSS": 14.151528358459473
}