{
    "id": "gaia_xp_spectrum_6161083448848686592-Ref",
    "F0352_uJAVA": 15.990744590759277,
    "F0378": 15.77193546295166,
    "F0395": 15.764530181884766,
    "F0410": 15.14805793762207,
    "F0430": 15.092785835266113,
    "F0475_gSDSS": 14.702887535095215,
    "F0515": 14.537087440490723,
    "F0626_rSDSS": 14.190109252929688,
    "F0660": 14.149322509765625,
    "F0769_iSDSS": 14.04313850402832,
    "F0861": 14.012779235839844,
    "F0883_zSDSS": 13.98873519897461
}