{
    "id": "gaia_xp_spectrum_6160982431218331520-Ref",
    "F0352_uJAVA": 16.106698989868164,
    "F0378": 16.02810287475586,
    "F0395": 15.957905769348145,
    "F0410": 15.255597114562988,
    "F0430": 15.188565254211426,
    "F0475_gSDSS": 14.749775886535645,
    "F0515": 14.567471504211426,
    "F0626_rSDSS": 14.18620777130127,
    "F0660": 14.116671562194824,
    "F0769_iSDSS": 14.018647193908691,
    "F0861": 13.974546432495117,
    "F0883_zSDSS": 13.950814247131348
}