{
    "id": "gaia_xp_spectrum_6161033008752664576-Ref",
    "F0352_uJAVA": 16.737133026123047,
    "F0378": 16.591487884521484,
    "F0395": 16.521846771240234,
    "F0410": 15.896989822387695,
    "F0430": 15.833067893981934,
    "F0475_gSDSS": 15.43846321105957,
    "F0515": 15.252598762512207,
    "F0626_rSDSS": 14.913792610168457,
    "F0660": 14.86438274383545,
    "F0769_iSDSS": 14.746363639831543,
    "F0861": 14.716445922851562,
    "F0883_zSDSS": 14.686534881591797
}