{
    "id": "gaia_xp_spectrum_6160983462009876864-Ref",
    "F0352_uJAVA": 16.54035758972168,
    "F0378": 16.421661376953125,
    "F0395": 16.353605270385742,
    "F0410": 15.763014793395996,
    "F0430": 15.734992980957031,
    "F0475_gSDSS": 15.359160423278809,
    "F0515": 15.179536819458008,
    "F0626_rSDSS": 14.855751037597656,
    "F0660": 14.831977844238281,
    "F0769_iSDSS": 14.700298309326172,
    "F0861": 14.670080184936523,
    "F0883_zSDSS": 14.641071319580078
}