{
    "id": "gaia_xp_spectrum_6161084307842145408-Ref",
    "F0352_uJAVA": 16.128494262695312,
    "F0378": 15.931591987609863,
    "F0395": 15.887043952941895,
    "F0410": 15.361668586730957,
    "F0430": 15.309073448181152,
    "F0475_gSDSS": 14.980642318725586,
    "F0515": 14.812784194946289,
    "F0626_rSDSS": 14.531670570373535,
    "F0660": 14.504081726074219,
    "F0769_iSDSS": 14.404411315917969,
    "F0861": 14.394027709960938,
    "F0883_zSDSS": 14.36683177947998
}