{
    "id": "gaia_xp_spectrum_6160973703844386688-Ref",
    "F0352_uJAVA": 16.26633071899414,
    "F0378": 16.258501052856445,
    "F0395": 16.128501892089844,
    "F0410": 15.38310432434082,
    "F0430": 15.295907020568848,
    "F0475_gSDSS": 14.744613647460938,
    "F0515": 14.515623092651367,
    "F0626_rSDSS": 14.034285545349121,
    "F0660": 13.961137771606445,
    "F0769_iSDSS": 13.776799201965332,
    "F0861": 13.690764427185059,
    "F0883_zSDSS": 13.651959419250488
}