{
    "id": "gaia_xp_spectrum_6160991536548447872-Ref",
    "F0352_uJAVA": 15.711284637451172,
    "F0378": 15.511778831481934,
    "F0395": 15.355178833007812,
    "F0410": 14.88945198059082,
    "F0430": 14.832250595092773,
    "F0475_gSDSS": 14.540679931640625,
    "F0515": 14.3782377243042,
    "F0626_rSDSS": 14.119745254516602,
    "F0660": 14.08716869354248,
    "F0769_iSDSS": 13.994677543640137,
    "F0861": 13.975521087646484,
    "F0883_zSDSS": 13.955253601074219
}