{
    "id": "gaia_xp_spectrum_6160987928776083712-Ref",
    "F0352_uJAVA": 16.313283920288086,
    "F0378": 16.23546028137207,
    "F0395": 16.137287139892578,
    "F0410": 15.46498966217041,
    "F0430": 15.391464233398438,
    "F0475_gSDSS": 14.91714096069336,
    "F0515": 14.741535186767578,
    "F0626_rSDSS": 14.318320274353027,
    "F0660": 14.258379936218262,
    "F0769_iSDSS": 14.141867637634277,
    "F0861": 14.101694107055664,
    "F0883_zSDSS": 14.07070541381836
}