{
    "id": "gaia_xp_spectrum_6161032287198140672-Ref",
    "F0352_uJAVA": 16.60553741455078,
    "F0378": 16.36610221862793,
    "F0395": 16.266666412353516,
    "F0410": 15.715407371520996,
    "F0430": 15.654221534729004,
    "F0475_gSDSS": 15.31177806854248,
    "F0515": 15.144854545593262,
    "F0626_rSDSS": 14.846610069274902,
    "F0660": 14.798637390136719,
    "F0769_iSDSS": 14.713201522827148,
    "F0861": 14.6907377243042,
    "F0883_zSDSS": 14.671975135803223
}