{
    "id": "gaia_xp_spectrum_6160985897254490880-Ref",
    "F0352_uJAVA": 16.841236114501953,
    "F0378": 16.59202003479004,
    "F0395": 16.464847564697266,
    "F0410": 16.05447769165039,
    "F0430": 15.949002265930176,
    "F0475_gSDSS": 15.694385528564453,
    "F0515": 15.548346519470215,
    "F0626_rSDSS": 15.305020332336426,
    "F0660": 15.292878150939941,
    "F0769_iSDSS": 15.196781158447266,
    "F0861": 15.189964294433594,
    "F0883_zSDSS": 15.16757583618164
}