{
    "id": "gaia_xp_spectrum_6160987894416166912-Ref",
    "F0352_uJAVA": 16.58657455444336,
    "F0378": 16.27260971069336,
    "F0395": 16.03879165649414,
    "F0410": 15.700892448425293,
    "F0430": 15.600625991821289,
    "F0475_gSDSS": 15.390856742858887,
    "F0515": 15.241870880126953,
    "F0626_rSDSS": 15.06093978881836,
    "F0660": 15.055121421813965,
    "F0769_iSDSS": 14.994556427001953,
    "F0861": 15.005574226379395,
    "F0883_zSDSS": 14.992598533630371
}