{
    "id": "gaia_xp_spectrum_6160982980973519616-Ref",
    "F0352_uJAVA": 16.679731369018555,
    "F0378": 16.32555389404297,
    "F0395": 16.051301956176758,
    "F0410": 15.799347877502441,
    "F0430": 15.728669166564941,
    "F0475_gSDSS": 15.551225662231445,
    "F0515": 15.431392669677734,
    "F0626_rSDSS": 15.267105102539062,
    "F0660": 15.269647598266602,
    "F0769_iSDSS": 15.19367790222168,
    "F0861": 15.198800086975098,
    "F0883_zSDSS": 15.187687873840332
}