{
    "id": "gaia_xp_spectrum_6160972192015958528-Ref",
    "F0352_uJAVA": 16.554920196533203,
    "F0378": 16.421552658081055,
    "F0395": 16.257753372192383,
    "F0410": 15.655588150024414,
    "F0430": 15.542045593261719,
    "F0475_gSDSS": 15.199616432189941,
    "F0515": 15.019562721252441,
    "F0626_rSDSS": 14.719993591308594,
    "F0660": 14.68364143371582,
    "F0769_iSDSS": 14.596975326538086,
    "F0861": 14.584295272827148,
    "F0883_zSDSS": 14.560333251953125
}