{
    "id": "gaia_xp_spectrum_6161071182422088960-Ref",
    "F0352_uJAVA": 16.9415283203125,
    "F0378": 16.82364845275879,
    "F0395": 16.718786239624023,
    "F0410": 16.150922775268555,
    "F0430": 16.10640525817871,
    "F0475_gSDSS": 15.718368530273438,
    "F0515": 15.554314613342285,
    "F0626_rSDSS": 15.191484451293945,
    "F0660": 15.143316268920898,
    "F0769_iSDSS": 15.016203880310059,
    "F0861": 14.986242294311523,
    "F0883_zSDSS": 14.946481704711914
}