{
    "id": "gaia_xp_spectrum_6161045859294883584-Ref",
    "F0352_uJAVA": 16.3845157623291,
    "F0378": 16.29217529296875,
    "F0395": 16.171663284301758,
    "F0410": 15.598699569702148,
    "F0430": 15.512299537658691,
    "F0475_gSDSS": 15.132661819458008,
    "F0515": 14.962143898010254,
    "F0626_rSDSS": 14.598073959350586,
    "F0660": 14.539663314819336,
    "F0769_iSDSS": 14.434747695922852,
    "F0861": 14.398378372192383,
    "F0883_zSDSS": 14.369160652160645
}