{
    "id": "gaia_xp_spectrum_6161037097561547648-Ref",
    "F0352_uJAVA": 16.144237518310547,
    "F0378": 15.967857360839844,
    "F0395": 15.866074562072754,
    "F0410": 15.38620376586914,
    "F0430": 15.3084716796875,
    "F0475_gSDSS": 14.979169845581055,
    "F0515": 14.809412956237793,
    "F0626_rSDSS": 14.487680435180664,
    "F0660": 14.446893692016602,
    "F0769_iSDSS": 14.334549903869629,
    "F0861": 14.293347358703613,
    "F0883_zSDSS": 14.273432731628418
}