{
    "id": "gaia_xp_spectrum_6160982671735866496-Ref",
    "F0352_uJAVA": 16.672510147094727,
    "F0378": 16.508804321289062,
    "F0395": 16.386371612548828,
    "F0410": 15.90143871307373,
    "F0430": 15.828895568847656,
    "F0475_gSDSS": 15.527547836303711,
    "F0515": 15.370258331298828,
    "F0626_rSDSS": 15.091798782348633,
    "F0660": 15.057008743286133,
    "F0769_iSDSS": 14.965869903564453,
    "F0861": 14.947012901306152,
    "F0883_zSDSS": 14.925324440002441
}