{
    "id": "gaia_xp_spectrum_6160976383903988352-Ref",
    "F0352_uJAVA": 16.060449600219727,
    "F0378": 15.943740844726562,
    "F0395": 15.863064765930176,
    "F0410": 15.290079116821289,
    "F0430": 15.206086158752441,
    "F0475_gSDSS": 14.811905860900879,
    "F0515": 14.65400505065918,
    "F0626_rSDSS": 14.288941383361816,
    "F0660": 14.230521202087402,
    "F0769_iSDSS": 14.130046844482422,
    "F0861": 14.093742370605469,
    "F0883_zSDSS": 14.070743560791016
}