{
    "id": "gaia_xp_spectrum_6160982259419016576-Ref",
    "F0352_uJAVA": 15.665142059326172,
    "F0378": 15.484792709350586,
    "F0395": 15.536575317382812,
    "F0410": 14.896771430969238,
    "F0430": 14.835573196411133,
    "F0475_gSDSS": 14.46910572052002,
    "F0515": 14.301713943481445,
    "F0626_rSDSS": 13.99184799194336,
    "F0660": 13.949965476989746,
    "F0769_iSDSS": 13.857518196105957,
    "F0861": 13.83385944366455,
    "F0883_zSDSS": 13.814526557922363
}