{
    "id": "gaia_xp_spectrum_6160988272373466880-Ref",
    "F0352_uJAVA": 16.322603225708008,
    "F0378": 16.116924285888672,
    "F0395": 16.033586502075195,
    "F0410": 15.475147247314453,
    "F0430": 15.447368621826172,
    "F0475_gSDSS": 15.114775657653809,
    "F0515": 14.953461647033691,
    "F0626_rSDSS": 14.690469741821289,
    "F0660": 14.676213264465332,
    "F0769_iSDSS": 14.576803207397461,
    "F0861": 14.559329986572266,
    "F0883_zSDSS": 14.543610572814941
}