{
    "id": "gaia_xp_spectrum_6160968034487548416-Ref",
    "F0352_uJAVA": 16.40460777282715,
    "F0378": 16.166275024414062,
    "F0395": 16.0570011138916,
    "F0410": 15.565923690795898,
    "F0430": 15.521459579467773,
    "F0475_gSDSS": 15.188457489013672,
    "F0515": 15.038053512573242,
    "F0626_rSDSS": 14.752102851867676,
    "F0660": 14.718035697937012,
    "F0769_iSDSS": 14.630937576293945,
    "F0861": 14.610257148742676,
    "F0883_zSDSS": 14.59947395324707
}