{
    "id": "gaia_xp_spectrum_6160990883713412992-Ref",
    "F0352_uJAVA": 16.31624412536621,
    "F0378": 16.170183181762695,
    "F0395": 16.048696517944336,
    "F0410": 15.514267921447754,
    "F0430": 15.420306205749512,
    "F0475_gSDSS": 15.082647323608398,
    "F0515": 14.908307075500488,
    "F0626_rSDSS": 14.599440574645996,
    "F0660": 14.551336288452148,
    "F0769_iSDSS": 14.457351684570312,
    "F0861": 14.435185432434082,
    "F0883_zSDSS": 14.404203414916992
}