{
    "id": "gaia_xp_spectrum_6161040980211998336-Ref",
    "F0352_uJAVA": 16.89662742614746,
    "F0378": 16.763193130493164,
    "F0395": 16.678110122680664,
    "F0410": 16.117897033691406,
    "F0430": 16.023937225341797,
    "F0475_gSDSS": 15.702799797058105,
    "F0515": 15.533940315246582,
    "F0626_rSDSS": 15.239327430725098,
    "F0660": 15.197053909301758,
    "F0769_iSDSS": 15.097952842712402,
    "F0861": 15.071869850158691,
    "F0883_zSDSS": 15.052437782287598
}