{
    "id": "gaia_xp_spectrum_6160973051009350912-Ref",
    "F0352_uJAVA": 16.647695541381836,
    "F0378": 16.55690574645996,
    "F0395": 16.393800735473633,
    "F0410": 15.858121871948242,
    "F0430": 15.803250312805176,
    "F0475_gSDSS": 15.393854141235352,
    "F0515": 15.218583106994629,
    "F0626_rSDSS": 14.865314483642578,
    "F0660": 14.809401512145996,
    "F0769_iSDSS": 14.699981689453125,
    "F0861": 14.644432067871094,
    "F0883_zSDSS": 14.628641128540039
}