{
    "id": "gaia_xp_spectrum_6160970302230280576-Ref",
    "F0352_uJAVA": 16.737701416015625,
    "F0378": 16.47736167907715,
    "F0395": 16.316761016845703,
    "F0410": 15.957980155944824,
    "F0430": 15.8684720993042,
    "F0475_gSDSS": 15.575370788574219,
    "F0515": 15.393508911132812,
    "F0626_rSDSS": 15.12290096282959,
    "F0660": 15.063193321228027,
    "F0769_iSDSS": 14.964510917663574,
    "F0861": 14.916122436523438,
    "F0883_zSDSS": 14.900404930114746
}