{
    "id": "gaia_xp_spectrum_6138184195054507264-Ref",
    "F0352_uJAVA": 16.94441795349121,
    "F0378": 16.687639236450195,
    "F0395": 16.63304901123047,
    "F0410": 16.038721084594727,
    "F0430": 15.968581199645996,
    "F0475_gSDSS": 15.550688743591309,
    "F0515": 15.351590156555176,
    "F0626_rSDSS": 14.987020492553711,
    "F0660": 14.927993774414062,
    "F0769_iSDSS": 14.813549995422363,
    "F0861": 14.761032104492188,
    "F0883_zSDSS": 14.742427825927734
}