{
    "id": "gaia_xp_spectrum_6138286621434303616-Ref",
    "F0352_uJAVA": 16.322437286376953,
    "F0378": 16.242935180664062,
    "F0395": 16.158355712890625,
    "F0410": 15.410712242126465,
    "F0430": 15.34073257446289,
    "F0475_gSDSS": 14.843218803405762,
    "F0515": 14.636794090270996,
    "F0626_rSDSS": 14.226840019226074,
    "F0660": 14.148151397705078,
    "F0769_iSDSS": 14.048863410949707,
    "F0861": 13.995597839355469,
    "F0883_zSDSS": 13.984223365783691
}