{
    "id": "gaia_xp_spectrum_6138184916609287424-Ref",
    "F0352_uJAVA": 15.704407691955566,
    "F0378": 15.609575271606445,
    "F0395": 15.37437915802002,
    "F0410": 15.358498573303223,
    "F0430": 15.396635055541992,
    "F0475_gSDSS": 15.47286319732666,
    "F0515": 15.55610466003418,
    "F0626_rSDSS": 15.79187297821045,
    "F0660": 15.906731605529785,
    "F0769_iSDSS": 16.067485809326172,
    "F0861": 16.255172729492188,
    "F0883_zSDSS": 16.275312423706055
}