{
    "id": "gaia_xp_spectrum_6138239617312596224-Ref",
    "F0352_uJAVA": 17.020587921142578,
    "F0378": 16.58747100830078,
    "F0395": 16.159997940063477,
    "F0410": 15.921442031860352,
    "F0430": 15.860451698303223,
    "F0475_gSDSS": 15.743209838867188,
    "F0515": 15.63277816772461,
    "F0626_rSDSS": 15.568251609802246,
    "F0660": 15.616488456726074,
    "F0769_iSDSS": 15.559130668640137,
    "F0861": 15.571832656860352,
    "F0883_zSDSS": 15.572941780090332
}