{
    "id": "gaia_xp_spectrum_6138186634596203008-Ref",
    "F0352_uJAVA": 15.65519905090332,
    "F0378": 15.246199607849121,
    "F0395": 14.62586784362793,
    "F0410": 14.38797664642334,
    "F0430": 14.346604347229004,
    "F0475_gSDSS": 14.275136947631836,
    "F0515": 14.236333847045898,
    "F0626_rSDSS": 14.2642240524292,
    "F0660": 14.364669799804688,
    "F0769_iSDSS": 14.352737426757812,
    "F0861": 14.415514945983887,
    "F0883_zSDSS": 14.402413368225098
}