{
    "id": "gaia_xp_spectrum_6138233020242790400-Ref",
    "F0352_uJAVA": 16.500286102294922,
    "F0378": 16.29998016357422,
    "F0395": 16.33390235900879,
    "F0410": 15.66956901550293,
    "F0430": 15.597373962402344,
    "F0475_gSDSS": 15.201583862304688,
    "F0515": 15.022781372070312,
    "F0626_rSDSS": 14.673166275024414,
    "F0660": 14.626358032226562,
    "F0769_iSDSS": 14.52116870880127,
    "F0861": 14.48355770111084,
    "F0883_zSDSS": 14.46129322052002
}