{
    "id": "gaia_xp_spectrum_6138176292315004032-Ref",
    "F0352_uJAVA": 17.045368194580078,
    "F0378": 16.972126007080078,
    "F0395": 16.79986000061035,
    "F0410": 16.20493507385254,
    "F0430": 16.144874572753906,
    "F0475_gSDSS": 15.729618072509766,
    "F0515": 15.550799369812012,
    "F0626_rSDSS": 15.188352584838867,
    "F0660": 15.155387878417969,
    "F0769_iSDSS": 15.026144981384277,
    "F0861": 14.999019622802734,
    "F0883_zSDSS": 14.966357231140137
}