{
    "id": "gaia_xp_spectrum_6138273255496059520-Ref",
    "F0352_uJAVA": 16.376665115356445,
    "F0378": 16.34400177001953,
    "F0395": 16.27852439880371,
    "F0410": 15.462822914123535,
    "F0430": 15.369940757751465,
    "F0475_gSDSS": 14.771883964538574,
    "F0515": 14.557661056518555,
    "F0626_rSDSS": 14.012470245361328,
    "F0660": 13.918920516967773,
    "F0769_iSDSS": 13.733597755432129,
    "F0861": 13.632771492004395,
    "F0883_zSDSS": 13.59072208404541
}