{
    "id": "gaia_xp_spectrum_6138234085394695808-Ref",
    "F0352_uJAVA": 16.540922164916992,
    "F0378": 16.568384170532227,
    "F0395": 16.441858291625977,
    "F0410": 15.618997573852539,
    "F0430": 15.538284301757812,
    "F0475_gSDSS": 15.03117847442627,
    "F0515": 14.841517448425293,
    "F0626_rSDSS": 14.379128456115723,
    "F0660": 14.321122169494629,
    "F0769_iSDSS": 14.179622650146484,
    "F0861": 14.13210678100586,
    "F0883_zSDSS": 14.094112396240234
}