{
    "id": "gaia_xp_spectrum_6138243568682519040-Ref",
    "F0352_uJAVA": 16.865209579467773,
    "F0378": 16.81142234802246,
    "F0395": 16.663148880004883,
    "F0410": 16.06702995300293,
    "F0430": 16.028217315673828,
    "F0475_gSDSS": 15.64171314239502,
    "F0515": 15.45875072479248,
    "F0626_rSDSS": 15.133837699890137,
    "F0660": 15.078307151794434,
    "F0769_iSDSS": 14.969603538513184,
    "F0861": 14.94067096710205,
    "F0883_zSDSS": 14.912253379821777
}