{
    "id": "gaia_xp_spectrum_6138241472738663936-Ref",
    "F0352_uJAVA": 16.1458683013916,
    "F0378": 15.983195304870605,
    "F0395": 15.821891784667969,
    "F0410": 15.335986137390137,
    "F0430": 15.262292861938477,
    "F0475_gSDSS": 14.921109199523926,
    "F0515": 14.760396957397461,
    "F0626_rSDSS": 14.455910682678223,
    "F0660": 14.423178672790527,
    "F0769_iSDSS": 14.329352378845215,
    "F0861": 14.30881404876709,
    "F0883_zSDSS": 14.286906242370605
}