{
    "id": "gaia_xp_spectrum_6138243843560432000-Ref",
    "F0352_uJAVA": 15.903383255004883,
    "F0378": 15.699077606201172,
    "F0395": 15.521613121032715,
    "F0410": 15.35799789428711,
    "F0430": 15.264554977416992,
    "F0475_gSDSS": 15.017720222473145,
    "F0515": 14.85565185546875,
    "F0626_rSDSS": 14.557469367980957,
    "F0660": 14.507898330688477,
    "F0769_iSDSS": 14.37819766998291,
    "F0861": 14.311319351196289,
    "F0883_zSDSS": 14.301961898803711
}