{
    "id": "gaia_xp_spectrum_6138240682464497664-Ref",
    "F0352_uJAVA": 16.14484405517578,
    "F0378": 15.816203117370605,
    "F0395": 15.83574390411377,
    "F0410": 15.376718521118164,
    "F0430": 15.295181274414062,
    "F0475_gSDSS": 15.01663589477539,
    "F0515": 14.872004508972168,
    "F0626_rSDSS": 14.600736618041992,
    "F0660": 14.56715202331543,
    "F0769_iSDSS": 14.467155456542969,
    "F0861": 14.43958854675293,
    "F0883_zSDSS": 14.420147895812988
}