{
    "id": "gaia_xp_spectrum_6138182958103926400-Ref",
    "F0352_uJAVA": 16.55344581604004,
    "F0378": 16.461963653564453,
    "F0395": 16.388456344604492,
    "F0410": 15.80644702911377,
    "F0430": 15.751385688781738,
    "F0475_gSDSS": 15.328343391418457,
    "F0515": 15.153185844421387,
    "F0626_rSDSS": 14.749259948730469,
    "F0660": 14.684870719909668,
    "F0769_iSDSS": 14.546408653259277,
    "F0861": 14.483499526977539,
    "F0883_zSDSS": 14.459004402160645
}