{
    "id": "gaia_xp_spectrum_6138190723405088512-Ref",
    "F0352_uJAVA": 16.469881057739258,
    "F0378": 16.17948341369629,
    "F0395": 16.130077362060547,
    "F0410": 15.718826293945312,
    "F0430": 15.656600952148438,
    "F0475_gSDSS": 15.370464324951172,
    "F0515": 15.208717346191406,
    "F0626_rSDSS": 14.945208549499512,
    "F0660": 14.90401840209961,
    "F0769_iSDSS": 14.810770034790039,
    "F0861": 14.774247169494629,
    "F0883_zSDSS": 14.76046371459961
}