{
    "id": "gaia_xp_spectrum_6138180690361458432-Ref",
    "F0352_uJAVA": 16.88369369506836,
    "F0378": 16.884235382080078,
    "F0395": 16.599855422973633,
    "F0410": 15.992192268371582,
    "F0430": 15.881218910217285,
    "F0475_gSDSS": 15.417783737182617,
    "F0515": 15.218611717224121,
    "F0626_rSDSS": 14.805087089538574,
    "F0660": 14.733858108520508,
    "F0769_iSDSS": 14.627346992492676,
    "F0861": 14.58558177947998,
    "F0883_zSDSS": 14.55383014678955
}