{
    "id": "gaia_xp_spectrum_6138240991702156160-Ref",
    "F0352_uJAVA": 16.465864181518555,
    "F0378": 16.32994842529297,
    "F0395": 16.285852432250977,
    "F0410": 15.68191909790039,
    "F0430": 15.658639907836914,
    "F0475_gSDSS": 15.252445220947266,
    "F0515": 15.08617877960205,
    "F0626_rSDSS": 14.754144668579102,
    "F0660": 14.693909645080566,
    "F0769_iSDSS": 14.596522331237793,
    "F0861": 14.568727493286133,
    "F0883_zSDSS": 14.53739070892334
}