{
    "id": "gaia_xp_spectrum_6138176189235789824-Ref",
    "F0352_uJAVA": 17.225183486938477,
    "F0378": 16.96070671081543,
    "F0395": 16.81041145324707,
    "F0410": 16.3739070892334,
    "F0430": 16.265485763549805,
    "F0475_gSDSS": 15.992496490478516,
    "F0515": 15.829869270324707,
    "F0626_rSDSS": 15.582298278808594,
    "F0660": 15.543292045593262,
    "F0769_iSDSS": 15.463939666748047,
    "F0861": 15.445601463317871,
    "F0883_zSDSS": 15.427289962768555
}