{
    "id": "gaia_xp_spectrum_6138183988896088832-Ref",
    "F0352_uJAVA": 16.58005142211914,
    "F0378": 16.44329261779785,
    "F0395": 16.391294479370117,
    "F0410": 15.788237571716309,
    "F0430": 15.752456665039062,
    "F0475_gSDSS": 15.275421142578125,
    "F0515": 15.073412895202637,
    "F0626_rSDSS": 14.656739234924316,
    "F0660": 14.585894584655762,
    "F0769_iSDSS": 14.432170867919922,
    "F0861": 14.360157012939453,
    "F0883_zSDSS": 14.324461936950684
}