{
    "id": "gaia_xp_spectrum_6138285556282405504-Ref",
    "F0352_uJAVA": 17.078983306884766,
    "F0378": 16.86795425415039,
    "F0395": 16.671062469482422,
    "F0410": 16.32126235961914,
    "F0430": 16.238828659057617,
    "F0475_gSDSS": 15.986021041870117,
    "F0515": 15.848764419555664,
    "F0626_rSDSS": 15.609843254089355,
    "F0660": 15.573996543884277,
    "F0769_iSDSS": 15.497148513793945,
    "F0861": 15.471151351928711,
    "F0883_zSDSS": 15.471447944641113
}