{
    "id": "gaia_xp_spectrum_6138176257955266048-Ref",
    "F0352_uJAVA": 16.293004989624023,
    "F0378": 16.160842895507812,
    "F0395": 16.080236434936523,
    "F0410": 15.402472496032715,
    "F0430": 15.355091094970703,
    "F0475_gSDSS": 14.92793083190918,
    "F0515": 14.742141723632812,
    "F0626_rSDSS": 14.384622573852539,
    "F0660": 14.342952728271484,
    "F0769_iSDSS": 14.22436809539795,
    "F0861": 14.188584327697754,
    "F0883_zSDSS": 14.164600372314453
}