{
    "id": "gaia_xp_spectrum_6138287549147131648-Ref",
    "F0352_uJAVA": 16.983213424682617,
    "F0378": 16.599876403808594,
    "F0395": 16.722076416015625,
    "F0410": 16.105690002441406,
    "F0430": 16.031536102294922,
    "F0475_gSDSS": 15.501832962036133,
    "F0515": 15.233332633972168,
    "F0626_rSDSS": 14.74084186553955,
    "F0660": 14.637585639953613,
    "F0769_iSDSS": 14.419870376586914,
    "F0861": 14.294931411743164,
    "F0883_zSDSS": 14.252592086791992
}