{
    "id": "gaia_xp_spectrum_6138289473292484480-Ref",
    "F0352_uJAVA": 17.08401870727539,
    "F0378": 17.03765296936035,
    "F0395": 16.856037139892578,
    "F0410": 16.247135162353516,
    "F0430": 16.16875457763672,
    "F0475_gSDSS": 15.796897888183594,
    "F0515": 15.613600730895996,
    "F0626_rSDSS": 15.286212921142578,
    "F0660": 15.236907958984375,
    "F0769_iSDSS": 15.134136199951172,
    "F0861": 15.092941284179688,
    "F0883_zSDSS": 15.073451042175293
}