{
    "id": "gaia_xp_spectrum_6138239067556807424-Ref",
    "F0352_uJAVA": 16.07549476623535,
    "F0378": 15.692264556884766,
    "F0395": 15.082387924194336,
    "F0410": 14.831734657287598,
    "F0430": 14.792248725891113,
    "F0475_gSDSS": 14.70455551147461,
    "F0515": 14.65695571899414,
    "F0626_rSDSS": 14.672008514404297,
    "F0660": 14.763428688049316,
    "F0769_iSDSS": 14.755793571472168,
    "F0861": 14.825910568237305,
    "F0883_zSDSS": 14.814702033996582
}