{
    "id": "gaia_xp_spectrum_6138190104929792000-Ref",
    "F0352_uJAVA": 16.869680404663086,
    "F0378": 16.79213523864746,
    "F0395": 16.626853942871094,
    "F0410": 16.126583099365234,
    "F0430": 16.059110641479492,
    "F0475_gSDSS": 15.647714614868164,
    "F0515": 15.460363388061523,
    "F0626_rSDSS": 15.104249000549316,
    "F0660": 15.042022705078125,
    "F0769_iSDSS": 14.92070484161377,
    "F0861": 14.872273445129395,
    "F0883_zSDSS": 14.845467567443848
}