{
    "id": "gaia_xp_spectrum_6138194709134744448-Ref",
    "F0352_uJAVA": 16.665069580078125,
    "F0378": 16.457796096801758,
    "F0395": 16.49663543701172,
    "F0410": 15.892693519592285,
    "F0430": 15.847261428833008,
    "F0475_gSDSS": 15.485547065734863,
    "F0515": 15.316094398498535,
    "F0626_rSDSS": 14.997901916503906,
    "F0660": 14.942941665649414,
    "F0769_iSDSS": 14.851783752441406,
    "F0861": 14.825187683105469,
    "F0883_zSDSS": 14.802165031433105
}