{
    "id": "gaia_xp_spectrum_6138193884501020160-Ref",
    "F0352_uJAVA": 16.758573532104492,
    "F0378": 16.660558700561523,
    "F0395": 16.611820220947266,
    "F0410": 15.941494941711426,
    "F0430": 15.911972999572754,
    "F0475_gSDSS": 15.452625274658203,
    "F0515": 15.28717041015625,
    "F0626_rSDSS": 14.86549186706543,
    "F0660": 14.807711601257324,
    "F0769_iSDSS": 14.677581787109375,
    "F0861": 14.626049041748047,
    "F0883_zSDSS": 14.596698760986328
}