{
    "id": "gaia_xp_spectrum_6138242366091901184-Ref",
    "F0352_uJAVA": 16.90911102294922,
    "F0378": 16.879199981689453,
    "F0395": 16.68863296508789,
    "F0410": 16.038375854492188,
    "F0430": 15.968395233154297,
    "F0475_gSDSS": 15.486157417297363,
    "F0515": 15.307097434997559,
    "F0626_rSDSS": 14.88455867767334,
    "F0660": 14.804651260375977,
    "F0769_iSDSS": 14.688679695129395,
    "F0861": 14.638955116271973,
    "F0883_zSDSS": 14.607492446899414
}