{
    "id": "gaia_xp_spectrum_6138241644537178880-Ref",
    "F0352_uJAVA": 16.422014236450195,
    "F0378": 16.385412216186523,
    "F0395": 16.3424129486084,
    "F0410": 15.59782600402832,
    "F0430": 15.521586418151855,
    "F0475_gSDSS": 15.077427864074707,
    "F0515": 14.899813652038574,
    "F0626_rSDSS": 14.499177932739258,
    "F0660": 14.44566535949707,
    "F0769_iSDSS": 14.321486473083496,
    "F0861": 14.273679733276367,
    "F0883_zSDSS": 14.246492385864258
}