{
    "id": "gaia_xp_spectrum_6138288957896406784-Ref",
    "F0352_uJAVA": 16.401140213012695,
    "F0378": 16.06685447692871,
    "F0395": 15.98649787902832,
    "F0410": 15.607901573181152,
    "F0430": 15.538379669189453,
    "F0475_gSDSS": 15.277898788452148,
    "F0515": 15.152786254882812,
    "F0626_rSDSS": 14.874297142028809,
    "F0660": 14.826375961303711,
    "F0769_iSDSS": 14.757140159606934,
    "F0861": 14.718936920166016,
    "F0883_zSDSS": 14.713845252990723
}