{
    "id": "gaia_xp_spectrum_6138176429753958272-Ref",
    "F0352_uJAVA": 16.274948120117188,
    "F0378": 16.098308563232422,
    "F0395": 15.975112915039062,
    "F0410": 15.41047477722168,
    "F0430": 15.321727752685547,
    "F0475_gSDSS": 14.941466331481934,
    "F0515": 14.767314910888672,
    "F0626_rSDSS": 14.42439079284668,
    "F0660": 14.394883155822754,
    "F0769_iSDSS": 14.273402214050293,
    "F0861": 14.242979049682617,
    "F0883_zSDSS": 14.217310905456543
}