{
    "id": "gaia_xp_spectrum_6138239720391809024-Ref",
    "F0352_uJAVA": 16.5689754486084,
    "F0378": 16.186782836914062,
    "F0395": 15.776564598083496,
    "F0410": 15.541947364807129,
    "F0430": 15.47160530090332,
    "F0475_gSDSS": 15.373598098754883,
    "F0515": 15.298052787780762,
    "F0626_rSDSS": 15.250033378601074,
    "F0660": 15.287862777709961,
    "F0769_iSDSS": 15.278940200805664,
    "F0861": 15.326875686645508,
    "F0883_zSDSS": 15.317046165466309
}