{
    "id": "gaia_xp_spectrum_6138231508414261376-Ref",
    "F0352_uJAVA": 16.305212020874023,
    "F0378": 16.112775802612305,
    "F0395": 15.97472095489502,
    "F0410": 15.485092163085938,
    "F0430": 15.424430847167969,
    "F0475_gSDSS": 15.103337287902832,
    "F0515": 14.940657615661621,
    "F0626_rSDSS": 14.671917915344238,
    "F0660": 14.651450157165527,
    "F0769_iSDSS": 14.562912940979004,
    "F0861": 14.556733131408691,
    "F0883_zSDSS": 14.531720161437988
}