{
    "id": "gaia_xp_spectrum_6138175192803324672-Ref",
    "F0352_uJAVA": 16.81838035583496,
    "F0378": 16.746021270751953,
    "F0395": 16.64794921875,
    "F0410": 15.919127464294434,
    "F0430": 15.842146873474121,
    "F0475_gSDSS": 15.362700462341309,
    "F0515": 15.181337356567383,
    "F0626_rSDSS": 14.749082565307617,
    "F0660": 14.698762893676758,
    "F0769_iSDSS": 14.572665214538574,
    "F0861": 14.52640151977539,
    "F0883_zSDSS": 14.491384506225586
}