{
    "id": "gaia_xp_spectrum_6138181274476745600-Ref",
    "F0352_uJAVA": 17.032493591308594,
    "F0378": 16.9771728515625,
    "F0395": 16.825029373168945,
    "F0410": 16.152515411376953,
    "F0430": 16.0931396484375,
    "F0475_gSDSS": 15.663714408874512,
    "F0515": 15.45164680480957,
    "F0626_rSDSS": 15.079376220703125,
    "F0660": 15.023134231567383,
    "F0769_iSDSS": 14.88109302520752,
    "F0861": 14.832258224487305,
    "F0883_zSDSS": 14.796060562133789
}