{
    "id": "gaia_xp_spectrum_6138289232774314880-Ref",
    "F0352_uJAVA": 15.859024047851562,
    "F0378": 15.691728591918945,
    "F0395": 15.587838172912598,
    "F0410": 14.991101264953613,
    "F0430": 14.910127639770508,
    "F0475_gSDSS": 14.511575698852539,
    "F0515": 14.322042465209961,
    "F0626_rSDSS": 13.985943794250488,
    "F0660": 13.923373222351074,
    "F0769_iSDSS": 13.836132049560547,
    "F0861": 13.810768127441406,
    "F0883_zSDSS": 13.783102035522461
}