{
    "id": "gaia_xp_spectrum_6138283185461082112-Ref",
    "F0352_uJAVA": 16.910987854003906,
    "F0378": 16.786027908325195,
    "F0395": 16.733537673950195,
    "F0410": 16.080692291259766,
    "F0430": 16.02052116394043,
    "F0475_gSDSS": 15.564711570739746,
    "F0515": 15.387747764587402,
    "F0626_rSDSS": 14.981239318847656,
    "F0660": 14.92355728149414,
    "F0769_iSDSS": 14.787883758544922,
    "F0861": 14.744237899780273,
    "F0883_zSDSS": 14.704318046569824
}