{
    "id": "gaia_xp_spectrum_6138187424870190592-Ref",
    "F0352_uJAVA": 16.2569637298584,
    "F0378": 16.130462646484375,
    "F0395": 15.902649879455566,
    "F0410": 15.620563507080078,
    "F0430": 15.564275741577148,
    "F0475_gSDSS": 15.260047912597656,
    "F0515": 15.093750953674316,
    "F0626_rSDSS": 14.78917121887207,
    "F0660": 14.744208335876465,
    "F0769_iSDSS": 14.61319637298584,
    "F0861": 14.563240051269531,
    "F0883_zSDSS": 14.540243148803711
}