{
    "id": "gaia_xp_spectrum_6138340944180569088-Ref",
    "F0352_uJAVA": 16.792198181152344,
    "F0378": 16.61643409729004,
    "F0395": 16.65924072265625,
    "F0410": 15.86894416809082,
    "F0430": 15.773813247680664,
    "F0475_gSDSS": 15.20107650756836,
    "F0515": 14.942588806152344,
    "F0626_rSDSS": 14.465998649597168,
    "F0660": 14.378405570983887,
    "F0769_iSDSS": 14.188701629638672,
    "F0861": 14.096741676330566,
    "F0883_zSDSS": 14.053452491760254
}