{
    "id": "gaia_xp_spectrum_6138187596668879232-Ref",
    "F0352_uJAVA": 16.454761505126953,
    "F0378": 16.42024803161621,
    "F0395": 16.37394905090332,
    "F0410": 15.608098030090332,
    "F0430": 15.534505844116211,
    "F0475_gSDSS": 15.042818069458008,
    "F0515": 14.878849029541016,
    "F0626_rSDSS": 14.426278114318848,
    "F0660": 14.346763610839844,
    "F0769_iSDSS": 14.238253593444824,
    "F0861": 14.185745239257812,
    "F0883_zSDSS": 14.158736228942871
}