{
    "id": "gaia_xp_spectrum_6138237796246465152-Ref",
    "F0352_uJAVA": 17.03243064880371,
    "F0378": 16.64983558654785,
    "F0395": 16.612699508666992,
    "F0410": 16.21922492980957,
    "F0430": 16.121789932250977,
    "F0475_gSDSS": 15.915727615356445,
    "F0515": 15.787405967712402,
    "F0626_rSDSS": 15.568536758422852,
    "F0660": 15.535469055175781,
    "F0769_iSDSS": 15.474891662597656,
    "F0861": 15.46382999420166,
    "F0883_zSDSS": 15.442736625671387
}