{
    "id": "gaia_xp_spectrum_6138248688283528960-Ref",
    "F0352_uJAVA": 16.387619018554688,
    "F0378": 16.061887741088867,
    "F0395": 15.873560905456543,
    "F0410": 15.553327560424805,
    "F0430": 15.484371185302734,
    "F0475_gSDSS": 15.245004653930664,
    "F0515": 15.122026443481445,
    "F0626_rSDSS": 14.878288269042969,
    "F0660": 14.858168601989746,
    "F0769_iSDSS": 14.77712631225586,
    "F0861": 14.76302719116211,
    "F0883_zSDSS": 14.748419761657715
}