{
    "id": "gaia_xp_spectrum_6138284937807112832-Ref",
    "F0352_uJAVA": 16.910741806030273,
    "F0378": 16.70820426940918,
    "F0395": 16.641704559326172,
    "F0410": 16.102863311767578,
    "F0430": 16.02002716064453,
    "F0475_gSDSS": 15.678592681884766,
    "F0515": 15.497482299804688,
    "F0626_rSDSS": 15.181432723999023,
    "F0660": 15.143826484680176,
    "F0769_iSDSS": 15.040433883666992,
    "F0861": 15.006128311157227,
    "F0883_zSDSS": 14.979803085327148
}