{
    "id": "gaia_xp_spectrum_6138192677614257152-Ref",
    "F0352_uJAVA": 16.80339813232422,
    "F0378": 16.61898422241211,
    "F0395": 16.652700424194336,
    "F0410": 16.035951614379883,
    "F0430": 16.027482986450195,
    "F0475_gSDSS": 15.624618530273438,
    "F0515": 15.453154563903809,
    "F0626_rSDSS": 15.119178771972656,
    "F0660": 15.099299430847168,
    "F0769_iSDSS": 14.965775489807129,
    "F0861": 14.937663078308105,
    "F0883_zSDSS": 14.914644241333008
}