{
    "id": "gaia_xp_spectrum_6138231267896101504-Ref",
    "F0352_uJAVA": 17.042572021484375,
    "F0378": 16.84926414489746,
    "F0395": 16.937854766845703,
    "F0410": 16.216039657592773,
    "F0430": 16.176218032836914,
    "F0475_gSDSS": 15.734228134155273,
    "F0515": 15.549243927001953,
    "F0626_rSDSS": 15.164566040039062,
    "F0660": 15.123811721801758,
    "F0769_iSDSS": 14.974321365356445,
    "F0861": 14.921904563903809,
    "F0883_zSDSS": 14.895901679992676
}