{
    "id": "gaia_xp_spectrum_6138192888068604928-Ref",
    "F0352_uJAVA": 16.75099754333496,
    "F0378": 16.518766403198242,
    "F0395": 16.405609130859375,
    "F0410": 15.978621482849121,
    "F0430": 15.921449661254883,
    "F0475_gSDSS": 15.640725135803223,
    "F0515": 15.500311851501465,
    "F0626_rSDSS": 15.235184669494629,
    "F0660": 15.20569133758545,
    "F0769_iSDSS": 15.114749908447266,
    "F0861": 15.11005687713623,
    "F0883_zSDSS": 15.084182739257812
}