{
    "id": "gaia_xp_spectrum_6138174643047504768-Ref",
    "F0352_uJAVA": 16.445499420166016,
    "F0378": 16.267351150512695,
    "F0395": 16.24968147277832,
    "F0410": 15.55324935913086,
    "F0430": 15.418492317199707,
    "F0475_gSDSS": 14.869290351867676,
    "F0515": 14.620365142822266,
    "F0626_rSDSS": 14.105904579162598,
    "F0660": 14.009270668029785,
    "F0769_iSDSS": 13.798012733459473,
    "F0861": 13.685958862304688,
    "F0883_zSDSS": 13.642899513244629
}