{
    "id": "gaia_xp_spectrum_6138287824025038976-Ref",
    "F0352_uJAVA": 17.049524307250977,
    "F0378": 16.919330596923828,
    "F0395": 16.86452865600586,
    "F0410": 16.254253387451172,
    "F0430": 16.186569213867188,
    "F0475_gSDSS": 15.790922164916992,
    "F0515": 15.615775108337402,
    "F0626_rSDSS": 15.24683952331543,
    "F0660": 15.18492603302002,
    "F0769_iSDSS": 15.064643859863281,
    "F0861": 15.023184776306152,
    "F0883_zSDSS": 14.988057136535645
}