{
    "id": "gaia_xp_spectrum_6138246351821376256-Ref",
    "F0352_uJAVA": 16.53062629699707,
    "F0378": 16.425350189208984,
    "F0395": 16.35527801513672,
    "F0410": 15.656800270080566,
    "F0430": 15.595349311828613,
    "F0475_gSDSS": 15.144668579101562,
    "F0515": 14.977285385131836,
    "F0626_rSDSS": 14.589066505432129,
    "F0660": 14.530342102050781,
    "F0769_iSDSS": 14.4138765335083,
    "F0861": 14.370037078857422,
    "F0883_zSDSS": 14.340062141418457
}