{
    "id": "gaia_xp_spectrum_6138242400451604352-Ref",
    "F0352_uJAVA": 16.981536865234375,
    "F0378": 16.846107482910156,
    "F0395": 16.62530517578125,
    "F0410": 16.10859489440918,
    "F0430": 16.048160552978516,
    "F0475_gSDSS": 15.638989448547363,
    "F0515": 15.467622756958008,
    "F0626_rSDSS": 15.113614082336426,
    "F0660": 15.050082206726074,
    "F0769_iSDSS": 14.94045639038086,
    "F0861": 14.902059555053711,
    "F0883_zSDSS": 14.873109817504883
}