{
    "id": "gaia_xp_spectrum_6138291053840870528-Ref",
    "F0352_uJAVA": 16.490095138549805,
    "F0378": 16.275415420532227,
    "F0395": 16.18159294128418,
    "F0410": 15.698495864868164,
    "F0430": 15.636443138122559,
    "F0475_gSDSS": 15.33114242553711,
    "F0515": 15.161345481872559,
    "F0626_rSDSS": 14.8917236328125,
    "F0660": 14.864436149597168,
    "F0769_iSDSS": 14.753323554992676,
    "F0861": 14.724556922912598,
    "F0883_zSDSS": 14.707659721374512
}