{
    "id": "gaia_xp_spectrum_6138246283101902720-Ref",
    "F0352_uJAVA": 15.883779525756836,
    "F0378": 15.654229164123535,
    "F0395": 15.63227367401123,
    "F0410": 15.108226776123047,
    "F0430": 15.079065322875977,
    "F0475_gSDSS": 14.72471809387207,
    "F0515": 14.553558349609375,
    "F0626_rSDSS": 14.270676612854004,
    "F0660": 14.24342155456543,
    "F0769_iSDSS": 14.130833625793457,
    "F0861": 14.109333038330078,
    "F0883_zSDSS": 14.086320877075195
}