{
    "id": "gaia_xp_spectrum_6138180724721197696-Ref",
    "F0352_uJAVA": 15.737787246704102,
    "F0378": 15.473945617675781,
    "F0395": 15.411726951599121,
    "F0410": 14.951324462890625,
    "F0430": 14.894547462463379,
    "F0475_gSDSS": 14.573668479919434,
    "F0515": 14.400472640991211,
    "F0626_rSDSS": 14.101765632629395,
    "F0660": 14.070122718811035,
    "F0769_iSDSS": 13.953025817871094,
    "F0861": 13.913592338562012,
    "F0883_zSDSS": 13.897335052490234
}