{
    "id": "gaia_xp_spectrum_6138287549147131520-Ref",
    "F0352_uJAVA": 16.53543472290039,
    "F0378": 16.667415618896484,
    "F0395": 16.298357009887695,
    "F0410": 15.582843780517578,
    "F0430": 15.381586074829102,
    "F0475_gSDSS": 14.801424026489258,
    "F0515": 14.617006301879883,
    "F0626_rSDSS": 14.05996036529541,
    "F0660": 13.987550735473633,
    "F0769_iSDSS": 13.86531925201416,
    "F0861": 13.806072235107422,
    "F0883_zSDSS": 13.772597312927246
}