{
    "id": "gaia_xp_spectrum_6138242636674015744-Ref",
    "F0352_uJAVA": 16.679616928100586,
    "F0378": 16.423709869384766,
    "F0395": 16.200332641601562,
    "F0410": 15.851480484008789,
    "F0430": 15.824758529663086,
    "F0475_gSDSS": 15.595643997192383,
    "F0515": 15.451233863830566,
    "F0626_rSDSS": 15.28834342956543,
    "F0660": 15.281699180603027,
    "F0769_iSDSS": 15.206418991088867,
    "F0861": 15.197845458984375,
    "F0883_zSDSS": 15.19594669342041
}