{
    "id": "gaia_xp_spectrum_6138176223595526656-Ref",
    "F0352_uJAVA": 16.977407455444336,
    "F0378": 16.89802360534668,
    "F0395": 16.682392120361328,
    "F0410": 16.11444664001465,
    "F0430": 16.025815963745117,
    "F0475_gSDSS": 15.623663902282715,
    "F0515": 15.440674781799316,
    "F0626_rSDSS": 15.084617614746094,
    "F0660": 15.029860496520996,
    "F0769_iSDSS": 14.923784255981445,
    "F0861": 14.894305229187012,
    "F0883_zSDSS": 14.866198539733887
}