{
    "id": "gaia_xp_spectrum_6138174677407244672-Ref",
    "F0352_uJAVA": 16.499818801879883,
    "F0378": 16.268062591552734,
    "F0395": 16.074893951416016,
    "F0410": 15.768889427185059,
    "F0430": 15.675769805908203,
    "F0475_gSDSS": 15.413963317871094,
    "F0515": 15.272343635559082,
    "F0626_rSDSS": 15.020903587341309,
    "F0660": 15.001065254211426,
    "F0769_iSDSS": 14.896206855773926,
    "F0861": 14.87704086303711,
    "F0883_zSDSS": 14.860199928283691
}