{
    "id": "gaia_xp_spectrum_6138290160487672576-Ref",
    "F0352_uJAVA": 16.885562896728516,
    "F0378": 16.85456657409668,
    "F0395": 16.69721221923828,
    "F0410": 16.117141723632812,
    "F0430": 16.034358978271484,
    "F0475_gSDSS": 15.648351669311523,
    "F0515": 15.476914405822754,
    "F0626_rSDSS": 15.116169929504395,
    "F0660": 15.057510375976562,
    "F0769_iSDSS": 14.951006889343262,
    "F0861": 14.910713195800781,
    "F0883_zSDSS": 14.88694953918457
}