{
    "id": "gaia_xp_spectrum_6138336614853527936-Ref",
    "F0352_uJAVA": 16.395336151123047,
    "F0378": 16.314453125,
    "F0395": 16.189529418945312,
    "F0410": 15.52916145324707,
    "F0430": 15.441947937011719,
    "F0475_gSDSS": 14.939010620117188,
    "F0515": 14.73952579498291,
    "F0626_rSDSS": 14.2828369140625,
    "F0660": 14.216123580932617,
    "F0769_iSDSS": 14.061793327331543,
    "F0861": 13.994952201843262,
    "F0883_zSDSS": 13.96010684967041
}