{
    "id": "gaia_xp_spectrum_6138193747062066048-Ref",
    "F0352_uJAVA": 16.549835205078125,
    "F0378": 16.61789321899414,
    "F0395": 16.424955368041992,
    "F0410": 15.62523078918457,
    "F0430": 15.470537185668945,
    "F0475_gSDSS": 14.837504386901855,
    "F0515": 14.614080429077148,
    "F0626_rSDSS": 14.030811309814453,
    "F0660": 13.927112579345703,
    "F0769_iSDSS": 13.748148918151855,
    "F0861": 13.647579193115234,
    "F0883_zSDSS": 13.604610443115234
}