{
    "id": "gaia_xp_spectrum_6138184057615572352-Ref",
    "F0352_uJAVA": 16.4337158203125,
    "F0378": 16.32337760925293,
    "F0395": 16.239498138427734,
    "F0410": 15.560117721557617,
    "F0430": 15.488343238830566,
    "F0475_gSDSS": 15.0728120803833,
    "F0515": 14.894855499267578,
    "F0626_rSDSS": 14.519673347473145,
    "F0660": 14.460305213928223,
    "F0769_iSDSS": 14.356085777282715,
    "F0861": 14.323612213134766,
    "F0883_zSDSS": 14.295374870300293
}