{
    "id": "gaia_xp_spectrum_6138193197306247040-Ref",
    "F0352_uJAVA": 17.095951080322266,
    "F0378": 16.81728744506836,
    "F0395": 16.522369384765625,
    "F0410": 16.37917709350586,
    "F0430": 16.312713623046875,
    "F0475_gSDSS": 16.117998123168945,
    "F0515": 15.988651275634766,
    "F0626_rSDSS": 15.784622192382812,
    "F0660": 15.781343460083008,
    "F0769_iSDSS": 15.679689407348633,
    "F0861": 15.653191566467285,
    "F0883_zSDSS": 15.645176887512207
}