{
    "id": "gaia_xp_spectrum_6138188215144175872-Ref",
    "F0352_uJAVA": 16.778461456298828,
    "F0378": 16.453035354614258,
    "F0395": 16.56131935119629,
    "F0410": 16.02570343017578,
    "F0430": 15.916000366210938,
    "F0475_gSDSS": 15.604351997375488,
    "F0515": 15.441837310791016,
    "F0626_rSDSS": 15.109179496765137,
    "F0660": 15.056839942932129,
    "F0769_iSDSS": 14.93493366241455,
    "F0861": 14.899986267089844,
    "F0883_zSDSS": 14.869812965393066
}