{
    "id": "gaia_xp_spectrum_6138189383375338880-Ref",
    "F0352_uJAVA": 16.809911727905273,
    "F0378": 16.697185516357422,
    "F0395": 16.683198928833008,
    "F0410": 15.980265617370605,
    "F0430": 15.967070579528809,
    "F0475_gSDSS": 15.44210433959961,
    "F0515": 15.232827186584473,
    "F0626_rSDSS": 14.776381492614746,
    "F0660": 14.699738502502441,
    "F0769_iSDSS": 14.524707794189453,
    "F0861": 14.44456958770752,
    "F0883_zSDSS": 14.404389381408691
}