{
    "id": "gaia_xp_spectrum_6138191857276450304-Ref",
    "F0352_uJAVA": 16.63995933532715,
    "F0378": 16.4593448638916,
    "F0395": 16.404306411743164,
    "F0410": 15.869047164916992,
    "F0430": 15.81857681274414,
    "F0475_gSDSS": 15.46469497680664,
    "F0515": 15.294063568115234,
    "F0626_rSDSS": 14.994192123413086,
    "F0660": 14.949967384338379,
    "F0769_iSDSS": 14.84871768951416,
    "F0861": 14.821885108947754,
    "F0883_zSDSS": 14.804115295410156
}