{
    "id": "gaia_xp_spectrum_6138188936698682112-Ref",
    "F0352_uJAVA": 15.540424346923828,
    "F0378": 15.264079093933105,
    "F0395": 15.13669204711914,
    "F0410": 14.77171516418457,
    "F0430": 14.69759464263916,
    "F0475_gSDSS": 14.448269844055176,
    "F0515": 14.305889129638672,
    "F0626_rSDSS": 14.060378074645996,
    "F0660": 14.04198169708252,
    "F0769_iSDSS": 13.94411849975586,
    "F0861": 13.928338050842285,
    "F0883_zSDSS": 13.913208961486816
}