{
    "id": "gaia_xp_spectrum_6138335962018496000-Ref",
    "F0352_uJAVA": 16.13222312927246,
    "F0378": 16.12392234802246,
    "F0395": 15.93470287322998,
    "F0410": 15.24383544921875,
    "F0430": 15.202948570251465,
    "F0475_gSDSS": 14.723440170288086,
    "F0515": 14.547917366027832,
    "F0626_rSDSS": 14.15488338470459,
    "F0660": 14.102873802185059,
    "F0769_iSDSS": 13.999588966369629,
    "F0861": 13.966242790222168,
    "F0883_zSDSS": 13.94158935546875
}