{
    "id": "gaia_xp_spectrum_6138235665942649728-Ref",
    "F0352_uJAVA": 16.506589889526367,
    "F0378": 16.3530330657959,
    "F0395": 16.32724380493164,
    "F0410": 15.711406707763672,
    "F0430": 15.640586853027344,
    "F0475_gSDSS": 15.288423538208008,
    "F0515": 15.109023094177246,
    "F0626_rSDSS": 14.795639991760254,
    "F0660": 14.757702827453613,
    "F0769_iSDSS": 14.657570838928223,
    "F0861": 14.63447380065918,
    "F0883_zSDSS": 14.611159324645996
}