{
    "id": "gaia_xp_spectrum_6138257759254524800-Ref",
    "F0352_uJAVA": 17.030088424682617,
    "F0378": 16.773256301879883,
    "F0395": 16.70563507080078,
    "F0410": 16.245237350463867,
    "F0430": 16.176189422607422,
    "F0475_gSDSS": 15.878150939941406,
    "F0515": 15.727518081665039,
    "F0626_rSDSS": 15.45331859588623,
    "F0660": 15.447490692138672,
    "F0769_iSDSS": 15.322688102722168,
    "F0861": 15.302682876586914,
    "F0883_zSDSS": 15.274394989013672
}