{
    "id": "gaia_xp_spectrum_6138245802065546240-Ref",
    "F0352_uJAVA": 16.85951042175293,
    "F0378": 16.59279441833496,
    "F0395": 16.26609230041504,
    "F0410": 16.004207611083984,
    "F0430": 15.946965217590332,
    "F0475_gSDSS": 15.766222953796387,
    "F0515": 15.653617858886719,
    "F0626_rSDSS": 15.517901420593262,
    "F0660": 15.534747123718262,
    "F0769_iSDSS": 15.461333274841309,
    "F0861": 15.472517967224121,
    "F0883_zSDSS": 15.459138870239258
}