{
    "id": "gaia_xp_spectrum_6138192097794406400-Ref",
    "F0352_uJAVA": 16.207223892211914,
    "F0378": 16.031932830810547,
    "F0395": 15.977377891540527,
    "F0410": 15.384208679199219,
    "F0430": 15.289607048034668,
    "F0475_gSDSS": 14.932863235473633,
    "F0515": 14.759033203125,
    "F0626_rSDSS": 14.441373825073242,
    "F0660": 14.388533592224121,
    "F0769_iSDSS": 14.307610511779785,
    "F0861": 14.286659240722656,
    "F0883_zSDSS": 14.258602142333984
}