{
    "id": "gaia_xp_spectrum_6138287892744515840-Ref",
    "F0352_uJAVA": 16.038747787475586,
    "F0378": 15.728723526000977,
    "F0395": 15.626593589782715,
    "F0410": 15.295341491699219,
    "F0430": 15.205652236938477,
    "F0475_gSDSS": 14.953985214233398,
    "F0515": 14.810019493103027,
    "F0626_rSDSS": 14.567949295043945,
    "F0660": 14.551231384277344,
    "F0769_iSDSS": 14.464030265808105,
    "F0861": 14.442832946777344,
    "F0883_zSDSS": 14.434891700744629
}