{
    "id": "gaia_xp_spectrum_6138250406270466944-Ref",
    "F0352_uJAVA": 16.466577529907227,
    "F0378": 16.27005386352539,
    "F0395": 16.24810791015625,
    "F0410": 15.607251167297363,
    "F0430": 15.568843841552734,
    "F0475_gSDSS": 15.136265754699707,
    "F0515": 14.959332466125488,
    "F0626_rSDSS": 14.574898719787598,
    "F0660": 14.515715599060059,
    "F0769_iSDSS": 14.394885063171387,
    "F0861": 14.344764709472656,
    "F0883_zSDSS": 14.314443588256836
}