{
    "id": "gaia_xp_spectrum_6138286965031693952-Ref",
    "F0352_uJAVA": 15.864034652709961,
    "F0378": 15.735026359558105,
    "F0395": 15.61795711517334,
    "F0410": 15.049712181091309,
    "F0430": 15.017889976501465,
    "F0475_gSDSS": 14.61164665222168,
    "F0515": 14.429792404174805,
    "F0626_rSDSS": 14.075921058654785,
    "F0660": 14.023673057556152,
    "F0769_iSDSS": 13.904052734375,
    "F0861": 13.859660148620605,
    "F0883_zSDSS": 13.830482482910156
}