{
    "id": "gaia_xp_spectrum_6138190208009008896-Ref",
    "F0352_uJAVA": 16.640371322631836,
    "F0378": 16.65775489807129,
    "F0395": 16.39177703857422,
    "F0410": 15.746100425720215,
    "F0430": 15.634333610534668,
    "F0475_gSDSS": 15.122115135192871,
    "F0515": 14.93664836883545,
    "F0626_rSDSS": 14.48437786102295,
    "F0660": 14.412177085876465,
    "F0769_iSDSS": 14.298971176147461,
    "F0861": 14.253371238708496,
    "F0883_zSDSS": 14.219429016113281
}