{
    "id": "gaia_xp_spectrum_6138184710450610816-Ref",
    "F0352_uJAVA": 16.796581268310547,
    "F0378": 16.567331314086914,
    "F0395": 16.52469825744629,
    "F0410": 15.980048179626465,
    "F0430": 15.927624702453613,
    "F0475_gSDSS": 15.585350036621094,
    "F0515": 15.419361114501953,
    "F0626_rSDSS": 15.086902618408203,
    "F0660": 15.023653030395508,
    "F0769_iSDSS": 14.9159517288208,
    "F0861": 14.869366645812988,
    "F0883_zSDSS": 14.848660469055176
}