{
    "id": "gaia_xp_spectrum_6138232814084355328-Ref",
    "F0352_uJAVA": 16.521085739135742,
    "F0378": 16.467044830322266,
    "F0395": 16.354755401611328,
    "F0410": 15.623321533203125,
    "F0430": 15.517998695373535,
    "F0475_gSDSS": 15.043746948242188,
    "F0515": 14.869184494018555,
    "F0626_rSDSS": 14.414265632629395,
    "F0660": 14.350820541381836,
    "F0769_iSDSS": 14.230792999267578,
    "F0861": 14.185040473937988,
    "F0883_zSDSS": 14.152863502502441
}