{
    "id": "gaia_xp_spectrum_6138239445513884416-Ref",
    "F0352_uJAVA": 16.724178314208984,
    "F0378": 16.845375061035156,
    "F0395": 16.638174057006836,
    "F0410": 15.765666961669922,
    "F0430": 15.67243480682373,
    "F0475_gSDSS": 15.07577133178711,
    "F0515": 14.90180778503418,
    "F0626_rSDSS": 14.356822967529297,
    "F0660": 14.284170150756836,
    "F0769_iSDSS": 14.162079811096191,
    "F0861": 14.105292320251465,
    "F0883_zSDSS": 14.073144912719727
}