{
    "id": "gaia_xp_spectrum_6138284800368494464-Ref",
    "F0352_uJAVA": 15.660375595092773,
    "F0378": 15.518319129943848,
    "F0395": 15.403800964355469,
    "F0410": 14.91191577911377,
    "F0430": 14.851919174194336,
    "F0475_gSDSS": 14.520310401916504,
    "F0515": 14.352530479431152,
    "F0626_rSDSS": 14.060236930847168,
    "F0660": 14.01952075958252,
    "F0769_iSDSS": 13.916284561157227,
    "F0861": 13.895041465759277,
    "F0883_zSDSS": 13.868252754211426
}