{
    "id": "gaia_xp_spectrum_6138245252309733888-Ref",
    "F0352_uJAVA": 16.64847183227539,
    "F0378": 17.02054786682129,
    "F0395": 16.850393295288086,
    "F0410": 16.224641799926758,
    "F0430": 16.14813804626465,
    "F0475_gSDSS": 15.59636402130127,
    "F0515": 15.400151252746582,
    "F0626_rSDSS": 14.890203475952148,
    "F0660": 14.790565490722656,
    "F0769_iSDSS": 14.636768341064453,
    "F0861": 14.54267406463623,
    "F0883_zSDSS": 14.499374389648438
}