{
    "id": "gaia_xp_spectrum_6138181377555964928-Ref",
    "F0352_uJAVA": 15.652680397033691,
    "F0378": 15.402886390686035,
    "F0395": 15.265085220336914,
    "F0410": 14.818751335144043,
    "F0430": 14.722368240356445,
    "F0475_gSDSS": 14.436054229736328,
    "F0515": 14.275371551513672,
    "F0626_rSDSS": 13.99749755859375,
    "F0660": 13.974199295043945,
    "F0769_iSDSS": 13.86870288848877,
    "F0861": 13.856694221496582,
    "F0883_zSDSS": 13.829336166381836
}