{
    "id": "gaia_xp_spectrum_6138244152798258048-Ref",
    "F0352_uJAVA": 16.08304214477539,
    "F0378": 15.824982643127441,
    "F0395": 15.731817245483398,
    "F0410": 15.292502403259277,
    "F0430": 15.215020179748535,
    "F0475_gSDSS": 14.918399810791016,
    "F0515": 14.757233619689941,
    "F0626_rSDSS": 14.491222381591797,
    "F0660": 14.4653902053833,
    "F0769_iSDSS": 14.369218826293945,
    "F0861": 14.350323677062988,
    "F0883_zSDSS": 14.331367492675781
}