{
    "id": "gaia_xp_spectrum_6138337302048296576-Ref",
    "F0352_uJAVA": 15.92525577545166,
    "F0378": 15.834566116333008,
    "F0395": 15.630182266235352,
    "F0410": 15.079245567321777,
    "F0430": 15.012093544006348,
    "F0475_gSDSS": 14.645078659057617,
    "F0515": 14.469757080078125,
    "F0626_rSDSS": 14.171046257019043,
    "F0660": 14.135503768920898,
    "F0769_iSDSS": 14.045562744140625,
    "F0861": 14.028228759765625,
    "F0883_zSDSS": 14.009889602661133
}