{
    "id": "gaia_xp_spectrum_6138231336615586176-Ref",
    "F0352_uJAVA": 15.738285064697266,
    "F0378": 15.522078514099121,
    "F0395": 15.50540828704834,
    "F0410": 14.938258171081543,
    "F0430": 14.873075485229492,
    "F0475_gSDSS": 14.518179893493652,
    "F0515": 14.351040840148926,
    "F0626_rSDSS": 14.022997856140137,
    "F0660": 13.983015060424805,
    "F0769_iSDSS": 13.869183540344238,
    "F0861": 13.832537651062012,
    "F0883_zSDSS": 13.808344841003418
}