{
    "id": "gaia_xp_spectrum_6138289881312637184-Ref",
    "F0352_uJAVA": 17.14470672607422,
    "F0378": 16.84717559814453,
    "F0395": 16.751657485961914,
    "F0410": 16.28632354736328,
    "F0430": 16.27884864807129,
    "F0475_gSDSS": 15.906805038452148,
    "F0515": 15.75669002532959,
    "F0626_rSDSS": 15.39319133758545,
    "F0660": 15.301825523376465,
    "F0769_iSDSS": 15.203642845153809,
    "F0861": 15.168869018554688,
    "F0883_zSDSS": 15.139031410217285
}