{
    "id": "gaia_xp_spectrum_6138237555728290944-Ref",
    "F0352_uJAVA": 16.570100784301758,
    "F0378": 16.64568519592285,
    "F0395": 16.44744873046875,
    "F0410": 15.58266544342041,
    "F0430": 15.419768333435059,
    "F0475_gSDSS": 14.790952682495117,
    "F0515": 14.567227363586426,
    "F0626_rSDSS": 13.96990966796875,
    "F0660": 13.860753059387207,
    "F0769_iSDSS": 13.667948722839355,
    "F0861": 13.552689552307129,
    "F0883_zSDSS": 13.511380195617676
}