{
    "id": "gaia_xp_spectrum_6138232431831421568-Ref",
    "F0352_uJAVA": 16.702436447143555,
    "F0378": 16.65443229675293,
    "F0395": 16.49785614013672,
    "F0410": 15.826677322387695,
    "F0430": 15.73721694946289,
    "F0475_gSDSS": 15.223134994506836,
    "F0515": 15.019969940185547,
    "F0626_rSDSS": 14.552997589111328,
    "F0660": 14.481781959533691,
    "F0769_iSDSS": 14.328007698059082,
    "F0861": 14.259604454040527,
    "F0883_zSDSS": 14.225357055664062
}