{
    "id": "gaia_xp_spectrum_6138289816890291200-Ref",
    "F0352_uJAVA": 16.74721336364746,
    "F0378": 16.508338928222656,
    "F0395": 16.58942222595215,
    "F0410": 15.919065475463867,
    "F0430": 15.881175994873047,
    "F0475_gSDSS": 15.420576095581055,
    "F0515": 15.232136726379395,
    "F0626_rSDSS": 14.829689025878906,
    "F0660": 14.752910614013672,
    "F0769_iSDSS": 14.636834144592285,
    "F0861": 14.581908226013184,
    "F0883_zSDSS": 14.55051326751709
}