{
    "id": "gaia_xp_spectrum_6138190444231254272-Ref",
    "F0352_uJAVA": 16.764074325561523,
    "F0378": 16.551694869995117,
    "F0395": 16.467336654663086,
    "F0410": 15.96605110168457,
    "F0430": 15.954834938049316,
    "F0475_gSDSS": 15.544591903686523,
    "F0515": 15.36412239074707,
    "F0626_rSDSS": 15.024853706359863,
    "F0660": 14.972739219665527,
    "F0769_iSDSS": 14.85745620727539,
    "F0861": 14.810551643371582,
    "F0883_zSDSS": 14.789155006408691
}