{
    "id": "gaia_xp_spectrum_6138189967490835584-Ref",
    "F0352_uJAVA": 15.57603645324707,
    "F0378": 15.352499008178711,
    "F0395": 15.300305366516113,
    "F0410": 14.851752281188965,
    "F0430": 14.791508674621582,
    "F0475_gSDSS": 14.519481658935547,
    "F0515": 14.369527816772461,
    "F0626_rSDSS": 14.127274513244629,
    "F0660": 14.105955123901367,
    "F0769_iSDSS": 14.013278007507324,
    "F0861": 14.000704765319824,
    "F0883_zSDSS": 13.980646133422852
}