{
    "id": "gaia_xp_spectrum_6138243534322835584-Ref",
    "F0352_uJAVA": 16.50835609436035,
    "F0378": 16.35123634338379,
    "F0395": 16.241886138916016,
    "F0410": 15.672779083251953,
    "F0430": 15.608074188232422,
    "F0475_gSDSS": 15.208229064941406,
    "F0515": 15.026422500610352,
    "F0626_rSDSS": 14.689474105834961,
    "F0660": 14.638534545898438,
    "F0769_iSDSS": 14.531139373779297,
    "F0861": 14.493085861206055,
    "F0883_zSDSS": 14.472801208496094
}