{
    "id": "gaia_xp_spectrum_6138243396883875840-Ref",
    "F0352_uJAVA": 15.646011352539062,
    "F0378": 15.454715728759766,
    "F0395": 15.346112251281738,
    "F0410": 14.879549026489258,
    "F0430": 14.810019493103027,
    "F0475_gSDSS": 14.493025779724121,
    "F0515": 14.330655097961426,
    "F0626_rSDSS": 14.046589851379395,
    "F0660": 14.00972843170166,
    "F0769_iSDSS": 13.905000686645508,
    "F0861": 13.875761985778809,
    "F0883_zSDSS": 13.856889724731445
}