{
    "id": "gaia_xp_spectrum_6138190723405136512-Ref",
    "F0352_uJAVA": 16.746889114379883,
    "F0378": 16.525991439819336,
    "F0395": 16.3772029876709,
    "F0410": 15.979931831359863,
    "F0430": 15.917430877685547,
    "F0475_gSDSS": 15.640607833862305,
    "F0515": 15.497701644897461,
    "F0626_rSDSS": 15.221731185913086,
    "F0660": 15.194494247436523,
    "F0769_iSDSS": 15.103142738342285,
    "F0861": 15.08051872253418,
    "F0883_zSDSS": 15.061625480651855
}