{
    "id": "gaia_xp_spectrum_6138238242923068160-Ref",
    "F0352_uJAVA": 16.183717727661133,
    "F0378": 16.056541442871094,
    "F0395": 16.020349502563477,
    "F0410": 15.375612258911133,
    "F0430": 15.39511775970459,
    "F0475_gSDSS": 14.940922737121582,
    "F0515": 14.76713752746582,
    "F0626_rSDSS": 14.414572715759277,
    "F0660": 14.36135196685791,
    "F0769_iSDSS": 14.246524810791016,
    "F0861": 14.21119499206543,
    "F0883_zSDSS": 14.182685852050781
}