{
    "id": "gaia_xp_spectrum_6138233604358361984-Ref",
    "F0352_uJAVA": 16.570653915405273,
    "F0378": 16.410715103149414,
    "F0395": 16.304244995117188,
    "F0410": 15.771902084350586,
    "F0430": 15.693374633789062,
    "F0475_gSDSS": 15.362569808959961,
    "F0515": 15.190775871276855,
    "F0626_rSDSS": 14.895696640014648,
    "F0660": 14.85004711151123,
    "F0769_iSDSS": 14.767778396606445,
    "F0861": 14.74683666229248,
    "F0883_zSDSS": 14.72778606414795
}