{
    "id": "gaia_xp_spectrum_6138337714365159808-Ref",
    "F0352_uJAVA": 17.110069274902344,
    "F0378": 16.883991241455078,
    "F0395": 16.754396438598633,
    "F0410": 16.249528884887695,
    "F0430": 16.23162269592285,
    "F0475_gSDSS": 15.874061584472656,
    "F0515": 15.702834129333496,
    "F0626_rSDSS": 15.403131484985352,
    "F0660": 15.365168571472168,
    "F0769_iSDSS": 15.252056121826172,
    "F0861": 15.209294319152832,
    "F0883_zSDSS": 15.192883491516113
}