{
    "id": "gaia_xp_spectrum_6138188902339009280-Ref",
    "F0352_uJAVA": 16.217885971069336,
    "F0378": 16.095592498779297,
    "F0395": 16.109460830688477,
    "F0410": 15.453145980834961,
    "F0430": 15.412569999694824,
    "F0475_gSDSS": 14.99553394317627,
    "F0515": 14.826239585876465,
    "F0626_rSDSS": 14.44442081451416,
    "F0660": 14.393985748291016,
    "F0769_iSDSS": 14.2648286819458,
    "F0861": 14.215741157531738,
    "F0883_zSDSS": 14.188385963439941
}