{
    "id": "gaia_xp_spectrum_6138337920523591168-Ref",
    "F0352_uJAVA": 16.82834243774414,
    "F0378": 16.719791412353516,
    "F0395": 16.673402786254883,
    "F0410": 16.001344680786133,
    "F0430": 15.93648910522461,
    "F0475_gSDSS": 15.510220527648926,
    "F0515": 15.322043418884277,
    "F0626_rSDSS": 14.954469680786133,
    "F0660": 14.902729988098145,
    "F0769_iSDSS": 14.787676811218262,
    "F0861": 14.742243766784668,
    "F0883_zSDSS": 14.724019050598145
}