{
    "id": "gaia_xp_spectrum_6138238552160721152-Ref",
    "F0352_uJAVA": 16.360219955444336,
    "F0378": 16.361806869506836,
    "F0395": 16.176559448242188,
    "F0410": 15.488937377929688,
    "F0430": 15.435528755187988,
    "F0475_gSDSS": 14.958057403564453,
    "F0515": 14.789468765258789,
    "F0626_rSDSS": 14.381608963012695,
    "F0660": 14.323269844055176,
    "F0769_iSDSS": 14.213481903076172,
    "F0861": 14.185114860534668,
    "F0883_zSDSS": 14.151203155517578
}