{
    "id": "gaia_xp_spectrum_6138234257193389696-Ref",
    "F0352_uJAVA": 16.069591522216797,
    "F0378": 15.858479499816895,
    "F0395": 15.788044929504395,
    "F0410": 15.302860260009766,
    "F0430": 15.224421501159668,
    "F0475_gSDSS": 14.91401195526123,
    "F0515": 14.743268966674805,
    "F0626_rSDSS": 14.479660987854004,
    "F0660": 14.46096420288086,
    "F0769_iSDSS": 14.362788200378418,
    "F0861": 14.3505277633667,
    "F0883_zSDSS": 14.326433181762695
}