{
    "id": "gaia_xp_spectrum_6088552549420487040-Ref",
    "F0352_uJAVA": 16.87700080871582,
    "F0378": 16.78705596923828,
    "F0395": 16.65522575378418,
    "F0410": 16.00974464416504,
    "F0430": 15.923480033874512,
    "F0475_gSDSS": 15.486432075500488,
    "F0515": 15.286986351013184,
    "F0626_rSDSS": 14.883855819702148,
    "F0660": 14.829086303710938,
    "F0769_iSDSS": 14.692636489868164,
    "F0861": 14.64582347869873,
    "F0883_zSDSS": 14.610617637634277
}