{
    "id": "gaia_xp_spectrum_6087738017462397568-Ref",
    "F0352_uJAVA": 16.55179786682129,
    "F0378": 16.509408950805664,
    "F0395": 16.337682723999023,
    "F0410": 15.613300323486328,
    "F0430": 15.525647163391113,
    "F0475_gSDSS": 15.0095853805542,
    "F0515": 14.810879707336426,
    "F0626_rSDSS": 14.339138984680176,
    "F0660": 14.269384384155273,
    "F0769_iSDSS": 14.13004207611084,
    "F0861": 14.065557479858398,
    "F0883_zSDSS": 14.036125183105469
}