{
    "id": "gaia_xp_spectrum_6087737776943979008-Ref",
    "F0352_uJAVA": 16.70787239074707,
    "F0378": 16.5382137298584,
    "F0395": 16.431068420410156,
    "F0410": 15.936609268188477,
    "F0430": 15.880796432495117,
    "F0475_gSDSS": 15.495635986328125,
    "F0515": 15.294838905334473,
    "F0626_rSDSS": 14.972455978393555,
    "F0660": 14.919883728027344,
    "F0769_iSDSS": 14.797404289245605,
    "F0861": 14.744403839111328,
    "F0883_zSDSS": 14.72495174407959
}