{
    "id": "gaia_xp_spectrum_6087731832709240064-Ref",
    "F0352_uJAVA": 16.285810470581055,
    "F0378": 16.047069549560547,
    "F0395": 16.007511138916016,
    "F0410": 15.45664119720459,
    "F0430": 15.356958389282227,
    "F0475_gSDSS": 15.021879196166992,
    "F0515": 14.847034454345703,
    "F0626_rSDSS": 14.539891242980957,
    "F0660": 14.502470970153809,
    "F0769_iSDSS": 14.399389266967773,
    "F0861": 14.371199607849121,
    "F0883_zSDSS": 14.349832534790039
}