{
    "id": "gaia_xp_spectrum_6088505407859418752-Ref",
    "F0352_uJAVA": 16.63526725769043,
    "F0378": 16.507205963134766,
    "F0395": 16.42144775390625,
    "F0410": 15.887834548950195,
    "F0430": 15.846626281738281,
    "F0475_gSDSS": 15.432365417480469,
    "F0515": 15.236516952514648,
    "F0626_rSDSS": 14.8472900390625,
    "F0660": 14.771014213562012,
    "F0769_iSDSS": 14.622458457946777,
    "F0861": 14.55472183227539,
    "F0883_zSDSS": 14.521795272827148
}