{
    "id": "gaia_xp_spectrum_6088487712594014336-Ref",
    "F0352_uJAVA": 16.51997947692871,
    "F0378": 16.394390106201172,
    "F0395": 16.312179565429688,
    "F0410": 15.687175750732422,
    "F0430": 15.607023239135742,
    "F0475_gSDSS": 15.146650314331055,
    "F0515": 14.946707725524902,
    "F0626_rSDSS": 14.514225959777832,
    "F0660": 14.438480377197266,
    "F0769_iSDSS": 14.28979778289795,
    "F0861": 14.216999053955078,
    "F0883_zSDSS": 14.181901931762695
}