{
    "id": "gaia_xp_spectrum_6088479191378908288-Ref",
    "F0352_uJAVA": 16.662927627563477,
    "F0378": 16.6953067779541,
    "F0395": 16.57706642150879,
    "F0410": 15.784088134765625,
    "F0430": 15.67186450958252,
    "F0475_gSDSS": 15.14470100402832,
    "F0515": 14.988485336303711,
    "F0626_rSDSS": 14.468342781066895,
    "F0660": 14.396857261657715,
    "F0769_iSDSS": 14.255927085876465,
    "F0861": 14.19324779510498,
    "F0883_zSDSS": 14.157074928283691
}