{
    "id": "gaia_xp_spectrum_6087739426211610624-Ref",
    "F0352_uJAVA": 17.059385299682617,
    "F0378": 16.67147445678711,
    "F0395": 16.14598274230957,
    "F0410": 15.922439575195312,
    "F0430": 15.870200157165527,
    "F0475_gSDSS": 15.737351417541504,
    "F0515": 15.646681785583496,
    "F0626_rSDSS": 15.567641258239746,
    "F0660": 15.617403984069824,
    "F0769_iSDSS": 15.563241004943848,
    "F0861": 15.580282211303711,
    "F0883_zSDSS": 15.566230773925781
}