{
    "id": "gaia_xp_spectrum_6087738700356951296-Ref",
    "F0352_uJAVA": 16.48983383178711,
    "F0378": 16.335317611694336,
    "F0395": 16.279470443725586,
    "F0410": 15.624951362609863,
    "F0430": 15.529911994934082,
    "F0475_gSDSS": 15.0942964553833,
    "F0515": 14.912939071655273,
    "F0626_rSDSS": 14.497715950012207,
    "F0660": 14.432968139648438,
    "F0769_iSDSS": 14.307215690612793,
    "F0861": 14.256803512573242,
    "F0883_zSDSS": 14.226923942565918
}