{
    "id": "gaia_xp_spectrum_6088489842898199552-Ref",
    "F0352_uJAVA": 15.772292137145996,
    "F0378": 15.645578384399414,
    "F0395": 15.538172721862793,
    "F0410": 15.014387130737305,
    "F0430": 14.932130813598633,
    "F0475_gSDSS": 14.557794570922852,
    "F0515": 14.367870330810547,
    "F0626_rSDSS": 14.026223182678223,
    "F0660": 13.97936725616455,
    "F0769_iSDSS": 13.85931396484375,
    "F0861": 13.818558692932129,
    "F0883_zSDSS": 13.791007041931152
}