{
    "id": "gaia_xp_spectrum_6088471941473986688-Ref",
    "F0352_uJAVA": 16.56925392150879,
    "F0378": 16.43870735168457,
    "F0395": 16.35199546813965,
    "F0410": 15.576889991760254,
    "F0430": 15.527783393859863,
    "F0475_gSDSS": 14.925679206848145,
    "F0515": 14.685708045959473,
    "F0626_rSDSS": 14.145194053649902,
    "F0660": 14.048516273498535,
    "F0769_iSDSS": 13.846656799316406,
    "F0861": 13.728506088256836,
    "F0883_zSDSS": 13.68897533416748
}