{
    "id": "gaia_xp_spectrum_6088489636739766912-Ref",
    "F0352_uJAVA": 16.07509994506836,
    "F0378": 15.921550750732422,
    "F0395": 15.821131706237793,
    "F0410": 15.25660514831543,
    "F0430": 15.178757667541504,
    "F0475_gSDSS": 14.765496253967285,
    "F0515": 14.580737113952637,
    "F0626_rSDSS": 14.20982551574707,
    "F0660": 14.15689468383789,
    "F0769_iSDSS": 14.038290977478027,
    "F0861": 13.990577697753906,
    "F0883_zSDSS": 13.966537475585938
}