{
    "id": "gaia_xp_spectrum_6087726987986113664-Ref",
    "F0352_uJAVA": 16.883230209350586,
    "F0378": 16.566497802734375,
    "F0395": 16.543304443359375,
    "F0410": 16.098588943481445,
    "F0430": 16.034351348876953,
    "F0475_gSDSS": 15.741615295410156,
    "F0515": 15.599306106567383,
    "F0626_rSDSS": 15.275781631469727,
    "F0660": 15.232041358947754,
    "F0769_iSDSS": 15.10538387298584,
    "F0861": 15.052513122558594,
    "F0883_zSDSS": 15.032713890075684
}