{
    "id": "gaia_xp_spectrum_6088499154386933632-Ref",
    "F0352_uJAVA": 16.19801902770996,
    "F0378": 16.04116439819336,
    "F0395": 15.94588565826416,
    "F0410": 15.385748863220215,
    "F0430": 15.309883117675781,
    "F0475_gSDSS": 14.940857887268066,
    "F0515": 14.759613037109375,
    "F0626_rSDSS": 14.429651260375977,
    "F0660": 14.38236141204834,
    "F0769_iSDSS": 14.2735595703125,
    "F0861": 14.241700172424316,
    "F0883_zSDSS": 14.214390754699707
}