{
    "id": "gaia_xp_spectrum_6088461908430400768-Ref",
    "F0352_uJAVA": 16.1337833404541,
    "F0378": 15.913896560668945,
    "F0395": 15.81768798828125,
    "F0410": 15.364996910095215,
    "F0430": 15.27285099029541,
    "F0475_gSDSS": 14.995306015014648,
    "F0515": 14.83563232421875,
    "F0626_rSDSS": 14.573333740234375,
    "F0660": 14.554341316223145,
    "F0769_iSDSS": 14.463752746582031,
    "F0861": 14.454309463500977,
    "F0883_zSDSS": 14.432488441467285
}