{
    "id": "gaia_xp_spectrum_6088488636005158272-Ref",
    "F0352_uJAVA": 16.951583862304688,
    "F0378": 16.841510772705078,
    "F0395": 16.7662353515625,
    "F0410": 16.215200424194336,
    "F0430": 16.173673629760742,
    "F0475_gSDSS": 15.757822036743164,
    "F0515": 15.5746488571167,
    "F0626_rSDSS": 15.181292533874512,
    "F0660": 15.120792388916016,
    "F0769_iSDSS": 14.965780258178711,
    "F0861": 14.894993782043457,
    "F0883_zSDSS": 14.864287376403809
}