{
    "id": "gaia_xp_spectrum_6088499944660925312-Ref",
    "F0352_uJAVA": 15.917074203491211,
    "F0378": 15.656280517578125,
    "F0395": 15.420357704162598,
    "F0410": 15.043745994567871,
    "F0430": 14.981072425842285,
    "F0475_gSDSS": 14.713973045349121,
    "F0515": 14.572382926940918,
    "F0626_rSDSS": 14.322402954101562,
    "F0660": 14.296457290649414,
    "F0769_iSDSS": 14.207610130310059,
    "F0861": 14.193578720092773,
    "F0883_zSDSS": 14.170591354370117
}