{
    "id": "gaia_xp_spectrum_6088492282440007296-Ref",
    "F0352_uJAVA": 16.862295150756836,
    "F0378": 16.562410354614258,
    "F0395": 16.419721603393555,
    "F0410": 15.978530883789062,
    "F0430": 15.92471981048584,
    "F0475_gSDSS": 15.57515811920166,
    "F0515": 15.401342391967773,
    "F0626_rSDSS": 15.050943374633789,
    "F0660": 15.008211135864258,
    "F0769_iSDSS": 14.864253044128418,
    "F0861": 14.81820011138916,
    "F0883_zSDSS": 14.787260055541992
}