{
    "id": "gaia_xp_spectrum_6087730217801526400-Ref",
    "F0352_uJAVA": 17.074094772338867,
    "F0378": 16.922178268432617,
    "F0395": 16.763172149658203,
    "F0410": 16.3358154296875,
    "F0430": 16.22059440612793,
    "F0475_gSDSS": 15.920998573303223,
    "F0515": 15.76138973236084,
    "F0626_rSDSS": 15.466793060302734,
    "F0660": 15.420746803283691,
    "F0769_iSDSS": 15.313758850097656,
    "F0861": 15.281843185424805,
    "F0883_zSDSS": 15.260309219360352
}