{
    "id": "gaia_xp_spectrum_6088480119091687936-Ref",
    "F0352_uJAVA": 15.702107429504395,
    "F0378": 15.469746589660645,
    "F0395": 15.39108943939209,
    "F0410": 14.856026649475098,
    "F0430": 14.766207695007324,
    "F0475_gSDSS": 14.473210334777832,
    "F0515": 14.314607620239258,
    "F0626_rSDSS": 14.037699699401855,
    "F0660": 14.010712623596191,
    "F0769_iSDSS": 13.923977851867676,
    "F0861": 13.919821739196777,
    "F0883_zSDSS": 13.889932632446289
}