{
    "id": "gaia_xp_spectrum_6088482455554430720-Ref",
    "F0352_uJAVA": 16.378826141357422,
    "F0378": 16.252981185913086,
    "F0395": 16.143268585205078,
    "F0410": 15.525967597961426,
    "F0430": 15.410724639892578,
    "F0475_gSDSS": 14.95622730255127,
    "F0515": 14.764021873474121,
    "F0626_rSDSS": 14.330042839050293,
    "F0660": 14.266633033752441,
    "F0769_iSDSS": 14.129958152770996,
    "F0861": 14.0753812789917,
    "F0883_zSDSS": 14.043205261230469
}