{
    "id": "gaia_xp_spectrum_6088499463624540928-Ref",
    "F0352_uJAVA": 16.440019607543945,
    "F0378": 16.26438331604004,
    "F0395": 16.203020095825195,
    "F0410": 15.625035285949707,
    "F0430": 15.583334922790527,
    "F0475_gSDSS": 15.167502403259277,
    "F0515": 14.988787651062012,
    "F0626_rSDSS": 14.598896026611328,
    "F0660": 14.542952537536621,
    "F0769_iSDSS": 14.408295631408691,
    "F0861": 14.356915473937988,
    "F0883_zSDSS": 14.323554039001465
}