{
    "id": "gaia_xp_spectrum_6088481802718928128-Ref",
    "F0352_uJAVA": 16.3858585357666,
    "F0378": 16.307968139648438,
    "F0395": 16.080476760864258,
    "F0410": 15.56035041809082,
    "F0430": 15.474539756774902,
    "F0475_gSDSS": 15.086699485778809,
    "F0515": 14.899165153503418,
    "F0626_rSDSS": 14.524553298950195,
    "F0660": 14.468547821044922,
    "F0769_iSDSS": 14.334360122680664,
    "F0861": 14.270295143127441,
    "F0883_zSDSS": 14.245438575744629
}