{
    "id": "gaia_xp_spectrum_6088550968872486656-Ref",
    "F0352_uJAVA": 15.95217514038086,
    "F0378": 15.687318801879883,
    "F0395": 15.542348861694336,
    "F0410": 15.116912841796875,
    "F0430": 15.043752670288086,
    "F0475_gSDSS": 14.780206680297852,
    "F0515": 14.614629745483398,
    "F0626_rSDSS": 14.371591567993164,
    "F0660": 14.347342491149902,
    "F0769_iSDSS": 14.24703311920166,
    "F0861": 14.224654197692871,
    "F0883_zSDSS": 14.206598281860352
}