{
    "id": "gaia_xp_spectrum_6088460568400552704-Ref",
    "F0352_uJAVA": 16.927427291870117,
    "F0378": 16.641536712646484,
    "F0395": 16.693405151367188,
    "F0410": 16.1492919921875,
    "F0430": 16.080799102783203,
    "F0475_gSDSS": 15.742042541503906,
    "F0515": 15.566193580627441,
    "F0626_rSDSS": 15.253321647644043,
    "F0660": 15.220159530639648,
    "F0769_iSDSS": 15.112977027893066,
    "F0861": 15.085661888122559,
    "F0883_zSDSS": 15.053374290466309
}