{
    "id": "gaia_xp_spectrum_6087736849231289856-Ref",
    "F0352_uJAVA": 16.742544174194336,
    "F0378": 16.540727615356445,
    "F0395": 16.355510711669922,
    "F0410": 15.962327003479004,
    "F0430": 15.866154670715332,
    "F0475_gSDSS": 15.565214157104492,
    "F0515": 15.404193878173828,
    "F0626_rSDSS": 15.119063377380371,
    "F0660": 15.094941139221191,
    "F0769_iSDSS": 14.981466293334961,
    "F0861": 14.956253051757812,
    "F0883_zSDSS": 14.938138008117676
}