{
    "id": "gaia_xp_spectrum_6087731042435250560-Ref",
    "F0352_uJAVA": 16.697145462036133,
    "F0378": 16.497886657714844,
    "F0395": 16.375850677490234,
    "F0410": 15.93152141571045,
    "F0430": 15.857599258422852,
    "F0475_gSDSS": 15.521709442138672,
    "F0515": 15.350811004638672,
    "F0626_rSDSS": 15.026175498962402,
    "F0660": 14.97966480255127,
    "F0769_iSDSS": 14.840340614318848,
    "F0861": 14.783782005310059,
    "F0883_zSDSS": 14.76436996459961
}