{
    "id": "gaia_xp_spectrum_6087728877771545984-Ref",
    "F0352_uJAVA": 16.73948097229004,
    "F0378": 16.475130081176758,
    "F0395": 16.297910690307617,
    "F0410": 15.90613842010498,
    "F0430": 15.833686828613281,
    "F0475_gSDSS": 15.640047073364258,
    "F0515": 15.522366523742676,
    "F0626_rSDSS": 15.320357322692871,
    "F0660": 15.334527015686035,
    "F0769_iSDSS": 15.238031387329102,
    "F0861": 15.235461235046387,
    "F0883_zSDSS": 15.223383903503418
}