{
    "id": "gaia_xp_spectrum_6088494172225256960-Ref",
    "F0352_uJAVA": 16.19524383544922,
    "F0378": 16.012540817260742,
    "F0395": 15.94854736328125,
    "F0410": 15.366003036499023,
    "F0430": 15.293526649475098,
    "F0475_gSDSS": 14.887508392333984,
    "F0515": 14.702919960021973,
    "F0626_rSDSS": 14.322701454162598,
    "F0660": 14.259163856506348,
    "F0769_iSDSS": 14.141854286193848,
    "F0861": 14.098830223083496,
    "F0883_zSDSS": 14.064105033874512
}