{
    "id": "gaia_xp_spectrum_6088510905417878656-Ref",
    "F0352_uJAVA": 16.916139602661133,
    "F0378": 16.76124382019043,
    "F0395": 16.711759567260742,
    "F0410": 16.154953002929688,
    "F0430": 16.05999183654785,
    "F0475_gSDSS": 15.706840515136719,
    "F0515": 15.530355453491211,
    "F0626_rSDSS": 15.192787170410156,
    "F0660": 15.142123222351074,
    "F0769_iSDSS": 15.02322769165039,
    "F0861": 14.98194694519043,
    "F0883_zSDSS": 14.954657554626465
}