{
    "id": "gaia_xp_spectrum_6088457201146164608-Ref",
    "F0352_uJAVA": 16.016803741455078,
    "F0378": 15.87024974822998,
    "F0395": 15.825700759887695,
    "F0410": 15.235452651977539,
    "F0430": 15.192866325378418,
    "F0475_gSDSS": 14.848923683166504,
    "F0515": 14.676676750183105,
    "F0626_rSDSS": 14.377874374389648,
    "F0660": 14.339134216308594,
    "F0769_iSDSS": 14.237690925598145,
    "F0861": 14.210702896118164,
    "F0883_zSDSS": 14.190067291259766
}