{
    "id": "gaia_xp_spectrum_6088490461373502464-Ref",
    "F0352_uJAVA": 16.716676712036133,
    "F0378": 16.579437255859375,
    "F0395": 16.594215393066406,
    "F0410": 15.74666976928711,
    "F0430": 15.603665351867676,
    "F0475_gSDSS": 14.947113037109375,
    "F0515": 14.686857223510742,
    "F0626_rSDSS": 14.08151912689209,
    "F0660": 13.966962814331055,
    "F0769_iSDSS": 13.731274604797363,
    "F0861": 13.59366226196289,
    "F0883_zSDSS": 13.544305801391602
}