{
    "id": "gaia_xp_spectrum_6088473625101189632-Ref",
    "F0352_uJAVA": 17.00470733642578,
    "F0378": 16.88482666015625,
    "F0395": 16.71454620361328,
    "F0410": 16.17910385131836,
    "F0430": 16.084447860717773,
    "F0475_gSDSS": 15.673548698425293,
    "F0515": 15.463793754577637,
    "F0626_rSDSS": 15.091571807861328,
    "F0660": 15.017611503601074,
    "F0769_iSDSS": 14.892455101013184,
    "F0861": 14.837119102478027,
    "F0883_zSDSS": 14.819393157958984
}