{
    "id": "gaia_xp_spectrum_6088488571587867648-Ref",
    "F0352_uJAVA": 15.948851585388184,
    "F0378": 15.686334609985352,
    "F0395": 15.549406051635742,
    "F0410": 15.188375473022461,
    "F0430": 15.107877731323242,
    "F0475_gSDSS": 14.846002578735352,
    "F0515": 14.6981201171875,
    "F0626_rSDSS": 14.438071250915527,
    "F0660": 14.422181129455566,
    "F0769_iSDSS": 14.310789108276367,
    "F0861": 14.280570030212402,
    "F0883_zSDSS": 14.264398574829102
}