{
    "id": "gaia_xp_spectrum_6087736643072861056-Ref",
    "F0352_uJAVA": 15.537863731384277,
    "F0378": 15.2868013381958,
    "F0395": 15.1668701171875,
    "F0410": 14.762894630432129,
    "F0430": 14.697312355041504,
    "F0475_gSDSS": 14.441121101379395,
    "F0515": 14.301044464111328,
    "F0626_rSDSS": 14.050071716308594,
    "F0660": 14.030025482177734,
    "F0769_iSDSS": 13.936613082885742,
    "F0861": 13.923320770263672,
    "F0883_zSDSS": 13.90173625946045
}