{
    "id": "gaia_xp_spectrum_6088487815673644288-Ref",
    "F0352_uJAVA": 16.600393295288086,
    "F0378": 16.37847328186035,
    "F0395": 16.18505096435547,
    "F0410": 15.855293273925781,
    "F0430": 15.747321128845215,
    "F0475_gSDSS": 15.509023666381836,
    "F0515": 15.36805534362793,
    "F0626_rSDSS": 15.112107276916504,
    "F0660": 15.102834701538086,
    "F0769_iSDSS": 14.987000465393066,
    "F0861": 14.965156555175781,
    "F0883_zSDSS": 14.939081192016602
}