{
    "id": "gaia_xp_spectrum_6088494412743429760-Ref",
    "F0352_uJAVA": 16.868545532226562,
    "F0378": 16.768245697021484,
    "F0395": 16.578571319580078,
    "F0410": 16.039478302001953,
    "F0430": 15.992707252502441,
    "F0475_gSDSS": 15.51393985748291,
    "F0515": 15.310372352600098,
    "F0626_rSDSS": 14.85072135925293,
    "F0660": 14.774470329284668,
    "F0769_iSDSS": 14.597146987915039,
    "F0861": 14.50930118560791,
    "F0883_zSDSS": 14.473977088928223
}