{
    "id": "gaia_xp_spectrum_6087729668045532800-Ref",
    "F0352_uJAVA": 15.954901695251465,
    "F0378": 15.836949348449707,
    "F0395": 15.700401306152344,
    "F0410": 15.18918514251709,
    "F0430": 15.139982223510742,
    "F0475_gSDSS": 14.764086723327637,
    "F0515": 14.597567558288574,
    "F0626_rSDSS": 14.258695602416992,
    "F0660": 14.21165657043457,
    "F0769_iSDSS": 14.093866348266602,
    "F0861": 14.057140350341797,
    "F0883_zSDSS": 14.032166481018066
}