{
    "id": "gaia_xp_spectrum_6088500116459991040-Ref",
    "F0352_uJAVA": 16.169952392578125,
    "F0378": 15.974212646484375,
    "F0395": 15.808876991271973,
    "F0410": 15.293490409851074,
    "F0430": 15.202384948730469,
    "F0475_gSDSS": 14.849037170410156,
    "F0515": 14.668854713439941,
    "F0626_rSDSS": 14.324049949645996,
    "F0660": 14.279062271118164,
    "F0769_iSDSS": 14.150649070739746,
    "F0861": 14.107624053955078,
    "F0883_zSDSS": 14.072540283203125
}