{
    "id": "gaia_xp_spectrum_6088487128478870528-Ref",
    "F0352_uJAVA": 15.920770645141602,
    "F0378": 15.755629539489746,
    "F0395": 15.640226364135742,
    "F0410": 15.066518783569336,
    "F0430": 14.999276161193848,
    "F0475_gSDSS": 14.601160049438477,
    "F0515": 14.405336380004883,
    "F0626_rSDSS": 14.044801712036133,
    "F0660": 13.993789672851562,
    "F0769_iSDSS": 13.86038589477539,
    "F0861": 13.811394691467285,
    "F0883_zSDSS": 13.780735969543457
}