{
    "id": "gaia_xp_spectrum_6087731489111853056-Ref",
    "F0352_uJAVA": 16.410390853881836,
    "F0378": 16.319915771484375,
    "F0395": 16.150638580322266,
    "F0410": 15.534538269042969,
    "F0430": 15.444452285766602,
    "F0475_gSDSS": 15.01626205444336,
    "F0515": 14.836607933044434,
    "F0626_rSDSS": 14.441819190979004,
    "F0660": 14.38618278503418,
    "F0769_iSDSS": 14.263080596923828,
    "F0861": 14.223703384399414,
    "F0883_zSDSS": 14.190901756286621
}