{
    "id": "gaia_xp_spectrum_6088489945977422080-Ref",
    "F0352_uJAVA": 16.177467346191406,
    "F0378": 15.942632675170898,
    "F0395": 15.804230690002441,
    "F0410": 15.36684799194336,
    "F0430": 15.282598495483398,
    "F0475_gSDSS": 14.970654487609863,
    "F0515": 14.806713104248047,
    "F0626_rSDSS": 14.493792533874512,
    "F0660": 14.45374584197998,
    "F0769_iSDSS": 14.339407920837402,
    "F0861": 14.29764461517334,
    "F0883_zSDSS": 14.276802062988281
}