{
    "id": "gaia_xp_spectrum_6088475102570002304-Ref",
    "F0352_uJAVA": 16.574951171875,
    "F0378": 16.494218826293945,
    "F0395": 16.29180145263672,
    "F0410": 15.625296592712402,
    "F0430": 15.532883644104004,
    "F0475_gSDSS": 15.08000373840332,
    "F0515": 14.884618759155273,
    "F0626_rSDSS": 14.445387840270996,
    "F0660": 14.393789291381836,
    "F0769_iSDSS": 14.246821403503418,
    "F0861": 14.18804931640625,
    "F0883_zSDSS": 14.152591705322266
}