{
    "id": "gaia_xp_spectrum_6088503724232202752-Ref",
    "F0352_uJAVA": 15.94882583618164,
    "F0378": 15.724956512451172,
    "F0395": 15.54179573059082,
    "F0410": 15.160259246826172,
    "F0430": 15.076106071472168,
    "F0475_gSDSS": 14.769149780273438,
    "F0515": 14.58023452758789,
    "F0626_rSDSS": 14.28670883178711,
    "F0660": 14.244706153869629,
    "F0769_iSDSS": 14.124358177185059,
    "F0861": 14.08350658416748,
    "F0883_zSDSS": 14.058220863342285
}