{
    "id": "gaia_xp_spectrum_6088526470378937216-Ref",
    "F0352_uJAVA": 17.080970764160156,
    "F0378": 16.795976638793945,
    "F0395": 16.72500991821289,
    "F0410": 16.270055770874023,
    "F0430": 16.19196128845215,
    "F0475_gSDSS": 15.856643676757812,
    "F0515": 15.69246768951416,
    "F0626_rSDSS": 15.364218711853027,
    "F0660": 15.314751625061035,
    "F0769_iSDSS": 15.210464477539062,
    "F0861": 15.164299964904785,
    "F0883_zSDSS": 15.141355514526367
}