{
    "id": "gaia_xp_spectrum_6088478298025694336-Ref",
    "F0352_uJAVA": 16.760351181030273,
    "F0378": 16.650930404663086,
    "F0395": 16.667680740356445,
    "F0410": 15.90705680847168,
    "F0430": 15.820764541625977,
    "F0475_gSDSS": 15.263282775878906,
    "F0515": 15.038423538208008,
    "F0626_rSDSS": 14.516843795776367,
    "F0660": 14.42398452758789,
    "F0769_iSDSS": 14.233222007751465,
    "F0861": 14.126593589782715,
    "F0883_zSDSS": 14.088166236877441
}