{
    "id": "gaia_xp_spectrum_6088486681802262144-Ref",
    "F0352_uJAVA": 16.404701232910156,
    "F0378": 16.211217880249023,
    "F0395": 16.189157485961914,
    "F0410": 15.520124435424805,
    "F0430": 15.434325218200684,
    "F0475_gSDSS": 14.87364673614502,
    "F0515": 14.633522033691406,
    "F0626_rSDSS": 14.1222505569458,
    "F0660": 14.030447959899902,
    "F0769_iSDSS": 13.821609497070312,
    "F0861": 13.71346378326416,
    "F0883_zSDSS": 13.666509628295898
}