{
    "id": "gaia_xp_spectrum_6088480531409074048-Ref",
    "F0352_uJAVA": 16.34703254699707,
    "F0378": 16.318164825439453,
    "F0395": 16.281827926635742,
    "F0410": 15.500642776489258,
    "F0430": 15.444961547851562,
    "F0475_gSDSS": 14.970626831054688,
    "F0515": 14.790623664855957,
    "F0626_rSDSS": 14.35921573638916,
    "F0660": 14.28710651397705,
    "F0769_iSDSS": 14.169102668762207,
    "F0861": 14.112324714660645,
    "F0883_zSDSS": 14.086724281311035
}