{
    "id": "gaia_xp_spectrum_6088506060694734464-Ref",
    "F0352_uJAVA": 16.795856475830078,
    "F0378": 16.545503616333008,
    "F0395": 16.60238265991211,
    "F0410": 16.022804260253906,
    "F0430": 15.93161392211914,
    "F0475_gSDSS": 15.554731369018555,
    "F0515": 15.375564575195312,
    "F0626_rSDSS": 14.989439964294434,
    "F0660": 14.926633834838867,
    "F0769_iSDSS": 14.787864685058594,
    "F0861": 14.731219291687012,
    "F0883_zSDSS": 14.700461387634277
}