{
    "id": "gaia_xp_spectrum_6088489808538465920-Ref",
    "F0352_uJAVA": 16.777124404907227,
    "F0378": 16.574918746948242,
    "F0395": 16.52472686767578,
    "F0410": 16.009321212768555,
    "F0430": 15.923407554626465,
    "F0475_gSDSS": 15.58564281463623,
    "F0515": 15.397466659545898,
    "F0626_rSDSS": 15.06363582611084,
    "F0660": 15.016371726989746,
    "F0769_iSDSS": 14.884588241577148,
    "F0861": 14.828804969787598,
    "F0883_zSDSS": 14.80526065826416
}