{
    "id": "gaia_xp_spectrum_6088486922320436736-Ref",
    "F0352_uJAVA": 15.972676277160645,
    "F0378": 15.764172554016113,
    "F0395": 15.713531494140625,
    "F0410": 15.215533256530762,
    "F0430": 15.166596412658691,
    "F0475_gSDSS": 14.787225723266602,
    "F0515": 14.613302230834961,
    "F0626_rSDSS": 14.249161720275879,
    "F0660": 14.201626777648926,
    "F0769_iSDSS": 14.047664642333984,
    "F0861": 13.99239444732666,
    "F0883_zSDSS": 13.962942123413086
}