{
    "id": "gaia_xp_spectrum_6087739426211610240-Ref",
    "F0352_uJAVA": 16.112733840942383,
    "F0378": 15.871960639953613,
    "F0395": 15.733089447021484,
    "F0410": 15.344635963439941,
    "F0430": 15.2468843460083,
    "F0475_gSDSS": 14.989396095275879,
    "F0515": 14.811704635620117,
    "F0626_rSDSS": 14.559843063354492,
    "F0660": 14.53683853149414,
    "F0769_iSDSS": 14.419305801391602,
    "F0861": 14.395452499389648,
    "F0883_zSDSS": 14.373053550720215
}