{
    "id": "gaia_xp_spectrum_6088478950860729984-Ref",
    "F0352_uJAVA": 16.456336975097656,
    "F0378": 16.3384952545166,
    "F0395": 16.22449493408203,
    "F0410": 15.529539108276367,
    "F0430": 15.406521797180176,
    "F0475_gSDSS": 14.897668838500977,
    "F0515": 14.680222511291504,
    "F0626_rSDSS": 14.194594383239746,
    "F0660": 14.116596221923828,
    "F0769_iSDSS": 13.958664894104004,
    "F0861": 13.888016700744629,
    "F0883_zSDSS": 13.847187995910645
}