{
    "id": "gaia_xp_spectrum_6088510939777618048-Ref",
    "F0352_uJAVA": 17.069107055664062,
    "F0378": 16.640993118286133,
    "F0395": 16.576635360717773,
    "F0410": 16.117815017700195,
    "F0430": 15.991484642028809,
    "F0475_gSDSS": 15.737196922302246,
    "F0515": 15.563210487365723,
    "F0626_rSDSS": 15.319512367248535,
    "F0660": 15.294144630432129,
    "F0769_iSDSS": 15.202427864074707,
    "F0861": 15.193211555480957,
    "F0883_zSDSS": 15.167142868041992
}