{
    "id": "gaia_xp_spectrum_6088495374816454912-Ref",
    "F0352_uJAVA": 16.927228927612305,
    "F0378": 16.730571746826172,
    "F0395": 16.651905059814453,
    "F0410": 16.098512649536133,
    "F0430": 16.01856231689453,
    "F0475_gSDSS": 15.634857177734375,
    "F0515": 15.44145679473877,
    "F0626_rSDSS": 15.089814186096191,
    "F0660": 15.036677360534668,
    "F0769_iSDSS": 14.894692420959473,
    "F0861": 14.841562271118164,
    "F0883_zSDSS": 14.8089599609375
}