{
    "id": "gaia_xp_spectrum_6088482111957518848-Ref",
    "F0352_uJAVA": 16.257444381713867,
    "F0378": 16.046586990356445,
    "F0395": 16.02114486694336,
    "F0410": 15.423730850219727,
    "F0430": 15.33114242553711,
    "F0475_gSDSS": 14.972041130065918,
    "F0515": 14.785017013549805,
    "F0626_rSDSS": 14.460248947143555,
    "F0660": 14.408891677856445,
    "F0769_iSDSS": 14.308450698852539,
    "F0861": 14.283478736877441,
    "F0883_zSDSS": 14.253817558288574
}