{
    "id": "gaia_xp_spectrum_6087736952310510592-Ref",
    "F0352_uJAVA": 17.125471115112305,
    "F0378": 16.698062896728516,
    "F0395": 16.598360061645508,
    "F0410": 16.238460540771484,
    "F0430": 16.084354400634766,
    "F0475_gSDSS": 15.692667007446289,
    "F0515": 15.480586051940918,
    "F0626_rSDSS": 14.980098724365234,
    "F0660": 14.883557319641113,
    "F0769_iSDSS": 14.673120498657227,
    "F0861": 14.556807518005371,
    "F0883_zSDSS": 14.517094612121582
}