{
    "id": "gaia_xp_spectrum_6088490633172553088-Ref",
    "F0352_uJAVA": 16.102191925048828,
    "F0378": 16.128000259399414,
    "F0395": 15.979835510253906,
    "F0410": 15.23983097076416,
    "F0430": 15.14426040649414,
    "F0475_gSDSS": 14.638998985290527,
    "F0515": 14.453673362731934,
    "F0626_rSDSS": 14.000531196594238,
    "F0660": 13.92641544342041,
    "F0769_iSDSS": 13.80939769744873,
    "F0861": 13.760069847106934,
    "F0883_zSDSS": 13.726156234741211
}