{
    "id": "gaia_xp_spectrum_6087737536425810688-Ref",
    "F0352_uJAVA": 16.36167335510254,
    "F0378": 16.267911911010742,
    "F0395": 16.05878448486328,
    "F0410": 15.468977928161621,
    "F0430": 15.371514320373535,
    "F0475_gSDSS": 14.9152250289917,
    "F0515": 14.71999740600586,
    "F0626_rSDSS": 14.326532363891602,
    "F0660": 14.271684646606445,
    "F0769_iSDSS": 14.158099174499512,
    "F0861": 14.112329483032227,
    "F0883_zSDSS": 14.088356018066406
}