{
    "id": "gaia_xp_spectrum_6088479191378907392-Ref",
    "F0352_uJAVA": 15.569000244140625,
    "F0378": 15.233857154846191,
    "F0395": 14.709148406982422,
    "F0410": 14.427522659301758,
    "F0430": 14.3485107421875,
    "F0475_gSDSS": 14.218829154968262,
    "F0515": 14.110607147216797,
    "F0626_rSDSS": 14.03287124633789,
    "F0660": 14.09850025177002,
    "F0769_iSDSS": 14.0280179977417,
    "F0861": 14.055870056152344,
    "F0883_zSDSS": 14.033516883850098
}