{
    "id": "gaia_xp_spectrum_6088505476578904704-Ref",
    "F0352_uJAVA": 16.878583908081055,
    "F0378": 16.70787239074707,
    "F0395": 16.643077850341797,
    "F0410": 16.118005752563477,
    "F0430": 16.057235717773438,
    "F0475_gSDSS": 15.640481948852539,
    "F0515": 15.432594299316406,
    "F0626_rSDSS": 15.038273811340332,
    "F0660": 14.982203483581543,
    "F0769_iSDSS": 14.80537223815918,
    "F0861": 14.722190856933594,
    "F0883_zSDSS": 14.689972877502441
}