{
    "id": "gaia_xp_spectrum_6088477782629588480-Ref",
    "F0352_uJAVA": 16.033353805541992,
    "F0378": 15.786385536193848,
    "F0395": 15.734886169433594,
    "F0410": 15.24697208404541,
    "F0430": 15.178813934326172,
    "F0475_gSDSS": 14.782186508178711,
    "F0515": 14.593877792358398,
    "F0626_rSDSS": 14.197440147399902,
    "F0660": 14.144472122192383,
    "F0769_iSDSS": 13.989635467529297,
    "F0861": 13.920680046081543,
    "F0883_zSDSS": 13.890292167663574
}