{
    "id": "gaia_xp_spectrum_6088487162838611200-Ref",
    "F0352_uJAVA": 16.385852813720703,
    "F0378": 16.333599090576172,
    "F0395": 16.24976348876953,
    "F0410": 15.5906982421875,
    "F0430": 15.587604522705078,
    "F0475_gSDSS": 15.109457969665527,
    "F0515": 14.905241966247559,
    "F0626_rSDSS": 14.505067825317383,
    "F0660": 14.437774658203125,
    "F0769_iSDSS": 14.294544219970703,
    "F0861": 14.229093551635742,
    "F0883_zSDSS": 14.199657440185547
}