{
    "id": "gaia_xp_spectrum_6088482008877827456-Ref",
    "F0352_uJAVA": 16.560791015625,
    "F0378": 16.56604766845703,
    "F0395": 16.354999542236328,
    "F0410": 15.584476470947266,
    "F0430": 15.436666488647461,
    "F0475_gSDSS": 14.90156078338623,
    "F0515": 14.701933860778809,
    "F0626_rSDSS": 14.180739402770996,
    "F0660": 14.103480339050293,
    "F0769_iSDSS": 13.955245018005371,
    "F0861": 13.887121200561523,
    "F0883_zSDSS": 13.84992504119873
}