{
    "id": "gaia_xp_spectrum_6088506507371346176-Ref",
    "F0352_uJAVA": 16.267290115356445,
    "F0378": 16.05449104309082,
    "F0395": 15.973934173583984,
    "F0410": 15.356338500976562,
    "F0430": 15.311156272888184,
    "F0475_gSDSS": 14.878217697143555,
    "F0515": 14.690947532653809,
    "F0626_rSDSS": 14.295304298400879,
    "F0660": 14.24152946472168,
    "F0769_iSDSS": 14.111844062805176,
    "F0861": 14.057355880737305,
    "F0883_zSDSS": 14.025815963745117
}