{
    "id": "gaia_xp_spectrum_6088478916500989568-Ref",
    "F0352_uJAVA": 16.57600212097168,
    "F0378": 16.35045051574707,
    "F0395": 16.35248565673828,
    "F0410": 15.741179466247559,
    "F0430": 15.64588737487793,
    "F0475_gSDSS": 15.23934268951416,
    "F0515": 15.066569328308105,
    "F0626_rSDSS": 14.641332626342773,
    "F0660": 14.574951171875,
    "F0769_iSDSS": 14.437047958374023,
    "F0861": 14.379201889038086,
    "F0883_zSDSS": 14.338862419128418
}