{
    "id": "gaia_xp_spectrum_6088457510383829376-Ref",
    "F0352_uJAVA": 16.8084774017334,
    "F0378": 16.544422149658203,
    "F0395": 16.560562133789062,
    "F0410": 16.05478858947754,
    "F0430": 16.021833419799805,
    "F0475_gSDSS": 15.690000534057617,
    "F0515": 15.540271759033203,
    "F0626_rSDSS": 15.206534385681152,
    "F0660": 15.171260833740234,
    "F0769_iSDSS": 15.034423828125,
    "F0861": 14.982994079589844,
    "F0883_zSDSS": 14.956621170043945
}