{
    "id": "gaia_xp_spectrum_6088479191378905984-Ref",
    "F0352_uJAVA": 17.06955909729004,
    "F0378": 16.809776306152344,
    "F0395": 16.655715942382812,
    "F0410": 16.229766845703125,
    "F0430": 16.14158058166504,
    "F0475_gSDSS": 15.845012664794922,
    "F0515": 15.686832427978516,
    "F0626_rSDSS": 15.368009567260742,
    "F0660": 15.349278450012207,
    "F0769_iSDSS": 15.204719543457031,
    "F0861": 15.162041664123535,
    "F0883_zSDSS": 15.137704849243164
}