{
    "id": "gaia_xp_spectrum_6088501765727029248-Ref",
    "F0352_uJAVA": 16.3525390625,
    "F0378": 15.977456092834473,
    "F0395": 15.426630020141602,
    "F0410": 15.124143600463867,
    "F0430": 15.062625885009766,
    "F0475_gSDSS": 14.952903747558594,
    "F0515": 14.873777389526367,
    "F0626_rSDSS": 14.828812599182129,
    "F0660": 14.893970489501953,
    "F0769_iSDSS": 14.870076179504395,
    "F0861": 14.923614501953125,
    "F0883_zSDSS": 14.90103816986084
}