{
    "id": "gaia_xp_spectrum_6087731317313159936-Ref",
    "F0352_uJAVA": 16.382644653320312,
    "F0378": 16.230928421020508,
    "F0395": 16.166337966918945,
    "F0410": 15.516500473022461,
    "F0430": 15.42349624633789,
    "F0475_gSDSS": 15.04887866973877,
    "F0515": 14.880121231079102,
    "F0626_rSDSS": 14.51649284362793,
    "F0660": 14.461243629455566,
    "F0769_iSDSS": 14.357367515563965,
    "F0861": 14.320518493652344,
    "F0883_zSDSS": 14.293709754943848
}