{
    "id": "gaia_xp_spectrum_6088485788448614016-Ref",
    "F0352_uJAVA": 16.107133865356445,
    "F0378": 15.881160736083984,
    "F0395": 15.780902862548828,
    "F0410": 15.256121635437012,
    "F0430": 15.175310134887695,
    "F0475_gSDSS": 14.85343074798584,
    "F0515": 14.679844856262207,
    "F0626_rSDSS": 14.381377220153809,
    "F0660": 14.352335929870605,
    "F0769_iSDSS": 14.240185737609863,
    "F0861": 14.221616744995117,
    "F0883_zSDSS": 14.195676803588867
}