{
    "id": "gaia_xp_spectrum_6088488743386558208-Ref",
    "F0352_uJAVA": 16.552751541137695,
    "F0378": 16.492168426513672,
    "F0395": 16.387453079223633,
    "F0410": 15.617920875549316,
    "F0430": 15.474732398986816,
    "F0475_gSDSS": 14.826919555664062,
    "F0515": 14.568806648254395,
    "F0626_rSDSS": 14.007676124572754,
    "F0660": 13.91296672821045,
    "F0769_iSDSS": 13.701637268066406,
    "F0861": 13.586413383483887,
    "F0883_zSDSS": 13.541361808776855
}