{
    "id": "gaia_xp_spectrum_6088499807221956736-Ref",
    "F0352_uJAVA": 16.617237091064453,
    "F0378": 16.372455596923828,
    "F0395": 16.219558715820312,
    "F0410": 15.794297218322754,
    "F0430": 15.729143142700195,
    "F0475_gSDSS": 15.422171592712402,
    "F0515": 15.27358627319336,
    "F0626_rSDSS": 14.973605155944824,
    "F0660": 14.946125030517578,
    "F0769_iSDSS": 14.818910598754883,
    "F0861": 14.7843017578125,
    "F0883_zSDSS": 14.76434326171875
}