{
    "id": "gaia_xp_spectrum_6088492965332419968-Ref",
    "F0352_uJAVA": 16.837787628173828,
    "F0378": 16.689167022705078,
    "F0395": 16.563190460205078,
    "F0410": 15.985922813415527,
    "F0430": 15.93639850616455,
    "F0475_gSDSS": 15.554136276245117,
    "F0515": 15.361031532287598,
    "F0626_rSDSS": 15.030725479125977,
    "F0660": 14.977911949157715,
    "F0769_iSDSS": 14.861638069152832,
    "F0861": 14.82656192779541,
    "F0883_zSDSS": 14.800333023071289
}