{
    "id": "gaia_xp_spectrum_6088526813976352896-Ref",
    "F0352_uJAVA": 16.51638412475586,
    "F0378": 16.324527740478516,
    "F0395": 16.159135818481445,
    "F0410": 15.680791854858398,
    "F0430": 15.606172561645508,
    "F0475_gSDSS": 15.26321792602539,
    "F0515": 15.07929801940918,
    "F0626_rSDSS": 14.77463150024414,
    "F0660": 14.727917671203613,
    "F0769_iSDSS": 14.614458084106445,
    "F0861": 14.573657989501953,
    "F0883_zSDSS": 14.549817085266113
}