{
    "id": "gaia_xp_spectrum_6088457407304597504-Ref",
    "F0352_uJAVA": 17.19733238220215,
    "F0378": 16.806896209716797,
    "F0395": 16.253440856933594,
    "F0410": 15.988442420959473,
    "F0430": 15.942238807678223,
    "F0475_gSDSS": 15.838520050048828,
    "F0515": 15.756103515625,
    "F0626_rSDSS": 15.712756156921387,
    "F0660": 15.770244598388672,
    "F0769_iSDSS": 15.72122573852539,
    "F0861": 15.749662399291992,
    "F0883_zSDSS": 15.743216514587402
}