{
    "id": "gaia_xp_spectrum_6088552446341268480-Ref",
    "F0352_uJAVA": 16.731124877929688,
    "F0378": 16.46510124206543,
    "F0395": 16.266088485717773,
    "F0410": 15.898687362670898,
    "F0430": 15.832228660583496,
    "F0475_gSDSS": 15.563298225402832,
    "F0515": 15.429665565490723,
    "F0626_rSDSS": 15.128866195678711,
    "F0660": 15.09748363494873,
    "F0769_iSDSS": 14.979775428771973,
    "F0861": 14.942378044128418,
    "F0883_zSDSS": 14.92592716217041
}