{
    "id": "gaia_xp_spectrum_6088487437716090496-Ref",
    "F0352_uJAVA": 16.505043029785156,
    "F0378": 16.465660095214844,
    "F0395": 16.40323829650879,
    "F0410": 15.602266311645508,
    "F0430": 15.536140441894531,
    "F0475_gSDSS": 14.963733673095703,
    "F0515": 14.74464225769043,
    "F0626_rSDSS": 14.198626518249512,
    "F0660": 14.103503227233887,
    "F0769_iSDSS": 13.909220695495605,
    "F0861": 13.79926586151123,
    "F0883_zSDSS": 13.759271621704102
}