{
    "id": "gaia_xp_spectrum_6088485479210946688-Ref",
    "F0352_uJAVA": 16.41799545288086,
    "F0378": 16.242277145385742,
    "F0395": 16.18032455444336,
    "F0410": 15.597716331481934,
    "F0430": 15.563847541809082,
    "F0475_gSDSS": 15.135565757751465,
    "F0515": 14.971023559570312,
    "F0626_rSDSS": 14.57191276550293,
    "F0660": 14.52206802368164,
    "F0769_iSDSS": 14.381444931030273,
    "F0861": 14.33772087097168,
    "F0883_zSDSS": 14.304600715637207
}