{
    "id": "gaia_xp_spectrum_6088503999110091008-Ref",
    "F0352_uJAVA": 15.952286720275879,
    "F0378": 15.816969871520996,
    "F0395": 15.698210716247559,
    "F0410": 15.096209526062012,
    "F0430": 15.051056861877441,
    "F0475_gSDSS": 14.634830474853516,
    "F0515": 14.444206237792969,
    "F0626_rSDSS": 14.07123851776123,
    "F0660": 14.033212661743164,
    "F0769_iSDSS": 13.891088485717773,
    "F0861": 13.845197677612305,
    "F0883_zSDSS": 13.813779830932617
}