{
    "id": "gaia_xp_spectrum_6087738154901359488-Ref",
    "F0352_uJAVA": 16.985015869140625,
    "F0378": 16.958099365234375,
    "F0395": 16.77358627319336,
    "F0410": 16.147310256958008,
    "F0430": 16.075298309326172,
    "F0475_gSDSS": 15.5859375,
    "F0515": 15.377304077148438,
    "F0626_rSDSS": 14.942886352539062,
    "F0660": 14.872398376464844,
    "F0769_iSDSS": 14.719307899475098,
    "F0861": 14.657984733581543,
    "F0883_zSDSS": 14.616628646850586
}