{
    "id": "gaia_xp_spectrum_6088480806286446592-Ref",
    "F0352_uJAVA": 15.983201026916504,
    "F0378": 15.803704261779785,
    "F0395": 15.762262344360352,
    "F0410": 15.230384826660156,
    "F0430": 15.20279598236084,
    "F0475_gSDSS": 14.8833589553833,
    "F0515": 14.726900100708008,
    "F0626_rSDSS": 14.44839859008789,
    "F0660": 14.426579475402832,
    "F0769_iSDSS": 14.313759803771973,
    "F0861": 14.290627479553223,
    "F0883_zSDSS": 14.269000053405762
}