{
    "id": "gaia_xp_spectrum_6088479706774796160-Ref",
    "F0352_uJAVA": 16.17429542541504,
    "F0378": 16.060348510742188,
    "F0395": 15.959745407104492,
    "F0410": 15.333660125732422,
    "F0430": 15.262256622314453,
    "F0475_gSDSS": 14.837302207946777,
    "F0515": 14.665854454040527,
    "F0626_rSDSS": 14.246042251586914,
    "F0660": 14.18210220336914,
    "F0769_iSDSS": 14.048966407775879,
    "F0861": 13.98967170715332,
    "F0883_zSDSS": 13.96241283416748
}