{
    "id": "gaia_xp_spectrum_6088483245827943040-Ref",
    "F0352_uJAVA": 16.71683692932129,
    "F0378": 16.484235763549805,
    "F0395": 16.413591384887695,
    "F0410": 15.933870315551758,
    "F0430": 15.822155952453613,
    "F0475_gSDSS": 15.526166915893555,
    "F0515": 15.356354713439941,
    "F0626_rSDSS": 15.024649620056152,
    "F0660": 14.990787506103516,
    "F0769_iSDSS": 14.84631061553955,
    "F0861": 14.810651779174805,
    "F0883_zSDSS": 14.776477813720703
}