{
    "id": "gaia_xp_spectrum_6088506816608996224-Ref",
    "F0352_uJAVA": 16.064857482910156,
    "F0378": 15.917252540588379,
    "F0395": 15.877290725708008,
    "F0410": 15.229890823364258,
    "F0430": 15.135068893432617,
    "F0475_gSDSS": 14.667956352233887,
    "F0515": 14.466891288757324,
    "F0626_rSDSS": 14.029257774353027,
    "F0660": 13.952642440795898,
    "F0769_iSDSS": 13.802079200744629,
    "F0861": 13.729540824890137,
    "F0883_zSDSS": 13.694709777832031
}