{
    "id": "gaia_xp_spectrum_6088493794268136448-Ref",
    "F0352_uJAVA": 16.16144561767578,
    "F0378": 15.981976509094238,
    "F0395": 15.907919883728027,
    "F0410": 15.30190658569336,
    "F0430": 15.228736877441406,
    "F0475_gSDSS": 14.818879127502441,
    "F0515": 14.625435829162598,
    "F0626_rSDSS": 14.241720199584961,
    "F0660": 14.185128211975098,
    "F0769_iSDSS": 14.049381256103516,
    "F0861": 13.992902755737305,
    "F0883_zSDSS": 13.96194839477539
}