{
    "id": "gaia_xp_spectrum_6088478229306221184-Ref",
    "F0352_uJAVA": 16.246694564819336,
    "F0378": 16.04119300842285,
    "F0395": 15.910868644714355,
    "F0410": 15.380517959594727,
    "F0430": 15.299934387207031,
    "F0475_gSDSS": 14.947029113769531,
    "F0515": 14.766707420349121,
    "F0626_rSDSS": 14.444650650024414,
    "F0660": 14.394845962524414,
    "F0769_iSDSS": 14.294508934020996,
    "F0861": 14.267169952392578,
    "F0883_zSDSS": 14.239631652832031
}