{
    "id": "gaia_xp_spectrum_6087727469022456704-Ref",
    "F0352_uJAVA": 16.643064498901367,
    "F0378": 16.38294219970703,
    "F0395": 16.162961959838867,
    "F0410": 15.747657775878906,
    "F0430": 15.701927185058594,
    "F0475_gSDSS": 15.461617469787598,
    "F0515": 15.331283569335938,
    "F0626_rSDSS": 15.083867073059082,
    "F0660": 15.057450294494629,
    "F0769_iSDSS": 14.969457626342773,
    "F0861": 14.960896492004395,
    "F0883_zSDSS": 14.937423706054688
}