{
    "id": "gaia_xp_spectrum_6088482696072971648-Ref",
    "F0352_uJAVA": 16.62260627746582,
    "F0378": 16.47452735900879,
    "F0395": 16.315799713134766,
    "F0410": 15.841291427612305,
    "F0430": 15.793648719787598,
    "F0475_gSDSS": 15.427641868591309,
    "F0515": 15.233044624328613,
    "F0626_rSDSS": 14.926173210144043,
    "F0660": 14.888130187988281,
    "F0769_iSDSS": 14.75391674041748,
    "F0861": 14.701934814453125,
    "F0883_zSDSS": 14.682914733886719
}