{
    "id": "gaia_xp_spectrum_6087730527039176576-Ref",
    "F0352_uJAVA": 16.59405517578125,
    "F0378": 16.543989181518555,
    "F0395": 16.450490951538086,
    "F0410": 15.688566207885742,
    "F0430": 15.606588363647461,
    "F0475_gSDSS": 15.096492767333984,
    "F0515": 14.939002990722656,
    "F0626_rSDSS": 14.397974014282227,
    "F0660": 14.301871299743652,
    "F0769_iSDSS": 14.171106338500977,
    "F0861": 14.09623908996582,
    "F0883_zSDSS": 14.062827110290527
}