{
    "id": "gaia_xp_spectrum_6088507194566111616-Ref",
    "F0352_uJAVA": 16.67987823486328,
    "F0378": 16.72585678100586,
    "F0395": 16.51703643798828,
    "F0410": 15.7373685836792,
    "F0430": 15.60982608795166,
    "F0475_gSDSS": 15.054852485656738,
    "F0515": 14.856460571289062,
    "F0626_rSDSS": 14.339982986450195,
    "F0660": 14.265233039855957,
    "F0769_iSDSS": 14.125675201416016,
    "F0861": 14.05675220489502,
    "F0883_zSDSS": 14.024547576904297
}