{
    "id": "gaia_xp_spectrum_6088526848336098048-Ref",
    "F0352_uJAVA": 16.436983108520508,
    "F0378": 16.175861358642578,
    "F0395": 16.047090530395508,
    "F0410": 15.653136253356934,
    "F0430": 15.585150718688965,
    "F0475_gSDSS": 15.236579895019531,
    "F0515": 15.06113338470459,
    "F0626_rSDSS": 14.717264175415039,
    "F0660": 14.660584449768066,
    "F0769_iSDSS": 14.540098190307617,
    "F0861": 14.487396240234375,
    "F0883_zSDSS": 14.463083267211914
}