{
    "id": "gaia_xp_spectrum_6088500322618425856-Ref",
    "F0352_uJAVA": 16.59504508972168,
    "F0378": 16.368101119995117,
    "F0395": 16.29242706298828,
    "F0410": 15.77371597290039,
    "F0430": 15.686638832092285,
    "F0475_gSDSS": 15.31000804901123,
    "F0515": 15.110033988952637,
    "F0626_rSDSS": 14.75318717956543,
    "F0660": 14.691168785095215,
    "F0769_iSDSS": 14.560418128967285,
    "F0861": 14.507604598999023,
    "F0883_zSDSS": 14.475503921508789
}