{
    "id": "gaia_xp_spectrum_6088505270420767872-Ref",
    "F0352_uJAVA": 16.832870483398438,
    "F0378": 16.658077239990234,
    "F0395": 16.571075439453125,
    "F0410": 16.02166748046875,
    "F0430": 15.965588569641113,
    "F0475_gSDSS": 15.602568626403809,
    "F0515": 15.424586296081543,
    "F0626_rSDSS": 15.076606750488281,
    "F0660": 15.048099517822266,
    "F0769_iSDSS": 14.888960838317871,
    "F0861": 14.834708213806152,
    "F0883_zSDSS": 14.80998420715332
}