{
    "id": "gaia_xp_spectrum_6088461221236111744-Ref",
    "F0352_uJAVA": 16.699644088745117,
    "F0378": 16.3984317779541,
    "F0395": 16.300554275512695,
    "F0410": 15.842911720275879,
    "F0430": 15.772547721862793,
    "F0475_gSDSS": 15.492608070373535,
    "F0515": 15.352646827697754,
    "F0626_rSDSS": 15.060907363891602,
    "F0660": 15.023000717163086,
    "F0769_iSDSS": 14.922223091125488,
    "F0861": 14.885100364685059,
    "F0883_zSDSS": 14.873140335083008
}