{
    "id": "gaia_xp_spectrum_6088482352475215360-Ref",
    "F0352_uJAVA": 16.893173217773438,
    "F0378": 16.705543518066406,
    "F0395": 16.587133407592773,
    "F0410": 16.070201873779297,
    "F0430": 16.078304290771484,
    "F0475_gSDSS": 15.68691349029541,
    "F0515": 15.518856048583984,
    "F0626_rSDSS": 15.191210746765137,
    "F0660": 15.125962257385254,
    "F0769_iSDSS": 15.010241508483887,
    "F0861": 14.960929870605469,
    "F0883_zSDSS": 14.940540313720703
}