{
    "id": "gaia_xp_spectrum_6088498467192110720-Ref",
    "F0352_uJAVA": 16.091829299926758,
    "F0378": 15.8385591506958,
    "F0395": 15.718559265136719,
    "F0410": 15.265454292297363,
    "F0430": 15.187891006469727,
    "F0475_gSDSS": 14.841523170471191,
    "F0515": 14.657034873962402,
    "F0626_rSDSS": 14.312116622924805,
    "F0660": 14.256041526794434,
    "F0769_iSDSS": 14.123169898986816,
    "F0861": 14.075172424316406,
    "F0883_zSDSS": 14.043593406677246
}