{
    "id": "gaia_xp_spectrum_6088506129414212992-Ref",
    "F0352_uJAVA": 16.500804901123047,
    "F0378": 16.397994995117188,
    "F0395": 16.055831909179688,
    "F0410": 15.692498207092285,
    "F0430": 15.623269081115723,
    "F0475_gSDSS": 15.40226936340332,
    "F0515": 15.267952919006348,
    "F0626_rSDSS": 15.055045127868652,
    "F0660": 15.07033634185791,
    "F0769_iSDSS": 14.980589866638184,
    "F0861": 14.97730827331543,
    "F0883_zSDSS": 14.944575309753418
}