{
    "id": "gaia_xp_spectrum_6088489155703795072-Ref",
    "F0352_uJAVA": 15.849924087524414,
    "F0378": 15.701573371887207,
    "F0395": 15.618612289428711,
    "F0410": 15.089167594909668,
    "F0430": 15.05850887298584,
    "F0475_gSDSS": 14.661252975463867,
    "F0515": 14.476380348205566,
    "F0626_rSDSS": 14.13495922088623,
    "F0660": 14.099129676818848,
    "F0769_iSDSS": 13.959041595458984,
    "F0861": 13.917183876037598,
    "F0883_zSDSS": 13.890625
}