{
    "id": "gaia_xp_spectrum_6087726987986113408-Ref",
    "F0352_uJAVA": 16.342199325561523,
    "F0378": 16.234275817871094,
    "F0395": 16.135129928588867,
    "F0410": 15.483230590820312,
    "F0430": 15.407981872558594,
    "F0475_gSDSS": 14.949321746826172,
    "F0515": 14.759145736694336,
    "F0626_rSDSS": 14.362955093383789,
    "F0660": 14.296796798706055,
    "F0769_iSDSS": 14.192602157592773,
    "F0861": 14.146039009094238,
    "F0883_zSDSS": 14.12014102935791
}