# redshift id F0378 F0378_err F0395 F0395_err F0410 F0410_err F0430 F0430_err F0515 F0515_err F0660 F0660_err F0861 F0861_err
0.001825 T17-2421 6.449510e-03 3.224755e-03 8.105765e-03 4.052883e-03 5.209005e-03 2.604503e-03 1.404648e-02 7.023240e-03 2.847233e-02 7.183804e-03 2.943658e-02 3.634934e-03 2.991898e-02 1.108611e-02
0.001825 T17-2433 7.529236e-03 3.764618e-03 1.096720e-02 5.483601e-03 1.581172e-02 7.905862e-03 1.797715e-02 8.988577e-03 9.225662e-03 4.612831e-03 2.017839e-02 3.947861e-03 7.169293e-03 3.584646e-03
0.001825 T17-2515 2.197126e-03 1.098563e-03 0.000000e+00 9.900000e+01 1.306989e-02 6.534943e-03 2.975666e-02 9.984233e-03 1.189908e-02 5.949539e-03 3.745995e-02 3.555343e-03 3.108319e-02 9.462347e-03
0.001825 T17-2479 2.350995e-02 9.787628e-03 1.750263e-02 8.751315e-03 3.737216e-02 1.161485e-02 4.361266e-02 1.049033e-02 6.628378e-02 9.011506e-03 1.122868e-01 3.989963e-03 1.460126e-01 1.115895e-02
0.001825 T17-2518 9.515956e-03 4.757978e-03 0.000000e+00 9.900000e+01 7.328641e-03 3.664321e-03 1.603026e-02 8.015129e-03 1.094812e-02 5.474062e-03 3.030569e-02 3.733480e-03 2.942529e-02 9.654884e-03
0.001825 T17-2601 3.151765e-02 8.380908e-03 1.365098e-02 6.825492e-03 3.477461e-02 1.082010e-02 3.337035e-02 9.967600e-03 4.671131e-02 8.495751e-03 7.128450e-02 3.955738e-03 8.319672e-02 1.005988e-02
0.001825 T17-2600 1.388374e-02 6.941871e-03 0.000000e+00 9.900000e+01 1.759401e-02 8.797004e-03 3.169840e-02 9.714138e-03 5.517905e-02 8.084432e-03 7.608452e-02 3.405909e-03 9.280674e-02 1.020698e-02
0.001825 T17-2460 4.666129e-03 2.333065e-03 3.318591e-03 1.659295e-03 6.073066e-03 3.036533e-03 1.330147e-02 6.650734e-03 1.941135e-02 7.229934e-03 3.210274e-02 3.629885e-03 3.519584e-02 9.820473e-03
0.001825 T17-2371 2.887957e-02 9.849189e-03 3.657546e-02 1.596004e-02 3.576997e-02 1.230104e-02 4.247787e-02 1.032643e-02 7.001903e-02 7.683842e-03 1.124168e-01 4.959625e-03 1.206308e-01 1.328789e-02
0.001825 T17-2402 1.083362e-02 5.416812e-03 3.645395e-02 1.246624e-02 4.038855e-03 2.019427e-03 1.443356e-02 7.216782e-03 2.651137e-02 8.427074e-03 4.128196e-02 3.448905e-03 6.020704e-02 9.687057e-03
0.001825 T17-2279 4.216815e-03 2.108407e-03 3.856575e-03 1.928287e-03 9.925871e-03 4.962935e-03 2.601756e-02 9.430876e-03 2.539398e-02 7.649928e-03 3.709304e-02 3.523585e-03 4.044841e-02 9.317303e-03
0.001825 T17-2342 1.361385e-03 6.806925e-04 2.439832e-02 1.219916e-02 2.053654e-02 1.026827e-02 1.159195e-02 5.795976e-03 2.155833e-02 8.344590e-03 3.804362e-02 3.774210e-03 4.644384e-02 1.041800e-02
0.001825 T17-2352 7.460160e-03 3.730080e-03 2.414834e-02 1.207417e-02 1.709549e-02 8.547744e-03 2.111607e-02 8.811127e-03 3.527915e-02 7.563010e-03 8.776454e-02 3.605637e-03 1.068525e-01 1.024020e-02
0.001825 T17-2454 1.161937e-02 5.809683e-03 0.000000e+00 9.900000e+01 3.507496e-02 1.237001e-02 2.314549e-02 1.053931e-02 4.859400e-02 7.557399e-03 6.309632e-02 3.419198e-03 7.792402e-02 9.372729e-03
0.001825 T17-2545 0.000000e+00 9.900000e+01 0.000000e+00 9.900000e+01 9.900256e-03 4.950128e-03 1.489337e-02 7.446683e-03 2.839781e-02 7.955458e-03 4.463015e-02 3.615308e-03 4.781568e-02 9.028243e-03
0.001825 T17-2492 7.708263e-03 3.854131e-03 1.603607e-02 8.018037e-03 2.990936e-02 1.161631e-02 3.605644e-02 8.731200e-03 3.556912e-02 8.301647e-03 6.304249e-02 3.715936e-03 6.048070e-02 1.036417e-02
0.001825 T17-2517 2.176348e-02 8.369204e-03 2.563469e-02 1.249963e-02 5.506102e-02 1.062008e-02 6.331647e-02 1.113292e-02 8.403284e-02 7.826214e-03 1.418135e-01 4.509834e-03 1.730627e-01 1.096143e-02
0.001825 T17-2467 9.769362e-03 4.884681e-03 3.735247e-02 1.561116e-02 3.183503e-02 1.009630e-02 1.809444e-02 9.047222e-03 5.089115e-02 7.401947e-03 7.717865e-02 3.976953e-03 9.834177e-02 8.633186e-03
0.001825 T17-2459 6.248976e-03 3.124488e-03 0.000000e+00 9.900000e+01 1.271916e-02 6.359582e-03 0.000000e+00 9.900000e+01 1.302614e-02 6.513070e-03 3.004610e-02 3.435597e-03 5.557626e-02 9.922379e-03
0.001825 T17-2504 1.336891e-02 6.684457e-03 1.008034e-02 5.040170e-03 1.768425e-03 8.842126e-04 1.150226e-03 5.751128e-04 1.448888e-02 7.033019e-03 3.323541e-02 3.477843e-03 3.894763e-02 9.271661e-03
0.001825 T17-2475 3.492895e-03 1.746448e-03 2.353791e-02 1.176896e-02 1.407155e-02 7.035777e-03 5.576187e-03 2.788093e-03 1.727702e-02 7.414837e-03 3.279870e-02 3.551992e-03 4.822342e-02 9.020331e-03
0.001825 T17-2668 1.865335e-02 9.281761e-03 1.768692e-02 8.843460e-03 4.803941e-02 1.157606e-02 1.937202e-02 9.686012e-03 4.955420e-02 8.123390e-03 6.960904e-02 3.407281e-03 6.246499e-02 9.100010e-03
0.001825 T17-2627 1.337299e-02 6.686494e-03 2.205651e-02 1.102826e-02 1.053803e-02 5.269015e-03 3.230519e-03 1.615259e-03 6.813799e-03 3.406899e-03 2.330585e-02 3.790129e-03 4.954531e-02 9.617710e-03
0.001825 T17-2662 5.385839e-03 2.692920e-03 0.000000e+00 9.900000e+01 8.648771e-03 4.324386e-03 1.268254e-02 6.341270e-03 5.972850e-03 2.986425e-03 3.707526e-02 3.689306e-03 5.267725e-02 1.004376e-02
0.001825 T17-2755 3.448625e-03 1.724312e-03 4.480432e-03 2.240216e-03 1.038050e-02 5.190250e-03 1.543137e-02 7.715687e-03 2.662636e-02 8.302723e-03 4.483458e-02 3.724438e-03 6.915860e-02 1.034943e-02
0.001825 T17-2744 4.417983e-04 2.208991e-04 0.000000e+00 9.900000e+01 2.074104e-02 1.037052e-02 2.208208e-02 1.104104e-02 1.745758e-02 7.732940e-03 3.022813e-02 3.775462e-03 3.749622e-02 9.281337e-03
0.001825 T17-2794 7.540888e-03 3.770444e-03 0.000000e+00 9.900000e+01 2.411491e-02 1.205746e-02 1.458140e-02 7.290700e-03 2.631184e-02 8.897547e-03 4.563980e-02 4.594150e-03 5.813440e-02 9.870437e-03
0.001825 T17-2772 1.524252e-02 7.621259e-03 5.460624e-03 2.730312e-03 1.489779e-02 7.448895e-03 2.652129e-02 9.236596e-03 3.549004e-02 8.170032e-03 4.227060e-02 3.696682e-03 7.327179e-02 9.219668e-03
0.001825 T17-2756 2.761116e-02 8.137592e-03 1.608311e-02 8.041554e-03 1.446917e-02 7.234586e-03 3.257346e-02 9.775282e-03 4.679966e-02 8.132895e-03 6.616161e-02 3.444802e-03 6.464896e-02 9.322899e-03
0.001825 T17-2759 5.043314e-02 8.960688e-03 4.256083e-02 1.296534e-02 1.062088e-01 1.149664e-02 9.974457e-02 1.044353e-02 1.568875e-01 7.661163e-03 2.225127e-01 5.116304e-03 2.379526e-01 9.702531e-03
0.001825 T17-2778 0.000000e+00 9.900000e+01 6.849659e-03 3.424829e-03 5.370853e-03 2.685426e-03 3.620404e-03 1.810202e-03 1.749281e-02 7.034674e-03 2.312743e-02 4.138882e-03 2.805443e-02 8.831014e-03
0.001825 T17-2631 5.048752e-03 2.524376e-03 4.414119e-03 2.207060e-03 9.889065e-03 4.944533e-03 1.258459e-02 6.292295e-03 1.863797e-02 8.373222e-03 4.421347e-02 3.450213e-03 3.986599e-02 8.956418e-03
0.001825 T17-2641 7.857051e-03 3.928525e-03 7.129794e-03 3.564897e-03 0.000000e+00 9.900000e+01 2.945953e-03 1.472976e-03 1.425401e-02 7.127007e-03 1.915839e-02 3.897369e-03 1.629448e-02 8.147242e-03
0.001825 T17-2659 3.027738e-03 1.513869e-03 2.969317e-03 1.484658e-03 1.403038e-02 7.015189e-03 1.380886e-03 6.904431e-04 1.281712e-02 6.408561e-03 2.921547e-02 3.691429e-03 3.452702e-02 1.041412e-02
0.001825 T17-2630 1.409926e-02 7.049629e-03 5.134900e-02 1.378274e-02 4.361753e-02 1.243443e-02 3.673905e-02 9.444646e-03 6.128942e-02 7.382677e-03 1.213315e-01 3.795533e-03 1.470639e-01 8.910742e-03
0.001825 T17-2618 1.560077e-02 7.800383e-03 2.740644e-02 1.281965e-02 1.877145e-02 9.385726e-03 3.000805e-02 1.069668e-02 5.701906e-02 7.451998e-03 9.757473e-02 3.397700e-03 1.184563e-01 9.597685e-03
0.001825 T17-2643 3.993951e-03 1.996976e-03 0.000000e+00 9.900000e+01 0.000000e+00 9.900000e+01 1.465846e-02 7.329229e-03 1.037403e-02 5.187014e-03 2.282674e-02 3.620166e-03 3.042314e-02 9.857517e-03
0.001825 T17-2705 4.532914e-03 2.266457e-03 1.822376e-02 9.111882e-03 2.267019e-02 1.133185e-02 2.268266e-02 9.583388e-03 4.012420e-02 8.486054e-03 3.884698e-02 3.690977e-03 4.273977e-02 1.103060e-02
0.001825 T17-2698 6.756070e-03 3.378035e-03 2.438870e-02 1.219435e-02 2.035473e-02 1.017736e-02 1.901535e-02 9.507673e-03 4.068645e-02 8.274542e-03 7.242828e-02 3.722063e-03 7.797172e-02 9.764395e-03
0.001825 T17-2723 6.412753e-03 3.206376e-03 3.008863e-03 1.504431e-03 0.000000e+00 9.900000e+01 1.783116e-02 8.915578e-03 1.398023e-02 6.990114e-03 2.576220e-02 3.539799e-03 3.754154e-02 9.810165e-03
0.001825 T17-2628 0.000000e+00 9.900000e+01 1.082509e-02 5.412543e-03 1.586877e-02 7.934385e-03 1.862729e-02 9.313643e-03 8.024181e-03 4.012090e-03 3.341958e-02 3.513901e-03 5.164883e-02 8.836055e-03
0.001825 T17-2650 8.606579e-03 4.303289e-03 1.195995e-03 5.979977e-04 2.630205e-02 1.137302e-02 3.768093e-02 8.634968e-03 4.883693e-02 7.493427e-03 5.986534e-02 3.769198e-03 6.723508e-02 8.607737e-03
0.001825 T17-2648 5.705305e-02 7.839424e-03 5.044229e-02 1.331329e-02 8.506142e-02 1.201074e-02 8.799819e-02 9.264229e-03 1.443860e-01 9.041199e-03 1.982159e-01 4.205508e-03 2.264783e-01 9.625590e-03
0.001825 T17-2671 1.171670e-02 5.858352e-03 4.369168e-03 2.184584e-03 1.843860e-02 9.219301e-03 7.933794e-03 3.966897e-03 9.316019e-03 4.658009e-03 2.464033e-02 3.673864e-03 1.480453e-02 7.402266e-03
0.001825 T17-2699 2.899957e-02 9.672602e-03 4.305212e-02 1.588774e-02 4.793510e-02 1.386842e-02 7.219906e-02 1.063241e-02 9.746137e-02 9.569856e-03 1.734729e-01 4.222728e-03 2.137625e-01 9.832631e-03
0.001825 T17-2701 2.145997e-02 8.413486e-03 2.273774e-02 1.136887e-02 4.162539e-02 1.444283e-02 3.133963e-02 1.173107e-02 5.534798e-02 9.229357e-03 8.456539e-02 4.317832e-03 7.983237e-02 1.078746e-02
0.001825 T17-2742 1.249589e-02 6.247946e-03 1.338155e-02 6.690774e-03 4.708498e-03 2.354249e-03 1.510956e-02 7.554782e-03 3.278441e-02 7.306760e-03 3.793666e-02 3.804646e-03 4.672351e-02 8.992932e-03
0.001825 T17-2800 9.810010e-03 4.905005e-03 0.000000e+00 9.900000e+01 2.117093e-02 1.058547e-02 1.138157e-02 5.690783e-03 1.898398e-02 7.750553e-03 3.468181e-02 3.638055e-03 3.879033e-02 1.012140e-02
0.001825 T17-2797 1.746234e-02 8.731171e-03 4.932572e-03 2.466286e-03 1.748838e-02 8.744190e-03 1.161710e-02 5.808549e-03 2.114239e-02 7.415998e-03 4.693723e-02 3.495071e-03 6.239411e-02 9.326620e-03
0.001825 T17-2799 2.015512e-02 8.033184e-03 2.210841e-02 1.105420e-02 3.288789e-02 1.146758e-02 2.956187e-02 9.863178e-03 1.050307e-01 7.643252e-03 1.825371e-01 3.683539e-03 2.608013e-01 9.074467e-03
0.001825 T17-2589 3.794573e-03 1.897287e-03 1.480367e-02 7.401836e-03 2.709656e-02 1.073470e-02 5.102979e-03 2.551490e-03 2.614865e-02 7.317507e-03 3.466387e-02 3.304620e-03 3.160750e-02 8.798910e-03
0.001825 T17-2544 4.129554e-02 9.571407e-03 3.786456e-02 1.407941e-02 8.009227e-02 1.058059e-02 7.759619e-02 8.882061e-03 1.302652e-01 7.371843e-03 1.963096e-01 4.643597e-03 2.060565e-01 9.760724e-03
0.001825 T17-2534 2.962245e-02 7.662492e-03 4.178508e-02 1.267133e-02 3.370196e-02 1.196099e-02 5.087729e-02 1.024096e-02 1.045398e-01 8.417101e-03 1.565666e-01 3.551896e-03 1.967061e-01 9.380742e-03
0.001825 T17-2878 1.131529e-02 5.657644e-03 0.000000e+00 9.900000e+01 2.627481e-02 1.120042e-02 2.764998e-02 1.202188e-02 1.859314e-02 8.150530e-03 2.839131e-02 3.674411e-03 3.994417e-02 9.394783e-03
0.001825 T17-2872 1.068923e-02 5.344617e-03 1.015094e-02 5.075469e-03 2.410496e-02 1.205248e-02 0.000000e+00 9.900000e+01 3.237120e-02 7.192990e-03 3.587641e-02 4.015614e-03 3.604801e-02 9.912941e-03
0.001825 T17-2829 5.784335e-03 2.892167e-03 7.689843e-04 3.844921e-04 1.770806e-02 8.854028e-03 2.129534e-02 1.007535e-02 4.118480e-02 7.640805e-03 5.371214e-02 3.321843e-03 8.462702e-02 9.649786e-03
0.001825 T17-2891 2.578036e-03 1.289018e-03 4.264890e-03 2.132445e-03 5.918547e-03 2.959273e-03 2.024095e-03 1.012048e-03 8.915167e-03 4.457583e-03 2.299655e-02 3.523271e-03 3.756743e-02 1.005988e-02
0.001825 T17-2851 1.126487e-02 5.632433e-03 4.204795e-02 1.321475e-02 3.262868e-02 1.200995e-02 2.881761e-02 1.013497e-02 5.797754e-02 7.675789e-03 9.107134e-02 3.625663e-03 1.001918e-01 9.222966e-03
0.001825 T17-2911 8.669175e-03 4.334588e-03 4.117608e-02 1.406801e-02 3.352107e-02 1.219556e-02 4.105199e-02 9.163747e-03 7.219709e-02 7.245758e-03 1.283983e-01 3.582841e-03 1.475101e-01 9.135544e-03
0.001825 T17-2913 6.366519e-03 3.183260e-03 6.131045e-04 3.065523e-04 7.497934e-04 3.748967e-04 3.471295e-03 1.735647e-03 6.890997e-03 3.445499e-03 1.542158e-02 3.749503e-03 3.913709e-02 9.651895e-03
0.001825 T17-2889 7.851947e-03 3.925973e-03 3.604503e-03 1.802251e-03 9.863299e-04 4.931650e-04 2.238579e-02 9.047017e-03 1.881380e-02 8.425948e-03 3.051682e-02 3.455602e-03 3.933637e-02 9.221038e-03
0.001825 T17-2976 1.035301e-02 5.176507e-03 0.000000e+00 9.900000e+01 0.000000e+00 9.900000e+01 0.000000e+00 9.900000e+01 5.679057e-03 2.839529e-03 2.941935e-02 3.926203e-03 2.925556e-02 9.135648e-03
0.001825 T17-2962 5.715861e-02 9.961855e-03 6.168085e-02 1.484761e-02 1.033027e-01 1.263820e-02 9.763273e-02 1.200063e-02 1.404980e-01 1.342480e-02 1.982664e-01 1.744690e-02 1.240637e-01 2.919726e-02
0.001825 T17-2227 4.407150e-04 2.203575e-04 0.000000e+00 9.900000e+01 2.060063e-02 1.030031e-02 1.671724e-02 8.358619e-03 2.168777e-02 8.339367e-03 3.792332e-02 3.672259e-03 5.443945e-02 1.033852e-02
0.001825 T17-2198 4.019508e-04 2.009754e-04 2.663758e-02 1.331879e-02 1.783713e-02 8.918564e-03 2.752514e-02 1.015320e-02 3.170431e-02 7.873099e-03 3.366224e-02 3.918304e-03 4.619527e-02 1.121264e-02
0.001825 T17-2369 1.848431e-02 8.350767e-03 2.471928e-02 1.235964e-02 1.992613e-02 9.963067e-03 3.113802e-02 8.980004e-03 4.676003e-02 7.372013e-03 5.342430e-02 3.507020e-03 7.522728e-02 9.373500e-03
0.001825 T17-2205 1.264840e-03 6.324201e-04 1.765624e-02 8.828119e-03 3.339432e-02 1.210845e-02 1.241136e-02 6.205680e-03 7.349074e-03 3.674537e-03 2.800346e-02 3.652214e-03 3.443458e-02 9.362480e-03
0.001825 T17-2194 4.606555e-02 9.918779e-03 3.439064e-02 1.407558e-02 4.697103e-02 1.261263e-02 6.411939e-02 1.031523e-02 8.246978e-02 8.003303e-03 1.104822e-01 4.359121e-03 1.344503e-01 1.119875e-02
0.001825 T17-2287 2.009152e-02 9.485172e-03 1.146722e-02 5.733611e-03 1.520758e-02 7.603791e-03 1.086573e-02 5.432866e-03 2.392077e-02 9.537308e-03 0.000000e+00 9.900000e+01 5.389117e-02 1.080800e-02
0.001825 T17-2318 5.218480e-03 2.609240e-03 8.619126e-03 4.309563e-03 1.559755e-02 7.798774e-03 8.742215e-03 4.371107e-03 1.993130e-02 8.195425e-03 2.843816e-02 3.813873e-03 2.056932e-02 9.716850e-03
0.001825 T17-2385 1.941032e-04 9.705158e-05 0.000000e+00 9.900000e+01 1.155109e-02 5.775547e-03 0.000000e+00 9.900000e+01 1.641166e-02 7.717744e-03 2.356366e-02 3.446884e-03 4.834597e-02 9.160976e-03
0.001825 T17-2233 1.984535e-02 9.916474e-03 3.286827e-02 1.505529e-02 5.349497e-02 1.181548e-02 3.324977e-02 1.133673e-02 5.595146e-02 8.162358e-03 6.529339e-02 3.642379e-03 8.041121e-02 9.915421e-03
0.001825 T17-2361 2.914278e-02 7.837766e-03 3.230641e-02 1.615320e-02 4.416188e-02 1.134059e-02 5.272087e-02 9.018277e-03 7.955851e-02 7.988805e-03 2.132238e-01 3.777587e-03 2.763623e-01 8.851466e-03
0.001825 T17-2358 7.370814e-03 3.685407e-03 5.514766e-03 2.757383e-03 9.447027e-03 4.723513e-03 1.576520e-02 7.882601e-03 5.587793e-02 8.272440e-03 7.478114e-02 3.933601e-03 1.229374e-01 9.913527e-03
0.001825 T17-2415 6.272794e-04 3.136397e-04 9.632923e-03 4.816461e-03 1.787434e-02 8.937171e-03 6.962145e-03 3.481072e-03 2.978501e-02 7.240303e-03 5.498473e-02 3.213443e-03 6.047590e-02 9.515110e-03
0.001825 T17-2197 9.501881e-03 4.750941e-03 1.753504e-02 8.767518e-03 0.000000e+00 9.900000e+01 7.021748e-03 3.510874e-03 1.975683e-02 7.780165e-03 2.035608e-02 3.690844e-03 2.482943e-02 9.143363e-03
0.001825 T17-2327 1.248485e-02 6.242425e-03 1.320166e-02 6.600831e-03 5.733419e-03 2.866710e-03 6.447566e-03 3.223783e-03 2.031944e-02 7.844930e-03 3.634804e-02 3.364233e-03 6.232483e-02 9.123152e-03
0.001825 T17-2346 3.722240e-03 1.861120e-03 1.109562e-02 5.547812e-03 2.308125e-03 1.154062e-03 1.252021e-02 6.260103e-03 2.583056e-02 8.191665e-03 3.533563e-02 3.632644e-03 4.007786e-02 1.045024e-02
0.001825 T17-2418 2.711113e-02 1.023462e-02 4.443487e-03 2.221743e-03 3.652929e-02 1.258964e-02 0.000000e+00 9.900000e+01 3.489283e-02 1.372944e-02 6.197095e-02 1.515585e-02 7.109305e-02 2.027941e-02
0.001825 T17-2303 1.115519e-02 5.577593e-03 0.000000e+00 9.900000e+01 7.213518e-03 3.606759e-03 1.873416e-02 9.367082e-03 2.522992e-02 7.803652e-03 4.531153e-02 3.998038e-03 6.278921e-02 1.078200e-02
0.001825 T17-2343 6.848241e-03 3.424120e-03 0.000000e+00 9.900000e+01 3.977071e-03 1.988536e-03 5.129610e-03 2.564805e-03 1.887123e-02 8.248810e-03 1.856690e-02 3.925457e-03 4.013067e-02 1.040863e-02
0.001825 T17-2365 8.544276e-04 4.272138e-04 1.436011e-02 7.180057e-03 8.784211e-03 4.392105e-03 0.000000e+00 9.900000e+01 1.177483e-02 5.887414e-03 2.883762e-02 3.530317e-03 3.728467e-02 9.534496e-03
0.001825 T17-2387 3.369826e-03 1.684913e-03 8.335798e-03 4.167899e-03 7.091570e-03 3.545785e-03 2.597474e-03 1.298737e-03 2.485057e-02 7.498300e-03 4.027240e-02 3.430326e-03 3.836027e-02 8.718229e-03
0.001825 T17-2211 2.773796e-02 1.006375e-02 2.573986e-02 1.286993e-02 3.749734e-02 1.388039e-02 4.273952e-02 1.153867e-02 6.238741e-02 7.719267e-03 8.038480e-02 3.637153e-03 1.007338e-01 9.006039e-03
0.001825 T17-2240 1.578371e-02 7.891855e-03 0.000000e+00 9.900000e+01 3.261262e-03 1.630631e-03 1.438996e-02 7.194982e-03 1.760871e-02 8.165155e-03 2.474101e-02 4.211110e-03 4.377194e-02 1.120953e-02
0.001825 T17-2268 7.407447e-03 3.703724e-03 0.000000e+00 9.900000e+01 1.301411e-02 6.507054e-03 1.696217e-02 8.481083e-03 1.804977e-02 8.274569e-03 4.902779e-02 3.836890e-03 5.727883e-02 1.022783e-02
0.001825 T17-2285 2.270024e-02 1.125621e-02 4.412251e-02 1.602054e-02 3.218412e-02 1.158869e-02 4.002794e-02 1.034178e-02 6.545987e-02 8.031289e-03 1.091247e-01 3.978326e-03 1.419315e-01 9.166046e-03
0.001825 T17-2232 4.703196e-02 1.004494e-02 7.423663e-02 1.571801e-02 7.452607e-02 1.173585e-02 8.657078e-02 1.015530e-02 1.479996e-01 7.961471e-03 1.871600e-01 4.029000e-03 2.232694e-01 9.993333e-03
0.001825 T17-2221 0.000000e+00 9.900000e+01 9.190798e-03 4.595399e-03 1.767418e-02 8.837091e-03 1.118425e-02 5.592123e-03 9.226013e-03 4.613006e-03 2.337927e-02 4.166489e-03 4.447991e-02 9.289434e-03
0.001825 T17-2264 1.583625e-02 7.918126e-03 2.707574e-02 1.353787e-02 1.315208e-02 6.576039e-03 9.460020e-03 4.730010e-03 2.738460e-02 7.525704e-03 4.907409e-02 4.119418e-03 7.060360e-02 1.006961e-02
0.001825 T17-2315 2.942510e-02 8.967520e-03 0.000000e+00 9.900000e+01 3.587360e-02 1.297461e-02 2.685250e-02 1.024178e-02 4.267825e-02 8.482030e-03 6.054379e-02 4.591516e-03 6.833788e-02 1.172388e-02
0.001825 T17-2324 1.511815e-02 7.559073e-03 5.937267e-03 2.968633e-03 2.391617e-03 1.195808e-03 8.999284e-03 4.499642e-03 1.281535e-02 6.407677e-03 3.203940e-02 3.911291e-03 4.245086e-02 1.066481e-02
0.001825 T17-2522 2.523458e-02 8.126939e-03 2.773328e-02 1.386664e-02 5.778841e-02 1.243835e-02 6.530309e-02 8.964542e-03 7.964918e-02 8.033938e-03 1.164288e-01 3.685723e-03 1.217471e-01 9.144929e-03
0.001825 T17-2557 0.000000e+00 9.900000e+01 1.106665e-02 5.533324e-03 0.000000e+00 9.900000e+01 2.546729e-02 1.030786e-02 3.789832e-02 7.867643e-03 6.045589e-02 3.623106e-03 1.027703e-01 9.458263e-03
0.001825 T17-2596 2.039017e-02 9.290643e-03 1.737343e-02 8.686713e-03 3.482499e-02 1.148127e-02 6.337845e-02 9.674982e-03 8.848030e-02 7.167175e-03 1.239830e-01 7.042749e-03 1.360269e-01 1.968428e-02
0.001825 T17-2602 3.454700e-02 9.145662e-03 2.598804e-02 1.299402e-02 4.885384e-02 1.197589e-02 5.370810e-02 9.570417e-03 1.103265e-01 7.838454e-03 1.503764e-01 3.944374e-03 1.983930e-01 9.664220e-03
0.001825 T17-2614 1.118827e-02 5.594137e-03 1.796089e-02 8.980444e-03 8.425252e-03 4.212626e-03 0.000000e+00 9.900000e+01 1.796395e-02 7.183742e-03 4.096496e-02 3.815110e-03 4.835282e-02 8.795166e-03
0.001825 T17-2687 2.481011e-02 8.776493e-03 2.666799e-02 1.333400e-02 1.855732e-02 9.278661e-03 2.261287e-02 9.981262e-03 3.542453e-02 7.551758e-03 6.817917e-02 3.778327e-03 8.737550e-02 1.018940e-02
0.001825 T17-2636 1.973975e-02 9.326684e-03 1.239667e-02 6.198333e-03 3.030819e-02 1.246416e-02 9.454948e-03 4.727474e-03 6.056770e-02 8.218098e-03 8.865919e-02 3.996432e-03 1.345485e-01 1.117114e-02
0.001825 T17-2736 0.000000e+00 9.900000e+01 1.222976e-02 6.114878e-03 3.873882e-03 1.936941e-03 1.549861e-02 7.749306e-03 5.697550e-03 2.848775e-03 2.556534e-02 3.551051e-03 5.200720e-02 8.546469e-03
0.001825 T17-2732 5.686508e-03 2.843254e-03 6.762236e-03 3.381118e-03 4.019350e-03 2.009675e-03 1.468208e-02 7.341042e-03 3.524956e-02 1.027340e-02 6.020464e-02 5.764647e-03 7.023616e-02 1.196932e-02
0.001825 T17-2743 2.995500e-02 8.612084e-03 1.693033e-02 8.465163e-03 6.300274e-02 1.105136e-02 5.129871e-02 1.107343e-02 9.033424e-02 9.133214e-03 1.392552e-01 4.355719e-03 1.568958e-01 1.048008e-02
0.001825 T17-2644 5.320891e-03 2.660446e-03 0.000000e+00 9.900000e+01 2.850603e-03 1.425302e-03 2.449600e-02 1.020143e-02 4.371502e-02 7.340165e-03 6.685489e-02 4.004550e-03 1.011251e-01 9.132669e-03
0.001825 T17-2686 9.333168e-03 4.666584e-03 7.078221e-03 3.539111e-03 1.207849e-02 6.039244e-03 1.177161e-02 5.885803e-03 2.629109e-02 9.248421e-03 4.842281e-02 3.305439e-03 6.395660e-02 9.078639e-03
0.001825 T17-2649 9.785189e-03 4.892594e-03 2.072848e-04 1.036424e-04 1.991237e-03 9.956185e-04 6.142263e-03 3.071131e-03 6.157823e-03 3.078911e-03 2.552075e-02 3.717528e-03 2.770165e-02 8.940895e-03
0.001825 T17-2674 1.121900e-02 5.609499e-03 0.000000e+00 9.900000e+01 1.295418e-02 6.477088e-03 1.540768e-02 7.703842e-03 2.470495e-02 7.190776e-03 4.047025e-02 3.717940e-03 5.017280e-02 8.887308e-03
0.001825 T17-2647 8.009957e-03 4.004979e-03 1.255317e-02 6.276587e-03 7.078727e-03 3.539364e-03 6.767944e-03 3.383972e-03 3.174237e-02 9.110392e-03 3.823783e-02 3.620565e-03 4.219922e-02 9.543136e-03
0.001825 T17-2697 1.544024e-03 7.720120e-04 7.305372e-03 3.652686e-03 0.000000e+00 9.900000e+01 2.264229e-02 1.064976e-02 2.015801e-02 7.823669e-03 2.771906e-02 3.610028e-03 2.161853e-02 9.760275e-03
0.001825 T17-2692 1.891209e-02 8.703253e-03 2.495156e-02 1.247578e-02 3.366252e-02 1.239951e-02 3.143131e-02 1.017288e-02 5.967269e-02 7.811728e-03 9.310702e-02 3.637134e-03 1.178762e-01 1.067333e-02
0.001825 T17-2726 2.561160e-02 7.689344e-03 4.795200e-02 1.451990e-02 3.472984e-02 1.040262e-02 3.604815e-02 9.683736e-03 8.709953e-02 7.811638e-03 1.468163e-01 3.910811e-03 1.910693e-01 1.028563e-02
0.001825 T17-2733 2.021119e-02 8.966248e-03 0.000000e+00 9.900000e+01 1.221643e-02 6.108213e-03 7.190793e-03 3.595397e-03 2.295519e-02 7.896665e-03 2.482811e-02 3.882082e-03 3.748851e-02 9.264380e-03
0.001825 T17-2573 6.332294e-04 3.166147e-04 1.340583e-02 6.702913e-03 8.651846e-03 4.325923e-03 1.075885e-02 5.379424e-03 3.070067e-02 8.056115e-03 1.691830e-02 3.997663e-03 3.431353e-02 1.111402e-02
0.001825 T17-2567 0.000000e+00 9.900000e+01 1.132089e-02 5.660444e-03 1.840616e-02 9.203079e-03 7.849601e-03 3.924801e-03 1.737741e-02 8.302461e-03 2.437508e-02 3.600069e-03 4.344143e-02 9.418746e-03
0.001825 T17-2448 1.217608e-02 6.088039e-03 3.491054e-03 1.745527e-03 2.196435e-02 1.098217e-02 2.127619e-03 1.063810e-03 1.996939e-02 7.722322e-03 3.272352e-02 4.045309e-03 4.439245e-02 9.322970e-03
0.001825 T17-2533 2.500197e-02 8.040756e-03 1.160412e-02 5.802059e-03 4.395967e-02 1.086925e-02 3.677705e-02 1.041389e-02 5.670055e-02 8.372870e-03 7.850869e-02 3.449216e-03 1.139653e-01 9.287401e-03
0.001825 T17-2713 2.547321e-03 1.273661e-03 1.027651e-02 5.138253e-03 8.837907e-03 4.418954e-03 9.657693e-04 4.828846e-04 2.750802e-02 7.413409e-03 1.295320e-02 3.883524e-03 2.203175e-02 9.690655e-03
0.001825 T17-2731 4.723763e-02 9.562106e-03 3.223643e-02 1.611821e-02 6.901695e-02 1.405466e-02 8.331706e-02 1.198653e-02 9.467304e-02 9.326548e-03 1.326250e-01 4.998589e-03 1.253172e-01 1.117482e-02
0.001825 T17-2734 0.000000e+00 9.900000e+01 8.756842e-03 4.378421e-03 2.803261e-03 1.401631e-03 2.696348e-02 9.782087e-03 1.847795e-02 7.650317e-03 3.295558e-02 3.513297e-03 4.532424e-02 1.033783e-02
0.001825 T17-2672 1.097217e-02 5.486086e-03 2.013430e-02 1.006715e-02 0.000000e+00 9.900000e+01 2.100478e-02 9.679212e-03 2.464381e-02 8.057461e-03 4.049858e-02 3.950392e-03 5.070497e-02 9.407399e-03
0.001825 T17-2693 0.000000e+00 9.900000e+01 1.006139e-02 5.030693e-03 3.966333e-03 1.983166e-03 8.266342e-03 4.133171e-03 8.298210e-03 4.149105e-03 2.583795e-02 3.901122e-03 4.017259e-02 9.608917e-03
0.001825 T17-2712 7.804319e-03 3.902159e-03 7.332514e-03 3.666257e-03 1.433761e-02 7.168804e-03 1.283726e-02 6.418631e-03 6.061644e-03 3.030822e-03 2.406524e-02 3.815608e-03 2.653682e-02 9.467849e-03
0.001825 T17-2679 4.674437e-04 2.337218e-04 1.959840e-02 9.799201e-03 1.752938e-02 8.764692e-03 1.571832e-02 7.859162e-03 2.597925e-02 7.588040e-03 4.024612e-02 3.801110e-03 6.229334e-02 9.154733e-03
0.001825 T17-2690 1.436443e-03 7.182215e-04 1.341020e-02 6.705098e-03 2.680030e-02 1.161490e-02 2.378126e-02 1.139416e-02 1.290200e-02 6.451002e-03 2.931042e-02 3.548448e-03 5.445736e-02 9.446771e-03
0.001825 T17-2684 1.581452e-02 7.907262e-03 1.155138e-02 5.775690e-03 1.610561e-02 8.052806e-03 1.631244e-02 8.156220e-03 5.258721e-02 7.806574e-03 8.556692e-02 3.689470e-03 1.040026e-01 9.677859e-03
0.001825 T17-2856 6.650223e-02 9.250396e-03 7.252397e-02 1.307440e-02 6.556084e-02 1.164225e-02 7.647651e-02 9.612877e-03 1.363189e-01 7.896767e-03 1.889967e-01 3.291229e-03 2.178031e-01 9.574146e-03
0.001825 T17-2860 1.069765e-02 5.348826e-03 1.327859e-02 6.639295e-03 4.415906e-03 2.207953e-03 1.019311e-02 5.096556e-03 8.627491e-03 4.313746e-03 1.812722e-02 3.686968e-03 1.527529e-02 7.637647e-03
0.001825 T17-2741 3.609871e-02 8.002773e-03 1.587518e-02 7.937589e-03 2.325667e-02 1.162834e-02 4.657484e-02 9.335554e-03 6.795017e-02 8.193657e-03 1.040417e-01 3.510056e-03 1.213256e-01 8.394947e-03
0.001825 T17-2847 0.000000e+00 9.900000e+01 0.000000e+00 9.900000e+01 1.415951e-02 7.079757e-03 1.882800e-02 9.413998e-03 2.951811e-02 7.844658e-03 3.022711e-02 3.770219e-03 5.849578e-02 8.899896e-03
0.001825 T17-2932 0.000000e+00 9.900000e+01 3.427656e-02 1.603010e-02 1.849763e-02 9.248817e-03 3.394344e-02 1.075417e-02 2.581301e-02 8.899756e-03 4.143370e-02 4.624921e-03 3.401129e-02 1.003926e-02
0.001825 T17-2859 1.696683e-02 8.483417e-03 2.348679e-02 1.174340e-02 5.564174e-03 2.782087e-03 9.914689e-03 4.957344e-03 2.874582e-02 8.788097e-03 5.278824e-02 3.610165e-03 8.623705e-02 9.276832e-03
0.001825 T17-2753 4.962724e-02 8.410394e-03 4.895142e-02 1.424368e-02 6.576603e-02 1.173066e-02 8.594033e-02 9.788812e-03 1.207653e-01 7.012043e-03 1.824476e-01 4.215542e-03 2.055947e-01 1.041642e-02
0.001825 T17-2818 1.978964e-02 9.400178e-03 2.910610e-02 1.455305e-02 2.353569e-02 1.148732e-02 2.688904e-02 1.042634e-02 4.971772e-02 1.102116e-02 1.094229e-01 8.485436e-03 9.125437e-02 1.221380e-02
0.001825 T17-2813 2.349521e-03 1.174760e-03 1.395273e-02 6.976367e-03 1.708249e-02 8.541247e-03 1.162042e-02 5.810208e-03 1.150848e-02 5.754239e-03 3.264775e-02 3.942140e-03 5.321638e-02 9.191444e-03
0.001825 T17-2745 6.110304e-03 3.055152e-03 2.676453e-02 1.338227e-02 6.271803e-03 3.135901e-03 1.428857e-02 7.144287e-03 1.458496e-02 7.292478e-03 3.373846e-02 3.539530e-03 4.554301e-02 9.449401e-03
0.001825 T17-2702 0.000000e+00 9.900000e+01 5.919472e-03 2.959736e-03 2.233905e-02 1.116953e-02 1.119238e-02 5.596190e-03 2.874105e-02 8.500477e-03 2.530294e-02 3.820771e-03 2.822412e-02 9.577496e-03
0.001825 T17-2749 2.214553e-03 1.107277e-03 2.076586e-02 1.038293e-02 1.304774e-02 6.523872e-03 2.276097e-02 1.046579e-02 1.845163e-02 8.387519e-03 3.874136e-02 3.790814e-03 5.575040e-02 9.517963e-03
0.001825 T17-2447 8.956471e-03 4.478236e-03 1.256275e-02 6.281376e-03 4.402933e-02 1.117023e-02 3.072685e-02 9.599779e-03 7.951542e-02 7.749495e-03 1.128841e-01 4.375197e-03 1.598258e-01 8.888266e-03
0.001825 T17-2438 7.247574e-03 3.623787e-03 1.058089e-02 5.290447e-03 1.114485e-02 5.572427e-03 0.000000e+00 9.900000e+01 2.440885e-02 8.938703e-03 3.496391e-02 3.575201e-03 2.847732e-02 9.113471e-03
0.001825 T17-2510 7.988544e-03 3.994272e-03 3.375469e-02 1.687734e-02 1.041295e-02 5.206475e-03 3.720518e-02 1.156677e-02 3.696376e-02 8.137394e-03 3.688179e-02 3.780075e-03 4.843106e-02 9.060137e-03
0.001825 T17-2546 1.439792e-03 7.198959e-04 5.990504e-03 2.995252e-03 2.621927e-02 1.263857e-02 1.934693e-02 9.673466e-03 2.924984e-02 8.279177e-03 3.187137e-02 3.648307e-03 4.339034e-02 9.524152e-03
0.001825 T17-2478 1.318640e-02 6.593199e-03 2.146327e-02 1.073163e-02 1.050109e-02 5.250547e-03 8.576369e-03 4.288184e-03 2.558638e-02 8.736087e-03 2.192972e-02 4.534582e-03 3.216525e-02 9.321051e-03
0.001825 T17-2516 1.815971e-03 9.079854e-04 1.003230e-02 5.016152e-03 1.038213e-02 5.191064e-03 2.363297e-02 1.181649e-02 1.600165e-02 7.318841e-03 4.489495e-02 3.751419e-03 5.859697e-02 8.771390e-03
0.001825 T17-2594 1.205493e-02 6.027463e-03 7.521271e-03 3.760636e-03 2.906945e-02 1.191853e-02 2.816647e-02 1.025517e-02 3.027677e-02 7.640450e-03 3.123075e-02 3.603500e-03 4.766493e-02 1.009943e-02
0.001825 T17-2591 0.000000e+00 9.900000e+01 0.000000e+00 9.900000e+01 2.525989e-02 1.103456e-02 1.331709e-02 6.658547e-03 3.471203e-02 7.652233e-03 4.395729e-02 3.605177e-03 5.345295e-02 1.161796e-02
0.001825 T17-2585 3.851593e-02 9.972400e-03 2.242936e-02 1.121468e-02 7.796080e-02 1.188649e-02 6.330629e-02 1.069038e-02 1.116808e-01 7.753449e-03 2.140103e-01 3.721456e-03 2.593235e-01 1.045194e-02
0.001825 T17-2607 1.152730e-02 5.763649e-03 1.497368e-02 7.486839e-03 1.313340e-02 6.566698e-03 1.531463e-02 7.657314e-03 8.631607e-03 4.315803e-03 2.906361e-02 3.568412e-03 2.806052e-02 9.814719e-03
0.001825 T17-2576 0.000000e+00 9.900000e+01 1.222941e-02 6.114705e-03 4.863200e-03 2.431600e-03 8.702892e-03 4.351446e-03 1.259361e-02 6.296807e-03 2.066850e-02 3.739970e-03 3.510375e-02 1.113293e-02
0.001825 T17-2550 4.393193e-02 1.017354e-02 6.401160e-02 1.482625e-02 9.218919e-02 1.289089e-02 7.898531e-02 1.243740e-02 1.464285e-01 8.419344e-03 2.050103e-01 3.542606e-03 2.549828e-01 1.033684e-02
0.001825 T17-2440 1.760410e-02 8.375231e-03 1.696923e-02 8.484616e-03 3.942773e-02 1.175652e-02 2.837317e-02 1.066483e-02 5.979721e-02 8.756197e-03 8.101102e-02 3.946282e-03 1.044623e-01 9.043024e-03
0.001825 T17-2434 2.716308e-02 9.145033e-03 1.359430e-02 6.797152e-03 0.000000e+00 9.900000e+01 6.564412e-03 3.282206e-03 2.305353e-03 1.152676e-03 2.297286e-02 4.249271e-03 1.003186e-02 5.015931e-03
0.001825 T17-2451 1.421424e-02 7.107122e-03 2.215564e-02 1.107782e-02 2.118268e-03 1.059134e-03 1.804618e-02 9.023091e-03 2.085503e-02 8.536473e-03 3.497815e-02 3.616710e-03 3.360224e-02 8.934693e-03
0.001825 T17-2519 2.180185e-02 8.287286e-03 5.037214e-02 1.462946e-02 3.875268e-02 1.216844e-02 7.095702e-02 1.071776e-02 1.497937e-01 8.093174e-03 2.415101e-01 3.661182e-03 3.351880e-01 1.021667e-02
0.001825 T17-2520 9.282127e-02 9.781815e-03 8.664439e-02 1.552614e-02 1.460242e-01 1.274457e-02 1.495485e-01 9.273378e-03 2.339870e-01 8.426727e-03 3.081299e-01 5.460296e-03 3.288517e-01 1.103185e-02
0.001825 T17-2230 2.008046e-02 9.248681e-03 1.917908e-02 9.589538e-03 9.975669e-03 4.987834e-03 3.843902e-02 1.208548e-02 7.892895e-02 8.014169e-03 1.219460e-01 4.090530e-03 1.865033e-01 1.076266e-02
0.001825 T17-2273 2.008753e-02 9.433125e-03 2.564924e-02 1.282462e-02 1.438411e-02 7.192057e-03 3.491579e-02 9.526240e-03 3.299392e-02 7.477818e-03 5.789807e-02 3.783491e-03 5.447888e-02 9.589703e-03
0.001825 T17-2309 1.219213e-02 6.096064e-03 1.973682e-02 9.868408e-03 1.326951e-02 6.634753e-03 1.277067e-02 6.385334e-03 2.066756e-02 8.136983e-03 3.862327e-02 3.853457e-03 5.530588e-02 9.513699e-03
0.001825 T17-2272 1.381648e-02 6.908242e-03 3.343639e-02 1.670138e-02 3.087296e-02 1.188240e-02 2.762103e-02 1.144237e-02 3.238323e-02 8.390813e-03 5.665431e-02 3.995190e-03 7.496650e-02 9.865684e-03
0.001825 T17-3019 6.086474e-02 1.158665e-02 6.661925e-02 1.809500e-02 9.390590e-02 1.472946e-02 1.144544e-01 1.106164e-02 1.780249e-01 9.105219e-03 2.641574e-01 5.401458e-03 3.159476e-01 1.142714e-02
0.001825 T17-2999 1.274915e-02 6.374574e-03 2.269359e-02 1.134680e-02 4.699757e-02 1.500963e-02 4.429534e-02 1.142153e-02 5.408475e-02 8.472252e-03 1.624101e-01 4.008587e-03 2.648069e-01 1.008925e-02
0.001825 T17-1425 1.315016e-02 6.124936e-03 1.275749e-03 6.378743e-04 1.559074e-02 7.795370e-03 2.186226e-02 8.391547e-03 2.257639e-02 6.634996e-03 5.206706e-02 3.410648e-03 6.766897e-02 7.893375e-03
0.001825 T17-1354 2.848648e-02 6.367084e-03 2.986100e-02 1.195010e-02 5.859487e-02 9.558752e-03 5.944059e-02 8.342592e-03 8.065464e-02 7.648647e-03 1.002949e-01 3.276639e-03 1.043379e-01 7.791146e-03
0.001825 T17-1254 1.189768e-03 5.948838e-04 0.000000e+00 9.900000e+01 1.110860e-02 5.554302e-03 0.000000e+00 9.900000e+01 1.369166e-02 6.845829e-03 2.330609e-02 3.154408e-03 4.122129e-02 8.850696e-03
0.001825 T17-1032 7.960101e-03 3.980050e-03 1.034527e-03 5.172633e-04 0.000000e+00 9.900000e+01 1.217871e-02 6.089354e-03 6.786269e-03 3.393134e-03 1.900466e-02 3.489224e-03 2.036429e-02 8.597756e-03
0.001825 T17-1083 3.371171e-02 6.506980e-03 4.727231e-02 1.242814e-02 6.145787e-02 9.989695e-03 4.743291e-02 9.463090e-03 6.942263e-02 6.817249e-03 9.845989e-02 3.926900e-03 1.192506e-01 8.523784e-03
0.001825 T17-0981 1.693553e-02 6.864850e-03 2.776181e-02 1.151722e-02 3.971925e-02 1.040586e-02 5.635696e-02 9.037941e-03 8.473971e-02 6.902737e-03 1.841028e-01 3.565948e-03 2.733731e-01 8.444600e-03
0.001825 T17-0995 5.137263e-03 2.568631e-03 2.042844e-02 1.021422e-02 2.086047e-02 1.006791e-02 2.025021e-02 8.572025e-03 9.865089e-03 4.932544e-03 3.675322e-02 3.175866e-03 5.779072e-02 9.275269e-03
0.001825 T17-1026 0.000000e+00 9.900000e+01 2.166855e-02 1.083428e-02 1.012323e-02 5.061614e-03 1.309977e-02 6.549883e-03 2.998204e-02 7.026088e-03 4.664865e-02 3.277889e-03 4.587867e-02 8.001420e-03
0.001825 T17-1152 6.163967e-03 3.081984e-03 1.538492e-02 7.692462e-03 7.331621e-03 3.665810e-03 2.567897e-02 9.118443e-03 4.523760e-02 7.398229e-03 8.084943e-02 3.349037e-03 1.109437e-01 7.731612e-03
0.001825 T17-0901 2.836249e-03 1.418124e-03 9.939820e-03 4.969910e-03 1.743297e-03 8.716485e-04 0.000000e+00 9.900000e+01 4.522390e-03 2.261195e-03 2.036823e-02 3.846362e-03 3.208466e-02 8.389214e-03
0.001825 T17-0876 7.522422e-02 7.434449e-03 7.220527e-02 1.033658e-02 1.173386e-01 1.103848e-02 1.204112e-01 9.453836e-03 2.027580e-01 7.482725e-03 2.667638e-01 3.519414e-03 3.844159e-01 8.630761e-03
0.001825 T17-0939 1.191421e-02 5.957107e-03 1.704283e-02 8.521414e-03 1.478440e-02 7.392198e-03 3.477102e-02 9.550474e-03 2.622101e-02 7.874088e-03 3.142860e-02 3.710645e-03 5.084126e-02 8.342357e-03
0.001825 T17-1885 5.461628e-02 7.068264e-03 5.255052e-02 1.159642e-02 1.084415e-01 9.824605e-03 9.415259e-02 8.749326e-03 1.716464e-01 7.459131e-03 2.496112e-01 3.664341e-03 2.933168e-01 7.912398e-03
0.001825 T17-1812 0.000000e+00 9.900000e+01 0.000000e+00 9.900000e+01 9.428141e-03 4.714070e-03 1.477378e-02 7.386892e-03 2.904689e-02 7.735835e-03 3.381414e-02 3.559388e-03 3.878436e-02 8.631474e-03
0.001825 T17-1853 2.866152e-02 6.479977e-03 3.299711e-02 1.109544e-02 4.506744e-02 9.997862e-03 3.820372e-02 9.090561e-03 7.854090e-02 7.642633e-03 1.157642e-01 3.481542e-03 1.560137e-01 8.708899e-03
0.001825 T17-1478 0.000000e+00 9.900000e+01 5.152008e-03 2.576004e-03 1.680342e-02 8.401710e-03 8.647140e-03 4.323570e-03 1.072828e-02 5.364139e-03 1.942645e-02 3.627744e-03 3.139441e-02 9.734890e-03
0.001825 T17-1592 2.432769e-02 6.391260e-03 1.657346e-02 8.286728e-03 1.754313e-02 8.771565e-03 3.599507e-02 8.613124e-03 5.580138e-02 6.905778e-03 8.565595e-02 3.384942e-03 1.002693e-01 9.333035e-03
0.001825 T17-1776 2.275778e-03 1.137889e-03 1.752561e-02 8.762807e-03 1.338204e-02 6.691019e-03 2.585944e-02 9.589658e-03 3.113928e-02 7.347251e-03 4.044895e-02 3.225170e-03 5.511067e-02 9.236525e-03
0.001825 T17-1862 1.388051e-02 6.940255e-03 0.000000e+00 9.900000e+01 1.591871e-02 7.959355e-03 5.461164e-03 2.730582e-03 2.693859e-02 7.000081e-03 2.311755e-02 3.575789e-03 4.937835e-02 8.461838e-03
0.001825 T17-1778 4.148032e-03 2.074016e-03 0.000000e+00 9.900000e+01 1.063444e-02 5.317222e-03 0.000000e+00 9.900000e+01 6.657823e-03 3.328912e-03 2.323877e-02 3.671321e-03 2.647241e-02 8.390902e-03
0.001825 T17-0496 3.884750e-02 8.711647e-03 1.874898e-02 9.374490e-03 4.966901e-02 1.124409e-02 7.838100e-02 9.492003e-03 1.313877e-01 1.000868e-02 2.256362e-01 3.668518e-03 2.797314e-01 1.023851e-02
0.001825 T17-0404 1.725949e-02 8.209069e-03 2.278633e-02 1.139317e-02 2.112947e-02 9.860231e-03 3.492960e-02 9.518778e-03 3.186956e-02 1.095072e-02 5.655876e-02 3.459889e-03 7.539429e-02 9.505859e-03
0.001825 T17-0410 2.454039e-02 8.961160e-03 1.601447e-02 8.007234e-03 6.352389e-03 3.176195e-03 2.707840e-02 1.019317e-02 3.900704e-02 9.380786e-03 8.985050e-02 3.960131e-03 1.199496e-01 1.165228e-02
0.001825 T17-0492 1.351680e-02 6.758398e-03 0.000000e+00 9.900000e+01 1.322979e-02 6.614894e-03 2.486058e-02 9.933849e-03 2.437277e-02 9.540462e-03 7.139599e-02 3.767515e-03 9.000013e-02 1.003084e-02
0.001825 T17-0476 2.483491e-02 1.012435e-02 2.296617e-02 1.148308e-02 2.167565e-02 1.083782e-02 8.265001e-03 4.132501e-03 3.374175e-02 9.072781e-03 4.396695e-02 3.588504e-03 8.437923e-02 9.861241e-03
0.001825 T17-0475 0.000000e+00 9.900000e+01 1.262939e-02 6.314694e-03 5.085703e-03 2.542851e-03 1.626828e-02 8.134140e-03 2.529629e-02 8.736524e-03 3.769753e-02 3.985019e-03 7.302299e-02 1.062383e-02
0.001825 T17-0516 6.686190e-02 1.105664e-02 7.974028e-02 2.365215e-02 1.432771e-01 1.245921e-02 1.387463e-01 1.089855e-02 2.379343e-01 9.976118e-03 2.997023e-01 4.171025e-03 3.384965e-01 1.095549e-02
0.001825 T17-0484 0.000000e+00 9.900000e+01 9.168615e-04 4.584308e-04 2.094640e-02 1.047320e-02 2.305630e-02 1.118062e-02 3.367589e-02 8.892600e-03 4.704388e-02 4.797734e-03 3.865535e-02 1.288280e-02
0.001825 T17-0214 3.951752e-02 9.488675e-03 4.328835e-02 1.584229e-02 6.605609e-02 1.043537e-02 5.872260e-02 1.129964e-02 1.071375e-01 1.071985e-02 2.030939e-01 4.971832e-03 2.353248e-01 1.341051e-02
0.001825 T17-0230 3.032753e-02 8.976735e-03 0.000000e+00 9.900000e+01 6.061509e-02 1.079905e-02 5.068332e-02 9.645997e-03 1.191485e-01 9.467346e-03 2.203681e-01 3.699464e-03 2.618222e-01 1.110447e-02
0.001825 T17-0277 1.029080e-02 5.145398e-03 1.372148e-02 6.860742e-03 0.000000e+00 9.900000e+01 1.365010e-02 6.825050e-03 3.413042e-02 9.312683e-03 6.836016e-02 4.089306e-03 7.817969e-02 1.035522e-02
0.001825 T17-0283 3.854381e-02 8.092677e-03 5.365033e-02 1.473093e-02 6.422937e-02 9.645326e-03 6.366847e-02 9.412231e-03 1.271724e-01 9.319656e-03 2.129813e-01 3.536364e-03 2.425226e-01 1.056994e-02
0.001825 T17-0332 2.117645e-02 9.085796e-03 0.000000e+00 9.900000e+01 3.183884e-02 1.176949e-02 2.604643e-02 1.134630e-02 4.779305e-02 1.164875e-02 4.509780e-02 3.757749e-03 5.792585e-02 1.141475e-02
0.001825 T17-0268 6.720993e-02 8.532424e-03 9.760321e-02 1.632853e-02 1.307137e-01 1.172598e-02 1.570283e-01 9.310964e-03 2.446263e-01 1.173113e-02 3.832441e-01 5.577662e-03 4.365792e-01 1.015100e-02
0.001825 T17-0326 3.999023e-02 8.322974e-03 2.761896e-02 1.380948e-02 7.490350e-02 1.075882e-02 5.802839e-02 9.996485e-03 8.630959e-02 9.326518e-03 1.351733e-01 3.828604e-03 1.673989e-01 9.871625e-03
0.001825 T17-0320 6.147616e-03 3.073808e-03 0.000000e+00 9.900000e+01 9.000430e-03 4.500215e-03 3.530870e-03 1.765435e-03 2.835218e-02 9.457918e-03 2.693028e-02 3.936847e-03 5.178518e-02 1.058642e-02
0.001825 T17-0204 1.010592e-02 5.052960e-03 1.061916e-02 5.309582e-03 1.508678e-02 7.543389e-03 2.344734e-02 1.070174e-02 2.980765e-02 8.526813e-03 2.995707e-02 3.579464e-03 4.024130e-02 1.041934e-02
0.001825 T17-0202 1.782919e-02 8.914596e-03 4.232143e-02 1.702209e-02 5.695035e-02 9.929247e-03 7.807135e-02 9.977206e-03 7.912952e-02 1.086076e-02 1.522602e-01 4.025333e-03 1.760978e-01 1.144145e-02
0.001825 T17-0224 2.981582e-02 8.493802e-03 2.124049e-02 1.062024e-02 5.262996e-01 3.323828e-02 1.814970e-02 9.074848e-03 4.114847e-02 9.350030e-03 5.657219e-02 3.550134e-03 7.666507e-02 9.777988e-03
0.001825 T17-0197 6.335276e-04 3.167638e-04 8.093161e-03 4.046580e-03 1.068300e-02 5.341500e-03 5.387361e-03 2.693680e-03 0.000000e+00 9.900000e+01 1.988174e-02 4.644628e-03 2.022478e-02 1.011239e-02
0.001825 T17-0219 1.466207e-02 7.331035e-03 2.391810e-03 1.195905e-03 2.156229e-02 1.078115e-02 1.232263e-02 6.161313e-03 2.050250e-02 9.230814e-03 2.738252e-02 3.616629e-03 1.826056e-02 9.130280e-03
0.001825 T17-0272 5.246930e-02 9.729720e-03 7.635168e-02 1.623735e-02 1.161521e-01 1.090062e-02 1.089866e-01 1.078203e-02 2.055744e-01 9.070889e-03 2.521232e-01 4.261438e-03 2.812278e-01 1.036155e-02
0.001825 T17-0317 1.489547e-02 7.447737e-03 0.000000e+00 9.900000e+01 1.752553e-02 8.762766e-03 2.317584e-02 1.129906e-02 3.980618e-02 9.281928e-03 4.293804e-02 3.628003e-03 5.723478e-02 1.065384e-02
0.001825 T17-0270 4.783002e-03 2.391501e-03 3.666403e-03 1.833202e-03 3.938594e-03 1.969297e-03 8.559875e-03 4.279938e-03 2.175858e-02 1.066801e-02 2.832515e-02 3.918295e-03 4.372062e-02 1.011582e-02
0.001825 T17-0238 2.228522e-02 8.358505e-03 0.000000e+00 9.900000e+01 2.361808e-02 1.037993e-02 2.679863e-02 9.912219e-03 3.431635e-03 1.715817e-03 2.790911e-02 3.898973e-03 4.855271e-02 1.056294e-02
0.001825 T17-0256 9.932640e-03 4.966320e-03 0.000000e+00 9.900000e+01 6.839410e-03 3.419705e-03 1.872222e-02 9.361112e-03 1.772594e-03 8.862969e-04 2.820301e-02 3.922846e-03 6.887495e-02 9.478268e-03
0.001825 T17-0113 2.090156e-02 7.994385e-03 0.000000e+00 9.900000e+01 3.049021e-02 9.633166e-03 1.948877e-02 9.744383e-03 3.096940e-02 9.477451e-03 4.154924e-02 4.113431e-03 4.115459e-02 1.061967e-02
0.001825 T17-0115 1.963026e-02 8.821137e-03 5.439305e-03 2.719652e-03 2.932304e-03 1.466152e-03 1.090116e-02 5.450581e-03 2.433051e-02 8.594106e-03 2.710989e-02 3.716948e-03 3.883808e-02 1.029418e-02
0.001825 T17-0225 4.396086e-02 8.495567e-03 2.245924e-02 1.122962e-02 5.353879e-02 1.085926e-02 7.657107e-02 9.505464e-03 1.276582e-01 9.346911e-03 1.869079e-01 3.979307e-03 2.047931e-01 1.180555e-02
0.001825 T17-0217 1.453904e-02 7.269520e-03 0.000000e+00 9.900000e+01 8.439270e-03 4.219635e-03 1.279040e-02 6.395201e-03 2.198607e-02 8.744635e-03 3.116719e-02 3.709352e-03 3.126449e-02 9.687872e-03
0.001825 T17-0151 8.323728e-03 4.161864e-03 1.260904e-02 6.304518e-03 8.489743e-03 4.244872e-03 1.634686e-02 8.173428e-03 2.472439e-02 8.734644e-03 6.174375e-02 4.006141e-03 8.118526e-02 1.264300e-02
0.001825 T17-0148 2.142493e-03 1.071247e-03 1.760437e-03 8.802186e-04 9.584114e-03 4.792057e-03 1.217241e-02 6.086207e-03 1.643664e-02 8.218320e-03 2.225014e-02 3.587776e-03 2.480217e-02 9.265980e-03
0.001825 T17-0141 2.650538e-02 9.332142e-03 1.842426e-02 9.212129e-03 3.428188e-02 1.110232e-02 1.513666e-02 7.568328e-03 1.800848e-02 9.004239e-03 3.139276e-02 3.778083e-03 4.839019e-02 9.633151e-03
0.001825 T17-0168 3.463983e-02 1.053290e-02 4.002467e-02 1.733290e-02 3.604471e-02 1.148337e-02 4.117039e-02 9.386568e-03 5.906997e-02 8.769358e-03 9.371460e-02 3.770879e-03 1.221455e-01 1.052747e-02
0.001825 T17-0173 3.073262e-02 9.088238e-03 2.348362e-02 1.174181e-02 2.995173e-02 1.097582e-02 3.976288e-02 1.064317e-02 6.012851e-02 1.053372e-02 1.020005e-01 3.560392e-03 1.286877e-01 1.005445e-02
0.001825 T17-0190 2.702728e-04 1.351364e-04 6.895722e-03 3.447861e-03 1.262317e-02 6.311587e-03 5.088847e-04 2.544424e-04 9.681462e-03 4.840731e-03 3.033911e-02 4.165049e-03 4.002495e-02 9.588764e-03
0.001825 T17-0215 7.534507e-04 3.767254e-04 1.974513e-02 9.872566e-03 1.610948e-03 8.054742e-04 0.000000e+00 9.900000e+01 3.040216e-03 1.520108e-03 2.314674e-02 3.714215e-03 4.298256e-02 1.062438e-02
0.001825 T17-0206 4.084284e-03 2.042142e-03 1.270738e-02 6.353691e-03 0.000000e+00 9.900000e+01 2.300849e-02 9.870659e-03 1.782777e-02 8.913887e-03 3.670386e-02 4.090828e-03 4.424155e-02 9.602658e-03
0.001825 T17-0246 2.095667e-02 1.004518e-02 1.042115e-02 5.210577e-03 1.362463e-02 6.812314e-03 2.762845e-02 1.130737e-02 2.478011e-02 9.338266e-03 3.465249e-02 3.664185e-03 4.273604e-02 9.599463e-03
0.001825 T17-0252 2.326074e-02 8.811116e-03 1.622319e-02 8.111594e-03 2.966777e-02 1.093592e-02 3.479156e-02 1.018119e-02 6.317507e-02 9.536227e-03 9.306038e-02 3.879701e-03 1.172245e-01 1.789413e-02
0.001825 T17-0248 3.353973e-02 8.263991e-03 3.032909e-03 1.516455e-03 5.000983e-02 1.092629e-02 4.032516e-02 9.701074e-03 8.161674e-02 9.869503e-03 1.120750e-01 4.205058e-03 7.934505e-02 1.854907e-02
0.001825 T17-0361 9.181400e-03 4.590700e-03 1.482055e-02 7.410276e-03 1.969582e-02 9.847912e-03 1.115541e-02 5.577706e-03 2.886733e-02 1.013163e-02 6.066703e-02 4.587580e-03 1.082929e-01 1.171010e-02
0.001825 T17-0369 1.007314e-02 5.036568e-03 3.118791e-02 1.559395e-02 1.071870e-02 5.359349e-03 8.396759e-03 4.198379e-03 4.165731e-02 9.569241e-03 7.009327e-02 3.938126e-03 1.069267e-01 1.080784e-02
0.001825 T17-0350 1.148533e-02 5.742663e-03 1.167997e-02 5.839986e-03 2.196587e-02 1.098294e-02 4.566462e-03 2.283231e-03 2.528416e-02 1.052270e-02 4.975704e-02 3.790903e-03 7.393038e-02 1.040512e-02
0.001825 T17-0364 0.000000e+00 9.900000e+01 1.894568e-02 9.472840e-03 3.727992e-04 1.863996e-04 0.000000e+00 9.900000e+01 1.984972e-02 9.338564e-03 4.946139e-02 4.088469e-03 5.370274e-02 1.001415e-02
0.001825 T17-0382 3.236392e-02 9.319090e-03 4.775802e-02 1.790644e-02 4.122652e-02 1.050488e-02 4.873112e-02 1.086800e-02 6.542524e-02 9.242723e-03 7.633035e-02 3.791298e-03 7.322872e-02 1.187640e-02
0.001825 T17-0372 4.643185e-03 2.321592e-03 0.000000e+00 9.900000e+01 9.523137e-03 4.761569e-03 0.000000e+00 9.900000e+01 7.148244e-03 3.574122e-03 3.380104e-02 3.866622e-03 4.762948e-02 1.061199e-02
0.001825 T17-0360 1.329780e-02 6.648899e-03 1.935768e-02 9.678840e-03 9.288118e-03 4.644059e-03 1.753389e-02 8.766944e-03 3.968498e-03 1.984249e-03 1.006855e-02 3.526429e-03 4.099531e-02 1.122797e-02
0.001825 T17-0491 1.884010e-03 9.420052e-04 1.237972e-03 6.189862e-04 0.000000e+00 9.900000e+01 2.055840e-02 9.702352e-03 1.446474e-03 7.232369e-04 2.207131e-02 3.751835e-03 4.034968e-02 1.015152e-02
0.001825 T17-0319 3.215950e-02 1.167578e-02 3.278363e-02 1.639181e-02 7.177563e-02 1.272097e-02 7.327099e-02 1.068702e-02 1.314628e-01 9.932035e-03 1.930162e-01 4.686904e-03 2.486302e-01 1.058984e-02
0.001825 T17-0371 9.215532e-03 4.607766e-03 0.000000e+00 9.900000e+01 1.458910e-02 7.294548e-03 6.890209e-03 3.445105e-03 3.935586e-02 9.994498e-03 1.105882e-01 4.543734e-03 1.959271e-01 9.861583e-03
0.001825 T17-0041 0.000000e+00 9.900000e+01 2.181645e-02 1.090823e-02 0.000000e+00 9.900000e+01 1.589121e-02 7.945606e-03 2.620528e-02 9.822894e-03 2.380775e-02 5.735476e-03 4.627309e-02 1.026575e-02
0.001825 T17-0025 7.206377e-03 3.603189e-03 1.210127e-02 6.050637e-03 0.000000e+00 9.900000e+01 0.000000e+00 9.900000e+01 2.836660e-02 1.160044e-02 2.563270e-02 5.277062e-03 6.089722e-02 1.028870e-02
0.001825 T17-0027 1.830199e-02 9.150997e-03 1.135631e-02 5.678153e-03 8.753004e-03 4.376502e-03 2.396251e-02 1.198125e-02 1.413413e-02 7.067067e-03 2.659898e-02 5.152601e-03 4.204416e-02 1.045258e-02
0.001825 T17-0026 3.032917e-02 1.317219e-02 8.255912e-03 4.127956e-03 3.307618e-02 1.571947e-02 1.101345e-02 5.506726e-03 6.963164e-02 1.050346e-02 8.245400e-02 5.501181e-03 1.065318e-01 9.325300e-03
0.001825 T17-0033 7.717761e-03 3.858880e-03 0.000000e+00 9.900000e+01 0.000000e+00 9.900000e+01 2.425787e-02 1.212894e-02 1.914857e-02 9.574284e-03 2.768128e-02 5.178271e-03 5.323275e-02 9.993968e-03
0.001825 T17-0010 1.739264e-02 8.696322e-03 2.120431e-02 1.060215e-02 1.322318e-05 6.611591e-06 0.000000e+00 9.900000e+01 1.476529e-02 7.382643e-03 1.972438e-02 5.681321e-03 3.030448e-02 9.294920e-03
0.001825 T17-0015 0.000000e+00 9.900000e+01 1.914516e-02 9.572579e-03 5.087402e-03 2.543701e-03 5.510512e-03 2.755256e-03 8.894902e-03 4.447451e-03 2.841949e-02 4.723699e-03 5.036159e-02 9.689648e-03
0.001825 T17-0051 2.578256e-02 8.143796e-03 2.933472e-02 1.216088e-02 2.842149e-02 9.254532e-03 1.819245e-02 8.254060e-03 6.913395e-02 7.116277e-03 1.488560e-01 3.805717e-03 2.114830e-01 8.102849e-03
0.001825 T17-0006 1.626100e-02 7.956516e-03 2.813033e-02 1.124420e-02 1.005032e-02 5.025162e-03 2.176549e-02 7.759435e-03 1.006640e-01 7.471830e-03 9.498603e-02 5.147123e-03 1.774351e-01 1.263160e-02
0.001825 T17-0007 1.193141e-02 5.965707e-03 0.000000e+00 9.900000e+01 2.844514e-03 1.422257e-03 1.260071e-02 6.300354e-03 1.571160e-02 5.986094e-03 2.985310e-02 3.493825e-03 4.215737e-02 8.127113e-03
0.001825 T17-0013 1.231203e-03 6.156016e-04 4.535058e-03 2.267529e-03 2.140185e-02 9.617898e-03 3.960035e-03 1.980018e-03 5.757095e-03 2.878548e-03 1.921567e-02 7.047071e-03 2.562443e-02 1.001818e-02
0.001825 T17-0014 6.072945e-03 3.036473e-03 5.295569e-03 2.647785e-03 1.455153e-02 7.275765e-03 1.594583e-02 7.502261e-03 4.722294e-02 6.022652e-03 5.488045e-02 2.849328e-03 1.010731e-01 8.438836e-03
0.001825 T17-0032 8.368929e-03 4.184464e-03 2.382111e-02 1.172750e-02 2.130779e-02 8.965986e-03 6.104307e-03 3.052154e-03 2.422349e-02 6.389219e-03 3.032703e-02 3.110993e-03 3.702862e-02 8.447644e-03
0.001825 T17-0042 0.000000e+00 9.900000e+01 8.775306e-04 4.387653e-04 4.260043e-03 2.130021e-03 9.236490e-03 4.618245e-03 3.209195e-02 6.373130e-03 5.908455e-02 3.680994e-03 8.993458e-02 8.941638e-03
0.001825 T17-0045 4.627044e-03 2.313522e-03 0.000000e+00 9.900000e+01 0.000000e+00 9.900000e+01 5.902340e-03 2.951170e-03 6.220461e-03 3.110231e-03 2.993164e-02 3.409905e-03 4.383179e-02 8.454058e-03
0.001825 T17-0053 8.041160e-03 4.020580e-03 3.981397e-03 1.990698e-03 5.803012e-03 2.901506e-03 1.567334e-02 7.836671e-03 4.325766e-03 2.162883e-03 2.140147e-02 3.343492e-03 4.742558e-02 7.592666e-03
0.001825 T17-0019 2.181559e-04 1.090780e-04 0.000000e+00 9.900000e+01 1.080025e-02 5.400127e-03 2.628823e-03 1.314411e-03 3.096538e-02 6.419197e-03 3.028337e-02 3.564196e-03 3.913954e-02 8.336822e-03
0.001825 T17-0016 2.710756e-04 1.355378e-04 7.022633e-03 3.511316e-03 0.000000e+00 9.900000e+01 1.822597e-02 8.849175e-03 1.491223e-02 6.279316e-03 1.742591e-02 3.271441e-03 4.918155e-02 8.150271e-03
0.001825 T17-0017 1.371422e-02 6.725162e-03 2.122639e-03 1.061319e-03 1.171996e-02 5.859982e-03 1.185007e-02 5.925034e-03 2.794083e-02 6.172353e-03 5.620227e-02 2.946949e-03 8.966022e-02 8.246944e-03
0.001825 T17-0028 2.759409e-03 1.379705e-03 1.219915e-02 6.099577e-03 1.381333e-02 6.906665e-03 0.000000e+00 9.900000e+01 1.134914e-02 5.674570e-03 3.276925e-02 4.964930e-03 2.247294e-02 1.109317e-02
0.001825 T17-0030 7.855406e-03 3.927703e-03 1.549202e-03 7.746010e-04 1.128812e-02 5.644058e-03 2.149596e-03 1.074798e-03 1.948014e-02 6.957884e-03 4.222844e-02 3.175699e-03 7.479234e-02 7.718343e-03
0.001825 T17-0018 2.915306e-02 6.605127e-03 3.036823e-02 1.074371e-02 3.265825e-02 9.520730e-03 4.521448e-02 8.237677e-03 6.192606e-02 6.546959e-03 7.927490e-02 3.378015e-03 9.458297e-02 9.193184e-03
0.001825 T17-0022 8.568024e-03 4.284012e-03 5.388991e-03 2.694495e-03 5.336926e-03 2.668463e-03 5.613598e-03 2.806799e-03 1.854880e-02 6.212989e-03 2.499837e-02 3.103202e-03 4.484353e-02 8.107368e-03
0.001825 T17-0024 2.445313e-02 8.288223e-03 2.251479e-02 1.125739e-02 3.242356e-02 8.919161e-03 4.531370e-02 7.641200e-03 6.106281e-02 6.308160e-03 9.425200e-02 3.626649e-03 1.376965e-01 8.563696e-03
0.001825 T17-0039 1.091324e-02 5.456620e-03 7.414884e-03 3.707442e-03 1.174134e-02 5.870671e-03 1.399819e-02 6.999096e-03 1.558421e-02 7.266093e-03 2.315740e-02 3.381270e-03 4.420481e-02 9.914518e-03
0.001825 T17-0012 1.059043e-02 5.295217e-03 1.365222e-02 6.826108e-03 5.287188e-03 2.643594e-03 3.119707e-03 1.559854e-03 1.262758e-02 6.313791e-03 2.713975e-02 3.162295e-03 4.303375e-02 8.137305e-03
0.001825 T17-0374 8.922749e-03 4.461374e-03 3.228906e-02 1.614453e-02 1.633471e-02 8.167353e-03 2.146920e-02 1.073460e-02 1.134111e-02 5.670553e-03 3.552961e-02 7.327894e-03 4.093762e-02 1.087967e-02
0.001825 T17-0381 1.330314e-02 6.651569e-03 0.000000e+00 9.900000e+01 6.411262e-03 3.205631e-03 6.861917e-04 3.430958e-04 2.002316e-02 1.001158e-02 4.362749e-02 7.167169e-03 5.034285e-02 1.137055e-02
0.001825 T17-0452 1.161773e-02 5.808867e-03 0.000000e+00 9.900000e+01 2.311871e-02 1.155936e-02 1.485760e-02 7.428800e-03 1.982961e-02 9.914807e-03 2.906436e-02 7.141529e-03 4.143480e-02 1.196701e-02
0.001825 T17-0453 4.221599e-02 2.110799e-02 1.024502e-02 5.122509e-03 0.000000e+00 9.900000e+01 0.000000e+00 9.900000e+01 1.954888e-02 9.774438e-03 5.364421e-02 7.770581e-03 5.771640e-02 1.154348e-02
0.001825 T17-0474 2.725496e-02 1.362748e-02 8.410016e-03 4.205008e-03 3.760914e-02 1.880457e-02 3.412303e-02 1.706151e-02 4.987110e-02 1.600042e-02 4.539203e-02 8.138726e-03 4.307616e-02 1.202380e-02
0.001825 T17-0544 0.000000e+00 9.900000e+01 2.589662e-02 1.294831e-02 1.773513e-02 8.867567e-03 3.141222e-02 1.570611e-02 6.095179e-02 1.569713e-02 4.621103e-02 7.006237e-03 6.997197e-02 1.184312e-02
0.001825 T17-0532 0.000000e+00 9.900000e+01 0.000000e+00 9.900000e+01 6.184519e-02 2.505001e-02 2.918249e-02 1.459124e-02 2.649127e-02 1.324563e-02 8.874399e-02 7.306861e-03 1.160947e-01 1.147480e-02
0.001825 T17-0534 1.106717e-02 5.533587e-03 0.000000e+00 9.900000e+01 0.000000e+00 9.900000e+01 1.405061e-02 7.025304e-03 1.715779e-02 8.578896e-03 3.702762e-02 6.852798e-03 4.222009e-02 1.195376e-02
0.001825 T17-0487 2.781582e-03 1.390791e-03 5.283658e-02 2.378248e-02 0.000000e+00 9.900000e+01 3.518774e-02 1.759387e-02 4.890853e-02 1.684361e-02 7.305736e-02 6.968979e-03 8.293585e-02 1.145331e-02
0.001825 T17-0422 3.405590e-03 1.702795e-03 3.348109e-03 1.674055e-03 3.284678e-02 1.642339e-02 0.000000e+00 9.900000e+01 1.883807e-02 9.419035e-03 5.595583e-02 7.518449e-03 1.074449e-01 1.236469e-02
0.001825 T17-0442 1.587187e-02 7.935937e-03 4.507147e-02 2.253574e-02 0.000000e+00 9.900000e+01 0.000000e+00 9.900000e+01 5.473065e-02 1.695333e-02 7.577257e-02 7.198220e-03 9.949333e-02 1.113023e-02
0.001825 T17-0535 0.000000e+00 9.900000e+01 3.615722e-02 1.807861e-02 6.148347e-02 2.472892e-02 0.000000e+00 9.900000e+01 2.331829e-02 1.165914e-02 3.064209e-02 7.192933e-03 1.134092e-02 5.670458e-03
0.001825 T17-0212 0.000000e+00 9.900000e+01 2.980907e-02 1.490453e-02 1.660179e-02 8.300895e-03 3.156461e-02 1.578231e-02 3.571168e-02 1.659807e-02 3.527597e-02 6.989949e-03 3.605935e-02 1.154983e-02
0.001825 T17-0193 9.894012e-03 4.947006e-03 0.000000e+00 9.900000e+01 4.496545e-02 2.248272e-02 6.522513e-02 1.840692e-02 5.224394e-02 1.564819e-02 1.263191e-01 7.050052e-03 1.572940e-01 1.304143e-02
0.001825 T17-0297 3.274936e-02 1.637468e-02 0.000000e+00 9.900000e+01 4.054883e-02 2.027442e-02 0.000000e+00 9.900000e+01 4.055824e-02 1.585740e-02 3.285823e-02 6.479231e-03 3.626401e-02 1.046877e-02
0.001825 T17-0303 1.284813e-02 6.424063e-03 5.674209e-03 2.837104e-03 1.132347e-02 5.661737e-03 5.542428e-03 2.771214e-03 6.451598e-02 1.496830e-02 5.064171e-02 6.786234e-03 3.667703e-02 1.197715e-02
0.001825 T17-0286 0.000000e+00 9.900000e+01 0.000000e+00 9.900000e+01 1.862659e-02 9.313296e-03 3.911911e-02 1.955956e-02 4.913804e-02 1.599377e-02 1.150174e-01 8.064351e-03 1.479036e-01 1.238004e-02
0.001825 T17-0325 1.079541e-02 5.397706e-03 0.000000e+00 9.900000e+01 3.268516e-02 1.634258e-02 1.035449e-02 5.177243e-03 3.713971e-02 1.473438e-02 7.791152e-02 7.395478e-03 1.338462e-01 1.029882e-02
0.001825 T17-0333 1.837447e-02 9.187236e-03 4.921415e-03 2.460707e-03 4.384296e-02 2.192148e-02 1.308432e-02 6.542161e-03 4.440159e-02 1.603541e-02 5.895616e-02 6.596804e-03 7.459191e-02 1.136323e-02
0.001825 T17-0315 0.000000e+00 9.900000e+01 1.148934e-02 5.744671e-03 4.743891e-02 2.371946e-02 2.291869e-02 1.145934e-02 4.247388e-02 1.598755e-02 7.983307e-02 6.828685e-03 1.061947e-01 1.073800e-02
0.001825 T17-0345 1.028958e-02 5.144792e-03 1.977280e-02 9.886398e-03 3.299283e-02 1.649642e-02 0.000000e+00 9.900000e+01 1.679399e-02 8.396996e-03 4.113867e-02 7.816270e-03 3.408937e-02 1.033517e-02
0.001825 T17-0233 3.242372e-02 1.621186e-02 2.712324e-02 1.356162e-02 0.000000e+00 9.900000e+01 2.194045e-02 1.097022e-02 4.780229e-02 1.710816e-02 8.196102e-02 7.622994e-03 1.294067e-01 1.102956e-02
0.001825 T17-0305 2.704531e-02 1.352266e-02 1.497091e-03 7.485453e-04 4.813293e-02 2.406646e-02 3.080618e-02 1.540309e-02 5.830603e-02 1.690525e-02 6.708129e-02 7.480461e-03 8.617020e-02 1.149200e-02
0.001825 T17-0294 0.000000e+00 9.900000e+01 2.960127e-02 1.480063e-02 1.167998e-02 5.839988e-03 0.000000e+00 9.900000e+01 2.122716e-02 1.061358e-02 7.200724e-02 7.507645e-03 9.731697e-02 1.206895e-02
0.001825 T17-0245 9.786199e-03 4.893100e-03 3.476080e-02 1.738040e-02 1.842093e-02 9.210463e-03 1.473941e-02 7.369706e-03 1.474541e-03 7.372707e-04 4.483227e-02 7.226046e-03 5.924609e-02 1.291459e-02
0.001825 T17-0328 2.920011e-02 1.460005e-02 1.906185e-02 9.530924e-03 7.715839e-02 2.578762e-02 2.451197e-02 1.225599e-02 6.114721e-02 1.419058e-02 1.135233e-01 7.131397e-03 1.283522e-01 1.073353e-02
0.001825 T17-0299 1.857797e-02 9.288983e-03 4.075781e-02 2.037890e-02 0.000000e+00 9.900000e+01 2.031599e-02 1.015800e-02 2.240450e-02 1.120225e-02 3.043815e-02 6.487704e-03 4.747607e-02 1.056765e-02
0.001825 T17-0177 9.666030e-03 4.833015e-03 6.620316e-03 3.310158e-03 1.349314e-02 6.746569e-03 1.827129e-02 9.135647e-03 1.739454e-02 8.697272e-03 3.424057e-02 6.575967e-03 4.801791e-02 1.222811e-02
0.001825 T17-0171 6.636974e-02 2.014047e-02 5.635374e-02 2.294291e-02 1.174823e-01 2.485593e-02 1.117053e-01 1.817609e-02 1.643315e-01 1.563156e-02 2.540078e-01 7.269559e-03 3.316327e-01 1.257631e-02
0.001825 T17-0170 0.000000e+00 9.900000e+01 1.164876e-02 5.824381e-03 2.582789e-02 1.291395e-02 8.468572e-03 4.234286e-03 4.330185e-02 1.443773e-02 3.862755e-02 7.185418e-03 4.646825e-02 1.236117e-02
0.001825 T17-0182 1.184081e-02 5.920406e-03 3.416802e-02 1.708401e-02 3.075190e-02 1.537595e-02 4.857988e-02 1.962331e-02 2.021130e-02 1.010565e-02 1.837838e-02 6.919713e-03 2.324032e-02 1.093125e-02
0.001825 T17-0133 2.422012e-02 1.211006e-02 2.361313e-02 1.180657e-02 3.188058e-02 1.594029e-02 8.821605e-04 4.410803e-04 7.581587e-03 3.790794e-03 3.618196e-02 6.939831e-03 5.042240e-02 1.124145e-02
0.001825 T17-0150 0.000000e+00 9.900000e+01 3.266100e-02 1.633050e-02 2.749396e-03 1.374698e-03 6.797394e-04 3.398697e-04 2.457566e-02 1.228783e-02 4.199891e-02 6.652870e-03 4.919670e-02 9.615650e-03
0.001825 T17-0146 2.528335e-02 1.264168e-02 4.746642e-02 2.259852e-02 2.577555e-02 1.288778e-02 0.000000e+00 9.900000e+01 1.406225e-02 7.031125e-03 1.491229e-02 6.745344e-03 4.465751e-02 1.106699e-02
0.001825 T17-0125 1.590987e-02 7.954936e-03 1.596316e-02 7.981579e-03 1.655484e-02 8.277422e-03 1.194264e-02 5.971320e-03 3.428131e-02 1.400554e-02 5.001992e-02 6.686372e-03 7.139170e-02 1.080851e-02
0.001825 T17-0123 2.615712e-02 1.307856e-02 0.000000e+00 9.900000e+01 0.000000e+00 9.900000e+01 0.000000e+00 9.900000e+01 2.707294e-02 1.353647e-02 2.675044e-02 6.349571e-03 5.256058e-02 1.035935e-02
0.001825 T17-0234 2.887387e-03 1.443693e-03 0.000000e+00 9.900000e+01 5.881231e-02 2.409981e-02 4.987777e-03 2.493889e-03 2.510256e-02 1.255128e-02 3.468237e-02 6.785957e-03 3.894520e-02 1.075428e-02
0.001825 T17-0247 3.703135e-02 1.838313e-02 0.000000e+00 9.900000e+01 4.080586e-02 2.040293e-02 5.560657e-02 1.942296e-02 1.904423e-03 9.522117e-04 3.101440e-02 6.348956e-03 4.319087e-02 1.036804e-02
0.001825 T17-0187 0.000000e+00 9.900000e+01 3.961839e-02 1.980919e-02 0.000000e+00 9.900000e+01 1.380403e-02 6.902015e-03 1.254924e-02 6.274619e-03 4.201192e-02 5.846000e-03 5.197511e-02 1.117302e-02
0.001825 T17-0165 3.870573e-02 1.842430e-02 0.000000e+00 9.900000e+01 0.000000e+00 9.900000e+01 1.674578e-02 8.372888e-03 2.517809e-02 1.258905e-02 3.623124e-02 6.218504e-03 4.721146e-02 9.721905e-03
0.001825 T17-0184 0.000000e+00 9.900000e+01 1.032935e-02 5.164673e-03 5.034811e-02 2.193024e-02 1.652989e-02 8.264944e-03 1.482518e-02 7.412592e-03 3.748352e-02 6.558590e-03 6.309663e-02 1.155146e-02
0.001825 T17-0179 5.121238e-02 1.809888e-02 7.550443e-02 2.243025e-02 7.652818e-02 2.105601e-02 8.189821e-02 1.591505e-02 1.532357e-01 1.428479e-02 1.824245e-01 6.279467e-03 2.184759e-01 1.117491e-02
0.001825 T17-0140 2.620884e-02 1.310442e-02 1.346493e-03 6.732467e-04 0.000000e+00 9.900000e+01 1.714833e-03 8.574165e-04 1.657211e-02 8.286057e-03 2.253919e-02 6.996406e-03 4.606795e-02 1.092534e-02
0.001825 T17-0446 6.914250e-02 2.087453e-02 1.248569e-02 6.242844e-03 4.607520e-02 2.303760e-02 8.533140e-03 4.266570e-03 9.544046e-02 1.596108e-02 1.497114e-01 7.283174e-03 1.759837e-01 1.271639e-02
0.001825 T17-0438 0.000000e+00 9.900000e+01 3.604981e-02 1.802490e-02 3.465287e-02 1.732643e-02 3.827159e-02 1.913580e-02 5.784237e-02 1.634209e-02 8.266485e-02 8.451900e-03 7.012625e-02 1.113129e-02
0.001825 T17-0365 2.170099e-02 1.085050e-02 3.539076e-02 1.769538e-02 3.209606e-02 1.604803e-02 2.322744e-02 1.161372e-02 1.483353e-02 7.416766e-03 3.239889e-02 7.269799e-03 4.215960e-02 1.095197e-02
0.001825 T17-0401 1.556494e-02 7.782472e-03 1.494046e-02 7.470230e-03 0.000000e+00 9.900000e+01 1.572228e-02 7.861138e-03 1.812890e-02 9.064451e-03 4.394879e-02 7.792475e-03 4.272430e-02 1.094524e-02
0.001825 T17-0399 0.000000e+00 9.900000e+01 1.627833e-02 8.139167e-03 3.536387e-03 1.768193e-03 2.280513e-02 1.140257e-02 3.017331e-02 1.508665e-02 4.469942e-02 7.258772e-03 3.685369e-02 1.152278e-02
0.001825 T17-0388 1.008153e-02 5.040765e-03 1.554886e-02 7.774428e-03 1.646882e-02 8.234410e-03 2.719463e-02 1.359732e-02 1.725729e-02 8.628646e-03 3.970709e-02 6.994836e-03 4.676571e-02 1.060660e-02
0.001825 T17-0451 1.817531e-02 9.087657e-03 0.000000e+00 9.900000e+01 3.985323e-03 1.992662e-03 2.921109e-02 1.460554e-02 6.627452e-03 3.313726e-03 3.213115e-02 7.946498e-03 4.494315e-02 1.097972e-02
0.001825 T17-0435 2.690931e-03 1.345466e-03 1.248550e-02 6.242751e-03 5.202303e-03 2.601151e-03 6.923509e-03 3.461755e-03 2.726917e-02 1.363459e-02 3.071585e-02 7.258071e-03 4.453551e-02 1.082836e-02
0.001825 T17-0449 4.331618e-03 2.165809e-03 1.105980e-02 5.529902e-03 1.698460e-02 8.492298e-03 1.904744e-02 9.523718e-03 2.581814e-02 1.290907e-02 2.923905e-02 6.748582e-03 4.812143e-02 1.278748e-02
0.001825 T17-0481 0.000000e+00 9.900000e+01 3.805796e-02 1.902898e-02 8.036728e-04 4.018364e-04 0.000000e+00 9.900000e+01 5.400563e-02 1.575995e-02 3.548919e-02 7.330752e-03 4.889098e-02 1.147186e-02
0.001825 T17-0429 1.837453e-02 9.187265e-03 4.009788e-02 2.004894e-02 3.829186e-02 1.914593e-02 1.425965e-03 7.129824e-04 8.254540e-03 4.127270e-03 5.794229e-02 6.621368e-03 6.893867e-02 1.124481e-02
0.001825 T17-0318 3.388659e-04 1.694329e-04 0.000000e+00 9.900000e+01 0.000000e+00 9.900000e+01 2.683397e-03 1.341698e-03 1.991733e-02 9.958663e-03 2.773829e-02 6.242227e-03 4.956456e-02 1.133505e-02
0.001825 T17-0387 1.201202e-02 6.006012e-03 1.401848e-02 7.009241e-03 4.980858e-02 2.375116e-02 2.444608e-02 1.222304e-02 4.558822e-02 1.565297e-02 5.989920e-02 6.889355e-03 7.563372e-02 1.101749e-02
0.001825 T17-0414 0.000000e+00 9.900000e+01 3.658794e-02 1.829397e-02 3.752120e-02 1.876060e-02 4.597093e-02 1.874947e-02 2.593799e-02 1.296900e-02 1.875115e-02 7.095456e-03 3.938758e-02 1.101080e-02
0.001825 T17-0402 3.465342e-02 1.732671e-02 1.266930e-02 6.334651e-03 0.000000e+00 9.900000e+01 3.439721e-03 1.719861e-03 5.941333e-02 1.483560e-02 3.667606e-02 7.089110e-03 3.749995e-02 1.091242e-02
0.001825 T17-0528 4.994208e-02 2.153151e-02 6.984453e-02 2.432724e-02 1.906937e-03 9.534687e-04 1.769567e-02 8.847835e-03 4.708511e-02 1.582166e-02 3.352754e-02 7.950434e-03 2.177214e-02 1.062058e-02
0.001825 T17-0503 1.576552e-02 7.882762e-03 6.090661e-04 3.045331e-04 4.968309e-02 2.480061e-02 9.442672e-02 2.109856e-02 6.067440e-02 1.590379e-02 1.023041e-01 6.843577e-03 9.155548e-02 1.087699e-02
0.001825 T17-0498 2.809806e-02 1.404903e-02 6.002053e-03 3.001027e-03 7.902182e-03 3.951091e-03 1.748018e-03 8.740091e-04 0.000000e+00 9.900000e+01 6.130037e-03 3.065019e-03 3.731857e-02 1.085577e-02
0.001825 T17-0412 3.411081e-02 1.705540e-02 6.394296e-02 2.458288e-02 5.174628e-02 2.415535e-02 7.492435e-03 3.746217e-03 0.000000e+00 9.900000e+01 2.758929e-02 6.475546e-03 2.075767e-02 1.037884e-02
0.001825 T17-0425 1.432501e-02 7.162505e-03 9.176039e-03 4.588020e-03 6.827018e-03 3.413509e-03 3.241222e-02 1.620611e-02 3.374407e-02 1.551744e-02 6.315828e-02 7.957525e-03 5.283694e-02 1.533778e-02
0.001825 T17-0507 6.350857e-02 2.355700e-02 0.000000e+00 9.900000e+01 0.000000e+00 9.900000e+01 5.454581e-02 1.965653e-02 4.620465e-02 1.800695e-02 4.106150e-02 7.018180e-03 4.946833e-02 1.104516e-02
0.001825 T17-0464 0.000000e+00 9.900000e+01 1.919490e-02 9.597452e-03 3.684757e-02 1.842379e-02 0.000000e+00 9.900000e+01 2.309282e-02 1.154641e-02 5.336712e-02 6.805482e-03 5.236047e-02 1.204020e-02
0.001825 T17-0455 2.080899e-02 1.040450e-02 2.015364e-02 1.007682e-02 2.867688e-02 1.433844e-02 1.246791e-02 6.233954e-03 5.547161e-02 1.376916e-02 4.964234e-02 7.445017e-03 7.222299e-02 1.098445e-02
0.001825 T17-0536 0.000000e+00 9.900000e+01 0.000000e+00 9.900000e+01 3.583582e-02 1.791791e-02 3.674951e-02 1.837476e-02 9.828904e-02 1.508370e-02 8.108151e-02 6.983947e-03 1.014456e-01 1.110445e-02
0.001825 T17-0356 5.305804e-03 2.652902e-03 3.094427e-03 1.547214e-03 2.214790e-02 1.107395e-02 0.000000e+00 9.900000e+01 1.368596e-02 6.842980e-03 2.461192e-02 7.022170e-03 4.034929e-02 1.070490e-02
0.001825 T17-0454 1.709230e-02 8.546148e-03 0.000000e+00 9.900000e+01 0.000000e+00 9.900000e+01 4.816218e-02 2.326192e-02 0.000000e+00 9.900000e+01 5.130387e-02 6.275803e-03 8.893418e-02 1.178710e-02
0.001825 T17-0436 1.512657e-02 7.563286e-03 3.866557e-02 1.933279e-02 8.490058e-03 4.245029e-03 1.033188e-03 5.165940e-04 3.443124e-02 1.532517e-02 3.582595e-02 6.306925e-03 6.095650e-02 1.000613e-02
0.001825 T17-2075 8.406835e-03 4.203417e-03 8.384439e-03 4.192220e-03 1.787085e-02 8.811717e-03 1.933824e-02 8.723655e-03 2.160416e-02 7.024753e-03 3.268904e-02 3.556142e-03 6.282146e-02 8.150952e-03
0.001825 T17-2129 0.000000e+00 9.900000e+01 1.105303e-02 5.526515e-03 2.884392e-03 1.442196e-03 1.307472e-02 6.537362e-03 2.879843e-02 6.638765e-03 2.970665e-02 3.053111e-03 2.649773e-02 8.718797e-03
0.001825 T17-0718 1.551905e-02 7.759523e-03 0.000000e+00 9.900000e+01 9.108189e-04 4.554095e-04 0.000000e+00 9.900000e+01 4.997306e-03 2.498653e-03 2.258455e-02 3.577783e-03 3.829398e-02 8.865437e-03
0.001825 T17-1147 5.104972e-03 2.552486e-03 0.000000e+00 9.900000e+01 3.000377e-02 1.052235e-02 1.452823e-02 7.264116e-03 4.490227e-02 7.780193e-03 9.798670e-02 3.761231e-03 1.384160e-01 7.939596e-03
0.001825 T17-1140 1.914137e-02 7.333029e-03 2.357497e-02 1.110009e-02 1.476933e-02 7.384663e-03 3.031232e-02 9.038047e-03 4.285001e-02 7.718476e-03 5.643619e-02 4.035584e-03 7.272276e-02 8.611344e-03
0.001825 T17-1111 1.488499e-02 7.442493e-03 0.000000e+00 9.900000e+01 8.822380e-03 4.411190e-03 0.000000e+00 9.900000e+01 2.215315e-02 6.885208e-03 2.383072e-02 3.324619e-03 3.961971e-02 7.585558e-03
0.001825 T17-1114 1.109676e-02 5.548382e-03 9.992797e-03 4.996398e-03 1.992118e-02 9.960591e-03 1.575095e-02 7.875475e-03 2.246192e-02 6.577853e-03 3.474782e-02 3.148449e-03 4.864379e-02 7.730947e-03
0.001825 T17-1435 8.383215e-02 7.505030e-03 7.917011e-02 1.132455e-02 1.376474e-01 1.078833e-02 1.385042e-01 8.329420e-03 2.031324e-01 7.245753e-03 3.023039e-01 3.657222e-03 3.498491e-01 8.388594e-03
0.001825 T17-2059 1.343645e-02 6.718223e-03 2.511795e-02 1.255897e-02 1.494246e-02 7.471228e-03 1.032573e-02 5.162863e-03 3.380258e-02 6.986572e-03 3.545275e-02 3.743682e-03 5.550468e-02 8.417921e-03
0.001825 T17-1988 5.824701e-03 2.912351e-03 1.471617e-02 7.358087e-03 2.915001e-03 1.457500e-03 1.546271e-02 7.731356e-03 1.896361e-02 6.923306e-03 3.456566e-02 3.149331e-03 4.642145e-02 7.343157e-03
0.001825 T17-1341 4.975754e-02 8.272564e-03 3.588717e-02 1.132642e-02 4.595371e-02 8.985541e-03 6.048216e-02 1.086894e-02 8.652923e-02 8.009842e-03 1.163108e-01 3.455514e-03 1.417482e-01 8.237654e-03
0.001825 T17-1647 1.330566e-02 6.652831e-03 1.137899e-02 5.689494e-03 1.178998e-02 5.894989e-03 2.466767e-02 8.072743e-03 1.372183e-02 6.740126e-03 2.025755e-02 3.281684e-03 3.221537e-02 8.349186e-03
0.001825 T17-1508 3.870118e-04 1.935059e-04 4.549263e-03 2.274632e-03 0.000000e+00 9.900000e+01 1.084897e-02 5.424483e-03 4.582095e-02 6.846629e-03 7.134377e-02 3.569517e-03 1.185048e-01 8.369368e-03
0.001825 T17-1333 1.596104e-02 7.980522e-03 0.000000e+00 9.900000e+01 2.873665e-02 1.051791e-02 0.000000e+00 9.900000e+01 2.485280e-02 8.352283e-03 4.554729e-02 3.807327e-03 4.899727e-02 1.058368e-02
0.001825 T17-1222 7.537225e-03 3.768613e-03 6.413157e-03 3.206578e-03 8.671007e-03 4.335504e-03 1.366422e-02 6.832108e-03 3.436182e-03 1.718091e-03 2.422306e-02 3.102720e-03 4.942816e-02 8.111459e-03
0.001825 T17-1368 1.972383e-02 7.896337e-03 8.316285e-03 4.158143e-03 6.495072e-03 3.247536e-03 1.056373e-02 5.281863e-03 2.550491e-02 7.006202e-03 3.520644e-02 3.256702e-03 3.509993e-02 8.384310e-03
0.001825 T17-1929 1.831975e-02 8.228864e-03 8.201311e-03 4.100656e-03 3.408519e-02 9.579753e-03 2.476979e-02 7.747821e-03 6.525058e-02 6.897192e-03 9.688881e-02 3.431344e-03 1.354627e-01 8.063304e-03
0.001825 T17-1979 3.099066e-02 7.058774e-03 4.991374e-02 1.145432e-02 4.297516e-02 9.378210e-03 5.515402e-02 7.715677e-03 1.154089e-01 7.632437e-03 1.627277e-01 3.407875e-03 2.092926e-01 8.242295e-03
0.001825 T17-1842 7.704956e-03 3.852478e-03 1.707144e-02 8.535720e-03 1.798799e-02 8.993995e-03 2.012321e-02 8.458580e-03 1.779166e-02 6.342104e-03 4.749573e-02 3.150762e-03 5.041385e-02 8.216739e-03
0.001825 T17-1681 5.905241e-03 2.952621e-03 1.484474e-02 7.422372e-03 1.691935e-02 8.459673e-03 6.091838e-03 3.045919e-03 3.901766e-02 6.930105e-03 3.208894e-02 3.163083e-03 5.976393e-02 8.274794e-03
0.001825 T17-1513 4.008475e-03 2.004238e-03 1.695746e-02 8.478728e-03 6.415016e-03 3.207508e-03 0.000000e+00 9.900000e+01 1.121010e-02 5.605048e-03 1.826451e-02 3.055482e-03 1.931489e-02 7.609760e-03
0.001825 T17-1685 0.000000e+00 9.900000e+01 1.210145e-02 6.050725e-03 1.967242e-02 9.836210e-03 1.134711e-02 5.673557e-03 2.312181e-02 6.689391e-03 3.024916e-02 3.045635e-03 5.289071e-02 8.091024e-03
0.001825 T17-1782 3.857389e-03 1.928695e-03 2.067493e-03 1.033746e-03 8.699266e-03 4.349633e-03 6.073101e-03 3.036550e-03 1.861562e-02 6.567044e-03 2.312405e-02 3.637867e-03 3.060618e-02 8.099850e-03
0.001825 T17-0852 1.698946e-02 8.494730e-03 2.846674e-02 1.423337e-02 2.021820e-02 1.010910e-02 2.104956e-02 9.266701e-03 2.700614e-02 7.566239e-03 3.491823e-02 3.511106e-03 4.785807e-02 7.482987e-03
0.001825 T17-0894 7.883812e-03 3.941906e-03 1.838366e-02 9.191829e-03 1.618315e-02 8.091576e-03 2.895525e-02 9.943781e-03 3.660832e-02 7.442541e-03 4.995242e-02 3.298382e-03 6.386043e-02 8.065315e-03
0.001825 T17-0948 2.421125e-02 9.958328e-03 3.504492e-02 1.669012e-02 1.815637e-02 9.078187e-03 1.659698e-02 8.298491e-03 3.925093e-02 8.234703e-03 5.560083e-02 4.212458e-03 7.333947e-02 8.697663e-03
0.001825 T17-0944 6.950761e-03 3.475381e-03 1.954696e-02 9.773478e-03 9.076644e-03 4.538322e-03 2.076474e-02 1.025545e-02 1.306440e-02 6.532199e-03 2.811292e-02 3.347862e-03 4.751744e-02 8.212125e-03
0.001825 T17-0934 8.545332e-03 4.272666e-03 2.767987e-03 1.383994e-03 3.949344e-02 1.130303e-02 2.364000e-02 8.789369e-03 4.213434e-02 8.738141e-03 8.394970e-02 4.251406e-03 1.170014e-01 8.892795e-03
0.001825 T17-0823 5.065554e-03 2.532777e-03 2.517603e-03 1.258802e-03 1.358015e-03 6.790076e-04 6.651624e-03 3.325812e-03 1.842481e-02 7.285862e-03 4.209816e-02 3.347328e-03 6.943453e-02 8.223515e-03
0.001825 T17-0963 1.403031e-02 7.015156e-03 1.072470e-02 5.362349e-03 3.773035e-02 9.980514e-03 2.950937e-02 8.279147e-03 4.655639e-02 8.259626e-03 6.064884e-02 3.236509e-03 6.999964e-02 9.028542e-03
0.001825 T17-1005 1.799638e-02 6.871419e-03 7.450112e-03 3.725056e-03 1.453308e-02 7.266542e-03 1.843305e-02 8.159149e-03 7.412403e-02 6.644988e-03 1.074882e-01 3.409702e-03 1.490050e-01 7.688465e-03
0.001825 T17-1037 3.884771e-03 1.942386e-03 2.077978e-02 1.038989e-02 2.919040e-02 9.552838e-03 2.387114e-02 8.186209e-03 3.436293e-02 7.644253e-03 6.014699e-02 3.066256e-03 7.841278e-02 7.133063e-03
0.001825 T17-1088 3.967513e-03 1.983756e-03 4.317866e-03 2.158933e-03 0.000000e+00 9.900000e+01 1.293627e-02 6.468137e-03 3.386871e-02 7.183631e-03 6.308929e-02 3.433102e-03 6.819251e-02 7.456615e-03
0.001825 T17-1082 2.690985e-02 8.446480e-03 2.057068e-02 1.028534e-02 1.035654e-02 5.178269e-03 2.416113e-02 9.267487e-03 5.188797e-02 7.299653e-03 1.135241e-01 3.090451e-03 1.604659e-01 7.651438e-03
0.001825 T17-0968 8.991280e-03 4.495640e-03 8.900281e-03 4.450140e-03 8.457466e-03 4.228733e-03 5.364694e-03 2.682347e-03 1.866784e-02 7.377844e-03 2.214816e-02 3.248639e-03 2.652893e-02 7.980351e-03
0.001825 T17-0980 0.000000e+00 9.900000e+01 1.088188e-06 5.440941e-07 0.000000e+00 9.900000e+01 9.844581e-03 4.922290e-03 1.748877e-02 6.693336e-03 3.030878e-02 3.635958e-03 3.271529e-02 7.501204e-03
0.001825 T17-0983 1.486357e-02 7.431787e-03 1.597126e-02 7.985629e-03 0.000000e+00 9.900000e+01 2.284045e-02 8.451372e-03 6.449664e-02 6.737088e-03 1.418757e-01 3.372382e-03 1.972007e-01 8.266665e-03
0.001825 T17-0993 0.000000e+00 9.900000e+01 4.455571e-03 2.227785e-03 2.519710e-02 1.154289e-02 8.335568e-03 4.167784e-03 2.186420e-02 8.498462e-03 4.762529e-02 3.974160e-03 5.921124e-02 8.653166e-03
0.001825 T17-0783 0.000000e+00 9.900000e+01 2.592238e-02 1.241120e-02 1.271728e-02 6.358638e-03 2.520489e-02 9.260553e-03 1.454078e-02 6.922433e-03 2.226444e-02 3.459538e-03 3.773175e-02 8.219264e-03
0.001825 T17-0825 3.343013e-02 8.698939e-03 3.980022e-02 1.192582e-02 4.075826e-02 9.923968e-03 4.040642e-02 9.241182e-03 9.093995e-02 6.734383e-03 1.982598e-01 4.901660e-03 2.743392e-01 1.006458e-02
0.001825 T17-0882 1.184181e-02 5.920907e-03 2.232474e-02 1.116237e-02 4.212796e-02 1.077766e-02 4.290318e-02 9.364840e-03 4.556776e-02 6.899505e-03 8.354919e-02 3.046542e-03 1.063502e-01 8.409405e-03
0.001825 T17-0986 3.243037e-03 1.621518e-03 7.853502e-03 3.926751e-03 0.000000e+00 9.900000e+01 1.606007e-02 8.030037e-03 6.772534e-03 3.386267e-03 2.805593e-02 3.669389e-03 3.994555e-02 8.887963e-03
0.001825 T17-0878 7.662665e-03 3.831332e-03 1.564948e-02 7.824741e-03 3.789915e-02 1.089137e-02 1.878568e-02 9.392842e-03 3.412783e-02 7.512366e-03 4.340105e-02 3.116268e-03 5.941019e-02 7.353124e-03
0.001825 T17-0798 1.958789e-02 7.136306e-03 7.195582e-03 3.597791e-03 1.276847e-02 6.384236e-03 9.135800e-03 4.567900e-03 1.678476e-02 7.267110e-03 3.065555e-02 3.485587e-03 3.836690e-02 8.586420e-03
0.001825 T17-0829 5.371529e-03 2.685764e-03 4.859999e-03 2.429999e-03 0.000000e+00 9.900000e+01 0.000000e+00 9.900000e+01 1.543970e-02 7.438532e-03 1.563155e-02 3.416311e-03 2.738420e-02 8.120548e-03
0.001825 T17-0810 1.096253e-02 5.481263e-03 1.883846e-02 9.419231e-03 1.603585e-02 8.017926e-03 1.773253e-02 8.500093e-03 3.384493e-02 8.035017e-03 4.550725e-02 3.027567e-03 6.895610e-02 8.199866e-03
0.001825 T17-1157 5.261394e-03 2.630697e-03 1.221231e-03 6.106153e-04 2.313909e-02 9.822567e-03 1.327277e-02 6.636387e-03 2.868773e-02 6.972006e-03 3.646702e-02 3.376190e-03 6.268794e-02 7.304924e-03
0.001825 T17-1106 5.845903e-03 2.922951e-03 3.911635e-03 1.955818e-03 1.181550e-02 5.907752e-03 8.094321e-03 4.047160e-03 2.912274e-02 6.351491e-03 3.037839e-02 3.284089e-03 4.259524e-02 7.152517e-03
0.001825 T17-1047 6.921550e-03 3.460775e-03 0.000000e+00 9.900000e+01 2.382038e-02 9.886467e-03 1.135461e-02 5.677304e-03 9.216227e-03 4.608113e-03 2.178257e-02 3.284535e-03 4.623405e-02 7.904236e-03
0.001825 T17-1117 1.134860e-02 5.674298e-03 1.426822e-02 7.134111e-03 6.869403e-03 3.434701e-03 2.154772e-02 8.792231e-03 2.889146e-02 7.512007e-03 2.987219e-02 3.246420e-03 5.274467e-02 8.123802e-03
0.001825 T17-1305 5.184812e-03 2.592406e-03 8.934918e-03 4.467459e-03 2.205141e-02 9.649851e-03 2.489863e-02 8.450842e-03 3.067539e-02 6.821283e-03 3.987785e-02 3.322956e-03 4.541454e-02 7.608321e-03
0.001825 T17-1142 1.137630e-02 5.688152e-03 6.092077e-03 3.046038e-03 1.272000e-02 6.360001e-03 1.457618e-02 7.288089e-03 2.686946e-02 7.142664e-03 5.225098e-02 3.451951e-03 6.611136e-02 7.653387e-03
0.001825 T17-1064 1.906793e-02 6.981557e-03 8.489117e-03 4.244559e-03 2.332981e-02 9.554836e-03 1.427609e-02 7.138045e-03 3.064257e-02 6.763738e-03 4.396286e-02 3.361265e-03 5.457952e-02 8.132394e-03
0.001825 T17-1087 0.000000e+00 9.900000e+01 9.053891e-03 4.526945e-03 2.099695e-02 9.651327e-03 4.888208e-03 2.444104e-03 2.165041e-02 6.597404e-03 3.336693e-02 3.632336e-03 3.349606e-02 7.648747e-03
0.001825 T17-1042 1.690256e-02 8.060118e-03 3.930603e-02 1.185524e-02 4.216728e-02 9.084339e-03 2.414066e-02 9.012689e-03 7.669700e-02 6.436131e-03 9.140532e-02 3.363276e-03 1.130871e-01 7.480149e-03
0.001825 T17-1015 0.000000e+00 9.900000e+01 5.102544e-03 2.551272e-03 1.173095e-02 5.865477e-03 2.258666e-02 8.884141e-03 2.719929e-03 1.359964e-03 2.175097e-02 3.763384e-03 3.784385e-02 9.472606e-03
0.001825 T17-0910 5.772603e-03 2.886301e-03 0.000000e+00 9.900000e+01 1.593175e-02 7.965877e-03 8.147120e-03 4.073560e-03 2.314074e-02 6.772061e-03 2.324843e-02 3.207541e-03 3.921786e-02 7.875910e-03
0.001825 T17-1104 1.357767e-02 6.621687e-03 0.000000e+00 9.900000e+01 1.942682e-02 9.396126e-03 2.828866e-02 8.169786e-03 6.039710e-02 6.265313e-03 1.122902e-01 3.223103e-03 1.692397e-01 7.041320e-03
0.001825 T17-1089 0.000000e+00 9.900000e+01 2.440014e-02 1.215221e-02 5.525398e-03 2.762699e-03 0.000000e+00 9.900000e+01 1.050253e-02 5.251267e-03 3.019354e-02 3.416229e-03 4.735422e-02 8.166715e-03
0.001825 T17-1095 1.614944e-02 7.068982e-03 1.337629e-02 6.688146e-03 6.640279e-03 3.320140e-03 5.503115e-03 2.751558e-03 1.303392e-02 6.516958e-03 3.100238e-02 3.231269e-03 2.385780e-02 7.530078e-03
0.001825 T17-0812 9.861504e-03 4.930752e-03 2.801984e-02 1.121474e-02 8.894893e-03 4.447447e-03 1.873815e-02 8.197272e-03 1.346930e-02 6.734652e-03 2.671442e-02 3.411244e-03 4.455102e-02 7.814058e-03
0.001825 T17-0871 0.000000e+00 9.900000e+01 3.916580e-03 1.958290e-03 2.323997e-02 9.792536e-03 7.193151e-03 3.596576e-03 2.395891e-02 7.012861e-03 3.658010e-02 3.025596e-03 5.913343e-02 7.402009e-03
0.001825 T17-0799 0.000000e+00 9.900000e+01 7.750775e-04 3.875387e-04 1.018015e-02 5.090077e-03 5.163939e-03 2.581969e-03 1.151238e-02 5.756192e-03 1.633466e-02 3.385658e-03 2.929925e-02 7.591939e-03
0.001825 T17-0779 1.002278e-02 5.011389e-03 0.000000e+00 9.900000e+01 6.899753e-03 3.449877e-03 1.694794e-02 8.473968e-03 1.311097e-02 6.555483e-03 3.395115e-02 3.665441e-03 2.644320e-02 8.172619e-03
0.001825 T17-0688 6.484510e-03 3.242255e-03 0.000000e+00 9.900000e+01 1.130062e-02 5.650312e-03 1.631810e-02 8.159051e-03 3.651989e-02 6.465430e-03 7.883940e-02 3.433609e-03 1.036345e-01 8.523245e-03
0.001825 T17-0925 6.693741e-03 3.346870e-03 1.096401e-02 5.482003e-03 3.776692e-03 1.888346e-03 9.583787e-03 4.791894e-03 1.449935e-02 6.912910e-03 3.392659e-02 3.159822e-03 3.311169e-02 8.091888e-03
0.001825 T17-0880 1.469802e-02 7.133548e-03 2.651951e-02 1.263120e-02 1.300818e-02 6.504089e-03 1.985235e-02 7.888941e-03 3.038512e-02 7.012276e-03 3.347045e-02 3.285723e-03 3.003380e-02 8.371338e-03
0.001825 T17-0885 9.799728e-03 4.899864e-03 2.309257e-03 1.154629e-03 2.745235e-03 1.372617e-03 2.249756e-05 1.124878e-05 1.042540e-02 5.212701e-03 1.619262e-02 3.123383e-03 1.534502e-02 7.672509e-03
0.001825 T17-0862 4.107921e-03 2.053961e-03 0.000000e+00 9.900000e+01 1.049940e-02 5.249700e-03 1.192405e-02 5.962023e-03 3.913905e-02 6.640428e-03 4.190048e-02 3.188386e-03 5.484897e-02 8.066084e-03
0.001825 T17-0782 2.973116e-04 1.486558e-04 7.460027e-03 3.730013e-03 6.386174e-03 3.193087e-03 0.000000e+00 9.900000e+01 3.038924e-02 7.954348e-03 2.386103e-02 3.663282e-03 3.984331e-02 7.930953e-03
0.001825 T17-0755 0.000000e+00 9.900000e+01 1.752640e-02 8.763198e-03 3.341654e-02 9.925198e-03 1.498472e-02 7.492361e-03 5.330906e-02 1.070781e-02 1.035677e-01 8.421586e-03 1.299062e-01 1.274087e-02
0.001825 T17-0830 7.509779e-03 3.754889e-03 1.937288e-02 9.686440e-03 2.419427e-02 1.114096e-02 0.000000e+00 9.900000e+01 2.408567e-02 7.261690e-03 3.900383e-02 3.379745e-03 5.061656e-02 7.705680e-03
0.001825 T17-2223 0.000000e+00 9.900000e+01 1.827907e-03 9.139536e-04 0.000000e+00 9.900000e+01 1.167477e-02 5.837386e-03 1.052627e-02 5.263134e-03 2.391745e-02 3.198524e-03 4.525907e-02 7.030423e-03
0.001825 T17-2226 1.305008e-02 6.525038e-03 1.112947e-02 5.564737e-03 2.184779e-02 1.030006e-02 8.313717e-03 4.156858e-03 2.654986e-02 7.645606e-03 5.859118e-02 3.302002e-03 8.931419e-02 8.040502e-03
0.001825 T17-2188 7.897319e-03 3.948659e-03 7.300960e-03 3.650480e-03 1.460768e-02 7.303838e-03 1.045476e-02 5.227381e-03 1.957202e-02 6.750334e-03 3.434454e-02 3.279075e-03 4.764738e-02 8.113128e-03
0.001825 T17-2202 9.123037e-03 4.561519e-03 1.313719e-02 6.568597e-03 6.143417e-03 3.071709e-03 0.000000e+00 9.900000e+01 1.924428e-02 6.910717e-03 3.230308e-02 3.545856e-03 5.021440e-02 7.623180e-03
0.001825 T17-2053 1.353627e-02 6.768134e-03 3.351565e-02 1.345715e-02 6.220924e-02 9.410514e-03 4.098722e-02 9.758788e-03 8.702956e-02 7.223874e-03 1.789319e-01 3.376835e-03 2.290204e-01 8.679140e-03
0.001825 T17-2119 2.096353e-02 7.740784e-03 1.459669e-02 7.298346e-03 3.750562e-02 9.332242e-03 4.394140e-02 7.884601e-03 7.001252e-02 6.799119e-03 1.137082e-01 3.290920e-03 1.379520e-01 7.521997e-03
0.001825 T17-2058 7.202318e-03 3.601159e-03 1.977510e-02 9.887552e-03 2.341436e-02 9.969049e-03 4.008473e-02 8.039451e-03 7.056191e-02 6.794931e-03 1.107627e-01 3.241924e-03 1.440150e-01 8.158170e-03
0.001825 T17-2154 1.976506e-02 7.766180e-03 2.489461e-04 1.244730e-04 2.631510e-02 9.711624e-03 1.316041e-02 6.580207e-03 3.293635e-02 6.641488e-03 4.331437e-02 3.148644e-03 5.384555e-02 8.317723e-03
0.001825 T17-2090 1.382853e-02 6.914266e-03 1.302897e-02 6.514486e-03 1.089856e-02 5.449280e-03 1.871490e-02 8.130554e-03 1.576854e-02 6.929922e-03 4.674417e-02 3.035100e-03 6.049264e-02 7.836802e-03
0.001825 T17-1767 0.000000e+00 9.900000e+01 1.087567e-03 5.437836e-04 1.591159e-02 7.955796e-03 2.090051e-02 8.510129e-03 5.034471e-03 2.517235e-03 1.931945e-02 3.176125e-03 2.219621e-02 6.982307e-03
0.001825 T17-1715 5.032922e-03 2.516461e-03 0.000000e+00 9.900000e+01 0.000000e+00 9.900000e+01 1.779402e-02 8.706971e-03 1.840764e-02 6.763817e-03 4.284475e-02 2.819299e-03 7.131197e-02 7.267543e-03
0.001825 T17-1331 1.357607e-02 6.788035e-03 0.000000e+00 9.900000e+01 4.454498e-03 2.227249e-03 7.588244e-03 3.794122e-03 1.261775e-02 6.308876e-03 2.086672e-02 3.287781e-03 3.397662e-02 7.860302e-03
0.001825 T17-0514 2.793938e-02 1.396969e-02 4.448769e-02 2.224385e-02 1.428002e-02 7.140009e-03 6.020239e-03 3.010120e-03 1.802535e-02 9.012677e-03 2.578255e-02 6.435431e-03 3.719492e-02 1.755479e-02
0.001825 T17-0645 2.290857e-02 1.145428e-02 3.876356e-03 1.938178e-03 0.000000e+00 9.900000e+01 5.201539e-03 2.600770e-03 3.076942e-02 1.364245e-02 4.224534e-02 5.488666e-03 6.425698e-02 1.644487e-02
0.001825 T17-0654 8.050052e-03 4.025026e-03 2.812764e-02 1.406382e-02 2.663070e-02 1.331535e-02 1.132708e-02 5.663538e-03 1.787071e-02 8.935356e-03 4.721431e-02 1.002147e-02 6.890583e-02 1.758321e-02
0.001825 T17-0661 0.000000e+00 9.900000e+01 2.888070e-02 1.444035e-02 0.000000e+00 9.900000e+01 8.901105e-03 4.450552e-03 2.849381e-02 1.424691e-02 6.385414e-02 6.500767e-03 5.029859e-02 1.522321e-02
0.001825 T17-0655 3.163234e-02 1.581617e-02 6.319286e-02 2.050380e-02 3.961232e-02 1.980616e-02 2.022591e-02 1.011295e-02 6.867873e-02 1.305802e-02 9.212876e-02 5.883603e-03 1.209385e-01 1.626304e-02
0.001825 T17-0686 1.123630e-01 1.975834e-02 1.042443e-01 2.072495e-02 1.818691e-01 1.811191e-02 2.067789e-01 1.634735e-02 3.075082e-01 1.276845e-02 4.373227e-01 6.652140e-03 4.569304e-01 1.635211e-02
0.001825 T17-0561 0.000000e+00 9.900000e+01 6.278322e-03 3.139161e-03 1.888747e-03 9.443736e-04 3.362790e-02 1.545831e-02 2.979294e-02 1.251445e-02 3.018847e-02 7.215390e-03 5.032759e-02 1.669033e-02
0.001825 T17-0664 4.775680e-03 2.387840e-03 3.258350e-02 1.629175e-02 5.061754e-02 1.789296e-02 1.921992e-02 9.609962e-03 3.974478e-02 1.239967e-02 5.945029e-02 6.575628e-03 5.102848e-02 1.729405e-02
0.001825 T17-1396 4.211947e-02 1.931332e-02 1.781975e-02 8.909873e-03 3.650764e-02 1.668743e-02 3.218682e-02 1.481284e-02 1.300807e-01 1.213452e-02 2.177245e-01 6.656833e-03 3.124131e-01 1.553547e-02
0.001825 T17-1383 5.310895e-03 2.655447e-03 2.433619e-02 1.216810e-02 0.000000e+00 9.900000e+01 3.957950e-02 1.515855e-02 3.742513e-02 1.588794e-02 8.780397e-02 6.684544e-03 9.100501e-02 1.911082e-02
0.001825 T17-1872 7.040258e-03 3.520129e-03 5.578690e-03 2.789345e-03 0.000000e+00 9.900000e+01 0.000000e+00 9.900000e+01 0.000000e+00 9.900000e+01 2.531149e-02 6.972928e-03 4.957308e-02 1.447084e-02
0.001825 T17-2157 1.095323e-02 5.476614e-03 2.171174e-02 1.085587e-02 5.006880e-02 1.671981e-02 3.227579e-02 1.549886e-02 3.714741e-02 1.310435e-02 8.709914e-02 5.810820e-03 1.030408e-01 1.621472e-02
0.001825 T17-2102 9.158064e-04 4.579032e-04 1.006069e-02 5.030343e-03 2.664177e-02 1.332088e-02 3.159755e-02 1.579877e-02 1.491882e-02 7.459412e-03 6.209158e-02 5.883618e-03 7.571587e-02 1.586980e-02
0.001825 T17-2208 3.955983e-03 1.977991e-03 0.000000e+00 9.900000e+01 2.637579e-03 1.318789e-03 0.000000e+00 9.900000e+01 1.418036e-02 7.090181e-03 3.314499e-02 6.486839e-03 7.075045e-02 1.595613e-02
0.001825 T17-2219 8.465048e-03 4.232524e-03 0.000000e+00 9.900000e+01 1.000249e-02 5.001245e-03 1.574776e-02 7.873880e-03 4.622297e-02 1.377211e-02 4.986002e-02 6.209037e-03 4.234529e-02 1.545973e-02
0.001825 T17-2087 3.070676e-02 1.535338e-02 1.515543e-02 7.577714e-03 0.000000e+00 9.900000e+01 4.044732e-02 1.532572e-02 3.430006e-02 1.151096e-02 5.565906e-02 7.454388e-03 8.542389e-02 1.558379e-02
0.001825 T17-1638 6.086156e-03 3.043078e-03 7.666129e-03 3.833065e-03 1.536927e-02 7.684633e-03 0.000000e+00 9.900000e+01 1.637821e-02 8.189103e-03 2.414870e-02 5.468409e-03 3.317742e-02 1.631887e-02
0.001825 T17-1717 2.134955e-02 1.067478e-02 2.233667e-02 1.116834e-02 6.147722e-02 1.686724e-02 4.821987e-02 1.540528e-02 6.798251e-02 1.233743e-02 1.368585e-01 6.435386e-03 1.528399e-01 1.515760e-02
0.001825 T17-1690 1.264085e-02 6.320427e-03 3.130850e-02 1.565425e-02 2.770982e-02 1.385491e-02 6.614900e-02 1.569430e-02 1.081989e-01 1.203451e-02 2.082845e-01 6.086067e-03 2.732970e-01 1.877431e-02
0.001825 T17-1367 1.306391e-02 6.531954e-03 2.229317e-02 1.114658e-02 5.205481e-03 2.602740e-03 2.023945e-02 1.011972e-02 9.081075e-03 4.540538e-03 3.342165e-02 6.578860e-03 1.621550e-02 8.107749e-03
0.001825 T17-1411 3.588225e-02 1.794112e-02 3.034989e-02 1.517495e-02 8.779654e-03 4.389827e-03 0.000000e+00 9.900000e+01 5.853648e-03 2.926824e-03 4.936176e-02 5.429300e-03 5.042395e-02 1.498104e-02
0.001825 T17-2014 4.288141e-02 1.862355e-02 1.190864e-02 5.954319e-03 2.227414e-03 1.113707e-03 2.603454e-02 1.301727e-02 5.169959e-02 1.282942e-02 1.176430e-01 9.175873e-03 1.208108e-01 1.749496e-02
0.001825 T17-2016 3.595316e-02 1.690724e-02 2.145050e-02 1.072525e-02 2.493760e-02 1.246880e-02 1.438882e-02 7.194411e-03 0.000000e+00 9.900000e+01 2.608906e-02 5.692739e-03 6.732671e-03 3.366336e-03
0.001825 T17-2052 0.000000e+00 9.900000e+01 0.000000e+00 9.900000e+01 4.334622e-02 1.607231e-02 1.245266e-02 6.226329e-03 3.175229e-02 1.283655e-02 2.985859e-02 5.853928e-03 5.238864e-02 1.541197e-02
0.001825 T17-1998 2.583353e-02 1.291676e-02 5.132251e-02 2.128849e-02 3.487567e-02 1.742204e-02 4.576613e-02 1.594844e-02 7.413776e-02 1.367746e-02 1.365091e-01 5.700370e-03 1.443067e-01 1.494132e-02
0.001825 T17-2126 1.295006e-02 6.475028e-03 6.440285e-02 2.185885e-02 4.052653e-02 1.814467e-02 5.017803e-02 1.657444e-02 5.366737e-02 1.269626e-02 1.068072e-01 6.736858e-03 1.441710e-01 1.625912e-02
0.001825 T17-2155 6.285291e-02 2.754683e-02 3.901510e-02 1.950755e-02 1.262567e-01 3.228955e-02 1.770413e-01 3.394858e-02 2.422657e-01 3.201109e-02 2.694961e-01 2.027619e-02 2.295145e-01 2.658909e-02
0.001825 T17-2116 9.258638e-02 2.072396e-02 5.274107e-02 2.027861e-02 1.190121e-01 1.836838e-02 9.560313e-02 1.552702e-02 1.759230e-01 1.322392e-02 3.313459e-01 7.719273e-03 4.158751e-01 1.538602e-02
0.001825 T17-2101 1.723855e-02 8.619275e-03 9.744566e-03 4.872283e-03 5.613795e-02 1.604343e-02 3.643818e-02 1.583622e-02 5.429155e-02 1.345640e-02 9.446925e-02 5.746758e-03 1.030948e-01 1.480287e-02
0.001825 T17-2127 2.507956e-02 1.253978e-02 1.180026e-02 5.900130e-03 8.829588e-03 4.414794e-03 0.000000e+00 9.900000e+01 6.488454e-03 3.244227e-03 2.605166e-02 6.087774e-03 4.814213e-02 1.551275e-02
0.001825 T17-2081 1.031996e-02 5.159981e-03 0.000000e+00 9.900000e+01 0.000000e+00 9.900000e+01 2.334357e-02 1.167179e-02 2.798882e-02 1.267574e-02 3.891480e-02 6.168691e-03 5.283119e-02 1.477411e-02
0.001825 T17-2218 4.579007e-02 1.998160e-02 6.606854e-03 3.303427e-03 0.000000e+00 9.900000e+01 8.964114e-03 4.482057e-03 1.479795e-02 7.398976e-03 4.050741e-02 6.196053e-03 8.740297e-02 1.602330e-02
0.001825 T17-2214 4.045237e-02 2.022618e-02 8.959418e-03 4.479709e-03 3.693260e-02 1.790010e-02 3.010785e-02 1.505392e-02 4.420648e-02 1.430643e-02 8.455327e-02 6.474954e-03 1.235706e-01 1.627657e-02
0.001825 T17-2220 0.000000e+00 9.900000e+01 2.875655e-02 1.437828e-02 1.590001e-02 7.950003e-03 4.358226e-02 1.595605e-02 2.785832e-02 1.307267e-02 5.147169e-02 6.812014e-03 6.297752e-02 1.706381e-02
0.001825 T17-2231 8.816725e-02 1.928751e-02 8.529183e-02 2.373676e-02 1.805779e-01 1.687006e-02 1.502467e-01 1.755597e-02 2.806106e-01 1.522898e-02 4.440243e-01 9.156468e-03 4.904588e-01 1.445916e-02
0.001825 T17-2190 1.132785e-02 5.663924e-03 4.612804e-02 2.178204e-02 0.000000e+00 9.900000e+01 1.253785e-02 6.268926e-03 1.840371e-02 9.201857e-03 3.261291e-02 5.980682e-03 5.378451e-02 1.542603e-02
0.001825 T17-2252 2.928080e-02 1.464040e-02 9.276497e-03 4.638248e-03 1.844911e-02 9.224553e-03 2.866847e-02 1.433423e-02 2.218106e-02 1.109053e-02 5.340684e-02 6.440803e-03 5.380500e-02 1.613032e-02
0.001825 T17-2159 2.486982e-02 1.243491e-02 4.287519e-02 1.903169e-02 5.246170e-02 1.715910e-02 4.892256e-02 1.584817e-02 5.923362e-02 1.301761e-02 1.010912e-01 5.919459e-03 1.537235e-01 1.335160e-02
0.001825 T17-2200 3.416936e-02 1.708468e-02 0.000000e+00 9.900000e+01 5.516711e-02 1.501674e-02 5.430701e-02 1.629328e-02 1.014442e-01 1.188085e-02 1.320094e-01 5.842537e-03 1.874830e-01 1.550378e-02
0.001825 T17-2250 1.273634e-02 6.368170e-03 2.843686e-02 1.421843e-02 1.751010e-02 8.755051e-03 0.000000e+00 9.900000e+01 1.808925e-02 9.044625e-03 2.497352e-02 5.761301e-03 8.072368e-03 4.036184e-03
0.001825 T17-0914 3.707495e-02 1.665113e-02 1.556780e-02 7.783898e-03 2.577565e-02 1.288782e-02 1.165007e-02 5.825033e-03 0.000000e+00 9.900000e+01 3.067957e-02 5.525325e-03 1.162919e-02 5.814595e-03
0.001825 T17-0897 0.000000e+00 9.900000e+01 4.853426e-03 2.426713e-03 0.000000e+00 9.900000e+01 3.425226e-02 1.507422e-02 2.023506e-02 1.011753e-02 6.324489e-02 6.613368e-03 6.680404e-02 1.464466e-02
0.001825 T17-1038 0.000000e+00 9.900000e+01 1.919827e-02 9.599133e-03 4.101056e-02 1.868346e-02 4.192208e-02 1.923258e-02 3.378279e-03 1.689140e-03 3.930238e-02 5.361187e-03 1.924280e-02 9.621398e-03
0.001825 T17-1074 8.092299e-03 4.046149e-03 2.340218e-02 1.170109e-02 8.544038e-03 4.272019e-03 2.253402e-02 1.126701e-02 3.385760e-02 1.307912e-02 9.150630e-02 5.998422e-03 1.231687e-01 1.452486e-02
0.001825 T17-1003 5.707180e-03 2.853590e-03 4.432827e-02 1.972525e-02 2.885259e-02 1.442629e-02 8.145699e-02 1.631844e-02 1.057429e-01 1.202016e-02 2.058609e-01 6.724651e-03 2.385780e-01 1.544993e-02
0.001825 T17-1131 4.778674e-02 1.684036e-02 1.443371e-02 7.216857e-03 1.100206e-02 5.501030e-03 0.000000e+00 9.900000e+01 2.026109e-02 1.013054e-02 5.621198e-02 6.149694e-03 5.828737e-02 1.428475e-02
0.001825 T17-1029 0.000000e+00 9.900000e+01 2.382624e-03 1.191312e-03 6.084682e-03 3.042341e-03 1.770158e-02 8.850790e-03 1.362567e-03 6.812837e-04 2.678495e-02 5.143698e-03 6.022431e-02 1.402954e-02
0.001825 T17-1113 6.305466e-02 1.731366e-02 9.076502e-02 1.861008e-02 1.368354e-01 1.610127e-02 1.386241e-01 1.667124e-02 2.245532e-01 1.200660e-02 3.375622e-01 7.197930e-03 3.865843e-01 1.579599e-02
0.001825 T17-0912 2.157008e-02 1.078504e-02 3.727712e-02 1.863856e-02 3.825967e-02 1.686126e-02 3.097751e-02 1.548875e-02 0.000000e+00 9.900000e+01 4.419726e-02 5.941344e-03 4.136830e-02 1.463426e-02
0.001825 T17-0863 8.566516e-02 1.962674e-02 9.104615e-02 2.082650e-02 1.204262e-01 1.955485e-02 1.394901e-01 1.961649e-02 1.838593e-01 1.297259e-02 2.951739e-01 6.368606e-03 3.185360e-01 1.549153e-02
0.001825 T17-0874 5.951355e-03 2.975677e-03 0.000000e+00 9.900000e+01 0.000000e+00 9.900000e+01 2.394529e-02 1.197264e-02 1.727137e-02 8.635686e-03 4.298694e-02 6.072414e-03 9.053052e-02 1.645821e-02
0.001825 T17-0764 2.274324e-02 1.137162e-02 3.505319e-02 1.752659e-02 0.000000e+00 9.900000e+01 0.000000e+00 9.900000e+01 1.513530e-02 7.567648e-03 3.460556e-02 5.469686e-03 3.974525e-02 1.612948e-02
0.001825 T17-0793 4.093607e-02 2.046804e-02 0.000000e+00 9.900000e+01 3.889606e-02 1.891276e-02 1.033149e-02 5.165747e-03 2.196899e-02 1.098449e-02 3.575572e-02 7.149667e-03 5.218916e-02 1.633117e-02
0.001825 T17-0843 2.135690e-02 1.067845e-02 0.000000e+00 9.900000e+01 6.897469e-02 1.882247e-02 7.480606e-02 1.842170e-02 1.013875e-01 1.398929e-02 1.657299e-01 8.221472e-03 1.942545e-01 1.525312e-02
0.001825 T17-0826 0.000000e+00 9.900000e+01 6.420624e-02 2.442872e-02 1.627597e-02 8.137983e-03 5.151898e-04 2.575949e-04 1.854213e-02 9.271066e-03 3.017657e-02 5.898311e-03 5.086504e-02 1.503214e-02
0.001825 T17-0869 1.077836e-02 5.389180e-03 2.658552e-02 1.329276e-02 0.000000e+00 9.900000e+01 1.983794e-02 9.918970e-03 2.643242e-02 1.321621e-02 5.468596e-02 5.702179e-03 7.076851e-02 1.600055e-02
0.001825 T17-0903 2.067985e-02 1.033992e-02 6.240696e-02 1.986631e-02 4.764213e-02 1.811793e-02 7.086153e-02 1.861091e-02 1.371750e-01 1.430614e-02 2.407307e-01 7.005761e-03 2.701558e-01 1.533115e-02
0.001825 T17-1065 0.000000e+00 9.900000e+01 2.257365e-02 1.128683e-02 2.801683e-02 1.400841e-02 5.338547e-02 1.631946e-02 4.454044e-02 1.256341e-02 3.541000e-02 5.516088e-03 3.778043e-02 1.477546e-02
0.001825 T17-1061 1.130825e-03 5.654126e-04 1.074381e-02 5.371903e-03 2.832444e-02 1.416222e-02 2.607076e-02 1.303538e-02 3.790314e-02 1.296298e-02 7.330906e-02 5.378820e-03 7.772393e-02 1.610457e-02
0.001825 T17-0997 4.321458e-03 2.160729e-03 3.034451e-02 1.517226e-02 4.920361e-02 1.750132e-02 3.857609e-02 1.668720e-02 3.220471e-02 1.235891e-02 6.697672e-02 6.741858e-03 1.025112e-01 1.521567e-02
0.001825 T17-0998 1.965210e-02 9.826051e-03 0.000000e+00 9.900000e+01 4.484758e-04 2.242379e-04 2.905860e-02 1.452930e-02 4.928801e-02 1.721319e-02 5.903512e-02 7.483523e-03 7.200348e-02 1.657142e-02
0.001825 T17-0994 8.345107e-02 1.898472e-02 9.233876e-02 2.074620e-02 1.237570e-01 1.610667e-02 1.400833e-01 1.690083e-02 2.514758e-01 1.510058e-02 4.095091e-01 7.478831e-03 4.951118e-01 1.824958e-02
0.001825 T17-0987 0.000000e+00 9.900000e+01 6.651571e-03 3.325786e-03 9.238193e-03 4.619097e-03 0.000000e+00 9.900000e+01 3.837836e-02 1.312171e-02 3.761917e-02 6.490313e-03 5.663499e-02 1.705282e-02
0.001825 T17-1060 2.263156e-02 1.131578e-02 4.078479e-02 2.039239e-02 2.909517e-02 1.454759e-02 8.214003e-02 1.693493e-02 7.651779e-02 1.249074e-02 1.305508e-01 6.332463e-03 1.480267e-01 1.747325e-02
0.001825 T17-1500 2.148981e-02 1.074490e-02 2.622430e-02 1.311215e-02 2.281025e-02 1.140512e-02 1.438106e-02 7.190532e-03 2.357676e-02 1.178838e-02 5.654704e-02 8.319361e-03 8.656481e-02 2.038162e-02
0.001825 T17-1774 1.354495e-02 6.772473e-03 2.025291e-04 1.012645e-04 0.000000e+00 9.900000e+01 0.000000e+00 9.900000e+01 4.558433e-03 2.279216e-03 1.899890e-02 6.234256e-03 5.758961e-02 1.407867e-02
0.001825 T17-1615 3.298168e-02 1.550776e-02 6.064718e-02 1.978564e-02 1.008487e-01 1.720720e-02 1.217820e-01 1.460254e-02 1.830796e-01 1.179439e-02 2.925958e-01 6.178071e-03 3.855838e-01 1.492836e-02
0.001825 T17-1728 3.006162e-02 1.503081e-02 3.243162e-02 1.621581e-02 3.796658e-02 1.637400e-02 7.789354e-03 3.894677e-03 5.155832e-02 1.111101e-02 7.757525e-02 5.350118e-03 1.159485e-01 1.642921e-02
0.001825 T17-1623 2.277958e-02 1.138979e-02 1.582880e-02 7.914399e-03 0.000000e+00 9.900000e+01 8.927942e-03 4.463971e-03 5.172751e-04 2.586375e-04 2.420121e-02 5.564373e-03 3.171664e-02 1.539787e-02
0.001825 T17-1203 5.106138e-02 2.010800e-02 3.631286e-02 1.815643e-02 6.963447e-02 1.632581e-02 5.920070e-02 1.773901e-02 9.550797e-02 1.217575e-02 1.542389e-01 5.868496e-03 2.137525e-01 1.458338e-02
0.001825 T17-1541 1.067524e-02 5.337618e-03 1.055004e-02 5.275018e-03 2.013020e-02 1.006510e-02 0.000000e+00 9.900000e+01 0.000000e+00 9.900000e+01 2.977867e-02 5.767282e-03 2.329003e-02 1.164502e-02
0.001825 T17-1887 6.424926e-02 1.594443e-02 7.813279e-02 1.885796e-02 8.440828e-02 1.754176e-02 8.438523e-02 1.401798e-02 1.780858e-01 1.117978e-02 2.673317e-01 6.046855e-03 3.551379e-01 1.382838e-02
0.001825 T17-1859 2.175427e-02 1.087714e-02 1.251554e-02 6.257770e-03 4.834922e-02 1.524494e-02 6.613429e-02 1.363053e-02 8.379067e-02 1.194250e-02 1.527051e-01 5.575739e-03 1.330857e-01 1.481736e-02
0.001825 T17-1875 7.563308e-02 1.565347e-02 6.874413e-02 1.747920e-02 1.089117e-01 1.666097e-02 1.157637e-01 1.423548e-02 1.917471e-01 1.267731e-02 3.225517e-01 5.885172e-03 3.795999e-01 1.293272e-02
0.001825 T17-1984 4.072604e-02 1.566989e-02 2.139937e-02 1.069969e-02 0.000000e+00 9.900000e+01 3.237823e-03 1.618911e-03 1.700198e-02 8.500988e-03 2.246480e-02 5.118020e-03 1.884564e-02 9.422819e-03
0.001825 T17-1986 2.661660e-02 1.330830e-02 3.738982e-02 1.764922e-02 7.454813e-03 3.727406e-03 2.124917e-02 1.062458e-02 1.433170e-03 7.165851e-04 5.202505e-02 5.557261e-03 6.897485e-02 1.557559e-02
0.001825 T17-2091 6.405129e-02 1.606761e-02 6.197620e-02 1.822422e-02 6.871034e-02 1.589522e-02 7.167426e-02 1.499076e-02 1.306809e-01 1.115513e-02 1.999795e-01 5.623752e-03 2.262240e-01 1.360698e-02
0.001825 T17-2135 4.157294e-04 2.078647e-04 2.037460e-03 1.018730e-03 3.750755e-02 1.577922e-02 5.187850e-02 1.538135e-02 6.639261e-02 1.178250e-02 9.992278e-02 5.449381e-03 1.238204e-01 1.374801e-02
0.001825 T17-2096 9.778362e-03 4.889181e-03 9.886953e-03 4.943476e-03 1.733502e-02 8.667510e-03 2.376705e-02 1.188353e-02 5.077326e-02 1.136740e-02 9.049740e-02 6.665449e-03 2.972946e-02 1.486473e-02
0.001825 T17-2107 5.889346e-02 1.558504e-02 8.703283e-02 2.015460e-02 1.197620e-01 1.557211e-02 1.134521e-01 1.471322e-02 1.724595e-01 1.323302e-02 3.072259e-01 7.138138e-03 4.796186e-01 1.738885e-02
0.001825 T17-1845 5.397751e-02 1.737085e-02 2.347307e-02 1.173653e-02 3.357410e-02 1.515287e-02 1.898464e-02 9.492322e-03 3.630503e-02 1.047681e-02 5.592458e-02 5.940071e-03 6.643370e-02 1.442749e-02
0.001825 T17-1825 6.505001e-03 3.252501e-03 7.871445e-03 3.935722e-03 6.601294e-03 3.300647e-03 2.256737e-02 1.128368e-02 2.983619e-02 1.259951e-02 6.870191e-02 5.937327e-03 9.036847e-02 1.548092e-02
0.001825 T17-2086 2.502349e-02 1.251174e-02 4.083039e-02 1.872338e-02 2.502896e-02 1.251448e-02 1.129894e-02 5.649469e-03 4.888965e-02 1.081804e-02 6.082792e-02 5.818366e-03 8.456517e-02 1.455977e-02
0.001825 T17-2080 2.700956e-02 1.350478e-02 1.588265e-03 7.941325e-04 1.037808e-03 5.189042e-04 0.000000e+00 9.900000e+01 2.540008e-02 1.033981e-02 5.583453e-02 5.959605e-03 5.628281e-02 1.588099e-02
0.001825 T17-1183 2.073833e-03 1.036916e-03 0.000000e+00 9.900000e+01 6.082153e-03 3.041077e-03 2.578611e-02 1.289305e-02 1.854170e-02 9.270848e-03 2.400497e-02 5.794772e-03 6.035372e-02 1.567953e-02
0.001825 T17-1246 1.997561e-03 9.987803e-04 9.841484e-03 4.920742e-03 0.000000e+00 9.900000e+01 1.827023e-02 9.135115e-03 0.000000e+00 9.900000e+01 2.779175e-02 6.054260e-03 2.700522e-02 1.350261e-02
0.001825 T17-1374 1.226177e-02 6.130886e-03 2.083359e-03 1.041680e-03 0.000000e+00 9.900000e+01 2.939706e-02 1.469853e-02 4.721450e-02 1.176010e-02 8.677453e-02 6.014474e-03 1.251071e-01 1.349336e-02
0.001825 T17-1531 0.000000e+00 9.900000e+01 3.282130e-02 1.641065e-02 1.901242e-02 9.506212e-03 1.338268e-02 6.691341e-03 2.851841e-02 1.115372e-02 6.557713e-02 5.497467e-03 9.459740e-02 1.519760e-02
0.001825 T17-1431 0.000000e+00 9.900000e+01 2.802594e-02 1.401297e-02 4.758085e-03 2.379043e-03 1.478100e-02 7.390502e-03 8.792082e-03 4.396041e-03 5.289584e-02 5.488529e-03 8.263538e-02 1.436859e-02
0.001825 T17-1109 6.539391e-03 3.269696e-03 3.086400e-02 1.543200e-02 1.587440e-02 7.937200e-03 2.849773e-02 1.424887e-02 3.968379e-02 1.272255e-02 4.761872e-02 5.700885e-03 8.352022e-02 1.497077e-02
0.001825 T17-1119 6.768391e-03 3.384196e-03 0.000000e+00 9.900000e+01 2.993326e-02 1.496663e-02 1.079165e-03 5.395823e-04 3.726212e-02 1.261463e-02 5.059094e-02 7.087852e-03 5.103520e-02 1.457550e-02
0.001825 T17-1535 3.925523e-02 1.632351e-02 1.412007e-02 7.060035e-03 2.711353e-02 1.355677e-02 9.767283e-03 4.883641e-03 1.974063e-02 9.870317e-03 4.796927e-02 6.288845e-03 4.539706e-02 1.457356e-02
0.001825 T17-1434 1.579135e-02 7.895674e-03 9.784933e-03 4.892466e-03 3.725894e-03 1.862947e-03 0.000000e+00 9.900000e+01 0.000000e+00 9.900000e+01 2.717334e-02 5.520152e-03 6.205257e-02 1.463475e-02
0.001825 T17-1458 2.411040e-02 1.205520e-02 1.683273e-02 8.416363e-03 4.775213e-02 1.568063e-02 7.003434e-02 1.404540e-02 7.235250e-02 1.182963e-02 1.066171e-01 6.058140e-03 1.659980e-01 1.632646e-02
0.001825 T17-1447 5.049071e-02 1.675962e-02 3.790887e-02 1.795486e-02 5.683677e-02 1.563879e-02 8.451492e-02 1.594767e-02 9.892490e-02 1.291796e-02 1.675986e-01 5.164380e-03 2.086194e-01 1.814432e-02
0.001825 T17-1538 2.169279e-02 1.084640e-02 2.278131e-02 1.139065e-02 3.086900e-02 1.543450e-02 3.681130e-02 1.475822e-02 4.618196e-02 1.082829e-02 8.043438e-02 6.133569e-03 1.237066e-01 1.565270e-02
0.001825 T17-1400 5.555207e-02 1.557356e-02 3.850909e-02 1.925454e-02 6.905985e-02 1.824638e-02 7.855671e-02 1.590588e-02 1.227414e-01 1.155603e-02 2.197638e-01 5.616456e-03 2.994551e-01 1.359272e-02
0.001825 T17-1373 2.667967e-02 1.333983e-02 2.371682e-02 1.185841e-02 2.551333e-02 1.275666e-02 3.381975e-02 1.467760e-02 6.783172e-02 1.257318e-02 1.072395e-01 5.645052e-03 1.628980e-01 1.508515e-02
0.001825 T17-1449 2.102581e-02 1.051291e-02 3.052378e-02 1.526189e-02 4.791041e-02 1.526222e-02 2.797960e-02 1.398980e-02 7.096991e-02 1.289035e-02 1.053141e-01 5.122739e-03 1.443320e-01 1.354875e-02
0.001825 T17-1688 1.789469e-02 8.947347e-03 5.080093e-02 1.800446e-02 5.836759e-02 1.588457e-02 6.764443e-02 1.325947e-02 1.563361e-01 1.228075e-02 2.980863e-01 6.591683e-03 4.376537e-01 1.433575e-02
0.001825 T17-1819 0.000000e+00 9.900000e+01 1.461602e-02 7.308009e-03 2.114551e-02 1.057276e-02 5.012549e-02 1.402288e-02 2.361609e-02 1.180805e-02 4.755196e-02 5.103384e-03 7.810197e-02 1.496307e-02
0.001825 T17-1939 3.474111e-02 1.698386e-02 8.613853e-02 1.648550e-02 4.758315e-02 1.659164e-02 6.090983e-02 1.347904e-02 9.126207e-02 1.034720e-02 1.411360e-01 5.306546e-03 1.626687e-01 1.396867e-02
0.001825 T17-1961 2.459183e-02 1.229592e-02 1.513121e-02 7.565603e-03 2.144929e-02 1.072464e-02 3.436842e-02 1.436764e-02 5.667322e-02 1.095184e-02 1.167107e-01 5.868052e-03 1.688059e-01 1.434074e-02
0.001825 T17-1954 0.000000e+00 9.900000e+01 1.091739e-02 5.458696e-03 0.000000e+00 9.900000e+01 5.174546e-02 1.282649e-02 3.191538e-02 1.166610e-02 8.707040e-02 5.392923e-03 1.243512e-01 1.390319e-02
0.001825 T17-2032 1.010063e-02 5.050316e-03 2.026686e-02 1.013343e-02 2.651852e-03 1.325926e-03 1.792874e-02 8.964370e-03 2.105623e-02 1.052811e-02 2.226275e-02 5.035125e-03 4.790324e-02 1.421429e-02
0.001825 T17-2073 2.357821e-02 1.178911e-02 2.534315e-02 1.267157e-02 3.923467e-02 1.471529e-02 3.892426e-03 1.946213e-03 6.137049e-02 1.127645e-02 1.034905e-01 5.446101e-03 1.623040e-01 1.340630e-02
0.001825 T17-2029 1.732701e-02 8.663505e-03 2.052414e-02 1.026207e-02 2.626227e-02 1.313114e-02 2.972444e-02 1.486222e-02 1.992845e-02 9.964224e-03 3.113718e-02 6.059761e-03 5.240598e-02 1.552623e-02
0.001825 T17-1666 6.842224e-03 3.421112e-03 4.689979e-02 1.891687e-02 3.457064e-02 1.527578e-02 3.886543e-02 1.447157e-02 4.519766e-02 1.183370e-02 4.450496e-02 5.478665e-03 4.571237e-02 1.424240e-02
0.001825 T17-1739 1.209467e-02 6.047336e-03 2.624021e-02 1.312011e-02 1.630341e-02 8.151706e-03 1.437770e-02 7.188851e-03 3.419989e-02 1.104196e-02 2.124726e-02 5.095921e-03 3.186407e-02 1.530850e-02
0.001825 T17-1744 5.671568e-03 2.835784e-03 0.000000e+00 9.900000e+01 6.137811e-03 3.068906e-03 2.601663e-02 1.300831e-02 2.324268e-02 1.008273e-02 3.678306e-02 5.660894e-03 5.235347e-02 1.425793e-02
0.001825 T17-1740 3.477197e-02 1.738598e-02 0.000000e+00 9.900000e+01 4.365638e-03 2.182819e-03 4.642809e-02 1.591215e-02 4.128620e-02 1.133110e-02 8.915331e-02 5.249476e-03 1.313773e-01 1.430120e-02
0.001825 T17-1750 5.562149e-03 2.781074e-03 1.471630e-02 7.358149e-03 6.270280e-02 1.451403e-02 3.062139e-02 1.531070e-02 7.011583e-02 1.223011e-02 1.442747e-01 5.337484e-03 2.220226e-01 1.511037e-02
0.001825 T17-1721 1.494872e-02 7.474360e-03 1.500636e-02 7.503178e-03 1.099714e-02 5.498569e-03 3.507089e-02 1.457902e-02 5.022928e-02 1.314056e-02 6.322301e-02 5.537224e-03 8.465217e-02 1.412638e-02
0.001825 T17-1865 2.467179e-02 1.233590e-02 6.399059e-03 3.199530e-03 2.476299e-02 1.238149e-02 2.531259e-02 1.265630e-02 1.360779e-02 6.803893e-03 4.765199e-02 5.543526e-03 6.619208e-02 1.426943e-02
0.001825 T17-1913 9.188242e-05 4.594121e-05 2.836530e-02 1.418265e-02 2.912834e-02 1.456417e-02 3.653254e-02 1.455795e-02 1.751630e-02 8.758151e-03 5.294276e-02 6.377705e-03 8.669294e-02 1.403276e-02
0.001825 T17-1895 1.527577e-02 7.637887e-03 7.901768e-03 3.950884e-03 2.535102e-02 1.267551e-02 2.364231e-02 1.182116e-02 4.809155e-02 1.218911e-02 7.856849e-02 5.398910e-03 1.361093e-01 1.546496e-02
0.001825 T17-1934 3.738038e-02 1.698229e-02 0.000000e+00 9.900000e+01 1.296199e-02 6.480996e-03 1.801658e-02 9.008291e-03 2.667847e-02 1.097652e-02 4.595989e-02 4.973070e-03 4.608597e-02 1.404619e-02
0.001825 T17-1941 1.910488e-03 9.552439e-04 8.236342e-03 4.118171e-03 0.000000e+00 9.900000e+01 0.000000e+00 9.900000e+01 0.000000e+00 9.900000e+01 3.237482e-02 5.554369e-03 2.710502e-02 1.355251e-02
0.001825 T17-1861 1.415743e-02 7.078717e-03 5.066488e-02 1.907033e-02 1.079835e-02 5.399173e-03 4.629753e-02 1.558920e-02 5.366467e-02 1.084860e-02 1.365955e-01 5.018272e-03 1.784729e-01 1.361846e-02
0.001825 T17-1882 3.249274e-03 1.624637e-03 4.866709e-02 1.752520e-02 4.054162e-02 1.550021e-02 0.000000e+00 9.900000e+01 3.299248e-02 1.160401e-02 6.016308e-02 5.616790e-03 8.800671e-02 1.335447e-02
0.001825 T17-1928 2.227845e-02 1.113922e-02 3.529689e-02 1.764845e-02 2.120000e-02 1.060000e-02 2.708895e-02 1.354448e-02 5.546910e-02 1.267153e-02 6.814045e-02 5.289208e-03 1.156460e-01 1.435670e-02
0.001825 T17-1900 1.108070e-02 5.540348e-03 3.278010e-02 1.639005e-02 0.000000e+00 9.900000e+01 0.000000e+00 9.900000e+01 1.184223e-02 5.921116e-03 5.457444e-02 5.964974e-03 5.991732e-02 1.328359e-02
0.001825 T17-0740 6.162817e-02 2.130479e-02 8.836377e-02 2.137555e-02 1.903175e-01 2.044675e-02 1.777745e-01 1.762540e-02 2.799723e-01 1.378979e-02 3.748020e-01 6.756487e-03 4.144837e-01 1.549118e-02
0.001825 T17-0737 3.419370e-02 1.709685e-02 0.000000e+00 9.900000e+01 5.188811e-02 1.833537e-02 4.590060e-02 1.702710e-02 1.336680e-01 1.370370e-02 1.596229e-01 7.380638e-03 1.811025e-01 1.572360e-02
0.001825 T17-0720 1.162820e-02 5.814101e-03 3.643836e-02 1.821918e-02 4.540803e-03 2.270402e-03 1.093448e-02 5.467242e-03 1.160077e-02 5.800387e-03 6.183543e-02 6.526152e-03 9.533700e-02 1.550029e-02
0.001825 T17-0739 0.000000e+00 9.900000e+01 3.331216e-02 1.665608e-02 1.669152e-02 8.345759e-03 3.038255e-02 1.519127e-02 3.646914e-02 1.301001e-02 6.725964e-02 6.293683e-03 7.646773e-02 1.602650e-02
0.001825 T17-0753 2.629815e-02 1.314908e-02 7.988700e-03 3.994350e-03 2.898456e-02 1.449228e-02 5.184382e-03 2.592191e-03 1.675537e-02 8.377686e-03 6.566775e-02 6.849400e-03 4.573578e-02 1.653706e-02
0.001825 T17-0776 0.000000e+00 9.900000e+01 0.000000e+00 9.900000e+01 2.125884e-03 1.062942e-03 2.879417e-02 1.439709e-02 5.537734e-02 1.333330e-02 7.153519e-02 6.714904e-03 9.081539e-02 1.677718e-02
0.001825 T17-0833 7.078442e-02 1.808076e-02 8.185620e-02 2.025480e-02 1.439515e-01 2.158881e-02 1.635619e-01 2.086455e-02 2.475069e-01 1.414463e-02 3.892483e-01 7.299074e-03 4.663371e-01 1.640082e-02
0.001825 T17-0803 0.000000e+00 9.900000e+01 2.156422e-02 1.078211e-02 0.000000e+00 9.900000e+01 2.064835e-02 1.032418e-02 5.380093e-02 1.265327e-02 9.839934e-02 6.026587e-03 1.258508e-01 1.472213e-02
0.001825 T17-0815 0.000000e+00 9.900000e+01 3.829793e-02 1.914896e-02 3.184085e-02 1.592042e-02 1.629302e-02 8.146508e-03 4.678434e-02 1.278537e-02 1.029633e-01 6.694480e-03 1.619502e-01 1.578651e-02
0.001825 T17-0722 5.384416e-03 2.692208e-03 2.319572e-02 1.159786e-02 1.249074e-02 6.245370e-03 3.301422e-02 1.650711e-02 2.540065e-02 1.270032e-02 3.909168e-02 6.039952e-03 5.269771e-02 1.496108e-02
0.001825 T17-0791 2.898814e-02 1.449407e-02 4.371087e-02 2.185544e-02 3.713118e-02 1.756714e-02 4.574758e-02 1.629470e-02 7.247799e-02 1.391789e-02 1.087354e-01 7.488317e-03 1.320910e-01 1.945530e-02
0.001825 T17-0788 2.387843e-02 1.193922e-02 4.560943e-02 1.941199e-02 5.489895e-02 2.032023e-02 8.474528e-02 1.769209e-02 1.078072e-01 1.303591e-02 1.818192e-01 1.027813e-02 2.221960e-01 1.830145e-02
0.001825 T17-0800 1.255001e-02 6.275007e-03 2.771137e-02 1.385568e-02 2.274113e-02 1.137057e-02 1.313536e-02 6.567681e-03 1.874584e-02 9.372922e-03 4.190636e-02 5.804679e-03 5.533190e-02 1.539590e-02
0.001825 T17-0785 0.000000e+00 9.900000e+01 3.444510e-02 1.722255e-02 6.765664e-03 3.382832e-03 3.354654e-02 1.677327e-02 3.028572e-02 1.176900e-02 4.173736e-02 5.781964e-03 4.998663e-02 1.472855e-02
0.001825 T17-0759 2.589573e-02 1.294787e-02 2.735936e-02 1.367968e-02 3.080291e-02 1.540145e-02 2.564733e-02 1.282366e-02 1.644052e-02 8.220259e-03 3.987199e-02 5.691868e-03 3.034842e-02 1.483585e-02
0.001825 T17-0787 1.746262e-02 8.731311e-03 5.085175e-02 2.461140e-02 4.253969e-02 1.769214e-02 1.266605e-02 6.333025e-03 9.408150e-03 4.704075e-03 3.103486e-02 5.201700e-03 2.925889e-02 1.462944e-02
0.001825 T17-0749 2.522818e-02 1.261409e-02 2.156276e-02 1.078138e-02 4.113836e-02 1.771713e-02 6.714414e-02 1.531727e-02 1.110900e-01 1.448054e-02 1.556935e-01 5.189299e-03 1.718370e-01 1.450498e-02
0.001825 T17-0916 1.210224e-02 6.051118e-03 0.000000e+00 9.900000e+01 0.000000e+00 9.900000e+01 1.290006e-02 6.450028e-03 3.963141e-02 1.252189e-02 4.637000e-02 5.843001e-03 3.937045e-02 1.475247e-02
0.001825 T17-0886 4.492673e-02 1.992565e-02 8.064827e-03 4.032414e-03 9.548018e-02 2.003697e-02 5.691685e-02 1.909404e-02 1.302177e-01 1.670398e-02 2.320160e-01 1.711703e-02 2.951412e-01 2.973557e-02
0.001825 T17-1079 3.482566e-02 1.741283e-02 2.891640e-02 1.445820e-02 0.000000e+00 9.900000e+01 4.426090e-03 2.213045e-03 1.261614e-02 6.308071e-03 1.441494e-02 5.732708e-03 6.491809e-02 1.446907e-02
0.001825 T17-0978 4.529302e-02 1.901093e-02 0.000000e+00 9.900000e+01 0.000000e+00 9.900000e+01 4.612554e-03 2.306277e-03 3.145556e-02 1.395577e-02 7.058372e-02 6.457648e-03 6.298303e-02 1.691933e-02
0.001825 T17-0999 0.000000e+00 9.900000e+01 1.845756e-02 9.228782e-03 3.673619e-02 1.796276e-02 1.851361e-02 9.256807e-03 3.286415e-02 1.270386e-02 2.960277e-02 5.970552e-03 4.915989e-02 1.576809e-02
0.001825 T17-1027 0.000000e+00 9.900000e+01 7.607219e-03 3.803610e-03 3.457318e-02 1.728659e-02 0.000000e+00 9.900000e+01 1.107308e-02 5.536542e-03 6.232431e-02 5.964430e-03 7.027234e-02 1.483203e-02
0.001825 T17-1053 2.678735e-02 1.339367e-02 2.550843e-02 1.275422e-02 1.215444e-02 6.077220e-03 3.498055e-02 1.749028e-02 6.350313e-02 1.411866e-02 9.796239e-02 6.184974e-03 1.304240e-01 1.560089e-02
0.001825 T17-1020 1.432472e-02 7.162358e-03 9.244099e-06 4.622049e-06 6.234682e-02 1.906468e-02 6.053511e-02 1.952492e-02 1.171816e-01 1.209785e-02 1.849503e-01 6.597749e-03 2.772423e-01 1.483999e-02
0.001825 T17-0703 4.342597e-02 2.052159e-02 3.649837e-03 1.824919e-03 4.292335e-02 1.791365e-02 3.336790e-02 1.668395e-02 7.243013e-02 1.419618e-02 1.485548e-01 6.630270e-03 2.113071e-01 1.584245e-02
0.001825 T17-0733 0.000000e+00 9.900000e+01 8.113597e-04 4.056799e-04 1.587801e-02 7.939005e-03 1.002923e-02 5.014614e-03 5.993445e-02 1.237046e-02 8.248990e-02 6.010739e-03 1.249406e-01 1.514906e-02
0.001825 T17-0761 2.034266e-02 1.017133e-02 9.064191e-02 2.140364e-02 9.340886e-02 1.714702e-02 1.083571e-01 1.525520e-02 1.782776e-01 1.317079e-02 2.644494e-01 6.147327e-03 3.465672e-01 1.581508e-02
0.001825 T17-0742 5.285886e-02 1.856321e-02 6.256993e-03 3.128497e-03 7.891217e-03 3.945608e-03 4.034597e-03 2.017298e-03 1.542789e-02 7.713947e-03 1.978560e-02 7.215788e-03 5.237810e-02 1.443025e-02
0.001825 T17-0818 2.270612e-02 1.135306e-02 3.644564e-02 1.822282e-02 3.897700e-03 1.948850e-03 0.000000e+00 9.900000e+01 6.050768e-02 1.222170e-02 5.957384e-02 5.532508e-03 8.441422e-02 1.513326e-02
0.001825 T17-0806 4.040315e-02 1.991385e-02 5.150722e-02 2.157187e-02 5.316879e-02 1.759038e-02 7.563446e-02 1.559994e-02 6.078597e-02 1.445722e-02 1.088552e-01 5.839573e-03 1.029675e-01 1.403503e-02
0.001825 T17-0845 2.793387e-03 1.396694e-03 0.000000e+00 9.900000e+01 1.330649e-02 6.653247e-03 7.420383e-03 3.710192e-03 2.018758e-02 1.009379e-02 3.034210e-02 6.026763e-03 4.943839e-02 1.563954e-02
0.001825 T17-0924 5.674996e-04 2.837498e-04 3.086801e-02 1.543400e-02 2.745544e-02 1.372772e-02 1.499029e-02 7.495144e-03 4.180943e-02 1.245693e-02 4.258599e-02 5.682065e-03 8.145768e-02 1.432863e-02
0.001825 T17-0920 0.000000e+00 9.900000e+01 3.952235e-02 1.976117e-02 3.751905e-02 1.670458e-02 2.153688e-02 1.076844e-02 3.649870e-02 1.379199e-02 1.132404e-01 6.810112e-03 1.698321e-01 1.582899e-02
0.001825 T17-1008 1.273379e-02 6.366894e-03 5.388436e-02 1.899058e-02 5.475877e-02 1.526388e-02 3.309333e-02 1.654666e-02 1.161847e-01 1.341322e-02 1.689089e-01 6.560557e-03 2.407844e-01 1.535591e-02
0.001825 T17-0796 8.270139e-03 4.135070e-03 1.462060e-02 7.310301e-03 0.000000e+00 9.900000e+01 5.786024e-03 2.893012e-03 1.292797e-02 6.463985e-03 2.167826e-02 6.324733e-03 4.981228e-02 1.460595e-02
0.001825 T17-0891 2.191285e-02 1.095642e-02 2.454538e-02 1.227269e-02 0.000000e+00 9.900000e+01 5.667410e-03 2.833705e-03 0.000000e+00 9.900000e+01 3.089975e-02 6.226047e-03 4.678528e-02 1.551042e-02
0.001825 T17-0922 2.402384e-02 1.201192e-02 0.000000e+00 9.900000e+01 2.560584e-02 1.280292e-02 0.000000e+00 9.900000e+01 1.452379e-02 7.261895e-03 4.165432e-02 6.218487e-03 6.810595e-02 1.465247e-02
0.001825 T17-1188 1.837080e-02 9.185401e-03 9.255754e-02 1.974293e-02 4.076866e-02 1.835274e-02 7.310276e-02 1.500637e-02 9.412072e-02 1.120352e-02 1.531328e-01 5.644394e-03 1.896594e-01 1.387788e-02
0.001825 T17-1202 4.017505e-02 1.955849e-02 6.788601e-02 2.025004e-02 1.091955e-01 1.663476e-02 8.424817e-02 1.594817e-02 1.902590e-01 1.221046e-02 3.754023e-01 6.529257e-03 5.563457e-01 1.507232e-02
0.001825 T17-1168 2.528533e-02 1.264267e-02 1.142011e-02 5.710053e-03 4.022373e-02 1.645537e-02 2.794341e-02 1.397170e-02 1.491504e-02 7.457518e-03 3.953467e-02 5.368609e-03 5.068797e-02 1.432049e-02
0.001825 T17-1191 2.920870e-02 1.460435e-02 2.003782e-02 1.001891e-02 3.599077e-02 1.601812e-02 2.064983e-02 1.032492e-02 6.004250e-02 1.182653e-02 8.798439e-02 5.371361e-03 1.250293e-01 1.509180e-02
0.001825 T17-1085 3.375459e-02 1.687730e-02 3.643197e-02 1.821599e-02 7.390877e-02 1.832968e-02 6.247851e-02 1.624702e-02 9.961988e-02 1.310655e-02 2.028620e-01 6.606982e-03 2.663678e-01 1.540959e-02
0.001825 T17-1148 1.450449e-02 7.252247e-03 3.105680e-02 1.552840e-02 2.881666e-02 1.440833e-02 3.887928e-02 1.655817e-02 5.367426e-02 1.300668e-02 7.926103e-02 6.002466e-03 1.110640e-01 1.431158e-02
0.001825 T17-1184 2.803864e-02 1.401932e-02 0.000000e+00 9.900000e+01 0.000000e+00 9.900000e+01 2.149391e-03 1.074696e-03 2.707555e-02 1.294684e-02 5.485724e-02 5.283245e-03 7.914279e-02 1.481182e-02
0.001825 T17-1251 1.019884e-02 5.099419e-03 1.904121e-02 9.520607e-03 1.340374e-02 6.701871e-03 1.440892e-02 7.204461e-03 4.772585e-02 1.151318e-02 5.134864e-02 7.048522e-03 4.390372e-02 1.557725e-02
0.001825 T17-1228 9.425654e-03 4.712827e-03 6.733981e-03 3.366991e-03 3.408348e-02 1.633782e-02 0.000000e+00 9.900000e+01 8.925757e-03 4.462878e-03 3.183043e-02 6.484440e-03 6.165581e-02 1.466702e-02
0.001825 T17-1225 1.562332e-02 7.811658e-03 1.150299e-02 5.751497e-03 0.000000e+00 9.900000e+01 4.047222e-02 1.468005e-02 1.398754e-02 6.993769e-03 2.354723e-02 5.080886e-03 2.552391e-02 1.276196e-02
0.001825 T17-1267 4.207568e-02 1.859470e-02 5.097653e-02 2.053981e-02 1.784878e-02 8.924388e-03 5.065808e-02 1.503489e-02 4.850249e-02 1.331892e-02 8.698611e-02 6.113519e-03 8.901884e-02 1.394087e-02
0.001825 T17-1393 2.136228e-02 1.068114e-02 3.795629e-02 1.897815e-02 6.709564e-02 1.604172e-02 4.797018e-02 1.631894e-02 9.725226e-02 1.192996e-02 1.620122e-01 5.858811e-03 2.342292e-01 1.611716e-02
0.001825 T17-1365 0.000000e+00 9.900000e+01 4.158133e-02 1.794023e-02 2.058381e-02 1.029190e-02 6.156232e-02 1.494100e-02 7.674586e-02 1.195851e-02 1.084091e-01 5.917055e-03 1.612848e-01 1.454175e-02
0.001825 T17-1220 2.441063e-02 1.220531e-02 1.874121e-02 9.370607e-03 1.577581e-02 7.887906e-03 3.636783e-02 1.560923e-02 4.171197e-02 1.291847e-02 4.650211e-02 5.478471e-03 1.000292e-01 1.726042e-02
0.001825 T17-1206 4.597349e-03 2.298675e-03 5.571121e-03 2.785561e-03 4.138101e-02 1.665641e-02 1.896503e-02 9.482515e-03 7.440851e-02 1.309428e-02 1.655418e-01 5.743271e-03 2.186459e-01 1.320481e-02
0.001825 T17-1395 7.531909e-02 1.756051e-02 5.139001e-02 1.871044e-02 1.092078e-01 1.612281e-02 1.195752e-01 1.686879e-02 2.311283e-01 1.094517e-02 4.246807e-01 6.622423e-03 6.365966e-01 1.595445e-02
0.001825 T17-1420 8.231537e-03 4.115768e-03 3.567879e-02 1.783939e-02 4.335916e-02 1.676430e-02 1.347490e-02 6.737451e-03 2.092448e-02 1.046224e-02 1.938024e-02 6.003585e-03 4.374258e-02 1.492129e-02
0.001825 T17-1419 8.640634e-03 4.320317e-03 0.000000e+00 9.900000e+01 3.863011e-02 1.573902e-02 0.000000e+00 9.900000e+01 9.158769e-03 4.579385e-03 2.896489e-02 5.395991e-03 2.611384e-02 1.305692e-02
0.001825 T17-1358 8.224141e-02 1.774372e-02 1.029821e-01 1.810495e-02 1.269713e-01 1.783490e-02 1.390538e-01 1.548486e-02 2.338931e-01 1.343587e-02 3.796918e-01 6.711905e-03 5.031835e-01 1.507738e-02
0.001825 T17-1337 1.195302e-02 5.976509e-03 1.578751e-04 7.893756e-05 0.000000e+00 9.900000e+01 7.545490e-03 3.772745e-03 1.962632e-02 9.813160e-03 2.716203e-02 5.149713e-03 4.675078e-02 1.483891e-02
0.001825 T17-1407 4.798636e-04 2.399318e-04 5.138975e-03 2.569488e-03 1.318872e-02 6.594361e-03 0.000000e+00 9.900000e+01 2.625136e-02 1.124490e-02 2.933751e-02 5.337935e-03 5.064836e-02 1.289501e-02
0.001825 T17-1372 1.012764e-02 5.063822e-03 5.740864e-02 1.879960e-02 2.559182e-02 1.279591e-02 4.830828e-02 1.493592e-02 3.448724e-02 1.124693e-02 5.682551e-02 5.236066e-03 5.711323e-02 1.567693e-02
0.001825 T17-1091 3.307049e-03 1.653524e-03 0.000000e+00 9.900000e+01 0.000000e+00 9.900000e+01 2.024570e-02 1.012285e-02 3.766673e-02 1.289434e-02 3.116162e-02 5.065671e-03 5.423950e-02 1.354686e-02
0.001825 T17-1112 7.185257e-04 3.592628e-04 1.401520e-02 7.007598e-03 0.000000e+00 9.900000e+01 1.884178e-02 9.420888e-03 4.606362e-02 1.225005e-02 4.860896e-02 5.256367e-03 7.340959e-02 1.439838e-02
0.001825 T17-1151 2.797423e-02 1.398711e-02 5.206809e-02 1.859717e-02 1.098580e-01 1.646132e-02 1.072342e-01 1.504191e-02 1.669367e-01 1.226284e-02 2.901337e-01 7.816134e-03 3.589016e-01 1.517929e-02
0.001825 T17-1069 3.148745e-02 1.574373e-02 0.000000e+00 9.900000e+01 7.828742e-03 3.914371e-03 6.622598e-03 3.311299e-03 3.525450e-02 1.339821e-02 6.046752e-02 5.546334e-03 6.131216e-02 1.402665e-02
0.001825 T17-1101 2.651763e-02 1.325882e-02 9.073847e-03 4.536924e-03 0.000000e+00 9.900000e+01 2.229604e-02 1.114802e-02 1.487314e-02 7.436570e-03 2.829887e-02 5.477752e-03 4.133572e-02 1.370039e-02
0.001825 T17-1149 1.727671e-02 8.638356e-03 7.853875e-03 3.926937e-03 0.000000e+00 9.900000e+01 0.000000e+00 9.900000e+01 0.000000e+00 9.900000e+01 2.342963e-02 5.474833e-03 4.304776e-02 1.665525e-02
0.001825 T17-1137 1.810570e-02 9.052849e-03 6.675040e-02 1.853144e-02 4.040744e-02 1.747709e-02 4.371330e-02 1.923319e-02 7.954936e-02 1.111184e-02 1.338288e-01 5.762730e-03 1.704637e-01 1.433786e-02
0.001825 T17-1192 2.104373e-03 1.052186e-03 3.236903e-02 1.618451e-02 1.164743e-02 5.823715e-03 2.353810e-02 1.176905e-02 2.582824e-02 1.110185e-02 4.882935e-02 5.527121e-03 9.879510e-02 1.428548e-02
0.001825 T17-1215 1.209704e-02 6.048522e-03 0.000000e+00 9.900000e+01 0.000000e+00 9.900000e+01 3.507764e-02 1.600661e-02 0.000000e+00 9.900000e+01 3.304796e-02 5.811696e-03 4.886165e-02 1.595231e-02
0.001825 T17-1243 5.714123e-02 1.656048e-02 3.465312e-03 1.732656e-03 5.785545e-02 1.561873e-02 7.408089e-02 1.613243e-02 1.353471e-01 1.250817e-02 2.563096e-01 6.293016e-03 3.529757e-01 1.475449e-02
0.001825 T17-1176 1.136511e-03 5.682557e-04 2.562241e-02 1.281120e-02 1.584716e-02 7.923582e-03 5.693773e-02 1.928163e-02 3.963997e-02 1.291248e-02 1.133858e-01 5.957523e-03 1.412983e-01 1.698887e-02
0.001825 T17-1255 1.672000e-03 8.359998e-04 5.882750e-02 1.893387e-02 4.875800e-03 2.437900e-03 2.719632e-02 1.359816e-02 3.947052e-02 1.161847e-02 5.042168e-02 5.555498e-03 7.475273e-02 1.678028e-02
0.001825 T17-1319 3.759346e-02 1.776206e-02 3.571627e-03 1.785814e-03 3.488478e-02 1.633470e-02 0.000000e+00 9.900000e+01 2.591679e-02 1.140962e-02 4.401915e-02 5.721911e-03 3.698519e-02 1.392010e-02
0.001825 T17-1406 3.777856e-02 1.850484e-02 3.756401e-03 1.878200e-03 2.225285e-02 1.112643e-02 1.524940e-02 7.624698e-03 5.384315e-02 1.378334e-02 4.792004e-02 5.486592e-03 9.442404e-02 1.464704e-02
0.001825 T17-1364 0.000000e+00 9.900000e+01 1.282623e-02 6.413116e-03 1.716009e-02 8.580045e-03 4.304034e-02 1.506144e-02 2.491537e-02 1.132012e-02 4.902364e-02 6.037434e-03 5.855743e-02 1.555429e-02
0.001825 T17-1257 0.000000e+00 9.900000e+01 3.206604e-02 1.603302e-02 3.632387e-02 1.816194e-02 3.471809e-02 1.620536e-02 2.160591e-02 1.080296e-02 3.577559e-02 5.721938e-03 6.659295e-02 1.433905e-02
0.001825 T17-1321 1.569621e-02 7.848104e-03 3.485971e-02 1.742986e-02 1.016947e-02 5.084735e-03 0.000000e+00 9.900000e+01 5.041530e-02 1.154593e-02 5.546134e-02 5.469279e-03 8.547266e-02 1.450673e-02
0.001825 T17-1343 2.169936e-02 1.084968e-02 2.568954e-02 1.284477e-02 1.618421e-02 8.092103e-03 3.048257e-02 1.506801e-02 4.351600e-02 1.395543e-02 9.629039e-02 5.630768e-03 1.237734e-01 1.396854e-02
0.001825 T17-1162 2.727223e-02 1.363612e-02 5.079882e-03 2.539941e-03 0.000000e+00 9.900000e+01 1.776219e-02 8.881093e-03 2.468417e-02 1.057587e-02 4.812487e-02 5.818973e-03 6.943721e-02 1.407412e-02
0.001825 T17-1163 5.641586e-02 1.741555e-02 8.357371e-02 2.190689e-02 1.317477e-01 1.613413e-02 1.282825e-01 1.575994e-02 2.321082e-01 1.333027e-02 3.123590e-01 8.810043e-03 4.018569e-01 1.610154e-02
0.001825 T17-1253 0.000000e+00 9.900000e+01 5.772819e-03 2.886409e-03 4.705659e-02 1.834724e-02 5.564207e-03 2.782103e-03 5.051290e-02 1.107994e-02 9.624659e-02 5.885984e-03 1.494344e-01 1.360499e-02
0.001825 T17-1273 1.119935e-02 5.599673e-03 4.763290e-02 2.117821e-02 4.510795e-02 1.585623e-02 7.158505e-02 1.577872e-02 9.173022e-02 1.163766e-02 1.286915e-01 5.754668e-03 1.908055e-01 1.696923e-02
0.001825 T17-1283 3.689122e-02 1.725903e-02 1.008241e-02 5.041203e-03 1.493131e-02 7.465656e-03 2.836917e-02 1.418459e-02 4.806992e-02 1.194643e-02 6.280173e-02 5.497531e-03 7.606533e-02 1.573376e-02
0.001825 T17-1230 4.878341e-02 1.851711e-02 4.782894e-02 1.973753e-02 3.427505e-02 1.609708e-02 3.171553e-02 1.413691e-02 7.560130e-02 1.417068e-02 1.251153e-01 5.443205e-03 1.641497e-01 1.467544e-02
0.001825 T17-1313 1.239447e-02 6.197233e-03 2.238531e-02 1.119265e-02 5.497710e-02 1.548964e-02 8.970499e-02 1.571550e-02 1.294135e-01 1.147839e-02 2.960246e-01 6.652030e-03 4.934405e-01 1.381682e-02
0.001825 T17-1287 3.788308e-02 1.715041e-02 4.622126e-02 1.830631e-02 1.023646e-01 1.657459e-02 1.352178e-01 1.421944e-02 2.488720e-01 1.286192e-02 4.424919e-01 8.215283e-03 6.967489e-01 1.872677e-02
0.001825 T17-1496 2.958207e-02 1.479104e-02 2.058308e-02 1.029154e-02 2.684447e-02 1.342224e-02 2.378158e-02 1.189079e-02 6.078084e-02 1.337680e-02 9.508562e-02 4.794551e-03 1.393836e-01 1.353915e-02
0.001825 T17-1551 1.283504e-02 6.417522e-03 2.595973e-02 1.297987e-02 2.748028e-02 1.374014e-02 3.981056e-02 1.632268e-02 6.759495e-02 1.198346e-02 1.097298e-01 5.769501e-03 1.508690e-01 1.462867e-02
0.001825 T17-1553 1.046594e-02 5.232972e-03 1.839198e-02 9.195989e-03 1.210895e-02 6.054476e-03 1.656940e-02 8.284698e-03 6.956275e-03 3.478137e-03 2.215531e-02 5.555239e-03 5.934850e-02 1.523765e-02
0.001825 T17-1693 4.055259e-02 1.704530e-02 5.333403e-02 1.841855e-02 2.605997e-02 1.302998e-02 4.949444e-02 1.408696e-02 3.975300e-02 1.235359e-02 7.398480e-02 5.533646e-03 9.724676e-02 1.355271e-02
0.001825 T17-1686 2.953354e-02 1.476677e-02 1.112740e-02 5.563701e-03 2.890510e-02 1.445255e-02 2.961076e-02 1.473863e-02 2.480967e-02 1.192782e-02 7.728300e-02 6.179325e-03 1.288663e-01 1.627632e-02
0.001825 T17-1719 6.625069e-02 1.685646e-02 7.822807e-02 1.840104e-02 1.171314e-01 1.886240e-02 1.117081e-01 1.461512e-02 2.005337e-01 1.095532e-02 3.524284e-01 7.456262e-03 4.745070e-01 1.580885e-02
0.001825 T17-1737 2.141125e-02 1.070563e-02 5.098637e-02 1.819620e-02 2.636826e-02 1.318413e-02 4.455004e-03 2.227502e-03 3.190957e-02 1.139410e-02 2.301533e-02 6.208454e-03 5.046795e-02 1.542629e-02
0.001825 T17-1783 6.835459e-03 3.417729e-03 0.000000e+00 9.900000e+01 1.915560e-02 9.577798e-03 7.065150e-03 3.532575e-03 3.465912e-02 1.119106e-02 5.109219e-02 5.654091e-03 9.042739e-02 1.421856e-02
0.001825 T17-1754 2.147272e-02 1.073636e-02 1.033794e-02 5.168970e-03 4.385948e-02 1.542032e-02 1.547941e-02 7.739705e-03 5.131319e-02 1.205931e-02 6.853317e-02 5.665748e-03 7.427829e-02 1.477742e-02
0.001825 T17-1613 1.307865e-02 6.539325e-03 1.249096e-02 6.245481e-03 1.899323e-02 9.496617e-03 2.749199e-02 1.374599e-02 5.265895e-02 1.171516e-02 4.721061e-02 5.364961e-03 7.476887e-02 1.398023e-02
0.001825 T17-1616 3.426223e-02 1.706330e-02 2.199713e-02 1.099856e-02 7.930699e-02 1.641598e-02 5.766685e-02 1.698762e-02 1.163485e-01 1.145037e-02 1.940821e-01 5.984094e-03 2.802337e-01 1.393520e-02
0.001825 T17-1598 3.441068e-02 1.720534e-02 3.165963e-02 1.582982e-02 0.000000e+00 9.900000e+01 8.625860e-03 4.312930e-03 1.080016e-03 5.400082e-04 3.751462e-02 5.639532e-03 3.085037e-02 1.431113e-02
0.001825 T17-1648 5.222559e-02 1.862336e-02 1.137420e-01 2.231341e-02 1.342988e-01 1.929245e-02 1.650605e-01 1.912056e-02 1.594109e-01 1.571336e-02 2.827270e-01 1.526034e-02 3.782388e-01 1.997694e-02
0.001825 T17-1714 2.770134e-02 1.385067e-02 0.000000e+00 9.900000e+01 0.000000e+00 9.900000e+01 0.000000e+00 9.900000e+01 1.831587e-02 9.157937e-03 3.386114e-02 5.782537e-03 5.778606e-02 1.356712e-02
0.001825 T17-1746 7.892787e-03 3.946394e-03 0.000000e+00 9.900000e+01 0.000000e+00 9.900000e+01 5.664868e-03 2.832434e-03 1.896951e-02 9.484754e-03 4.796613e-02 5.757055e-03 5.462748e-02 1.545547e-02
0.001825 T17-1720 1.446105e-02 7.230523e-03 5.164567e-02 2.087795e-02 5.870594e-02 1.616810e-02 4.175636e-02 1.548884e-02 1.129317e-01 1.152559e-02 2.075673e-01 6.449374e-03 2.929482e-01 1.599661e-02
0.001825 T17-1743 7.937007e-05 3.968504e-05 8.478968e-03 4.239484e-03 1.790463e-02 8.952316e-03 2.247513e-02 1.123757e-02 1.083539e-02 5.417695e-03 3.034866e-02 5.189862e-03 3.463725e-02 1.501567e-02
0.001825 T17-1742 0.000000e+00 9.900000e+01 6.645133e-03 3.322566e-03 1.308583e-02 6.542914e-03 2.203262e-02 1.101631e-02 5.579830e-03 2.789915e-03 3.549834e-02 5.746758e-03 9.216649e-02 1.441414e-02
0.001825 T17-1477 2.063840e-02 1.031920e-02 5.482091e-03 2.741045e-03 1.099022e-02 5.495108e-03 1.317936e-02 6.589680e-03 8.710242e-03 4.355121e-03 4.007039e-02 5.567843e-03 5.334561e-02 1.318582e-02
0.001825 T17-1499 3.054814e-02 1.527407e-02 8.441064e-04 4.220532e-04 6.096705e-03 3.048353e-03 1.808861e-02 9.044305e-03 2.470427e-02 1.235214e-02 8.477791e-02 5.151468e-03 1.122307e-01 1.511728e-02
0.001825 T17-1455 2.844187e-02 1.422093e-02 5.973915e-02 1.918721e-02 7.893904e-02 1.612185e-02 1.101136e-01 1.465232e-02 1.969584e-01 1.286313e-02 3.426473e-01 7.184192e-03 4.985166e-01 1.570654e-02
0.001825 T17-1470 4.924267e-02 1.795864e-02 4.544829e-03 2.272414e-03 2.918866e-02 1.459433e-02 4.339956e-03 2.169978e-03 4.192414e-02 1.300753e-02 9.577018e-02 5.416637e-03 1.285524e-01 1.529890e-02
0.001825 T17-1529 2.574735e-02 1.287367e-02 9.538499e-03 4.769250e-03 0.000000e+00 9.900000e+01 0.000000e+00 9.900000e+01 2.892655e-02 1.120192e-02 3.714348e-02 5.631381e-03 5.961921e-02 1.344278e-02
0.001825 T17-1558 3.475180e-02 1.637334e-02 0.000000e+00 9.900000e+01 2.399232e-02 1.199616e-02 3.677681e-02 1.364560e-02 5.876051e-02 1.275669e-02 8.211338e-02 6.288989e-03 7.435136e-02 1.376028e-02
0.001825 T17-1488 8.230562e-03 4.115281e-03 1.038293e-02 5.191463e-03 9.958213e-04 4.979107e-04 1.899769e-02 9.498845e-03 1.847743e-02 9.238713e-03 4.462301e-02 5.500426e-03 5.748852e-02 1.470676e-02
0.001825 T17-1480 3.083773e-04 1.541886e-04 1.210077e-02 6.050383e-03 6.948607e-03 3.474303e-03 2.751623e-02 1.375811e-02 1.533307e-02 7.666535e-03 3.489639e-02 5.618423e-03 3.745179e-02 1.403442e-02
0.001825 T17-1471 8.827777e-03 4.413889e-03 0.000000e+00 9.900000e+01 2.866522e-02 1.433261e-02 8.137226e-03 4.068613e-03 2.190724e-02 1.095339e-02 3.693387e-02 6.697652e-03 6.267089e-02 1.390495e-02
0.001825 T17-1481 1.816190e-02 9.080948e-03 2.152444e-02 1.076222e-02 3.908686e-02 1.610482e-02 2.198784e-02 1.099392e-02 6.721519e-02 1.066079e-02 8.868110e-02 5.529917e-03 1.179816e-01 1.517448e-02
0.001825 T17-1526 0.000000e+00 9.900000e+01 3.035278e-02 1.517639e-02 2.160868e-02 1.080434e-02 6.145015e-03 3.072507e-03 9.957617e-03 4.978808e-03 4.781959e-02 5.904861e-03 6.475630e-02 1.406550e-02
0.001825 T17-1547 2.037901e-02 1.018951e-02 1.083299e-03 5.416494e-04 1.922632e-02 9.613159e-03 2.772955e-02 1.386478e-02 1.434574e-02 7.172872e-03 3.946048e-02 6.333251e-03 5.003114e-02 1.605427e-02
0.001825 T17-1559 3.373798e-02 1.588867e-02 1.206157e-03 6.030786e-04 0.000000e+00 9.900000e+01 0.000000e+00 9.900000e+01 2.563586e-02 1.191188e-02 3.493319e-02 5.750681e-03 4.279123e-02 1.545264e-02
0.001825 T17-1595 9.944547e-03 4.972273e-03 9.618475e-03 4.809238e-03 3.827285e-02 1.782720e-02 3.645454e-02 1.615309e-02 2.935072e-02 1.288277e-02 7.653597e-02 7.504506e-03 6.881059e-02 1.577766e-02
0.001825 T17-1805 9.565748e-02 1.732126e-02 8.734349e-02 1.897078e-02 1.366986e-01 1.677717e-02 1.540887e-01 1.506520e-02 2.881738e-01 1.239847e-02 4.468619e-01 7.528464e-03 5.868816e-01 1.501315e-02
0.001825 T17-1784 6.128761e-03 3.064381e-03 3.339926e-02 1.669963e-02 1.039891e-02 5.199457e-03 3.949833e-02 1.509660e-02 6.820236e-02 1.313765e-02 6.127044e-02 5.719157e-03 1.196027e-01 1.418301e-02
0.001825 T17-1813 9.644936e-03 4.822468e-03 3.305434e-03 1.652717e-03 3.365030e-02 1.561970e-02 5.689639e-02 1.661091e-02 5.162263e-02 1.179838e-02 1.160672e-01 5.741469e-03 1.579482e-01 1.464088e-02
0.001825 T17-1946 5.131468e-02 2.014885e-02 7.407396e-02 1.880715e-02 8.365948e-02 1.584934e-02 7.605961e-02 1.666887e-02 1.321652e-01 1.247141e-02 1.567547e-01 5.673657e-03 2.228079e-01 1.555827e-02
0.001825 T17-1956 1.689194e-02 8.445971e-03 0.000000e+00 9.900000e+01 4.012730e-02 1.527544e-02 1.606966e-02 8.034830e-03 5.785160e-02 1.127555e-02 4.940951e-02 5.651961e-03 9.808940e-02 1.524685e-02
0.001825 T17-1818 0.000000e+00 9.900000e+01 0.000000e+00 9.900000e+01 3.807359e-03 1.903679e-03 3.767988e-02 1.321629e-02 0.000000e+00 9.900000e+01 2.725000e-02 5.759919e-03 6.291183e-02 1.481239e-02
0.001825 T17-1890 4.180116e-04 2.090058e-04 1.925151e-02 9.625753e-03 2.240185e-02 1.120092e-02 1.848672e-02 9.243360e-03 2.494722e-02 1.247361e-02 4.417952e-02 5.751146e-03 6.700852e-02 1.556461e-02
0.001825 T17-1732 2.134803e-02 1.067401e-02 4.709229e-02 2.009190e-02 4.435791e-02 1.525999e-02 5.748007e-02 1.620500e-02 9.734396e-02 1.198487e-02 1.596795e-01 6.997709e-03 2.065055e-01 1.410530e-02
0.001825 T17-1831 6.478520e-02 1.702464e-02 3.654772e-02 1.787488e-02 6.059590e-02 1.594586e-02 6.742358e-02 1.457090e-02 1.087371e-01 1.465872e-02 1.881558e-01 6.539714e-03 2.575480e-01 1.418122e-02
0.001825 T17-1794 3.292197e-02 1.646099e-02 2.687606e-02 1.343803e-02 1.623933e-02 8.119663e-03 1.176759e-02 5.883796e-03 5.626208e-02 1.306173e-02 6.214752e-02 6.211775e-03 1.008772e-01 1.580531e-02
0.001825 T17-1814 7.895576e-02 1.690852e-02 7.682451e-02 1.752442e-02 1.137752e-01 1.736644e-02 1.377624e-01 1.717618e-02 2.294662e-01 1.121387e-02 3.600801e-01 6.654386e-03 5.063411e-01 1.773258e-02
0.001825 T17-1806 3.535672e-02 1.605957e-02 1.376183e-02 6.880913e-03 2.001266e-02 1.000633e-02 1.304727e-02 6.523633e-03 2.788835e-02 1.078286e-02 8.387883e-02 5.515336e-03 1.185943e-01 1.421147e-02
0.001825 T17-1801 2.094125e-02 1.047062e-02 4.962072e-02 1.857216e-02 3.731545e-02 1.622893e-02 1.774609e-02 8.873047e-03 7.811321e-02 1.269483e-02 8.984559e-02 5.771229e-03 1.295193e-01 1.612177e-02
0.001825 T17-1840 2.090898e-02 1.045449e-02 2.647692e-02 1.323846e-02 1.955587e-03 9.777937e-04 2.259251e-02 1.129625e-02 6.155805e-03 3.077902e-03 2.901934e-02 5.574136e-03 6.935962e-02 1.357264e-02
0.001825 T17-1944 9.626638e-03 4.813319e-03 0.000000e+00 9.900000e+01 3.581158e-02 1.634903e-02 1.484956e-02 7.424781e-03 3.953312e-02 1.140427e-02 5.243741e-02 5.410564e-03 9.371455e-02 1.469921e-02
0.001825 T17-1891 2.615874e-03 1.307937e-03 0.000000e+00 9.900000e+01 1.935905e-02 9.679525e-03 1.519001e-02 7.595003e-03 3.084337e-02 1.108618e-02 6.555215e-02 5.696511e-03 9.714861e-02 1.496881e-02
0.001825 T17-1933 0.000000e+00 9.900000e+01 3.216970e-03 1.608485e-03 6.211733e-02 1.488282e-02 3.423812e-02 1.529045e-02 6.356981e-02 1.190806e-02 1.352484e-01 5.511189e-03 1.826295e-01 1.318039e-02
0.001825 T17-1893 2.692515e-03 1.346257e-03 4.256531e-02 1.951353e-02 2.034821e-02 1.017410e-02 2.753739e-02 1.376869e-02 2.554506e-02 1.176842e-02 3.742976e-02 6.186190e-03 4.601094e-02 1.541230e-02
0.001825 T17-1509 2.156643e-02 1.078322e-02 8.459033e-04 4.229516e-04 3.091026e-02 1.545513e-02 1.442234e-02 7.211168e-03 1.641056e-02 8.205282e-03 6.611179e-02 6.066190e-03 6.475644e-02 1.477348e-02
0.001825 T17-1528 1.998105e-02 9.990524e-03 0.000000e+00 9.900000e+01 1.211634e-02 6.058170e-03 3.222214e-02 1.611107e-02 4.604910e-02 1.474380e-02 7.913548e-02 5.678059e-03 9.725388e-02 1.615486e-02
0.001825 T17-1417 0.000000e+00 9.900000e+01 8.519689e-03 4.259844e-03 2.965456e-02 1.482728e-02 4.617660e-02 1.457264e-02 4.215117e-02 1.258880e-02 1.389705e-01 5.763611e-03 2.171903e-01 1.540981e-02
0.001825 T17-1433 2.490947e-02 1.245474e-02 2.332540e-02 1.166270e-02 3.041771e-02 1.520886e-02 1.401453e-02 7.007267e-03 0.000000e+00 9.900000e+01 3.872610e-02 5.823581e-03 3.898734e-02 1.418951e-02
0.001825 T17-1441 8.215019e-03 4.107510e-03 9.882811e-03 4.941405e-03 1.945430e-02 9.727150e-03 4.340984e-02 1.436882e-02 5.561224e-02 1.255280e-02 8.996633e-02 5.544372e-03 1.137290e-01 1.514073e-02
0.001825 T17-1398 1.426500e-02 7.132501e-03 1.500129e-02 7.500645e-03 9.687249e-03 4.843625e-03 1.333921e-02 6.669603e-03 1.019729e-02 5.098646e-03 2.930385e-02 6.372999e-03 4.069593e-02 1.587212e-02
0.001825 T17-1416 0.000000e+00 9.900000e+01 2.150512e-02 1.075256e-02 3.762504e-02 1.622492e-02 5.928764e-02 1.738043e-02 9.020643e-02 1.278726e-02 1.657947e-01 5.818264e-03 3.085578e-01 1.422622e-02
0.001825 T17-1672 3.085840e-02 1.542920e-02 2.759102e-02 1.379551e-02 3.662742e-02 1.831371e-02 5.306708e-02 1.602143e-02 9.190631e-02 1.262536e-02 1.788789e-01 6.003709e-03 2.189722e-01 1.478371e-02
0.001825 T17-1628 3.050613e-02 1.525306e-02 2.507925e-02 1.253962e-02 5.338841e-02 1.559786e-02 7.029906e-02 1.618608e-02 6.834435e-02 1.457171e-02 1.545994e-01 6.178663e-03 2.098769e-01 1.470604e-02
0.001825 T17-1614 1.116483e-02 5.582414e-03 1.173506e-03 5.867532e-04 2.336825e-02 1.168412e-02 5.116239e-02 1.672795e-02 1.227827e-01 1.294641e-02 1.829547e-01 6.645652e-03 2.945661e-01 1.397238e-02
0.001825 T17-1602 1.574918e-02 7.874591e-03 0.000000e+00 9.900000e+01 8.856067e-03 4.428034e-03 5.193847e-02 1.492146e-02 5.398169e-02 1.171888e-02 9.301586e-02 6.705386e-03 1.526874e-01 1.561670e-02
0.001825 T17-1370 2.611492e-02 1.305746e-02 3.234706e-02 1.617353e-02 4.598204e-02 1.795222e-02 6.472678e-02 1.461502e-02 1.321607e-01 1.336463e-02 2.239368e-01 5.845105e-03 3.424375e-01 1.335502e-02
0.001825 T17-1412 3.438603e-02 1.719302e-02 4.897458e-02 1.852792e-02 1.032231e-01 1.917330e-02 9.662015e-02 1.794533e-02 2.030315e-01 1.195231e-02 3.922571e-01 7.301636e-03 5.921354e-01 1.792028e-02
0.001825 T17-1465 2.435423e-02 1.217711e-02 4.272533e-02 1.807770e-02 7.955923e-02 1.712636e-02 4.358834e-02 1.323555e-02 7.586318e-02 1.135275e-02 1.047615e-01 6.461096e-03 1.468344e-01 1.376325e-02
0.001825 T17-1525 4.182169e-02 1.646776e-02 3.521585e-02 1.760792e-02 4.442458e-02 1.740893e-02 3.113161e-02 1.556581e-02 1.305483e-01 1.306706e-02 2.643629e-01 9.237846e-03 4.102919e-01 1.780676e-02
0.001825 T17-1516 3.487567e-02 1.743784e-02 2.399114e-02 1.199557e-02 6.077265e-02 1.856483e-02 7.104048e-02 1.788328e-02 7.781638e-02 1.383201e-02 1.566126e-01 7.196649e-03 1.698482e-01 1.469564e-02
0.001825 T17-1569 1.537111e-02 7.685555e-03 0.000000e+00 9.900000e+01 3.421191e-02 1.581255e-02 3.226267e-02 1.450264e-02 4.143137e-02 1.218642e-02 8.628787e-02 5.921724e-03 1.327196e-01 1.569020e-02
0.001825 T17-1580 5.296812e-02 1.807168e-02 6.496786e-02 2.073251e-02 9.554142e-02 1.509811e-02 1.010664e-01 1.482345e-02 1.803179e-01 1.395889e-02 2.130025e-01 6.426740e-03 3.013704e-01 1.662436e-02
0.001825 T17-1588 4.491865e-02 1.741747e-02 4.006289e-02 1.866477e-02 6.780446e-02 1.494708e-02 6.460070e-02 1.482988e-02 1.895852e-01 1.144053e-02 3.119616e-01 6.934045e-03 4.267548e-01 1.734560e-02
0.001825 T17-1617 5.482497e-02 1.720082e-02 6.162265e-02 1.934491e-02 1.152755e-01 1.726292e-02 8.043065e-02 1.488082e-02 1.541913e-01 1.174261e-02 2.199111e-01 6.627903e-03 2.564273e-01 1.626267e-02
0.001825 T17-1550 1.343111e-02 6.715557e-03 2.006242e-02 1.003121e-02 3.252002e-02 1.626001e-02 2.415443e-02 1.207722e-02 6.381432e-02 1.616699e-02 1.031863e-01 7.132941e-03 1.674071e-01 1.515866e-02
0.001825 T17-1475 0.000000e+00 9.900000e+01 0.000000e+00 9.900000e+01 2.372052e-02 1.186026e-02 0.000000e+00 9.900000e+01 4.086591e-02 1.206051e-02 5.243271e-02 5.961322e-03 6.948639e-02 1.444314e-02
0.001825 T17-1556 1.456536e-02 7.282680e-03 5.017573e-02 1.799331e-02 0.000000e+00 9.900000e+01 3.351606e-02 1.643280e-02 2.458667e-02 1.229333e-02 5.174342e-02 6.081655e-03 7.848392e-02 1.322790e-02
0.001825 T17-1573 5.524080e-02 1.712302e-02 9.884125e-02 1.906276e-02 1.339700e-01 1.722405e-02 1.321975e-01 1.534592e-02 2.196783e-01 1.312544e-02 3.324510e-01 7.985440e-03 4.292718e-01 1.801195e-02
0.001825 T17-1579 1.277542e-02 6.387709e-03 0.000000e+00 9.900000e+01 3.618536e-02 1.637635e-02 0.000000e+00 9.900000e+01 1.589661e-02 7.948305e-03 3.715002e-02 5.422896e-03 4.454929e-02 1.676874e-02
0.001825 T17-1610 2.492640e-02 1.246320e-02 2.392471e-02 1.196235e-02 2.734495e-02 1.367247e-02 1.977111e-02 9.885556e-03 3.031932e-02 1.196816e-02 5.269627e-02 6.316765e-03 7.248171e-02 1.444181e-02
0.001825 T17-1584 0.000000e+00 9.900000e+01 1.941153e-02 9.705767e-03 1.962022e-02 9.810111e-03 3.258064e-02 1.615589e-02 7.963807e-02 1.162988e-02 1.370050e-01 5.472488e-03 2.038882e-01 1.379937e-02
0.001825 T17-1708 5.979644e-02 1.589962e-02 5.116497e-02 2.170610e-02 8.876327e-02 1.683899e-02 9.304117e-02 1.579918e-02 1.816806e-01 1.291835e-02 2.762580e-01 6.468439e-03 3.702316e-01 1.393937e-02
0.001825 T17-1724 3.721755e-02 1.574076e-02 5.096839e-02 1.822807e-02 7.584086e-02 1.672445e-02 8.066324e-02 1.740290e-02 1.489903e-01 1.330712e-02 2.356921e-01 5.598613e-03 3.565711e-01 1.551790e-02
0.001825 T17-1711 4.262305e-02 1.656003e-02 5.453838e-02 1.838686e-02 5.247951e-02 1.662446e-02 6.288212e-02 1.601145e-02 1.114858e-01 1.221644e-02 2.014942e-01 6.352684e-03 2.777295e-01 1.492208e-02
0.001825 T17-1698 1.832328e-03 9.161642e-04 8.278802e-03 4.139401e-03 2.283429e-02 1.141714e-02 0.000000e+00 9.900000e+01 2.350960e-02 1.175480e-02 2.810492e-02 6.476836e-03 6.184368e-02 1.459563e-02
0.001825 T17-1700 2.847272e-02 1.423636e-02 4.055849e-02 1.941527e-02 4.305493e-02 1.751169e-02 6.902591e-02 1.529566e-02 8.790889e-02 1.257679e-02 1.515277e-01 6.045945e-03 2.229380e-01 1.764913e-02
0.001825 T17-1718 2.564580e-02 1.282290e-02 5.180798e-03 2.590399e-03 3.851382e-02 1.575597e-02 3.809290e-02 1.420255e-02 6.250748e-02 1.328668e-02 1.182802e-01 6.507677e-03 2.014196e-01 1.522477e-02
0.001825 T17-1772 1.521068e-02 7.605342e-03 1.073264e-02 5.366319e-03 9.918564e-03 4.959282e-03 9.067984e-03 4.533992e-03 1.219190e-02 6.095952e-03 3.281789e-02 6.041737e-03 5.838210e-02 1.656743e-02
0.001825 T17-1786 4.055828e-02 1.725741e-02 3.135460e-02 1.567730e-02 5.476204e-02 1.606433e-02 6.140379e-02 1.513433e-02 4.920935e-02 1.167751e-02 9.925908e-02 6.274719e-03 1.282228e-01 1.300476e-02
0.001825 T17-1820 0.000000e+00 9.900000e+01 1.660079e-02 8.300393e-03 2.004785e-03 1.002393e-03 3.741392e-02 1.469316e-02 8.059615e-02 1.104658e-02 8.503989e-02 6.155867e-03 1.594365e-01 1.371682e-02
0.001825 T17-1764 8.138619e-03 4.069309e-03 3.918367e-02 1.796666e-02 4.794824e-02 1.678482e-02 7.940155e-02 1.707425e-02 1.304821e-01 1.140504e-02 1.922867e-01 5.464543e-03 2.621058e-01 1.417981e-02
0.001825 T17-1749 9.589424e-03 4.794712e-03 1.106254e-03 5.531272e-04 1.086423e-02 5.432114e-03 5.109762e-03 2.554881e-03 1.597910e-03 7.989548e-04 3.145566e-02 5.540119e-03 3.907406e-02 1.523193e-02
0.001825 T17-1816 9.377601e-03 4.688800e-03 8.146039e-03 4.073020e-03 2.387537e-02 1.193768e-02 4.530773e-02 1.507736e-02 3.094345e-02 1.134888e-02 4.969966e-02 6.000576e-03 6.632708e-02 1.547097e-02
0.001825 T17-1697 1.562627e-02 7.813133e-03 0.000000e+00 9.900000e+01 4.055931e-02 1.566049e-02 2.095689e-02 1.047845e-02 2.750711e-02 1.169534e-02 5.453719e-02 5.763830e-03 1.023912e-01 1.437380e-02
0.001825 T17-1730 2.224297e-02 1.112149e-02 0.000000e+00 9.900000e+01 3.729058e-02 1.601455e-02 4.733330e-03 2.366665e-03 5.118182e-02 1.159535e-02 5.639176e-02 6.294330e-03 8.469659e-02 1.444896e-02
0.001825 T17-1736 2.173031e-02 1.086515e-02 5.987718e-02 1.858802e-02 6.064713e-02 1.924724e-02 7.027565e-02 1.469101e-02 1.152988e-01 1.341739e-02 1.535198e-01 6.238635e-03 1.829419e-01 1.634658e-02
0.001825 T17-1734 7.962732e-02 1.912143e-02 8.381508e-02 2.163273e-02 1.233673e-01 1.650864e-02 1.232993e-01 1.519025e-02 2.054364e-01 1.270460e-02 2.537230e-01 5.940652e-03 2.977358e-01 1.381424e-02
0.001825 T17-1704 0.000000e+00 9.900000e+01 2.434611e-02 1.217305e-02 1.202895e-02 6.014474e-03 1.567147e-02 7.835735e-03 2.315466e-02 1.157733e-02 4.276930e-02 5.216035e-03 7.060479e-02 1.525212e-02
0.001825 T17-1747 0.000000e+00 9.900000e+01 5.854374e-03 2.927187e-03 3.973427e-02 1.531406e-02 0.000000e+00 9.900000e+01 3.803050e-02 1.609946e-02 7.424232e-02 6.377349e-03 1.046766e-01 1.412146e-02
0.001825 T17-1761 1.112822e-02 5.564112e-03 8.903745e-04 4.451872e-04 2.685963e-02 1.342982e-02 4.641575e-03 2.320788e-03 2.815682e-02 1.170803e-02 3.304792e-02 5.560308e-03 5.731510e-02 1.526932e-02
0.001825 T17-1738 3.604666e-02 1.795070e-02 3.825811e-02 1.912905e-02 3.268292e-02 1.503464e-02 3.238996e-02 1.538077e-02 6.024653e-02 1.255793e-02 8.230830e-02 6.347347e-03 1.057355e-01 1.390830e-02
0.001825 T17-1753 0.000000e+00 9.900000e+01 0.000000e+00 9.900000e+01 2.793765e-02 1.396883e-02 4.911752e-02 2.054566e-02 8.524990e-02 1.413410e-02 1.373222e-01 6.925315e-03 1.395816e-01 1.753876e-02
0.001825 T17-1799 0.000000e+00 9.900000e+01 1.008228e-03 5.041139e-04 2.475434e-02 1.237717e-02 2.466070e-02 1.233035e-02 4.235808e-02 1.107951e-02 4.966267e-02 6.186751e-03 6.077609e-02 1.596430e-02
0.001825 T17-1910 1.881525e-02 9.407626e-03 4.828903e-02 1.903423e-02 6.066011e-02 1.508330e-02 3.945687e-02 1.465209e-02 6.538652e-02 1.109170e-02 1.345888e-01 5.734595e-03 1.837829e-01 1.524407e-02
0.001825 T17-1867 8.368274e-04 4.184137e-04 1.543379e-02 7.716896e-03 2.974142e-03 1.487071e-03 2.921995e-02 1.437646e-02 3.876419e-02 1.346028e-02 6.777816e-02 6.135164e-03 1.259688e-01 1.426012e-02
0.001825 T17-1884 3.899670e-02 1.678342e-02 2.892899e-02 1.446449e-02 3.378639e-02 1.606270e-02 4.930145e-02 1.378505e-02 4.674116e-02 1.137276e-02 1.235382e-01 5.724556e-03 1.582701e-01 1.374991e-02
0.001825 T17-1957 5.699864e-02 1.660227e-02 2.694511e-02 1.347256e-02 5.753366e-02 1.488197e-02 7.784583e-02 1.517905e-02 1.599768e-01 1.031861e-02 2.663964e-01 6.120779e-03 3.980571e-01 1.545529e-02
0.001825 T17-1947 0.000000e+00 9.900000e+01 0.000000e+00 9.900000e+01 8.343108e-03 4.171554e-03 4.831207e-02 1.394346e-02 2.378832e-02 1.065620e-02 7.578238e-02 5.627776e-03 9.685777e-02 1.415898e-02
0.001825 T17-1864 1.351443e-02 6.757217e-03 2.835595e-02 1.417798e-02 4.791643e-02 1.614368e-02 2.149157e-02 1.074578e-02 6.657738e-02 1.169079e-02 1.009414e-01 5.404193e-03 1.280040e-01 1.472955e-02
0.001825 T17-1948 1.969635e-02 9.848173e-03 0.000000e+00 9.900000e+01 2.279715e-02 1.139858e-02 2.051987e-02 1.025993e-02 2.263363e-02 1.131682e-02 5.509762e-02 5.225919e-03 6.455473e-02 1.418372e-02
0.001825 T17-1640 4.526655e-02 2.052374e-02 6.482563e-02 2.000784e-02 8.426002e-02 1.609844e-02 8.745529e-02 1.532923e-02 1.401155e-01 1.262465e-02 1.777984e-01 5.764596e-03 2.912220e-01 1.500637e-02
0.001825 T17-1664 2.042709e-02 1.021354e-02 3.685349e-02 1.842675e-02 1.948251e-02 9.741256e-03 5.009672e-02 1.509311e-02 9.091272e-02 1.299390e-02 1.763779e-01 5.691964e-03 2.785569e-01 1.320691e-02
0.001825 T17-1762 2.294675e-02 1.147337e-02 1.214959e-02 6.074795e-03 0.000000e+00 9.900000e+01 0.000000e+00 9.900000e+01 4.198637e-02 1.342632e-02 5.013879e-02 6.088938e-03 5.571174e-02 1.436086e-02
0.001825 T17-1773 1.009264e-01 1.894473e-02 9.953036e-02 1.793011e-02 1.529241e-01 1.490584e-02 1.609291e-01 1.553087e-02 2.532492e-01 1.184148e-02 4.147378e-01 6.396003e-03 5.536818e-01 1.670380e-02
0.001825 T17-1748 2.771718e-02 1.385859e-02 0.000000e+00 9.900000e+01 2.163437e-02 1.081719e-02 2.143217e-02 1.071608e-02 5.099867e-02 1.131843e-02 8.548564e-02 5.632978e-03 7.535874e-02 1.568298e-02
0.001825 T17-1652 9.127346e-03 4.563673e-03 4.888565e-02 1.821502e-02 2.262948e-03 1.131474e-03 1.610908e-02 8.054542e-03 3.895800e-02 1.149059e-02 5.694517e-02 6.274497e-03 9.283327e-02 1.476657e-02
0.001825 T17-1843 8.790661e-03 4.395331e-03 1.946526e-02 9.732630e-03 1.211409e-02 6.057046e-03 2.376060e-02 1.188030e-02 1.744792e-02 8.723959e-03 4.791830e-02 6.990494e-03 7.417471e-02 1.672328e-02
0.001825 T17-1846 1.272763e-02 6.363816e-03 3.556028e-02 1.759124e-02 3.520337e-02 1.657439e-02 5.416723e-02 1.353410e-02 5.814699e-02 1.039780e-02 1.529364e-01 6.976470e-03 2.208786e-01 1.480299e-02
0.001825 T17-1811 5.168146e-02 1.926161e-02 0.000000e+00 9.900000e+01 3.283636e-02 1.641818e-02 1.655722e-02 8.278609e-03 2.830566e-02 1.081952e-02 6.041817e-02 5.312028e-03 6.850239e-02 1.436451e-02
0.001825 T17-1052 3.710515e-02 1.832499e-02 1.330986e-02 6.654929e-03 4.815205e-02 1.940455e-02 5.320585e-02 1.629374e-02 6.077912e-02 1.218076e-02 1.136447e-01 6.198027e-03 1.486332e-01 1.498712e-02
0.001825 T17-1105 2.059087e-02 1.029543e-02 1.270666e-02 6.353329e-03 0.000000e+00 9.900000e+01 0.000000e+00 9.900000e+01 2.350882e-02 1.163921e-02 2.859922e-02 5.693112e-03 2.541717e-02 1.270859e-02
0.001825 T17-1103 1.452242e-02 7.261208e-03 1.973813e-02 9.869064e-03 1.449705e-02 7.248524e-03 3.074965e-02 1.460315e-02 1.822537e-02 9.112685e-03 4.382211e-02 5.640782e-03 5.055325e-02 1.418907e-02
0.001825 T17-1123 3.420796e-03 1.710398e-03 1.607662e-02 8.038312e-03 0.000000e+00 9.900000e+01 1.781390e-02 8.906952e-03 9.473146e-03 4.736573e-03 2.950372e-02 6.704265e-03 3.052872e-02 1.432903e-02
0.001825 T17-1021 5.779985e-03 2.889993e-03 9.306568e-03 4.653284e-03 1.989868e-02 9.949339e-03 2.632879e-02 1.316440e-02 5.740409e-02 1.344099e-02 9.978849e-02 5.457925e-03 1.375555e-01 1.455535e-02
0.001825 T17-1024 2.509683e-02 1.254841e-02 1.495157e-02 7.475784e-03 5.866484e-04 2.933242e-04 1.332020e-02 6.660098e-03 3.667549e-02 1.418050e-02 6.899959e-02 5.744059e-03 9.298151e-02 1.382456e-02
0.001825 T17-1045 0.000000e+00 9.900000e+01 4.130783e-03 2.065391e-03 1.938003e-02 9.690016e-03 6.263896e-03 3.131948e-03 3.663929e-02 1.094636e-02 3.098609e-02 5.445785e-03 7.193517e-02 1.418008e-02
0.001825 T17-1030 0.000000e+00 9.900000e+01 2.045960e-02 1.022980e-02 2.918027e-02 1.459014e-02 3.943055e-02 1.661575e-02 7.961052e-02 1.238575e-02 1.475389e-01 5.959792e-03 2.026381e-01 1.618808e-02
0.001825 T17-1165 1.226764e-02 6.133821e-03 2.762422e-02 1.381211e-02 0.000000e+00 9.900000e+01 3.572842e-02 1.543180e-02 3.106515e-02 1.267467e-02 5.544968e-02 5.284627e-03 7.517114e-02 1.453167e-02
0.001825 T17-1223 3.757688e-02 1.583955e-02 1.536349e-02 7.681746e-03 4.422547e-02 1.736149e-02 3.717038e-02 1.401613e-02 8.295166e-02 1.341119e-02 1.640994e-01 7.283369e-03 2.383495e-01 1.521127e-02
0.001825 T17-1244 1.039069e-02 5.195343e-03 1.621321e-02 8.106605e-03 0.000000e+00 9.900000e+01 9.780419e-03 4.890210e-03 3.135939e-02 1.116100e-02 3.448170e-02 5.393843e-03 3.051547e-02 1.379394e-02
0.001825 T17-1232 4.251560e-02 1.698846e-02 3.835946e-02 1.917973e-02 1.458899e-02 7.294494e-03 4.504215e-02 1.697759e-02 9.312044e-02 1.250379e-02 1.606074e-01 6.553833e-03 2.085728e-01 1.423151e-02
0.001825 T17-1221 1.082214e-02 5.411070e-03 5.375459e-03 2.687729e-03 0.000000e+00 9.900000e+01 1.315845e-03 6.579225e-04 0.000000e+00 9.900000e+01 3.042034e-02 6.310960e-03 2.191202e-02 1.095601e-02
0.001825 T17-1218 5.199648e-02 1.849895e-02 1.135161e-02 5.675806e-03 3.761070e-02 1.606877e-02 4.888468e-02 1.454437e-02 4.774279e-02 1.236301e-02 8.122603e-02 6.368730e-03 1.316475e-01 1.401816e-02
0.001825 T17-1252 2.482489e-02 1.241245e-02 6.008028e-02 1.900864e-02 6.639030e-02 1.582945e-02 5.519214e-02 1.421309e-02 1.145420e-01 1.224646e-02 1.473709e-01 5.733486e-03 2.165336e-01 1.367917e-02
0.001825 T17-1019 1.985036e-02 9.925182e-03 1.469243e-02 7.346217e-03 5.165694e-03 2.582847e-03 2.817318e-03 1.408659e-03 2.425814e-02 1.146372e-02 3.604532e-02 5.970560e-03 4.563676e-02 1.425836e-02
0.001825 T17-1009 1.928461e-02 9.642306e-03 2.947803e-02 1.473902e-02 1.504922e-02 7.524611e-03 1.531651e-02 7.658253e-03 3.252289e-03 1.626144e-03 2.698784e-02 5.966901e-03 5.971222e-02 1.478147e-02
0.001825 T17-1050 2.581499e-02 1.290749e-02 4.409179e-02 1.773217e-02 4.958117e-02 1.636901e-02 5.729890e-02 1.609104e-02 8.902736e-02 1.360942e-02 1.800095e-01 5.910543e-03 2.867262e-01 1.547407e-02
0.001825 T17-1041 0.000000e+00 9.900000e+01 4.091421e-02 1.942725e-02 0.000000e+00 9.900000e+01 0.000000e+00 9.900000e+01 1.932238e-02 9.661191e-03 2.394383e-02 5.360044e-03 4.832935e-02 1.525929e-02
0.001825 T17-1004 5.563734e-02 1.806683e-02 3.096022e-02 1.548011e-02 7.705244e-03 3.852622e-03 0.000000e+00 9.900000e+01 3.804755e-02 1.115265e-02 4.514165e-02 5.734342e-03 7.230674e-02 1.367043e-02
0.001825 T17-1014 3.868051e-02 1.896194e-02 1.761436e-02 8.807179e-03 7.918102e-03 3.959051e-03 4.811159e-02 1.556381e-02 6.908904e-02 1.273481e-02 1.475467e-01 5.670681e-03 1.901879e-01 1.460948e-02
0.001825 T17-1160 3.070610e-03 1.535305e-03 2.501392e-03 1.250696e-03 1.563850e-02 7.819250e-03 1.080168e-03 5.400840e-04 3.722912e-02 1.116354e-02 5.729830e-02 5.764868e-03 5.979983e-02 1.489133e-02
0.001825 T17-1098 4.542922e-02 1.663979e-02 4.048042e-04 2.024021e-04 4.531532e-02 1.662128e-02 1.968497e-02 9.842485e-03 6.100421e-02 1.106916e-02 7.385395e-02 7.150132e-03 1.120197e-01 1.406960e-02
0.001825 T17-1217 1.346092e-02 6.730458e-03 0.000000e+00 9.900000e+01 2.086416e-02 1.043208e-02 3.485360e-02 1.660525e-02 5.260712e-02 1.298123e-02 8.067124e-02 5.983075e-03 1.052920e-01 1.568672e-02
0.001825 T17-1139 3.086560e-02 1.543280e-02 3.027532e-02 1.513766e-02 4.404209e-02 1.632556e-02 3.487490e-02 1.647380e-02 3.395436e-02 1.258281e-02 6.268048e-02 5.133356e-03 1.073371e-01 1.437635e-02
0.001825 T17-1138 3.294460e-02 1.647230e-02 1.494363e-02 7.471814e-03 3.330431e-02 1.569304e-02 3.019274e-02 1.509637e-02 6.258520e-02 1.261581e-02 7.734330e-02 6.184992e-03 1.142640e-01 1.537181e-02
0.001825 T17-1118 6.333630e-03 3.166815e-03 6.689870e-03 3.344935e-03 3.631138e-02 1.689117e-02 2.268260e-02 1.134130e-02 6.040823e-02 1.249118e-02 9.752670e-02 6.914827e-03 1.520104e-01 2.237743e-02
0.001825 T17-1146 2.198186e-02 1.099093e-02 1.710911e-02 8.554553e-03 2.587166e-03 1.293583e-03 7.277632e-03 3.638816e-03 5.158230e-02 1.292179e-02 5.880944e-02 6.449510e-03 1.058986e-01 1.607578e-02
0.001825 T17-1334 0.000000e+00 9.900000e+01 7.514405e-03 3.757203e-03 6.100082e-03 3.050041e-03 5.394863e-02 1.479273e-02 5.971714e-02 1.180693e-02 1.023405e-01 5.914920e-03 1.448503e-01 1.419419e-02
0.001825 T17-1314 6.351962e-02 1.669627e-02 4.584898e-02 1.911119e-02 7.613153e-02 1.590969e-02 5.384802e-02 1.478303e-02 1.199974e-01 1.390644e-02 1.885588e-01 6.075524e-03 2.381434e-01 1.487131e-02
0.001825 T17-1371 1.115014e-02 5.575068e-03 1.680558e-02 8.402792e-03 1.866495e-02 9.332473e-03 2.936861e-02 1.468431e-02 6.713094e-02 1.059561e-02 8.289879e-02 5.688608e-03 1.050696e-01 1.273659e-02
0.001825 T17-1397 3.254576e-02 1.627288e-02 4.283924e-02 1.964936e-02 9.101754e-02 1.410587e-02 8.763484e-02 1.530074e-02 1.850137e-01 1.248908e-02 3.428815e-01 6.840468e-03 4.930866e-01 1.394717e-02
0.001825 T17-1445 5.460562e-02 1.650297e-02 5.396085e-02 2.058218e-02 2.471809e-02 1.235904e-02 8.763571e-02 1.755571e-02 1.287921e-01 1.228571e-02 2.306480e-01 6.272890e-03 3.037606e-01 1.448522e-02
0.001825 T17-1444 2.474427e-02 1.237213e-02 3.541561e-02 1.770781e-02 5.373182e-02 1.468258e-02 4.201649e-02 1.816800e-02 9.111727e-02 1.177975e-02 1.387468e-01 5.501575e-03 1.709499e-01 1.493627e-02
0.001825 T17-1453 2.588136e-02 1.294068e-02 2.511917e-04 1.255959e-04 2.025159e-02 1.012579e-02 2.303076e-02 1.151538e-02 5.317307e-02 1.232998e-02 8.304274e-02 5.738688e-03 1.279400e-01 1.512066e-02
0.001825 T17-1391 0.000000e+00 9.900000e+01 3.397068e-02 1.698534e-02 3.464514e-02 1.667795e-02 2.609625e-02 1.304813e-02 3.937995e-02 1.104534e-02 1.006835e-01 5.315575e-03 1.372146e-01 1.536471e-02
0.001825 T17-1403 1.799438e-02 8.997191e-03 0.000000e+00 9.900000e+01 1.874041e-02 9.370204e-03 2.503984e-02 1.251992e-02 4.136475e-02 1.144609e-02 6.206551e-02 5.672679e-03 9.866659e-02 1.413715e-02
0.001825 T17-1327 8.712200e-03 4.356100e-03 3.391167e-02 1.695583e-02 7.506670e-02 1.663247e-02 4.220207e-02 1.420426e-02 1.072594e-01 1.268640e-02 1.754705e-01 6.247440e-03 2.157650e-01 1.417862e-02
0.001825 T17-1353 8.563575e-03 4.281787e-03 7.472225e-03 3.736112e-03 0.000000e+00 9.900000e+01 1.307176e-02 6.535882e-03 2.744653e-02 1.212416e-02 3.716872e-02 5.266848e-03 3.938283e-02 1.296664e-02
0.001825 T17-1347 3.246764e-02 1.623382e-02 4.068405e-02 1.893473e-02 6.464574e-02 1.496776e-02 4.620261e-02 1.460826e-02 1.446830e-01 1.092755e-02 1.939854e-01 5.934894e-03 2.802499e-01 1.466163e-02
0.001825 T17-1338 2.712117e-02 1.356058e-02 1.285762e-02 6.428808e-03 0.000000e+00 9.900000e+01 4.375407e-03 2.187704e-03 1.661144e-02 8.305722e-03 2.615616e-02 5.597586e-03 4.098204e-02 1.534432e-02
0.001825 T17-1369 1.747764e-02 8.738818e-03 1.169559e-02 5.847797e-03 3.802195e-02 1.789068e-02 3.715521e-02 1.520782e-02 1.176277e-01 1.191584e-02 1.747164e-01 6.094326e-03 2.647803e-01 1.372943e-02
0.001825 T17-1426 2.870245e-02 1.435122e-02 7.282726e-03 3.641363e-03 7.891553e-02 1.710963e-02 6.941734e-02 1.646042e-02 7.646694e-02 1.131906e-02 1.316984e-01 5.755331e-03 1.646096e-01 1.588601e-02
0.001825 T17-1456 3.508700e-02 1.754350e-02 1.829471e-02 9.147357e-03 0.000000e+00 9.900000e+01 6.229918e-03 3.114959e-03 2.765837e-02 1.152497e-02 6.764020e-02 6.083878e-03 5.585605e-02 1.366506e-02
0.001825 T17-1566 1.315572e-02 6.577861e-03 1.071816e-02 5.359079e-03 0.000000e+00 9.900000e+01 3.970164e-02 1.578785e-02 3.665488e-02 1.133765e-02 7.893629e-02 5.300763e-03 8.549823e-02 1.545561e-02
0.001825 T17-1506 3.693710e-02 1.728858e-02 8.361003e-03 4.180502e-03 3.089222e-02 1.544611e-02 4.397968e-02 1.497128e-02 6.614551e-02 1.513688e-02 1.514235e-01 9.340693e-03 1.818651e-01 1.939324e-02
0.001825 T17-1280 3.266191e-02 1.569204e-02 2.489828e-02 1.244914e-02 3.358042e-02 1.510677e-02 7.338037e-02 1.488372e-02 7.726959e-02 1.372895e-02 1.073381e-01 5.984935e-03 1.688874e-01 1.436789e-02
0.001825 T17-1339 7.216425e-03 3.608212e-03 0.000000e+00 9.900000e+01 0.000000e+00 9.900000e+01 4.673124e-03 2.336562e-03 6.108386e-03 3.054193e-03 4.434914e-02 5.528431e-03 5.890218e-02 1.453897e-02
0.001825 T17-1532 0.000000e+00 9.900000e+01 1.981934e-02 9.909672e-03 0.000000e+00 9.900000e+01 3.096965e-02 1.548482e-02 5.834678e-02 1.309712e-02 1.211491e-01 7.002255e-03 2.048611e-01 1.606263e-02
0.001825 T17-1590 1.348396e-02 6.741978e-03 6.035550e-02 2.075309e-02 8.530863e-03 4.265431e-03 1.531367e-02 7.656836e-03 4.203937e-02 1.258747e-02 4.299281e-02 5.561932e-03 7.622948e-02 1.497164e-02
0.001825 T17-1577 6.228100e-03 3.114050e-03 2.918671e-02 1.459336e-02 5.671662e-03 2.835831e-03 1.812646e-02 9.063229e-03 2.365473e-02 1.110711e-02 4.020250e-02 5.891723e-03 7.007697e-02 1.363785e-02
0.001825 T17-1735 0.000000e+00 9.900000e+01 2.522543e-02 1.261272e-02 2.436964e-02 1.218482e-02 1.711868e-02 8.559340e-03 3.648056e-02 1.192036e-02 7.008084e-02 5.308998e-03 1.191726e-01 1.395457e-02
0.001825 T17-1632 1.927012e-02 9.635061e-03 1.866276e-02 9.331380e-03 5.532620e-02 1.729531e-02 5.250368e-02 1.549171e-02 1.000241e-01 1.086673e-02 1.528316e-01 5.636193e-03 1.982279e-01 1.385811e-02
0.001825 T17-1576 0.000000e+00 9.900000e+01 1.042759e-02 5.213796e-03 4.767233e-03 2.383616e-03 1.400026e-02 7.000132e-03 2.962340e-02 1.147294e-02 4.133865e-02 5.380991e-03 8.980073e-02 1.413562e-02
0.001825 T17-1874 0.000000e+00 9.900000e+01 9.997221e-03 4.998611e-03 2.462523e-02 1.231261e-02 5.829269e-02 1.533607e-02 5.379812e-02 1.162875e-02 1.041753e-01 6.146413e-03 1.645467e-01 1.519243e-02
0.001825 T17-1850 2.641859e-03 1.320929e-03 3.198740e-02 1.599370e-02 0.000000e+00 9.900000e+01 2.573513e-02 1.286757e-02 1.602978e-02 8.014888e-03 4.862140e-02 5.173521e-03 5.391132e-02 1.349751e-02
0.001825 T17-1695 0.000000e+00 9.900000e+01 4.977187e-03 2.488593e-03 1.831558e-02 9.157792e-03 1.312523e-02 6.562617e-03 3.346708e-02 1.133110e-02 4.222100e-02 5.155106e-03 7.219966e-02 1.421701e-02
0.001825 T17-1248 0.000000e+00 9.900000e+01 2.160265e-02 1.080132e-02 0.000000e+00 9.900000e+01 2.648852e-02 1.324426e-02 4.648836e-02 1.207110e-02 7.180830e-02 5.808676e-03 7.527432e-02 1.531119e-02
0.001825 T17-1378 9.348353e-03 4.674176e-03 3.335388e-02 1.667694e-02 1.735590e-02 8.677950e-03 1.809209e-02 9.046043e-03 1.333436e-02 6.667179e-03 3.399579e-02 5.426835e-03 7.636046e-02 1.463796e-02
0.001825 T17-1375 3.888818e-02 1.673547e-02 1.074020e-02 5.370098e-03 6.641360e-02 1.550532e-02 6.294797e-02 1.768741e-02 1.394180e-01 1.232946e-02 2.747684e-01 6.765762e-03 4.384454e-01 1.663595e-02
0.001825 T17-1446 2.495506e-02 1.247753e-02 0.000000e+00 9.900000e+01 3.751137e-02 1.633540e-02 2.262424e-02 1.131212e-02 1.183423e-02 5.917114e-03 5.231179e-02 6.386795e-03 6.009636e-02 1.659143e-02
0.001825 T17-1479 1.698700e-02 8.493502e-03 4.609864e-02 2.025551e-02 1.403648e-02 7.018242e-03 3.668191e-02 1.677005e-02 4.235283e-02 1.158553e-02 6.753700e-02 5.478136e-03 7.883317e-02 1.506248e-02
0.001825 T17-1474 3.302896e-02 1.651448e-02 3.902258e-02 1.951129e-02 1.088765e-02 5.443825e-03 4.418328e-03 2.209164e-03 2.444407e-02 1.222204e-02 2.913676e-02 5.300585e-03 4.910504e-02 1.539362e-02
0.001825 T17-1286 5.348306e-02 1.932811e-02 5.476646e-03 2.738323e-03 3.661575e-02 1.569397e-02 5.886884e-02 1.551683e-02 6.458835e-02 1.229932e-02 9.726840e-02 5.620333e-03 1.348267e-01 1.426483e-02
0.001825 T17-1399 0.000000e+00 9.900000e+01 3.817591e-02 1.908796e-02 0.000000e+00 9.900000e+01 2.063994e-02 1.031997e-02 1.394460e-02 6.972299e-03 2.966529e-02 5.746208e-03 5.189760e-02 1.492223e-02
0.001825 T17-1432 8.393298e-02 1.858036e-02 8.921985e-02 2.043364e-02 1.479032e-01 1.547287e-02 1.444606e-01 1.806308e-02 2.415754e-01 1.303340e-02 4.088971e-01 8.991795e-03 5.574679e-01 1.574715e-02
0.001825 T17-1609 2.146234e-02 1.073117e-02 1.061715e-03 5.308573e-04 0.000000e+00 9.900000e+01 7.262314e-03 3.631157e-03 7.299662e-03 3.649831e-03 2.406439e-02 4.917664e-03 1.759151e-02 8.795757e-03
0.001825 T17-1530 0.000000e+00 9.900000e+01 0.000000e+00 9.900000e+01 3.881215e-02 1.615367e-02 2.207187e-02 1.103593e-02 2.522792e-02 1.102697e-02 4.815556e-02 5.297409e-03 7.362865e-02 1.575646e-02
0.001825 T17-1707 2.660131e-02 1.330065e-02 1.883652e-02 9.418260e-03 0.000000e+00 9.900000e+01 1.891407e-02 9.457034e-03 1.551463e-02 7.757313e-03 2.949493e-02 6.452015e-03 4.823084e-02 1.520959e-02
0.001825 T17-1629 3.303873e-02 1.651937e-02 1.513804e-02 7.569021e-03 1.816695e-02 9.083476e-03 1.693781e-02 8.468904e-03 3.363923e-02 1.134526e-02 2.548229e-02 5.622389e-03 5.742860e-02 1.583579e-02
0.001825 T17-2146 1.195357e-03 5.976786e-04 0.000000e+00 9.900000e+01 3.849249e-03 1.924625e-03 1.894095e-02 9.470473e-03 3.286754e-02 1.149971e-02 3.169005e-02 5.580360e-03 6.170273e-02 1.535344e-02
0.001825 T17-2160 4.071473e-03 2.035736e-03 1.813088e-02 9.065441e-03 0.000000e+00 9.900000e+01 1.848702e-02 9.243508e-03 9.915639e-03 4.957819e-03 2.351813e-02 5.604007e-03 5.003176e-02 1.519546e-02
0.001825 T17-2204 4.156047e-04 2.078023e-04 8.303847e-03 4.151924e-03 0.000000e+00 9.900000e+01 1.752566e-02 8.762829e-03 2.407120e-02 1.179355e-02 4.001213e-02 5.971057e-03 8.537575e-02 1.418025e-02
0.001825 T17-2177 1.523082e-02 7.615411e-03 2.389437e-02 1.194719e-02 4.455595e-02 1.740449e-02 4.955010e-02 1.403473e-02 1.116122e-01 1.133087e-02 1.823014e-01 6.004608e-03 2.366614e-01 1.419917e-02
0.001825 T17-2112 7.851699e-03 3.925850e-03 0.000000e+00 9.900000e+01 3.069569e-03 1.534785e-03 2.109486e-02 1.054743e-02 3.456244e-02 1.291854e-02 6.108353e-02 6.432808e-03 8.876630e-02 1.532750e-02
0.001825 T17-2162 1.171626e-02 5.858131e-03 3.336086e-03 1.668043e-03 3.135574e-02 1.567787e-02 2.684547e-02 1.342274e-02 3.023166e-02 1.139663e-02 4.019958e-02 5.935385e-03 5.526639e-02 1.397673e-02
0.001825 T17-2151 2.277609e-02 1.138804e-02 1.895316e-02 9.476581e-03 1.099876e-02 5.499380e-03 1.509657e-02 7.548283e-03 1.138282e-02 5.691408e-03 2.683415e-02 5.235783e-03 3.843215e-02 1.441455e-02
0.001825 T17-2104 6.427594e-03 3.213797e-03 0.000000e+00 9.900000e+01 4.538201e-03 2.269101e-03 0.000000e+00 9.900000e+01 3.422446e-02 1.125233e-02 3.053463e-02 5.265215e-03 4.515730e-02 1.466347e-02
0.001825 T17-2070 3.550187e-02 1.627756e-02 6.512790e-03 3.256395e-03 3.642351e-02 1.497492e-02 3.810642e-02 1.437793e-02 5.157933e-02 1.103807e-02 8.368817e-02 5.405331e-03 9.616118e-02 1.316695e-02
0.001825 T17-2170 4.429769e-02 1.652028e-02 3.097832e-02 1.548916e-02 9.628982e-03 4.814491e-03 4.101301e-02 1.418339e-02 5.111995e-02 1.240354e-02 9.219098e-02 5.234329e-03 9.025574e-02 1.427867e-02
0.001825 T17-2171 3.855046e-02 1.605096e-02 3.472197e-02 1.736098e-02 4.104608e-02 1.548658e-02 2.077943e-02 1.038972e-02 4.692950e-02 1.069891e-02 5.847181e-02 4.891719e-03 6.470798e-02 1.542544e-02
0.001825 T17-2179 1.650749e-02 8.253744e-03 1.717516e-02 8.587581e-03 3.658850e-02 1.467055e-02 3.485203e-02 1.399337e-02 5.268024e-02 1.242864e-02 8.387928e-02 5.899348e-03 9.082942e-02 1.477988e-02
0.001825 T17-2217 3.864890e-02 1.778899e-02 1.841302e-02 9.206510e-03 7.760546e-02 1.536108e-02 4.291699e-02 1.439662e-02 6.694504e-02 1.119341e-02 1.241807e-01 5.876712e-03 1.902633e-01 1.475937e-02
0.001825 T17-2079 1.424652e-02 7.123262e-03 2.054841e-02 1.027421e-02 7.860117e-03 3.930058e-03 0.000000e+00 9.900000e+01 1.846930e-02 9.234651e-03 2.476124e-02 5.222683e-03 4.153552e-02 1.560797e-02
0.001825 T17-2130 1.877085e-02 9.385426e-03 2.949984e-02 1.474992e-02 4.231334e-02 1.685865e-02 5.768591e-02 1.380419e-02 6.612656e-02 1.119603e-02 9.446012e-02 5.080225e-03 1.110036e-01 1.496743e-02
0.001825 T17-2131 3.524386e-02 1.607895e-02 6.124338e-02 1.985352e-02 1.071844e-01 1.524354e-02 8.693287e-02 1.478522e-02 1.964168e-01 1.194005e-02 2.859293e-01 6.224610e-03 3.057824e-01 1.446107e-02
0.001825 T17-2143 1.476925e-02 7.384625e-03 0.000000e+00 9.900000e+01 3.829411e-02 1.419226e-02 6.908744e-03 3.454372e-03 3.978164e-02 1.143578e-02 1.312318e-01 5.541909e-03 1.841239e-01 1.416027e-02
0.001825 T17-2193 0.000000e+00 9.900000e+01 2.981296e-02 1.490648e-02 3.329357e-04 1.664679e-04 2.523997e-03 1.261998e-03 2.334701e-02 1.132640e-02 3.763682e-02 5.369244e-03 4.688861e-02 1.520987e-02
0.001825 T17-2144 2.391938e-02 1.195969e-02 0.000000e+00 9.900000e+01 5.195941e-02 1.479474e-02 2.064553e-02 1.032277e-02 3.615288e-02 1.193852e-02 9.418282e-02 6.127008e-03 1.215452e-01 1.407937e-02
0.001825 T17-2148 1.333220e-02 6.666098e-03 2.804341e-02 1.402171e-02 0.000000e+00 9.900000e+01 0.000000e+00 9.900000e+01 4.223133e-02 1.048997e-02 3.798311e-02 6.017281e-03 6.758327e-02 1.334646e-02
0.001825 T17-2169 1.779776e-02 8.898879e-03 9.487898e-03 4.743949e-03 2.095464e-02 1.047732e-02 5.294000e-02 1.458210e-02 4.798026e-02 1.106116e-02 9.204904e-02 5.602059e-03 1.356322e-01 1.676705e-02
0.001825 T17-2207 1.294329e-03 6.471647e-04 1.777541e-02 8.887707e-03 0.000000e+00 9.900000e+01 0.000000e+00 9.900000e+01 0.000000e+00 9.900000e+01 2.612350e-02 5.283398e-03 3.986022e-02 1.369907e-02
0.001825 T17-2013 2.687215e-02 1.343607e-02 4.192615e-02 1.984005e-02 7.041336e-02 1.504352e-02 6.890362e-02 1.619269e-02 1.659903e-01 1.061280e-02 2.656490e-01 5.500620e-03 3.554442e-01 1.461989e-02
0.001825 T17-2031 5.667873e-03 2.833936e-03 3.876661e-02 1.806915e-02 2.457018e-02 1.228509e-02 5.646890e-02 1.425494e-02 6.029129e-02 1.145750e-02 9.461191e-02 4.761683e-03 1.488539e-01 1.428211e-02
0.001825 T17-2109 2.643978e-02 1.321989e-02 0.000000e+00 9.900000e+01 7.154434e-03 3.577217e-03 1.232647e-02 6.163235e-03 3.341042e-02 1.074629e-02 4.809881e-02 5.572886e-03 4.530341e-02 1.496095e-02
0.001825 T17-1971 2.244147e-02 1.122074e-02 5.221200e-03 2.610600e-03 8.548230e-03 4.274115e-03 9.603102e-03 4.801551e-03 3.208128e-02 1.217474e-02 3.991983e-02 5.549680e-03 6.106815e-02 1.469670e-02
0.001825 T17-1964 4.610084e-02 1.778191e-02 3.998867e-03 1.999433e-03 9.387287e-02 1.518237e-02 6.487225e-02 1.429642e-02 1.096618e-01 1.080264e-02 1.235569e-01 6.204507e-03 1.727189e-01 1.464120e-02
0.001825 T17-1972 6.207605e-02 1.866729e-02 1.029516e-01 1.854297e-02 1.473987e-01 1.464675e-02 1.309897e-01 1.428158e-02 2.181941e-01 1.231826e-02 3.513744e-01 6.077858e-03 4.958431e-01 1.601481e-02
0.001825 T17-2018 4.445879e-02 1.811947e-02 5.824002e-02 1.722832e-02 1.152897e-01 1.659893e-02 1.041122e-01 1.391352e-02 1.428995e-01 1.181440e-02 2.290610e-01 5.942095e-03 3.268101e-01 1.453233e-02
0.001825 T17-2064 3.593721e-02 1.796861e-02 6.937895e-02 1.709892e-02 7.449632e-02 1.511954e-02 8.281864e-02 1.386173e-02 1.403165e-01 1.187529e-02 2.027915e-01 6.820146e-03 2.368455e-01 1.556401e-02
0.001825 T17-2006 3.205200e-02 1.548558e-02 3.433168e-03 1.716584e-03 3.745369e-02 1.425609e-02 4.568791e-02 1.339525e-02 4.889920e-02 1.253817e-02 9.416894e-02 5.334908e-03 1.016329e-01 1.479755e-02
0.001825 T17-2069 0.000000e+00 9.900000e+01 5.272171e-03 2.636086e-03 6.941561e-03 3.470781e-03 0.000000e+00 9.900000e+01 6.342823e-02 1.067663e-02 4.140775e-02 5.253535e-03 6.203264e-02 1.305617e-02
0.001825 T17-2072 6.173992e-02 1.741735e-02 6.642741e-02 1.978847e-02 1.341676e-01 1.520975e-02 1.660134e-01 1.421287e-02 2.914254e-01 1.229804e-02 4.187602e-01 7.049975e-03 5.706064e-01 1.423157e-02
0.001825 T17-2118 0.000000e+00 9.900000e+01 1.810943e-02 9.054717e-03 0.000000e+00 9.900000e+01 1.341277e-02 6.706383e-03 3.190165e-02 1.164044e-02 3.962564e-02 5.963489e-03 6.393628e-02 1.472898e-02
0.001825 T17-2225 1.125423e-02 5.627117e-03 6.318685e-03 3.159343e-03 3.322731e-02 1.661366e-02 1.300417e-02 6.502083e-03 4.336044e-02 1.071563e-02 5.144095e-02 5.691634e-03 6.927854e-02 1.441727e-02
0.001825 T17-2184 2.682178e-03 1.341089e-03 3.764979e-02 1.882489e-02 1.501465e-02 7.507323e-03 0.000000e+00 9.900000e+01 1.550580e-02 7.752902e-03 1.130448e-02 5.652238e-03 6.391584e-02 1.646855e-02
0.001825 T17-1909 1.130152e-02 5.650759e-03 3.245649e-02 1.622824e-02 2.862623e-02 1.431312e-02 0.000000e+00 9.900000e+01 2.942991e-02 1.202709e-02 3.728244e-02 5.510004e-03 4.464845e-02 1.356066e-02
0.001825 T17-2035 8.347532e-02 1.992457e-02 8.895621e-02 2.260669e-02 1.270742e-01 1.697268e-02 1.015910e-01 1.601256e-02 1.910051e-01 1.149658e-02 2.975345e-01 7.002880e-03 4.067163e-01 1.418385e-02
0.001825 T17-1854 1.314647e-03 6.573234e-04 1.373730e-02 6.868650e-03 2.211415e-02 1.105707e-02 3.337655e-02 1.434642e-02 3.015236e-02 1.167722e-02 2.821518e-02 5.613872e-03 4.810146e-02 1.523563e-02
0.001825 T17-1925 1.433618e-02 7.168090e-03 0.000000e+00 9.900000e+01 1.507089e-02 7.535444e-03 1.642521e-02 8.212607e-03 3.517026e-02 1.209978e-02 4.085722e-02 5.475648e-03 5.786768e-02 1.455067e-02
0.001825 T17-1966 1.300084e-02 6.500421e-03 1.131658e-02 5.658288e-03 1.681489e-03 8.407444e-04 2.959097e-02 1.461217e-02 3.363879e-02 1.215218e-02 5.216985e-02 5.769333e-03 4.516985e-02 1.517939e-02
0.001825 T17-1822 0.000000e+00 9.900000e+01 2.047176e-02 1.023588e-02 9.724237e-03 4.862119e-03 5.802534e-02 1.579837e-02 1.980105e-02 9.900525e-03 6.017812e-02 4.854779e-03 7.814416e-02 1.606519e-02
0.001825 T17-1978 7.216000e-03 3.608000e-03 2.190014e-02 1.095007e-02 0.000000e+00 9.900000e+01 7.357183e-03 3.678591e-03 2.817503e-02 1.191209e-02 2.034750e-02 5.945425e-03 5.253510e-02 1.648202e-02
0.001825 T17-1977 3.198128e-03 1.599064e-03 0.000000e+00 9.900000e+01 7.216320e-03 3.608160e-03 3.379857e-02 1.485745e-02 0.000000e+00 9.900000e+01 1.632211e-02 5.321569e-03 5.777114e-02 1.583002e-02
0.001825 T17-0551 8.183853e-03 4.091927e-03 3.408634e-02 1.704317e-02 3.713206e-02 1.856603e-02 0.000000e+00 9.900000e+01 4.541118e-03 2.270559e-03 2.875391e-02 6.702924e-03 2.492906e-02 1.246453e-02
0.001825 T17-0557 2.204340e-02 1.102170e-02 1.368272e-02 6.841358e-03 1.860133e-02 9.300666e-03 0.000000e+00 9.900000e+01 6.811193e-03 3.405596e-03 5.502647e-02 1.361326e-02 3.894075e-02 1.947037e-02
0.001825 T17-0554 2.522873e-02 1.261437e-02 2.795541e-02 1.397770e-02 2.311209e-02 1.155604e-02 1.937679e-02 9.688396e-03 1.807513e-02 9.037565e-03 8.587611e-02 7.383943e-03 7.117811e-02 1.550362e-02
0.001825 T17-0594 4.528060e-02 1.938111e-02 4.460820e-02 2.167600e-02 2.959732e-02 1.479866e-02 2.391301e-02 1.195651e-02 4.131909e-02 1.417731e-02 5.716734e-02 6.287606e-03 7.274773e-02 1.549778e-02
0.001825 T17-0635 3.495447e-02 1.747724e-02 2.250951e-02 1.125476e-02 9.597010e-03 4.798505e-03 2.195352e-02 1.097676e-02 1.447909e-02 7.239544e-03 4.214874e-02 6.245527e-03 4.468291e-02 1.496190e-02
0.001825 T17-0627 3.890692e-03 1.945346e-03 1.249202e-03 6.246012e-04 2.278053e-02 1.139026e-02 2.367941e-02 1.183970e-02 0.000000e+00 9.900000e+01 1.620593e-02 6.504537e-03 4.870582e-02 1.417756e-02
0.001825 T17-0526 1.264809e-02 6.324045e-03 4.496241e-03 2.248120e-03 3.743998e-02 1.871999e-02 3.756317e-02 1.676849e-02 4.393604e-02 1.411598e-02 7.514447e-02 6.134219e-03 1.056746e-01 1.616438e-02
0.001825 T17-0545 0.000000e+00 9.900000e+01 2.228468e-02 1.114234e-02 7.939072e-03 3.969536e-03 1.068696e-03 5.343479e-04 4.589164e-02 1.296328e-02 6.458865e-02 6.506085e-03 7.837116e-02 1.585282e-02
0.001825 T17-0589 4.010726e-02 2.000707e-02 8.707584e-02 2.274636e-02 9.564684e-02 1.726754e-02 8.665392e-02 1.622019e-02 1.417314e-01 1.251844e-02 2.101580e-01 6.214647e-03 2.323959e-01 1.568145e-02
0.001825 T17-0587 5.121094e-03 2.560547e-03 1.415728e-02 7.078641e-03 3.793733e-02 1.880049e-02 2.578479e-04 1.289240e-04 5.134927e-03 2.567463e-03 2.893643e-02 6.041634e-03 1.386333e-02 6.931664e-03
0.001825 T17-0537 0.000000e+00 9.900000e+01 1.410930e-02 7.054649e-03 0.000000e+00 9.900000e+01 0.000000e+00 9.900000e+01 0.000000e+00 9.900000e+01 2.526082e-02 5.433932e-03 4.465810e-02 1.387454e-02
0.001825 T17-0519 0.000000e+00 9.900000e+01 9.446534e-04 4.723267e-04 2.068454e-02 1.034227e-02 4.531179e-02 1.616308e-02 4.485168e-02 1.254065e-02 6.005523e-02 5.976288e-03 9.475185e-02 1.595707e-02
0.001825 T17-0522 9.764060e-03 4.882030e-03 6.650863e-03 3.325432e-03 5.184071e-03 2.592036e-03 0.000000e+00 9.900000e+01 1.609796e-02 8.048979e-03 2.035284e-02 5.838737e-03 5.516503e-02 1.556291e-02
0.001825 T17-0529 0.000000e+00 9.900000e+01 2.008171e-02 1.004085e-02 2.495306e-03 1.247653e-03 4.483258e-02 1.755041e-02 3.279823e-02 1.118944e-02 4.604933e-02 5.778815e-03 5.547578e-02 1.566194e-02
0.001825 T17-0560 0.000000e+00 9.900000e+01 2.086051e-02 1.043026e-02 2.071885e-02 1.035942e-02 0.000000e+00 9.900000e+01 1.829528e-02 9.147642e-03 3.944339e-02 6.346757e-03 5.471425e-02 1.426680e-02
0.001825 T17-0525 6.560667e-03 3.280333e-03 0.000000e+00 9.900000e+01 8.478776e-03 4.239388e-03 3.348723e-03 1.674362e-03 2.594545e-02 1.231462e-02 5.627859e-02 6.847892e-03 7.115130e-02 1.619213e-02
0.001825 T17-0512 7.629245e-03 3.814623e-03 0.000000e+00 9.900000e+01 5.590947e-03 2.795473e-03 2.961952e-02 1.480976e-02 1.102051e-02 5.510253e-03 3.162847e-02 5.921584e-03 7.075920e-02 1.557267e-02
0.001825 T17-0510 0.000000e+00 9.900000e+01 4.270785e-02 2.135392e-02 2.501919e-02 1.250959e-02 2.568734e-02 1.284367e-02 4.429328e-02 1.373363e-02 4.938937e-02 6.751324e-03 8.407248e-02 1.467549e-02
0.001825 T17-0513 1.034018e-02 5.170088e-03 8.901549e-03 4.450774e-03 5.493383e-03 2.746692e-03 1.077666e-02 5.388330e-03 1.016647e-02 5.083235e-03 5.205931e-02 1.152205e-02 9.946631e-02 1.952823e-02
0.001825 T17-0707 0.000000e+00 9.900000e+01 6.504115e-03 3.252058e-03 7.307971e-03 3.653986e-03 1.797941e-02 8.989706e-03 4.493193e-02 1.248252e-02 3.718486e-02 5.757329e-03 1.041964e-02 5.209818e-03
0.001825 T17-0675 5.730181e-03 2.865091e-03 1.090223e-02 5.451116e-03 1.377266e-02 6.886331e-03 2.973559e-02 1.486780e-02 3.491010e-03 1.745505e-03 4.328534e-02 5.633048e-03 7.530011e-02 1.446671e-02
0.001825 T17-0680 4.337560e-02 1.807227e-02 5.964110e-02 2.312904e-02 5.291520e-02 1.806464e-02 6.912980e-02 1.680314e-02 7.889738e-02 1.228896e-02 1.010449e-01 5.758184e-03 1.053246e-01 1.616631e-02
0.001825 T17-0719 3.575940e-02 1.787970e-02 2.808606e-02 1.404303e-02 4.449432e-02 1.733091e-02 2.034666e-02 1.017333e-02 2.843805e-02 1.194085e-02 5.954679e-02 5.657441e-03 7.766340e-02 1.698339e-02
0.001825 T17-0652 3.400579e-02 1.700290e-02 1.399553e-02 6.997767e-03 2.533994e-02 1.266997e-02 5.449164e-03 2.724582e-03 7.627508e-02 1.209974e-02 1.192282e-01 6.755443e-03 1.415361e-01 1.419899e-02
0.001825 T17-0695 0.000000e+00 9.900000e+01 1.877626e-02 9.388130e-03 3.132901e-02 1.566451e-02 2.224441e-02 1.112221e-02 2.552453e-02 1.215940e-02 5.114368e-02 5.431729e-03 6.246413e-02 1.555999e-02
0.001825 T17-0650 5.137184e-02 1.997224e-02 1.909508e-02 9.547540e-03 2.825083e-02 1.412541e-02 1.515983e-02 7.579915e-03 1.227151e-02 6.135753e-03 5.549553e-02 6.717742e-03 5.970623e-02 1.548680e-02
0.001825 T17-0736 3.632182e-03 1.816091e-03 0.000000e+00 9.900000e+01 1.361096e-02 6.805479e-03 4.310415e-02 1.928424e-02 2.082815e-02 1.041408e-02 4.181093e-02 5.951351e-03 3.546479e-02 1.624097e-02
0.001825 T17-0710 0.000000e+00 9.900000e+01 3.578012e-04 1.789006e-04 1.906799e-03 9.533995e-04 0.000000e+00 9.900000e+01 1.711028e-02 8.555140e-03 4.244999e-02 6.507079e-03 4.777479e-02 1.397126e-02
0.001825 T17-0859 1.889420e-03 9.447101e-04 1.033609e-02 5.168045e-03 2.380720e-02 1.190360e-02 2.577653e-02 1.288826e-02 4.269485e-02 1.338068e-02 5.176118e-02 5.720099e-03 4.645006e-02 1.506239e-02
0.001825 T17-0861 0.000000e+00 9.900000e+01 0.000000e+00 9.900000e+01 5.185575e-02 2.592787e-02 8.626368e-02 3.479128e-02 1.460937e-01 3.216738e-02 1.769002e-01 2.228100e-02 1.738559e-01 2.819604e-02
0.001825 T17-0771 8.202738e-03 4.101369e-03 9.605493e-03 4.802747e-03 2.072860e-02 1.036430e-02 7.741321e-02 2.646008e-02 1.417799e-01 2.394907e-02 2.931516e-01 1.731402e-02 3.388755e-01 2.688341e-02
0.001825 T17-0794 6.346827e-03 3.173414e-03 1.271765e-02 6.358825e-03 0.000000e+00 9.900000e+01 8.362045e-03 4.181023e-03 1.604012e-02 8.020059e-03 5.726009e-02 5.917672e-03 4.033024e-02 1.510616e-02
0.001825 T17-0909 0.000000e+00 9.900000e+01 2.517225e-02 1.258612e-02 2.330450e-02 1.165225e-02 2.526585e-02 1.263292e-02 2.826199e-02 1.225929e-02 4.692451e-02 5.707920e-03 6.755641e-02 1.550804e-02
0.001825 T17-0905 1.489145e-02 7.445725e-03 1.817598e-02 9.087991e-03 4.096579e-02 1.641972e-02 2.829143e-02 1.414571e-02 2.224639e-02 1.112320e-02 1.013729e-01 6.647984e-03 1.260905e-01 1.492398e-02
0.001825 T17-0936 4.824651e-02 1.859969e-02 4.082466e-02 2.041233e-02 2.350002e-02 1.175001e-02 0.000000e+00 9.900000e+01 3.035376e-02 1.199616e-02 5.263707e-02 5.472779e-03 5.831459e-02 1.580519e-02
0.001825 T17-0935 6.619522e-03 3.309761e-03 1.068516e-04 5.342580e-05 1.837101e-03 9.185505e-04 2.684769e-02 1.342384e-02 4.279471e-02 1.183704e-02 2.954836e-02 5.775109e-03 3.603301e-02 1.528777e-02
0.001825 T17-0950 3.921029e-02 1.784780e-02 1.666503e-02 8.332515e-03 3.464903e-02 1.624291e-02 0.000000e+00 9.900000e+01 1.813387e-02 9.066935e-03 3.960241e-02 5.580797e-03 7.758418e-02 1.479803e-02
0.001825 T17-0811 4.365400e-03 2.182700e-03 7.388819e-03 3.694410e-03 0.000000e+00 9.900000e+01 0.000000e+00 9.900000e+01 0.000000e+00 9.900000e+01 2.539436e-02 5.823003e-03 7.691978e-03 3.845989e-03
0.001825 T17-0717 4.303219e-02 1.839845e-02 4.191232e-03 2.095616e-03 7.028803e-02 1.691536e-02 7.505225e-02 1.583242e-02 8.859428e-02 1.193628e-02 1.389491e-01 6.028264e-03 1.476301e-01 1.557063e-02
0.001825 T17-0744 2.147488e-02 1.073744e-02 4.898001e-02 1.953506e-02 3.555150e-02 1.777575e-02 5.751924e-02 1.954608e-02 5.870825e-02 1.224585e-02 9.969673e-02 6.867531e-03 1.238156e-01 1.398559e-02
0.001825 T17-0828 0.000000e+00 9.900000e+01 0.000000e+00 9.900000e+01 0.000000e+00 9.900000e+01 1.136075e-02 5.680374e-03 3.983256e-02 1.232077e-02 5.943706e-02 5.781517e-03 6.521386e-02 1.570837e-02
0.001825 T17-0866 9.203299e-03 4.601650e-03 1.507437e-02 7.537186e-03 0.000000e+00 9.900000e+01 3.780086e-02 1.721910e-02 1.701201e-02 8.506006e-03 2.176982e-02 7.207311e-03 7.251493e-02 1.537482e-02
0.001825 T17-1110 5.540788e-02 1.903994e-02 9.742117e-02 1.974937e-02 1.028132e-01 1.810389e-02 1.118478e-01 1.593891e-02 1.704789e-01 1.160659e-02 2.607085e-01 5.861999e-03 3.241485e-01 1.658579e-02
0.001825 T17-1002 3.387428e-02 1.693714e-02 3.829452e-02 1.914726e-02 1.101483e-01 1.591113e-02 7.456139e-02 1.713412e-02 1.314566e-01 1.401938e-02 2.426465e-01 6.642383e-03 3.082992e-01 1.415550e-02
0.001825 T17-1136 3.010508e-02 1.505254e-02 1.616826e-02 8.084130e-03 3.480111e-02 1.740056e-02 2.164086e-02 1.082043e-02 2.481279e-03 1.240639e-03 2.305491e-02 5.642807e-03 4.182388e-02 1.366922e-02
0.001825 T17-1097 1.802946e-02 9.014731e-03 4.342179e-03 2.171090e-03 9.895897e-03 4.947949e-03 3.747928e-03 1.873964e-03 4.557549e-02 1.302684e-02 6.964410e-02 6.567618e-03 9.300928e-02 1.599146e-02
0.001825 T17-1326 1.206364e-02 6.031818e-03 2.655380e-02 1.327690e-02 4.143505e-02 1.686680e-02 7.120712e-02 1.635066e-02 3.896413e-02 1.222541e-02 9.697795e-02 5.205040e-03 1.274043e-01 1.525956e-02
0.001825 T17-1415 1.843419e-02 9.217097e-03 3.537568e-04 1.768784e-04 4.753023e-02 1.708640e-02 3.247200e-02 1.623600e-02 2.390314e-02 1.182551e-02 5.975762e-02 5.710603e-03 4.318147e-02 1.547068e-02
0.001825 T17-1308 2.682556e-02 1.341278e-02 0.000000e+00 9.900000e+01 0.000000e+00 9.900000e+01 1.901911e-02 9.509556e-03 0.000000e+00 9.900000e+01 3.038035e-02 5.494957e-03 6.780286e-02 1.453483e-02
0.001825 T17-1170 1.063085e-02 5.315423e-03 1.460755e-03 7.303775e-04 1.612590e-02 8.062948e-03 2.205030e-02 1.102515e-02 3.365534e-03 1.682767e-03 2.460054e-02 5.628474e-03 2.597555e-02 1.298777e-02
0.001825 T17-1193 6.400471e-02 2.077310e-02 3.294248e-03 1.647124e-03 0.000000e+00 9.900000e+01 2.372233e-02 1.186116e-02 3.947419e-02 1.346034e-02 6.150346e-02 5.226206e-03 9.609190e-02 1.440138e-02
0.001825 T17-1379 1.050830e-02 5.254150e-03 1.145628e-02 5.728141e-03 1.593476e-02 7.967378e-03 0.000000e+00 9.900000e+01 8.644079e-03 4.322039e-03 3.653234e-02 5.747703e-03 3.209821e-02 1.398166e-02
0.001825 T17-1452 3.916245e-02 1.958122e-02 2.260384e-02 1.130192e-02 5.005223e-02 1.881855e-02 3.274960e-02 1.637480e-02 7.363256e-02 1.440149e-02 1.158808e-01 9.698229e-03 1.546350e-01 1.920166e-02
0.001825 T17-1514 0.000000e+00 9.900000e+01 3.790947e-02 1.895474e-02 1.368129e-02 6.840646e-03 4.025452e-02 1.800092e-02 3.595246e-02 1.147168e-02 4.244547e-02 5.872002e-03 6.629993e-02 1.371940e-02
0.001825 T17-1454 5.779900e-02 2.072182e-02 8.582360e-02 2.161207e-02 6.307383e-02 1.740587e-02 6.865774e-02 1.610403e-02 1.399729e-01 1.227023e-02 1.914512e-01 6.397076e-03 2.607889e-01 1.603220e-02
0.001825 T17-1491 6.782218e-03 3.391109e-03 6.587569e-03 3.293784e-03 0.000000e+00 9.900000e+01 2.594735e-02 1.297368e-02 1.758392e-02 8.791961e-03 6.173497e-02 5.354505e-03 1.101037e-01 1.512769e-02
0.001825 T17-1710 2.490767e-03 1.245384e-03 1.922443e-02 9.612213e-03 0.000000e+00 9.900000e+01 4.161195e-02 1.606026e-02 3.676617e-02 1.166091e-02 7.962511e-02 6.324507e-03 8.998560e-02 1.655304e-02
0.001825 T17-1639 6.599235e-02 1.806341e-02 3.872777e-02 1.936388e-02 9.176172e-02 1.665518e-02 9.217555e-02 1.731965e-02 1.403954e-01 1.289636e-02 2.292891e-01 6.454672e-03 3.449763e-01 1.483978e-02
0.001825 T17-1156 3.128636e-02 1.564318e-02 2.945337e-02 1.472668e-02 1.471855e-03 7.359277e-04 1.375730e-02 6.878648e-03 4.162188e-02 1.282926e-02 2.657522e-02 5.744791e-03 1.576858e-02 7.884292e-03
0.001825 T17-1115 1.936021e-02 9.680103e-03 1.539164e-02 7.695820e-03 1.056511e-03 5.282555e-04 0.000000e+00 9.900000e+01 1.201475e-02 6.007377e-03 2.685519e-02 5.699673e-03 5.082551e-02 1.479026e-02
0.001825 T17-0611 1.733567e-02 8.667836e-03 4.140479e-02 2.070239e-02 8.055274e-02 1.783184e-02 6.321354e-02 1.725275e-02 1.393852e-01 1.273513e-02 2.253576e-01 6.418799e-03 3.035754e-01 1.569373e-02
0.001825 T17-0644 6.244370e-02 1.696637e-02 7.110077e-03 3.555038e-03 2.921769e-02 1.460884e-02 0.000000e+00 9.900000e+01 4.440560e-02 1.167813e-02 4.786141e-02 6.651904e-03 4.866592e-02 1.566853e-02
0.001825 T17-0670 1.576730e-02 7.883650e-03 4.801756e-02 2.135379e-02 6.113695e-02 1.876092e-02 1.096133e-01 1.731328e-02 1.770846e-01 1.269699e-02 2.396441e-01 6.886553e-03 2.591396e-01 1.633794e-02
0.001825 T17-0542 5.419729e-02 2.006174e-02 5.635309e-02 2.294173e-02 7.544640e-02 1.950900e-02 8.580069e-02 1.921377e-02 1.243811e-01 1.380269e-02 1.905169e-01 6.301190e-03 2.322961e-01 1.535421e-02
0.001825 T17-0598 4.092913e-02 2.022407e-02 1.688631e-02 8.443154e-03 1.191733e-02 5.958663e-03 6.875557e-03 3.437779e-03 3.994533e-02 1.279802e-02 5.286003e-02 6.636451e-03 3.635294e-02 1.601991e-02
0.001825 T17-0671 1.145144e-02 5.725721e-03 1.928760e-02 9.643798e-03 1.887023e-02 9.435115e-03 2.830395e-02 1.415198e-02 4.349401e-02 1.275938e-02 4.201039e-02 6.910078e-03 5.957604e-02 1.550194e-02
0.001825 T17-0726 3.780301e-02 1.890151e-02 6.208590e-02 2.521571e-02 6.479954e-02 2.000005e-02 5.898417e-02 1.669483e-02 1.345531e-01 1.235975e-02 1.991663e-01 6.898968e-03 2.551444e-01 1.538979e-02
0.001825 T17-0760 3.061794e-02 1.530897e-02 3.611953e-03 1.805976e-03 5.011266e-03 2.505633e-03 0.000000e+00 9.900000e+01 1.964405e-02 9.822026e-03 5.081139e-02 6.768315e-03 4.993786e-02 1.426716e-02
0.001825 T17-0584 1.943401e-02 9.717007e-03 0.000000e+00 9.900000e+01 2.030688e-02 1.015344e-02 2.049518e-02 1.024759e-02 4.044278e-02 1.333689e-02 2.923684e-02 6.171788e-03 3.164070e-02 1.582035e-02
0.001825 T17-2917 5.035142e-03 2.517571e-03 4.364550e-02 2.182275e-02 0.000000e+00 9.900000e+01 0.000000e+00 9.900000e+01 0.000000e+00 9.900000e+01 5.294086e-02 8.648894e-03 4.612928e-02 1.155151e-02
0.001825 T17-2879 0.000000e+00 9.900000e+01 8.607269e-03 4.303635e-03 4.477633e-02 2.238817e-02 2.821836e-02 1.410918e-02 3.523933e-02 1.699401e-02 7.876508e-02 8.819987e-03 1.129503e-01 1.179803e-02
0.001825 T17-2837 2.101587e-02 1.050793e-02 0.000000e+00 9.900000e+01 0.000000e+00 9.900000e+01 2.380903e-02 1.190451e-02 4.063778e-02 1.756766e-02 3.338573e-02 8.061076e-03 5.260334e-02 1.124588e-02
0.001825 T17-2737 6.686593e-03 3.343296e-03 1.585475e-02 7.927376e-03 0.000000e+00 9.900000e+01 3.480811e-02 1.740406e-02 2.230119e-02 1.115060e-02 3.485135e-02 8.304971e-03 5.946838e-02 1.261032e-02
0.001825 T17-2821 0.000000e+00 9.900000e+01 3.090274e-02 1.545137e-02 0.000000e+00 9.900000e+01 6.580277e-03 3.290139e-03 2.490483e-02 1.245241e-02 7.873864e-02 7.720184e-03 1.060125e-01 1.088584e-02
0.001825 T17-2795 0.000000e+00 9.900000e+01 2.791018e-03 1.395509e-03 4.607233e-02 2.303617e-02 1.097667e-02 5.488337e-03 3.263329e-02 1.631665e-02 4.427411e-02 7.649084e-03 6.988352e-02 1.103439e-02
0.001825 T17-2740 2.646882e-02 1.323441e-02 0.000000e+00 9.900000e+01 3.929455e-02 1.964727e-02 5.577308e-02 2.340245e-02 8.462634e-02 1.728271e-02 9.069641e-02 8.570727e-03 8.491245e-02 1.304812e-02
0.001825 T17-2718 1.050425e-02 5.252126e-03 0.000000e+00 9.900000e+01 3.373542e-02 1.686771e-02 0.000000e+00 9.900000e+01 2.949267e-02 1.474633e-02 3.606643e-02 7.512547e-03 3.702954e-02 1.160446e-02
0.001825 T17-2715 1.425861e-02 7.129304e-03 0.000000e+00 9.900000e+01 0.000000e+00 9.900000e+01 0.000000e+00 9.900000e+01 2.262901e-02 1.131451e-02 4.553260e-02 8.291862e-03 6.837084e-02 1.184150e-02
0.001825 T17-2843 8.925463e-03 4.462732e-03 4.018799e-02 2.009399e-02 1.282687e-03 6.413434e-04 3.355470e-02 1.677735e-02 9.925398e-03 4.962699e-03 3.128141e-02 7.640921e-03 4.530538e-02 1.125435e-02
0.001825 T17-2810 0.000000e+00 9.900000e+01 4.178799e-02 2.089399e-02 1.094654e-02 5.473272e-03 6.594439e-03 3.297219e-03 1.684495e-02 8.422475e-03 3.817665e-02 7.652589e-03 7.288747e-02 1.210059e-02
0.001825 T17-2826 4.384658e-04 2.192329e-04 0.000000e+00 9.900000e+01 2.405510e-02 1.202755e-02 1.088919e-02 5.444597e-03 2.044243e-02 1.022121e-02 3.644118e-02 8.454677e-03 5.306325e-02 1.053236e-02
0.001825 T17-2988 3.048805e-02 1.524403e-02 7.270128e-03 3.635064e-03 0.000000e+00 9.900000e+01 0.000000e+00 9.900000e+01 1.757245e-02 8.786226e-03 3.689017e-02 7.757701e-03 3.699871e-02 1.194805e-02
0.001825 T17-2945 2.891759e-02 1.445879e-02 2.799736e-02 1.399868e-02 2.750236e-02 1.375118e-02 5.470287e-02 2.173762e-02 5.165651e-02 1.696553e-02 1.029253e-02 5.146263e-03 2.696227e-02 1.139359e-02
0.001825 T17-2986 4.366585e-02 2.099707e-02 0.000000e+00 9.900000e+01 4.455428e-02 2.227714e-02 5.787372e-02 2.101148e-02 1.023981e-01 1.597214e-02 1.649238e-01 8.204138e-03 2.426060e-01 2.573554e-02
0.001825 T17-2936 3.676227e-02 1.838113e-02 2.951433e-03 1.475717e-03 0.000000e+00 9.900000e+01 3.585655e-02 1.792828e-02 5.142040e-02 1.737753e-02 2.729019e-02 7.711353e-03 4.668324e-02 1.174396e-02
0.001825 T17-2924 2.670320e-02 1.335160e-02 3.539411e-02 1.769705e-02 6.209137e-03 3.104569e-03 4.258436e-03 2.129218e-03 3.926715e-02 1.609729e-02 3.122178e-02 7.869981e-03 3.699958e-02 1.110615e-02
0.001825 T17-2954 3.145439e-02 1.572720e-02 1.334874e-02 6.674372e-03 4.549557e-02 2.274779e-02 6.528709e-02 2.120736e-02 6.632768e-02 1.723055e-02 1.106994e-01 9.081666e-03 1.572871e-01 1.145890e-02
0.001825 T17-2949 0.000000e+00 9.900000e+01 2.009368e-02 1.004684e-02 3.829897e-02 1.914948e-02 4.993848e-02 2.111003e-02 8.963586e-02 1.737830e-02 1.186653e-01 7.862229e-03 1.738222e-01 1.243664e-02
0.001825 T17-2942 4.467414e-02 1.965682e-02 2.171418e-02 1.085709e-02 5.203599e-02 2.601799e-02 0.000000e+00 9.900000e+01 0.000000e+00 9.900000e+01 4.743028e-02 7.779893e-03 4.030539e-02 1.214622e-02
0.001825 T17-2950 4.028525e-03 2.014263e-03 3.397606e-03 1.698803e-03 1.592768e-02 7.963838e-03 1.926948e-02 9.634739e-03 1.631476e-02 8.157379e-03 2.793323e-02 7.719112e-03 6.117382e-02 1.133130e-02
0.001825 T17-2992 1.889546e-02 9.447730e-03 2.348151e-02 1.174076e-02 8.531610e-02 4.180924e-02 3.818554e-02 1.909277e-02 9.793505e-02 2.711453e-02 9.827007e-02 1.169701e-02 1.144899e-01 1.503109e-02
0.001825 T17-2893 2.220971e-02 1.110486e-02 8.181721e-03 4.090861e-03 0.000000e+00 9.900000e+01 3.141957e-02 1.570978e-02 5.084135e-02 1.603478e-02 2.693155e-02 7.562026e-03 4.498063e-02 1.078632e-02
0.001825 T17-2898 3.366458e-02 1.683229e-02 4.167106e-02 2.083553e-02 1.832067e-02 9.160336e-03 2.730687e-02 1.365344e-02 1.190364e-02 5.951821e-03 3.579052e-02 7.625506e-03 4.810289e-02 1.127408e-02
0.001825 T17-2965 0.000000e+00 9.900000e+01 2.341035e-02 1.170518e-02 0.000000e+00 9.900000e+01 6.133417e-02 2.529394e-02 4.104241e-02 1.928156e-02 8.015605e-02 9.580576e-03 8.023178e-02 1.365609e-02
0.001825 T17-2547 4.863104e-03 2.431552e-03 6.006059e-02 2.747856e-02 0.000000e+00 9.900000e+01 4.531857e-02 2.265929e-02 7.485582e-02 1.790961e-02 8.378491e-02 7.886959e-03 9.173705e-02 1.144914e-02
0.001825 T17-2531 6.073107e-03 3.036553e-03 1.994201e-02 9.971007e-03 2.829055e-02 1.414527e-02 0.000000e+00 9.900000e+01 5.322649e-03 2.661324e-03 2.267974e-02 7.494012e-03 5.411724e-02 1.247116e-02
0.001825 T17-2499 3.694468e-03 1.847234e-03 0.000000e+00 9.900000e+01 5.716593e-03 2.858297e-03 2.141354e-02 1.070677e-02 1.510065e-02 7.550323e-03 4.734923e-02 8.417441e-03 6.440654e-02 1.178200e-02
0.001825 T17-2465 2.973347e-03 1.486674e-03 6.222440e-03 3.111220e-03 0.000000e+00 9.900000e+01 6.271851e-04 3.135926e-04 7.532163e-02 1.627787e-02 3.463069e-02 8.652132e-03 6.404899e-02 1.124196e-02
0.001825 T17-2429 2.008978e-02 1.004489e-02 3.385527e-03 1.692763e-03 3.131304e-02 1.565652e-02 5.651847e-02 2.133207e-02 4.723677e-03 2.361838e-03 5.815856e-02 8.473120e-03 8.076276e-02 1.108914e-02
0.001825 T17-2497 9.029494e-02 2.110699e-02 3.749839e-02 1.874919e-02 9.148434e-02 2.514363e-02 8.431576e-02 2.609794e-02 9.509552e-02 1.814187e-02 1.460060e-01 9.454609e-03 1.571806e-01 1.579897e-02
0.001825 T17-2506 3.928070e-02 1.964035e-02 8.241998e-02 2.456356e-02 9.224215e-02 2.655062e-02 5.541768e-02 2.454302e-02 1.248701e-01 2.251396e-02 1.640252e-01 8.796034e-03 2.161270e-01 1.392941e-02
0.001825 T17-2538 2.610508e-02 1.305254e-02 2.207239e-02 1.103620e-02 1.271000e-02 6.355000e-03 2.223361e-03 1.111680e-03 2.122953e-02 1.061477e-02 2.759523e-02 7.817816e-03 5.511876e-02 1.209168e-02
0.001825 T17-2493 0.000000e+00 9.900000e+01 1.358460e-02 6.792298e-03 0.000000e+00 9.900000e+01 1.210454e-02 6.052268e-03 1.643816e-02 8.219082e-03 5.607491e-02 8.041584e-03 8.681859e-02 1.196981e-02
0.001825 T17-2792 7.010613e-02 1.820181e-02 2.387646e-02 1.193823e-02 2.667069e-02 1.333535e-02 5.364561e-02 2.122959e-02 6.728508e-02 1.567326e-02 1.269578e-01 7.295522e-03 1.542613e-01 1.067125e-02
0.001825 T17-2767 2.036728e-02 1.018364e-02 2.742324e-03 1.371162e-03 0.000000e+00 9.900000e+01 0.000000e+00 9.900000e+01 2.831430e-02 1.415715e-02 2.415379e-02 8.407829e-03 5.532587e-02 1.056272e-02
0.001825 T17-2761 0.000000e+00 9.900000e+01 3.524087e-02 1.762044e-02 0.000000e+00 9.900000e+01 2.218188e-02 1.109094e-02 7.002667e-02 1.689428e-02 5.471481e-02 8.197122e-03 7.158047e-02 1.195018e-02
0.001825 T17-2746 8.114104e-02 1.970025e-02 4.196644e-02 2.098322e-02 1.046791e-01 2.907425e-02 1.261313e-01 2.189314e-02 2.598766e-01 1.756440e-02 3.668538e-01 8.467931e-03 4.453065e-01 1.040777e-02
0.001825 T17-2730 1.293979e-02 6.469896e-03 3.699056e-02 1.849528e-02 0.000000e+00 9.900000e+01 0.000000e+00 9.900000e+01 3.206368e-02 1.603184e-02 1.819751e-02 8.073318e-03 4.062286e-02 1.153446e-02
0.001825 T17-2728 5.794150e-02 2.128025e-02 0.000000e+00 9.900000e+01 1.217938e-02 6.089691e-03 3.490638e-02 1.745319e-02 9.096587e-02 1.697289e-02 1.112582e-01 8.859568e-03 1.256451e-01 1.107868e-02
0.001825 T17-2615 2.184520e-02 1.092260e-02 7.236942e-02 2.415326e-02 7.408599e-02 2.576611e-02 7.281128e-02 2.285503e-02 1.082716e-01 1.817929e-02 2.649302e-01 1.472110e-02 3.341463e-01 2.012121e-02
0.001825 T17-2620 0.000000e+00 9.900000e+01 1.788960e-02 8.944802e-03 2.406366e-02 1.203183e-02 3.122568e-02 1.561284e-02 3.439882e-02 1.719941e-02 7.167549e-02 7.099989e-03 8.875416e-02 1.219152e-02
0.001825 T17-2608 7.128517e-02 1.837796e-02 7.115616e-02 2.716148e-02 7.263880e-02 2.584716e-02 7.536612e-02 2.085241e-02 8.781952e-02 1.528549e-02 1.226526e-01 7.510770e-03 1.357896e-01 1.008746e-02
0.001825 T17-2639 1.413177e-02 7.065886e-03 5.803552e-02 2.339391e-02 2.733006e-02 1.366503e-02 7.326075e-03 3.663037e-03 8.517934e-03 4.258967e-03 1.712518e-02 8.562592e-03 3.290852e-02 1.071167e-02
0.001825 T17-2579 5.022589e-02 2.004523e-02 8.714886e-03 4.357443e-03 4.088610e-02 2.044305e-02 3.941265e-02 1.970632e-02 2.662243e-02 1.331121e-02 7.147261e-02 7.967650e-03 7.048164e-02 1.048557e-02
0.001825 T17-2706 0.000000e+00 9.900000e+01 1.429354e-02 7.146772e-03 7.833271e-04 3.916635e-04 2.025852e-02 1.012926e-02 9.718502e-03 4.859251e-03 4.358010e-02 7.552813e-03 5.892475e-02 1.065249e-02
0.001825 T17-2722 0.000000e+00 9.900000e+01 8.976402e-02 2.342643e-02 1.504463e-02 7.522315e-03 2.878290e-02 1.439145e-02 5.981426e-02 1.761268e-02 1.354251e-01 8.223173e-03 1.304327e-01 1.213374e-02
0.001825 T17-3096 6.725357e-04 3.362679e-04 6.668042e-03 3.334021e-03 8.659185e-03 4.329592e-03 9.440664e-04 4.720332e-04 4.566786e-03 2.283393e-03 3.080136e-02 3.689844e-03 4.740937e-02 9.240527e-03
0.001825 T17-3031 1.994601e-02 9.473983e-03 1.736491e-02 8.682453e-03 0.000000e+00 9.900000e+01 0.000000e+00 9.900000e+01 2.224821e-02 8.279983e-03 1.865766e-02 4.031452e-03 3.322434e-02 9.346635e-03
0.001825 T17-3066 5.521485e-03 2.760742e-03 8.374680e-04 4.187340e-04 1.601578e-02 8.007888e-03 1.670526e-02 8.352629e-03 1.976750e-02 7.535090e-03 4.311827e-02 3.589799e-03 7.165733e-02 9.789254e-03
0.001825 T17-3026 1.373527e-02 6.867637e-03 1.211797e-02 6.058984e-03 9.431222e-03 4.715611e-03 8.041462e-03 4.020731e-03 7.376465e-05 3.688233e-05 1.493837e-02 3.403850e-03 1.619111e-02 8.095556e-03
0.001825 T17-2998 1.384655e-02 6.923276e-03 1.187454e-02 5.937268e-03 1.479320e-02 7.396600e-03 1.259096e-02 6.295480e-03 5.680381e-03 2.840191e-03 1.925970e-02 4.091240e-03 1.559813e-02 7.799063e-03
0.001825 T17-3054 1.101912e-02 5.509562e-03 9.748133e-03 4.874067e-03 1.113860e-03 5.569300e-04 0.000000e+00 9.900000e+01 1.483582e-02 7.206424e-03 2.168617e-02 3.520296e-03 2.197105e-02 9.102717e-03
0.001825 T17-3132 1.245062e-02 6.225310e-03 6.531453e-03 3.265726e-03 4.007017e-03 2.003508e-03 0.000000e+00 9.900000e+01 1.687697e-02 8.438487e-03 2.813511e-02 3.480534e-03 4.153165e-02 8.914001e-03
0.001825 T17-3141 5.683310e-03 2.841655e-03 6.084347e-03 3.042173e-03 0.000000e+00 9.900000e+01 0.000000e+00 9.900000e+01 2.267764e-03 1.133882e-03 2.948305e-02 3.729037e-03 3.708538e-02 8.437926e-03
0.001825 T17-3156 4.917451e-03 2.458725e-03 0.000000e+00 9.900000e+01 1.331656e-02 6.658278e-03 1.540696e-02 7.703479e-03 1.824592e-02 9.011333e-03 2.696360e-02 3.347060e-03 4.774500e-02 9.038183e-03
0.001825 T17-3106 1.330128e-02 6.650641e-03 0.000000e+00 9.900000e+01 1.128206e-02 5.641032e-03 1.310797e-02 6.553986e-03 4.012254e-02 7.851644e-03 7.386901e-02 3.853114e-03 8.825659e-02 9.877810e-03
0.001825 T17-3127 1.371045e-02 6.855226e-03 5.363837e-04 2.681918e-04 1.791766e-02 8.958832e-03 1.494856e-03 7.474282e-04 2.067926e-02 8.243834e-03 1.803619e-02 3.711017e-03 1.639141e-02 8.195706e-03
0.001825 T17-3126 4.426233e-02 9.576469e-03 4.557808e-02 1.661795e-02 6.131486e-02 1.255442e-02 7.838982e-02 1.103089e-02 1.292514e-01 8.657173e-03 1.898068e-01 5.365904e-03 1.937062e-01 1.025083e-02
0.001825 T17-3093 1.033568e-02 5.167841e-03 0.000000e+00 9.900000e+01 3.707550e-03 1.853775e-03 1.449077e-02 7.245384e-03 2.523299e-02 7.734855e-03 2.235820e-02 3.600461e-03 1.691663e-02 8.458314e-03
0.001825 T17-3150 9.415532e-03 4.707766e-03 1.173008e-02 5.865038e-03 3.356154e-03 1.678077e-03 3.081511e-02 9.357659e-03 3.665296e-02 1.065314e-02 7.448410e-02 6.508521e-03 8.771063e-02 1.120446e-02
0.001825 T17-3080 3.208657e-02 8.374205e-03 3.578778e-02 1.294138e-02 8.154772e-02 1.072175e-02 7.978613e-02 9.012621e-03 1.314581e-01 8.162758e-03 2.082294e-01 3.470063e-03 2.754062e-01 9.731715e-03
0.001825 T17-3113 2.642058e-02 7.362395e-03 0.000000e+00 9.900000e+01 6.428929e-03 3.214464e-03 1.315387e-02 6.576935e-03 2.141220e-02 9.567860e-03 2.964770e-02 3.297900e-03 5.561984e-02 9.618912e-03
0.001825 T17-3070 2.117651e-02 7.850036e-03 3.615339e-02 1.327474e-02 5.154195e-03 2.577098e-03 2.975650e-02 1.022303e-02 3.976714e-02 7.438147e-03 5.426309e-02 4.245555e-03 5.405797e-02 9.497698e-03
0.001825 T17-3074 1.337897e-02 6.689487e-03 1.839739e-03 9.198693e-04 0.000000e+00 9.900000e+01 2.075904e-02 9.242605e-03 3.139102e-02 7.509875e-03 4.137305e-02 3.589292e-03 4.625159e-02 8.696899e-03
0.001825 T17-3092 2.412586e-02 8.367467e-03 1.578828e-02 7.894140e-03 4.254374e-02 1.015159e-02 3.331112e-03 1.665556e-03 4.166877e-02 7.593816e-03 4.969695e-02 3.476342e-03 6.324739e-02 8.304511e-03
0.001825 T17-3072 4.267848e-04 2.133924e-04 1.756608e-03 8.783041e-04 6.282634e-03 3.141317e-03 1.121771e-02 5.608856e-03 1.982083e-02 7.364625e-03 3.121329e-02 3.504413e-03 2.445863e-02 8.793665e-03
0.001825 T17-3061 1.302431e-03 6.512153e-04 0.000000e+00 9.900000e+01 1.487390e-02 7.436952e-03 0.000000e+00 9.900000e+01 1.681601e-02 7.258749e-03 3.437016e-02 3.371409e-03 2.909678e-02 9.514483e-03
0.001825 T17-3155 9.887391e-03 4.943696e-03 4.148160e-03 2.074080e-03 4.497053e-03 2.248527e-03 0.000000e+00 9.900000e+01 2.311245e-02 8.181637e-03 3.521056e-02 3.183886e-03 4.522962e-02 9.292816e-03
0.001825 T17-3164 7.868979e-03 3.934489e-03 1.334478e-02 6.672390e-03 1.189571e-02 5.947857e-03 1.553332e-02 7.766658e-03 2.521181e-02 8.409088e-03 2.802794e-02 3.598446e-03 4.628836e-02 8.019681e-03
0.001825 T17-3128 0.000000e+00 9.900000e+01 1.022047e-02 5.110233e-03 2.025036e-02 1.012518e-02 8.881507e-03 4.440754e-03 5.238144e-03 2.619072e-03 2.095729e-02 3.997125e-03 3.712471e-02 9.956842e-03
0.001825 T17-3136 2.094823e-03 1.047411e-03 3.206508e-03 1.603254e-03 7.421514e-03 3.710757e-03 1.332520e-02 6.662602e-03 2.511884e-02 8.262662e-03 1.587190e-02 3.470314e-03 5.360859e-02 8.797591e-03
0.001825 T17-3138 2.743658e-02 8.321905e-03 2.754063e-03 1.377032e-03 1.401797e-03 7.008984e-04 0.000000e+00 9.900000e+01 1.379571e-02 6.897855e-03 3.051388e-02 3.434941e-03 5.113035e-02 8.153436e-03
0.001825 T17-3140 1.081275e-02 5.406375e-03 9.859968e-03 4.929984e-03 2.962967e-02 1.222478e-02 1.834200e-02 9.171002e-03 2.676017e-02 8.684239e-03 5.056190e-02 3.348535e-03 4.701296e-02 1.013248e-02
0.001825 T17-3144 6.156360e-03 3.078180e-03 2.047796e-02 1.023898e-02 0.000000e+00 9.900000e+01 2.848560e-03 1.424280e-03 1.990121e-02 6.884130e-03 2.347474e-02 3.081907e-03 2.602114e-02 8.583369e-03
0.001825 T17-3170 1.579528e-03 7.897642e-04 7.150092e-03 3.575046e-03 1.988084e-02 9.940420e-03 1.526983e-02 7.634913e-03 3.144876e-02 7.556970e-03 4.473018e-02 3.424863e-03 5.345940e-02 8.624111e-03
0.001825 T17-3163 0.000000e+00 9.900000e+01 3.760044e-02 1.480061e-02 2.473699e-03 1.236849e-03 1.840840e-02 9.204202e-03 2.478840e-02 7.444944e-03 3.801164e-02 3.158854e-03 5.310969e-02 8.820166e-03
0.001825 T17-3032 5.679112e-03 2.839556e-03 0.000000e+00 9.900000e+01 7.627715e-03 3.813857e-03 9.406452e-03 4.703226e-03 3.311688e-02 7.586467e-03 6.018375e-02 5.414165e-03 6.614026e-02 1.304895e-02
0.001825 T17-2989 0.000000e+00 9.900000e+01 1.764650e-02 8.823250e-03 8.737553e-04 4.368776e-04 1.259090e-02 6.295448e-03 3.537252e-02 8.028684e-03 4.946108e-02 3.547687e-03 6.801252e-02 9.317764e-03
0.001825 T17-3057 0.000000e+00 9.900000e+01 3.625228e-03 1.812614e-03 2.060739e-03 1.030369e-03 0.000000e+00 9.900000e+01 1.976949e-02 7.383526e-03 2.692627e-02 3.498584e-03 3.891338e-02 9.168074e-03
0.001825 T17-3051 2.558567e-02 7.889468e-03 2.013912e-02 1.006956e-02 2.444364e-02 1.087335e-02 1.822487e-02 8.656770e-03 3.844800e-02 7.772125e-03 4.312010e-02 4.304475e-03 5.503588e-02 9.835567e-03
0.001825 T17-3104 2.239711e-02 8.745091e-03 1.799661e-02 8.998306e-03 0.000000e+00 9.900000e+01 2.561971e-03 1.280985e-03 2.084677e-02 7.704145e-03 1.960854e-02 3.588338e-03 3.889821e-02 8.531417e-03
0.001825 T17-3137 1.653727e-02 8.034368e-03 1.331293e-02 6.656465e-03 1.369358e-02 6.846791e-03 1.692955e-02 8.464775e-03 4.841290e-02 8.177379e-03 9.151277e-02 3.317249e-03 1.179217e-01 8.424998e-03
0.001825 T17-3095 7.552348e-03 3.776174e-03 1.083759e-02 5.418797e-03 1.128972e-02 5.644859e-03 1.875495e-02 8.568443e-03 2.778910e-02 7.853348e-03 4.040951e-02 3.325138e-03 4.356609e-02 8.690196e-03
0.001825 T17-3091 4.906288e-03 2.453144e-03 9.734037e-03 4.867018e-03 0.000000e+00 9.900000e+01 1.475108e-02 7.375538e-03 7.252569e-03 3.626284e-03 2.337739e-02 3.291704e-03 4.753163e-02 9.609898e-03
0.001825 T17-3086 6.675295e-04 3.337647e-04 0.000000e+00 9.900000e+01 3.243312e-02 1.027562e-02 2.098876e-02 8.624574e-03 6.125848e-02 7.497006e-03 9.944765e-02 3.168243e-03 1.387159e-01 8.922175e-03
0.001825 T17-2532 8.018543e-03 4.009272e-03 1.355529e-02 6.777643e-03 0.000000e+00 9.900000e+01 2.289692e-02 1.144846e-02 3.749195e-03 1.874598e-03 2.144882e-02 5.353401e-03 2.024113e-02 1.012056e-02
0.001825 T17-2535 1.729594e-02 8.647970e-03 1.899762e-04 9.498810e-05 1.027010e-02 5.135050e-03 0.000000e+00 9.900000e+01 1.338074e-02 6.690368e-03 2.385092e-02 5.355003e-03 2.299783e-02 1.149891e-02
0.001825 T17-2495 4.693915e-02 1.041450e-02 6.450032e-02 1.579209e-02 6.226714e-02 1.248911e-02 8.096813e-02 1.193205e-02 8.923729e-02 1.171478e-02 1.510035e-01 7.042139e-03 1.301619e-01 1.700900e-02
0.001825 T17-2556 1.433244e-02 7.166219e-03 1.968160e-02 9.840799e-03 2.074653e-02 1.037327e-02 2.134339e-02 1.067169e-02 2.754670e-02 9.285964e-03 4.725768e-02 5.526473e-03 5.459284e-02 1.444828e-02
0.001825 T17-2473 7.788861e-03 3.894430e-03 9.373471e-03 4.686736e-03 1.078728e-02 5.393642e-03 3.160812e-02 1.074117e-02 5.306239e-02 9.615821e-03 4.815404e-02 4.318370e-03 5.024441e-02 1.331470e-02
0.001825 T17-2616 1.822694e-02 9.113469e-03 0.000000e+00 9.900000e+01 1.702657e-02 8.513285e-03 2.673043e-03 1.336521e-03 4.256534e-02 9.810577e-03 3.042376e-02 5.052052e-03 6.571646e-02 1.601548e-02
0.001825 T17-2610 0.000000e+00 9.900000e+01 1.510484e-02 7.552419e-03 1.808399e-02 9.041993e-03 2.475483e-02 1.077876e-02 2.302574e-02 9.435645e-03 2.153257e-02 4.780935e-03 1.695873e-02 8.479367e-03
0.001825 T17-2541 1.021378e-02 5.106889e-03 1.554011e-02 7.770054e-03 7.137822e-04 3.568911e-04 1.685786e-02 8.428928e-03 2.103437e-02 1.002522e-02 3.047841e-02 5.087127e-03 2.697751e-02 1.348876e-02
0.001825 T17-2595 0.000000e+00 9.900000e+01 2.559134e-02 1.279567e-02 0.000000e+00 9.900000e+01 2.213158e-02 1.106579e-02 1.508738e-02 7.543691e-03 3.442213e-02 5.344773e-03 4.331010e-02 1.327775e-02
0.001825 T17-2228 0.000000e+00 9.900000e+01 9.498242e-03 4.749121e-03 4.295797e-02 1.328577e-02 1.312486e-02 6.562431e-03 1.756266e-02 8.781330e-03 2.233671e-02 4.637824e-03 3.297370e-02 1.405662e-02
0.001825 T17-2258 3.680219e-02 1.107841e-02 2.719773e-02 1.359887e-02 5.169970e-03 2.584985e-03 2.358030e-02 1.179015e-02 3.485572e-02 1.010459e-02 4.884791e-02 4.984336e-03 7.501312e-02 1.563006e-02
0.001825 T17-2470 1.007070e-01 1.027668e-02 1.205704e-01 1.418795e-02 1.666664e-01 1.200488e-02 1.660711e-01 1.227434e-02 2.723321e-01 9.657254e-03 4.190707e-01 5.908812e-03 4.496426e-01 1.386016e-02
0.001825 T17-2411 1.945019e-02 9.725097e-03 0.000000e+00 9.900000e+01 1.886451e-02 9.432256e-03 8.144905e-03 4.072452e-03 4.221937e-02 9.937165e-03 3.800119e-02 4.910387e-03 2.516043e-02 1.258021e-02
0.001825 T17-2419 1.641681e-02 8.208405e-03 3.537660e-02 1.491739e-02 0.000000e+00 9.900000e+01 2.113659e-02 1.056829e-02 3.314839e-02 1.091165e-02 3.782440e-02 4.932799e-03 5.461600e-02 1.430913e-02
0.001825 T17-2488 6.952588e-03 3.476294e-03 0.000000e+00 9.900000e+01 1.097100e-02 5.485502e-03 0.000000e+00 9.900000e+01 4.985450e-03 2.492725e-03 4.576189e-02 4.901316e-03 4.191263e-02 1.359131e-02
0.001825 T17-2526 8.865417e-03 4.432709e-03 1.778988e-02 8.894942e-03 9.046669e-03 4.523334e-03 1.412911e-03 7.064557e-04 5.062091e-03 2.531046e-03 2.094523e-02 4.663920e-03 0.000000e+00 9.900000e+01
0.001825 T17-2552 1.150331e-02 5.751657e-03 1.575229e-02 7.876144e-03 1.730363e-02 8.651814e-03 3.295961e-02 1.350847e-02 4.298041e-02 1.158521e-02 8.861449e-02 5.129835e-03 8.802276e-02 1.327579e-02
0.001825 T17-2333 1.825633e-02 9.128166e-03 0.000000e+00 9.900000e+01 5.379365e-03 2.689682e-03 3.416049e-03 1.708024e-03 2.945613e-02 9.348715e-03 3.088929e-02 5.058688e-03 4.653657e-02 1.378445e-02
0.001825 T17-2409 0.000000e+00 9.900000e+01 0.000000e+00 9.900000e+01 0.000000e+00 9.900000e+01 2.881146e-02 1.086647e-02 1.662060e-02 8.310301e-03 3.265204e-02 4.775769e-03 5.210894e-02 1.312578e-02
0.001825 T17-2345 0.000000e+00 9.900000e+01 1.905585e-02 9.527923e-03 4.336466e-03 2.168233e-03 1.558977e-03 7.794883e-04 1.688518e-02 8.442591e-03 2.737820e-02 5.263471e-03 4.565938e-02 1.279806e-02
0.001825 T17-2462 1.367302e-02 6.836508e-03 2.110825e-02 1.055412e-02 1.885381e-02 9.426905e-03 2.604290e-02 1.238955e-02 2.392530e-02 1.104553e-02 5.560730e-02 5.039110e-03 8.368990e-02 1.403509e-02
0.001825 T17-2483 0.000000e+00 9.900000e+01 1.236850e-04 6.184248e-05 5.537876e-03 2.768938e-03 1.229183e-02 6.145913e-03 2.056937e-03 1.028468e-03 3.233081e-02 4.634182e-03 5.052469e-02 1.354556e-02
0.001825 T17-2955 3.125252e-02 1.231946e-02 8.430204e-03 4.215102e-03 3.412723e-02 1.548045e-02 2.124543e-02 1.062272e-02 4.187928e-02 1.066511e-02 4.925663e-02 5.526752e-03 7.199342e-02 1.456243e-02
0.001825 T17-2952 6.426133e-03 3.213066e-03 2.024488e-02 1.012244e-02 3.414976e-02 1.514237e-02 4.644539e-02 1.202224e-02 5.475205e-02 1.257786e-02 7.494802e-02 8.363425e-03 7.119937e-02 2.240557e-02
0.001825 T17-2886 1.389312e-03 6.946560e-04 2.806667e-02 1.403334e-02 7.210263e-03 3.605132e-03 2.245856e-02 1.122928e-02 2.165803e-02 1.044082e-02 5.302781e-02 5.352635e-03 6.256000e-02 1.514906e-02
0.001825 T17-2901 8.508012e-03 4.254006e-03 1.256358e-02 6.281788e-03 0.000000e+00 9.900000e+01 2.454430e-02 1.227215e-02 2.226727e-02 9.972554e-03 3.387078e-02 5.455863e-03 3.995095e-02 1.483244e-02
0.001825 T17-2943 7.998397e-02 1.276076e-02 5.664060e-02 1.814875e-02 1.184928e-01 1.351069e-02 1.272310e-01 1.239026e-02 1.920717e-01 1.125386e-02 3.150021e-01 5.914708e-03 3.653681e-01 1.554273e-02
0.001825 T17-2925 1.984019e-03 9.920097e-04 1.781686e-02 8.908430e-03 5.960011e-03 2.980005e-03 0.000000e+00 9.900000e+01 6.786991e-03 3.393496e-03 2.863866e-02 5.066550e-03 5.124049e-02 1.491494e-02
0.001825 T17-3006 3.973793e-02 1.281150e-02 3.434218e-02 1.717109e-02 7.195613e-02 1.492039e-02 5.191634e-02 1.341897e-02 6.625616e-02 1.042740e-02 9.350133e-02 5.689426e-03 9.776318e-02 1.551691e-02
0.001825 T17-3007 0.000000e+00 9.900000e+01 2.916628e-03 1.458314e-03 2.665942e-02 1.332971e-02 3.870730e-02 1.172357e-02 5.877471e-02 1.108920e-02 8.304722e-02 6.042640e-03 8.845227e-02 1.619257e-02
0.001825 T17-2969 1.194128e-02 5.970640e-03 0.000000e+00 9.900000e+01 1.724099e-02 8.620493e-03 6.209961e-03 3.104981e-03 2.499962e-02 9.982648e-03 4.538881e-02 5.300687e-03 4.833863e-02 1.565204e-02
0.001825 T17-2985 8.415938e-03 4.207969e-03 0.000000e+00 9.900000e+01 1.570810e-02 7.854052e-03 7.273073e-03 3.636537e-03 3.813367e-02 1.011173e-02 5.424678e-02 5.237600e-03 9.790301e-02 1.470399e-02
0.001825 T17-2982 0.000000e+00 9.900000e+01 3.106707e-02 1.553353e-02 3.008518e-02 1.313305e-02 2.710582e-02 1.161863e-02 3.720528e-02 1.074376e-02 4.668401e-02 5.629430e-03 7.393581e-02 1.613368e-02
0.001825 T17-2980 2.161741e-02 1.080871e-02 5.804722e-03 2.902361e-03 4.305285e-02 1.430507e-02 4.296917e-02 1.198441e-02 9.730992e-02 1.274541e-02 1.226178e-01 4.984699e-03 1.340801e-01 1.613951e-02
0.001825 T17-2858 2.539454e-02 1.269727e-02 7.929304e-03 3.964652e-03 2.555804e-02 1.277902e-02 2.462662e-02 1.231331e-02 3.236093e-02 1.037088e-02 9.017608e-02 5.644789e-03 1.080085e-01 1.503448e-02
0.001825 T17-2806 1.810619e-02 9.053097e-03 0.000000e+00 9.900000e+01 9.749957e-03 4.874979e-03 2.385761e-02 1.192881e-02 6.316050e-03 3.158025e-03 4.216257e-02 5.061835e-03 7.232274e-02 1.498762e-02
0.001825 T17-2777 1.396726e-02 6.983629e-03 1.910716e-02 9.553579e-03 1.231440e-03 6.157200e-04 1.823783e-02 9.118917e-03 0.000000e+00 9.900000e+01 3.364916e-02 4.749811e-03 2.072722e-02 1.036361e-02
0.001825 T17-2784 1.216013e-02 6.080063e-03 1.871695e-02 9.358473e-03 2.878592e-02 1.333073e-02 2.600418e-02 1.194720e-02 2.046059e-02 9.818831e-03 6.386462e-02 5.398590e-03 1.006503e-01 1.374286e-02
0.001825 T17-2770 0.000000e+00 9.900000e+01 2.332698e-02 1.166349e-02 2.553844e-02 1.276922e-02 2.525956e-02 1.249143e-02 3.872531e-02 9.838711e-03 7.015020e-02 4.624261e-03 8.856216e-02 1.347258e-02
0.001825 T17-2809 0.000000e+00 9.900000e+01 1.521758e-02 7.608791e-03 9.012353e-03 4.506177e-03 3.537436e-02 1.159738e-02 1.777054e-02 8.885270e-03 4.765459e-02 5.326985e-03 2.481741e-02 1.240871e-02
0.001825 T17-2958 1.595568e-02 7.977840e-03 5.066805e-02 1.625084e-02 5.120401e-02 1.315873e-02 3.540293e-02 1.105131e-02 5.022287e-02 9.572930e-03 7.889964e-02 5.007052e-03 1.024390e-01 1.441218e-02
0.001825 T17-2862 6.919677e-03 3.459838e-03 2.229175e-02 1.114588e-02 2.341109e-02 1.170555e-02 2.670439e-02 1.206773e-02 4.565193e-02 1.081894e-02 6.650871e-02 5.512196e-03 7.044106e-02 1.480498e-02
0.001825 T17-2905 1.399217e-02 6.996083e-03 7.936660e-03 3.968330e-03 0.000000e+00 9.900000e+01 1.688706e-02 8.443528e-03 2.617220e-02 1.013492e-02 2.712030e-02 5.013545e-03 3.840717e-02 1.474875e-02
0.001825 T17-2895 7.489993e-03 3.744996e-03 2.052284e-02 1.026142e-02 2.965909e-02 1.451990e-02 0.000000e+00 9.900000e+01 5.196417e-02 1.009498e-02 7.403589e-02 5.064316e-03 1.112524e-01 1.488065e-02
0.001825 T17-2904 1.328327e-02 6.641637e-03 8.995336e-03 4.497668e-03 1.001323e-02 5.006616e-03 1.359387e-02 6.796936e-03 1.685188e-02 8.425939e-03 4.524117e-02 4.594729e-03 9.032786e-02 1.455483e-02
0.001825 T17-2914 2.001370e-02 1.000685e-02 3.891881e-02 1.362542e-02 8.649192e-04 4.324596e-04 4.013133e-02 1.174767e-02 8.958855e-02 9.562828e-03 1.677774e-01 4.449991e-03 2.620228e-01 1.336323e-02
0.001825 T17-2804 7.795334e-03 3.897667e-03 0.000000e+00 9.900000e+01 1.886471e-02 9.432356e-03 2.812543e-03 1.406271e-03 7.666735e-03 3.833368e-03 3.269487e-02 5.030489e-03 6.536432e-02 1.503446e-02
0.001825 T17-2817 0.000000e+00 9.900000e+01 2.254884e-02 1.127442e-02 4.167767e-02 1.357070e-02 1.792187e-02 8.960937e-03 3.586937e-02 1.060981e-02 4.355398e-02 5.599580e-03 6.626037e-02 1.771892e-02
0.001825 T17-2691 3.140131e-02 1.045338e-02 2.863525e-02 1.431763e-02 3.225985e-02 1.312643e-02 5.798710e-02 1.142808e-02 1.057179e-01 8.952254e-03 1.934214e-01 6.199427e-03 2.977892e-01 1.693535e-02
0.001825 T17-2890 1.474642e-02 7.373208e-03 2.229635e-02 1.114818e-02 3.023613e-02 1.151050e-02 3.954545e-02 1.092201e-02 4.558948e-02 8.635560e-03 8.196881e-02 4.678563e-03 1.013016e-01 1.389112e-02
0.001825 T17-2883 1.685759e-03 8.428794e-04 8.729693e-03 4.364846e-03 2.974759e-02 1.238358e-02 1.684210e-02 8.421051e-03 1.632195e-02 8.160974e-03 3.470109e-02 4.324413e-03 3.639010e-02 1.445069e-02
0.001825 T17-2831 8.960999e-04 4.480499e-04 1.065891e-02 5.329456e-03 9.093759e-03 4.546880e-03 1.448006e-02 7.240032e-03 1.432101e-02 7.160503e-03 3.980199e-02 4.959910e-03 6.620344e-02 1.655729e-02
0.001825 T17-2852 7.940361e-03 3.970181e-03 0.000000e+00 9.900000e+01 9.835936e-03 4.917968e-03 1.722842e-02 8.614208e-03 1.661890e-02 8.309448e-03 3.669869e-02 4.512884e-03 4.908899e-02 1.364723e-02
0.001825 T17-2869 2.513733e-03 1.256866e-03 1.329713e-02 6.648567e-03 8.591363e-03 4.295682e-03 2.672892e-02 1.124457e-02 2.713224e-02 9.059558e-03 3.469444e-02 4.981530e-03 3.495990e-02 1.405277e-02
0.001825 T17-2848 2.561781e-02 9.985631e-03 4.371577e-02 1.361550e-02 1.830252e-02 9.151258e-03 1.402743e-02 7.013715e-03 4.001130e-02 1.013450e-02 5.146699e-02 4.887352e-03 5.903981e-02 1.294753e-02
0.001825 T17-2966 3.381457e-02 1.094849e-02 1.668540e-02 8.342701e-03 2.908829e-02 1.454414e-02 3.293490e-02 1.071102e-02 5.782610e-02 1.026188e-02 9.102087e-02 4.563354e-03 1.222645e-01 1.405181e-02
0.001825 T17-2967 2.930481e-02 1.092951e-02 2.595843e-02 1.297921e-02 0.000000e+00 9.900000e+01 1.122079e-02 5.610397e-03 1.554880e-02 7.774402e-03 2.487630e-02 5.392679e-03 1.445283e-02 7.226417e-03
0.001825 T17-2944 0.000000e+00 9.900000e+01 1.455796e-02 7.278980e-03 1.276868e-02 6.384342e-03 1.042992e-02 5.214962e-03 0.000000e+00 9.900000e+01 2.226066e-02 5.100165e-03 4.591361e-02 1.349566e-02
0.001825 T17-2787 0.000000e+00 9.900000e+01 2.546033e-02 1.273017e-02 8.838850e-03 4.419425e-03 8.964299e-03 4.482150e-03 0.000000e+00 9.900000e+01 2.297395e-02 4.562399e-03 5.184879e-02 1.297081e-02
0.001825 T17-2782 2.029486e-02 1.014743e-02 1.563808e-02 7.819038e-03 1.559796e-02 7.798979e-03 2.465659e-02 1.124217e-02 3.945859e-02 8.972416e-03 7.096622e-02 4.768410e-03 9.935141e-02 1.319409e-02
0.001825 T17-2785 1.166202e-02 5.831012e-03 2.675461e-02 1.283529e-02 4.914987e-03 2.457493e-03 1.730810e-02 8.654052e-03 1.021875e-02 5.109374e-03 2.875645e-02 4.501949e-03 4.862226e-02 1.266725e-02
0.001825 T17-2773 1.341979e-03 6.709896e-04 1.238347e-02 6.191733e-03 2.811881e-02 1.251223e-02 1.578519e-02 7.892597e-03 2.342873e-02 9.465133e-03 4.817777e-02 4.862939e-03 7.270458e-02 1.382425e-02
0.001825 T17-2888 1.221962e-02 6.109811e-03 0.000000e+00 9.900000e+01 0.000000e+00 9.900000e+01 7.386060e-03 3.693030e-03 3.243325e-02 8.448939e-03 5.958319e-02 4.629468e-03 7.647398e-02 1.344226e-02
0.001825 T17-2849 1.711582e-02 8.557908e-03 2.934920e-02 1.321084e-02 1.538832e-02 7.694160e-03 3.157087e-02 1.016387e-02 5.153420e-02 9.122119e-03 8.181070e-02 4.328624e-03 9.822285e-02 1.397855e-02
0.001825 T17-2838 2.025370e-02 1.012685e-02 1.527289e-02 7.636443e-03 1.924605e-02 9.623027e-03 1.042457e-02 5.212284e-03 2.734397e-02 1.084276e-02 6.332342e-02 4.393542e-03 9.204018e-02 1.385125e-02
0.001825 T17-2840 1.666427e-02 8.332134e-03 2.121026e-02 1.060513e-02 1.633488e-02 8.167438e-03 1.073750e-02 5.368749e-03 1.735354e-02 8.676770e-03 4.331061e-02 4.183406e-03 8.412990e-02 1.527860e-02
0.001825 T17-2664 1.143808e-02 5.719041e-03 3.524048e-02 1.511215e-02 3.060764e-02 1.218370e-02 3.464533e-02 1.293548e-02 6.077377e-02 8.942749e-03 9.415854e-02 4.574765e-03 1.293092e-01 1.534614e-02
0.001825 T17-2654 2.822251e-02 1.358930e-02 2.524573e-02 1.262287e-02 2.921973e-02 1.216516e-02 4.126514e-02 1.193230e-02 8.622497e-02 9.827964e-03 1.335144e-01 5.749677e-03 1.807505e-01 1.352355e-02
0.001825 T17-2710 1.209450e-02 6.047250e-03 3.447211e-03 1.723606e-03 1.594913e-02 7.974564e-03 1.629510e-02 8.147550e-03 2.365165e-02 9.347651e-03 3.803020e-02 4.623024e-03 4.023082e-02 1.517937e-02
0.001825 T17-2801 1.527991e-02 7.639957e-03 2.946697e-02 1.473349e-02 1.307213e-03 6.536064e-04 1.753422e-02 8.767110e-03 3.847044e-02 9.443700e-03 6.644252e-02 4.463053e-03 9.472171e-02 1.387479e-02
0.001825 T17-2780 1.482258e-02 7.411288e-03 1.272295e-02 6.361474e-03 2.748282e-03 1.374141e-03 1.378778e-02 6.893888e-03 2.689901e-02 9.262296e-03 3.093996e-02 4.857025e-03 5.057386e-02 1.469549e-02
0.001825 T17-2769 1.370127e-02 6.850636e-03 0.000000e+00 9.900000e+01 5.820033e-03 2.910016e-03 0.000000e+00 9.900000e+01 2.553029e-02 8.480137e-03 2.846635e-02 4.487659e-03 5.221264e-02 1.438485e-02
0.001825 T17-2835 2.961503e-03 1.480752e-03 0.000000e+00 9.900000e+01 0.000000e+00 9.900000e+01 2.132943e-02 1.066472e-02 4.160267e-03 2.080133e-03 2.167338e-02 4.886479e-03 4.469757e-02 1.226585e-02
0.001825 T17-2836 1.645292e-02 8.226462e-03 1.570679e-02 7.853393e-03 2.353312e-02 1.149478e-02 2.213162e-02 1.082911e-02 2.094278e-02 8.991562e-03 3.585552e-02 5.059304e-03 3.481501e-02 1.358578e-02
0.001825 T17-2788 4.884659e-03 2.442330e-03 3.651237e-02 1.369992e-02 2.188116e-02 1.094058e-02 1.843960e-02 9.219801e-03 3.740788e-02 9.109696e-03 8.585843e-02 4.956298e-03 1.485366e-01 1.457018e-02
0.001825 T17-2802 1.206128e-02 6.030638e-03 4.879550e-03 2.439775e-03 1.139603e-03 5.698016e-04 5.473222e-03 2.736611e-03 6.253874e-03 3.126937e-03 2.051816e-02 4.352564e-03 3.040231e-02 1.466281e-02
0.001825 T17-2765 4.190635e-02 1.058682e-02 4.457142e-02 1.424066e-02 6.267459e-02 1.372435e-02 4.956363e-02 1.061496e-02 1.225573e-01 8.823622e-03 2.013894e-01 4.643745e-03 2.356490e-01 1.306794e-02
0.001825 T17-2828 7.844554e-03 3.922277e-03 1.204852e-02 6.024260e-03 0.000000e+00 9.900000e+01 1.380408e-02 6.902041e-03 2.819675e-02 9.063358e-03 4.328294e-02 4.445625e-03 7.259417e-02 1.348974e-02
0.001825 T17-2830 1.227448e-03 6.137238e-04 2.843017e-02 1.286523e-02 8.467620e-03 4.233810e-03 2.450459e-02 1.225229e-02 3.900147e-02 9.989864e-03 1.069230e-01 4.978224e-03 1.698909e-01 1.352755e-02
0.001825 T17-2887 9.718267e-03 4.859134e-03 2.451015e-02 1.225508e-02 8.563778e-04 4.281889e-04 2.893160e-02 1.064747e-02 3.865394e-02 9.201582e-03 3.807415e-02 4.514898e-03 3.118390e-02 1.277693e-02
0.001825 T17-2717 1.122989e-02 5.614946e-03 3.180036e-02 1.423982e-02 1.764367e-02 8.821835e-03 1.765667e-02 8.828335e-03 4.061619e-02 9.260621e-03 4.713703e-02 5.246330e-03 5.730344e-02 1.357637e-02
0.001825 T17-2695 0.000000e+00 9.900000e+01 2.148717e-03 1.074358e-03 7.035130e-03 3.517565e-03 2.505577e-02 1.018756e-02 1.310032e-02 6.550162e-03 2.707640e-02 5.363744e-03 4.910829e-02 1.459145e-02
0.001825 T17-2632 0.000000e+00 9.900000e+01 6.838204e-03 3.419102e-03 1.484899e-02 7.424495e-03 1.339332e-02 6.696660e-03 2.124566e-02 9.475277e-03 2.422822e-02 4.940658e-03 4.875195e-02 1.446331e-02
0.001825 T17-2748 0.000000e+00 9.900000e+01 1.354499e-02 6.772494e-03 1.415058e-02 7.075291e-03 1.104785e-02 5.523925e-03 1.469338e-02 7.346689e-03 3.073004e-02 3.987903e-03 6.345116e-02 1.277930e-02
0.001825 T17-2771 5.845566e-03 2.922783e-03 0.000000e+00 9.900000e+01 2.078703e-03 1.039352e-03 1.296321e-02 6.481603e-03 9.797886e-03 4.898943e-03 2.564031e-02 4.382446e-03 4.995667e-02 1.402190e-02
0.001825 T17-2716 6.154694e-02 1.018310e-02 2.829213e-02 1.392351e-02 8.567927e-02 1.220804e-02 6.750033e-02 1.106151e-02 1.255548e-01 9.844592e-03 1.841558e-01 4.923332e-03 1.815196e-01 1.382338e-02
0.001825 T17-2774 5.113582e-03 2.556791e-03 5.423996e-03 2.711998e-03 2.741289e-02 1.217543e-02 1.120583e-02 5.602915e-03 2.414716e-02 1.022034e-02 3.112824e-02 4.509862e-03 1.215963e-02 6.079813e-03
0.001825 T17-2670 2.357775e-02 1.054132e-02 2.308930e-02 1.154465e-02 4.089016e-02 1.308894e-02 3.723290e-02 1.110024e-02 5.209809e-02 1.023724e-02 6.987585e-02 4.406170e-03 7.423444e-02 1.411815e-02
0.001825 T17-2612 2.476899e-02 1.194469e-02 1.850637e-02 9.253185e-03 1.855212e-02 9.276060e-03 6.924064e-03 3.462032e-03 0.000000e+00 9.900000e+01 4.333458e-02 5.162267e-03 4.606742e-02 1.524567e-02
0.001825 T17-2646 1.055779e-02 5.278897e-03 1.430473e-02 7.152363e-03 2.189400e-02 1.094700e-02 2.056300e-02 1.028150e-02 3.604169e-02 9.518484e-03 4.657343e-02 5.207735e-03 7.684891e-02 1.474147e-02
0.001825 T17-2583 2.728018e-02 1.198941e-02 3.341913e-02 1.448420e-02 3.754168e-02 1.287350e-02 4.292021e-02 1.130452e-02 8.392824e-02 1.166890e-02 1.110597e-01 5.610092e-03 1.495538e-01 1.397135e-02
0.001825 T17-2570 9.041267e-03 4.520633e-03 7.989749e-04 3.994874e-04 1.511636e-02 7.558178e-03 0.000000e+00 9.900000e+01 2.321596e-02 1.083288e-02 3.139486e-02 5.211548e-03 4.817934e-02 1.432661e-02
0.001825 T17-2560 6.675765e-03 3.337883e-03 0.000000e+00 9.900000e+01 0.000000e+00 9.900000e+01 1.390928e-02 6.954638e-03 1.827755e-02 9.138776e-03 4.332089e-02 5.605150e-03 7.060014e-02 1.552619e-02
0.001825 T17-2191 8.822535e-03 4.411268e-03 2.250575e-02 1.125288e-02 0.000000e+00 9.900000e+01 2.214023e-02 1.107012e-02 1.383891e-02 6.919455e-03 2.474159e-02 5.010052e-03 4.865481e-02 1.447600e-02
0.001825 T17-2181 1.950247e-02 9.751237e-03 1.777615e-02 8.888076e-03 2.389928e-02 1.194964e-02 0.000000e+00 9.900000e+01 0.000000e+00 9.900000e+01 4.068662e-02 6.012736e-03 3.584778e-02 1.581965e-02
0.001825 T17-2313 3.119673e-03 1.559837e-03 1.466408e-03 7.332042e-04 0.000000e+00 9.900000e+01 1.368687e-02 6.843437e-03 1.488618e-02 7.443091e-03 3.167108e-02 5.658347e-03 2.821780e-02 1.386191e-02
0.001825 T17-2389 1.969309e-02 9.846547e-03 2.471374e-03 1.235687e-03 1.702119e-02 8.510597e-03 3.448345e-02 1.379830e-02 4.560263e-02 1.159716e-02 5.450780e-02 6.136952e-03 8.491570e-02 1.544367e-02
0.001825 T17-2380 0.000000e+00 9.900000e+01 0.000000e+00 9.900000e+01 3.351303e-02 1.351497e-02 2.504609e-02 1.178595e-02 5.079689e-02 1.003485e-02 1.136264e-01 5.260582e-03 1.477625e-01 1.439277e-02
0.001825 T17-2295 6.197860e-03 3.098930e-03 3.083406e-02 1.541703e-02 2.304879e-02 1.152440e-02 2.183914e-02 1.091957e-02 4.854396e-02 1.147875e-02 7.262738e-02 6.485610e-03 1.821205e-01 1.761336e-02
0.001825 T17-2398 1.077629e-02 5.388147e-03 2.128129e-02 1.064064e-02 2.308988e-02 1.154494e-02 1.379164e-02 6.895822e-03 2.228577e-02 1.069057e-02 2.770189e-02 5.059629e-03 4.974357e-02 1.526545e-02
0.001825 T17-2463 5.672256e-03 2.836128e-03 2.434470e-02 1.217235e-02 6.779361e-03 3.389681e-03 6.471530e-02 1.312746e-02 7.891607e-02 1.020371e-02 1.149032e-01 5.155571e-03 1.171710e-01 1.441878e-02
0.001825 T17-2430 0.000000e+00 9.900000e+01 3.157978e-03 1.578989e-03 1.223528e-04 6.117639e-05 7.074159e-03 3.537080e-03 3.584241e-02 1.102334e-02 4.130129e-02 6.328711e-03 6.963787e-02 1.424378e-02
0.001825 T17-2222 1.539250e-02 7.696250e-03 1.730604e-03 8.653020e-04 5.711009e-03 2.855505e-03 8.416380e-03 4.208190e-03 2.243527e-03 1.121763e-03 2.800728e-02 5.114739e-03 1.539555e-03 7.697776e-04
0.001825 T17-2189 1.645663e-02 8.228314e-03 1.190186e-02 5.950928e-03 4.175731e-02 1.393284e-02 2.814293e-02 1.367901e-02 4.023446e-02 1.018367e-02 7.596560e-02 5.304358e-03 1.224863e-01 1.681137e-02
0.001825 T17-2201 0.000000e+00 9.900000e+01 0.000000e+00 9.900000e+01 1.280627e-02 6.403133e-03 1.179236e-02 5.896178e-03 3.786237e-02 1.111287e-02 4.367563e-02 6.786283e-03 4.511839e-02 1.495850e-02
0.001825 T17-2195 8.051622e-03 4.025811e-03 0.000000e+00 9.900000e+01 2.894267e-03 1.447134e-03 6.738457e-03 3.369229e-03 1.311281e-02 6.556407e-03 2.228165e-02 4.656379e-03 5.310481e-02 1.415019e-02
0.001825 T17-2286 1.218298e-02 6.091491e-03 1.654318e-02 8.271592e-03 2.427334e-02 1.213667e-02 1.662765e-02 8.313823e-03 3.817241e-02 1.005879e-02 4.783828e-02 4.960374e-03 3.859037e-02 1.641970e-02
0.001825 T17-2271 5.096857e-02 1.234737e-02 4.760681e-02 1.744744e-02 1.777063e-01 1.458892e-02 1.314133e-01 1.367652e-02 2.641388e-01 1.321117e-02 4.423229e-01 7.545887e-03 5.178100e-01 1.393492e-02
0.001825 T17-1090 3.781506e-02 1.890753e-02 3.481512e-02 1.740756e-02 4.592709e-02 2.296354e-02 3.207347e-02 1.603673e-02 6.777195e-02 2.116638e-02 9.438325e-02 1.172473e-02 6.723548e-02 1.468753e-02
0.001825 T17-1187 4.246830e-02 2.123415e-02 7.244759e-02 2.919407e-02 7.703100e-02 2.753334e-02 6.577747e-02 2.703845e-02 6.999889e-02 1.944804e-02 1.976931e-01 9.049843e-03 2.065539e-01 1.522113e-02
0.001825 T17-0834 0.000000e+00 9.900000e+01 0.000000e+00 9.900000e+01 6.070727e-02 3.035364e-02 6.001709e-02 2.572448e-02 7.565472e-02 1.982995e-02 1.309784e-01 1.021868e-02 1.731671e-01 1.554351e-02
0.001825 T17-0931 0.000000e+00 9.900000e+01 1.819867e-02 9.099335e-03 0.000000e+00 9.900000e+01 4.244966e-02 2.122483e-02 3.108455e-02 1.554228e-02 3.811562e-02 8.707158e-03 6.559522e-02 1.434530e-02
0.001825 T17-0896 4.943301e-02 2.142992e-02 6.924440e-02 2.718031e-02 4.528653e-02 2.264326e-02 1.057240e-01 2.499685e-02 1.630361e-01 2.123251e-02 1.856109e-01 9.110061e-03 1.963815e-01 1.383007e-02
0.001825 T17-0974 4.976930e-02 2.055431e-02 1.282292e-02 6.411458e-03 0.000000e+00 9.900000e+01 6.129186e-03 3.064593e-03 2.300793e-02 1.150396e-02 3.659218e-02 9.698335e-03 5.430096e-02 1.377529e-02
0.001825 T17-1070 0.000000e+00 9.900000e+01 2.836768e-02 1.418384e-02 7.700335e-02 2.684174e-02 1.064659e-02 5.323293e-03 3.435844e-02 1.717922e-02 5.079895e-02 8.305309e-03 3.107651e-02 1.505497e-02
0.001825 T17-1923 3.239292e-02 1.619646e-02 1.569139e-02 7.845694e-03 3.175398e-02 1.587699e-02 3.544021e-02 1.772010e-02 2.263665e-02 1.131833e-02 7.810332e-02 8.491851e-03 1.013609e-01 1.419023e-02
0.001825 T17-1424 4.308731e-02 1.879724e-02 5.134334e-02 2.450229e-02 0.000000e+00 9.900000e+01 2.249553e-02 1.124776e-02 8.763650e-02 1.889172e-02 1.549431e-01 1.003117e-02 1.729422e-01 1.518827e-02
0.001825 T17-1904 1.871825e-02 9.359125e-03 4.364733e-02 2.182367e-02 0.000000e+00 9.900000e+01 1.191247e-02 5.956234e-03 4.839488e-02 1.786283e-02 4.411790e-02 8.376223e-03 8.078969e-02 1.359063e-02
0.001825 T17-1380 1.790043e-03 8.950215e-04 5.879245e-03 2.939623e-03 1.866850e-03 9.334251e-04 0.000000e+00 9.900000e+01 0.000000e+00 9.900000e+01 8.232827e-02 8.413861e-03 1.043648e-01 1.281468e-02
0.001825 T17-1219 1.909364e-02 9.546822e-03 3.604641e-02 1.802320e-02 0.000000e+00 9.900000e+01 3.432900e-02 1.716450e-02 5.143774e-02 1.997023e-02 5.986338e-02 9.425572e-03 8.447871e-02 1.532447e-02
0.001825 T17-1601 3.381298e-02 1.690649e-02 6.432514e-02 2.618670e-02 6.329279e-02 3.103635e-02 1.233230e-02 6.166149e-03 8.731299e-02 1.703302e-02 1.215946e-01 8.422267e-03 1.412148e-01 1.441678e-02
0.001825 T17-1247 1.743894e-02 8.719468e-03 7.085418e-02 2.385568e-02 3.330853e-02 1.665426e-02 2.722227e-02 1.361113e-02 2.608263e-02 1.304131e-02 5.744352e-02 8.510468e-03 1.011988e-01 1.330199e-02
0.001825 T17-1410 4.574644e-03 2.287322e-03 0.000000e+00 9.900000e+01 0.000000e+00 9.900000e+01 8.007683e-02 2.422145e-02 1.369893e-02 6.849464e-03 3.339688e-02 8.856913e-03 4.946702e-02 1.271325e-02
0.001825 T17-0775 4.950865e-02 2.238834e-02 3.678056e-02 1.839028e-02 1.522410e-02 7.612050e-03 1.268131e-03 6.340656e-04 4.101981e-02 2.035870e-02 4.582673e-02 8.605126e-03 4.262213e-02 1.571963e-02
0.001825 T17-1007 8.410888e-03 4.205444e-03 6.859599e-04 3.429800e-04 4.076714e-02 2.038357e-02 0.000000e+00 9.900000e+01 5.586699e-02 1.904961e-02 3.140088e-02 8.270872e-03 6.101403e-02 1.512171e-02
0.001825 T17-0990 3.491871e-03 1.745936e-03 0.000000e+00 9.900000e+01 0.000000e+00 9.900000e+01 5.794663e-02 2.644259e-02 5.519669e-02 1.962373e-02 6.230220e-02 9.204578e-03 8.268804e-02 1.365246e-02
0.001825 T17-0768 2.514641e-02 1.257320e-02 2.678286e-02 1.339143e-02 0.000000e+00 9.900000e+01 0.000000e+00 9.900000e+01 1.588636e-02 7.943181e-03 6.658417e-02 9.921343e-03 5.284688e-02 1.463932e-02
0.001825 T17-0817 6.599870e-02 2.133174e-02 2.781078e-02 1.390539e-02 3.548762e-02 1.774381e-02 4.259883e-02 2.129942e-02 3.367044e-02 1.683522e-02 9.249513e-02 9.514171e-03 1.118243e-01 1.409136e-02
0.001825 T17-0732 4.939602e-03 2.469801e-03 2.810119e-02 1.405059e-02 0.000000e+00 9.900000e+01 1.887777e-02 9.438884e-03 3.788502e-02 1.772739e-02 7.519543e-02 9.299788e-03 9.498456e-02 1.312985e-02
0.001825 T17-0804 0.000000e+00 9.900000e+01 4.309974e-02 2.154987e-02 1.951739e-02 9.758697e-03 2.062324e-02 1.031162e-02 6.558611e-02 1.727156e-02 7.558254e-02 1.009081e-02 1.174745e-01 1.610058e-02
0.001825 T17-0873 1.572958e-02 7.864789e-03 0.000000e+00 9.900000e+01 2.463474e-02 1.231737e-02 0.000000e+00 9.900000e+01 0.000000e+00 9.900000e+01 4.840428e-02 8.981117e-03 6.628556e-02 1.304259e-02
0.001825 T17-0918 7.078516e-02 2.512717e-02 1.819866e-02 9.099329e-03 1.014773e-01 2.597940e-02 6.119796e-02 2.413868e-02 9.688031e-02 1.912843e-02 1.837188e-01 8.549527e-03 2.312968e-01 1.354854e-02
0.001825 T17-0988 6.617131e-03 3.308565e-03 4.129353e-02 2.064676e-02 4.936446e-03 2.468223e-03 3.305153e-02 1.652576e-02 4.532631e-02 1.926877e-02 3.693676e-02 8.206650e-03 3.504819e-02 1.339084e-02
0.001825 T17-0908 4.895233e-03 2.447616e-03 6.030259e-03 3.015129e-03 0.000000e+00 9.900000e+01 8.107081e-03 4.053541e-03 1.677699e-02 8.388495e-03 5.084332e-02 9.015645e-03 8.596149e-02 1.477206e-02
0.001825 T17-0809 1.430874e-02 7.154368e-03 7.579026e-03 3.789513e-03 3.483747e-03 1.741873e-03 0.000000e+00 9.900000e+01 0.000000e+00 9.900000e+01 2.951090e-02 8.009120e-03 6.525608e-02 1.612191e-02
0.001825 T17-0841 1.117963e-02 5.589817e-03 4.137183e-02 2.068592e-02 7.322195e-02 2.633790e-02 0.000000e+00 9.900000e+01 3.830408e-02 1.893271e-02 2.448996e-02 8.066227e-03 4.321184e-02 1.423322e-02
0.001825 T17-0805 2.222571e-02 1.111286e-02 0.000000e+00 9.900000e+01 0.000000e+00 9.900000e+01 0.000000e+00 9.900000e+01 4.931129e-02 1.949619e-02 4.066482e-02 8.452681e-03 4.414307e-02 1.404463e-02
0.001825 T17-0728 1.419874e-02 7.099371e-03 4.631381e-03 2.315690e-03 1.672803e-02 8.364016e-03 2.805427e-02 1.402714e-02 5.429988e-02 1.729223e-02 3.745632e-02 9.198657e-03 7.872559e-02 1.285456e-02
0.001825 T17-1194 3.976351e-02 1.960093e-02 2.486823e-02 1.243411e-02 0.000000e+00 9.900000e+01 4.933317e-02 2.408203e-02 5.585274e-02 1.961488e-02 8.852109e-02 7.757788e-03 1.416858e-01 1.361827e-02
0.001825 T17-1094 1.703968e-02 8.519842e-03 4.618354e-03 2.309177e-03 0.000000e+00 9.900000e+01 1.761646e-02 8.808231e-03 1.878893e-02 9.394463e-03 7.403527e-02 8.331534e-03 1.123740e-01 1.318733e-02
0.001825 T17-0285 1.000994e-02 5.004971e-03 1.950937e-02 9.754685e-03 4.235484e-02 2.117742e-02 4.062604e-02 2.031302e-02 0.000000e+00 9.900000e+01 6.691466e-02 1.139450e-02 5.453254e-02 1.826452e-02
0.001825 T17-0282 5.114740e-03 2.557370e-03 2.382811e-03 1.191405e-03 0.000000e+00 9.900000e+01 0.000000e+00 9.900000e+01 2.786627e-02 1.393314e-02 4.268733e-02 1.043306e-02 6.012917e-02 1.778426e-02
0.001825 T17-0338 0.000000e+00 9.900000e+01 8.830953e-02 4.117435e-02 1.853976e-02 9.269879e-03 5.286082e-03 2.643041e-03 1.230142e-01 2.788037e-02 2.262279e-01 1.213454e-02 2.529860e-01 2.261687e-02
0.001825 T17-0302 4.942800e-02 2.471400e-02 0.000000e+00 9.900000e+01 0.000000e+00 9.900000e+01 4.717659e-02 2.358830e-02 1.602258e-02 8.011291e-03 4.674483e-02 1.096252e-02 8.742367e-02 1.766133e-02
0.001825 T17-0324 6.591798e-03 3.295899e-03 3.742413e-02 1.871207e-02 6.644476e-02 3.322238e-02 8.248423e-02 3.503860e-02 2.747750e-03 1.373875e-03 2.578861e-02 1.289430e-02 1.830436e-02 9.152178e-03
0.001825 T17-0391 0.000000e+00 9.900000e+01 4.204036e-02 2.102018e-02 3.507511e-02 1.753756e-02 1.697637e-02 8.488183e-03 2.744566e-02 1.372283e-02 8.227019e-02 1.257070e-02 7.119381e-02 1.642273e-02
0.001825 T17-0400 3.642992e-02 1.821496e-02 0.000000e+00 9.900000e+01 1.046473e-01 3.726617e-02 0.000000e+00 9.900000e+01 3.329381e-02 1.664691e-02 2.646722e-02 1.115847e-02 4.796307e-02 1.598655e-02
0.001825 T17-0119 4.625208e-02 2.094838e-02 0.000000e+00 9.900000e+01 3.201379e-02 1.600689e-02 1.358863e-02 6.794316e-03 6.464319e-02 2.114549e-02 2.009007e-02 9.781289e-03 6.467575e-02 1.584069e-02
0.001825 T17-0222 2.561764e-02 1.280882e-02 0.000000e+00 9.900000e+01 0.000000e+00 9.900000e+01 7.258069e-03 3.629034e-03 9.051893e-02 2.886945e-02 8.902225e-02 1.144983e-02 8.978960e-02 1.935455e-02
0.001825 T17-0273 6.083047e-02 2.834627e-02 5.515124e-02 2.757562e-02 1.362432e-01 3.403267e-02 1.129546e-01 2.900619e-02 1.982057e-01 2.339941e-02 3.175464e-01 1.124755e-02 3.661829e-01 1.628545e-02
0.001825 T17-0308 9.653098e-02 2.526765e-02 4.724371e-02 2.362186e-02 1.165093e-01 3.232296e-02 9.437233e-02 2.572182e-02 2.465827e-01 2.151338e-02 3.399639e-01 1.122295e-02 3.970328e-01 1.497407e-02
0.001825 T17-0289 6.542232e-03 3.271116e-03 0.000000e+00 9.900000e+01 5.463895e-02 2.731947e-02 1.096521e-02 5.482606e-03 4.582321e-02 2.291160e-02 5.887882e-02 1.011074e-02 7.122481e-02 1.635916e-02
0.001825 T17-0188 3.481492e-02 1.740746e-02 2.327436e-02 1.163718e-02 1.004606e-01 3.089723e-02 3.155608e-02 1.577804e-02 1.241551e-02 6.207753e-03 5.632230e-02 1.061551e-02 1.153766e-01 1.682934e-02
0.001825 T17-0156 2.245093e-02 1.122546e-02 0.000000e+00 9.900000e+01 0.000000e+00 9.900000e+01 9.674780e-03 4.837390e-03 4.034825e-02 2.017413e-02 5.925968e-02 1.063546e-02 5.616920e-02 1.640993e-02
0.001825 T17-0259 6.272462e-02 2.263593e-02 0.000000e+00 9.900000e+01 8.155834e-02 3.171847e-02 6.818050e-03 3.409025e-03 9.744894e-03 4.872447e-03 4.830570e-02 1.012686e-02 2.408476e-02 1.204238e-02
0.001825 T17-0269 2.923042e-02 1.461521e-02 0.000000e+00 9.900000e+01 0.000000e+00 9.900000e+01 2.471429e-02 1.235714e-02 6.312364e-02 2.241100e-02 4.525737e-02 9.690913e-03 5.830745e-02 1.504344e-02
0.001825 T17-0237 0.000000e+00 9.900000e+01 2.598537e-02 1.299268e-02 0.000000e+00 9.900000e+01 0.000000e+00 9.900000e+01 2.418875e-02 1.209437e-02 5.653107e-02 1.069620e-02 8.264230e-02 1.660153e-02
0.001825 T17-0354 6.435078e-02 2.382744e-02 8.885677e-02 2.921608e-02 1.751527e-01 3.182522e-02 1.342799e-01 2.973012e-02 2.434037e-01 2.332395e-02 3.659516e-01 1.098899e-02 3.883311e-01 1.551558e-02
0.001825 T17-0363 0.000000e+00 9.900000e+01 2.130887e-02 1.065444e-02 0.000000e+00 9.900000e+01 7.993925e-03 3.996962e-03 4.109042e-02 2.054521e-02 4.554217e-02 1.093325e-02 5.973609e-02 1.680678e-02
0.001825 T17-0342 6.250825e-02 2.662314e-02 0.000000e+00 9.900000e+01 0.000000e+00 9.900000e+01 3.066634e-02 1.533317e-02 5.067570e-02 1.968969e-02 7.282309e-02 1.037054e-02 1.144703e-01 1.527627e-02
0.001825 T17-0389 3.994505e-02 1.997252e-02 2.187613e-02 1.093807e-02 1.078898e-01 3.242238e-02 2.919690e-02 1.459845e-02 1.738226e-01 2.661397e-02 2.863714e-01 9.675800e-03 4.068573e-01 1.747600e-02
0.001825 T17-0199 5.590958e-02 2.315385e-02 7.206904e-02 3.026891e-02 9.783600e-02 3.060018e-02 1.615338e-01 2.741411e-02 2.005530e-01 2.303774e-02 3.696538e-01 1.212834e-02 4.615963e-01 1.754826e-02
0.001825 T17-0138 8.665887e-02 2.245663e-02 1.207272e-01 2.752798e-02 1.789015e-01 3.417332e-02 1.608191e-01 2.806092e-02 2.951676e-01 2.080403e-02 3.871343e-01 1.036310e-02 4.352874e-01 1.573369e-02
0.001825 T17-0203 2.927680e-02 1.463840e-02 0.000000e+00 9.900000e+01 5.850798e-03 2.925399e-03 2.009655e-02 1.004827e-02 4.994351e-02 2.271899e-02 4.911055e-02 1.073087e-02 7.465474e-02 1.653629e-02
0.001825 T17-0174 1.122720e-02 5.613598e-03 0.000000e+00 9.900000e+01 0.000000e+00 9.900000e+01 0.000000e+00 9.900000e+01 2.226715e-02 1.113358e-02 1.048644e-01 1.138856e-02 1.215764e-01 1.863674e-02
0.001825 T17-0240 9.349940e-03 4.674970e-03 3.935466e-02 1.967733e-02 4.449404e-02 2.224702e-02 3.709320e-02 1.854660e-02 3.471731e-02 1.735865e-02 4.075904e-02 1.289471e-02 6.401097e-02 1.645500e-02
0.001825 T17-0227 9.519552e-04 4.759776e-04 0.000000e+00 9.900000e+01 6.163195e-05 3.081598e-05 0.000000e+00 9.900000e+01 5.869546e-02 2.326184e-02 1.472952e-01 1.053034e-02 2.122469e-01 1.870707e-02
0.001825 T17-0242 1.925573e-02 9.627866e-03 3.387925e-02 1.693963e-02 1.140463e-02 5.702313e-03 1.388509e-02 6.942544e-03 1.181308e-01 2.165338e-02 1.171210e-01 1.024434e-02 1.027766e-01 1.521218e-02
0.001825 T17-0267 4.309130e-02 2.154565e-02 0.000000e+00 9.900000e+01 0.000000e+00 9.900000e+01 2.207959e-02 1.103980e-02 2.695789e-03 1.347894e-03 4.172687e-02 9.741173e-03 7.571454e-02 1.630774e-02
0.001825 T17-0152 4.042742e-02 2.021371e-02 3.402394e-02 1.701197e-02 8.508196e-02 3.173337e-02 1.386451e-01 2.741856e-02 1.852756e-01 2.072285e-02 2.602520e-01 9.790477e-03 3.296940e-01 1.699297e-02
0.001825 T17-0183 5.061181e-03 2.530590e-03 3.943507e-02 1.971753e-02 0.000000e+00 9.900000e+01 0.000000e+00 9.900000e+01 1.761677e-02 8.808385e-03 3.093326e-02 9.684665e-03 5.401422e-02 1.628275e-02
0.001825 T17-0181 4.189292e-02 2.094646e-02 1.087600e-02 5.438001e-03 0.000000e+00 9.900000e+01 4.694477e-02 2.347238e-02 0.000000e+00 9.900000e+01 4.127126e-02 1.004329e-02 3.371999e-02 1.435604e-02
0.001825 T17-0300 0.000000e+00 9.900000e+01 0.000000e+00 9.900000e+01 4.108662e-02 2.054331e-02 6.886428e-02 2.452517e-02 9.545573e-02 2.163479e-02 9.945336e-02 9.868135e-03 1.116545e-01 1.681451e-02
0.001825 T17-0395 6.182020e-02 2.758952e-02 3.954836e-02 1.977418e-02 1.482343e-02 7.411717e-03 8.776706e-02 3.176939e-02 2.755236e-03 1.377618e-03 6.284320e-03 3.142160e-03 3.178469e-02 1.549663e-02
0.001825 T17-0398 0.000000e+00 9.900000e+01 1.510383e-02 7.551916e-03 2.248306e-02 1.124153e-02 6.401388e-03 3.200694e-03 7.818116e-02 2.231416e-02 1.226189e-01 1.073623e-02 1.325975e-01 1.556024e-02
0.001825 T17-0201 1.147188e-01 2.065689e-02 1.557766e-01 2.782946e-02 1.928035e-01 2.946545e-02 1.604286e-01 2.580518e-02 2.944359e-01 2.263907e-02 4.039580e-01 1.042477e-02 4.502373e-01 1.583991e-02
0.001825 T17-0249 7.354730e-02 3.677365e-02 0.000000e+00 9.900000e+01 4.624803e-02 2.312402e-02 0.000000e+00 9.900000e+01 5.074924e-03 2.537462e-03 9.197189e-02 1.663352e-02 9.120443e-02 2.302563e-02
0.001825 T17-0385 7.893952e-02 3.143881e-02 4.288243e-02 2.144122e-02 7.293022e-02 3.646511e-02 3.894214e-02 1.947107e-02 8.535224e-02 3.053804e-02 1.656628e-01 1.490301e-02 1.605120e-01 2.128848e-02
0.001825 T17-0423 2.007350e-02 1.003675e-02 6.745952e-04 3.372976e-04 6.980553e-02 3.490276e-02 5.264070e-02 2.632035e-02 1.190218e-02 5.951091e-03 6.210064e-02 1.359141e-02 6.729168e-02 2.369031e-02
0.001825 T17-0433 2.710376e-02 1.355188e-02 3.201216e-02 1.600608e-02 0.000000e+00 9.900000e+01 0.000000e+00 9.900000e+01 3.208089e-02 1.604044e-02 5.467364e-02 1.571112e-02 8.898255e-02 2.223841e-02
0.001825 T17-0352 1.840674e-02 9.203371e-03 0.000000e+00 9.900000e+01 9.382524e-02 4.346426e-02 1.153286e-01 3.530117e-02 1.016890e-01 3.764325e-02 2.050607e-01 1.510208e-02 2.472014e-01 2.438189e-02
0.001825 T17-0337 4.146026e-02 2.073013e-02 4.269753e-02 2.134877e-02 2.790708e-02 1.395354e-02 1.320193e-01 3.928535e-02 2.428554e-01 4.101439e-02 3.910343e-01 3.806750e-02 3.166041e-01 4.950810e-02
0.001825 T17-0322 4.187752e-02 2.093876e-02 5.420590e-02 2.710295e-02 5.622445e-02 2.811222e-02 9.359858e-02 3.907363e-02 1.335770e-01 3.319189e-02 1.759840e-01 1.720501e-02 1.853916e-01 2.058576e-02
0.001825 T17-0406 5.842727e-02 2.921363e-02 2.090860e-02 1.045430e-02 1.245885e-02 6.229425e-03 2.582341e-02 1.291170e-02 0.000000e+00 9.900000e+01 1.985671e-02 9.928353e-03 7.435904e-02 2.223724e-02
0.001825 T17-0390 4.019085e-02 2.009543e-02 2.550405e-04 1.275202e-04 5.358302e-02 2.679151e-02 4.837441e-02 2.418720e-02 1.367026e-02 6.835131e-03 2.197704e-02 1.098852e-02 6.961991e-02 2.109147e-02
0.001825 T17-0220 1.486828e-02 7.434140e-03 0.000000e+00 9.900000e+01 1.671156e-02 8.355779e-03 1.164804e-02 5.824022e-03 6.506698e-02 3.125464e-02 1.107901e-01 1.446797e-02 1.184613e-01 2.174442e-02
0.001825 T17-0235 1.979295e-02 9.896477e-03 5.059691e-02 2.529846e-02 6.814289e-02 3.407144e-02 9.473251e-02 3.884502e-02 1.110056e-01 2.924349e-02 1.595024e-01 1.429053e-02 2.003694e-01 2.261440e-02
0.001825 T17-0136 4.450000e-02 2.225000e-02 1.609210e-03 8.046050e-04 4.145395e-02 2.072697e-02 6.923930e-03 3.461965e-03 2.732589e-02 1.366294e-02 6.364299e-02 1.418049e-02 4.004798e-02 2.002399e-02
0.001825 T17-0130 4.617677e-02 2.308838e-02 2.580878e-02 1.290439e-02 0.000000e+00 9.900000e+01 5.896248e-02 2.948124e-02 0.000000e+00 9.900000e+01 3.287359e-02 1.469641e-02 7.496977e-02 2.185940e-02
0.001825 T17-0114 1.728233e-02 8.641166e-03 2.956709e-02 1.478354e-02 0.000000e+00 9.900000e+01 7.329854e-02 3.664927e-02 7.348588e-02 3.391571e-02 1.202491e-01 1.530382e-02 1.226491e-01 2.398549e-02
0.001825 T17-0167 0.000000e+00 9.900000e+01 1.007698e-01 4.193530e-02 5.333654e-03 2.666827e-03 6.123513e-02 3.061756e-02 1.639502e-05 8.197509e-06 8.174855e-02 1.626991e-02 1.177095e-01 2.273373e-02
0.001825 T17-0185 2.995664e-02 1.497832e-02 3.447886e-02 1.723943e-02 3.589700e-02 1.794850e-02 2.992452e-02 1.496226e-02 1.551869e-02 7.759343e-03 6.904197e-02 1.604438e-02 1.599887e-01 2.111828e-02
0.001825 T17-0210 4.133566e-02 2.066783e-02 7.996608e-03 3.998304e-03 3.409722e-02 1.704861e-02 0.000000e+00 9.900000e+01 5.693121e-02 2.846560e-02 8.945782e-02 1.507661e-02 5.129562e-02 2.421863e-02
0.001825 T17-0031 6.679272e-02 3.339636e-02 0.000000e+00 9.900000e+01 0.000000e+00 9.900000e+01 5.212877e-02 2.606439e-02 9.490603e-02 3.624760e-02 1.704364e-01 1.658140e-02 1.773131e-01 2.478145e-02
0.001825 T17-0127 4.560430e-02 2.280215e-02 0.000000e+00 9.900000e+01 0.000000e+00 9.900000e+01 6.605251e-02 3.302626e-02 8.874715e-02 3.440620e-02 1.077426e-01 1.567009e-02 8.288548e-02 2.152457e-02
0.001825 T17-0143 0.000000e+00 9.900000e+01 5.582301e-02 2.791150e-02 2.508441e-02 1.254220e-02 3.321540e-02 1.660770e-02 4.163487e-02 2.081744e-02 8.753448e-02 1.451869e-02 1.374966e-01 2.541524e-02
0.001825 T17-0293 5.770817e-02 2.885408e-02 8.096911e-02 4.048456e-02 1.498994e-01 5.175148e-02 1.479212e-01 4.550815e-02 2.414729e-01 3.042022e-02 3.246115e-01 1.398521e-02 4.099920e-01 2.101980e-02
0.001825 T17-0253 2.885903e-02 1.442952e-02 3.626594e-02 1.813297e-02 1.279001e-01 4.530870e-02 5.102857e-02 2.551428e-02 8.475536e-02 2.877400e-02 8.507600e-02 1.719725e-02 1.360515e-01 2.670929e-02
0.001825 T17-0307 7.194339e-02 3.578851e-02 0.000000e+00 9.900000e+01 0.000000e+00 9.900000e+01 6.401283e-03 3.200641e-03 6.238933e-02 3.119466e-02 1.306514e-01 1.711714e-02 1.930293e-01 1.986889e-02
0.001825 T17-0396 0.000000e+00 9.900000e+01 5.946166e-02 2.973083e-02 1.028935e-01 5.144677e-02 5.486995e-02 2.743497e-02 1.033777e-01 3.182893e-02 1.138187e-01 1.480174e-02 1.703491e-01 2.177569e-02
0.001825 T17-1696 2.625274e-03 1.312637e-03 9.904783e-03 4.952392e-03 6.639778e-03 3.319889e-03 1.387329e-02 6.331332e-03 1.569254e-02 5.351505e-03 3.090121e-02 2.418507e-03 3.713416e-02 7.409722e-03
0.001825 T17-1870 3.380465e-04 1.690233e-04 9.281581e-03 4.640791e-03 0.000000e+00 9.900000e+01 0.000000e+00 9.900000e+01 4.657910e-03 2.328955e-03 1.929615e-02 2.682129e-03 2.041072e-02 6.634438e-03
0.001825 T17-1542 1.162155e-02 5.810776e-03 2.912449e-03 1.456225e-03 1.543920e-02 7.359840e-03 2.097680e-02 6.270210e-03 1.574094e-02 5.399988e-03 4.721660e-02 2.642665e-03 6.001897e-02 6.762302e-03
0.001825 T17-1731 6.428437e-03 3.214219e-03 8.147810e-03 4.073905e-03 2.823126e-02 7.000138e-03 3.711382e-02 5.878182e-03 4.800831e-02 5.293516e-03 8.199576e-02 2.633717e-03 1.067497e-01 7.774341e-03
0.001825 T17-1927 1.255007e-02 6.275035e-03 0.000000e+00 9.900000e+01 1.053554e-02 5.267772e-03 3.039729e-02 6.378906e-03 1.560434e-02 4.904476e-03 3.811560e-02 2.814367e-03 3.297297e-02 6.990504e-03
0.001825 T17-1936 1.285884e-02 6.429420e-03 1.718572e-03 8.592859e-04 3.290696e-02 7.867008e-03 3.346205e-02 7.130237e-03 6.804204e-02 5.063993e-03 1.183620e-01 2.390796e-03 1.716514e-01 6.609498e-03
0.001825 T17-1537 1.985896e-02 7.081790e-03 1.666146e-02 8.330732e-03 1.255609e-02 6.278043e-03 1.701795e-02 5.972957e-03 3.582151e-02 5.649514e-03 8.173282e-02 2.634400e-03 1.073539e-01 6.785650e-03
0.001825 T17-1847 4.970184e-02 7.579864e-03 4.444073e-02 1.614359e-02 5.159716e-02 7.337462e-03 5.778309e-02 6.904265e-03 1.005786e-01 5.552316e-03 1.382922e-01 3.069408e-03 1.748563e-01 7.975997e-03
0.001825 T17-0887 0.000000e+00 9.900000e+01 0.000000e+00 9.900000e+01 1.173366e-02 5.866832e-03 2.011757e-02 6.082475e-03 2.132479e-02 5.270831e-03 3.873367e-02 2.466282e-03 4.688287e-02 6.766206e-03
0.001825 T17-0975 2.802959e-02 7.340200e-03 3.755177e-02 1.695680e-02 4.142922e-02 7.311484e-03 3.102058e-02 6.263544e-03 6.231624e-02 5.874927e-03 1.019008e-01 2.833738e-03 1.205266e-01 7.115769e-03
0.001825 T17-1011 0.000000e+00 9.900000e+01 1.194652e-05 5.973259e-06 2.191766e-03 1.095883e-03 1.082694e-02 5.413469e-03 2.003895e-02 5.091126e-03 2.212353e-02 2.525985e-03 3.339538e-02 7.687848e-03
0.001825 T17-0836 7.661902e-03 3.830951e-03 1.093904e-02 5.469519e-03 5.088568e-03 2.544284e-03 8.842180e-03 4.421090e-03 3.152290e-02 4.838035e-03 5.603685e-02 3.600515e-03 4.771421e-02 7.548280e-03
0.001825 T17-0769 9.769223e-03 4.884612e-03 0.000000e+00 9.900000e+01 6.748845e-03 3.374423e-03 1.135707e-02 5.678536e-03 1.398215e-02 5.439922e-03 3.075789e-02 2.368018e-03 2.843988e-02 7.346680e-03
0.001825 T17-0713 6.532418e-03 3.266209e-03 0.000000e+00 9.900000e+01 9.908072e-03 4.954036e-03 1.806378e-02 6.555172e-03 2.642343e-02 5.442044e-03 2.540352e-02 2.601500e-03 4.170793e-02 7.034696e-03
0.001825 T17-0734 0.000000e+00 9.900000e+01 4.224180e-03 2.112090e-03 5.614185e-03 2.807092e-03 0.000000e+00 9.900000e+01 1.056682e-02 4.609814e-03 3.156819e-02 2.478805e-03 3.780749e-02 6.823184e-03
0.001825 T17-0822 1.254159e-02 6.227551e-03 1.716998e-02 8.584990e-03 3.401669e-02 7.416331e-03 2.448774e-02 6.141250e-03 3.929877e-02 4.911913e-03 5.314462e-02 2.626444e-03 5.574363e-02 6.968587e-03
0.001825 T17-0850 1.066424e-02 5.332119e-03 5.362527e-04 2.681264e-04 8.039033e-03 4.019516e-03 1.384817e-02 6.842697e-03 1.197222e-02 4.905954e-03 2.606461e-02 2.332653e-03 3.003281e-02 6.960064e-03
0.001825 T17-0904 7.716650e-03 3.858325e-03 1.079847e-02 5.399234e-03 1.298390e-02 6.491949e-03 1.951085e-02 6.625194e-03 2.688191e-02 4.857986e-03 5.718897e-02 2.791939e-03 6.865046e-02 6.288558e-03
0.001825 T17-0949 9.462703e-03 4.731352e-03 5.579631e-03 2.789815e-03 6.597186e-03 3.298593e-03 1.181973e-03 5.909865e-04 1.872629e-02 5.241444e-03 4.074894e-02 2.614995e-03 5.498150e-02 7.199647e-03
0.001825 T17-0947 1.615586e-02 7.148705e-03 0.000000e+00 9.900000e+01 1.249380e-02 6.246901e-03 1.494073e-02 6.391671e-03 2.674435e-02 5.487600e-03 4.447074e-02 2.439549e-03 5.310471e-02 6.477258e-03
0.001825 T17-0808 8.501751e-03 4.250876e-03 1.474241e-02 7.371204e-03 1.212656e-03 6.063278e-04 3.848829e-03 1.924414e-03 9.188481e-03 4.594240e-03 2.006893e-02 2.322920e-03 3.193683e-02 6.287561e-03
0.001825 T17-0792 1.132360e-02 5.661800e-03 0.000000e+00 9.900000e+01 2.615427e-02 8.433776e-03 1.591948e-02 7.759977e-03 4.689470e-02 5.551868e-03 5.853840e-02 3.523472e-03 7.011538e-02 7.638610e-03
0.001825 T17-0780 1.585711e-02 6.752703e-03 3.924457e-02 1.541813e-02 5.278502e-02 8.128058e-03 4.559830e-02 6.661003e-03 8.660115e-02 5.479918e-03 1.356894e-01 2.870505e-03 1.701169e-01 6.298779e-03
0.001825 T17-0723 2.517309e-02 6.944558e-03 1.473033e-02 7.365167e-03 2.677772e-02 7.300819e-03 3.858917e-02 6.486465e-03 4.254590e-02 5.006333e-03 9.740636e-02 3.962177e-03 7.539393e-02 7.213146e-03
0.001825 T17-0721 7.111492e-03 3.555746e-03 0.000000e+00 9.900000e+01 4.059612e-03 2.029806e-03 9.458037e-03 4.729018e-03 1.526410e-02 5.200824e-03 3.592909e-02 2.581025e-03 4.197203e-02 7.395748e-03
0.001825 T17-0831 9.871782e-03 4.935891e-03 0.000000e+00 9.900000e+01 4.533607e-03 2.266804e-03 9.900687e-03 4.950343e-03 1.691197e-02 5.433135e-03 2.391598e-02 2.573568e-03 2.115025e-02 7.015961e-03
0.001825 T17-0848 4.202416e-03 2.101208e-03 1.564111e-02 7.820553e-03 3.409598e-03 1.704799e-03 2.686559e-03 1.343280e-03 0.000000e+00 9.900000e+01 1.496022e-02 2.535499e-03 8.145247e-03 4.072623e-03
0.001825 T17-0849 2.345957e-03 1.172978e-03 1.578941e-02 7.894707e-03 1.017269e-02 5.086345e-03 1.466141e-02 6.828539e-03 3.363961e-02 5.226832e-03 4.041939e-02 2.819017e-03 4.850378e-02 6.816081e-03
0.001825 T17-0774 1.707815e-02 7.899101e-03 3.252552e-03 1.626276e-03 1.702026e-02 7.150591e-03 6.971596e-03 3.485798e-03 1.573221e-02 5.243130e-03 1.991124e-02 2.623404e-03 2.505184e-02 6.788262e-03
0.001825 T17-0741 5.612070e-03 2.806035e-03 1.622356e-02 8.111782e-03 2.253699e-03 1.126850e-03 1.680991e-02 6.510472e-03 1.674984e-02 5.190280e-03 3.241258e-02 2.722873e-03 4.586782e-02 6.545330e-03
0.001825 T17-0750 4.411605e-03 2.205803e-03 1.361432e-02 6.807158e-03 3.154645e-03 1.577322e-03 1.231842e-03 6.159209e-04 1.710384e-02 5.461078e-03 2.412488e-02 2.649487e-03 2.203778e-02 6.217677e-03
0.001825 T17-0743 1.949183e-03 9.745916e-04 4.703731e-02 1.648591e-02 1.310140e-02 6.550698e-03 7.969413e-03 3.984706e-03 2.250208e-02 4.911769e-03 2.310936e-02 2.715433e-03 2.779530e-02 7.082740e-03
0.001825 T17-0807 2.316974e-02 7.201277e-03 2.179920e-02 1.089960e-02 2.956159e-02 7.349766e-03 3.519505e-02 5.878696e-03 6.233540e-02 5.105457e-03 9.592038e-02 2.663616e-03 1.075306e-01 7.394976e-03
0.001825 T17-0715 2.305170e-02 6.979839e-03 8.759625e-03 4.379813e-03 2.274015e-02 7.408588e-03 3.385655e-02 6.066223e-03 4.645729e-02 5.358185e-03 8.707606e-02 3.100959e-03 1.129484e-01 6.558307e-03
0.001825 T17-0795 7.729880e-04 3.864940e-04 2.300586e-02 1.150293e-02 0.000000e+00 9.900000e+01 3.671586e-04 1.835793e-04 1.249173e-02 6.074027e-03 1.868965e-02 3.771536e-03 2.196249e-02 7.924330e-03
0.001825 T17-0824 1.880559e-02 6.671659e-03 3.703912e-02 1.607553e-02 2.140866e-02 7.553822e-03 1.497837e-02 6.297457e-03 3.397446e-02 5.087942e-03 6.858116e-02 2.584697e-03 1.041736e-01 6.256250e-03
0.001825 T17-0813 1.099486e-03 5.497432e-04 2.109745e-02 1.054873e-02 9.974716e-03 4.987358e-03 1.376909e-02 6.884544e-03 1.993973e-02 5.168440e-03 2.183541e-02 2.899217e-03 1.979267e-02 6.679116e-03
0.001825 T17-0860 2.656204e-02 7.689552e-03 5.473019e-02 1.688154e-02 5.348922e-02 7.219495e-03 5.189381e-02 6.661359e-03 8.301925e-02 5.444859e-03 1.284045e-01 4.148890e-03 1.290066e-01 7.188911e-03
0.001825 T17-0853 1.077547e-01 7.199284e-03 1.046500e-01 1.834172e-02 1.342613e-01 9.624388e-03 1.385333e-01 8.371408e-03 2.160925e-01 8.432392e-03 2.239515e-01 9.151208e-03 1.918803e-01 8.338333e-03
0.001825 T17-0767 0.000000e+00 9.900000e+01 0.000000e+00 9.900000e+01 4.780520e-03 2.390260e-03 1.655531e-02 5.879482e-03 2.185996e-02 5.244451e-03 4.294026e-02 2.340033e-03 6.090912e-02 6.619779e-03
0.001825 T17-1028 2.088469e-02 6.931694e-03 1.112974e-02 5.564870e-03 1.855944e-02 8.319830e-03 8.665388e-03 4.332694e-03 3.593904e-02 4.787395e-03 4.766211e-02 3.472393e-03 4.596918e-02 1.054200e-02
0.001825 T17-1076 1.342067e-02 6.710336e-03 1.383779e-02 6.918894e-03 8.329323e-03 4.164661e-03 1.936611e-02 7.222462e-03 2.540991e-02 5.773832e-03 3.072948e-02 2.496826e-03 4.125611e-02 6.772291e-03
0.001825 T17-1141 1.305770e-02 6.528852e-03 5.932714e-04 2.966357e-04 8.906846e-03 4.453423e-03 2.584815e-02 6.788855e-03 2.753192e-02 5.671443e-03 4.827444e-02 2.562186e-03 6.106529e-02 6.891426e-03
0.001825 T17-1302 2.303241e-02 6.835344e-03 0.000000e+00 9.900000e+01 1.198991e-02 5.994957e-03 1.770749e-02 7.261120e-03 2.971089e-02 4.830022e-03 3.129059e-02 2.710709e-03 4.720194e-02 6.367055e-03
0.001825 T17-1051 1.435847e-02 7.179233e-03 7.468920e-03 3.734460e-03 1.603181e-03 8.015906e-04 9.841937e-03 4.920969e-03 1.862923e-02 5.861515e-03 4.636184e-02 3.193147e-03 6.435004e-02 7.328866e-03
0.001825 T17-1129 1.655245e-02 7.521849e-03 8.451248e-03 4.225624e-03 1.029726e-02 5.148628e-03 1.589232e-02 6.804061e-03 2.696099e-02 5.319139e-03 3.678831e-02 2.481873e-03 4.453426e-02 6.649949e-03
0.001825 T17-1886 2.492182e-02 7.171321e-03 8.893306e-03 4.446653e-03 3.919692e-02 8.037748e-03 3.773771e-02 6.687178e-03 8.797038e-02 5.287288e-03 1.528276e-01 3.010009e-03 2.492595e-01 7.581932e-03
0.001825 T17-1959 1.451830e-02 7.259150e-03 0.000000e+00 9.900000e+01 1.734747e-02 7.187324e-03 5.468711e-03 2.734355e-03 1.117315e-02 5.586573e-03 2.227359e-02 2.738466e-03 2.211040e-02 6.859610e-03
0.001825 T17-1473 1.202825e-02 6.014123e-03 1.471548e-02 7.357742e-03 2.637691e-02 8.989724e-03 2.928479e-02 6.540406e-03 3.092227e-02 5.379224e-03 5.939736e-02 2.898025e-03 8.639667e-02 6.624081e-03
0.001825 T17-1694 2.084669e-02 7.852556e-03 1.337574e-02 6.687868e-03 6.318552e-02 8.106803e-03 6.283114e-02 6.479550e-03 1.022799e-01 5.160672e-03 1.650711e-01 2.929087e-03 2.000088e-01 6.210290e-03
0.001825 T17-1792 5.721909e-03 2.860954e-03 3.199026e-03 1.599513e-03 1.044662e-02 5.223310e-03 1.736180e-02 6.923747e-03 2.329173e-02 5.702624e-03 4.804930e-02 3.087159e-03 6.952689e-02 9.180205e-03
0.001825 T17-1849 0.000000e+00 9.900000e+01 3.490848e-03 1.745424e-03 3.996263e-03 1.998132e-03 0.000000e+00 9.900000e+01 1.165309e-02 4.973034e-03 1.981660e-02 2.487191e-03 2.721772e-02 6.800432e-03
0.001825 T17-1018 2.131930e-02 7.076547e-03 2.117155e-02 1.058578e-02 2.885653e-02 7.687420e-03 2.888824e-02 6.112518e-03 9.039336e-02 4.974423e-03 1.380632e-01 2.924906e-03 1.568830e-01 6.305034e-03
0.001825 T17-0971 2.183246e-02 7.621799e-03 1.323722e-02 6.618609e-03 3.791180e-02 8.379524e-03 3.474423e-02 7.381539e-03 6.154403e-02 5.948695e-03 8.994154e-02 3.089377e-03 9.742294e-02 8.306577e-03
0.001825 T17-1116 4.508510e-03 2.254255e-03 1.841190e-02 9.205948e-03 9.329925e-03 4.664963e-03 2.108683e-02 6.709459e-03 3.293029e-02 5.856230e-03 3.580355e-02 2.361045e-03 3.515534e-02 7.025400e-03
0.001825 T17-1127 8.104255e-03 4.052127e-03 1.964563e-02 9.822813e-03 5.955185e-03 2.977592e-03 3.432471e-04 1.716236e-04 1.422577e-02 5.159711e-03 3.144326e-02 2.673720e-03 4.060683e-02 7.137442e-03
0.001825 T17-1100 6.118123e-03 3.059062e-03 0.000000e+00 9.900000e+01 1.157138e-02 5.785688e-03 6.213791e-05 3.106896e-05 1.847723e-02 5.140156e-03 3.225710e-02 2.708044e-03 5.069587e-02 7.083936e-03
0.001825 T17-1169 6.742826e-03 3.371413e-03 2.355995e-03 1.177998e-03 8.784997e-03 4.392499e-03 5.217520e-03 2.608760e-03 1.722959e-02 5.136028e-03 2.195665e-02 2.911081e-03 2.476291e-02 6.675282e-03
0.001825 T17-0969 5.583902e-03 2.791951e-03 5.798405e-04 2.899203e-04 0.000000e+00 9.900000e+01 3.562323e-03 1.781161e-03 1.102603e-02 5.513014e-03 1.713484e-02 3.539583e-03 2.577783e-02 8.671801e-03
0.001825 T17-1132 2.994952e-03 1.497476e-03 7.275635e-03 3.637818e-03 0.000000e+00 9.900000e+01 1.029010e-02 5.145051e-03 1.598370e-02 5.061906e-03 2.365506e-02 2.477911e-03 2.711407e-02 6.182337e-03
0.001825 T17-1241 3.364880e-02 7.019384e-03 3.604905e-02 1.604738e-02 3.631785e-02 7.076430e-03 3.796268e-02 6.045214e-03 6.554013e-02 5.878316e-03 1.107233e-01 2.628907e-03 1.244932e-01 7.107743e-03
0.001825 T17-1309 2.177481e-02 7.132564e-03 3.160352e-02 1.566200e-02 4.350913e-02 7.218714e-03 4.812741e-02 6.190250e-03 9.181493e-02 5.266384e-03 1.341794e-01 2.908310e-03 1.610496e-01 7.769614e-03
0.001825 T17-1242 1.747007e-02 7.173094e-03 1.731675e-02 8.658374e-03 1.079068e-02 5.395338e-03 1.413465e-02 5.999852e-03 3.304271e-02 5.143068e-03 3.442471e-02 2.512779e-03 4.481673e-02 6.000081e-03
0.001825 T17-1271 0.000000e+00 9.900000e+01 1.341725e-02 6.708623e-03 2.511971e-03 1.255985e-03 9.364732e-03 4.682366e-03 1.722957e-02 5.170039e-03 2.483674e-02 2.727657e-03 3.142376e-02 6.728618e-03
0.001825 T17-1572 1.501831e-02 7.509157e-03 0.000000e+00 9.900000e+01 1.359881e-02 6.799403e-03 1.192488e-02 5.962438e-03 1.523654e-02 5.682393e-03 1.486854e-02 2.673216e-03 2.518122e-02 6.840769e-03
0.001825 T17-1916 2.032701e-03 1.016350e-03 0.000000e+00 9.900000e+01 0.000000e+00 9.900000e+01 1.712976e-02 6.740895e-03 4.898495e-03 2.449247e-03 2.104340e-02 2.711021e-03 3.558030e-02 7.246436e-03
0.001825 T17-1960 2.689622e-03 1.344811e-03 0.000000e+00 9.900000e+01 9.528297e-03 4.764148e-03 2.823901e-03 1.411950e-03 2.596808e-03 1.298404e-03 2.924811e-02 2.587255e-03 2.738936e-02 6.629021e-03
0.001825 T17-1922 5.102176e-02 7.035622e-03 5.373897e-02 1.832170e-02 9.999718e-02 7.193067e-03 1.070320e-01 6.760267e-03 1.608855e-01 5.856681e-03 2.413842e-01 2.760804e-03 2.892335e-01 7.303673e-03
0.001825 T17-1894 1.522968e-02 7.614839e-03 1.257895e-02 6.289477e-03 0.000000e+00 9.900000e+01 1.062897e-03 5.314485e-04 1.004060e-02 5.020298e-03 1.379312e-02 2.616826e-03 4.512965e-03 2.256482e-03
0.001825 T17-0946 2.946581e-04 1.473291e-04 0.000000e+00 9.900000e+01 9.531538e-03 4.765769e-03 1.479907e-02 6.062492e-03 2.022056e-02 5.190318e-03 3.537196e-02 2.656441e-03 4.943410e-02 6.806436e-03
0.001825 T17-1096 5.207066e-02 7.517368e-03 4.804421e-02 1.889343e-02 1.303401e-01 8.840130e-03 1.219708e-01 7.722978e-03 2.440073e-01 8.879397e-03 4.317038e-01 1.038715e-02 5.978693e-01 1.523652e-02
0.001825 T17-0952 2.058762e-02 7.337883e-03 2.577919e-02 1.288960e-02 3.705120e-02 7.171312e-03 3.642352e-02 6.028726e-03 5.188353e-02 5.602002e-03 7.253922e-02 2.713391e-03 9.792582e-02 7.471845e-03
0.001825 T17-0917 8.061765e-03 4.030882e-03 4.575945e-03 2.287972e-03 0.000000e+00 9.900000e+01 6.449948e-03 3.224974e-03 1.297225e-02 5.774666e-03 1.993569e-02 2.688189e-03 2.435750e-02 6.343372e-03
0.001825 T17-0921 6.924314e-02 6.641141e-03 9.859512e-02 1.773853e-02 1.399623e-01 7.525066e-03 1.657733e-01 6.242091e-03 2.672566e-01 6.618945e-03 3.872952e-01 4.252002e-03 4.213471e-01 7.171601e-03
0.001825 T17-0967 5.835072e-03 2.917536e-03 2.071412e-03 1.035706e-03 1.751945e-02 8.013788e-03 6.900558e-03 3.450279e-03 9.929440e-03 4.964720e-03 1.945714e-02 2.688113e-03 3.469158e-02 6.718337e-03
0.001825 T17-0895 5.022742e-02 6.898983e-03 6.113316e-02 1.663190e-02 9.279132e-02 6.918033e-03 8.320497e-02 6.034083e-03 1.489852e-01 5.684152e-03 1.912258e-01 3.076507e-03 2.281677e-01 6.704453e-03
0.001825 T17-0985 6.381595e-02 7.156744e-03 3.393178e-02 1.606750e-02 8.390809e-02 7.891225e-03 9.300202e-02 6.822113e-03 1.632307e-01 5.967016e-03 2.380567e-01 4.317400e-03 2.601858e-01 9.625063e-03
0.001825 T17-2793 4.314547e-02 1.925126e-02 8.689543e-04 4.344772e-04 0.000000e+00 9.900000e+01 3.787086e-02 1.893543e-02 3.229970e-02 1.614985e-02 6.709310e-02 9.874190e-03 1.027742e-01 1.365761e-02
0.001825 T17-2864 2.705785e-02 1.352892e-02 2.566533e-02 1.283267e-02 9.632869e-03 4.816434e-03 5.234646e-02 2.400237e-02 1.023769e-01 2.659018e-02 8.647510e-02 1.035434e-02 1.463774e-01 1.360387e-02
0.001825 T17-2623 8.414146e-03 4.207073e-03 0.000000e+00 9.900000e+01 1.762993e-02 8.814966e-03 0.000000e+00 9.900000e+01 3.585812e-02 1.792906e-02 4.105193e-02 9.216539e-03 6.087415e-02 1.316338e-02
0.001825 T17-2827 0.000000e+00 9.900000e+01 1.929681e-02 9.648406e-03 2.197909e-02 1.098954e-02 7.178917e-02 2.615423e-02 2.519462e-02 1.259731e-02 1.658888e-01 1.059701e-02 1.829081e-01 1.322690e-02
0.001825 T17-2875 8.770582e-03 4.385291e-03 5.494587e-02 2.747294e-02 0.000000e+00 9.900000e+01 0.000000e+00 9.900000e+01 0.000000e+00 9.900000e+01 5.247095e-02 9.506488e-03 8.592091e-02 1.261788e-02
0.001825 T17-2747 4.116314e-03 2.058157e-03 8.102771e-03 4.051385e-03 3.116615e-02 1.558308e-02 2.308576e-02 1.154288e-02 0.000000e+00 9.900000e+01 2.742140e-02 8.927654e-03 6.117424e-02 1.396709e-02
0.001825 T17-2839 1.979513e-02 9.897566e-03 9.007352e-03 4.503676e-03 0.000000e+00 9.900000e+01 0.000000e+00 9.900000e+01 2.452039e-02 1.226020e-02 8.440202e-02 1.018657e-02 1.409646e-01 1.356959e-02
0.001825 T17-2554 0.000000e+00 9.900000e+01 8.113568e-03 4.056784e-03 3.422742e-02 1.711371e-02 2.457225e-03 1.228612e-03 3.958150e-03 1.979075e-03 5.799613e-02 9.732609e-03 9.773349e-02 1.251141e-02
0.001825 T17-2587 5.831953e-03 2.915977e-03 0.000000e+00 9.900000e+01 0.000000e+00 9.900000e+01 2.991519e-02 1.495760e-02 3.931387e-02 1.965694e-02 5.272603e-02 8.518447e-03 6.803933e-02 1.224637e-02
0.001825 T17-2468 4.599514e-02 1.981930e-02 5.066060e-02 2.533030e-02 3.919990e-02 1.959995e-02 5.658095e-02 2.341446e-02 1.514770e-01 2.194883e-02 1.801295e-01 8.781943e-03 2.072544e-01 1.290147e-02
0.001825 T17-2527 0.000000e+00 9.900000e+01 5.624220e-02 2.652380e-02 6.487431e-02 2.925469e-02 2.802385e-02 1.401193e-02 0.000000e+00 9.900000e+01 4.259213e-02 9.391058e-03 7.928427e-02 1.289760e-02
0.001825 T17-2455 5.677822e-02 2.297040e-02 5.439661e-02 2.719831e-02 6.521818e-02 3.260909e-02 6.932717e-02 2.535910e-02 9.312939e-02 2.485662e-02 1.633301e-01 9.417442e-03 2.197348e-01 1.573407e-02
0.001825 T17-2446 6.871772e-03 3.435886e-03 3.219599e-02 1.609800e-02 0.000000e+00 9.900000e+01 2.172109e-03 1.086055e-03 4.251073e-02 2.125537e-02 2.991426e-02 9.850804e-03 4.839372e-02 1.339381e-02
0.001825 T17-2452 1.563652e-02 7.818260e-03 2.363455e-02 1.181727e-02 4.445890e-02 2.222945e-02 1.407123e-02 7.035617e-03 3.729892e-02 1.864946e-02 5.798646e-02 9.752377e-03 6.968299e-02 1.516598e-02
0.001825 T17-2436 3.643495e-03 1.821748e-03 3.121253e-02 1.560626e-02 1.592996e-02 7.964982e-03 4.755775e-02 2.377887e-02 0.000000e+00 9.900000e+01 5.076860e-02 9.606379e-03 3.816662e-02 1.448579e-02
0.001825 T17-2425 1.647638e-02 8.238188e-03 4.765051e-03 2.382525e-03 6.566091e-02 2.947827e-02 8.266179e-03 4.133089e-03 3.363707e-02 1.681854e-02 3.626769e-02 9.462498e-03 4.339663e-02 1.387684e-02
0.001825 T17-2456 2.088892e-02 1.044446e-02 2.285436e-02 1.142718e-02 2.501981e-02 1.250990e-02 7.436987e-02 2.674506e-02 1.294088e-01 2.617875e-02 1.680970e-01 1.027572e-02 1.789826e-01 1.388688e-02
0.001825 T17-2491 5.183793e-03 2.591896e-03 1.565530e-02 7.827648e-03 4.045352e-02 2.022676e-02 1.106487e-02 5.532433e-03 7.445264e-02 2.651085e-02 5.021466e-02 1.020442e-02 5.737176e-02 1.592769e-02
0.001825 T17-2486 5.342684e-03 2.671342e-03 0.000000e+00 9.900000e+01 0.000000e+00 9.900000e+01 0.000000e+00 9.900000e+01 4.763712e-03 2.381856e-03 5.208156e-02 9.243910e-03 5.850294e-02 1.363576e-02
0.001825 T17-2513 1.197728e-02 5.988638e-03 4.824070e-02 2.412035e-02 1.209021e-02 6.045103e-03 4.684579e-02 2.342290e-02 6.969000e-02 2.508017e-02 4.543090e-02 1.066626e-02 7.122933e-02 1.298560e-02
0.001825 T17-2512 2.355527e-03 1.177764e-03 0.000000e+00 9.900000e+01 0.000000e+00 9.900000e+01 5.771508e-02 2.729767e-02 1.216270e-02 6.081351e-03 4.159055e-02 9.334361e-03 7.773374e-02 1.325604e-02
0.001825 T17-2617 5.683889e-03 2.841944e-03 2.070351e-02 1.035176e-02 4.693274e-02 2.346637e-02 0.000000e+00 9.900000e+01 3.410128e-02 1.705064e-02 7.925877e-02 1.173143e-02 1.151231e-01 1.462214e-02
0.001825 T17-2619 2.617148e-02 1.308574e-02 3.590140e-02 1.795070e-02 4.038724e-02 2.019362e-02 3.169362e-02 1.584681e-02 3.822716e-02 1.911358e-02 7.463065e-02 8.743047e-03 8.960739e-02 1.295869e-02
0.001825 T17-2599 4.556043e-02 1.930507e-02 1.176406e-02 5.882031e-03 6.290057e-02 2.907078e-02 0.000000e+00 9.900000e+01 3.191853e-03 1.595927e-03 3.127365e-02 1.125287e-02 6.169857e-02 1.381630e-02
0.001825 T17-2603 6.102620e-02 2.174462e-02 6.205545e-02 2.604366e-02 7.740885e-02 2.892120e-02 9.408466e-02 2.406065e-02 1.240200e-01 2.702616e-02 1.469946e-01 1.084821e-02 2.071403e-01 1.296551e-02
0.001825 T17-2592 1.334567e-02 6.672834e-03 0.000000e+00 9.900000e+01 0.000000e+00 9.900000e+01 0.000000e+00 9.900000e+01 4.246682e-02 2.123341e-02 4.345120e-02 9.238243e-03 5.173752e-02 1.376120e-02
0.001825 T17-2682 4.555647e-02 1.952810e-02 2.297216e-02 1.148608e-02 3.095050e-02 1.547525e-02 3.285271e-02 1.642635e-02 1.542470e-02 7.712348e-03 3.630067e-02 1.006047e-02 4.263608e-02 1.275827e-02
0.001825 T17-2569 1.150597e-02 5.752986e-03 4.598436e-02 2.299218e-02 1.641352e-02 8.206759e-03 0.000000e+00 9.900000e+01 3.731028e-02 1.865514e-02 5.052445e-02 9.308360e-03 3.917984e-02 1.276989e-02
0.001825 T17-2597 6.189094e-02 2.289461e-02 1.123524e-01 2.781553e-02 1.045011e-01 2.803842e-02 1.318894e-01 2.689644e-02 2.665874e-01 2.597914e-02 3.596623e-01 1.033029e-02 4.273395e-01 1.411431e-02
0.001825 T17-2688 5.733567e-03 2.866784e-03 0.000000e+00 9.900000e+01 1.839414e-02 9.197071e-03 1.215806e-02 6.079028e-03 5.176187e-02 2.588094e-02 4.810960e-02 9.935123e-03 6.514715e-02 1.325507e-02
0.001825 T17-2739 4.022253e-02 2.011127e-02 5.910458e-02 2.922582e-02 3.020589e-02 1.510294e-02 1.548930e-02 7.744649e-03 7.688746e-02 2.441968e-02 1.378454e-01 9.650024e-03 1.863029e-01 1.299203e-02
0.001825 T17-2834 1.717621e-02 8.588103e-03 0.000000e+00 9.900000e+01 2.947122e-02 1.473561e-02 0.000000e+00 9.900000e+01 5.854678e-02 2.547903e-02 1.019745e-01 1.069450e-02 1.594650e-01 1.556153e-02
0.001825 T17-2808 4.021601e-02 2.010800e-02 2.425352e-02 1.212676e-02 4.059265e-02 2.029633e-02 1.967133e-02 9.835666e-03 1.966337e-02 9.831683e-03 8.654766e-02 1.042177e-02 1.204633e-01 1.393932e-02
0.001825 T17-2791 5.948551e-02 2.107520e-02 4.670628e-02 2.335314e-02 4.473019e-02 2.236510e-02 7.976596e-02 2.441064e-02 8.319146e-02 2.757795e-02 1.807521e-01 1.339208e-02 2.490066e-01 1.692867e-02
0.001825 T17-2704 1.288738e-02 6.443690e-03 8.243330e-02 2.834796e-02 5.584702e-02 2.792351e-02 7.310231e-02 2.705703e-02 1.274049e-01 2.561058e-02 1.702988e-01 9.372203e-03 2.078226e-01 1.365167e-02
0.001825 T17-2796 4.115715e-02 2.057857e-02 2.609875e-02 1.304938e-02 5.372518e-02 2.686259e-02 5.510178e-02 2.572603e-02 8.270537e-02 2.652923e-02 1.702085e-01 1.088362e-02 2.769923e-01 1.431250e-02
0.001825 T17-2783 0.000000e+00 9.900000e+01 2.408251e-02 1.204125e-02 0.000000e+00 9.900000e+01 0.000000e+00 9.900000e+01 2.562283e-02 1.281142e-02 3.848579e-02 8.833986e-03 6.172642e-02 1.309816e-02
0.001825 T17-2558 8.734954e-02 2.203133e-02 0.000000e+00 9.900000e+01 4.134913e-02 2.067457e-02 2.673603e-02 1.336802e-02 7.376310e-02 2.633588e-02 7.059424e-02 1.089690e-02 7.374793e-02 1.391903e-02
0.001825 T17-2549 1.162758e-02 5.813791e-03 8.114927e-02 2.714444e-02 0.000000e+00 9.900000e+01 4.328678e-02 2.164339e-02 5.689762e-02 2.418737e-02 4.867350e-02 9.316789e-03 4.408745e-02 1.302791e-02
0.001825 T17-2562 5.262057e-02 2.529022e-02 2.694585e-02 1.347292e-02 3.940853e-02 1.970427e-02 9.778097e-03 4.889048e-03 7.394942e-02 2.400670e-02 1.007481e-01 9.237629e-03 1.357141e-01 1.386860e-02
0.001825 T17-2529 4.965314e-02 2.356601e-02 9.993683e-02 2.895269e-02 1.370299e-01 3.134265e-02 1.633568e-01 2.790526e-02 2.566161e-01 2.471454e-02 3.528422e-01 1.055066e-02 4.525007e-01 1.520535e-02
0.001825 T17-2537 8.090418e-02 2.682058e-02 8.564303e-02 2.694777e-02 1.042774e-01 3.012073e-02 1.010188e-01 2.611541e-02 2.000777e-01 2.486995e-02 2.241971e-01 1.314957e-02 2.694885e-01 1.821970e-02
0.001825 T17-2606 7.201377e-03 3.600689e-03 2.304010e-02 1.152005e-02 0.000000e+00 9.900000e+01 5.714215e-02 2.388272e-02 4.505085e-02 2.252542e-02 2.360373e-02 9.704664e-03 4.604918e-02 1.557325e-02
0.001825 T17-2789 0.000000e+00 9.900000e+01 3.495796e-02 1.747898e-02 2.938720e-02 1.469360e-02 1.708406e-02 8.542032e-03 5.724347e-02 2.751869e-02 6.987730e-02 9.872686e-03 6.631003e-02 1.249803e-02
0.001825 T17-2424 2.639360e-03 1.319680e-03 5.139293e-03 2.569647e-03 2.426642e-02 1.213321e-02 6.173246e-03 3.086623e-03 1.327425e-02 6.637127e-03 2.062662e-02 9.587172e-03 3.911978e-02 1.245444e-02
0.001825 T17-2484 3.931387e-02 1.965693e-02 8.764832e-03 4.382416e-03 7.235964e-02 3.455582e-02 0.000000e+00 9.900000e+01 3.106257e-02 1.553129e-02 2.682983e-02 1.068415e-02 4.455320e-02 1.440777e-02
0.001825 T17-2514 3.652065e-02 1.826033e-02 4.790777e-02 2.395388e-02 3.275870e-02 1.637935e-02 1.376486e-02 6.882432e-03 1.817976e-02 9.089880e-03 6.376481e-02 8.968813e-03 7.639446e-02 1.308773e-02
0.001825 T17-2494 4.821426e-02 2.071621e-02 7.992212e-02 2.952993e-02 1.799561e-01 3.329014e-02 1.479485e-01 2.771603e-02 2.708771e-01 2.536647e-02 3.519070e-01 9.836714e-03 3.873380e-01 1.382392e-02
0.001825 T17-2482 0.000000e+00 9.900000e+01 1.316981e-02 6.584906e-03 0.000000e+00 9.900000e+01 6.831905e-02 2.983108e-02 2.353310e-02 1.176655e-02 6.058649e-02 1.107342e-02 5.358850e-02 1.390729e-02
0.001825 T17-2487 7.312434e-02 1.954245e-02 1.248645e-01 2.513763e-02 1.189597e-01 2.924725e-02 1.543277e-01 2.316815e-02 1.802362e-01 2.187135e-02 3.201278e-01 9.952540e-03 4.143604e-01 1.408303e-02
0.001825 T17-2453 2.073825e-02 1.036913e-02 0.000000e+00 9.900000e+01 4.414050e-02 2.207025e-02 2.721971e-02 1.360986e-02 5.766031e-02 2.188135e-02 1.294019e-01 9.006233e-03 1.737152e-01 1.248672e-02
0.001825 T17-2432 5.008906e-02 2.029524e-02 0.000000e+00 9.900000e+01 4.016290e-02 2.008145e-02 0.000000e+00 9.900000e+01 5.225790e-02 2.606226e-02 3.831361e-02 9.223550e-03 5.210849e-02 1.240957e-02
0.001825 T17-2524 3.174723e-02 1.587361e-02 0.000000e+00 9.900000e+01 4.849473e-02 2.424736e-02 7.165760e-02 2.540533e-02 4.905007e-02 2.452504e-02 9.579178e-02 9.406729e-03 9.238272e-02 1.165741e-02
0.001825 T17-2580 1.021526e-02 5.107632e-03 2.435145e-04 1.217573e-04 0.000000e+00 9.900000e+01 1.929157e-02 9.645787e-03 6.557046e-02 2.421094e-02 1.350109e-02 6.750547e-03 4.286773e-02 1.392803e-02
0.001825 T17-2581 2.486062e-03 1.243031e-03 2.907319e-02 1.453659e-02 4.203391e-02 2.101695e-02 0.000000e+00 9.900000e+01 1.652715e-02 8.263574e-03 5.224414e-02 8.783948e-03 4.289804e-02 1.395093e-02
0.001825 T17-2633 1.569415e-03 7.847075e-04 0.000000e+00 9.900000e+01 4.477458e-02 2.238729e-02 0.000000e+00 9.900000e+01 4.065286e-02 2.032643e-02 4.509994e-02 8.754182e-03 6.984212e-02 1.256561e-02
0.001825 T17-2994 9.514949e-03 4.757474e-03 3.408369e-02 1.704184e-02 1.090316e-01 2.948352e-02 0.000000e+00 9.900000e+01 1.136686e-02 5.683429e-03 5.784013e-02 9.236585e-03 8.457922e-02 1.447354e-02
0.001825 T17-2946 6.743550e-02 2.217029e-02 1.240592e-02 6.202959e-03 3.528612e-02 1.764306e-02 0.000000e+00 9.900000e+01 3.107319e-02 1.553659e-02 3.226048e-02 9.550851e-03 5.185737e-02 1.313863e-02
0.001825 T17-3011 2.767900e-03 1.383950e-03 9.336165e-03 4.668082e-03 1.417673e-02 7.088365e-03 3.978935e-02 1.989468e-02 7.968992e-02 2.372018e-02 9.852845e-02 9.665470e-03 1.160182e-01 1.368889e-02
0.001825 T17-2983 3.623504e-02 1.811752e-02 7.373730e-02 2.743085e-02 9.675869e-02 3.011408e-02 1.389604e-01 2.640848e-02 2.020303e-01 2.513199e-02 3.882102e-01 1.096432e-02 5.563671e-01 1.648557e-02
0.001825 T17-2987 0.000000e+00 9.900000e+01 3.108016e-02 1.554008e-02 1.043742e-02 5.218712e-03 8.798559e-03 4.399279e-03 6.050551e-02 2.525063e-02 4.426684e-02 9.385568e-03 6.624485e-02 1.291250e-02
0.001825 T17-2993 3.539655e-03 1.769828e-03 2.203674e-02 1.101837e-02 2.641007e-02 1.320504e-02 4.649649e-02 2.324824e-02 4.147992e-02 2.073996e-02 3.134918e-02 9.994135e-03 7.033369e-02 1.387091e-02
0.001825 T17-2915 1.263109e-02 6.315546e-03 0.000000e+00 9.900000e+01 4.445303e-02 2.222652e-02 0.000000e+00 9.900000e+01 4.556177e-02 2.278088e-02 3.777681e-02 8.925083e-03 5.310582e-02 1.284905e-02
0.001825 T17-2894 5.631778e-02 2.334100e-02 8.196901e-02 2.841496e-02 1.040722e-01 3.569042e-02 7.490725e-02 2.627853e-02 1.554931e-01 3.372013e-02 1.496237e-01 1.363840e-02 2.678390e-01 2.695010e-02
0.001825 T17-2920 2.028449e-02 1.014225e-02 0.000000e+00 9.900000e+01 1.539104e-02 7.695520e-03 5.253827e-02 2.602885e-02 4.947716e-02 2.473858e-02 1.537863e-01 1.080967e-02 2.774878e-01 1.299118e-02
0.001825 T17-2978 9.087982e-03 4.543991e-03 6.987164e-03 3.493582e-03 4.375802e-02 2.187901e-02 6.214556e-03 3.107278e-03 0.000000e+00 9.900000e+01 4.556194e-02 9.554273e-03 5.413723e-02 1.346283e-02
0.001825 T17-2959 2.051200e-03 1.025600e-03 0.000000e+00 9.900000e+01 0.000000e+00 9.900000e+01 0.000000e+00 9.900000e+01 3.517493e-03 1.758746e-03 5.597822e-02 9.227080e-03 6.515740e-02 1.464235e-02
0.001825 T17-2871 1.218849e-02 6.094244e-03 0.000000e+00 9.900000e+01 5.705871e-02 2.852935e-02 5.157790e-02 2.578895e-02 1.595819e-01 2.537313e-02 1.830345e-01 1.140211e-02 2.345273e-01 1.429920e-02
0.001825 T17-2876 1.617656e-02 8.088280e-03 3.030061e-03 1.515030e-03 5.534630e-03 2.767315e-03 3.266515e-02 1.633257e-02 2.103394e-02 1.051697e-02 4.205315e-02 9.222988e-03 5.823853e-02 1.319953e-02
0.001825 T17-3201 4.270301e-03 2.135150e-03 3.803131e-03 1.901565e-03 1.868191e-03 9.340954e-04 2.126999e-03 1.063500e-03 9.990415e-03 4.995207e-03 3.657671e-02 4.031188e-03 4.869330e-02 9.115719e-03
0.001825 T17-3204 0.000000e+00 9.900000e+01 6.083259e-03 3.041629e-03 2.289356e-02 1.144678e-02 3.240297e-02 1.273763e-02 1.676187e-02 8.236789e-03 1.788394e-02 3.765546e-03 3.039047e-02 9.714172e-03
0.001825 T17-3181 3.116418e-02 1.064239e-02 4.109502e-03 2.054751e-03 0.000000e+00 9.900000e+01 8.526409e-03 4.263205e-03 2.876454e-02 8.675759e-03 3.326538e-02 4.504916e-03 1.848649e-02 9.243247e-03
0.001825 T17-3178 1.181777e-02 5.908884e-03 0.000000e+00 9.900000e+01 2.531161e-02 1.231125e-02 5.315031e-03 2.657515e-03 9.453428e-03 4.726714e-03 1.627499e-02 4.042867e-03 3.511024e-02 8.664463e-03
0.001825 T17-3192 2.373191e-02 9.051071e-03 2.306742e-02 1.153371e-02 9.848565e-03 4.924283e-03 2.160917e-02 1.080459e-02 2.509534e-02 9.152947e-03 3.733228e-02 4.332623e-03 4.943200e-02 9.139488e-03
0.001825 T17-3195 1.694676e-02 8.473378e-03 2.799291e-02 1.399645e-02 0.000000e+00 9.900000e+01 1.029579e-02 5.147894e-03 6.251636e-03 3.125818e-03 1.912369e-02 3.943539e-03 3.110421e-02 9.314240e-03
0.001825 T17-3167 1.839103e-03 9.195513e-04 1.348064e-02 6.740322e-03 1.345919e-02 6.729594e-03 0.000000e+00 9.900000e+01 0.000000e+00 9.900000e+01 3.540965e-02 4.334620e-03 4.648631e-02 1.014661e-02
0.001825 T17-3173 1.440355e-02 7.201776e-03 2.413278e-02 1.206639e-02 3.244260e-02 1.342354e-02 7.506871e-03 3.753436e-03 4.269697e-02 9.270853e-03 6.700345e-02 4.001956e-03 9.161753e-02 9.827011e-03
0.001825 T17-3189 6.530519e-03 3.265259e-03 2.946641e-02 1.436480e-02 1.646903e-02 8.234517e-03 1.266099e-02 6.330496e-03 2.557617e-02 8.646815e-03 4.906074e-02 3.877341e-03 6.307804e-02 8.799055e-03
0.001825 T17-3183 1.640679e-02 8.203395e-03 1.738046e-02 8.690228e-03 0.000000e+00 9.900000e+01 0.000000e+00 9.900000e+01 1.275790e-02 6.378949e-03 2.588219e-02 3.916141e-03 4.367377e-02 8.703845e-03
0.001825 T17-3162 1.462244e-02 7.311218e-03 1.812484e-02 9.062420e-03 5.845784e-03 2.922892e-03 2.488468e-03 1.244234e-03 2.810575e-02 8.031255e-03 1.908596e-02 4.059096e-03 3.308338e-02 9.047812e-03
0.001825 T17-3175 1.956266e-02 8.753741e-03 5.750383e-03 2.875192e-03 5.578604e-03 2.789302e-03 1.394940e-03 6.974701e-04 2.081949e-02 7.918701e-03 2.442788e-02 3.926545e-03 4.641542e-02 8.719918e-03
0.001825 T17-3174 9.773024e-04 4.886512e-04 3.948196e-03 1.974098e-03 1.012400e-02 5.061998e-03 1.077792e-02 5.388962e-03 1.825774e-02 8.371064e-03 3.667780e-02 4.154979e-03 5.094348e-02 8.918129e-03
0.001825 T17-3120 2.668910e-02 1.130929e-02 1.650257e-02 8.251286e-03 3.320852e-02 1.290717e-02 4.162921e-02 1.207206e-02 6.612297e-02 8.016343e-03 1.092863e-01 4.146696e-03 1.296698e-01 8.290320e-03
0.001825 T17-3171 0.000000e+00 9.900000e+01 2.332972e-03 1.166486e-03 1.654531e-02 8.272653e-03 1.853345e-03 9.266724e-04 2.172151e-02 8.004621e-03 3.695298e-02 4.005887e-03 5.123820e-02 8.568305e-03
0.001825 T17-3123 0.000000e+00 9.900000e+01 3.184634e-03 1.592317e-03 1.644589e-02 8.222945e-03 1.142154e-02 5.710771e-03 1.897891e-02 9.489453e-03 2.809055e-02 3.967094e-03 3.074696e-02 8.879024e-03
0.001825 T17-3146 3.140951e-02 8.976315e-03 3.958701e-02 1.462834e-02 4.719944e-02 1.220598e-02 4.054680e-02 1.092066e-02 5.674433e-02 8.146924e-03 7.580239e-02 4.305332e-03 8.415876e-02 8.650127e-03
0.001825 T17-3159 1.873643e-02 8.593462e-03 1.565632e-02 7.828160e-03 1.536773e-02 7.683863e-03 9.710884e-03 4.855442e-03 3.172256e-02 8.055679e-03 4.671176e-02 3.762670e-03 7.991272e-02 8.978179e-03
0.001825 T17-3152 3.730008e-03 1.865004e-03 6.271030e-03 3.135515e-03 0.000000e+00 9.900000e+01 5.479002e-03 2.739501e-03 1.606890e-03 8.034452e-04 2.147638e-02 3.952260e-03 2.903637e-02 8.198095e-03
0.001825 T17-3143 6.891958e-03 3.445979e-03 0.000000e+00 9.900000e+01 2.150054e-02 1.075027e-02 2.304501e-02 1.152250e-02 2.416002e-02 7.915939e-03 3.336781e-02 3.803681e-03 4.382620e-02 9.647848e-03
0.001825 T17-3122 4.147549e-03 2.073775e-03 2.043731e-02 1.021866e-02 1.767212e-02 8.836060e-03 2.028751e-02 1.014376e-02 2.011077e-02 8.448298e-03 2.729244e-02 4.034214e-03 2.740042e-02 8.382043e-03
0.001825 T17-3121 1.560702e-02 7.803509e-03 2.241680e-02 1.120840e-02 1.251744e-03 6.258719e-04 1.340848e-02 6.704240e-03 3.564859e-02 7.466669e-03 5.341556e-02 4.631480e-03 5.919772e-02 9.734212e-03
0.001825 T17-3206 6.571859e-03 3.285930e-03 2.375701e-03 1.187850e-03 3.600452e-04 1.800226e-04 5.950051e-03 2.975025e-03 3.278679e-03 1.639340e-03 1.467370e-02 4.359136e-03 3.360757e-02 8.815315e-03
0.001825 T17-3193 1.981649e-02 8.852856e-03 5.768272e-03 2.884136e-03 3.997883e-02 1.233628e-02 2.299221e-02 1.149610e-02 4.206387e-02 7.752792e-03 6.796218e-02 4.603089e-03 8.043104e-02 1.057624e-02
0.001825 T17-3186 6.703871e-03 3.351936e-03 1.794501e-02 8.972506e-03 1.306917e-02 6.534583e-03 2.873795e-02 1.297946e-02 1.262484e-02 6.312419e-03 4.209982e-02 3.664228e-03 4.748252e-02 9.079596e-03
0.001825 T17-3187 2.059249e-02 9.788296e-03 0.000000e+00 9.900000e+01 0.000000e+00 9.900000e+01 7.681092e-03 3.840546e-03 2.195310e-02 8.545800e-03 3.939141e-02 3.951661e-03 4.533594e-02 8.456095e-03
0.001825 T17-3112 7.578572e-03 3.789286e-03 1.106357e-02 5.531783e-03 0.000000e+00 9.900000e+01 1.548859e-03 7.744294e-04 5.897468e-03 2.948734e-03 1.398587e-02 3.941049e-03 3.253457e-02 8.880065e-03
0.001825 T17-3133 0.000000e+00 9.900000e+01 1.255423e-02 6.277113e-03 2.102880e-02 1.051440e-02 6.310010e-03 3.155005e-03 1.228979e-02 6.144894e-03 1.559375e-02 3.847059e-03 4.339042e-02 7.655144e-03
0.001825 T17-3147 3.409379e-02 1.401398e-02 6.332463e-02 1.858269e-02 7.604887e-02 1.994600e-02 9.669877e-02 1.766607e-02 1.329939e-01 1.479600e-02 1.773283e-01 8.282948e-03 1.710377e-01 1.496719e-02
0.001825 T17-3199 4.280766e-05 2.140383e-05 4.281324e-03 2.140662e-03 0.000000e+00 9.900000e+01 9.058025e-03 4.529012e-03 1.743327e-02 8.716634e-03 3.745721e-02 5.721873e-03 4.423380e-02 1.180759e-02
0.001825 T17-3188 1.823162e-02 9.115812e-03 7.609876e-05 3.804938e-05 0.000000e+00 9.900000e+01 2.955002e-02 1.477501e-02 8.389484e-03 4.194742e-03 2.610407e-02 5.445170e-03 3.172623e-02 1.132170e-02
0.001825 T17-3184 2.596628e-02 1.298314e-02 7.950103e-03 3.975052e-03 2.278831e-02 1.139415e-02 3.934195e-02 1.804082e-02 4.058571e-02 1.284846e-02 1.161226e-01 8.416683e-03 1.105761e-01 1.498273e-02
0.001825 T17-3182 1.253860e-02 6.269302e-03 2.761504e-02 1.380752e-02 2.536221e-02 1.268111e-02 1.635706e-02 8.178531e-03 7.344296e-02 1.401588e-02 8.629386e-02 6.840605e-03 1.222217e-01 1.259457e-02
0.001825 T17-3202 4.692636e-03 2.346318e-03 2.646634e-02 1.323317e-02 3.633033e-02 1.816517e-02 4.072587e-02 1.593526e-02 6.773421e-02 1.216734e-02 1.193150e-01 4.950216e-03 1.640475e-01 1.167715e-02
0.001825 T17-3203 4.306840e-02 1.201534e-02 2.958842e-02 1.479421e-02 1.152397e-01 1.757262e-02 9.190322e-02 1.803923e-02 1.590896e-01 1.161139e-02 2.578927e-01 4.970096e-03 2.982495e-01 1.407426e-02
0.001825 T17-3205 1.704190e-02 8.520949e-03 3.303103e-02 1.651551e-02 1.160350e-03 5.801752e-04 2.896429e-02 1.448215e-02 6.826387e-02 1.324546e-02 1.117050e-01 7.098105e-03 1.243238e-01 1.370222e-02
0.001825 T17-3148 0.000000e+00 9.900000e+01 0.000000e+00 9.900000e+01 2.959031e-02 1.479515e-02 0.000000e+00 9.900000e+01 5.133789e-02 1.304034e-02 9.414916e-02 5.166424e-03 1.255377e-01 1.215050e-02
0.001825 T17-3139 2.337099e-02 1.168549e-02 4.014607e-02 1.853091e-02 4.273812e-02 1.817839e-02 3.334221e-02 1.599079e-02 7.918986e-02 1.367504e-02 1.320044e-01 6.298012e-03 1.503568e-01 1.247406e-02
0.001825 T17-3166 0.000000e+00 9.900000e+01 0.000000e+00 9.900000e+01 3.468869e-02 1.734434e-02 0.000000e+00 9.900000e+01 5.557868e-02 1.397879e-02 7.712770e-02 9.136294e-03 7.993842e-02 1.363820e-02
0.001825 T17-3168 7.515776e-03 3.757888e-03 1.725894e-02 8.629469e-03 4.157247e-03 2.078624e-03 1.152320e-02 5.761602e-03 4.351968e-02 1.195906e-02 5.852400e-02 5.100906e-03 6.847287e-02 1.242989e-02
0.001825 T17-3185 0.000000e+00 9.900000e+01 3.237678e-03 1.618839e-03 0.000000e+00 9.900000e+01 2.402201e-02 1.201101e-02 1.070027e-02 5.350135e-03 2.663936e-02 5.402127e-03 3.567246e-02 1.131592e-02
0.001825 T17-3207 2.448208e-02 1.224104e-02 3.120465e-02 1.560233e-02 2.105970e-02 1.052985e-02 4.174704e-02 1.756620e-02 7.922837e-02 1.374403e-02 1.245791e-01 6.409987e-03 8.233962e-02 1.668947e-02
0.001825 T17-3194 0.000000e+00 9.900000e+01 6.763343e-03 3.381672e-03 0.000000e+00 9.900000e+01 2.779372e-02 1.389686e-02 5.942707e-02 1.412395e-02 1.177191e-01 5.940617e-03 1.551102e-01 1.196910e-02
0.001825 T17-3157 0.000000e+00 9.900000e+01 1.981192e-02 9.905958e-03 0.000000e+00 9.900000e+01 0.000000e+00 9.900000e+01 1.042627e-02 5.213134e-03 2.426495e-02 5.784882e-03 4.113645e-02 1.150372e-02
0.001825 T17-3151 1.884952e-02 9.424759e-03 7.645898e-03 3.822949e-03 2.122966e-02 1.061483e-02 7.790423e-03 3.895211e-03 2.892048e-02 1.251867e-02 5.584760e-02 6.208204e-03 7.198699e-02 1.265978e-02
0.001825 T17-3134 3.035196e-02 1.256533e-02 4.033600e-02 1.749142e-02 5.764422e-02 1.778974e-02 8.060852e-02 1.564563e-02 9.683875e-02 1.209161e-02 1.761373e-01 5.503776e-03 2.298481e-01 1.223802e-02
