{
    "id": "gaia_xp_spectrum_6087443451424324864-Ref",
    "F0352_uJAVA": 16.287487030029297,
    "F0378": 15.996225357055664,
    "F0395": 15.763409614562988,
    "F0410": 15.447646141052246,
    "F0430": 15.404861450195312,
    "F0475_gSDSS": 15.398091316223145,
    "F0515": 15.389721870422363,
    "F0626_rSDSS": 15.082773208618164,
    "F0660": 14.998638153076172,
    "F0769_iSDSS": 14.96835708618164,
    "F0861": 14.918697357177734,
    "F0883_zSDSS": 14.879124641418457
}