{
    "id": "gaia_xp_spectrum_6087418506254541184-Ref",
    "F0352_uJAVA": 16.27421760559082,
    "F0378": 16.1844482421875,
    "F0395": 15.988576889038086,
    "F0410": 15.439719200134277,
    "F0430": 15.342577934265137,
    "F0475_gSDSS": 14.920053482055664,
    "F0515": 14.734477043151855,
    "F0626_rSDSS": 14.307979583740234,
    "F0660": 14.234375953674316,
    "F0769_iSDSS": 14.100458145141602,
    "F0861": 14.038280487060547,
    "F0883_zSDSS": 14.004350662231445
}