{
    "id": "gaia_xp_spectrum_6087429879327612800-Ref",
    "F0352_uJAVA": 15.95778751373291,
    "F0378": 15.970101356506348,
    "F0395": 15.866397857666016,
    "F0410": 15.132112503051758,
    "F0430": 15.069090843200684,
    "F0475_gSDSS": 14.591226577758789,
    "F0515": 14.415224075317383,
    "F0626_rSDSS": 13.995722770690918,
    "F0660": 13.943475723266602,
    "F0769_iSDSS": 13.81076431274414,
    "F0861": 13.756834983825684,
    "F0883_zSDSS": 13.732708930969238
}