{
    "id": "gaia_xp_spectrum_6087429844967859328-Ref",
    "F0352_uJAVA": 16.327293395996094,
    "F0378": 16.082653045654297,
    "F0395": 15.979869842529297,
    "F0410": 15.488420486450195,
    "F0430": 15.41487979888916,
    "F0475_gSDSS": 15.112215995788574,
    "F0515": 14.957653999328613,
    "F0626_rSDSS": 14.649303436279297,
    "F0660": 14.622339248657227,
    "F0769_iSDSS": 14.509703636169434,
    "F0861": 14.476737976074219,
    "F0883_zSDSS": 14.454381942749023
}