{
    "id": "gaia_xp_spectrum_6087620163559039104-Ref",
    "F0352_uJAVA": 16.18342399597168,
    "F0378": 15.86739730834961,
    "F0395": 15.814075469970703,
    "F0410": 15.422451972961426,
    "F0430": 15.402058601379395,
    "F0475_gSDSS": 15.085478782653809,
    "F0515": 14.93332290649414,
    "F0626_rSDSS": 14.676721572875977,
    "F0660": 14.670076370239258,
    "F0769_iSDSS": 14.546597480773926,
    "F0861": 14.52780532836914,
    "F0883_zSDSS": 14.507407188415527
}