{
    "id": "gaia_xp_spectrum_6087396962697728640-Ref",
    "F0352_uJAVA": 16.50742530822754,
    "F0378": 16.408580780029297,
    "F0395": 16.30739402770996,
    "F0410": 15.734737396240234,
    "F0430": 15.697811126708984,
    "F0475_gSDSS": 15.309576988220215,
    "F0515": 15.137889862060547,
    "F0626_rSDSS": 14.793194770812988,
    "F0660": 14.740384101867676,
    "F0769_iSDSS": 14.621747970581055,
    "F0861": 14.573831558227539,
    "F0883_zSDSS": 14.550353050231934
}