{
    "id": "gaia_xp_spectrum_6087395450869382912-Ref",
    "F0352_uJAVA": 16.79041290283203,
    "F0378": 16.60089111328125,
    "F0395": 16.45283317565918,
    "F0410": 15.96994686126709,
    "F0430": 15.925618171691895,
    "F0475_gSDSS": 15.638127326965332,
    "F0515": 15.481205940246582,
    "F0626_rSDSS": 15.225263595581055,
    "F0660": 15.202035903930664,
    "F0769_iSDSS": 15.095907211303711,
    "F0861": 15.059808731079102,
    "F0883_zSDSS": 15.044855117797852
}