{
    "id": "gaia_xp_spectrum_6087403555467857280-Ref",
    "F0352_uJAVA": 16.69744110107422,
    "F0378": 16.453128814697266,
    "F0395": 16.458770751953125,
    "F0410": 15.95137882232666,
    "F0430": 15.884552955627441,
    "F0475_gSDSS": 15.56452751159668,
    "F0515": 15.40163803100586,
    "F0626_rSDSS": 15.115452766418457,
    "F0660": 15.095367431640625,
    "F0769_iSDSS": 14.965302467346191,
    "F0861": 14.944906234741211,
    "F0883_zSDSS": 14.9122953414917
}