{
    "id": "gaia_xp_spectrum_6087620060479825024-Ref",
    "F0352_uJAVA": 16.171653747558594,
    "F0378": 16.005069732666016,
    "F0395": 15.915953636169434,
    "F0410": 15.40412425994873,
    "F0430": 15.288007736206055,
    "F0475_gSDSS": 14.92669677734375,
    "F0515": 14.741575241088867,
    "F0626_rSDSS": 14.417624473571777,
    "F0660": 14.380887985229492,
    "F0769_iSDSS": 14.265373229980469,
    "F0861": 14.231715202331543,
    "F0883_zSDSS": 14.209484100341797
}