{
    "id": "gaia_xp_spectrum_6087441905236056704-Ref",
    "F0352_uJAVA": 16.323928833007812,
    "F0378": 16.250057220458984,
    "F0395": 16.249980926513672,
    "F0410": 15.411174774169922,
    "F0430": 15.347696304321289,
    "F0475_gSDSS": 14.772856712341309,
    "F0515": 14.545435905456543,
    "F0626_rSDSS": 14.042116165161133,
    "F0660": 13.944589614868164,
    "F0769_iSDSS": 13.76335620880127,
    "F0861": 13.668445587158203,
    "F0883_zSDSS": 13.622507095336914
}