{
    "id": "gaia_xp_spectrum_6087416238511135616-Ref",
    "F0352_uJAVA": 16.116641998291016,
    "F0378": 15.901674270629883,
    "F0395": 15.688403129577637,
    "F0410": 15.34511661529541,
    "F0430": 15.279603958129883,
    "F0475_gSDSS": 15.051065444946289,
    "F0515": 14.919286727905273,
    "F0626_rSDSS": 14.717772483825684,
    "F0660": 14.6948823928833,
    "F0769_iSDSS": 14.631556510925293,
    "F0861": 14.625804901123047,
    "F0883_zSDSS": 14.616609573364258
}