{
    "id": "gaia_xp_spectrum_6087408198332323840-Ref",
    "F0352_uJAVA": 16.359973907470703,
    "F0378": 16.18862533569336,
    "F0395": 16.08635902404785,
    "F0410": 15.506364822387695,
    "F0430": 15.408581733703613,
    "F0475_gSDSS": 15.008338928222656,
    "F0515": 14.834400177001953,
    "F0626_rSDSS": 14.477141380310059,
    "F0660": 14.430643081665039,
    "F0769_iSDSS": 14.328700065612793,
    "F0861": 14.296639442443848,
    "F0883_zSDSS": 14.268050193786621
}