{
    "id": "gaia_xp_spectrum_6087419537046687104-Ref",
    "F0352_uJAVA": 16.57076072692871,
    "F0378": 16.259761810302734,
    "F0395": 16.1995849609375,
    "F0410": 15.693488121032715,
    "F0430": 15.61710262298584,
    "F0475_gSDSS": 15.367353439331055,
    "F0515": 15.238821983337402,
    "F0626_rSDSS": 14.978795051574707,
    "F0660": 14.950289726257324,
    "F0769_iSDSS": 14.864307403564453,
    "F0861": 14.85290813446045,
    "F0883_zSDSS": 14.833719253540039
}