{
    "id": "gaia_xp_spectrum_6087423728934675456-Ref",
    "F0352_uJAVA": 16.3614501953125,
    "F0378": 16.197412490844727,
    "F0395": 16.10254669189453,
    "F0410": 15.5584716796875,
    "F0430": 15.517690658569336,
    "F0475_gSDSS": 15.13003158569336,
    "F0515": 14.959295272827148,
    "F0626_rSDSS": 14.60516357421875,
    "F0660": 14.55695915222168,
    "F0769_iSDSS": 14.436976432800293,
    "F0861": 14.39144515991211,
    "F0883_zSDSS": 14.363007545471191
}