{
    "id": "gaia_xp_spectrum_6087443142186963968-Ref",
    "F0352_uJAVA": 16.169878005981445,
    "F0378": 15.945687294006348,
    "F0395": 15.76465892791748,
    "F0410": 15.375971794128418,
    "F0430": 15.322917938232422,
    "F0475_gSDSS": 15.014403343200684,
    "F0515": 14.861100196838379,
    "F0626_rSDSS": 14.584919929504395,
    "F0660": 14.5502347946167,
    "F0769_iSDSS": 14.451462745666504,
    "F0861": 14.431585311889648,
    "F0883_zSDSS": 14.408719062805176
}