{
    "id": "gaia_xp_spectrum_6087424622287555840-Ref",
    "F0352_uJAVA": 16.56128692626953,
    "F0378": 16.48032569885254,
    "F0395": 16.341964721679688,
    "F0410": 15.68351936340332,
    "F0430": 15.619227409362793,
    "F0475_gSDSS": 15.202588081359863,
    "F0515": 15.025535583496094,
    "F0626_rSDSS": 14.675687789916992,
    "F0660": 14.632287979125977,
    "F0769_iSDSS": 14.536645889282227,
    "F0861": 14.503053665161133,
    "F0883_zSDSS": 14.48487377166748
}