{
    "id": "gaia_xp_spectrum_6087603464726137984-Ref",
    "F0352_uJAVA": 16.543861389160156,
    "F0378": 16.440641403198242,
    "F0395": 16.326679229736328,
    "F0410": 15.729172706604004,
    "F0430": 15.666213035583496,
    "F0475_gSDSS": 15.281611442565918,
    "F0515": 15.099955558776855,
    "F0626_rSDSS": 14.753633499145508,
    "F0660": 14.686295509338379,
    "F0769_iSDSS": 14.570581436157227,
    "F0861": 14.517003059387207,
    "F0883_zSDSS": 14.49524211883545
}