{
    "id": "gaia_xp_spectrum_6087413352292963968-Ref",
    "F0352_uJAVA": 16.242307662963867,
    "F0378": 16.16041374206543,
    "F0395": 16.001216888427734,
    "F0410": 15.378342628479004,
    "F0430": 15.273762702941895,
    "F0475_gSDSS": 14.834929466247559,
    "F0515": 14.66679859161377,
    "F0626_rSDSS": 14.245266914367676,
    "F0660": 14.192163467407227,
    "F0769_iSDSS": 14.076061248779297,
    "F0861": 14.033036231994629,
    "F0883_zSDSS": 14.007594108581543
}