{
    "id": "gaia_xp_spectrum_6087601918537903104-Ref",
    "F0352_uJAVA": 16.673933029174805,
    "F0378": 16.396400451660156,
    "F0395": 16.46101951599121,
    "F0410": 15.881060600280762,
    "F0430": 15.83715534210205,
    "F0475_gSDSS": 15.466290473937988,
    "F0515": 15.290326118469238,
    "F0626_rSDSS": 14.958507537841797,
    "F0660": 14.906572341918945,
    "F0769_iSDSS": 14.782647132873535,
    "F0861": 14.729098320007324,
    "F0883_zSDSS": 14.70273208618164
}