{
    "id": "gaia_xp_spectrum_6087402425896280832-Ref",
    "F0352_uJAVA": 16.12504005432129,
    "F0378": 15.868865013122559,
    "F0395": 15.769079208374023,
    "F0410": 15.296239852905273,
    "F0430": 15.211661338806152,
    "F0475_gSDSS": 14.942089080810547,
    "F0515": 14.789490699768066,
    "F0626_rSDSS": 14.560127258300781,
    "F0660": 14.53398609161377,
    "F0769_iSDSS": 14.458866119384766,
    "F0861": 14.448607444763184,
    "F0883_zSDSS": 14.430427551269531
}