{
    "id": "gaia_xp_spectrum_6087401841781011456-Ref",
    "F0352_uJAVA": 15.666619300842285,
    "F0378": 15.45984172821045,
    "F0395": 15.407857894897461,
    "F0410": 14.85872745513916,
    "F0430": 14.815881729125977,
    "F0475_gSDSS": 14.497220039367676,
    "F0515": 14.35112190246582,
    "F0626_rSDSS": 14.075740814208984,
    "F0660": 14.059307098388672,
    "F0769_iSDSS": 13.966691970825195,
    "F0861": 13.958170890808105,
    "F0883_zSDSS": 13.936430931091309
}