{
    "id": "gaia_xp_spectrum_6087396687819815296-Ref",
    "F0352_uJAVA": 16.131000518798828,
    "F0378": 16.064950942993164,
    "F0395": 15.99312973022461,
    "F0410": 15.264201164245605,
    "F0430": 15.191893577575684,
    "F0475_gSDSS": 14.735910415649414,
    "F0515": 14.55988883972168,
    "F0626_rSDSS": 14.153782844543457,
    "F0660": 14.091726303100586,
    "F0769_iSDSS": 13.980254173278809,
    "F0861": 13.944870948791504,
    "F0883_zSDSS": 13.9143648147583
}