{
    "id": "gaia_xp_spectrum_6087407373698452992-Ref",
    "F0352_uJAVA": 15.886603355407715,
    "F0378": 15.67087173461914,
    "F0395": 15.673325538635254,
    "F0410": 15.000394821166992,
    "F0430": 14.95225715637207,
    "F0475_gSDSS": 14.603108406066895,
    "F0515": 14.435558319091797,
    "F0626_rSDSS": 14.140216827392578,
    "F0660": 14.118377685546875,
    "F0769_iSDSS": 14.009336471557617,
    "F0861": 13.996334075927734,
    "F0883_zSDSS": 13.968579292297363
}