{
    "id": "gaia_xp_spectrum_6087402047939445376-Ref",
    "F0352_uJAVA": 15.865933418273926,
    "F0378": 15.648421287536621,
    "F0395": 15.603246688842773,
    "F0410": 15.131909370422363,
    "F0430": 15.098880767822266,
    "F0475_gSDSS": 14.787761688232422,
    "F0515": 14.622441291809082,
    "F0626_rSDSS": 14.34885311126709,
    "F0660": 14.31187915802002,
    "F0769_iSDSS": 14.206074714660645,
    "F0861": 14.17796516418457,
    "F0883_zSDSS": 14.153903007507324
}