{
    "id": "gaia_xp_spectrum_6087393007027689344-Ref",
    "F0352_uJAVA": 16.232494354248047,
    "F0378": 16.01180648803711,
    "F0395": 15.916318893432617,
    "F0410": 15.48891830444336,
    "F0430": 15.432721138000488,
    "F0475_gSDSS": 15.155760765075684,
    "F0515": 15.010442733764648,
    "F0626_rSDSS": 14.74445915222168,
    "F0660": 14.708809852600098,
    "F0769_iSDSS": 14.607027053833008,
    "F0861": 14.575984001159668,
    "F0883_zSDSS": 14.55978012084961
}