{
    "id": "gaia_xp_spectrum_6087398508886753024-Ref",
    "F0352_uJAVA": 16.350027084350586,
    "F0378": 16.163328170776367,
    "F0395": 16.01331901550293,
    "F0410": 15.491874694824219,
    "F0430": 15.430987358093262,
    "F0475_gSDSS": 15.075929641723633,
    "F0515": 14.917863845825195,
    "F0626_rSDSS": 14.59040641784668,
    "F0660": 14.545509338378906,
    "F0769_iSDSS": 14.44730281829834,
    "F0861": 14.41561508178711,
    "F0883_zSDSS": 14.39097785949707
}