{
    "id": "gaia_xp_spectrum_6087413111774797952-Ref",
    "F0352_uJAVA": 16.697507858276367,
    "F0378": 16.410503387451172,
    "F0395": 16.250473022460938,
    "F0410": 15.89732837677002,
    "F0430": 15.85252571105957,
    "F0475_gSDSS": 15.609434127807617,
    "F0515": 15.477460861206055,
    "F0626_rSDSS": 15.248891830444336,
    "F0660": 15.229181289672852,
    "F0769_iSDSS": 15.129765510559082,
    "F0861": 15.110167503356934,
    "F0883_zSDSS": 15.096202850341797
}