{
    "id": "gaia_xp_spectrum_6087605595029914880-Ref",
    "F0352_uJAVA": 16.18291473388672,
    "F0378": 15.909546852111816,
    "F0395": 15.786544799804688,
    "F0410": 15.370316505432129,
    "F0430": 15.319897651672363,
    "F0475_gSDSS": 15.061149597167969,
    "F0515": 14.916563987731934,
    "F0626_rSDSS": 14.686639785766602,
    "F0660": 14.667343139648438,
    "F0769_iSDSS": 14.581960678100586,
    "F0861": 14.572935104370117,
    "F0883_zSDSS": 14.554314613342285
}