{
    "id": "gaia_xp_spectrum_6087418025218184832-Ref",
    "F0352_uJAVA": 16.494977951049805,
    "F0378": 16.4228515625,
    "F0395": 16.30121421813965,
    "F0410": 15.679326057434082,
    "F0430": 15.626009941101074,
    "F0475_gSDSS": 15.140867233276367,
    "F0515": 14.949442863464355,
    "F0626_rSDSS": 14.51009464263916,
    "F0660": 14.434409141540527,
    "F0769_iSDSS": 14.280472755432129,
    "F0861": 14.204899787902832,
    "F0883_zSDSS": 14.166534423828125
}