{
    "id": "gaia_xp_spectrum_6087422973020430720-Ref",
    "F0352_uJAVA": 15.53908920288086,
    "F0378": 15.23584270477295,
    "F0395": 15.141539573669434,
    "F0410": 14.717572212219238,
    "F0430": 14.63089656829834,
    "F0475_gSDSS": 14.384255409240723,
    "F0515": 14.250825881958008,
    "F0626_rSDSS": 14.02143383026123,
    "F0660": 14.018670082092285,
    "F0769_iSDSS": 13.925728797912598,
    "F0861": 13.923089981079102,
    "F0883_zSDSS": 13.900121688842773
}