{
    "id": "gaia_xp_spectrum_6087606969419472128-Ref",
    "F0352_uJAVA": 15.857863426208496,
    "F0378": 15.595077514648438,
    "F0395": 15.640357971191406,
    "F0410": 15.171387672424316,
    "F0430": 15.115498542785645,
    "F0475_gSDSS": 14.796860694885254,
    "F0515": 14.6305513381958,
    "F0626_rSDSS": 14.337214469909668,
    "F0660": 14.307623863220215,
    "F0769_iSDSS": 14.176640510559082,
    "F0861": 14.138564109802246,
    "F0883_zSDSS": 14.11058521270752
}