{
    "id": "gaia_xp_spectrum_6087442042675334016-Ref",
    "F0352_uJAVA": 16.476160049438477,
    "F0378": 16.466529846191406,
    "F0395": 16.24657440185547,
    "F0410": 15.560159683227539,
    "F0430": 15.444793701171875,
    "F0475_gSDSS": 14.976411819458008,
    "F0515": 14.791260719299316,
    "F0626_rSDSS": 14.370444297790527,
    "F0660": 14.30913257598877,
    "F0769_iSDSS": 14.200176239013672,
    "F0861": 14.158894538879395,
    "F0883_zSDSS": 14.132620811462402
}