{
    "id": "gaia_xp_spectrum_6087404826778460288-Ref",
    "F0352_uJAVA": 16.187410354614258,
    "F0378": 16.012798309326172,
    "F0395": 15.958922386169434,
    "F0410": 15.380587577819824,
    "F0430": 15.30528450012207,
    "F0475_gSDSS": 14.972726821899414,
    "F0515": 14.812287330627441,
    "F0626_rSDSS": 14.508790016174316,
    "F0660": 14.478288650512695,
    "F0769_iSDSS": 14.374066352844238,
    "F0861": 14.350329399108887,
    "F0883_zSDSS": 14.327449798583984
}