{
    "id": "gaia_xp_spectrum_6087403113091705856-Ref",
    "F0352_uJAVA": 16.154735565185547,
    "F0378": 16.120248794555664,
    "F0395": 15.911843299865723,
    "F0410": 15.311246871948242,
    "F0430": 15.210264205932617,
    "F0475_gSDSS": 14.82247543334961,
    "F0515": 14.65186595916748,
    "F0626_rSDSS": 14.293161392211914,
    "F0660": 14.244654655456543,
    "F0769_iSDSS": 14.13170051574707,
    "F0861": 14.092142105102539,
    "F0883_zSDSS": 14.060730934143066
}