{
    "id": "gaia_xp_spectrum_6087604083201447552-Ref",
    "F0352_uJAVA": 16.623952865600586,
    "F0378": 16.51131820678711,
    "F0395": 16.521562576293945,
    "F0410": 15.8196382522583,
    "F0430": 15.790059089660645,
    "F0475_gSDSS": 15.336419105529785,
    "F0515": 15.154047966003418,
    "F0626_rSDSS": 14.778133392333984,
    "F0660": 14.723323822021484,
    "F0769_iSDSS": 14.605764389038086,
    "F0861": 14.556001663208008,
    "F0883_zSDSS": 14.533883094787598
}