{
    "id": "gaia_xp_spectrum_6087401188946368256-Ref",
    "F0352_uJAVA": 16.652719497680664,
    "F0378": 16.618154525756836,
    "F0395": 16.34876823425293,
    "F0410": 15.92162036895752,
    "F0430": 15.895135879516602,
    "F0475_gSDSS": 15.537878036499023,
    "F0515": 15.388267517089844,
    "F0626_rSDSS": 15.063405990600586,
    "F0660": 15.024227142333984,
    "F0769_iSDSS": 14.90728759765625,
    "F0861": 14.870912551879883,
    "F0883_zSDSS": 14.843598365783691
}