{
    "id": "gaia_xp_spectrum_6087399677117852416-Ref",
    "F0352_uJAVA": 15.934226989746094,
    "F0378": 15.808631896972656,
    "F0395": 15.738750457763672,
    "F0410": 15.092771530151367,
    "F0430": 15.04387092590332,
    "F0475_gSDSS": 14.635650634765625,
    "F0515": 14.448003768920898,
    "F0626_rSDSS": 14.1174898147583,
    "F0660": 14.056538581848145,
    "F0769_iSDSS": 13.967616081237793,
    "F0861": 13.938996315002441,
    "F0883_zSDSS": 13.911940574645996
}