{
    "id": "gaia_xp_spectrum_6087601471861296896-Ref",
    "F0352_uJAVA": 16.336532592773438,
    "F0378": 16.114852905273438,
    "F0395": 15.897587776184082,
    "F0410": 15.493897438049316,
    "F0430": 15.42013931274414,
    "F0475_gSDSS": 15.158334732055664,
    "F0515": 15.001111030578613,
    "F0626_rSDSS": 14.768867492675781,
    "F0660": 14.736899375915527,
    "F0769_iSDSS": 14.661320686340332,
    "F0861": 14.644083976745605,
    "F0883_zSDSS": 14.62757396697998
}