{
    "id": "gaia_xp_spectrum_6087417509821469952-Ref",
    "F0352_uJAVA": 16.167858123779297,
    "F0378": 15.952727317810059,
    "F0395": 15.909391403198242,
    "F0410": 15.365342140197754,
    "F0430": 15.309402465820312,
    "F0475_gSDSS": 14.809683799743652,
    "F0515": 14.568084716796875,
    "F0626_rSDSS": 14.115433692932129,
    "F0660": 14.024466514587402,
    "F0769_iSDSS": 13.831777572631836,
    "F0861": 13.720967292785645,
    "F0883_zSDSS": 13.686145782470703
}