{
    "id": "gaia_xp_spectrum_6087606728901292928-Ref",
    "F0352_uJAVA": 16.605037689208984,
    "F0378": 16.40217399597168,
    "F0395": 16.404199600219727,
    "F0410": 15.7228422164917,
    "F0430": 15.667381286621094,
    "F0475_gSDSS": 15.254924774169922,
    "F0515": 15.065472602844238,
    "F0626_rSDSS": 14.70712661743164,
    "F0660": 14.647993087768555,
    "F0769_iSDSS": 14.531834602355957,
    "F0861": 14.480321884155273,
    "F0883_zSDSS": 14.453259468078613
}