{
    "id": "gaia_xp_spectrum_6087612329539032576-Ref",
    "F0352_uJAVA": 16.13926887512207,
    "F0378": 15.950784683227539,
    "F0395": 15.762804985046387,
    "F0410": 15.367435455322266,
    "F0430": 15.28780460357666,
    "F0475_gSDSS": 14.991512298583984,
    "F0515": 14.84541130065918,
    "F0626_rSDSS": 14.547724723815918,
    "F0660": 14.505195617675781,
    "F0769_iSDSS": 14.406943321228027,
    "F0861": 14.373249053955078,
    "F0883_zSDSS": 14.356385231018066
}