{
    "id": "gaia_xp_spectrum_6087600990824961664-Ref",
    "F0352_uJAVA": 16.082317352294922,
    "F0378": 15.958403587341309,
    "F0395": 15.891308784484863,
    "F0410": 15.275252342224121,
    "F0430": 15.217013359069824,
    "F0475_gSDSS": 14.803336143493652,
    "F0515": 14.609040260314941,
    "F0626_rSDSS": 14.28442668914795,
    "F0660": 14.22874927520752,
    "F0769_iSDSS": 14.129562377929688,
    "F0861": 14.092801094055176,
    "F0883_zSDSS": 14.073988914489746
}