{
    "id": "gaia_xp_spectrum_6087395760107022848-Ref",
    "F0352_uJAVA": 16.834165573120117,
    "F0378": 16.696155548095703,
    "F0395": 16.54676055908203,
    "F0410": 15.952981948852539,
    "F0430": 15.895537376403809,
    "F0475_gSDSS": 15.531830787658691,
    "F0515": 15.366781234741211,
    "F0626_rSDSS": 15.048690795898438,
    "F0660": 15.003561019897461,
    "F0769_iSDSS": 14.900077819824219,
    "F0861": 14.874309539794922,
    "F0883_zSDSS": 14.847387313842773
}