{
    "id": "gaia_xp_spectrum_6087408301411397888-Ref",
    "F0352_uJAVA": 16.14068603515625,
    "F0378": 15.93382740020752,
    "F0395": 15.828121185302734,
    "F0410": 15.375927925109863,
    "F0430": 15.317413330078125,
    "F0475_gSDSS": 15.011664390563965,
    "F0515": 14.874353408813477,
    "F0626_rSDSS": 14.591836929321289,
    "F0660": 14.545083999633789,
    "F0769_iSDSS": 14.471833229064941,
    "F0861": 14.455009460449219,
    "F0883_zSDSS": 14.431376457214355
}