{
    "id": "gaia_xp_spectrum_6087443245266180480-Ref",
    "F0352_uJAVA": 16.729368209838867,
    "F0378": 16.621862411499023,
    "F0395": 16.51715850830078,
    "F0410": 15.92856502532959,
    "F0430": 15.910913467407227,
    "F0475_gSDSS": 15.499470710754395,
    "F0515": 15.326972007751465,
    "F0626_rSDSS": 14.980693817138672,
    "F0660": 14.922557830810547,
    "F0769_iSDSS": 14.805604934692383,
    "F0861": 14.771342277526855,
    "F0883_zSDSS": 14.735102653503418
}