{
    "id": "gaia_xp_spectrum_6087605148353318784-Ref",
    "F0352_uJAVA": 16.222057342529297,
    "F0378": 16.015663146972656,
    "F0395": 15.927234649658203,
    "F0410": 15.416245460510254,
    "F0430": 15.353325843811035,
    "F0475_gSDSS": 15.017904281616211,
    "F0515": 14.835001945495605,
    "F0626_rSDSS": 14.5648193359375,
    "F0660": 14.51908016204834,
    "F0769_iSDSS": 14.438591003417969,
    "F0861": 14.413450241088867,
    "F0883_zSDSS": 14.387774467468262
}