{
    "id": "gaia_xp_spectrum_6087442351912670464-Ref",
    "F0352_uJAVA": 15.622635841369629,
    "F0378": 15.365403175354004,
    "F0395": 15.251823425292969,
    "F0410": 14.833574295043945,
    "F0430": 14.753886222839355,
    "F0475_gSDSS": 14.503973007202148,
    "F0515": 14.361517906188965,
    "F0626_rSDSS": 14.1331205368042,
    "F0660": 14.118334770202637,
    "F0769_iSDSS": 14.03663158416748,
    "F0861": 14.035001754760742,
    "F0883_zSDSS": 14.014311790466309
}