{
    "id": "gaia_xp_spectrum_6087410603514031744-Ref",
    "F0352_uJAVA": 15.848414421081543,
    "F0378": 15.713203430175781,
    "F0395": 15.610006332397461,
    "F0410": 15.128864288330078,
    "F0430": 15.092360496520996,
    "F0475_gSDSS": 14.725188255310059,
    "F0515": 14.562592506408691,
    "F0626_rSDSS": 14.274497032165527,
    "F0660": 14.230752944946289,
    "F0769_iSDSS": 14.147809028625488,
    "F0861": 14.136930465698242,
    "F0883_zSDSS": 14.112076759338379
}