{
    "id": "gaia_xp_spectrum_6087400810988826368-Ref",
    "F0352_uJAVA": 16.657217025756836,
    "F0378": 16.43873405456543,
    "F0395": 16.23520851135254,
    "F0410": 15.858647346496582,
    "F0430": 15.785972595214844,
    "F0475_gSDSS": 15.561552047729492,
    "F0515": 15.435918807983398,
    "F0626_rSDSS": 15.230740547180176,
    "F0660": 15.237771034240723,
    "F0769_iSDSS": 15.144122123718262,
    "F0861": 15.147429466247559,
    "F0883_zSDSS": 15.126544952392578
}