{
    "id": "gaia_xp_spectrum_6087602090336597632-Ref",
    "F0352_uJAVA": 16.38498306274414,
    "F0378": 16.281906127929688,
    "F0395": 16.16840362548828,
    "F0410": 15.67078685760498,
    "F0430": 15.622432708740234,
    "F0475_gSDSS": 15.260385513305664,
    "F0515": 15.113458633422852,
    "F0626_rSDSS": 14.77992057800293,
    "F0660": 14.751320838928223,
    "F0769_iSDSS": 14.633313179016113,
    "F0861": 14.596393585205078,
    "F0883_zSDSS": 14.581440925598145
}