{
    "id": "gaia_xp_spectrum_6087402425896280576-Ref",
    "F0352_uJAVA": 16.35794448852539,
    "F0378": 16.124401092529297,
    "F0395": 15.956347465515137,
    "F0410": 15.575360298156738,
    "F0430": 15.509331703186035,
    "F0475_gSDSS": 15.289068222045898,
    "F0515": 15.145598411560059,
    "F0626_rSDSS": 14.946138381958008,
    "F0660": 14.939532279968262,
    "F0769_iSDSS": 14.851683616638184,
    "F0861": 14.846810340881348,
    "F0883_zSDSS": 14.828618049621582
}