{
    "id": "gaia_xp_spectrum_6087415723115051776-Ref",
    "F0352_uJAVA": 16.869373321533203,
    "F0378": 16.442752838134766,
    "F0395": 16.213369369506836,
    "F0410": 15.997708320617676,
    "F0430": 15.908774375915527,
    "F0475_gSDSS": 15.737744331359863,
    "F0515": 15.59854793548584,
    "F0626_rSDSS": 15.43246078491211,
    "F0660": 15.411192893981934,
    "F0769_iSDSS": 15.340875625610352,
    "F0861": 15.328107833862305,
    "F0883_zSDSS": 15.316020011901855
}