{
    "id": "gaia_xp_spectrum_6087399642758127360-Ref",
    "F0352_uJAVA": 16.22353172302246,
    "F0378": 15.875350952148438,
    "F0395": 15.601911544799805,
    "F0410": 15.367227554321289,
    "F0430": 15.30473518371582,
    "F0475_gSDSS": 15.133878707885742,
    "F0515": 15.022600173950195,
    "F0626_rSDSS": 14.89000129699707,
    "F0660": 14.897791862487793,
    "F0769_iSDSS": 14.842281341552734,
    "F0861": 14.846040725708008,
    "F0883_zSDSS": 14.844061851501465
}