{
    "id": "gaia_xp_spectrum_6087409504002396544-Ref",
    "F0352_uJAVA": 16.041379928588867,
    "F0378": 15.6824369430542,
    "F0395": 15.299580574035645,
    "F0410": 15.01632308959961,
    "F0430": 14.955078125,
    "F0475_gSDSS": 14.816680908203125,
    "F0515": 14.728339195251465,
    "F0626_rSDSS": 14.609967231750488,
    "F0660": 14.636929512023926,
    "F0769_iSDSS": 14.588766098022461,
    "F0861": 14.61225414276123,
    "F0883_zSDSS": 14.594367980957031
}