{
    "id": "gaia_xp_spectrum_6087606965117846784-Ref",
    "F0352_uJAVA": 16.022077560424805,
    "F0378": 15.848362922668457,
    "F0395": 15.984397888183594,
    "F0410": 15.381791114807129,
    "F0430": 15.33857250213623,
    "F0475_gSDSS": 14.911331176757812,
    "F0515": 14.7484130859375,
    "F0626_rSDSS": 14.336831092834473,
    "F0660": 14.257648468017578,
    "F0769_iSDSS": 14.124610900878906,
    "F0861": 14.056466102600098,
    "F0883_zSDSS": 14.017108917236328
}