{
    "id": "gaia_xp_spectrum_6087609786918378496-Ref",
    "F0352_uJAVA": 16.174875259399414,
    "F0378": 16.103050231933594,
    "F0395": 16.018041610717773,
    "F0410": 15.343611717224121,
    "F0430": 15.267035484313965,
    "F0475_gSDSS": 14.81510066986084,
    "F0515": 14.619179725646973,
    "F0626_rSDSS": 14.217870712280273,
    "F0660": 14.166594505310059,
    "F0769_iSDSS": 14.024868965148926,
    "F0861": 13.966899871826172,
    "F0883_zSDSS": 13.93886947631836
}