{
    "id": "gaia_xp_spectrum_6087441905236057472-Ref",
    "F0352_uJAVA": 16.11042594909668,
    "F0378": 15.906686782836914,
    "F0395": 15.754424095153809,
    "F0410": 15.314023971557617,
    "F0430": 15.241930961608887,
    "F0475_gSDSS": 14.947393417358398,
    "F0515": 14.799553871154785,
    "F0626_rSDSS": 14.525525093078613,
    "F0660": 14.501304626464844,
    "F0769_iSDSS": 14.406586647033691,
    "F0861": 14.391678810119629,
    "F0883_zSDSS": 14.363509178161621
}