{
    "id": "gaia_xp_spectrum_6087605766828612864-Ref",
    "F0352_uJAVA": 16.09773063659668,
    "F0378": 15.850154876708984,
    "F0395": 15.722888946533203,
    "F0410": 15.291760444641113,
    "F0430": 15.217016220092773,
    "F0475_gSDSS": 14.925820350646973,
    "F0515": 14.780275344848633,
    "F0626_rSDSS": 14.50960636138916,
    "F0660": 14.483381271362305,
    "F0769_iSDSS": 14.388511657714844,
    "F0861": 14.368181228637695,
    "F0883_zSDSS": 14.348315238952637
}