{
    "id": "gaia_xp_spectrum_6087610233594627968-Ref",
    "F0352_uJAVA": 16.07647132873535,
    "F0378": 16.019784927368164,
    "F0395": 15.89207935333252,
    "F0410": 15.185331344604492,
    "F0430": 15.07638931274414,
    "F0475_gSDSS": 14.655994415283203,
    "F0515": 14.471960067749023,
    "F0626_rSDSS": 14.092485427856445,
    "F0660": 14.03475284576416,
    "F0769_iSDSS": 13.944286346435547,
    "F0861": 13.91618824005127,
    "F0883_zSDSS": 13.888678550720215
}