{
    "id": "gaia_xp_spectrum_6087418334455851904-Ref",
    "F0352_uJAVA": 15.585326194763184,
    "F0378": 15.371318817138672,
    "F0395": 15.347235679626465,
    "F0410": 14.817988395690918,
    "F0430": 14.753983497619629,
    "F0475_gSDSS": 14.428600311279297,
    "F0515": 14.276494026184082,
    "F0626_rSDSS": 13.991169929504395,
    "F0660": 13.960041999816895,
    "F0769_iSDSS": 13.879058837890625,
    "F0861": 13.871356964111328,
    "F0883_zSDSS": 13.849650382995605
}