{
    "id": "gaia_xp_spectrum_6087415654395572096-Ref",
    "F0352_uJAVA": 16.38956642150879,
    "F0378": 16.298912048339844,
    "F0395": 16.25539779663086,
    "F0410": 15.54415512084961,
    "F0430": 15.474397659301758,
    "F0475_gSDSS": 15.035099983215332,
    "F0515": 14.860086441040039,
    "F0626_rSDSS": 14.480518341064453,
    "F0660": 14.432744979858398,
    "F0769_iSDSS": 14.32533073425293,
    "F0861": 14.299365997314453,
    "F0883_zSDSS": 14.26951789855957
}