{
    "id": "gaia_xp_spectrum_6087419227809042176-Ref",
    "F0352_uJAVA": 16.620298385620117,
    "F0378": 16.526199340820312,
    "F0395": 16.377159118652344,
    "F0410": 15.85505485534668,
    "F0430": 15.815120697021484,
    "F0475_gSDSS": 15.375524520874023,
    "F0515": 15.20148754119873,
    "F0626_rSDSS": 14.854084014892578,
    "F0660": 14.791000366210938,
    "F0769_iSDSS": 14.694494247436523,
    "F0861": 14.660747528076172,
    "F0883_zSDSS": 14.633955001831055
}