{
    "id": "gaia_xp_spectrum_6087416169791655424-Ref",
    "F0352_uJAVA": 16.36337661743164,
    "F0378": 16.417858123779297,
    "F0395": 16.16942024230957,
    "F0410": 15.499876022338867,
    "F0430": 15.412434577941895,
    "F0475_gSDSS": 14.942326545715332,
    "F0515": 14.76488971710205,
    "F0626_rSDSS": 14.352205276489258,
    "F0660": 14.296624183654785,
    "F0769_iSDSS": 14.186800003051758,
    "F0861": 14.145686149597168,
    "F0883_zSDSS": 14.120603561401367
}