{
    "id": "gaia_xp_spectrum_6087604736036448128-Ref",
    "F0352_uJAVA": 15.739420890808105,
    "F0378": 15.488719940185547,
    "F0395": 15.412524223327637,
    "F0410": 14.884443283081055,
    "F0430": 14.825519561767578,
    "F0475_gSDSS": 14.533286094665527,
    "F0515": 14.388187408447266,
    "F0626_rSDSS": 14.124361991882324,
    "F0660": 14.10593318939209,
    "F0769_iSDSS": 14.012075424194336,
    "F0861": 13.998291969299316,
    "F0883_zSDSS": 13.976717948913574
}