{
    "id": "gaia_xp_spectrum_6087416169791655808-Ref",
    "F0352_uJAVA": 16.35426902770996,
    "F0378": 16.146503448486328,
    "F0395": 16.08368492126465,
    "F0410": 15.580471992492676,
    "F0430": 15.501260757446289,
    "F0475_gSDSS": 15.163119316101074,
    "F0515": 14.993180274963379,
    "F0626_rSDSS": 14.698874473571777,
    "F0660": 14.634000778198242,
    "F0769_iSDSS": 14.555164337158203,
    "F0861": 14.520445823669434,
    "F0883_zSDSS": 14.500587463378906
}