{
    "id": "gaia_xp_spectrum_6087408507569974272-Ref",
    "F0352_uJAVA": 16.812519073486328,
    "F0378": 16.52048683166504,
    "F0395": 16.4737491607666,
    "F0410": 15.852152824401855,
    "F0430": 15.690681457519531,
    "F0475_gSDSS": 15.140909194946289,
    "F0515": 14.849200248718262,
    "F0626_rSDSS": 14.326688766479492,
    "F0660": 14.208109855651855,
    "F0769_iSDSS": 13.980775833129883,
    "F0861": 13.849221229553223,
    "F0883_zSDSS": 13.800579071044922
}