{
    "id": "gaia_xp_spectrum_6087420224240797824-Ref",
    "F0352_uJAVA": 16.379383087158203,
    "F0378": 16.3286190032959,
    "F0395": 16.12337303161621,
    "F0410": 15.486104965209961,
    "F0430": 15.38210391998291,
    "F0475_gSDSS": 14.84715461730957,
    "F0515": 14.626139640808105,
    "F0626_rSDSS": 14.149361610412598,
    "F0660": 14.065703392028809,
    "F0769_iSDSS": 13.898126602172852,
    "F0861": 13.803264617919922,
    "F0883_zSDSS": 13.772464752197266
}