{
    "id": "gaia_xp_spectrum_6087442558071106432-Ref",
    "F0352_uJAVA": 16.360910415649414,
    "F0378": 16.27341651916504,
    "F0395": 16.250146865844727,
    "F0410": 15.568795204162598,
    "F0430": 15.513855934143066,
    "F0475_gSDSS": 15.073081016540527,
    "F0515": 14.894404411315918,
    "F0626_rSDSS": 14.516114234924316,
    "F0660": 14.46772289276123,
    "F0769_iSDSS": 14.348548889160156,
    "F0861": 14.305903434753418,
    "F0883_zSDSS": 14.276573181152344
}