{
    "id": "gaia_xp_spectrum_6087609713896326016-Ref",
    "F0352_uJAVA": 16.777774810791016,
    "F0378": 16.519683837890625,
    "F0395": 16.396671295166016,
    "F0410": 15.826580047607422,
    "F0430": 15.67248821258545,
    "F0475_gSDSS": 15.160767555236816,
    "F0515": 14.901375770568848,
    "F0626_rSDSS": 14.372125625610352,
    "F0660": 14.270998001098633,
    "F0769_iSDSS": 14.039556503295898,
    "F0861": 13.907830238342285,
    "F0883_zSDSS": 13.862638473510742
}