{
    "id": "gaia_xp_spectrum_6087405896230540032-Ref",
    "F0352_uJAVA": 16.347036361694336,
    "F0378": 16.087867736816406,
    "F0395": 16.008581161499023,
    "F0410": 15.6078519821167,
    "F0430": 15.518125534057617,
    "F0475_gSDSS": 15.220948219299316,
    "F0515": 15.077225685119629,
    "F0626_rSDSS": 14.78217601776123,
    "F0660": 14.746336936950684,
    "F0769_iSDSS": 14.634540557861328,
    "F0861": 14.599510192871094,
    "F0883_zSDSS": 14.585697174072266
}