{
    "id": "gaia_xp_spectrum_6087416371650722816-Ref",
    "F0352_uJAVA": 16.51797866821289,
    "F0378": 16.3243465423584,
    "F0395": 16.12771224975586,
    "F0410": 15.707030296325684,
    "F0430": 15.610831260681152,
    "F0475_gSDSS": 15.322257995605469,
    "F0515": 15.166419982910156,
    "F0626_rSDSS": 14.897604942321777,
    "F0660": 14.857898712158203,
    "F0769_iSDSS": 14.77649974822998,
    "F0861": 14.75670337677002,
    "F0883_zSDSS": 14.738125801086426
}