{
    "id": "gaia_xp_spectrum_6087442317552931712-Ref",
    "F0352_uJAVA": 16.517181396484375,
    "F0378": 16.309146881103516,
    "F0395": 16.3507137298584,
    "F0410": 15.758017539978027,
    "F0430": 15.701750755310059,
    "F0475_gSDSS": 15.324725151062012,
    "F0515": 15.150113105773926,
    "F0626_rSDSS": 14.822539329528809,
    "F0660": 14.766508102416992,
    "F0769_iSDSS": 14.665792465209961,
    "F0861": 14.629826545715332,
    "F0883_zSDSS": 14.605949401855469
}