{
    "id": "gaia_xp_spectrum_6087420327320012672-Ref",
    "F0352_uJAVA": 16.40328025817871,
    "F0378": 16.34518814086914,
    "F0395": 16.2158260345459,
    "F0410": 15.539843559265137,
    "F0430": 15.439427375793457,
    "F0475_gSDSS": 14.991161346435547,
    "F0515": 14.819131851196289,
    "F0626_rSDSS": 14.435197830200195,
    "F0660": 14.388677597045898,
    "F0769_iSDSS": 14.289847373962402,
    "F0861": 14.261360168457031,
    "F0883_zSDSS": 14.239160537719727
}