{
    "id": "gaia_xp_spectrum_6087614391123001472-Ref",
    "F0352_uJAVA": 16.136445999145508,
    "F0378": 15.904471397399902,
    "F0395": 15.799177169799805,
    "F0410": 15.357353210449219,
    "F0430": 15.290704727172852,
    "F0475_gSDSS": 14.99349594116211,
    "F0515": 14.834321022033691,
    "F0626_rSDSS": 14.573502540588379,
    "F0660": 14.555164337158203,
    "F0769_iSDSS": 14.452247619628906,
    "F0861": 14.43250846862793,
    "F0883_zSDSS": 14.416362762451172
}