{
    "id": "gaia_xp_spectrum_6087430085486046208-Ref",
    "F0352_uJAVA": 15.847725868225098,
    "F0378": 15.7465181350708,
    "F0395": 15.700608253479004,
    "F0410": 15.064179420471191,
    "F0430": 15.006779670715332,
    "F0475_gSDSS": 14.63198184967041,
    "F0515": 14.462447166442871,
    "F0626_rSDSS": 14.155046463012695,
    "F0660": 14.123005867004395,
    "F0769_iSDSS": 14.026795387268066,
    "F0861": 14.01941204071045,
    "F0883_zSDSS": 13.989108085632324
}