{
    "id": "gaia_xp_spectrum_6087612260819556352-Ref",
    "F0352_uJAVA": 16.041301727294922,
    "F0378": 15.827620506286621,
    "F0395": 15.553500175476074,
    "F0410": 15.259302139282227,
    "F0430": 15.181940078735352,
    "F0475_gSDSS": 14.966384887695312,
    "F0515": 14.8419189453125,
    "F0626_rSDSS": 14.63210391998291,
    "F0660": 14.630387306213379,
    "F0769_iSDSS": 14.538714408874512,
    "F0861": 14.519405364990234,
    "F0883_zSDSS": 14.513172149658203
}