{
    "id": "gaia_xp_spectrum_6087446475081476224-Ref",
    "F0352_uJAVA": 16.807769775390625,
    "F0378": 16.495452880859375,
    "F0395": 16.449806213378906,
    "F0410": 16.07217025756836,
    "F0430": 15.972855567932129,
    "F0475_gSDSS": 15.6985445022583,
    "F0515": 15.54322338104248,
    "F0626_rSDSS": 15.264143943786621,
    "F0660": 15.245219230651855,
    "F0769_iSDSS": 15.124049186706543,
    "F0861": 15.087636947631836,
    "F0883_zSDSS": 15.07610034942627
}