{
    "id": "gaia_xp_spectrum_6087407339338717440-Ref",
    "F0352_uJAVA": 16.764894485473633,
    "F0378": 16.448564529418945,
    "F0395": 16.301692962646484,
    "F0410": 15.889779090881348,
    "F0430": 15.791369438171387,
    "F0475_gSDSS": 15.577646255493164,
    "F0515": 15.432709693908691,
    "F0626_rSDSS": 15.227471351623535,
    "F0660": 15.21940803527832,
    "F0769_iSDSS": 15.131919860839844,
    "F0861": 15.125170707702637,
    "F0883_zSDSS": 15.116584777832031
}