{
    "id": "gaia_xp_spectrum_6087606316584444672-Ref",
    "F0352_uJAVA": 15.887131690979004,
    "F0378": 15.711504936218262,
    "F0395": 15.717144966125488,
    "F0410": 15.152403831481934,
    "F0430": 15.09865665435791,
    "F0475_gSDSS": 14.713409423828125,
    "F0515": 14.5255765914917,
    "F0626_rSDSS": 14.202853202819824,
    "F0660": 14.154219627380371,
    "F0769_iSDSS": 14.037755012512207,
    "F0861": 13.996938705444336,
    "F0883_zSDSS": 13.967558860778809
}