{
    "id": "gaia_xp_spectrum_6087398474527019776-Ref",
    "F0352_uJAVA": 16.39734649658203,
    "F0378": 16.316997528076172,
    "F0395": 16.21790313720703,
    "F0410": 15.505523681640625,
    "F0430": 15.410492897033691,
    "F0475_gSDSS": 14.963282585144043,
    "F0515": 14.77499008178711,
    "F0626_rSDSS": 14.377473831176758,
    "F0660": 14.320608139038086,
    "F0769_iSDSS": 14.210421562194824,
    "F0861": 14.1638765335083,
    "F0883_zSDSS": 14.139698028564453
}