{
    "id": "gaia_xp_spectrum_6087412420280382848-Ref",
    "F0352_uJAVA": 16.85907745361328,
    "F0378": 16.601350784301758,
    "F0395": 16.3900146484375,
    "F0410": 16.062410354614258,
    "F0430": 15.940398216247559,
    "F0475_gSDSS": 15.735504150390625,
    "F0515": 15.607420921325684,
    "F0626_rSDSS": 15.421998977661133,
    "F0660": 15.420476913452148,
    "F0769_iSDSS": 15.347675323486328,
    "F0861": 15.341886520385742,
    "F0883_zSDSS": 15.338310241699219
}