{
    "id": "gaia_xp_spectrum_6087615456275228160-Ref",
    "F0352_uJAVA": 16.313016891479492,
    "F0378": 16.077722549438477,
    "F0395": 15.928739547729492,
    "F0410": 15.5437650680542,
    "F0430": 15.467455863952637,
    "F0475_gSDSS": 15.21134090423584,
    "F0515": 15.064051628112793,
    "F0626_rSDSS": 14.825647354125977,
    "F0660": 14.810113906860352,
    "F0769_iSDSS": 14.704532623291016,
    "F0861": 14.684842109680176,
    "F0883_zSDSS": 14.670937538146973
}