{
    "id": "gaia_xp_spectrum_6087405621352631424-Ref",
    "F0352_uJAVA": 16.732318878173828,
    "F0378": 16.423377990722656,
    "F0395": 16.330738067626953,
    "F0410": 15.838915824890137,
    "F0430": 15.766830444335938,
    "F0475_gSDSS": 15.378795623779297,
    "F0515": 15.178348541259766,
    "F0626_rSDSS": 14.789103507995605,
    "F0660": 14.730366706848145,
    "F0769_iSDSS": 14.555337905883789,
    "F0861": 14.474640846252441,
    "F0883_zSDSS": 14.444451332092285
}