{
    "id": "gaia_xp_spectrum_6087446337642635008-Ref",
    "F0352_uJAVA": 16.46067237854004,
    "F0378": 16.435623168945312,
    "F0395": 16.324125289916992,
    "F0410": 15.631702423095703,
    "F0430": 15.539763450622559,
    "F0475_gSDSS": 15.05527400970459,
    "F0515": 14.865427017211914,
    "F0626_rSDSS": 14.435799598693848,
    "F0660": 14.368836402893066,
    "F0769_iSDSS": 14.24657154083252,
    "F0861": 14.192541122436523,
    "F0883_zSDSS": 14.161516189575195
}