{
    "id": "gaia_xp_spectrum_6087420499119772928-Ref",
    "F0352_uJAVA": 15.823287010192871,
    "F0378": 15.700953483581543,
    "F0395": 15.610546112060547,
    "F0410": 14.9904203414917,
    "F0430": 14.935545921325684,
    "F0475_gSDSS": 14.526375770568848,
    "F0515": 14.33917236328125,
    "F0626_rSDSS": 14.00121021270752,
    "F0660": 13.95914363861084,
    "F0769_iSDSS": 13.838691711425781,
    "F0861": 13.802813529968262,
    "F0883_zSDSS": 13.773809432983398
}