{
    "id": "gaia_xp_spectrum_6087441905236054400-Ref",
    "F0352_uJAVA": 16.536090850830078,
    "F0378": 16.464065551757812,
    "F0395": 16.463594436645508,
    "F0410": 15.678723335266113,
    "F0430": 15.584051132202148,
    "F0475_gSDSS": 15.020251274108887,
    "F0515": 14.792781829833984,
    "F0626_rSDSS": 14.275343894958496,
    "F0660": 14.190825462341309,
    "F0769_iSDSS": 13.982556343078613,
    "F0861": 13.880699157714844,
    "F0883_zSDSS": 13.835470199584961
}