{
    "id": "gaia_xp_spectrum_6087405896230540544-Ref",
    "F0352_uJAVA": 16.470142364501953,
    "F0378": 16.21233558654785,
    "F0395": 15.975700378417969,
    "F0410": 15.743517875671387,
    "F0430": 15.713144302368164,
    "F0475_gSDSS": 15.465682983398438,
    "F0515": 15.324660301208496,
    "F0626_rSDSS": 15.132261276245117,
    "F0660": 15.103011131286621,
    "F0769_iSDSS": 15.027631759643555,
    "F0861": 15.009129524230957,
    "F0883_zSDSS": 15.000024795532227
}