{
    "id": "gaia_xp_spectrum_6087614906519088896-Ref",
    "F0352_uJAVA": 16.74633026123047,
    "F0378": 16.51181983947754,
    "F0395": 16.40501594543457,
    "F0410": 15.942831993103027,
    "F0430": 15.842818260192871,
    "F0475_gSDSS": 15.491473197937012,
    "F0515": 15.321110725402832,
    "F0626_rSDSS": 14.988210678100586,
    "F0660": 14.940065383911133,
    "F0769_iSDSS": 14.821809768676758,
    "F0861": 14.78101921081543,
    "F0883_zSDSS": 14.757047653198242
}