{
    "id": "gaia_xp_spectrum_6087414761042244096-Ref",
    "F0352_uJAVA": 16.229541778564453,
    "F0378": 16.039703369140625,
    "F0395": 15.933473587036133,
    "F0410": 15.424408912658691,
    "F0430": 15.361170768737793,
    "F0475_gSDSS": 15.019503593444824,
    "F0515": 14.849020004272461,
    "F0626_rSDSS": 14.54784107208252,
    "F0660": 14.511527061462402,
    "F0769_iSDSS": 14.411376953125,
    "F0861": 14.38328742980957,
    "F0883_zSDSS": 14.358636856079102
}