{
    "id": "gaia_xp_spectrum_6087441905236055936-Ref",
    "F0352_uJAVA": 16.68696403503418,
    "F0378": 16.573286056518555,
    "F0395": 16.46135902404785,
    "F0410": 15.84454345703125,
    "F0430": 15.807328224182129,
    "F0475_gSDSS": 15.401293754577637,
    "F0515": 15.223130226135254,
    "F0626_rSDSS": 14.867311477661133,
    "F0660": 14.81797981262207,
    "F0769_iSDSS": 14.688055038452148,
    "F0861": 14.64227294921875,
    "F0883_zSDSS": 14.610444068908691
}