{
    "id": "gaia_xp_spectrum_6087600612867833856-Ref",
    "F0352_uJAVA": 16.799724578857422,
    "F0378": 16.672161102294922,
    "F0395": 16.476518630981445,
    "F0410": 15.977102279663086,
    "F0430": 15.875991821289062,
    "F0475_gSDSS": 15.57270336151123,
    "F0515": 15.416337013244629,
    "F0626_rSDSS": 15.116518020629883,
    "F0660": 15.090909004211426,
    "F0769_iSDSS": 14.982248306274414,
    "F0861": 14.951715469360352,
    "F0883_zSDSS": 14.938020706176758
}