{
    "id": "gaia_xp_spectrum_6087412733817667584-Ref",
    "F0352_uJAVA": 16.209985733032227,
    "F0378": 16.04387092590332,
    "F0395": 15.951818466186523,
    "F0410": 15.411489486694336,
    "F0430": 15.360658645629883,
    "F0475_gSDSS": 14.981958389282227,
    "F0515": 14.819794654846191,
    "F0626_rSDSS": 14.495654106140137,
    "F0660": 14.453117370605469,
    "F0769_iSDSS": 14.351500511169434,
    "F0861": 14.323326110839844,
    "F0883_zSDSS": 14.301375389099121
}