{
    "id": "gaia_xp_spectrum_6087409572721872000-Ref",
    "F0352_uJAVA": 16.597553253173828,
    "F0378": 16.540760040283203,
    "F0395": 16.3232479095459,
    "F0410": 15.766387939453125,
    "F0430": 15.667523384094238,
    "F0475_gSDSS": 15.325419425964355,
    "F0515": 15.166160583496094,
    "F0626_rSDSS": 14.846026420593262,
    "F0660": 14.815607070922852,
    "F0769_iSDSS": 14.70311450958252,
    "F0861": 14.682211875915527,
    "F0883_zSDSS": 14.653035163879395
}