{
    "id": "gaia_xp_spectrum_6087418712412310400-Ref",
    "F0352_uJAVA": 16.2335262298584,
    "F0378": 16.291000366210938,
    "F0395": 16.08945083618164,
    "F0410": 15.394315719604492,
    "F0430": 15.293234825134277,
    "F0475_gSDSS": 14.828012466430664,
    "F0515": 14.657114028930664,
    "F0626_rSDSS": 14.23617935180664,
    "F0660": 14.171968460083008,
    "F0769_iSDSS": 14.057440757751465,
    "F0861": 14.010676383972168,
    "F0883_zSDSS": 13.98507308959961
}