{
    "id": "gaia_xp_spectrum_6087428951614646528-Ref",
    "F0352_uJAVA": 16.281543731689453,
    "F0378": 16.04803466796875,
    "F0395": 15.986771583557129,
    "F0410": 15.511807441711426,
    "F0430": 15.460064888000488,
    "F0475_gSDSS": 15.113019943237305,
    "F0515": 14.945935249328613,
    "F0626_rSDSS": 14.638121604919434,
    "F0660": 14.594606399536133,
    "F0769_iSDSS": 14.487388610839844,
    "F0861": 14.444990158081055,
    "F0883_zSDSS": 14.427515029907227
}