{
    "id": "gaia_xp_spectrum_6087399780197075200-Ref",
    "F0352_uJAVA": 16.26234245300293,
    "F0378": 16.094573974609375,
    "F0395": 16.01752471923828,
    "F0410": 15.352745056152344,
    "F0430": 15.267813682556152,
    "F0475_gSDSS": 14.882244110107422,
    "F0515": 14.700551986694336,
    "F0626_rSDSS": 14.364337921142578,
    "F0660": 14.328072547912598,
    "F0769_iSDSS": 14.223895072937012,
    "F0861": 14.201459884643555,
    "F0883_zSDSS": 14.17145824432373
}