{
    "id": "gaia_xp_spectrum_6087412424580015616-Ref",
    "F0352_uJAVA": 16.353776931762695,
    "F0378": 16.312448501586914,
    "F0395": 16.228605270385742,
    "F0410": 15.452460289001465,
    "F0430": 15.3405179977417,
    "F0475_gSDSS": 14.745527267456055,
    "F0515": 14.506888389587402,
    "F0626_rSDSS": 13.982377052307129,
    "F0660": 13.887215614318848,
    "F0769_iSDSS": 13.691425323486328,
    "F0861": 13.58191204071045,
    "F0883_zSDSS": 13.540812492370605
}