{
    "id": "gaia_xp_spectrum_6087411325068378880-Ref",
    "F0352_uJAVA": 16.350189208984375,
    "F0378": 16.19294548034668,
    "F0395": 16.12997055053711,
    "F0410": 15.507634162902832,
    "F0430": 15.430220603942871,
    "F0475_gSDSS": 15.058958053588867,
    "F0515": 14.900857925415039,
    "F0626_rSDSS": 14.566454887390137,
    "F0660": 14.531264305114746,
    "F0769_iSDSS": 14.430289268493652,
    "F0861": 14.400795936584473,
    "F0883_zSDSS": 14.3821439743042
}