{
    "id": "gaia_xp_spectrum_6087429913687334272-Ref",
    "F0352_uJAVA": 16.558757781982422,
    "F0378": 16.31736946105957,
    "F0395": 16.178234100341797,
    "F0410": 15.987418174743652,
    "F0430": 15.88641357421875,
    "F0475_gSDSS": 15.679841041564941,
    "F0515": 15.544965744018555,
    "F0626_rSDSS": 15.292806625366211,
    "F0660": 15.273672103881836,
    "F0769_iSDSS": 15.148761749267578,
    "F0861": 15.114030838012695,
    "F0883_zSDSS": 15.097739219665527
}