{
    "id": "gaia_xp_spectrum_6087606728901294720-Ref",
    "F0352_uJAVA": 16.654083251953125,
    "F0378": 16.520212173461914,
    "F0395": 16.384632110595703,
    "F0410": 15.79306697845459,
    "F0430": 15.727540969848633,
    "F0475_gSDSS": 15.296406745910645,
    "F0515": 15.129964828491211,
    "F0626_rSDSS": 14.74180793762207,
    "F0660": 14.689393997192383,
    "F0769_iSDSS": 14.563093185424805,
    "F0861": 14.510576248168945,
    "F0883_zSDSS": 14.483099937438965
}