{
    "id": "gaia_xp_spectrum_6087090783069505024-Ref",
    "F0352_uJAVA": 15.825156211853027,
    "F0378": 15.681780815124512,
    "F0395": 15.609136581420898,
    "F0410": 15.079473495483398,
    "F0430": 15.040336608886719,
    "F0475_gSDSS": 14.677453994750977,
    "F0515": 14.521541595458984,
    "F0626_rSDSS": 14.209593772888184,
    "F0660": 14.156608581542969,
    "F0769_iSDSS": 14.0657377243042,
    "F0861": 14.039779663085938,
    "F0883_zSDSS": 14.014031410217285
}