{
    "id": "gaia_xp_spectrum_6086889606801809408-Ref",
    "F0352_uJAVA": 16.53380584716797,
    "F0378": 16.201013565063477,
    "F0395": 16.09752082824707,
    "F0410": 15.687369346618652,
    "F0430": 15.622978210449219,
    "F0475_gSDSS": 15.367300033569336,
    "F0515": 15.221654891967773,
    "F0626_rSDSS": 15.000199317932129,
    "F0660": 14.97050952911377,
    "F0769_iSDSS": 14.886573791503906,
    "F0861": 14.875828742980957,
    "F0883_zSDSS": 14.857022285461426
}