{
    "id": "gaia_xp_spectrum_6087097139621252608-Ref",
    "F0352_uJAVA": 16.18114471435547,
    "F0378": 15.98354434967041,
    "F0395": 15.913729667663574,
    "F0410": 15.372047424316406,
    "F0430": 15.325752258300781,
    "F0475_gSDSS": 15.000862121582031,
    "F0515": 14.849234580993652,
    "F0626_rSDSS": 14.575754165649414,
    "F0660": 14.541730880737305,
    "F0769_iSDSS": 14.46049690246582,
    "F0861": 14.446979522705078,
    "F0883_zSDSS": 14.430581092834473
}