{
    "id": "gaia_xp_spectrum_6087089924075987072-Ref",
    "F0352_uJAVA": 16.61280632019043,
    "F0378": 16.543813705444336,
    "F0395": 16.338884353637695,
    "F0410": 15.782231330871582,
    "F0430": 15.686322212219238,
    "F0475_gSDSS": 15.340728759765625,
    "F0515": 15.174145698547363,
    "F0626_rSDSS": 14.877150535583496,
    "F0660": 14.838963508605957,
    "F0769_iSDSS": 14.758112907409668,
    "F0861": 14.751609802246094,
    "F0883_zSDSS": 14.720104217529297
}