{
    "id": "gaia_xp_spectrum_6087075321187152896-Ref",
    "F0352_uJAVA": 16.54236602783203,
    "F0378": 16.123310089111328,
    "F0395": 15.71633529663086,
    "F0410": 15.455716133117676,
    "F0430": 15.375751495361328,
    "F0475_gSDSS": 15.330073356628418,
    "F0515": 15.350226402282715,
    "F0626_rSDSS": 15.140531539916992,
    "F0660": 15.146221160888672,
    "F0769_iSDSS": 15.135043144226074,
    "F0861": 15.166394233703613,
    "F0883_zSDSS": 15.148836135864258
}