{
    "id": "gaia_xp_spectrum_6087081780818045696-Ref",
    "F0352_uJAVA": 15.529531478881836,
    "F0378": 15.355572700500488,
    "F0395": 15.31379222869873,
    "F0410": 15.050005912780762,
    "F0430": 15.036725997924805,
    "F0475_gSDSS": 14.880027770996094,
    "F0515": 14.795257568359375,
    "F0626_rSDSS": 14.656411170959473,
    "F0660": 14.654189109802246,
    "F0769_iSDSS": 14.604536056518555,
    "F0861": 14.610922813415527,
    "F0883_zSDSS": 14.606103897094727
}