{
    "id": "gaia_xp_spectrum_6087072911707991168-Ref",
    "F0352_uJAVA": 16.234546661376953,
    "F0378": 16.19477653503418,
    "F0395": 16.14206314086914,
    "F0410": 15.525165557861328,
    "F0430": 15.490324020385742,
    "F0475_gSDSS": 15.078493118286133,
    "F0515": 14.891681671142578,
    "F0626_rSDSS": 14.56241512298584,
    "F0660": 14.513282775878906,
    "F0769_iSDSS": 14.40324592590332,
    "F0861": 14.365989685058594,
    "F0883_zSDSS": 14.337514877319336
}