{
    "id": "gaia_xp_spectrum_6086895757195014656-Ref",
    "F0352_uJAVA": 16.337398529052734,
    "F0378": 16.17342185974121,
    "F0395": 16.06010627746582,
    "F0410": 15.508374214172363,
    "F0430": 15.433362007141113,
    "F0475_gSDSS": 15.076930046081543,
    "F0515": 14.89976692199707,
    "F0626_rSDSS": 14.606122970581055,
    "F0660": 14.560948371887207,
    "F0769_iSDSS": 14.478166580200195,
    "F0861": 14.4633150100708,
    "F0883_zSDSS": 14.438130378723145
}