{
    "id": "gaia_xp_spectrum_6086883696926738048-Ref",
    "F0352_uJAVA": 15.828081130981445,
    "F0378": 15.6990966796875,
    "F0395": 15.696760177612305,
    "F0410": 15.076672554016113,
    "F0430": 15.050895690917969,
    "F0475_gSDSS": 14.633016586303711,
    "F0515": 14.459701538085938,
    "F0626_rSDSS": 14.127653121948242,
    "F0660": 14.080044746398926,
    "F0769_iSDSS": 13.970887184143066,
    "F0861": 13.93957233428955,
    "F0883_zSDSS": 13.913931846618652
}