{
    "id": "gaia_xp_spectrum_6086888782168067840-Ref",
    "F0352_uJAVA": 15.974634170532227,
    "F0378": 15.831478118896484,
    "F0395": 15.85189151763916,
    "F0410": 15.204268455505371,
    "F0430": 15.165087699890137,
    "F0475_gSDSS": 14.79172134399414,
    "F0515": 14.619909286499023,
    "F0626_rSDSS": 14.331426620483398,
    "F0660": 14.289215087890625,
    "F0769_iSDSS": 14.209500312805176,
    "F0861": 14.198753356933594,
    "F0883_zSDSS": 14.174982070922852
}