{
    "id": "gaia_xp_spectrum_6087088034290553344-Ref",
    "F0352_uJAVA": 15.8470458984375,
    "F0378": 15.630523681640625,
    "F0395": 15.502165794372559,
    "F0410": 15.022904396057129,
    "F0430": 14.9525728225708,
    "F0475_gSDSS": 14.653644561767578,
    "F0515": 14.502995491027832,
    "F0626_rSDSS": 14.236899375915527,
    "F0660": 14.204338073730469,
    "F0769_iSDSS": 14.118677139282227,
    "F0861": 14.100321769714355,
    "F0883_zSDSS": 14.082344055175781
}