{
    "id": "gaia_xp_spectrum_6087087175297070592-Ref",
    "F0352_uJAVA": 15.678613662719727,
    "F0378": 15.346464157104492,
    "F0395": 15.005105018615723,
    "F0410": 14.742548942565918,
    "F0430": 14.690672874450684,
    "F0475_gSDSS": 14.548120498657227,
    "F0515": 14.450004577636719,
    "F0626_rSDSS": 14.361241340637207,
    "F0660": 14.401339530944824,
    "F0769_iSDSS": 14.355985641479492,
    "F0861": 14.384033203125,
    "F0883_zSDSS": 14.377035140991211
}