{
    "id": "gaia_xp_spectrum_6087071885213423360-Ref",
    "F0352_uJAVA": 15.73543643951416,
    "F0378": 15.103657722473145,
    "F0395": 14.420841217041016,
    "F0410": 14.333189010620117,
    "F0430": 14.324196815490723,
    "F0475_gSDSS": 14.342464447021484,
    "F0515": 14.33668327331543,
    "F0626_rSDSS": 14.49673843383789,
    "F0660": 14.619194984436035,
    "F0769_iSDSS": 14.6670503616333,
    "F0861": 14.752598762512207,
    "F0883_zSDSS": 14.72792911529541
}