{
    "id": "gaia_xp_spectrum_6087078413563635200-Ref",
    "F0352_uJAVA": 15.800337791442871,
    "F0378": 15.5233736038208,
    "F0395": 15.444592475891113,
    "F0410": 15.015921592712402,
    "F0430": 14.943642616271973,
    "F0475_gSDSS": 14.675976753234863,
    "F0515": 14.52241325378418,
    "F0626_rSDSS": 14.305427551269531,
    "F0660": 14.27383041381836,
    "F0769_iSDSS": 14.211501121520996,
    "F0861": 14.20270824432373,
    "F0883_zSDSS": 14.190892219543457
}