{
    "id": "gaia_xp_spectrum_6086888129333026048-Ref",
    "F0352_uJAVA": 16.4399356842041,
    "F0378": 16.380714416503906,
    "F0395": 16.275850296020508,
    "F0410": 15.58145523071289,
    "F0430": 15.473355293273926,
    "F0475_gSDSS": 14.999667167663574,
    "F0515": 14.823515892028809,
    "F0626_rSDSS": 14.412774085998535,
    "F0660": 14.36156940460205,
    "F0769_iSDSS": 14.252408981323242,
    "F0861": 14.213020324707031,
    "F0883_zSDSS": 14.190611839294434
}