{
    "id": "gaia_xp_spectrum_6087079994111627008-Ref",
    "F0352_uJAVA": 16.113056182861328,
    "F0378": 15.756734848022461,
    "F0395": 15.364766120910645,
    "F0410": 15.024248123168945,
    "F0430": 14.935154914855957,
    "F0475_gSDSS": 14.786731719970703,
    "F0515": 14.690997123718262,
    "F0626_rSDSS": 14.624438285827637,
    "F0660": 14.680890083312988,
    "F0769_iSDSS": 14.664288520812988,
    "F0861": 14.718123435974121,
    "F0883_zSDSS": 14.707560539245605
}