{
    "id": "gaia_xp_spectrum_6087070785701758720-Ref",
    "F0352_uJAVA": 16.624914169311523,
    "F0378": 16.411083221435547,
    "F0395": 16.374250411987305,
    "F0410": 15.79398250579834,
    "F0430": 15.768282890319824,
    "F0475_gSDSS": 15.430268287658691,
    "F0515": 15.277636528015137,
    "F0626_rSDSS": 14.986078262329102,
    "F0660": 14.949636459350586,
    "F0769_iSDSS": 14.843317031860352,
    "F0861": 14.813311576843262,
    "F0883_zSDSS": 14.795101165771484
}