{
    "id": "gaia_xp_spectrum_6086893695610691840-Ref",
    "F0352_uJAVA": 16.47880744934082,
    "F0378": 16.4864444732666,
    "F0395": 16.293190002441406,
    "F0410": 15.635289192199707,
    "F0430": 15.574944496154785,
    "F0475_gSDSS": 15.115438461303711,
    "F0515": 14.947246551513672,
    "F0626_rSDSS": 14.532048225402832,
    "F0660": 14.462770462036133,
    "F0769_iSDSS": 14.328530311584473,
    "F0861": 14.260591506958008,
    "F0883_zSDSS": 14.230463981628418
}