{
    "id": "gaia_xp_spectrum_6087049787600776448-Ref",
    "F0352_uJAVA": 16.535913467407227,
    "F0378": 16.192222595214844,
    "F0395": 15.984463691711426,
    "F0410": 15.592841148376465,
    "F0430": 15.507604598999023,
    "F0475_gSDSS": 15.340727806091309,
    "F0515": 15.223278999328613,
    "F0626_rSDSS": 15.051863670349121,
    "F0660": 15.054882049560547,
    "F0769_iSDSS": 14.993266105651855,
    "F0861": 14.999673843383789,
    "F0883_zSDSS": 14.98485279083252
}