{
    "id": "gaia_xp_spectrum_6087098857608135296-Ref",
    "F0352_uJAVA": 16.656721115112305,
    "F0378": 16.497745513916016,
    "F0395": 16.364389419555664,
    "F0410": 15.833481788635254,
    "F0430": 15.779909133911133,
    "F0475_gSDSS": 15.41217041015625,
    "F0515": 15.232343673706055,
    "F0626_rSDSS": 14.940980911254883,
    "F0660": 14.89915943145752,
    "F0769_iSDSS": 14.79683780670166,
    "F0861": 14.782079696655273,
    "F0883_zSDSS": 14.747572898864746
}