{
    "id": "gaia_xp_spectrum_6086881738421657984-Ref",
    "F0352_uJAVA": 16.305723190307617,
    "F0378": 16.1109619140625,
    "F0395": 16.0430850982666,
    "F0410": 15.501801490783691,
    "F0430": 15.439208984375,
    "F0475_gSDSS": 15.084206581115723,
    "F0515": 14.930194854736328,
    "F0626_rSDSS": 14.615191459655762,
    "F0660": 14.56425666809082,
    "F0769_iSDSS": 14.478089332580566,
    "F0861": 14.454829216003418,
    "F0883_zSDSS": 14.434168815612793
}