{
    "id": "gaia_xp_spectrum_6087100197637976448-Ref",
    "F0352_uJAVA": 16.36917495727539,
    "F0378": 16.404361724853516,
    "F0395": 16.225528717041016,
    "F0410": 15.446748733520508,
    "F0430": 15.343713760375977,
    "F0475_gSDSS": 14.790624618530273,
    "F0515": 14.60452651977539,
    "F0626_rSDSS": 14.11862850189209,
    "F0660": 14.041426658630371,
    "F0769_iSDSS": 13.91666030883789,
    "F0861": 13.858220100402832,
    "F0883_zSDSS": 13.824419975280762
}