{
    "id": "gaia_xp_spectrum_6086895070000245120-Ref",
    "F0352_uJAVA": 15.932477951049805,
    "F0378": 15.684416770935059,
    "F0395": 15.570624351501465,
    "F0410": 15.125530242919922,
    "F0430": 15.045919418334961,
    "F0475_gSDSS": 14.755885124206543,
    "F0515": 14.6123685836792,
    "F0626_rSDSS": 14.339618682861328,
    "F0660": 14.318785667419434,
    "F0769_iSDSS": 14.222639083862305,
    "F0861": 14.203119277954102,
    "F0883_zSDSS": 14.181407928466797
}