{
    "id": "gaia_xp_spectrum_6086888782168064384-Ref",
    "F0352_uJAVA": 15.97420883178711,
    "F0378": 15.713128089904785,
    "F0395": 15.67533016204834,
    "F0410": 15.213125228881836,
    "F0430": 15.173981666564941,
    "F0475_gSDSS": 14.852649688720703,
    "F0515": 14.695727348327637,
    "F0626_rSDSS": 14.424445152282715,
    "F0660": 14.388976097106934,
    "F0769_iSDSS": 14.289826393127441,
    "F0861": 14.254125595092773,
    "F0883_zSDSS": 14.240440368652344
}