{
    "id": "gaia_xp_spectrum_6086875588028484864-Ref",
    "F0352_uJAVA": 16.61527442932129,
    "F0378": 16.39856719970703,
    "F0395": 16.384431838989258,
    "F0410": 15.859323501586914,
    "F0430": 15.76119613647461,
    "F0475_gSDSS": 15.4226713180542,
    "F0515": 15.256531715393066,
    "F0626_rSDSS": 14.96391773223877,
    "F0660": 14.918464660644531,
    "F0769_iSDSS": 14.82900333404541,
    "F0861": 14.82256031036377,
    "F0883_zSDSS": 14.79224681854248
}