{
    "id": "gaia_xp_spectrum_6086875931625890176-Ref",
    "F0352_uJAVA": 15.931654930114746,
    "F0378": 15.649843215942383,
    "F0395": 15.482579231262207,
    "F0410": 15.060442924499512,
    "F0430": 15.006524085998535,
    "F0475_gSDSS": 14.77733325958252,
    "F0515": 14.648815155029297,
    "F0626_rSDSS": 14.464240074157715,
    "F0660": 14.459131240844727,
    "F0769_iSDSS": 14.39794635772705,
    "F0861": 14.415396690368652,
    "F0883_zSDSS": 14.396858215332031
}