{
    "id": "gaia_xp_spectrum_6086880329672342272-Ref",
    "F0352_uJAVA": 16.065885543823242,
    "F0378": 15.939582824707031,
    "F0395": 15.85723876953125,
    "F0410": 15.230573654174805,
    "F0430": 15.188309669494629,
    "F0475_gSDSS": 14.799417495727539,
    "F0515": 14.650100708007812,
    "F0626_rSDSS": 14.316634178161621,
    "F0660": 14.276998519897461,
    "F0769_iSDSS": 14.175848007202148,
    "F0861": 14.16022777557373,
    "F0883_zSDSS": 14.130831718444824
}