{
    "id": "gaia_xp_spectrum_6087077898167526784-Ref",
    "F0352_uJAVA": 16.36860466003418,
    "F0378": 16.27707862854004,
    "F0395": 16.18301010131836,
    "F0410": 15.484436988830566,
    "F0430": 15.430449485778809,
    "F0475_gSDSS": 14.995405197143555,
    "F0515": 14.826178550720215,
    "F0626_rSDSS": 14.453803062438965,
    "F0660": 14.401548385620117,
    "F0769_iSDSS": 14.305130004882812,
    "F0861": 14.274215698242188,
    "F0883_zSDSS": 14.251912117004395
}