{
    "id": "gaia_xp_spectrum_6086894039208082688-Ref",
    "F0352_uJAVA": 16.435142517089844,
    "F0378": 16.272735595703125,
    "F0395": 16.228002548217773,
    "F0410": 15.723719596862793,
    "F0430": 15.668179512023926,
    "F0475_gSDSS": 15.304479598999023,
    "F0515": 15.120383262634277,
    "F0626_rSDSS": 14.79111385345459,
    "F0660": 14.74613094329834,
    "F0769_iSDSS": 14.615896224975586,
    "F0861": 14.566853523254395,
    "F0883_zSDSS": 14.538296699523926
}