{
    "id": "gaia_xp_spectrum_6087098891967880192-Ref",
    "F0352_uJAVA": 16.1052303314209,
    "F0378": 15.825145721435547,
    "F0395": 15.733231544494629,
    "F0410": 15.206897735595703,
    "F0430": 15.150981903076172,
    "F0475_gSDSS": 14.854001998901367,
    "F0515": 14.70947265625,
    "F0626_rSDSS": 14.455954551696777,
    "F0660": 14.43758487701416,
    "F0769_iSDSS": 14.360147476196289,
    "F0861": 14.347770690917969,
    "F0883_zSDSS": 14.338705062866211
}