{
    "id": "gaia_xp_spectrum_6086894657683378048-Ref",
    "F0352_uJAVA": 16.602481842041016,
    "F0378": 16.505638122558594,
    "F0395": 16.40596580505371,
    "F0410": 15.748847007751465,
    "F0430": 15.656435012817383,
    "F0475_gSDSS": 15.26378345489502,
    "F0515": 15.100262641906738,
    "F0626_rSDSS": 14.738251686096191,
    "F0660": 14.680343627929688,
    "F0769_iSDSS": 14.586514472961426,
    "F0861": 14.559961318969727,
    "F0883_zSDSS": 14.532904624938965
}