{
    "id": "gaia_xp_spectrum_6087078997679202432-Ref",
    "F0352_uJAVA": 16.140169143676758,
    "F0378": 15.964973449707031,
    "F0395": 15.97457218170166,
    "F0410": 15.311845779418945,
    "F0430": 15.238737106323242,
    "F0475_gSDSS": 14.83134651184082,
    "F0515": 14.653327941894531,
    "F0626_rSDSS": 14.311086654663086,
    "F0660": 14.249917030334473,
    "F0769_iSDSS": 14.156950950622559,
    "F0861": 14.126167297363281,
    "F0883_zSDSS": 14.100451469421387
}