{
    "id": "gaia_xp_spectrum_6087094871878421632-Ref",
    "F0352_uJAVA": 16.50108528137207,
    "F0378": 16.392112731933594,
    "F0395": 16.3399658203125,
    "F0410": 15.653809547424316,
    "F0430": 15.62304973602295,
    "F0475_gSDSS": 15.198652267456055,
    "F0515": 15.023987770080566,
    "F0626_rSDSS": 14.675171852111816,
    "F0660": 14.604267120361328,
    "F0769_iSDSS": 14.522913932800293,
    "F0861": 14.493452072143555,
    "F0883_zSDSS": 14.46850299835205
}