{
    "id": "gaia_xp_spectrum_6087090714350015232-Ref",
    "F0352_uJAVA": 16.429107666015625,
    "F0378": 16.258392333984375,
    "F0395": 16.1241512298584,
    "F0410": 15.606649398803711,
    "F0430": 15.54979419708252,
    "F0475_gSDSS": 15.171896934509277,
    "F0515": 15.008245468139648,
    "F0626_rSDSS": 14.677641868591309,
    "F0660": 14.63088321685791,
    "F0769_iSDSS": 14.544629096984863,
    "F0861": 14.520064353942871,
    "F0883_zSDSS": 14.49410629272461
}