{
    "id": "gaia_xp_spectrum_6087053124796101248-Ref",
    "F0352_uJAVA": 16.325281143188477,
    "F0378": 16.225982666015625,
    "F0395": 16.11019515991211,
    "F0410": 15.45772933959961,
    "F0430": 15.374373435974121,
    "F0475_gSDSS": 14.957612991333008,
    "F0515": 14.784407615661621,
    "F0626_rSDSS": 14.413532257080078,
    "F0660": 14.357108116149902,
    "F0769_iSDSS": 14.260493278503418,
    "F0861": 14.229842185974121,
    "F0883_zSDSS": 14.201485633850098
}