{
    "id": "gaia_xp_spectrum_6087081952616754560-Ref",
    "F0352_uJAVA": 15.831761360168457,
    "F0378": 15.727665901184082,
    "F0395": 15.613512992858887,
    "F0410": 15.04111385345459,
    "F0430": 14.962268829345703,
    "F0475_gSDSS": 14.604166984558105,
    "F0515": 14.43972396850586,
    "F0626_rSDSS": 14.134122848510742,
    "F0660": 14.09412956237793,
    "F0769_iSDSS": 14.006986618041992,
    "F0861": 13.983410835266113,
    "F0883_zSDSS": 13.961326599121094
}