{
    "id": "gaia_xp_spectrum_6086882563055390464-Ref",
    "F0352_uJAVA": 16.379104614257812,
    "F0378": 16.10930061340332,
    "F0395": 16.177526473999023,
    "F0410": 15.628460884094238,
    "F0430": 15.621349334716797,
    "F0475_gSDSS": 15.310165405273438,
    "F0515": 15.165814399719238,
    "F0626_rSDSS": 14.901098251342773,
    "F0660": 14.869523048400879,
    "F0769_iSDSS": 14.77849292755127,
    "F0861": 14.748760223388672,
    "F0883_zSDSS": 14.740570068359375
}