{
    "id": "gaia_xp_spectrum_6087096005749830400-Ref",
    "F0352_uJAVA": 16.6519832611084,
    "F0378": 16.511680603027344,
    "F0395": 16.510316848754883,
    "F0410": 15.910155296325684,
    "F0430": 15.847320556640625,
    "F0475_gSDSS": 15.454279899597168,
    "F0515": 15.258513450622559,
    "F0626_rSDSS": 14.910161972045898,
    "F0660": 14.860943794250488,
    "F0769_iSDSS": 14.728063583374023,
    "F0861": 14.674382209777832,
    "F0883_zSDSS": 14.651070594787598
}