{
    "id": "gaia_xp_spectrum_6087096177548542848-Ref",
    "F0352_uJAVA": 16.274166107177734,
    "F0378": 16.035505294799805,
    "F0395": 15.909605979919434,
    "F0410": 15.551918029785156,
    "F0430": 15.514018058776855,
    "F0475_gSDSS": 15.224616050720215,
    "F0515": 15.085034370422363,
    "F0626_rSDSS": 14.829687118530273,
    "F0660": 14.792647361755371,
    "F0769_iSDSS": 14.701595306396484,
    "F0861": 14.675370216369629,
    "F0883_zSDSS": 14.657639503479004
}