{
    "id": "gaia_xp_spectrum_6087070888780996736-Ref",
    "F0352_uJAVA": 15.942549705505371,
    "F0378": 15.742831230163574,
    "F0395": 15.642727851867676,
    "F0410": 15.23289680480957,
    "F0430": 15.16556453704834,
    "F0475_gSDSS": 14.90661334991455,
    "F0515": 14.77212905883789,
    "F0626_rSDSS": 14.524151802062988,
    "F0660": 14.492608070373535,
    "F0769_iSDSS": 14.419632911682129,
    "F0861": 14.412346839904785,
    "F0883_zSDSS": 14.393594741821289
}