{
    "id": "gaia_xp_spectrum_6087071919573167104-Ref",
    "F0352_uJAVA": 16.301837921142578,
    "F0378": 16.137611389160156,
    "F0395": 16.10794448852539,
    "F0410": 15.489737510681152,
    "F0430": 15.399670600891113,
    "F0475_gSDSS": 15.04684829711914,
    "F0515": 14.889705657958984,
    "F0626_rSDSS": 14.567032814025879,
    "F0660": 14.531925201416016,
    "F0769_iSDSS": 14.43401050567627,
    "F0861": 14.417155265808105,
    "F0883_zSDSS": 14.393171310424805
}