{
    "id": "gaia_xp_spectrum_6086886819360905088-Ref",
    "F0352_uJAVA": 16.858184814453125,
    "F0378": 16.521709442138672,
    "F0395": 16.153217315673828,
    "F0410": 15.852205276489258,
    "F0430": 15.781442642211914,
    "F0475_gSDSS": 15.61521053314209,
    "F0515": 15.522876739501953,
    "F0626_rSDSS": 15.382059097290039,
    "F0660": 15.39981746673584,
    "F0769_iSDSS": 15.349687576293945,
    "F0861": 15.378398895263672,
    "F0883_zSDSS": 15.355648040771484
}