{
    "id": "gaia_xp_spectrum_6086888094973297792-Ref",
    "F0352_uJAVA": 15.982298851013184,
    "F0378": 15.81094741821289,
    "F0395": 15.726064682006836,
    "F0410": 15.125181198120117,
    "F0430": 15.02599811553955,
    "F0475_gSDSS": 14.683720588684082,
    "F0515": 14.539070129394531,
    "F0626_rSDSS": 14.216294288635254,
    "F0660": 14.192586898803711,
    "F0769_iSDSS": 14.089068412780762,
    "F0861": 14.06912612915039,
    "F0883_zSDSS": 14.048815727233887
}