{
    "id": "gaia_xp_spectrum_6086883284609847808-Ref",
    "F0352_uJAVA": 16.538814544677734,
    "F0378": 16.454816818237305,
    "F0395": 16.361797332763672,
    "F0410": 15.693456649780273,
    "F0430": 15.640634536743164,
    "F0475_gSDSS": 15.218132972717285,
    "F0515": 15.031306266784668,
    "F0626_rSDSS": 14.66745662689209,
    "F0660": 14.609601974487305,
    "F0769_iSDSS": 14.49924087524414,
    "F0861": 14.460594177246094,
    "F0883_zSDSS": 14.434781074523926
}