{
    "id": "gaia_xp_spectrum_6087049993759416192-Ref",
    "F0352_uJAVA": 16.47235870361328,
    "F0378": 16.220365524291992,
    "F0395": 16.153789520263672,
    "F0410": 15.651321411132812,
    "F0430": 15.596794128417969,
    "F0475_gSDSS": 15.293990135192871,
    "F0515": 15.148274421691895,
    "F0626_rSDSS": 14.854927062988281,
    "F0660": 14.825847625732422,
    "F0769_iSDSS": 14.72330379486084,
    "F0861": 14.698253631591797,
    "F0883_zSDSS": 14.678837776184082
}