{
    "id": "gaia_xp_spectrum_6087096383706992896-Ref",
    "F0352_uJAVA": 16.138986587524414,
    "F0378": 16.019123077392578,
    "F0395": 15.878815650939941,
    "F0410": 15.383285522460938,
    "F0430": 15.321572303771973,
    "F0475_gSDSS": 15.009284973144531,
    "F0515": 14.864272117614746,
    "F0626_rSDSS": 14.584275245666504,
    "F0660": 14.551015853881836,
    "F0769_iSDSS": 14.470878601074219,
    "F0861": 14.448491096496582,
    "F0883_zSDSS": 14.43578815460205
}