{
    "id": "gaia_xp_spectrum_6087066799972016512-Ref",
    "F0352_uJAVA": 16.54322052001953,
    "F0378": 16.58526611328125,
    "F0395": 16.351882934570312,
    "F0410": 15.588798522949219,
    "F0430": 15.502909660339355,
    "F0475_gSDSS": 14.97619342803955,
    "F0515": 14.774304389953613,
    "F0626_rSDSS": 14.315092086791992,
    "F0660": 14.242225646972656,
    "F0769_iSDSS": 14.106038093566895,
    "F0861": 14.044322967529297,
    "F0883_zSDSS": 14.012552261352539
}