{
    "id": "gaia_xp_spectrum_6086892733538010752-Ref",
    "F0352_uJAVA": 16.249208450317383,
    "F0378": 16.161924362182617,
    "F0395": 15.948860168457031,
    "F0410": 15.409062385559082,
    "F0430": 15.305990219116211,
    "F0475_gSDSS": 14.940457344055176,
    "F0515": 14.764546394348145,
    "F0626_rSDSS": 14.437339782714844,
    "F0660": 14.386758804321289,
    "F0769_iSDSS": 14.29339599609375,
    "F0861": 14.273660659790039,
    "F0883_zSDSS": 14.245022773742676
}