{
    "id": "gaia_xp_spectrum_6087077245332490752-Ref",
    "F0352_uJAVA": 16.224796295166016,
    "F0378": 16.248563766479492,
    "F0395": 16.178176879882812,
    "F0410": 15.37765121459961,
    "F0430": 15.343986511230469,
    "F0475_gSDSS": 14.886430740356445,
    "F0515": 14.724542617797852,
    "F0626_rSDSS": 14.324629783630371,
    "F0660": 14.272565841674805,
    "F0769_iSDSS": 14.15939712524414,
    "F0861": 14.111248016357422,
    "F0883_zSDSS": 14.093545913696289
}