{
    "id": "gaia_xp_spectrum_6087083464445272192-Ref",
    "F0352_uJAVA": 15.717859268188477,
    "F0378": 15.514067649841309,
    "F0395": 15.512853622436523,
    "F0410": 14.967558860778809,
    "F0430": 14.955714225769043,
    "F0475_gSDSS": 14.621052742004395,
    "F0515": 14.462325096130371,
    "F0626_rSDSS": 14.200607299804688,
    "F0660": 14.170283317565918,
    "F0769_iSDSS": 14.072726249694824,
    "F0861": 14.044976234436035,
    "F0883_zSDSS": 14.031148910522461
}