{
    "id": "gaia_xp_spectrum_6086894073567824000-Ref",
    "F0352_uJAVA": 16.74382209777832,
    "F0378": 16.461532592773438,
    "F0395": 16.420982360839844,
    "F0410": 15.989066123962402,
    "F0430": 15.920256614685059,
    "F0475_gSDSS": 15.619524955749512,
    "F0515": 15.445455551147461,
    "F0626_rSDSS": 15.177520751953125,
    "F0660": 15.133550643920898,
    "F0769_iSDSS": 15.028780937194824,
    "F0861": 14.98925495147705,
    "F0883_zSDSS": 14.968026161193848
}