{
    "id": "gaia_xp_spectrum_6087083498805008896-Ref",
    "F0352_uJAVA": 16.59048843383789,
    "F0378": 16.517345428466797,
    "F0395": 16.36138916015625,
    "F0410": 15.749698638916016,
    "F0430": 15.654356956481934,
    "F0475_gSDSS": 15.272353172302246,
    "F0515": 15.11756706237793,
    "F0626_rSDSS": 14.755353927612305,
    "F0660": 14.721755981445312,
    "F0769_iSDSS": 14.611210823059082,
    "F0861": 14.586681365966797,
    "F0883_zSDSS": 14.563305854797363
}