{
    "id": "gaia_xp_spectrum_6087076936094845056-Ref",
    "F0352_uJAVA": 16.512527465820312,
    "F0378": 16.390962600708008,
    "F0395": 16.375940322875977,
    "F0410": 15.66755199432373,
    "F0430": 15.617860794067383,
    "F0475_gSDSS": 15.195259094238281,
    "F0515": 15.000459671020508,
    "F0626_rSDSS": 14.645888328552246,
    "F0660": 14.580323219299316,
    "F0769_iSDSS": 14.473977088928223,
    "F0861": 14.427567481994629,
    "F0883_zSDSS": 14.39895248413086
}