{
    "id": "gaia_xp_spectrum_6087085972706191488-Ref",
    "F0352_uJAVA": 16.38855743408203,
    "F0378": 16.308250427246094,
    "F0395": 16.246789932250977,
    "F0410": 15.518836975097656,
    "F0430": 15.431833267211914,
    "F0475_gSDSS": 14.971424102783203,
    "F0515": 14.806268692016602,
    "F0626_rSDSS": 14.39185619354248,
    "F0660": 14.327037811279297,
    "F0769_iSDSS": 14.236934661865234,
    "F0861": 14.199373245239258,
    "F0883_zSDSS": 14.176787376403809
}