{
    "id": "gaia_xp_spectrum_6086893656950859136-Ref",
    "F0352_uJAVA": 15.721700668334961,
    "F0378": 15.478327751159668,
    "F0395": 15.390165328979492,
    "F0410": 14.863994598388672,
    "F0430": 14.787837028503418,
    "F0475_gSDSS": 14.493878364562988,
    "F0515": 14.3370943069458,
    "F0626_rSDSS": 14.076064109802246,
    "F0660": 14.053729057312012,
    "F0769_iSDSS": 13.971673011779785,
    "F0861": 13.965044975280762,
    "F0883_zSDSS": 13.94604778289795
}