{
    "id": "gaia_xp_spectrum_6087091642062988544-Ref",
    "F0352_uJAVA": 16.570770263671875,
    "F0378": 16.32139015197754,
    "F0395": 16.185546875,
    "F0410": 15.700968742370605,
    "F0430": 15.651641845703125,
    "F0475_gSDSS": 15.370920181274414,
    "F0515": 15.24106502532959,
    "F0626_rSDSS": 15.010869979858398,
    "F0660": 14.99514102935791,
    "F0769_iSDSS": 14.928834915161133,
    "F0861": 14.94657039642334,
    "F0883_zSDSS": 14.92521858215332
}