{
    "id": "gaia_xp_spectrum_6087075213807157120-Ref",
    "F0352_uJAVA": 16.720703125,
    "F0378": 16.404186248779297,
    "F0395": 16.375244140625,
    "F0410": 15.935526847839355,
    "F0430": 15.844704627990723,
    "F0475_gSDSS": 15.625053405761719,
    "F0515": 15.493807792663574,
    "F0626_rSDSS": 15.266412734985352,
    "F0660": 15.239958763122559,
    "F0769_iSDSS": 15.179536819458008,
    "F0861": 15.169171333312988,
    "F0883_zSDSS": 15.142931938171387
}