{
    "id": "gaia_xp_spectrum_6087087278376290304-Ref",
    "F0352_uJAVA": 16.543766021728516,
    "F0378": 16.332050323486328,
    "F0395": 16.275890350341797,
    "F0410": 15.658051490783691,
    "F0430": 15.541418075561523,
    "F0475_gSDSS": 15.036893844604492,
    "F0515": 14.782544136047363,
    "F0626_rSDSS": 14.276174545288086,
    "F0660": 14.167683601379395,
    "F0769_iSDSS": 13.9523344039917,
    "F0861": 13.830911636352539,
    "F0883_zSDSS": 13.791450500488281
}