{
    "id": "gaia_xp_spectrum_6086886995461690240-Ref",
    "F0352_uJAVA": 15.48188591003418,
    "F0378": 15.226715087890625,
    "F0395": 15.135602951049805,
    "F0410": 14.705595970153809,
    "F0430": 14.651239395141602,
    "F0475_gSDSS": 14.388593673706055,
    "F0515": 14.245377540588379,
    "F0626_rSDSS": 14.032801628112793,
    "F0660": 14.019942283630371,
    "F0769_iSDSS": 13.94482135772705,
    "F0861": 13.935797691345215,
    "F0883_zSDSS": 13.927515983581543
}