{
    "id": "gaia_xp_spectrum_6086883112811228928-Ref",
    "F0352_uJAVA": 16.573469161987305,
    "F0378": 16.37863540649414,
    "F0395": 16.358463287353516,
    "F0410": 15.867171287536621,
    "F0430": 15.814658164978027,
    "F0475_gSDSS": 15.456851959228516,
    "F0515": 15.304048538208008,
    "F0626_rSDSS": 14.988492965698242,
    "F0660": 14.951885223388672,
    "F0769_iSDSS": 14.840087890625,
    "F0861": 14.79819107055664,
    "F0883_zSDSS": 14.779644966125488
}