{
    "id": "gaia_xp_spectrum_6087065906618816512-Ref",
    "F0352_uJAVA": 15.994114875793457,
    "F0378": 15.958640098571777,
    "F0395": 15.954933166503906,
    "F0410": 15.473341941833496,
    "F0430": 15.411898612976074,
    "F0475_gSDSS": 15.093365669250488,
    "F0515": 14.936747550964355,
    "F0626_rSDSS": 14.635138511657715,
    "F0660": 14.566022872924805,
    "F0769_iSDSS": 14.511819839477539,
    "F0861": 14.495819091796875,
    "F0883_zSDSS": 14.449873924255371
}