{
    "id": "gaia_xp_spectrum_6086894279726249472-Ref",
    "F0352_uJAVA": 15.802505493164062,
    "F0378": 15.622602462768555,
    "F0395": 15.498865127563477,
    "F0410": 15.041528701782227,
    "F0430": 14.990986824035645,
    "F0475_gSDSS": 14.745528221130371,
    "F0515": 14.600624084472656,
    "F0626_rSDSS": 14.39529800415039,
    "F0660": 14.38139820098877,
    "F0769_iSDSS": 14.303864479064941,
    "F0861": 14.29953670501709,
    "F0883_zSDSS": 14.285090446472168
}