{
    "id": "gaia_xp_spectrum_6086894279726247424-Ref",
    "F0352_uJAVA": 15.49671459197998,
    "F0378": 15.212295532226562,
    "F0395": 15.112932205200195,
    "F0410": 14.689732551574707,
    "F0430": 14.623255729675293,
    "F0475_gSDSS": 14.371880531311035,
    "F0515": 14.223108291625977,
    "F0626_rSDSS": 14.016940116882324,
    "F0660": 14.000741004943848,
    "F0769_iSDSS": 13.929999351501465,
    "F0861": 13.932589530944824,
    "F0883_zSDSS": 13.912826538085938
}