{
    "id": "gaia_xp_spectrum_6086885449273651712-Ref",
    "F0352_uJAVA": 15.623433113098145,
    "F0378": 15.294509887695312,
    "F0395": 15.237467765808105,
    "F0410": 14.821545600891113,
    "F0430": 14.737588882446289,
    "F0475_gSDSS": 14.498878479003906,
    "F0515": 14.357661247253418,
    "F0626_rSDSS": 14.135257720947266,
    "F0660": 14.10618782043457,
    "F0769_iSDSS": 14.037557601928711,
    "F0861": 14.028457641601562,
    "F0883_zSDSS": 14.011329650878906
}