{
    "id": "gaia_xp_spectrum_6087054293027241344-Ref",
    "F0352_uJAVA": 15.99618148803711,
    "F0378": 15.86634349822998,
    "F0395": 15.837630271911621,
    "F0410": 15.157544136047363,
    "F0430": 15.086920738220215,
    "F0475_gSDSS": 14.612524032592773,
    "F0515": 14.424864768981934,
    "F0626_rSDSS": 14.018632888793945,
    "F0660": 13.954682350158691,
    "F0769_iSDSS": 13.826763153076172,
    "F0861": 13.77453899383545,
    "F0883_zSDSS": 13.742212295532227
}