{
    "id": "gaia_xp_spectrum_6086888610369389056-Ref",
    "F0352_uJAVA": 15.922383308410645,
    "F0378": 15.840822219848633,
    "F0395": 15.700075149536133,
    "F0410": 15.029607772827148,
    "F0430": 14.943404197692871,
    "F0475_gSDSS": 14.534953117370605,
    "F0515": 14.36653995513916,
    "F0626_rSDSS": 14.018325805664062,
    "F0660": 13.974708557128906,
    "F0769_iSDSS": 13.881009101867676,
    "F0861": 13.861083984375,
    "F0883_zSDSS": 13.836216926574707
}