{
    "id": "gaia_xp_spectrum_6087076626857278976-Ref",
    "F0352_uJAVA": 16.53413200378418,
    "F0378": 16.263158798217773,
    "F0395": 16.31394386291504,
    "F0410": 15.713062286376953,
    "F0430": 15.686603546142578,
    "F0475_gSDSS": 15.312202453613281,
    "F0515": 15.133326530456543,
    "F0626_rSDSS": 14.830745697021484,
    "F0660": 14.779606819152832,
    "F0769_iSDSS": 14.688067436218262,
    "F0861": 14.663590431213379,
    "F0883_zSDSS": 14.637016296386719
}