{
    "id": "gaia_xp_spectrum_6087092432336979840-Ref",
    "F0352_uJAVA": 15.704339981079102,
    "F0378": 15.54064655303955,
    "F0395": 15.42658805847168,
    "F0410": 14.976818084716797,
    "F0430": 14.920682907104492,
    "F0475_gSDSS": 14.615428924560547,
    "F0515": 14.463841438293457,
    "F0626_rSDSS": 14.199231147766113,
    "F0660": 14.179213523864746,
    "F0769_iSDSS": 14.07502269744873,
    "F0861": 14.050616264343262,
    "F0883_zSDSS": 14.033223152160645
}