{
    "id": "gaia_xp_spectrum_6087075527345609472-Ref",
    "F0352_uJAVA": 16.42330551147461,
    "F0378": 16.242759704589844,
    "F0395": 16.232818603515625,
    "F0410": 15.550387382507324,
    "F0430": 15.493906021118164,
    "F0475_gSDSS": 15.149528503417969,
    "F0515": 14.988543510437012,
    "F0626_rSDSS": 14.694846153259277,
    "F0660": 14.662129402160645,
    "F0769_iSDSS": 14.585955619812012,
    "F0861": 14.585354804992676,
    "F0883_zSDSS": 14.55789566040039
}