{
    "id": "gaia_xp_spectrum_6087078619722071040-Ref",
    "F0352_uJAVA": 16.46900749206543,
    "F0378": 16.26634407043457,
    "F0395": 16.146278381347656,
    "F0410": 15.651400566101074,
    "F0430": 15.57076644897461,
    "F0475_gSDSS": 15.304924011230469,
    "F0515": 15.169153213500977,
    "F0626_rSDSS": 14.930015563964844,
    "F0660": 14.884587287902832,
    "F0769_iSDSS": 14.846602439880371,
    "F0861": 14.851229667663574,
    "F0883_zSDSS": 14.834383964538574
}