{
    "id": "gaia_xp_spectrum_6087091023588193664-Ref",
    "F0352_uJAVA": 16.19351577758789,
    "F0378": 15.945414543151855,
    "F0395": 15.728534698486328,
    "F0410": 15.40178394317627,
    "F0430": 15.308666229248047,
    "F0475_gSDSS": 15.137422561645508,
    "F0515": 15.022489547729492,
    "F0626_rSDSS": 14.84677791595459,
    "F0660": 14.834168434143066,
    "F0769_iSDSS": 14.78821849822998,
    "F0861": 14.789925575256348,
    "F0883_zSDSS": 14.786293983459473
}