{
    "id": "gaia_xp_spectrum_6087086350663337856-Ref",
    "F0352_uJAVA": 16.52676010131836,
    "F0378": 16.31031608581543,
    "F0395": 16.23418617248535,
    "F0410": 15.72791576385498,
    "F0430": 15.716958999633789,
    "F0475_gSDSS": 15.410784721374512,
    "F0515": 15.26170539855957,
    "F0626_rSDSS": 15.015986442565918,
    "F0660": 14.97946548461914,
    "F0769_iSDSS": 14.907588005065918,
    "F0861": 14.908336639404297,
    "F0883_zSDSS": 14.88007640838623
}