{
    "id": "gaia_xp_spectrum_6087079409996107392-Ref",
    "F0352_uJAVA": 15.970026969909668,
    "F0378": 15.861442565917969,
    "F0395": 15.81049633026123,
    "F0410": 15.212851524353027,
    "F0430": 15.144146919250488,
    "F0475_gSDSS": 14.7547607421875,
    "F0515": 14.58238697052002,
    "F0626_rSDSS": 14.253399848937988,
    "F0660": 14.200226783752441,
    "F0769_iSDSS": 14.10769271850586,
    "F0861": 14.082789421081543,
    "F0883_zSDSS": 14.061261177062988
}