{
    "id": "gaia_xp_spectrum_6087087450174999168-Ref",
    "F0352_uJAVA": 16.235153198242188,
    "F0378": 16.168380737304688,
    "F0395": 16.051305770874023,
    "F0410": 15.392242431640625,
    "F0430": 15.368745803833008,
    "F0475_gSDSS": 14.941773414611816,
    "F0515": 14.76529312133789,
    "F0626_rSDSS": 14.419921875,
    "F0660": 14.365140914916992,
    "F0769_iSDSS": 14.270517349243164,
    "F0861": 14.240519523620605,
    "F0883_zSDSS": 14.215989112854004
}