{
    "id": "gaia_xp_spectrum_6087083911121884800-Ref",
    "F0352_uJAVA": 16.277441024780273,
    "F0378": 16.09107780456543,
    "F0395": 16.0708065032959,
    "F0410": 15.34974479675293,
    "F0430": 15.225749969482422,
    "F0475_gSDSS": 14.710719108581543,
    "F0515": 14.475020408630371,
    "F0626_rSDSS": 14.01361083984375,
    "F0660": 13.939764976501465,
    "F0769_iSDSS": 13.756635665893555,
    "F0861": 13.6671724319458,
    "F0883_zSDSS": 13.629167556762695
}