{
    "id": "gaia_xp_spectrum_6087095043677132416-Ref",
    "F0352_uJAVA": 15.86341667175293,
    "F0378": 15.700766563415527,
    "F0395": 15.648584365844727,
    "F0410": 15.016030311584473,
    "F0430": 14.987005233764648,
    "F0475_gSDSS": 14.605386734008789,
    "F0515": 14.454411506652832,
    "F0626_rSDSS": 14.135120391845703,
    "F0660": 14.081100463867188,
    "F0769_iSDSS": 14.009845733642578,
    "F0861": 13.9930419921875,
    "F0883_zSDSS": 13.968035697937012
}