{
    "id": "gaia_xp_spectrum_6087072263170579840-Ref",
    "F0352_uJAVA": 15.995133399963379,
    "F0378": 15.833096504211426,
    "F0395": 15.70927906036377,
    "F0410": 15.163756370544434,
    "F0430": 15.130644798278809,
    "F0475_gSDSS": 14.778735160827637,
    "F0515": 14.61142635345459,
    "F0626_rSDSS": 14.335193634033203,
    "F0660": 14.303797721862793,
    "F0769_iSDSS": 14.224766731262207,
    "F0861": 14.21275806427002,
    "F0883_zSDSS": 14.194170951843262
}