{
    "id": "gaia_xp_spectrum_6086892527379571968-Ref",
    "F0352_uJAVA": 16.191831588745117,
    "F0378": 16.083833694458008,
    "F0395": 15.927824020385742,
    "F0410": 15.404722213745117,
    "F0430": 15.34272575378418,
    "F0475_gSDSS": 14.971162796020508,
    "F0515": 14.792420387268066,
    "F0626_rSDSS": 14.465428352355957,
    "F0660": 14.418777465820312,
    "F0769_iSDSS": 14.296825408935547,
    "F0861": 14.255351066589355,
    "F0883_zSDSS": 14.228336334228516
}