{
    "id": "gaia_xp_spectrum_6087092226178547968-Ref",
    "F0352_uJAVA": 16.32927894592285,
    "F0378": 16.1584415435791,
    "F0395": 16.124114990234375,
    "F0410": 15.601017951965332,
    "F0430": 15.542165756225586,
    "F0475_gSDSS": 15.199131965637207,
    "F0515": 15.030365943908691,
    "F0626_rSDSS": 14.74288558959961,
    "F0660": 14.720392227172852,
    "F0769_iSDSS": 14.608884811401367,
    "F0861": 14.56951904296875,
    "F0883_zSDSS": 14.565024375915527
}