{
    "id": "gaia_xp_spectrum_6087073500120961792-Ref",
    "F0352_uJAVA": 15.553114891052246,
    "F0378": 15.286845207214355,
    "F0395": 15.12508773803711,
    "F0410": 14.733455657958984,
    "F0430": 14.639250755310059,
    "F0475_gSDSS": 14.417038917541504,
    "F0515": 14.277411460876465,
    "F0626_rSDSS": 14.084604263305664,
    "F0660": 14.079551696777344,
    "F0769_iSDSS": 14.002117156982422,
    "F0861": 14.005186080932617,
    "F0883_zSDSS": 13.986037254333496
}