{
    "id": "gaia_xp_spectrum_6087087656333464448-Ref",
    "F0352_uJAVA": 16.504127502441406,
    "F0378": 16.34234046936035,
    "F0395": 16.32200050354004,
    "F0410": 15.730563163757324,
    "F0430": 15.720548629760742,
    "F0475_gSDSS": 15.316763877868652,
    "F0515": 15.148301124572754,
    "F0626_rSDSS": 14.808050155639648,
    "F0660": 14.765058517456055,
    "F0769_iSDSS": 14.64393424987793,
    "F0861": 14.596357345581055,
    "F0883_zSDSS": 14.578588485717773
}