{
    "id": "gaia_xp_spectrum_6087103083856003328-Ref",
    "F0352_uJAVA": 16.023391723632812,
    "F0378": 15.874113082885742,
    "F0395": 15.781586647033691,
    "F0410": 15.274333953857422,
    "F0430": 15.193448066711426,
    "F0475_gSDSS": 14.894538879394531,
    "F0515": 14.758343696594238,
    "F0626_rSDSS": 14.478599548339844,
    "F0660": 14.448559761047363,
    "F0769_iSDSS": 14.369979858398438,
    "F0861": 14.350015640258789,
    "F0883_zSDSS": 14.337925910949707
}