{
    "id": "gaia_xp_spectrum_6086882150738508032-Ref",
    "F0352_uJAVA": 15.984140396118164,
    "F0378": 15.819709777832031,
    "F0395": 15.67961597442627,
    "F0410": 15.235380172729492,
    "F0430": 15.182330131530762,
    "F0475_gSDSS": 14.844467163085938,
    "F0515": 14.679662704467773,
    "F0626_rSDSS": 14.412776947021484,
    "F0660": 14.378032684326172,
    "F0769_iSDSS": 14.297255516052246,
    "F0861": 14.28412914276123,
    "F0883_zSDSS": 14.26220417022705
}