{
    "id": "gaia_xp_spectrum_6087085526029553536-Ref",
    "F0352_uJAVA": 16.659818649291992,
    "F0378": 16.447479248046875,
    "F0395": 16.326887130737305,
    "F0410": 15.840167045593262,
    "F0430": 15.719249725341797,
    "F0475_gSDSS": 15.415154457092285,
    "F0515": 15.242842674255371,
    "F0626_rSDSS": 14.976522445678711,
    "F0660": 14.95189094543457,
    "F0769_iSDSS": 14.856440544128418,
    "F0861": 14.844911575317383,
    "F0883_zSDSS": 14.826120376586914
}