{
    "id": "gaia_xp_spectrum_6086882764913565824-Ref",
    "F0352_uJAVA": 16.73602867126465,
    "F0378": 16.36353874206543,
    "F0395": 16.564788818359375,
    "F0410": 15.82898998260498,
    "F0430": 15.797303199768066,
    "F0475_gSDSS": 15.286755561828613,
    "F0515": 15.070830345153809,
    "F0626_rSDSS": 14.626102447509766,
    "F0660": 14.543610572814941,
    "F0769_iSDSS": 14.37002944946289,
    "F0861": 14.281815528869629,
    "F0883_zSDSS": 14.24335765838623
}