{
    "id": "gaia_xp_spectrum_6087093085172074752-Ref",
    "F0352_uJAVA": 15.949755668640137,
    "F0378": 15.646127700805664,
    "F0395": 15.32541561126709,
    "F0410": 14.978199005126953,
    "F0430": 14.923135757446289,
    "F0475_gSDSS": 14.729576110839844,
    "F0515": 14.614962577819824,
    "F0626_rSDSS": 14.46723747253418,
    "F0660": 14.483296394348145,
    "F0769_iSDSS": 14.430191040039062,
    "F0861": 14.432402610778809,
    "F0883_zSDSS": 14.4286470413208
}