{
    "id": "gaia_xp_spectrum_6086895447957365376-Ref",
    "F0352_uJAVA": 16.4219970703125,
    "F0378": 16.29233741760254,
    "F0395": 16.145593643188477,
    "F0410": 15.622026443481445,
    "F0430": 15.54536247253418,
    "F0475_gSDSS": 15.148139953613281,
    "F0515": 14.971872329711914,
    "F0626_rSDSS": 14.629350662231445,
    "F0660": 14.58719539642334,
    "F0769_iSDSS": 14.475687026977539,
    "F0861": 14.45180606842041,
    "F0883_zSDSS": 14.413113594055176
}