{
    "id": "gaia_xp_spectrum_6087080234629834752-Ref",
    "F0352_uJAVA": 16.07201385498047,
    "F0378": 15.823763847351074,
    "F0395": 15.730077743530273,
    "F0410": 15.256651878356934,
    "F0430": 15.206562042236328,
    "F0475_gSDSS": 14.958189010620117,
    "F0515": 14.837450981140137,
    "F0626_rSDSS": 14.611721992492676,
    "F0660": 14.604297637939453,
    "F0769_iSDSS": 14.528663635253906,
    "F0861": 14.52614688873291,
    "F0883_zSDSS": 14.509733200073242
}