{
    "id": "gaia_xp_spectrum_6087066971770733440-Ref",
    "F0352_uJAVA": 16.4445743560791,
    "F0378": 16.402620315551758,
    "F0395": 16.261995315551758,
    "F0410": 15.500178337097168,
    "F0430": 15.397971153259277,
    "F0475_gSDSS": 14.785574913024902,
    "F0515": 14.561309814453125,
    "F0626_rSDSS": 14.01551628112793,
    "F0660": 13.919685363769531,
    "F0769_iSDSS": 13.730154037475586,
    "F0861": 13.626455307006836,
    "F0883_zSDSS": 13.585649490356445
}