{
    "id": "gaia_xp_spectrum_6086891977623741952-Ref",
    "F0352_uJAVA": 16.39081382751465,
    "F0378": 16.232057571411133,
    "F0395": 16.237590789794922,
    "F0410": 15.621739387512207,
    "F0430": 15.615302085876465,
    "F0475_gSDSS": 15.221726417541504,
    "F0515": 15.046836853027344,
    "F0626_rSDSS": 14.739574432373047,
    "F0660": 14.683966636657715,
    "F0769_iSDSS": 14.592342376708984,
    "F0861": 14.569158554077148,
    "F0883_zSDSS": 14.540489196777344
}