{
    "id": "gaia_xp_spectrum_6087054533545430016-Ref",
    "F0352_uJAVA": 16.717002868652344,
    "F0378": 16.462875366210938,
    "F0395": 16.4519100189209,
    "F0410": 15.947433471679688,
    "F0430": 15.900418281555176,
    "F0475_gSDSS": 15.577510833740234,
    "F0515": 15.403033256530762,
    "F0626_rSDSS": 15.142847061157227,
    "F0660": 15.10207748413086,
    "F0769_iSDSS": 15.00754451751709,
    "F0861": 14.9874906539917,
    "F0883_zSDSS": 14.96170425415039
}