{
    "id": "gaia_xp_spectrum_6087079650514279808-Ref",
    "F0352_uJAVA": 16.0323429107666,
    "F0378": 16.00070571899414,
    "F0395": 15.828073501586914,
    "F0410": 15.141861915588379,
    "F0430": 15.046425819396973,
    "F0475_gSDSS": 14.581008911132812,
    "F0515": 14.408062934875488,
    "F0626_rSDSS": 13.993901252746582,
    "F0660": 13.943655967712402,
    "F0769_iSDSS": 13.839505195617676,
    "F0861": 13.800650596618652,
    "F0883_zSDSS": 13.780174255371094
}