{
    "id": "gaia_xp_spectrum_6087078207405187968-Ref",
    "F0352_uJAVA": 16.190587997436523,
    "F0378": 15.879205703735352,
    "F0395": 15.772408485412598,
    "F0410": 15.458215713500977,
    "F0430": 15.38244342803955,
    "F0475_gSDSS": 15.126485824584961,
    "F0515": 14.976274490356445,
    "F0626_rSDSS": 14.744227409362793,
    "F0660": 14.727649688720703,
    "F0769_iSDSS": 14.629690170288086,
    "F0861": 14.602636337280273,
    "F0883_zSDSS": 14.590763092041016
}