{
    "id": "gaia_xp_spectrum_6086881051226852096-Ref",
    "F0352_uJAVA": 16.322385787963867,
    "F0378": 16.241836547851562,
    "F0395": 16.155466079711914,
    "F0410": 15.431715965270996,
    "F0430": 15.382704734802246,
    "F0475_gSDSS": 14.930373191833496,
    "F0515": 14.743298530578613,
    "F0626_rSDSS": 14.374176979064941,
    "F0660": 14.302872657775879,
    "F0769_iSDSS": 14.224621772766113,
    "F0861": 14.187975883483887,
    "F0883_zSDSS": 14.165160179138184
}