{
    "id": "gaia_xp_spectrum_6086887235979860608-Ref",
    "F0352_uJAVA": 15.891188621520996,
    "F0378": 15.70511245727539,
    "F0395": 15.656899452209473,
    "F0410": 15.087879180908203,
    "F0430": 15.048809051513672,
    "F0475_gSDSS": 14.668362617492676,
    "F0515": 14.514036178588867,
    "F0626_rSDSS": 14.18583869934082,
    "F0660": 14.136940002441406,
    "F0769_iSDSS": 14.03805923461914,
    "F0861": 13.999064445495605,
    "F0883_zSDSS": 13.980072975158691
}