{
    "id": "gaia_xp_spectrum_6087097964254978688-Ref",
    "F0352_uJAVA": 15.574435234069824,
    "F0378": 15.366158485412598,
    "F0395": 15.37321949005127,
    "F0410": 14.838744163513184,
    "F0430": 14.785558700561523,
    "F0475_gSDSS": 14.490076065063477,
    "F0515": 14.340557098388672,
    "F0626_rSDSS": 14.08641529083252,
    "F0660": 14.051456451416016,
    "F0769_iSDSS": 13.985912322998047,
    "F0861": 13.973466873168945,
    "F0883_zSDSS": 13.958847999572754
}