{
    "id": "gaia_xp_spectrum_6087066589512827776-Ref",
    "F0352_uJAVA": 15.97862434387207,
    "F0378": 15.867612838745117,
    "F0395": 15.802828788757324,
    "F0410": 15.25580883026123,
    "F0430": 15.206384658813477,
    "F0475_gSDSS": 14.841558456420898,
    "F0515": 14.680560111999512,
    "F0626_rSDSS": 14.361028671264648,
    "F0660": 14.308528900146484,
    "F0769_iSDSS": 14.203742980957031,
    "F0861": 14.176322937011719,
    "F0883_zSDSS": 14.14627456665039
}