{
    "id": "gaia_xp_spectrum_6086891359148485248-Ref",
    "F0352_uJAVA": 16.191438674926758,
    "F0378": 16.17159080505371,
    "F0395": 15.971946716308594,
    "F0410": 15.269448280334473,
    "F0430": 15.200629234313965,
    "F0475_gSDSS": 14.715152740478516,
    "F0515": 14.538118362426758,
    "F0626_rSDSS": 14.101812362670898,
    "F0660": 14.038121223449707,
    "F0769_iSDSS": 13.90798568725586,
    "F0861": 13.855843544006348,
    "F0883_zSDSS": 13.822428703308105
}