{
    "id": "gaia_xp_spectrum_6086880806407169920-Ref",
    "F0352_uJAVA": 16.359987258911133,
    "F0378": 16.120803833007812,
    "F0395": 16.065126419067383,
    "F0410": 15.607732772827148,
    "F0430": 15.541251182556152,
    "F0475_gSDSS": 15.241645812988281,
    "F0515": 15.072205543518066,
    "F0626_rSDSS": 14.822672843933105,
    "F0660": 14.793004035949707,
    "F0769_iSDSS": 14.698541641235352,
    "F0861": 14.67581558227539,
    "F0883_zSDSS": 14.654099464416504
}