{
    "id": "gaia_xp_spectrum_6086861156938371840-Ref",
    "F0352_uJAVA": 16.064271926879883,
    "F0378": 15.830170631408691,
    "F0395": 15.799777030944824,
    "F0410": 15.31164264678955,
    "F0430": 15.25898551940918,
    "F0475_gSDSS": 14.887234687805176,
    "F0515": 14.699945449829102,
    "F0626_rSDSS": 14.387308120727539,
    "F0660": 14.330680847167969,
    "F0769_iSDSS": 14.214041709899902,
    "F0861": 14.163525581359863,
    "F0883_zSDSS": 14.139623641967773
}