{
    "id": "gaia_xp_spectrum_6088318456522082048-Ref",
    "F0352_uJAVA": 16.347749710083008,
    "F0378": 16.526348114013672,
    "F0395": 16.21388816833496,
    "F0410": 15.488214492797852,
    "F0430": 15.344663619995117,
    "F0475_gSDSS": 14.853575706481934,
    "F0515": 14.685486793518066,
    "F0626_rSDSS": 14.235465049743652,
    "F0660": 14.175546646118164,
    "F0769_iSDSS": 14.07359790802002,
    "F0861": 14.0337553024292,
    "F0883_zSDSS": 14.010509490966797
}