{
    "id": "gaia_xp_spectrum_6088308423478369152-Ref",
    "F0352_uJAVA": 16.310565948486328,
    "F0378": 16.298030853271484,
    "F0395": 16.20809555053711,
    "F0410": 15.566161155700684,
    "F0430": 15.563496589660645,
    "F0475_gSDSS": 15.08413028717041,
    "F0515": 14.915121078491211,
    "F0626_rSDSS": 14.506012916564941,
    "F0660": 14.448740005493164,
    "F0769_iSDSS": 14.316460609436035,
    "F0861": 14.258278846740723,
    "F0883_zSDSS": 14.23165512084961
}