{
    "id": "gaia_xp_spectrum_6088322751489318400-Ref",
    "F0352_uJAVA": 16.12132453918457,
    "F0378": 15.938267707824707,
    "F0395": 15.856451034545898,
    "F0410": 15.342267990112305,
    "F0430": 15.340611457824707,
    "F0475_gSDSS": 14.990150451660156,
    "F0515": 14.826956748962402,
    "F0626_rSDSS": 14.558536529541016,
    "F0660": 14.53372859954834,
    "F0769_iSDSS": 14.42814826965332,
    "F0861": 14.404703140258789,
    "F0883_zSDSS": 14.38016128540039
}