{
    "id": "gaia_xp_spectrum_6087999220193112320-Ref",
    "F0352_uJAVA": 16.01174545288086,
    "F0378": 15.838218688964844,
    "F0395": 15.787845611572266,
    "F0410": 15.261665344238281,
    "F0430": 15.219507217407227,
    "F0475_gSDSS": 14.900980949401855,
    "F0515": 14.751739501953125,
    "F0626_rSDSS": 14.472517967224121,
    "F0660": 14.45538330078125,
    "F0769_iSDSS": 14.349102020263672,
    "F0861": 14.332109451293945,
    "F0883_zSDSS": 14.311556816101074
}