{
    "id": "gaia_xp_spectrum_6088305743418779904-Ref",
    "F0352_uJAVA": 16.488855361938477,
    "F0378": 16.414873123168945,
    "F0395": 16.277877807617188,
    "F0410": 15.657120704650879,
    "F0430": 15.593487739562988,
    "F0475_gSDSS": 15.200675010681152,
    "F0515": 15.031085968017578,
    "F0626_rSDSS": 14.685178756713867,
    "F0660": 14.630070686340332,
    "F0769_iSDSS": 14.533288955688477,
    "F0861": 14.49838924407959,
    "F0883_zSDSS": 14.478751182556152
}