{
    "id": "gaia_xp_spectrum_6088002690526709376-Ref",
    "F0352_uJAVA": 16.599912643432617,
    "F0378": 16.4926815032959,
    "F0395": 16.504798889160156,
    "F0410": 15.829744338989258,
    "F0430": 15.767284393310547,
    "F0475_gSDSS": 15.334612846374512,
    "F0515": 15.164436340332031,
    "F0626_rSDSS": 14.787491798400879,
    "F0660": 14.732714653015137,
    "F0769_iSDSS": 14.624682426452637,
    "F0861": 14.584528923034668,
    "F0883_zSDSS": 14.561782836914062
}