{
    "id": "gaia_xp_spectrum_6088310347623736832-Ref",
    "F0352_uJAVA": 16.60491371154785,
    "F0378": 16.466144561767578,
    "F0395": 16.4537410736084,
    "F0410": 15.811131477355957,
    "F0430": 15.706501960754395,
    "F0475_gSDSS": 15.226420402526855,
    "F0515": 15.011749267578125,
    "F0626_rSDSS": 14.568509101867676,
    "F0660": 14.473530769348145,
    "F0769_iSDSS": 14.315042495727539,
    "F0861": 14.222637176513672,
    "F0883_zSDSS": 14.186389923095703
}