{
    "id": "gaia_xp_spectrum_6087946203116737152-Ref",
    "F0352_uJAVA": 15.546463012695312,
    "F0378": 15.31747817993164,
    "F0395": 15.263006210327148,
    "F0410": 14.830038070678711,
    "F0430": 14.733267784118652,
    "F0475_gSDSS": 14.474489212036133,
    "F0515": 14.337625503540039,
    "F0626_rSDSS": 14.085963249206543,
    "F0660": 14.067275047302246,
    "F0769_iSDSS": 13.98078727722168,
    "F0861": 13.975964546203613,
    "F0883_zSDSS": 13.951541900634766
}