{
    "id": "gaia_xp_spectrum_6088304781346100224-Ref",
    "F0352_uJAVA": 16.75246238708496,
    "F0378": 16.515649795532227,
    "F0395": 16.46942138671875,
    "F0410": 16.034698486328125,
    "F0430": 15.978508949279785,
    "F0475_gSDSS": 15.693886756896973,
    "F0515": 15.547998428344727,
    "F0626_rSDSS": 15.273616790771484,
    "F0660": 15.232917785644531,
    "F0769_iSDSS": 15.125248908996582,
    "F0861": 15.09177017211914,
    "F0883_zSDSS": 15.069445610046387
}