{
    "id": "gaia_xp_spectrum_6088376318321542016-Ref",
    "F0352_uJAVA": 16.578889846801758,
    "F0378": 16.45786476135254,
    "F0395": 16.40325927734375,
    "F0410": 15.834107398986816,
    "F0430": 15.734848022460938,
    "F0475_gSDSS": 15.315138816833496,
    "F0515": 15.1221923828125,
    "F0626_rSDSS": 14.7128267288208,
    "F0660": 14.636190414428711,
    "F0769_iSDSS": 14.477873802185059,
    "F0861": 14.405243873596191,
    "F0883_zSDSS": 14.364805221557617
}