{
    "id": "gaia_xp_spectrum_6088323541763308288-Ref",
    "F0352_uJAVA": 16.214262008666992,
    "F0378": 15.878329277038574,
    "F0395": 15.516457557678223,
    "F0410": 15.284294128417969,
    "F0430": 15.221650123596191,
    "F0475_gSDSS": 15.065117835998535,
    "F0515": 14.971603393554688,
    "F0626_rSDSS": 14.840394020080566,
    "F0660": 14.841229438781738,
    "F0769_iSDSS": 14.800699234008789,
    "F0861": 14.812110900878906,
    "F0883_zSDSS": 14.805732727050781
}