{
    "id": "gaia_xp_spectrum_6087562095600834176-Ref",
    "F0352_uJAVA": 15.580703735351562,
    "F0378": 15.334366798400879,
    "F0395": 15.279706954956055,
    "F0410": 14.7835693359375,
    "F0430": 14.695960998535156,
    "F0475_gSDSS": 14.399453163146973,
    "F0515": 14.245230674743652,
    "F0626_rSDSS": 13.983098983764648,
    "F0660": 13.950775146484375,
    "F0769_iSDSS": 13.873899459838867,
    "F0861": 13.868959426879883,
    "F0883_zSDSS": 13.844359397888184
}