{
    "id": "gaia_xp_spectrum_6087943832294745088-Ref",
    "F0352_uJAVA": 16.6881103515625,
    "F0378": 16.423250198364258,
    "F0395": 16.49076271057129,
    "F0410": 15.760661125183105,
    "F0430": 15.698528289794922,
    "F0475_gSDSS": 15.166891098022461,
    "F0515": 14.942239761352539,
    "F0626_rSDSS": 14.480862617492676,
    "F0660": 14.39803695678711,
    "F0769_iSDSS": 14.227142333984375,
    "F0861": 14.141239166259766,
    "F0883_zSDSS": 14.102705955505371
}