{
    "id": "gaia_xp_spectrum_6088318765759738624-Ref",
    "F0352_uJAVA": 16.44587516784668,
    "F0378": 16.160598754882812,
    "F0395": 16.035032272338867,
    "F0410": 15.623714447021484,
    "F0430": 15.54153060913086,
    "F0475_gSDSS": 15.29227066040039,
    "F0515": 15.152719497680664,
    "F0626_rSDSS": 14.893779754638672,
    "F0660": 14.87621784210205,
    "F0769_iSDSS": 14.770727157592773,
    "F0861": 14.752704620361328,
    "F0883_zSDSS": 14.731680870056152
}