{
    "id": "gaia_xp_spectrum_6088313062043098752-Ref",
    "F0352_uJAVA": 16.629499435424805,
    "F0378": 16.556720733642578,
    "F0395": 16.379493713378906,
    "F0410": 15.948846817016602,
    "F0430": 15.88541316986084,
    "F0475_gSDSS": 15.51407527923584,
    "F0515": 15.357383728027344,
    "F0626_rSDSS": 14.988525390625,
    "F0660": 14.94523811340332,
    "F0769_iSDSS": 14.819844245910645,
    "F0861": 14.781082153320312,
    "F0883_zSDSS": 14.747133255004883
}