{
    "id": "gaia_xp_spectrum_6088307667564147328-Ref",
    "F0352_uJAVA": 15.69876766204834,
    "F0378": 15.483292579650879,
    "F0395": 15.350885391235352,
    "F0410": 14.909502983093262,
    "F0430": 14.859149932861328,
    "F0475_gSDSS": 14.542366027832031,
    "F0515": 14.388415336608887,
    "F0626_rSDSS": 14.113759994506836,
    "F0660": 14.078553199768066,
    "F0769_iSDSS": 13.984416961669922,
    "F0861": 13.95873737335205,
    "F0883_zSDSS": 13.943734169006348
}