{
    "id": "gaia_xp_spectrum_6088318108625691648-Ref",
    "F0352_uJAVA": 16.638275146484375,
    "F0378": 16.44036293029785,
    "F0395": 16.4289608001709,
    "F0410": 15.917710304260254,
    "F0430": 15.895241737365723,
    "F0475_gSDSS": 15.524511337280273,
    "F0515": 15.358698844909668,
    "F0626_rSDSS": 15.018102645874023,
    "F0660": 14.965147018432617,
    "F0769_iSDSS": 14.8400239944458,
    "F0861": 14.794132232666016,
    "F0883_zSDSS": 14.768537521362305
}