{
    "id": "gaia_xp_spectrum_6087996677572448768-Ref",
    "F0352_uJAVA": 16.42411231994629,
    "F0378": 16.304901123046875,
    "F0395": 16.176799774169922,
    "F0410": 15.540655136108398,
    "F0430": 15.42408561706543,
    "F0475_gSDSS": 14.960530281066895,
    "F0515": 14.758440017700195,
    "F0626_rSDSS": 14.338065147399902,
    "F0660": 14.273619651794434,
    "F0769_iSDSS": 14.14867115020752,
    "F0861": 14.096129417419434,
    "F0883_zSDSS": 14.064658164978027
}