{
    "id": "gaia_xp_spectrum_6087946993390733184-Ref",
    "F0352_uJAVA": 15.635128021240234,
    "F0378": 15.484228134155273,
    "F0395": 15.397421836853027,
    "F0410": 14.867485046386719,
    "F0430": 14.818575859069824,
    "F0475_gSDSS": 14.484590530395508,
    "F0515": 14.318439483642578,
    "F0626_rSDSS": 14.052210807800293,
    "F0660": 14.02390193939209,
    "F0769_iSDSS": 13.941130638122559,
    "F0861": 13.927858352661133,
    "F0883_zSDSS": 13.909767150878906
}