{
    "id": "gaia_xp_spectrum_6088323163806203008-Ref",
    "F0352_uJAVA": 16.34589195251465,
    "F0378": 16.151798248291016,
    "F0395": 15.980642318725586,
    "F0410": 15.458233833312988,
    "F0430": 15.395284652709961,
    "F0475_gSDSS": 15.063577651977539,
    "F0515": 14.906728744506836,
    "F0626_rSDSS": 14.620026588439941,
    "F0660": 14.585068702697754,
    "F0769_iSDSS": 14.501439094543457,
    "F0861": 14.486565589904785,
    "F0883_zSDSS": 14.466121673583984
}