{
    "id": "gaia_xp_spectrum_6088330306329810432-Ref",
    "F0352_uJAVA": 16.411327362060547,
    "F0378": 16.171977996826172,
    "F0395": 16.128694534301758,
    "F0410": 15.603150367736816,
    "F0430": 15.533297538757324,
    "F0475_gSDSS": 15.240236282348633,
    "F0515": 15.083600044250488,
    "F0626_rSDSS": 14.81255054473877,
    "F0660": 14.791482925415039,
    "F0769_iSDSS": 14.68356704711914,
    "F0861": 14.658251762390137,
    "F0883_zSDSS": 14.644920349121094
}