{
    "id": "gaia_xp_spectrum_6088314161555202048-Ref",
    "F0352_uJAVA": 16.737409591674805,
    "F0378": 16.58899688720703,
    "F0395": 16.414167404174805,
    "F0410": 15.932235717773438,
    "F0430": 15.894954681396484,
    "F0475_gSDSS": 15.592347145080566,
    "F0515": 15.427539825439453,
    "F0626_rSDSS": 15.176385879516602,
    "F0660": 15.162562370300293,
    "F0769_iSDSS": 15.047815322875977,
    "F0861": 15.030791282653809,
    "F0883_zSDSS": 15.007719039916992
}