{
    "id": "gaia_xp_spectrum_6087948470860317952-Ref",
    "F0352_uJAVA": 16.980915069580078,
    "F0378": 16.695863723754883,
    "F0395": 16.292144775390625,
    "F0410": 16.106185913085938,
    "F0430": 16.022184371948242,
    "F0475_gSDSS": 15.866229057312012,
    "F0515": 15.756874084472656,
    "F0626_rSDSS": 15.615758895874023,
    "F0660": 15.621420860290527,
    "F0769_iSDSS": 15.568330764770508,
    "F0861": 15.583834648132324,
    "F0883_zSDSS": 15.576627731323242
}