{
    "id": "gaia_xp_spectrum_6088329073681263232-Ref",
    "F0352_uJAVA": 16.580636978149414,
    "F0378": 16.598648071289062,
    "F0395": 16.4189510345459,
    "F0410": 15.646724700927734,
    "F0430": 15.523445129394531,
    "F0475_gSDSS": 14.952335357666016,
    "F0515": 14.753469467163086,
    "F0626_rSDSS": 14.18624496459961,
    "F0660": 14.093201637268066,
    "F0769_iSDSS": 13.906521797180176,
    "F0861": 13.80026626586914,
    "F0883_zSDSS": 13.755301475524902
}