{
    "id": "gaia_xp_spectrum_6088317941126008448-Ref",
    "F0352_uJAVA": 16.09506607055664,
    "F0378": 15.382293701171875,
    "F0395": 14.746898651123047,
    "F0410": 14.660367012023926,
    "F0430": 14.644619941711426,
    "F0475_gSDSS": 14.643033027648926,
    "F0515": 14.631368637084961,
    "F0626_rSDSS": 14.7559232711792,
    "F0660": 14.854031562805176,
    "F0769_iSDSS": 14.894452095031738,
    "F0861": 14.961307525634766,
    "F0883_zSDSS": 14.939523696899414
}