{
    "id": "gaia_xp_spectrum_6087951322717813760-Ref",
    "F0352_uJAVA": 16.13208770751953,
    "F0378": 15.94858169555664,
    "F0395": 15.86838150024414,
    "F0410": 15.376346588134766,
    "F0430": 15.342259407043457,
    "F0475_gSDSS": 14.994644165039062,
    "F0515": 14.823789596557617,
    "F0626_rSDSS": 14.512325286865234,
    "F0660": 14.46569538116455,
    "F0769_iSDSS": 14.356504440307617,
    "F0861": 14.320385932922363,
    "F0883_zSDSS": 14.298508644104004
}