{
    "id": "gaia_xp_spectrum_6088322717129572608-Ref",
    "F0352_uJAVA": 16.215669631958008,
    "F0378": 15.984607696533203,
    "F0395": 15.920567512512207,
    "F0410": 15.509366989135742,
    "F0430": 15.449901580810547,
    "F0475_gSDSS": 15.176774024963379,
    "F0515": 15.02530574798584,
    "F0626_rSDSS": 14.746509552001953,
    "F0660": 14.716376304626465,
    "F0769_iSDSS": 14.595245361328125,
    "F0861": 14.551655769348145,
    "F0883_zSDSS": 14.535820007324219
}