{
    "id": "gaia_xp_spectrum_6088375596767027968-Ref",
    "F0352_uJAVA": 16.50065040588379,
    "F0378": 16.29653549194336,
    "F0395": 16.204914093017578,
    "F0410": 15.666533470153809,
    "F0430": 15.58195972442627,
    "F0475_gSDSS": 15.190102577209473,
    "F0515": 14.998210906982422,
    "F0626_rSDSS": 14.651917457580566,
    "F0660": 14.598091125488281,
    "F0769_iSDSS": 14.482056617736816,
    "F0861": 14.440743446350098,
    "F0883_zSDSS": 14.413792610168457
}