{
    "id": "gaia_xp_spectrum_6087932802818726144-Ref",
    "F0352_uJAVA": 15.813654899597168,
    "F0378": 15.548575401306152,
    "F0395": 15.470451354980469,
    "F0410": 14.995227813720703,
    "F0430": 14.909202575683594,
    "F0475_gSDSS": 14.64575481414795,
    "F0515": 14.502542495727539,
    "F0626_rSDSS": 14.254620552062988,
    "F0660": 14.244645118713379,
    "F0769_iSDSS": 14.158653259277344,
    "F0861": 14.150367736816406,
    "F0883_zSDSS": 14.133357048034668
}