{
    "id": "gaia_xp_spectrum_6088375665486518016-Ref",
    "F0352_uJAVA": 16.620426177978516,
    "F0378": 16.4251651763916,
    "F0395": 16.224796295166016,
    "F0410": 15.769540786743164,
    "F0430": 15.701019287109375,
    "F0475_gSDSS": 15.423989295959473,
    "F0515": 15.2474365234375,
    "F0626_rSDSS": 15.019998550415039,
    "F0660": 14.997833251953125,
    "F0769_iSDSS": 14.900081634521484,
    "F0861": 14.882375717163086,
    "F0883_zSDSS": 14.856141090393066
}