{
    "id": "gaia_xp_spectrum_6088375974724180480-Ref",
    "F0352_uJAVA": 16.638914108276367,
    "F0378": 16.408472061157227,
    "F0395": 16.312362670898438,
    "F0410": 15.877584457397461,
    "F0430": 15.802637100219727,
    "F0475_gSDSS": 15.52791690826416,
    "F0515": 15.390469551086426,
    "F0626_rSDSS": 15.11297607421875,
    "F0660": 15.083614349365234,
    "F0769_iSDSS": 14.989954948425293,
    "F0861": 14.96341323852539,
    "F0883_zSDSS": 14.949686050415039
}