{
    "id": "gaia_xp_spectrum_6087948195981557632-Ref",
    "F0352_uJAVA": 16.72266387939453,
    "F0378": 16.684606552124023,
    "F0395": 16.529022216796875,
    "F0410": 15.97992992401123,
    "F0430": 15.97065258026123,
    "F0475_gSDSS": 15.574321746826172,
    "F0515": 15.406261444091797,
    "F0626_rSDSS": 15.073488235473633,
    "F0660": 15.040398597717285,
    "F0769_iSDSS": 14.907362937927246,
    "F0861": 14.868033409118652,
    "F0883_zSDSS": 14.840916633605957
}