{
    "id": "gaia_xp_spectrum_6088313062043101056-Ref",
    "F0352_uJAVA": 16.13335418701172,
    "F0378": 15.985240936279297,
    "F0395": 15.880630493164062,
    "F0410": 15.307857513427734,
    "F0430": 15.237146377563477,
    "F0475_gSDSS": 14.857100486755371,
    "F0515": 14.694811820983887,
    "F0626_rSDSS": 14.341611862182617,
    "F0660": 14.294888496398926,
    "F0769_iSDSS": 14.175054550170898,
    "F0861": 14.14428997039795,
    "F0883_zSDSS": 14.110859870910645
}