{
    "id": "gaia_xp_spectrum_6087951116559371520-Ref",
    "F0352_uJAVA": 16.02230453491211,
    "F0378": 15.801043510437012,
    "F0395": 15.7086763381958,
    "F0410": 15.226563453674316,
    "F0430": 15.166675567626953,
    "F0475_gSDSS": 14.798235893249512,
    "F0515": 14.624654769897461,
    "F0626_rSDSS": 14.290739059448242,
    "F0660": 14.247719764709473,
    "F0769_iSDSS": 14.131043434143066,
    "F0861": 14.093151092529297,
    "F0883_zSDSS": 14.061091423034668
}