{
    "id": "gaia_xp_spectrum_6088330894747418496-Ref",
    "F0352_uJAVA": 16.320045471191406,
    "F0378": 16.17144775390625,
    "F0395": 16.128686904907227,
    "F0410": 15.456865310668945,
    "F0430": 15.401288986206055,
    "F0475_gSDSS": 14.983797073364258,
    "F0515": 14.803895950317383,
    "F0626_rSDSS": 14.455548286437988,
    "F0660": 14.393939018249512,
    "F0769_iSDSS": 14.29629898071289,
    "F0861": 14.267476081848145,
    "F0883_zSDSS": 14.24091911315918
}