{
    "id": "gaia_xp_spectrum_6087561958161877632-Ref",
    "F0352_uJAVA": 16.528305053710938,
    "F0378": 16.317304611206055,
    "F0395": 16.260740280151367,
    "F0410": 15.763983726501465,
    "F0430": 15.684433937072754,
    "F0475_gSDSS": 15.353615760803223,
    "F0515": 15.187142372131348,
    "F0626_rSDSS": 14.885696411132812,
    "F0660": 14.854646682739258,
    "F0769_iSDSS": 14.729223251342773,
    "F0861": 14.693791389465332,
    "F0883_zSDSS": 14.668448448181152
}