{
    "id": "gaia_xp_spectrum_6088310553782184448-Ref",
    "F0352_uJAVA": 16.593006134033203,
    "F0378": 16.24141502380371,
    "F0395": 15.984041213989258,
    "F0410": 15.68466854095459,
    "F0430": 15.619429588317871,
    "F0475_gSDSS": 15.45468521118164,
    "F0515": 15.341316223144531,
    "F0626_rSDSS": 15.197287559509277,
    "F0660": 15.195019721984863,
    "F0769_iSDSS": 15.146646499633789,
    "F0861": 15.156981468200684,
    "F0883_zSDSS": 15.145989418029785
}