{
    "id": "gaia_xp_spectrum_6087929847881225728-Ref",
    "F0352_uJAVA": 16.59725570678711,
    "F0378": 16.437898635864258,
    "F0395": 16.489866256713867,
    "F0410": 15.875557899475098,
    "F0430": 15.745729446411133,
    "F0475_gSDSS": 15.360664367675781,
    "F0515": 15.17844009399414,
    "F0626_rSDSS": 14.788812637329102,
    "F0660": 14.707447052001953,
    "F0769_iSDSS": 14.597576141357422,
    "F0861": 14.544816017150879,
    "F0883_zSDSS": 14.507922172546387
}