{
    "id": "gaia_xp_spectrum_6088001006899691648-Ref",
    "F0352_uJAVA": 16.153671264648438,
    "F0378": 16.10507583618164,
    "F0395": 16.049497604370117,
    "F0410": 15.415411949157715,
    "F0430": 15.35510540008545,
    "F0475_gSDSS": 14.939387321472168,
    "F0515": 14.76657772064209,
    "F0626_rSDSS": 14.394383430480957,
    "F0660": 14.333709716796875,
    "F0769_iSDSS": 14.234834671020508,
    "F0861": 14.199076652526855,
    "F0883_zSDSS": 14.165553092956543
}