{
    "id": "gaia_xp_spectrum_6087951288358071296-Ref",
    "F0352_uJAVA": 15.871347427368164,
    "F0378": 15.635958671569824,
    "F0395": 15.615331649780273,
    "F0410": 15.084498405456543,
    "F0430": 15.007887840270996,
    "F0475_gSDSS": 14.71224308013916,
    "F0515": 14.559420585632324,
    "F0626_rSDSS": 14.303777694702148,
    "F0660": 14.281947135925293,
    "F0769_iSDSS": 14.194250106811523,
    "F0861": 14.183734893798828,
    "F0883_zSDSS": 14.165599822998047
}