{
    "id": "gaia_xp_spectrum_6088310588141925760-Ref",
    "F0352_uJAVA": 16.73015785217285,
    "F0378": 16.323246002197266,
    "F0395": 16.306350708007812,
    "F0410": 15.852994918823242,
    "F0430": 15.734818458557129,
    "F0475_gSDSS": 15.286108016967773,
    "F0515": 15.032018661499023,
    "F0626_rSDSS": 14.551300048828125,
    "F0660": 14.44629192352295,
    "F0769_iSDSS": 14.238252639770508,
    "F0861": 14.11082935333252,
    "F0883_zSDSS": 14.074966430664062
}