{
    "id": "gaia_xp_spectrum_6087950635523038336-Ref",
    "F0352_uJAVA": 16.677902221679688,
    "F0378": 16.555063247680664,
    "F0395": 16.539182662963867,
    "F0410": 15.904435157775879,
    "F0430": 15.87460994720459,
    "F0475_gSDSS": 15.478537559509277,
    "F0515": 15.30049991607666,
    "F0626_rSDSS": 14.96212100982666,
    "F0660": 14.902826309204102,
    "F0769_iSDSS": 14.79938793182373,
    "F0861": 14.744087219238281,
    "F0883_zSDSS": 14.730280876159668
}