{
    "id": "gaia_xp_spectrum_6088330207552606720-Ref",
    "F0352_uJAVA": 15.956019401550293,
    "F0378": 15.807839393615723,
    "F0395": 15.770599365234375,
    "F0410": 15.123562812805176,
    "F0430": 15.068772315979004,
    "F0475_gSDSS": 14.68687629699707,
    "F0515": 14.516926765441895,
    "F0626_rSDSS": 14.185379981994629,
    "F0660": 14.131595611572266,
    "F0769_iSDSS": 14.048670768737793,
    "F0861": 14.015007019042969,
    "F0883_zSDSS": 13.999502182006836
}