{
    "id": "gaia_xp_spectrum_6087945344123246592-Ref",
    "F0352_uJAVA": 16.27702522277832,
    "F0378": 16.065752029418945,
    "F0395": 15.997501373291016,
    "F0410": 15.512046813964844,
    "F0430": 15.43826675415039,
    "F0475_gSDSS": 15.14548110961914,
    "F0515": 14.9846830368042,
    "F0626_rSDSS": 14.728155136108398,
    "F0660": 14.687163352966309,
    "F0769_iSDSS": 14.61097240447998,
    "F0861": 14.5953369140625,
    "F0883_zSDSS": 14.575824737548828
}