{
    "id": "gaia_xp_spectrum_6088378551704542464-Ref",
    "F0352_uJAVA": 16.506135940551758,
    "F0378": 16.496850967407227,
    "F0395": 16.334531784057617,
    "F0410": 15.555116653442383,
    "F0430": 15.422231674194336,
    "F0475_gSDSS": 14.940738677978516,
    "F0515": 14.76517391204834,
    "F0626_rSDSS": 14.311765670776367,
    "F0660": 14.252016067504883,
    "F0769_iSDSS": 14.151834487915039,
    "F0861": 14.111388206481934,
    "F0883_zSDSS": 14.085953712463379
}