{
    "id": "gaia_xp_spectrum_6087946100037693824-Ref",
    "F0352_uJAVA": 15.973124504089355,
    "F0378": 15.920147895812988,
    "F0395": 15.800408363342285,
    "F0410": 15.21841049194336,
    "F0430": 15.18995189666748,
    "F0475_gSDSS": 14.772222518920898,
    "F0515": 14.594033241271973,
    "F0626_rSDSS": 14.26308822631836,
    "F0660": 14.21767520904541,
    "F0769_iSDSS": 14.120502471923828,
    "F0861": 14.091412544250488,
    "F0883_zSDSS": 14.066255569458008
}