{
    "id": "gaia_xp_spectrum_6088314608231357440-Ref",
    "F0352_uJAVA": 16.83620262145996,
    "F0378": 16.563215255737305,
    "F0395": 16.443510055541992,
    "F0410": 16.06218910217285,
    "F0430": 15.962563514709473,
    "F0475_gSDSS": 15.688468933105469,
    "F0515": 15.506043434143066,
    "F0626_rSDSS": 15.176436424255371,
    "F0660": 15.122815132141113,
    "F0769_iSDSS": 14.972163200378418,
    "F0861": 14.905494689941406,
    "F0883_zSDSS": 14.870630264282227
}