{
    "id": "gaia_xp_spectrum_6088335705110828544-Ref",
    "F0352_uJAVA": 16.222537994384766,
    "F0378": 15.923014640808105,
    "F0395": 15.728036880493164,
    "F0410": 15.393304824829102,
    "F0430": 15.321107864379883,
    "F0475_gSDSS": 15.119535446166992,
    "F0515": 15.004411697387695,
    "F0626_rSDSS": 14.808618545532227,
    "F0660": 14.8001127243042,
    "F0769_iSDSS": 14.727783203125,
    "F0861": 14.736983299255371,
    "F0883_zSDSS": 14.716557502746582
}