{
    "id": "gaia_xp_spectrum_6088380200972036224-Ref",
    "F0352_uJAVA": 16.56739616394043,
    "F0378": 16.275535583496094,
    "F0395": 16.227252960205078,
    "F0410": 15.809807777404785,
    "F0430": 15.765463829040527,
    "F0475_gSDSS": 15.442676544189453,
    "F0515": 15.269911766052246,
    "F0626_rSDSS": 14.9926118850708,
    "F0660": 14.952634811401367,
    "F0769_iSDSS": 14.846441268920898,
    "F0861": 14.812627792358398,
    "F0883_zSDSS": 14.798371315002441
}