{
    "id": "gaia_xp_spectrum_6087947435766071424-Ref",
    "F0352_uJAVA": 16.31546401977539,
    "F0378": 16.091617584228516,
    "F0395": 16.010568618774414,
    "F0410": 15.58326530456543,
    "F0430": 15.525300979614258,
    "F0475_gSDSS": 15.202105522155762,
    "F0515": 15.051263809204102,
    "F0626_rSDSS": 14.746232032775879,
    "F0660": 14.70904541015625,
    "F0769_iSDSS": 14.602956771850586,
    "F0861": 14.568452835083008,
    "F0883_zSDSS": 14.552319526672363
}