{
    "id": "gaia_xp_spectrum_6088312581006736640-Ref",
    "F0352_uJAVA": 16.299890518188477,
    "F0378": 16.03578758239746,
    "F0395": 15.995708465576172,
    "F0410": 15.52199935913086,
    "F0430": 15.485902786254883,
    "F0475_gSDSS": 15.149935722351074,
    "F0515": 14.985044479370117,
    "F0626_rSDSS": 14.702363967895508,
    "F0660": 14.670029640197754,
    "F0769_iSDSS": 14.554762840270996,
    "F0861": 14.517361640930176,
    "F0883_zSDSS": 14.495159149169922
}