{
    "id": "gaia_xp_spectrum_6088003515160453760-Ref",
    "F0352_uJAVA": 16.712158203125,
    "F0378": 16.413227081298828,
    "F0395": 16.36517906188965,
    "F0410": 15.899558067321777,
    "F0430": 15.812366485595703,
    "F0475_gSDSS": 15.480438232421875,
    "F0515": 15.30984115600586,
    "F0626_rSDSS": 14.983833312988281,
    "F0660": 14.944107055664062,
    "F0769_iSDSS": 14.834809303283691,
    "F0861": 14.800975799560547,
    "F0883_zSDSS": 14.771580696105957
}