{
    "id": "gaia_xp_spectrum_6088003137203318272-Ref",
    "F0352_uJAVA": 16.49589729309082,
    "F0378": 16.32730484008789,
    "F0395": 16.22963523864746,
    "F0410": 15.598408699035645,
    "F0430": 15.526326179504395,
    "F0475_gSDSS": 15.126518249511719,
    "F0515": 14.944887161254883,
    "F0626_rSDSS": 14.59360408782959,
    "F0660": 14.528542518615723,
    "F0769_iSDSS": 14.438970565795898,
    "F0861": 14.405488967895508,
    "F0883_zSDSS": 14.380753517150879
}