{
    "id": "gaia_xp_spectrum_6087946752872553088-Ref",
    "F0352_uJAVA": 16.576759338378906,
    "F0378": 16.492679595947266,
    "F0395": 16.428298950195312,
    "F0410": 15.705970764160156,
    "F0430": 15.643118858337402,
    "F0475_gSDSS": 15.196271896362305,
    "F0515": 15.035130500793457,
    "F0626_rSDSS": 14.630545616149902,
    "F0660": 14.56081771850586,
    "F0769_iSDSS": 14.459657669067383,
    "F0861": 14.414674758911133,
    "F0883_zSDSS": 14.39016342163086
}