{
    "id": "gaia_xp_spectrum_6088314573871617536-Ref",
    "F0352_uJAVA": 16.517427444458008,
    "F0378": 16.412290573120117,
    "F0395": 16.311491012573242,
    "F0410": 15.639966011047363,
    "F0430": 15.544677734375,
    "F0475_gSDSS": 14.998729705810547,
    "F0515": 14.799520492553711,
    "F0626_rSDSS": 14.279925346374512,
    "F0660": 14.193806648254395,
    "F0769_iSDSS": 14.007222175598145,
    "F0861": 13.911171913146973,
    "F0883_zSDSS": 13.86905574798584
}