{
    "id": "gaia_xp_spectrum_6087943969733700736-Ref",
    "F0352_uJAVA": 16.06514549255371,
    "F0378": 15.932635307312012,
    "F0395": 15.809928894042969,
    "F0410": 15.221661567687988,
    "F0430": 15.140819549560547,
    "F0475_gSDSS": 14.75419807434082,
    "F0515": 14.574856758117676,
    "F0626_rSDSS": 14.236342430114746,
    "F0660": 14.199204444885254,
    "F0769_iSDSS": 14.094645500183105,
    "F0861": 14.060070037841797,
    "F0883_zSDSS": 14.040327072143555
}