{
    "id": "gaia_xp_spectrum_6088304437748708992-Ref",
    "F0352_uJAVA": 16.51920509338379,
    "F0378": 16.355451583862305,
    "F0395": 16.347553253173828,
    "F0410": 15.646964073181152,
    "F0430": 15.59036636352539,
    "F0475_gSDSS": 15.128350257873535,
    "F0515": 14.945741653442383,
    "F0626_rSDSS": 14.559192657470703,
    "F0660": 14.514409065246582,
    "F0769_iSDSS": 14.394232749938965,
    "F0861": 14.361468315124512,
    "F0883_zSDSS": 14.326950073242188
}