{
    "id": "gaia_xp_spectrum_6088380785087588224-Ref",
    "F0352_uJAVA": 16.693023681640625,
    "F0378": 16.447710037231445,
    "F0395": 16.38348388671875,
    "F0410": 15.907693862915039,
    "F0430": 15.829365730285645,
    "F0475_gSDSS": 15.506110191345215,
    "F0515": 15.346549034118652,
    "F0626_rSDSS": 15.034646987915039,
    "F0660": 14.986237525939941,
    "F0769_iSDSS": 14.866833686828613,
    "F0861": 14.828324317932129,
    "F0883_zSDSS": 14.797876358032227
}