{
    "id": "gaia_xp_spectrum_6087950601163295488-Ref",
    "F0352_uJAVA": 16.17453384399414,
    "F0378": 16.000442504882812,
    "F0395": 15.881866455078125,
    "F0410": 15.397193908691406,
    "F0430": 15.309812545776367,
    "F0475_gSDSS": 15.016911506652832,
    "F0515": 14.866002082824707,
    "F0626_rSDSS": 14.593835830688477,
    "F0660": 14.570707321166992,
    "F0769_iSDSS": 14.480255126953125,
    "F0861": 14.47294807434082,
    "F0883_zSDSS": 14.451249122619629
}