{
    "id": "gaia_xp_spectrum_6088313096402827776-Ref",
    "F0352_uJAVA": 16.797130584716797,
    "F0378": 16.585041046142578,
    "F0395": 16.44026756286621,
    "F0410": 15.909597396850586,
    "F0430": 15.877227783203125,
    "F0475_gSDSS": 15.520034790039062,
    "F0515": 15.356986999511719,
    "F0626_rSDSS": 15.06104564666748,
    "F0660": 15.011411666870117,
    "F0769_iSDSS": 14.9227294921875,
    "F0861": 14.900997161865234,
    "F0883_zSDSS": 14.876304626464844
}