{
    "id": "gaia_xp_spectrum_6087998017602267392-Ref",
    "F0352_uJAVA": 16.706329345703125,
    "F0378": 16.510778427124023,
    "F0395": 16.42326545715332,
    "F0410": 15.828142166137695,
    "F0430": 15.77999210357666,
    "F0475_gSDSS": 15.416651725769043,
    "F0515": 15.240653991699219,
    "F0626_rSDSS": 14.938483238220215,
    "F0660": 14.886977195739746,
    "F0769_iSDSS": 14.809240341186523,
    "F0861": 14.797440528869629,
    "F0883_zSDSS": 14.77023983001709
}