{
    "id": "gaia_xp_spectrum_6088307598844665600-Ref",
    "F0352_uJAVA": 15.731812477111816,
    "F0378": 15.483592987060547,
    "F0395": 15.302512168884277,
    "F0410": 14.958852767944336,
    "F0430": 14.873663902282715,
    "F0475_gSDSS": 14.646135330200195,
    "F0515": 14.509052276611328,
    "F0626_rSDSS": 14.29902458190918,
    "F0660": 14.292806625366211,
    "F0769_iSDSS": 14.208240509033203,
    "F0861": 14.213312149047852,
    "F0883_zSDSS": 14.188640594482422
}