{
    "id": "gaia_xp_spectrum_6088312924604133504-Ref",
    "F0352_uJAVA": 16.48659896850586,
    "F0378": 16.342208862304688,
    "F0395": 16.30150604248047,
    "F0410": 15.746153831481934,
    "F0430": 15.672893524169922,
    "F0475_gSDSS": 15.303942680358887,
    "F0515": 15.117905616760254,
    "F0626_rSDSS": 14.816980361938477,
    "F0660": 14.770894050598145,
    "F0769_iSDSS": 14.66996955871582,
    "F0861": 14.642486572265625,
    "F0883_zSDSS": 14.61868667602539
}