{
    "id": "gaia_xp_spectrum_6087948505219216128-Ref",
    "F0352_uJAVA": 15.8256196975708,
    "F0378": 15.73325252532959,
    "F0395": 15.59129524230957,
    "F0410": 14.98421573638916,
    "F0430": 14.94408130645752,
    "F0475_gSDSS": 14.550858497619629,
    "F0515": 14.372469902038574,
    "F0626_rSDSS": 14.05553913116455,
    "F0660": 14.013574600219727,
    "F0769_iSDSS": 13.914570808410645,
    "F0861": 13.887459754943848,
    "F0883_zSDSS": 13.86788558959961
}