{
    "id": "gaia_xp_spectrum_6087948470859478016-Ref",
    "F0352_uJAVA": 16.804956436157227,
    "F0378": 16.47706413269043,
    "F0395": 16.399314880371094,
    "F0410": 15.997817993164062,
    "F0430": 15.954648971557617,
    "F0475_gSDSS": 15.655031204223633,
    "F0515": 15.497584342956543,
    "F0626_rSDSS": 15.237974166870117,
    "F0660": 15.202749252319336,
    "F0769_iSDSS": 15.119104385375977,
    "F0861": 15.106054306030273,
    "F0883_zSDSS": 15.082314491271973
}