{
    "id": "gaia_xp_spectrum_6088329829595560192-Ref",
    "F0352_uJAVA": 16.88672637939453,
    "F0378": 16.559667587280273,
    "F0395": 16.23479652404785,
    "F0410": 15.953627586364746,
    "F0430": 15.848067283630371,
    "F0475_gSDSS": 15.696375846862793,
    "F0515": 15.589096069335938,
    "F0626_rSDSS": 15.416337013244629,
    "F0660": 15.437679290771484,
    "F0769_iSDSS": 15.350881576538086,
    "F0861": 15.359506607055664,
    "F0883_zSDSS": 15.34583568572998
}