{
    "id": "gaia_xp_spectrum_6088324160238628992-Ref",
    "F0352_uJAVA": 16.200349807739258,
    "F0378": 15.993888854980469,
    "F0395": 16.019479751586914,
    "F0410": 15.459799766540527,
    "F0430": 15.415477752685547,
    "F0475_gSDSS": 15.089253425598145,
    "F0515": 14.915627479553223,
    "F0626_rSDSS": 14.623414993286133,
    "F0660": 14.586665153503418,
    "F0769_iSDSS": 14.470495223999023,
    "F0861": 14.436902046203613,
    "F0883_zSDSS": 14.409595489501953
}