{
    "id": "gaia_xp_spectrum_6087949948328248192-Ref",
    "F0352_uJAVA": 16.6566104888916,
    "F0378": 16.46907615661621,
    "F0395": 16.336122512817383,
    "F0410": 15.845976829528809,
    "F0430": 15.762206077575684,
    "F0475_gSDSS": 15.410187721252441,
    "F0515": 15.242447853088379,
    "F0626_rSDSS": 14.916784286499023,
    "F0660": 14.864748001098633,
    "F0769_iSDSS": 14.76292610168457,
    "F0861": 14.726017951965332,
    "F0883_zSDSS": 14.703742980957031
}