{
    "id": "gaia_xp_spectrum_6088328214687785856-Ref",
    "F0352_uJAVA": 15.58659839630127,
    "F0378": 15.308704376220703,
    "F0395": 15.086753845214844,
    "F0410": 14.784276008605957,
    "F0430": 14.706626892089844,
    "F0475_gSDSS": 14.510357856750488,
    "F0515": 14.378222465515137,
    "F0626_rSDSS": 14.200061798095703,
    "F0660": 14.198103904724121,
    "F0769_iSDSS": 14.11572265625,
    "F0861": 14.10198974609375,
    "F0883_zSDSS": 14.095660209655762
}