{
    "id": "gaia_xp_spectrum_6088004649031834880-Ref",
    "F0352_uJAVA": 16.593191146850586,
    "F0378": 16.381616592407227,
    "F0395": 16.245500564575195,
    "F0410": 15.824953079223633,
    "F0430": 15.757434844970703,
    "F0475_gSDSS": 15.466001510620117,
    "F0515": 15.3049955368042,
    "F0626_rSDSS": 15.037701606750488,
    "F0660": 15.0220308303833,
    "F0769_iSDSS": 14.911911964416504,
    "F0861": 14.889565467834473,
    "F0883_zSDSS": 14.873472213745117
}