{
    "id": "gaia_xp_spectrum_6087946340555706368-Ref",
    "F0352_uJAVA": 16.624160766601562,
    "F0378": 16.399063110351562,
    "F0395": 16.273895263671875,
    "F0410": 15.773633003234863,
    "F0430": 15.736261367797852,
    "F0475_gSDSS": 15.400147438049316,
    "F0515": 15.230607032775879,
    "F0626_rSDSS": 14.959700584411621,
    "F0660": 14.938474655151367,
    "F0769_iSDSS": 14.833500862121582,
    "F0861": 14.815085411071777,
    "F0883_zSDSS": 14.789921760559082
}