{
    "id": "gaia_xp_spectrum_6088310450702963328-Ref",
    "F0352_uJAVA": 14.7792329788208,
    "F0378": 14.562447547912598,
    "F0395": 14.247166633605957,
    "F0410": 14.246111869812012,
    "F0430": 14.266621589660645,
    "F0475_gSDSS": 14.329083442687988,
    "F0515": 14.38780403137207,
    "F0626_rSDSS": 14.594690322875977,
    "F0660": 14.704174995422363,
    "F0769_iSDSS": 14.845165252685547,
    "F0861": 14.995076179504395,
    "F0883_zSDSS": 15.013872146606445
}