{
    "id": "gaia_xp_spectrum_6088307598844668416-Ref",
    "F0352_uJAVA": 16.117202758789062,
    "F0378": 16.03448486328125,
    "F0395": 16.03577995300293,
    "F0410": 15.294811248779297,
    "F0430": 15.250470161437988,
    "F0475_gSDSS": 14.786917686462402,
    "F0515": 14.606950759887695,
    "F0626_rSDSS": 14.222210884094238,
    "F0660": 14.162023544311523,
    "F0769_iSDSS": 14.05505084991455,
    "F0861": 14.022917747497559,
    "F0883_zSDSS": 13.992587089538574
}