{
    "id": "gaia_xp_spectrum_6088376146522874752-Ref",
    "F0352_uJAVA": 15.709824562072754,
    "F0378": 15.435699462890625,
    "F0395": 15.340832710266113,
    "F0410": 14.924551010131836,
    "F0430": 14.846552848815918,
    "F0475_gSDSS": 14.585015296936035,
    "F0515": 14.4368896484375,
    "F0626_rSDSS": 14.195192337036133,
    "F0660": 14.16713809967041,
    "F0769_iSDSS": 14.093074798583984,
    "F0861": 14.079122543334961,
    "F0883_zSDSS": 14.064208984375
}