{
    "id": "gaia_xp_spectrum_6088318593961034624-Ref",
    "F0352_uJAVA": 16.67208480834961,
    "F0378": 16.458600997924805,
    "F0395": 16.355321884155273,
    "F0410": 15.915992736816406,
    "F0430": 15.869379997253418,
    "F0475_gSDSS": 15.571091651916504,
    "F0515": 15.407685279846191,
    "F0626_rSDSS": 15.13720417022705,
    "F0660": 15.108176231384277,
    "F0769_iSDSS": 14.998245239257812,
    "F0861": 14.96627426147461,
    "F0883_zSDSS": 14.951716423034668
}