{
    "id": "gaia_xp_spectrum_6088377520912419584-Ref",
    "F0352_uJAVA": 15.896527290344238,
    "F0378": 15.641117095947266,
    "F0395": 15.558653831481934,
    "F0410": 15.075321197509766,
    "F0430": 15.007291793823242,
    "F0475_gSDSS": 14.682733535766602,
    "F0515": 14.50369644165039,
    "F0626_rSDSS": 14.209203720092773,
    "F0660": 14.166984558105469,
    "F0769_iSDSS": 14.059659957885742,
    "F0861": 14.014307975769043,
    "F0883_zSDSS": 13.995965003967285
}