{
    "id": "gaia_xp_spectrum_6088312409208102400-Ref",
    "F0352_uJAVA": 16.758146286010742,
    "F0378": 16.549226760864258,
    "F0395": 16.370941162109375,
    "F0410": 15.965104103088379,
    "F0430": 15.864774703979492,
    "F0475_gSDSS": 15.606475830078125,
    "F0515": 15.453973770141602,
    "F0626_rSDSS": 15.199483871459961,
    "F0660": 15.1548433303833,
    "F0769_iSDSS": 15.075948715209961,
    "F0861": 15.055359840393066,
    "F0883_zSDSS": 15.034499168395996
}