{
    "id": "gaia_xp_spectrum_6088305090583743872-Ref",
    "F0352_uJAVA": 15.657609939575195,
    "F0378": 15.372649192810059,
    "F0395": 15.267687797546387,
    "F0410": 14.85979175567627,
    "F0430": 14.780517578125,
    "F0475_gSDSS": 14.55180549621582,
    "F0515": 14.426506996154785,
    "F0626_rSDSS": 14.201630592346191,
    "F0660": 14.191866874694824,
    "F0769_iSDSS": 14.120834350585938,
    "F0861": 14.125057220458984,
    "F0883_zSDSS": 14.105205535888672
}