{
    "id": "gaia_xp_spectrum_6087945653360904576-Ref",
    "F0352_uJAVA": 16.15447425842285,
    "F0378": 16.065343856811523,
    "F0395": 15.959273338317871,
    "F0410": 15.28343677520752,
    "F0430": 15.230921745300293,
    "F0475_gSDSS": 14.768071174621582,
    "F0515": 14.579010963439941,
    "F0626_rSDSS": 14.177678108215332,
    "F0660": 14.124804496765137,
    "F0769_iSDSS": 13.994091987609863,
    "F0861": 13.950569152832031,
    "F0883_zSDSS": 13.915620803833008
}