{
    "id": "gaia_xp_spectrum_6088309454270535168-Ref",
    "F0352_uJAVA": 16.510738372802734,
    "F0378": 16.410585403442383,
    "F0395": 16.26168441772461,
    "F0410": 15.59571361541748,
    "F0430": 15.497157096862793,
    "F0475_gSDSS": 15.073582649230957,
    "F0515": 14.89230728149414,
    "F0626_rSDSS": 14.52539348602295,
    "F0660": 14.466121673583984,
    "F0769_iSDSS": 14.385626792907715,
    "F0861": 14.353957176208496,
    "F0883_zSDSS": 14.333077430725098
}