{
    "id": "gaia_xp_spectrum_6088330963466881152-Ref",
    "F0352_uJAVA": 16.2231502532959,
    "F0378": 16.14971160888672,
    "F0395": 16.078948974609375,
    "F0410": 15.403965950012207,
    "F0430": 15.341712951660156,
    "F0475_gSDSS": 14.907069206237793,
    "F0515": 14.727005004882812,
    "F0626_rSDSS": 14.37181568145752,
    "F0660": 14.323921203613281,
    "F0769_iSDSS": 14.223867416381836,
    "F0861": 14.197356224060059,
    "F0883_zSDSS": 14.172560691833496
}