{
    "id": "gaia_xp_spectrum_6087999426351554432-Ref",
    "F0352_uJAVA": 16.9289608001709,
    "F0378": 16.62543487548828,
    "F0395": 16.429140090942383,
    "F0410": 16.08573341369629,
    "F0430": 15.967687606811523,
    "F0475_gSDSS": 15.789690017700195,
    "F0515": 15.663972854614258,
    "F0626_rSDSS": 15.467970848083496,
    "F0660": 15.460127830505371,
    "F0769_iSDSS": 15.373778343200684,
    "F0861": 15.358827590942383,
    "F0883_zSDSS": 15.348732948303223
}