{
    "id": "gaia_xp_spectrum_6088327355694328064-Ref",
    "F0352_uJAVA": 16.659753799438477,
    "F0378": 16.329010009765625,
    "F0395": 16.052339553833008,
    "F0410": 15.72311782836914,
    "F0430": 15.641776084899902,
    "F0475_gSDSS": 15.437494277954102,
    "F0515": 15.315069198608398,
    "F0626_rSDSS": 15.09621524810791,
    "F0660": 15.083404541015625,
    "F0769_iSDSS": 15.003790855407715,
    "F0861": 14.996220588684082,
    "F0883_zSDSS": 14.978560447692871
}