{
    "id": "gaia_xp_spectrum_6088335906967481344-Ref",
    "F0352_uJAVA": 15.63079833984375,
    "F0378": 15.401307106018066,
    "F0395": 15.311197280883789,
    "F0410": 14.860851287841797,
    "F0430": 14.790385246276855,
    "F0475_gSDSS": 14.489655494689941,
    "F0515": 14.330843925476074,
    "F0626_rSDSS": 14.054801940917969,
    "F0660": 14.0286865234375,
    "F0769_iSDSS": 13.926095962524414,
    "F0861": 13.905269622802734,
    "F0883_zSDSS": 13.88481330871582
}