{
    "id": "gaia_xp_spectrum_6088330413711044992-Ref",
    "F0352_uJAVA": 16.29254150390625,
    "F0378": 16.062458038330078,
    "F0395": 15.959202766418457,
    "F0410": 15.52916145324707,
    "F0430": 15.48847770690918,
    "F0475_gSDSS": 15.181374549865723,
    "F0515": 15.03359603881836,
    "F0626_rSDSS": 14.75174331665039,
    "F0660": 14.727781295776367,
    "F0769_iSDSS": 14.612279891967773,
    "F0861": 14.587197303771973,
    "F0883_zSDSS": 14.569046974182129
}