{
    "id": "gaia_xp_spectrum_6088304746986361472-Ref",
    "F0352_uJAVA": 16.335506439208984,
    "F0378": 16.154361724853516,
    "F0395": 16.02464485168457,
    "F0410": 15.530380249023438,
    "F0430": 15.452035903930664,
    "F0475_gSDSS": 15.114599227905273,
    "F0515": 14.955239295959473,
    "F0626_rSDSS": 14.649284362792969,
    "F0660": 14.618874549865723,
    "F0769_iSDSS": 14.516502380371094,
    "F0861": 14.490324974060059,
    "F0883_zSDSS": 14.468814849853516
}