{
    "id": "gaia_xp_spectrum_6088310244544544000-Ref",
    "F0352_uJAVA": 16.030488967895508,
    "F0378": 15.896096229553223,
    "F0395": 15.82804012298584,
    "F0410": 15.201754570007324,
    "F0430": 15.136731147766113,
    "F0475_gSDSS": 14.770110130310059,
    "F0515": 14.592418670654297,
    "F0626_rSDSS": 14.284136772155762,
    "F0660": 14.250520706176758,
    "F0769_iSDSS": 14.150406837463379,
    "F0861": 14.11935806274414,
    "F0883_zSDSS": 14.106273651123047
}