{
    "id": "gaia_xp_spectrum_6088328901882594560-Ref",
    "F0352_uJAVA": 15.846351623535156,
    "F0378": 15.631135940551758,
    "F0395": 15.607011795043945,
    "F0410": 15.040675163269043,
    "F0430": 14.990924835205078,
    "F0475_gSDSS": 14.607582092285156,
    "F0515": 14.43149185180664,
    "F0626_rSDSS": 14.106263160705566,
    "F0660": 14.054850578308105,
    "F0769_iSDSS": 13.950379371643066,
    "F0861": 13.9198579788208,
    "F0883_zSDSS": 13.892658233642578
}