{
    "id": "gaia_xp_spectrum_6088322957647766016-Ref",
    "F0352_uJAVA": 16.243484497070312,
    "F0378": 16.203210830688477,
    "F0395": 15.99081039428711,
    "F0410": 15.347360610961914,
    "F0430": 15.322948455810547,
    "F0475_gSDSS": 14.896709442138672,
    "F0515": 14.728523254394531,
    "F0626_rSDSS": 14.377632141113281,
    "F0660": 14.325430870056152,
    "F0769_iSDSS": 14.236431121826172,
    "F0861": 14.211403846740723,
    "F0883_zSDSS": 14.188370704650879
}