{
    "id": "gaia_xp_spectrum_6088326084383964672-Ref",
    "F0352_uJAVA": 16.630678176879883,
    "F0378": 16.346004486083984,
    "F0395": 16.294767379760742,
    "F0410": 15.899581909179688,
    "F0430": 15.82963752746582,
    "F0475_gSDSS": 15.460445404052734,
    "F0515": 15.27574634552002,
    "F0626_rSDSS": 14.874852180480957,
    "F0660": 14.801097869873047,
    "F0769_iSDSS": 14.631209373474121,
    "F0861": 14.534295082092285,
    "F0883_zSDSS": 14.50992202758789
}