{
    "id": "gaia_xp_spectrum_6087997227328260224-Ref",
    "F0352_uJAVA": 16.48909568786621,
    "F0378": 16.288970947265625,
    "F0395": 16.10719108581543,
    "F0410": 15.636786460876465,
    "F0430": 15.55240249633789,
    "F0475_gSDSS": 15.284989356994629,
    "F0515": 15.155031204223633,
    "F0626_rSDSS": 14.886445999145508,
    "F0660": 14.869623184204102,
    "F0769_iSDSS": 14.776878356933594,
    "F0861": 14.769613265991211,
    "F0883_zSDSS": 14.751791000366211
}