{
    "id": "gaia_xp_spectrum_6088382984110848128-Ref",
    "F0352_uJAVA": 16.624950408935547,
    "F0378": 16.29328727722168,
    "F0395": 16.16867446899414,
    "F0410": 15.761098861694336,
    "F0430": 15.6373291015625,
    "F0475_gSDSS": 15.450782775878906,
    "F0515": 15.312841415405273,
    "F0626_rSDSS": 15.131399154663086,
    "F0660": 15.135727882385254,
    "F0769_iSDSS": 15.074705123901367,
    "F0861": 15.088860511779785,
    "F0883_zSDSS": 15.075496673583984
}