{
    "id": "gaia_xp_spectrum_6087999907387903232-Ref",
    "F0352_uJAVA": 16.63739585876465,
    "F0378": 16.250991821289062,
    "F0395": 15.642301559448242,
    "F0410": 15.372455596923828,
    "F0430": 15.353718757629395,
    "F0475_gSDSS": 15.295927047729492,
    "F0515": 15.258928298950195,
    "F0626_rSDSS": 15.3143949508667,
    "F0660": 15.407637596130371,
    "F0769_iSDSS": 15.426614761352539,
    "F0861": 15.509571075439453,
    "F0883_zSDSS": 15.482453346252441
}