{
    "id": "gaia_xp_spectrum_6088375150090440960-Ref",
    "F0352_uJAVA": 16.47990608215332,
    "F0378": 16.30682945251465,
    "F0395": 16.22334098815918,
    "F0410": 15.649910926818848,
    "F0430": 15.615398406982422,
    "F0475_gSDSS": 15.248147010803223,
    "F0515": 15.077216148376465,
    "F0626_rSDSS": 14.76358413696289,
    "F0660": 14.709089279174805,
    "F0769_iSDSS": 14.615463256835938,
    "F0861": 14.588166236877441,
    "F0883_zSDSS": 14.56350040435791
}