{
    "id": "gaia_xp_spectrum_6087996879429579008-Ref",
    "F0352_uJAVA": 16.08918571472168,
    "F0378": 15.942289352416992,
    "F0395": 15.900214195251465,
    "F0410": 15.205567359924316,
    "F0430": 15.109173774719238,
    "F0475_gSDSS": 14.627340316772461,
    "F0515": 14.428252220153809,
    "F0626_rSDSS": 13.986031532287598,
    "F0660": 13.91353988647461,
    "F0769_iSDSS": 13.775836944580078,
    "F0861": 13.713249206542969,
    "F0883_zSDSS": 13.681727409362793
}