{
    "id": "gaia_xp_spectrum_6088331788100611200-Ref",
    "F0352_uJAVA": 16.366785049438477,
    "F0378": 16.238569259643555,
    "F0395": 16.178611755371094,
    "F0410": 15.615273475646973,
    "F0430": 15.513449668884277,
    "F0475_gSDSS": 15.185860633850098,
    "F0515": 15.013587951660156,
    "F0626_rSDSS": 14.716843605041504,
    "F0660": 14.67872428894043,
    "F0769_iSDSS": 14.581392288208008,
    "F0861": 14.550141334533691,
    "F0883_zSDSS": 14.534729957580566
}