{
    "id": "gaia_xp_spectrum_6088308217319935744-Ref",
    "F0352_uJAVA": 16.311986923217773,
    "F0378": 16.345964431762695,
    "F0395": 16.17786407470703,
    "F0410": 15.390750885009766,
    "F0430": 15.25136947631836,
    "F0475_gSDSS": 14.692248344421387,
    "F0515": 14.520356178283691,
    "F0626_rSDSS": 13.966951370239258,
    "F0660": 13.891880989074707,
    "F0769_iSDSS": 13.747954368591309,
    "F0861": 13.68929672241211,
    "F0883_zSDSS": 13.651036262512207
}