{
    "id": "gaia_xp_spectrum_6088323301245151744-Ref",
    "F0352_uJAVA": 16.162349700927734,
    "F0378": 16.093896865844727,
    "F0395": 15.94531536102295,
    "F0410": 15.260685920715332,
    "F0430": 15.15995979309082,
    "F0475_gSDSS": 14.726991653442383,
    "F0515": 14.541772842407227,
    "F0626_rSDSS": 14.166372299194336,
    "F0660": 14.109396934509277,
    "F0769_iSDSS": 14.011436462402344,
    "F0861": 13.986580848693848,
    "F0883_zSDSS": 13.951648712158203
}