{
    "id": "gaia_xp_spectrum_6087948436499732224-Ref",
    "F0352_uJAVA": 15.770605087280273,
    "F0378": 15.5220365524292,
    "F0395": 15.377347946166992,
    "F0410": 15.122516632080078,
    "F0430": 15.048660278320312,
    "F0475_gSDSS": 14.851631164550781,
    "F0515": 14.709452629089355,
    "F0626_rSDSS": 14.510892868041992,
    "F0660": 14.497665405273438,
    "F0769_iSDSS": 14.401165008544922,
    "F0861": 14.37662124633789,
    "F0883_zSDSS": 14.369844436645508
}