{
    "id": "gaia_xp_spectrum_6088378826582464512-Ref",
    "F0352_uJAVA": 16.208946228027344,
    "F0378": 16.084897994995117,
    "F0395": 15.932421684265137,
    "F0410": 15.296914100646973,
    "F0430": 15.205228805541992,
    "F0475_gSDSS": 14.761961936950684,
    "F0515": 14.572399139404297,
    "F0626_rSDSS": 14.181892395019531,
    "F0660": 14.120391845703125,
    "F0769_iSDSS": 14.017044067382812,
    "F0861": 13.983085632324219,
    "F0883_zSDSS": 13.951743125915527
}