{
    "id": "gaia_xp_spectrum_6088076323446138496-Ref",
    "F0352_uJAVA": 16.56526756286621,
    "F0378": 16.401473999023438,
    "F0395": 16.271520614624023,
    "F0410": 15.754315376281738,
    "F0430": 15.659568786621094,
    "F0475_gSDSS": 15.353967666625977,
    "F0515": 15.196698188781738,
    "F0626_rSDSS": 14.912015914916992,
    "F0660": 14.861136436462402,
    "F0769_iSDSS": 14.782623291015625,
    "F0861": 14.764487266540527,
    "F0883_zSDSS": 14.740607261657715
}