{
    "id": "gaia_xp_spectrum_6087874666141993344-Ref",
    "F0352_uJAVA": 16.498884201049805,
    "F0378": 16.337539672851562,
    "F0395": 16.25642204284668,
    "F0410": 15.688312530517578,
    "F0430": 15.62463665008545,
    "F0475_gSDSS": 15.302576065063477,
    "F0515": 15.147459983825684,
    "F0626_rSDSS": 14.855948448181152,
    "F0660": 14.833880424499512,
    "F0769_iSDSS": 14.721117973327637,
    "F0861": 14.700642585754395,
    "F0883_zSDSS": 14.677778244018555
}