{
    "id": "gaia_xp_spectrum_6087853466183287168-Ref",
    "F0352_uJAVA": 16.511295318603516,
    "F0378": 16.168249130249023,
    "F0395": 15.8560791015625,
    "F0410": 15.642532348632812,
    "F0430": 15.552322387695312,
    "F0475_gSDSS": 15.370475769042969,
    "F0515": 15.230792999267578,
    "F0626_rSDSS": 15.039409637451172,
    "F0660": 15.022137641906738,
    "F0769_iSDSS": 14.927958488464355,
    "F0861": 14.90030574798584,
    "F0883_zSDSS": 14.888480186462402
}