{
    "id": "gaia_xp_spectrum_6087870542973320064-Ref",
    "F0352_uJAVA": 16.77044105529785,
    "F0378": 16.471603393554688,
    "F0395": 16.391334533691406,
    "F0410": 16.03427505493164,
    "F0430": 15.99768352508545,
    "F0475_gSDSS": 15.698468208312988,
    "F0515": 15.5430269241333,
    "F0626_rSDSS": 15.27097225189209,
    "F0660": 15.24314022064209,
    "F0769_iSDSS": 15.13344955444336,
    "F0861": 15.102997779846191,
    "F0883_zSDSS": 15.081557273864746
}