{
    "id": "gaia_xp_spectrum_6087861197124494720-Ref",
    "F0352_uJAVA": 16.778648376464844,
    "F0378": 16.482757568359375,
    "F0395": 16.465700149536133,
    "F0410": 16.06203269958496,
    "F0430": 15.960524559020996,
    "F0475_gSDSS": 15.666579246520996,
    "F0515": 15.48723316192627,
    "F0626_rSDSS": 15.229255676269531,
    "F0660": 15.184081077575684,
    "F0769_iSDSS": 15.092565536499023,
    "F0861": 15.070110321044922,
    "F0883_zSDSS": 15.043704986572266
}