{
    "id": "gaia_xp_spectrum_6087860986664716672-Ref",
    "F0352_uJAVA": 16.094053268432617,
    "F0378": 15.972407341003418,
    "F0395": 15.926213264465332,
    "F0410": 15.305746078491211,
    "F0430": 15.224745750427246,
    "F0475_gSDSS": 14.84726619720459,
    "F0515": 14.660945892333984,
    "F0626_rSDSS": 14.346941947937012,
    "F0660": 14.295574188232422,
    "F0769_iSDSS": 14.199854850769043,
    "F0861": 14.1682767868042,
    "F0883_zSDSS": 14.149648666381836
}