{
    "id": "gaia_xp_spectrum_6087870336815102208-Ref",
    "F0352_uJAVA": 16.6525936126709,
    "F0378": 16.403249740600586,
    "F0395": 16.264694213867188,
    "F0410": 15.865434646606445,
    "F0430": 15.823894500732422,
    "F0475_gSDSS": 15.576066017150879,
    "F0515": 15.419877052307129,
    "F0626_rSDSS": 15.211832046508789,
    "F0660": 15.18496036529541,
    "F0769_iSDSS": 15.108749389648438,
    "F0861": 15.105015754699707,
    "F0883_zSDSS": 15.085386276245117
}