{
    "id": "gaia_xp_spectrum_6087859719655712000-Ref",
    "F0352_uJAVA": 16.013185501098633,
    "F0378": 15.831555366516113,
    "F0395": 15.737613677978516,
    "F0410": 15.209275245666504,
    "F0430": 15.153139114379883,
    "F0475_gSDSS": 14.805495262145996,
    "F0515": 14.654541969299316,
    "F0626_rSDSS": 14.357507705688477,
    "F0660": 14.307247161865234,
    "F0769_iSDSS": 14.229726791381836,
    "F0861": 14.217069625854492,
    "F0883_zSDSS": 14.19425106048584
}