{
    "id": "gaia_xp_spectrum_6087852916427477248-Ref",
    "F0352_uJAVA": 15.917767524719238,
    "F0378": 15.616928100585938,
    "F0395": 15.44713020324707,
    "F0410": 15.066330909729004,
    "F0430": 14.99605655670166,
    "F0475_gSDSS": 14.776705741882324,
    "F0515": 14.632843017578125,
    "F0626_rSDSS": 14.433558464050293,
    "F0660": 14.427943229675293,
    "F0769_iSDSS": 14.340063095092773,
    "F0861": 14.333666801452637,
    "F0883_zSDSS": 14.31969165802002
}