{
    "id": "gaia_xp_spectrum_6087844360852258048-Ref",
    "F0352_uJAVA": 16.84005355834961,
    "F0378": 16.604124069213867,
    "F0395": 16.431303024291992,
    "F0410": 16.007081985473633,
    "F0430": 15.938810348510742,
    "F0475_gSDSS": 15.650896072387695,
    "F0515": 15.493195533752441,
    "F0626_rSDSS": 15.227238655090332,
    "F0660": 15.20112133026123,
    "F0769_iSDSS": 15.101012229919434,
    "F0861": 15.082551002502441,
    "F0883_zSDSS": 15.059866905212402
}