{
    "id": "gaia_xp_spectrum_6088037668740427648-Ref",
    "F0352_uJAVA": 17.089332580566406,
    "F0378": 16.851913452148438,
    "F0395": 16.564809799194336,
    "F0410": 16.263399124145508,
    "F0430": 16.18091583251953,
    "F0475_gSDSS": 15.995559692382812,
    "F0515": 15.876388549804688,
    "F0626_rSDSS": 15.699810028076172,
    "F0660": 15.700411796569824,
    "F0769_iSDSS": 15.645821571350098,
    "F0861": 15.639037132263184,
    "F0883_zSDSS": 15.649460792541504
}