{
    "id": "gaia_xp_spectrum_6087862983830928768-Ref",
    "F0352_uJAVA": 16.610641479492188,
    "F0378": 16.413022994995117,
    "F0395": 16.371395111083984,
    "F0410": 15.84962272644043,
    "F0430": 15.771356582641602,
    "F0475_gSDSS": 15.454390525817871,
    "F0515": 15.279999732971191,
    "F0626_rSDSS": 15.009810447692871,
    "F0660": 14.984543800354004,
    "F0769_iSDSS": 14.881880760192871,
    "F0861": 14.876473426818848,
    "F0883_zSDSS": 14.841681480407715
}