{
    "id": "gaia_xp_spectrum_6087873257392697600-Ref",
    "F0352_uJAVA": 16.312541961669922,
    "F0378": 16.119773864746094,
    "F0395": 16.100868225097656,
    "F0410": 15.576680183410645,
    "F0430": 15.505911827087402,
    "F0475_gSDSS": 15.171957015991211,
    "F0515": 15.00625991821289,
    "F0626_rSDSS": 14.679157257080078,
    "F0660": 14.620080947875977,
    "F0769_iSDSS": 14.505683898925781,
    "F0861": 14.463021278381348,
    "F0883_zSDSS": 14.438011169433594
}