{
    "id": "gaia_xp_spectrum_6088051378276065152-Ref",
    "F0352_uJAVA": 16.86606216430664,
    "F0378": 16.668289184570312,
    "F0395": 16.66451072692871,
    "F0410": 16.038576126098633,
    "F0430": 15.982383728027344,
    "F0475_gSDSS": 15.556381225585938,
    "F0515": 15.354524612426758,
    "F0626_rSDSS": 14.958348274230957,
    "F0660": 14.878345489501953,
    "F0769_iSDSS": 14.740062713623047,
    "F0861": 14.668856620788574,
    "F0883_zSDSS": 14.634758949279785
}