{
    "id": "gaia_xp_spectrum_6087845082406774272-Ref",
    "F0352_uJAVA": 16.869808197021484,
    "F0378": 16.64206886291504,
    "F0395": 16.43205451965332,
    "F0410": 16.054136276245117,
    "F0430": 15.941990852355957,
    "F0475_gSDSS": 15.67654037475586,
    "F0515": 15.513157844543457,
    "F0626_rSDSS": 15.27072811126709,
    "F0660": 15.243424415588379,
    "F0769_iSDSS": 15.149331092834473,
    "F0861": 15.134430885314941,
    "F0883_zSDSS": 15.111211776733398
}