{
    "id": "gaia_xp_spectrum_6088051034678675584-Ref",
    "F0352_uJAVA": 16.301408767700195,
    "F0378": 16.29422378540039,
    "F0395": 16.114225387573242,
    "F0410": 15.437694549560547,
    "F0430": 15.366240501403809,
    "F0475_gSDSS": 14.914899826049805,
    "F0515": 14.722079277038574,
    "F0626_rSDSS": 14.336165428161621,
    "F0660": 14.282943725585938,
    "F0769_iSDSS": 14.163477897644043,
    "F0861": 14.119682312011719,
    "F0883_zSDSS": 14.085115432739258
}