{
    "id": "gaia_xp_spectrum_6087844154693820032-Ref",
    "F0352_uJAVA": 15.899502754211426,
    "F0378": 15.719954490661621,
    "F0395": 15.672444343566895,
    "F0410": 15.1740140914917,
    "F0430": 15.126933097839355,
    "F0475_gSDSS": 14.804712295532227,
    "F0515": 14.648859977722168,
    "F0626_rSDSS": 14.373141288757324,
    "F0660": 14.34835433959961,
    "F0769_iSDSS": 14.248588562011719,
    "F0861": 14.221582412719727,
    "F0883_zSDSS": 14.209461212158203
}