{
    "id": "gaia_xp_spectrum_6087851954355052288-Ref",
    "F0352_uJAVA": 15.96078872680664,
    "F0378": 15.840202331542969,
    "F0395": 15.722524642944336,
    "F0410": 15.241971969604492,
    "F0430": 15.192726135253906,
    "F0475_gSDSS": 14.804848670959473,
    "F0515": 14.634186744689941,
    "F0626_rSDSS": 14.26517105102539,
    "F0660": 14.20903491973877,
    "F0769_iSDSS": 14.081687927246094,
    "F0861": 14.021122932434082,
    "F0883_zSDSS": 13.996318817138672
}