{
    "id": "gaia_xp_spectrum_6087856764718209920-Ref",
    "F0352_uJAVA": 16.799880981445312,
    "F0378": 16.51764678955078,
    "F0395": 16.541399002075195,
    "F0410": 15.946321487426758,
    "F0430": 15.850037574768066,
    "F0475_gSDSS": 15.456103324890137,
    "F0515": 15.280025482177734,
    "F0626_rSDSS": 14.936346054077148,
    "F0660": 14.88841724395752,
    "F0769_iSDSS": 14.779661178588867,
    "F0861": 14.740486145019531,
    "F0883_zSDSS": 14.7183837890625
}