{
    "id": "gaia_xp_spectrum_6088058250224260736-Ref",
    "F0352_uJAVA": 16.59317970275879,
    "F0378": 16.430150985717773,
    "F0395": 16.320178985595703,
    "F0410": 15.712024688720703,
    "F0430": 15.657689094543457,
    "F0475_gSDSS": 15.25998592376709,
    "F0515": 15.074955940246582,
    "F0626_rSDSS": 14.741511344909668,
    "F0660": 14.702613830566406,
    "F0769_iSDSS": 14.581181526184082,
    "F0861": 14.536911010742188,
    "F0883_zSDSS": 14.517149925231934
}