{
    "id": "gaia_xp_spectrum_6087854359536502144-Ref",
    "F0352_uJAVA": 16.486724853515625,
    "F0378": 16.161582946777344,
    "F0395": 16.12913703918457,
    "F0410": 15.732090950012207,
    "F0430": 15.659443855285645,
    "F0475_gSDSS": 15.354902267456055,
    "F0515": 15.192100524902344,
    "F0626_rSDSS": 14.90921401977539,
    "F0660": 14.878270149230957,
    "F0769_iSDSS": 14.761666297912598,
    "F0861": 14.723939895629883,
    "F0883_zSDSS": 14.70762825012207
}