{
    "id": "gaia_xp_spectrum_6088034026608158848-Ref",
    "F0352_uJAVA": 16.403675079345703,
    "F0378": 16.253009796142578,
    "F0395": 16.073760986328125,
    "F0410": 15.579998016357422,
    "F0430": 15.505537033081055,
    "F0475_gSDSS": 15.195650100708008,
    "F0515": 15.038947105407715,
    "F0626_rSDSS": 14.761248588562012,
    "F0660": 14.726663589477539,
    "F0769_iSDSS": 14.641192436218262,
    "F0861": 14.628402709960938,
    "F0883_zSDSS": 14.604135513305664
}