{
    "id": "gaia_xp_spectrum_6087870680412296576-Ref",
    "F0352_uJAVA": 16.72406005859375,
    "F0378": 16.743741989135742,
    "F0395": 16.565034866333008,
    "F0410": 15.79710865020752,
    "F0430": 15.707033157348633,
    "F0475_gSDSS": 15.197003364562988,
    "F0515": 14.995777130126953,
    "F0626_rSDSS": 14.517645835876465,
    "F0660": 14.437313079833984,
    "F0769_iSDSS": 14.271586418151855,
    "F0861": 14.18903923034668,
    "F0883_zSDSS": 14.153449058532715
}