{
    "id": "gaia_xp_spectrum_6087860784807618944-Ref",
    "F0352_uJAVA": 16.866548538208008,
    "F0378": 16.72793197631836,
    "F0395": 16.53032684326172,
    "F0410": 16.119951248168945,
    "F0430": 16.065662384033203,
    "F0475_gSDSS": 15.778870582580566,
    "F0515": 15.634833335876465,
    "F0626_rSDSS": 15.367013931274414,
    "F0660": 15.327771186828613,
    "F0769_iSDSS": 15.22596549987793,
    "F0861": 15.215394973754883,
    "F0883_zSDSS": 15.18646240234375
}