{
    "id": "gaia_xp_spectrum_6087857280114306688-Ref",
    "F0352_uJAVA": 16.20930290222168,
    "F0378": 16.079227447509766,
    "F0395": 16.020069122314453,
    "F0410": 15.400083541870117,
    "F0430": 15.369718551635742,
    "F0475_gSDSS": 14.943496704101562,
    "F0515": 14.77388858795166,
    "F0626_rSDSS": 14.426301956176758,
    "F0660": 14.365852355957031,
    "F0769_iSDSS": 14.281740188598633,
    "F0861": 14.256935119628906,
    "F0883_zSDSS": 14.23129653930664
}