{
    "id": "gaia_xp_spectrum_6087856730358464384-Ref",
    "F0352_uJAVA": 16.270526885986328,
    "F0378": 16.078807830810547,
    "F0395": 16.023130416870117,
    "F0410": 15.547094345092773,
    "F0430": 15.489187240600586,
    "F0475_gSDSS": 15.133520126342773,
    "F0515": 14.968426704406738,
    "F0626_rSDSS": 14.673583984375,
    "F0660": 14.627545356750488,
    "F0769_iSDSS": 14.528118133544922,
    "F0861": 14.490732192993164,
    "F0883_zSDSS": 14.476532936096191
}