{
    "id": "gaia_xp_spectrum_6087864736177488512-Ref",
    "F0352_uJAVA": 16.917810440063477,
    "F0378": 16.650611877441406,
    "F0395": 16.40053367614746,
    "F0410": 16.07111358642578,
    "F0430": 15.97492504119873,
    "F0475_gSDSS": 15.786564826965332,
    "F0515": 15.667190551757812,
    "F0626_rSDSS": 15.465951919555664,
    "F0660": 15.455334663391113,
    "F0769_iSDSS": 15.372164726257324,
    "F0861": 15.351446151733398,
    "F0883_zSDSS": 15.34514331817627
}