{
    "id": "gaia_xp_spectrum_6088039318007884032-Ref",
    "F0352_uJAVA": 16.2420654296875,
    "F0378": 15.978621482849121,
    "F0395": 15.960210800170898,
    "F0410": 15.48849105834961,
    "F0430": 15.41042709350586,
    "F0475_gSDSS": 15.142247200012207,
    "F0515": 14.998672485351562,
    "F0626_rSDSS": 14.748745918273926,
    "F0660": 14.724382400512695,
    "F0769_iSDSS": 14.63805103302002,
    "F0861": 14.619682312011719,
    "F0883_zSDSS": 14.603585243225098
}