{
    "id": "gaia_xp_spectrum_6088060483606874624-Ref",
    "F0352_uJAVA": 16.426639556884766,
    "F0378": 16.23788833618164,
    "F0395": 16.14491081237793,
    "F0410": 15.66871452331543,
    "F0430": 15.582843780517578,
    "F0475_gSDSS": 15.260119438171387,
    "F0515": 15.100495338439941,
    "F0626_rSDSS": 14.793364524841309,
    "F0660": 14.75761604309082,
    "F0769_iSDSS": 14.648293495178223,
    "F0861": 14.607518196105957,
    "F0883_zSDSS": 14.5922269821167
}