{
    "id": "gaia_xp_spectrum_6087864289501124480-Ref",
    "F0352_uJAVA": 16.82665252685547,
    "F0378": 16.735427856445312,
    "F0395": 16.67635726928711,
    "F0410": 16.002506256103516,
    "F0430": 15.96212387084961,
    "F0475_gSDSS": 15.533788681030273,
    "F0515": 15.341867446899414,
    "F0626_rSDSS": 14.989601135253906,
    "F0660": 14.926909446716309,
    "F0769_iSDSS": 14.813688278198242,
    "F0861": 14.768080711364746,
    "F0883_zSDSS": 14.746269226074219
}