{
    "id": "gaia_xp_spectrum_6088060758485166976-Ref",
    "F0352_uJAVA": 16.188825607299805,
    "F0378": 15.998723983764648,
    "F0395": 15.90398120880127,
    "F0410": 15.273859024047852,
    "F0430": 15.22146224975586,
    "F0475_gSDSS": 14.835250854492188,
    "F0515": 14.668379783630371,
    "F0626_rSDSS": 14.344298362731934,
    "F0660": 14.29842472076416,
    "F0769_iSDSS": 14.22242259979248,
    "F0861": 14.204081535339355,
    "F0883_zSDSS": 14.184247016906738
}