{
    "id": "gaia_xp_spectrum_6088059143577455488-Ref",
    "F0352_uJAVA": 16.388399124145508,
    "F0378": 16.16946792602539,
    "F0395": 16.180295944213867,
    "F0410": 15.503792762756348,
    "F0430": 15.389776229858398,
    "F0475_gSDSS": 14.930208206176758,
    "F0515": 14.70081615447998,
    "F0626_rSDSS": 14.25267505645752,
    "F0660": 14.17338752746582,
    "F0769_iSDSS": 13.997955322265625,
    "F0861": 13.90806770324707,
    "F0883_zSDSS": 13.869880676269531
}