{
    "id": "gaia_xp_spectrum_6088067596072731648-Ref",
    "F0352_uJAVA": 16.155921936035156,
    "F0378": 15.849047660827637,
    "F0395": 15.498513221740723,
    "F0410": 15.109954833984375,
    "F0430": 14.967570304870605,
    "F0475_gSDSS": 14.757962226867676,
    "F0515": 14.640328407287598,
    "F0626_rSDSS": 14.409173965454102,
    "F0660": 14.417522430419922,
    "F0769_iSDSS": 14.339791297912598,
    "F0861": 14.341007232666016,
    "F0883_zSDSS": 14.311020851135254
}