{
    "id": "gaia_xp_spectrum_6087862983830929792-Ref",
    "F0352_uJAVA": 15.876784324645996,
    "F0378": 15.651862144470215,
    "F0395": 15.589405059814453,
    "F0410": 15.117030143737793,
    "F0430": 15.071972846984863,
    "F0475_gSDSS": 14.810325622558594,
    "F0515": 14.66927433013916,
    "F0626_rSDSS": 14.435813903808594,
    "F0660": 14.41152286529541,
    "F0769_iSDSS": 14.329462051391602,
    "F0861": 14.31369400024414,
    "F0883_zSDSS": 14.301667213439941
}