{
    "id": "gaia_xp_spectrum_6088061407020228608-Ref",
    "F0352_uJAVA": 16.359045028686523,
    "F0378": 15.865692138671875,
    "F0395": 15.506187438964844,
    "F0410": 15.282245635986328,
    "F0430": 15.238269805908203,
    "F0475_gSDSS": 15.126797676086426,
    "F0515": 15.071767807006836,
    "F0626_rSDSS": 14.994414329528809,
    "F0660": 15.048368453979492,
    "F0769_iSDSS": 15.01529598236084,
    "F0861": 15.042795181274414,
    "F0883_zSDSS": 15.039549827575684
}