{
    "id": "gaia_xp_spectrum_6088067458633773696-Ref",
    "F0352_uJAVA": 16.014713287353516,
    "F0378": 15.871994972229004,
    "F0395": 15.736350059509277,
    "F0410": 15.22477912902832,
    "F0430": 15.176056861877441,
    "F0475_gSDSS": 14.826275825500488,
    "F0515": 14.661309242248535,
    "F0626_rSDSS": 14.374555587768555,
    "F0660": 14.331509590148926,
    "F0769_iSDSS": 14.257506370544434,
    "F0861": 14.237739562988281,
    "F0883_zSDSS": 14.220128059387207
}