{
    "id": "gaia_xp_spectrum_6087845288565197184-Ref",
    "F0352_uJAVA": 15.976990699768066,
    "F0378": 15.856536865234375,
    "F0395": 15.807435989379883,
    "F0410": 15.108051300048828,
    "F0430": 15.051888465881348,
    "F0475_gSDSS": 14.63839340209961,
    "F0515": 14.451189041137695,
    "F0626_rSDSS": 14.105977058410645,
    "F0660": 14.05517578125,
    "F0769_iSDSS": 13.954082489013672,
    "F0861": 13.924001693725586,
    "F0883_zSDSS": 13.895100593566895
}