{
    "id": "gaia_xp_spectrum_6087868378310003200-Ref",
    "F0352_uJAVA": 16.42920684814453,
    "F0378": 16.12339210510254,
    "F0395": 16.062768936157227,
    "F0410": 15.66651725769043,
    "F0430": 15.597298622131348,
    "F0475_gSDSS": 15.351771354675293,
    "F0515": 15.213443756103516,
    "F0626_rSDSS": 15.008859634399414,
    "F0660": 14.998852729797363,
    "F0769_iSDSS": 14.912759780883789,
    "F0861": 14.912789344787598,
    "F0883_zSDSS": 14.897185325622559
}