{
    "id": "gaia_xp_spectrum_6087880507297554560-Ref",
    "F0352_uJAVA": 16.82695198059082,
    "F0378": 16.751712799072266,
    "F0395": 16.660301208496094,
    "F0410": 15.999351501464844,
    "F0430": 15.920284271240234,
    "F0475_gSDSS": 15.511190414428711,
    "F0515": 15.320354461669922,
    "F0626_rSDSS": 14.95865249633789,
    "F0660": 14.905341148376465,
    "F0769_iSDSS": 14.785501480102539,
    "F0861": 14.745491981506348,
    "F0883_zSDSS": 14.71798324584961
}