{
    "id": "gaia_xp_spectrum_6088061445679554176-Ref",
    "F0352_uJAVA": 16.250505447387695,
    "F0378": 15.979365348815918,
    "F0395": 15.79830551147461,
    "F0410": 15.392669677734375,
    "F0430": 15.29446029663086,
    "F0475_gSDSS": 15.060117721557617,
    "F0515": 14.93004322052002,
    "F0626_rSDSS": 14.695647239685059,
    "F0660": 14.670083045959473,
    "F0769_iSDSS": 14.609500885009766,
    "F0861": 14.605819702148438,
    "F0883_zSDSS": 14.587357521057129
}