{
    "id": "gaia_xp_spectrum_6088058593821103616-Ref",
    "F0352_uJAVA": 16.601119995117188,
    "F0378": 16.509103775024414,
    "F0395": 16.3813533782959,
    "F0410": 15.78394889831543,
    "F0430": 15.736611366271973,
    "F0475_gSDSS": 15.280378341674805,
    "F0515": 15.115730285644531,
    "F0626_rSDSS": 14.68750286102295,
    "F0660": 14.626419067382812,
    "F0769_iSDSS": 14.488789558410645,
    "F0861": 14.428133964538574,
    "F0883_zSDSS": 14.399090766906738
}