{
    "id": "gaia_xp_spectrum_6088033408132859776-Ref",
    "F0352_uJAVA": 16.645902633666992,
    "F0378": 16.53426170349121,
    "F0395": 16.441879272460938,
    "F0410": 15.864466667175293,
    "F0430": 15.847862243652344,
    "F0475_gSDSS": 15.458267211914062,
    "F0515": 15.287235260009766,
    "F0626_rSDSS": 14.984384536743164,
    "F0660": 14.93991756439209,
    "F0769_iSDSS": 14.836593627929688,
    "F0861": 14.809263229370117,
    "F0883_zSDSS": 14.78293228149414
}