{
    "id": "gaia_xp_spectrum_6087860475569989632-Ref",
    "F0352_uJAVA": 15.881901741027832,
    "F0378": 15.612863540649414,
    "F0395": 15.444289207458496,
    "F0410": 15.041510581970215,
    "F0430": 14.984960556030273,
    "F0475_gSDSS": 14.742730140686035,
    "F0515": 14.61088752746582,
    "F0626_rSDSS": 14.416306495666504,
    "F0660": 14.404229164123535,
    "F0769_iSDSS": 14.33585262298584,
    "F0861": 14.337003707885742,
    "F0883_zSDSS": 14.320807456970215
}