{
    "id": "gaia_xp_spectrum_6087872329679781120-Ref",
    "F0352_uJAVA": 16.13870620727539,
    "F0378": 16.00078582763672,
    "F0395": 15.916010856628418,
    "F0410": 15.307441711425781,
    "F0430": 15.228218078613281,
    "F0475_gSDSS": 14.833234786987305,
    "F0515": 14.661575317382812,
    "F0626_rSDSS": 14.30928897857666,
    "F0660": 14.273892402648926,
    "F0769_iSDSS": 14.152849197387695,
    "F0861": 14.110848426818848,
    "F0883_zSDSS": 14.095778465270996
}