{
    "id": "gaia_xp_spectrum_6087872741996580480-Ref",
    "F0352_uJAVA": 16.20185089111328,
    "F0378": 16.039630889892578,
    "F0395": 15.7939453125,
    "F0410": 15.427701950073242,
    "F0430": 15.340860366821289,
    "F0475_gSDSS": 15.113969802856445,
    "F0515": 14.977938652038574,
    "F0626_rSDSS": 14.769407272338867,
    "F0660": 14.745612144470215,
    "F0769_iSDSS": 14.671346664428711,
    "F0861": 14.657675743103027,
    "F0883_zSDSS": 14.652576446533203
}