{
    "id": "gaia_xp_spectrum_6088065843726078720-Ref",
    "F0352_uJAVA": 16.590810775756836,
    "F0378": 16.533374786376953,
    "F0395": 16.457000732421875,
    "F0410": 15.760207176208496,
    "F0430": 15.687261581420898,
    "F0475_gSDSS": 15.179839134216309,
    "F0515": 14.970677375793457,
    "F0626_rSDSS": 14.505322456359863,
    "F0660": 14.427265167236328,
    "F0769_iSDSS": 14.252167701721191,
    "F0861": 14.170296669006348,
    "F0883_zSDSS": 14.123675346374512
}