{
    "id": "gaia_xp_spectrum_6087848930697758336-Ref",
    "F0352_uJAVA": 16.663311004638672,
    "F0378": 16.44487953186035,
    "F0395": 16.37234878540039,
    "F0410": 15.857171058654785,
    "F0430": 15.75558853149414,
    "F0475_gSDSS": 15.386568069458008,
    "F0515": 15.195405006408691,
    "F0626_rSDSS": 14.87242317199707,
    "F0660": 14.826058387756348,
    "F0769_iSDSS": 14.730154991149902,
    "F0861": 14.706805229187012,
    "F0883_zSDSS": 14.6749906539917
}