{
    "id": "gaia_xp_spectrum_6088064469336928384-Ref",
    "F0352_uJAVA": 16.303688049316406,
    "F0378": 16.135906219482422,
    "F0395": 16.081146240234375,
    "F0410": 15.470125198364258,
    "F0430": 15.427292823791504,
    "F0475_gSDSS": 15.046350479125977,
    "F0515": 14.892712593078613,
    "F0626_rSDSS": 14.574562072753906,
    "F0660": 14.528605461120605,
    "F0769_iSDSS": 14.44422435760498,
    "F0861": 14.418603897094727,
    "F0883_zSDSS": 14.399004936218262
}