{
    "id": "gaia_xp_spectrum_6088039249288409600-Ref",
    "F0352_uJAVA": 17.03225326538086,
    "F0378": 16.751102447509766,
    "F0395": 16.528175354003906,
    "F0410": 16.205015182495117,
    "F0430": 16.10246467590332,
    "F0475_gSDSS": 15.877182006835938,
    "F0515": 15.737127304077148,
    "F0626_rSDSS": 15.502083778381348,
    "F0660": 15.470938682556152,
    "F0769_iSDSS": 15.390740394592285,
    "F0861": 15.38223934173584,
    "F0883_zSDSS": 15.358309745788574
}