{
    "id": "gaia_xp_spectrum_6088064297538237952-Ref",
    "F0352_uJAVA": 16.24756622314453,
    "F0378": 16.198810577392578,
    "F0395": 16.077728271484375,
    "F0410": 15.347344398498535,
    "F0430": 15.27066707611084,
    "F0475_gSDSS": 14.839546203613281,
    "F0515": 14.662538528442383,
    "F0626_rSDSS": 14.292014122009277,
    "F0660": 14.244833946228027,
    "F0769_iSDSS": 14.145837783813477,
    "F0861": 14.115540504455566,
    "F0883_zSDSS": 14.093047142028809
}