{
    "id": "gaia_xp_spectrum_6088065190891430272-Ref",
    "F0352_uJAVA": 16.605388641357422,
    "F0378": 16.34760856628418,
    "F0395": 16.299657821655273,
    "F0410": 15.939464569091797,
    "F0430": 15.874687194824219,
    "F0475_gSDSS": 15.628446578979492,
    "F0515": 15.499613761901855,
    "F0626_rSDSS": 15.256414413452148,
    "F0660": 15.225479125976562,
    "F0769_iSDSS": 15.144137382507324,
    "F0861": 15.11587142944336,
    "F0883_zSDSS": 15.105742454528809
}