{
    "id": "gaia_xp_spectrum_6087864701817744512-Ref",
    "F0352_uJAVA": 16.081218719482422,
    "F0378": 15.9813232421875,
    "F0395": 15.89256763458252,
    "F0410": 15.17363166809082,
    "F0430": 15.107878684997559,
    "F0475_gSDSS": 14.669185638427734,
    "F0515": 14.490067481994629,
    "F0626_rSDSS": 14.108012199401855,
    "F0660": 14.059722900390625,
    "F0769_iSDSS": 13.949432373046875,
    "F0861": 13.915936470031738,
    "F0883_zSDSS": 13.887983322143555
}