{
    "id": "gaia_xp_spectrum_6088061376960075008-Ref",
    "F0352_uJAVA": 16.85431671142578,
    "F0378": 16.6939640045166,
    "F0395": 16.612672805786133,
    "F0410": 16.071809768676758,
    "F0430": 16.049076080322266,
    "F0475_gSDSS": 15.738035202026367,
    "F0515": 15.590961456298828,
    "F0626_rSDSS": 15.320807456970215,
    "F0660": 15.293212890625,
    "F0769_iSDSS": 15.206986427307129,
    "F0861": 15.197566986083984,
    "F0883_zSDSS": 15.170612335205078
}