{
    "id": "gaia_xp_spectrum_6088065603208303872-Ref",
    "F0352_uJAVA": 16.850812911987305,
    "F0378": 16.771059036254883,
    "F0395": 16.635013580322266,
    "F0410": 16.029970169067383,
    "F0430": 16.006067276000977,
    "F0475_gSDSS": 15.593856811523438,
    "F0515": 15.4298677444458,
    "F0626_rSDSS": 15.083696365356445,
    "F0660": 15.014137268066406,
    "F0769_iSDSS": 14.926326751708984,
    "F0861": 14.891959190368652,
    "F0883_zSDSS": 14.869409561157227
}