{
    "id": "gaia_xp_spectrum_6087844532650951168-Ref",
    "F0352_uJAVA": 15.99698257446289,
    "F0378": 15.611726760864258,
    "F0395": 15.134572982788086,
    "F0410": 14.890470504760742,
    "F0430": 14.806633949279785,
    "F0475_gSDSS": 14.696168899536133,
    "F0515": 14.616070747375488,
    "F0626_rSDSS": 14.559677124023438,
    "F0660": 14.617615699768066,
    "F0769_iSDSS": 14.59061050415039,
    "F0861": 14.639883995056152,
    "F0883_zSDSS": 14.62777328491211
}