{
    "id": "gaia_xp_spectrum_6087856558559761920-Ref",
    "F0352_uJAVA": 16.51500129699707,
    "F0378": 16.34059715270996,
    "F0395": 16.232467651367188,
    "F0410": 15.652332305908203,
    "F0430": 15.591404914855957,
    "F0475_gSDSS": 15.247575759887695,
    "F0515": 15.06994915008545,
    "F0626_rSDSS": 14.791183471679688,
    "F0660": 14.749920845031738,
    "F0769_iSDSS": 14.659186363220215,
    "F0861": 14.63100814819336,
    "F0883_zSDSS": 14.609355926513672
}