{
    "id": "gaia_xp_spectrum_6087856077523429760-Ref",
    "F0352_uJAVA": 16.11620330810547,
    "F0378": 15.944694519042969,
    "F0395": 15.824494361877441,
    "F0410": 15.328808784484863,
    "F0430": 15.263547897338867,
    "F0475_gSDSS": 14.920219421386719,
    "F0515": 14.750642776489258,
    "F0626_rSDSS": 14.459222793579102,
    "F0660": 14.413856506347656,
    "F0769_iSDSS": 14.323307991027832,
    "F0861": 14.299957275390625,
    "F0883_zSDSS": 14.275729179382324
}