{
    "id": "gaia_xp_spectrum_6088062545191559680-Ref",
    "F0352_uJAVA": 16.63690757751465,
    "F0378": 16.580745697021484,
    "F0395": 16.413408279418945,
    "F0410": 15.74911117553711,
    "F0430": 15.696578979492188,
    "F0475_gSDSS": 15.25048828125,
    "F0515": 15.066956520080566,
    "F0626_rSDSS": 14.68535041809082,
    "F0660": 14.614835739135742,
    "F0769_iSDSS": 14.51841926574707,
    "F0861": 14.478984832763672,
    "F0883_zSDSS": 14.44934368133545
}