{
    "id": "gaia_xp_spectrum_6088063816501880832-Ref",
    "F0352_uJAVA": 16.619081497192383,
    "F0378": 16.485368728637695,
    "F0395": 16.43808937072754,
    "F0410": 15.795293807983398,
    "F0430": 15.716443061828613,
    "F0475_gSDSS": 15.301899909973145,
    "F0515": 15.119319915771484,
    "F0626_rSDSS": 14.747917175292969,
    "F0660": 14.698878288269043,
    "F0769_iSDSS": 14.581162452697754,
    "F0861": 14.533985137939453,
    "F0883_zSDSS": 14.510336875915527
}