{
    "id": "gaia_xp_spectrum_6087853156945620992-Ref",
    "F0352_uJAVA": 15.664824485778809,
    "F0378": 15.42869758605957,
    "F0395": 15.263964653015137,
    "F0410": 14.818696022033691,
    "F0430": 14.734760284423828,
    "F0475_gSDSS": 14.492473602294922,
    "F0515": 14.348867416381836,
    "F0626_rSDSS": 14.146923065185547,
    "F0660": 14.151347160339355,
    "F0769_iSDSS": 14.071293830871582,
    "F0861": 14.082158088684082,
    "F0883_zSDSS": 14.065094947814941
}