{
    "id": "gaia_xp_spectrum_6087851885635576448-Ref",
    "F0352_uJAVA": 16.92940902709961,
    "F0378": 16.75413703918457,
    "F0395": 16.646574020385742,
    "F0410": 16.05078125,
    "F0430": 16.00201988220215,
    "F0475_gSDSS": 15.611493110656738,
    "F0515": 15.44577407836914,
    "F0626_rSDSS": 15.087230682373047,
    "F0660": 15.039453506469727,
    "F0769_iSDSS": 14.913640022277832,
    "F0861": 14.859336853027344,
    "F0883_zSDSS": 14.839099884033203
}