{
    "id": "gaia_xp_spectrum_6087851194139302656-Ref",
    "F0352_uJAVA": 16.079870223999023,
    "F0378": 15.834325790405273,
    "F0395": 15.761686325073242,
    "F0410": 15.257242202758789,
    "F0430": 15.211465835571289,
    "F0475_gSDSS": 14.940337181091309,
    "F0515": 14.789877891540527,
    "F0626_rSDSS": 14.55545425415039,
    "F0660": 14.522883415222168,
    "F0769_iSDSS": 14.453668594360352,
    "F0861": 14.441540718078613,
    "F0883_zSDSS": 14.425758361816406
}