{
    "id": "gaia_xp_spectrum_6088036259991153792-Ref",
    "F0352_uJAVA": 16.802675247192383,
    "F0378": 16.66140365600586,
    "F0395": 16.534116744995117,
    "F0410": 15.958646774291992,
    "F0430": 15.897865295410156,
    "F0475_gSDSS": 15.549635887145996,
    "F0515": 15.378910064697266,
    "F0626_rSDSS": 15.071691513061523,
    "F0660": 15.04339599609375,
    "F0769_iSDSS": 14.937603950500488,
    "F0861": 14.91540241241455,
    "F0883_zSDSS": 14.886029243469238
}