{
    "id": "gaia_xp_spectrum_6087878583152191232-Ref",
    "F0352_uJAVA": 16.501340866088867,
    "F0378": 16.23534393310547,
    "F0395": 16.21540069580078,
    "F0410": 15.667265892028809,
    "F0430": 15.597664833068848,
    "F0475_gSDSS": 15.277861595153809,
    "F0515": 15.127252578735352,
    "F0626_rSDSS": 14.836691856384277,
    "F0660": 14.795618057250977,
    "F0769_iSDSS": 14.708769798278809,
    "F0861": 14.69458293914795,
    "F0883_zSDSS": 14.67192268371582
}