{
    "id": "gaia_xp_spectrum_6088061514399032064-Ref",
    "F0352_uJAVA": 16.582298278808594,
    "F0378": 16.38727569580078,
    "F0395": 16.20536231994629,
    "F0410": 15.674613952636719,
    "F0430": 15.593762397766113,
    "F0475_gSDSS": 15.326467514038086,
    "F0515": 15.152099609375,
    "F0626_rSDSS": 14.94631290435791,
    "F0660": 14.916581153869629,
    "F0769_iSDSS": 14.855005264282227,
    "F0861": 14.845854759216309,
    "F0883_zSDSS": 14.833939552307129
}