{
    "id": "gaia_xp_spectrum_6087877999036636544-Ref",
    "F0352_uJAVA": 16.519371032714844,
    "F0378": 16.329622268676758,
    "F0395": 16.305156707763672,
    "F0410": 15.681428909301758,
    "F0430": 15.603973388671875,
    "F0475_gSDSS": 15.204106330871582,
    "F0515": 15.033920288085938,
    "F0626_rSDSS": 14.65811824798584,
    "F0660": 14.592768669128418,
    "F0769_iSDSS": 14.501219749450684,
    "F0861": 14.463777542114258,
    "F0883_zSDSS": 14.439760208129883
}