{
    "id": "gaia_xp_spectrum_6087851748196336640-Ref",
    "F0352_uJAVA": 16.691482543945312,
    "F0378": 16.530452728271484,
    "F0395": 16.502452850341797,
    "F0410": 15.83123779296875,
    "F0430": 15.736751556396484,
    "F0475_gSDSS": 15.329078674316406,
    "F0515": 15.133138656616211,
    "F0626_rSDSS": 14.769779205322266,
    "F0660": 14.704549789428711,
    "F0769_iSDSS": 14.602912902832031,
    "F0861": 14.563003540039062,
    "F0883_zSDSS": 14.529704093933105
}