{
    "id": "gaia_xp_spectrum_6087873394831654144-Ref",
    "F0352_uJAVA": 16.671524047851562,
    "F0378": 16.388076782226562,
    "F0395": 16.264999389648438,
    "F0410": 15.914263725280762,
    "F0430": 15.835187911987305,
    "F0475_gSDSS": 15.593063354492188,
    "F0515": 15.461359977722168,
    "F0626_rSDSS": 15.20271110534668,
    "F0660": 15.162896156311035,
    "F0769_iSDSS": 15.081591606140137,
    "F0861": 15.073954582214355,
    "F0883_zSDSS": 15.048657417297363
}