{
    "id": "gaia_xp_spectrum_6087857280114303232-Ref",
    "F0352_uJAVA": 16.073057174682617,
    "F0378": 15.68353271484375,
    "F0395": 15.590873718261719,
    "F0410": 15.257445335388184,
    "F0430": 15.207478523254395,
    "F0475_gSDSS": 14.962653160095215,
    "F0515": 14.809082984924316,
    "F0626_rSDSS": 14.59221363067627,
    "F0660": 14.556200981140137,
    "F0769_iSDSS": 14.479826927185059,
    "F0861": 14.461943626403809,
    "F0883_zSDSS": 14.447181701660156
}