{
    "id": "gaia_xp_spectrum_6088051412635799040-Ref",
    "F0352_uJAVA": 15.872814178466797,
    "F0378": 15.604612350463867,
    "F0395": 15.518046379089355,
    "F0410": 15.037095069885254,
    "F0430": 14.970026969909668,
    "F0475_gSDSS": 14.676841735839844,
    "F0515": 14.533936500549316,
    "F0626_rSDSS": 14.26111888885498,
    "F0660": 14.23159122467041,
    "F0769_iSDSS": 14.140366554260254,
    "F0861": 14.120853424072266,
    "F0883_zSDSS": 14.09724235534668
}