{
    "id": "gaia_xp_spectrum_6088060105649751680-Ref",
    "F0352_uJAVA": 16.32304573059082,
    "F0378": 16.085697174072266,
    "F0395": 15.90456771850586,
    "F0410": 15.50478744506836,
    "F0430": 15.4191312789917,
    "F0475_gSDSS": 15.157724380493164,
    "F0515": 15.000481605529785,
    "F0626_rSDSS": 14.77017593383789,
    "F0660": 14.741386413574219,
    "F0769_iSDSS": 14.665629386901855,
    "F0861": 14.660971641540527,
    "F0883_zSDSS": 14.637730598449707
}