{
    "id": "gaia_xp_spectrum_6088070928967356544-Ref",
    "F0352_uJAVA": 16.059188842773438,
    "F0378": 15.906294822692871,
    "F0395": 15.781233787536621,
    "F0410": 15.290548324584961,
    "F0430": 15.232514381408691,
    "F0475_gSDSS": 14.904250144958496,
    "F0515": 14.746613502502441,
    "F0626_rSDSS": 14.464333534240723,
    "F0660": 14.42426586151123,
    "F0769_iSDSS": 14.341862678527832,
    "F0861": 14.330286979675293,
    "F0883_zSDSS": 14.303783416748047
}