{
    "id": "gaia_xp_spectrum_6087866797761834240-Ref",
    "F0352_uJAVA": 16.84258270263672,
    "F0378": 16.589570999145508,
    "F0395": 16.44754981994629,
    "F0410": 16.032493591308594,
    "F0430": 15.973756790161133,
    "F0475_gSDSS": 15.69005298614502,
    "F0515": 15.5546293258667,
    "F0626_rSDSS": 15.296770095825195,
    "F0660": 15.280665397644043,
    "F0769_iSDSS": 15.1808500289917,
    "F0861": 15.161662101745605,
    "F0883_zSDSS": 15.14843463897705
}