{
    "id": "gaia_xp_spectrum_6087873223032962048-Ref",
    "F0352_uJAVA": 16.471914291381836,
    "F0378": 16.349416732788086,
    "F0395": 16.37815284729004,
    "F0410": 15.601493835449219,
    "F0430": 15.5521879196167,
    "F0475_gSDSS": 15.033053398132324,
    "F0515": 14.852378845214844,
    "F0626_rSDSS": 14.368470191955566,
    "F0660": 14.295624732971191,
    "F0769_iSDSS": 14.13765811920166,
    "F0861": 14.064356803894043,
    "F0883_zSDSS": 14.029230117797852
}