{
    "id": "gaia_xp_spectrum_6087869924498235136-Ref",
    "F0352_uJAVA": 16.605411529541016,
    "F0378": 16.47685432434082,
    "F0395": 16.37312126159668,
    "F0410": 15.732800483703613,
    "F0430": 15.63118839263916,
    "F0475_gSDSS": 15.175463676452637,
    "F0515": 14.964531898498535,
    "F0626_rSDSS": 14.587823867797852,
    "F0660": 14.523853302001953,
    "F0769_iSDSS": 14.410074234008789,
    "F0861": 14.368524551391602,
    "F0883_zSDSS": 14.331931114196777
}