{
    "id": "gaia_xp_spectrum_6087866041847581952-Ref",
    "F0352_uJAVA": 16.42249298095703,
    "F0378": 16.1171875,
    "F0395": 15.81450080871582,
    "F0410": 15.50932502746582,
    "F0430": 15.455723762512207,
    "F0475_gSDSS": 15.276167869567871,
    "F0515": 15.153159141540527,
    "F0626_rSDSS": 15.01098918914795,
    "F0660": 15.019601821899414,
    "F0769_iSDSS": 14.948697090148926,
    "F0861": 14.947842597961426,
    "F0883_zSDSS": 14.946619033813477
}