{
    "id": "gaia_xp_spectrum_6087878892389844096-Ref",
    "F0352_uJAVA": 16.672863006591797,
    "F0378": 16.415565490722656,
    "F0395": 16.30668830871582,
    "F0410": 15.860401153564453,
    "F0430": 15.807474136352539,
    "F0475_gSDSS": 15.571127891540527,
    "F0515": 15.442718505859375,
    "F0626_rSDSS": 15.223833084106445,
    "F0660": 15.218303680419922,
    "F0769_iSDSS": 15.127866744995117,
    "F0861": 15.127039909362793,
    "F0883_zSDSS": 15.110649108886719
}