{
    "id": "gaia_xp_spectrum_6088061308240597760-Ref",
    "F0352_uJAVA": 15.927107810974121,
    "F0378": 15.785188674926758,
    "F0395": 15.70500373840332,
    "F0410": 15.170900344848633,
    "F0430": 15.118070602416992,
    "F0475_gSDSS": 14.771247863769531,
    "F0515": 14.603642463684082,
    "F0626_rSDSS": 14.325584411621094,
    "F0660": 14.2933931350708,
    "F0769_iSDSS": 14.197450637817383,
    "F0861": 14.174592018127441,
    "F0883_zSDSS": 14.154848098754883
}