{
    "id": "gaia_xp_spectrum_6087879132908014336-Ref",
    "F0352_uJAVA": 16.90312385559082,
    "F0378": 16.754776000976562,
    "F0395": 16.591156005859375,
    "F0410": 16.1843318939209,
    "F0430": 16.10799217224121,
    "F0475_gSDSS": 15.76931381225586,
    "F0515": 15.596278190612793,
    "F0626_rSDSS": 15.293330192565918,
    "F0660": 15.263554573059082,
    "F0769_iSDSS": 15.132743835449219,
    "F0861": 15.102730751037598,
    "F0883_zSDSS": 15.071483612060547
}