{
    "id": "gaia_xp_spectrum_6087873532270620672-Ref",
    "F0352_uJAVA": 16.086748123168945,
    "F0378": 15.980149269104004,
    "F0395": 15.839681625366211,
    "F0410": 15.3006010055542,
    "F0430": 15.223312377929688,
    "F0475_gSDSS": 14.84510326385498,
    "F0515": 14.654523849487305,
    "F0626_rSDSS": 14.349166870117188,
    "F0660": 14.31062126159668,
    "F0769_iSDSS": 14.206991195678711,
    "F0861": 14.190604209899902,
    "F0883_zSDSS": 14.15831184387207
}