{
    "id": "gaia_xp_spectrum_6087854531335206272-Ref",
    "F0352_uJAVA": 16.321243286132812,
    "F0378": 16.23111915588379,
    "F0395": 16.160436630249023,
    "F0410": 15.431111335754395,
    "F0430": 15.310423851013184,
    "F0475_gSDSS": 14.722643852233887,
    "F0515": 14.478102684020996,
    "F0626_rSDSS": 13.979199409484863,
    "F0660": 13.886956214904785,
    "F0769_iSDSS": 13.7039213180542,
    "F0861": 13.60112476348877,
    "F0883_zSDSS": 13.562666893005371
}