{
    "id": "gaia_xp_spectrum_6087844395211998848-Ref",
    "F0352_uJAVA": 15.719999313354492,
    "F0378": 15.558953285217285,
    "F0395": 15.433186531066895,
    "F0410": 14.994573593139648,
    "F0430": 14.969428062438965,
    "F0475_gSDSS": 14.640090942382812,
    "F0515": 14.499221801757812,
    "F0626_rSDSS": 14.222692489624023,
    "F0660": 14.199678421020508,
    "F0769_iSDSS": 14.100868225097656,
    "F0861": 14.086472511291504,
    "F0883_zSDSS": 14.065496444702148
}