{
    "id": "gaia_xp_spectrum_6088064675495364736-Ref",
    "F0352_uJAVA": 16.212411880493164,
    "F0378": 16.038801193237305,
    "F0395": 15.916024208068848,
    "F0410": 15.35201644897461,
    "F0430": 15.243247985839844,
    "F0475_gSDSS": 14.882549285888672,
    "F0515": 14.701645851135254,
    "F0626_rSDSS": 14.374841690063477,
    "F0660": 14.324119567871094,
    "F0769_iSDSS": 14.227493286132812,
    "F0861": 14.199447631835938,
    "F0883_zSDSS": 14.168684959411621
}