{
    "id": "gaia_xp_spectrum_6087865011055409280-Ref",
    "F0352_uJAVA": 16.868722915649414,
    "F0378": 16.620616912841797,
    "F0395": 16.43692970275879,
    "F0410": 16.091733932495117,
    "F0430": 16.024715423583984,
    "F0475_gSDSS": 15.799031257629395,
    "F0515": 15.661230087280273,
    "F0626_rSDSS": 15.465476036071777,
    "F0660": 15.468215942382812,
    "F0769_iSDSS": 15.368281364440918,
    "F0861": 15.355351448059082,
    "F0883_zSDSS": 15.350104331970215
}