{
    "id": "gaia_xp_spectrum_6087856833437682304-Ref",
    "F0352_uJAVA": 15.9479398727417,
    "F0378": 15.816990852355957,
    "F0395": 15.743219375610352,
    "F0410": 15.202581405639648,
    "F0430": 15.138553619384766,
    "F0475_gSDSS": 14.803382873535156,
    "F0515": 14.644819259643555,
    "F0626_rSDSS": 14.332408905029297,
    "F0660": 14.291214942932129,
    "F0769_iSDSS": 14.192625045776367,
    "F0861": 14.155245780944824,
    "F0883_zSDSS": 14.1378173828125
}