{
    "id": "gaia_xp_spectrum_6087877792878204544-Ref",
    "F0352_uJAVA": 15.766493797302246,
    "F0378": 15.722203254699707,
    "F0395": 15.594873428344727,
    "F0410": 14.95374584197998,
    "F0430": 14.88351821899414,
    "F0475_gSDSS": 14.500775337219238,
    "F0515": 14.317078590393066,
    "F0626_rSDSS": 14.004622459411621,
    "F0660": 13.968939781188965,
    "F0769_iSDSS": 13.882352828979492,
    "F0861": 13.86320686340332,
    "F0883_zSDSS": 13.840967178344727
}