{
    "id": "gaia_xp_spectrum_6087849824050974720-Ref",
    "F0352_uJAVA": 16.78916358947754,
    "F0378": 16.671249389648438,
    "F0395": 16.618011474609375,
    "F0410": 16.069448471069336,
    "F0430": 16.020864486694336,
    "F0475_gSDSS": 15.628376960754395,
    "F0515": 15.450468063354492,
    "F0626_rSDSS": 15.111185073852539,
    "F0660": 15.059213638305664,
    "F0769_iSDSS": 14.932662963867188,
    "F0861": 14.888853073120117,
    "F0883_zSDSS": 14.864727973937988
}