{
    "id": "gaia_xp_spectrum_6087844292132779136-Ref",
    "F0352_uJAVA": 15.834925651550293,
    "F0378": 15.776996612548828,
    "F0395": 15.668926239013672,
    "F0410": 15.061716079711914,
    "F0430": 15.011375427246094,
    "F0475_gSDSS": 14.591275215148926,
    "F0515": 14.424271583557129,
    "F0626_rSDSS": 14.071516036987305,
    "F0660": 14.023670196533203,
    "F0769_iSDSS": 13.913341522216797,
    "F0861": 13.880492210388184,
    "F0883_zSDSS": 13.855443000793457
}