{
    "id": "gaia_xp_spectrum_6087866900841051264-Ref",
    "F0352_uJAVA": 16.01533317565918,
    "F0378": 15.953473091125488,
    "F0395": 15.88383960723877,
    "F0410": 15.179361343383789,
    "F0430": 15.118415832519531,
    "F0475_gSDSS": 14.70236587524414,
    "F0515": 14.52407455444336,
    "F0626_rSDSS": 14.169938087463379,
    "F0660": 14.12690544128418,
    "F0769_iSDSS": 14.024372100830078,
    "F0861": 13.995532035827637,
    "F0883_zSDSS": 13.971943855285645
}