{
    "id": "gaia_xp_spectrum_6087872157881089664-Ref",
    "F0352_uJAVA": 16.222421646118164,
    "F0378": 16.31466293334961,
    "F0395": 16.023117065429688,
    "F0410": 15.309220314025879,
    "F0430": 15.177109718322754,
    "F0475_gSDSS": 14.706460952758789,
    "F0515": 14.518837928771973,
    "F0626_rSDSS": 14.095938682556152,
    "F0660": 14.031732559204102,
    "F0769_iSDSS": 13.935730934143066,
    "F0861": 13.9061918258667,
    "F0883_zSDSS": 13.879328727722168
}