{
    "id": "gaia_xp_spectrum_6087844944968427648-Ref",
    "F0352_uJAVA": 16.696090698242188,
    "F0378": 16.464324951171875,
    "F0395": 16.369373321533203,
    "F0410": 15.880308151245117,
    "F0430": 15.782479286193848,
    "F0475_gSDSS": 15.454124450683594,
    "F0515": 15.281810760498047,
    "F0626_rSDSS": 14.990652084350586,
    "F0660": 14.955644607543945,
    "F0769_iSDSS": 14.853285789489746,
    "F0861": 14.835660934448242,
    "F0883_zSDSS": 14.812005043029785
}