{
    "id": "gaia_xp_spectrum_6087840821799814016-Ref",
    "F0352_uJAVA": 16.254741668701172,
    "F0378": 16.11115264892578,
    "F0395": 16.033601760864258,
    "F0410": 15.399641036987305,
    "F0430": 15.333248138427734,
    "F0475_gSDSS": 14.948261260986328,
    "F0515": 14.784969329833984,
    "F0626_rSDSS": 14.443838119506836,
    "F0660": 14.387133598327637,
    "F0769_iSDSS": 14.297926902770996,
    "F0861": 14.274774551391602,
    "F0883_zSDSS": 14.24616813659668
}