{
    "id": "gaia_xp_spectrum_6087871298887617920-Ref",
    "F0352_uJAVA": 16.787553787231445,
    "F0378": 16.677711486816406,
    "F0395": 16.56304359436035,
    "F0410": 15.969925880432129,
    "F0430": 15.923243522644043,
    "F0475_gSDSS": 15.566633224487305,
    "F0515": 15.41163158416748,
    "F0626_rSDSS": 15.104540824890137,
    "F0660": 15.066740989685059,
    "F0769_iSDSS": 14.96776294708252,
    "F0861": 14.93758487701416,
    "F0883_zSDSS": 14.923990249633789
}