{
    "id": "gaia_xp_spectrum_6088038424654683264-Ref",
    "F0352_uJAVA": 16.791242599487305,
    "F0378": 16.632022857666016,
    "F0395": 16.639625549316406,
    "F0410": 16.04599380493164,
    "F0430": 16.035877227783203,
    "F0475_gSDSS": 15.640252113342285,
    "F0515": 15.464350700378418,
    "F0626_rSDSS": 15.139314651489258,
    "F0660": 15.096723556518555,
    "F0769_iSDSS": 14.981047630310059,
    "F0861": 14.936861991882324,
    "F0883_zSDSS": 14.91653060913086
}