{
    "id": "gaia_xp_spectrum_6087872673277179392-Ref",
    "F0352_uJAVA": 16.531742095947266,
    "F0378": 16.37938690185547,
    "F0395": 16.294633865356445,
    "F0410": 15.742012977600098,
    "F0430": 15.667184829711914,
    "F0475_gSDSS": 15.357075691223145,
    "F0515": 15.191741943359375,
    "F0626_rSDSS": 14.921217918395996,
    "F0660": 14.896612167358398,
    "F0769_iSDSS": 14.801003456115723,
    "F0861": 14.798277854919434,
    "F0883_zSDSS": 14.765922546386719
}