{
    "id": "gaia_xp_spectrum_6088038596453380736-Ref",
    "F0352_uJAVA": 16.25847053527832,
    "F0378": 16.093915939331055,
    "F0395": 16.03775405883789,
    "F0410": 15.409205436706543,
    "F0430": 15.34112548828125,
    "F0475_gSDSS": 14.91750431060791,
    "F0515": 14.7250337600708,
    "F0626_rSDSS": 14.3626127243042,
    "F0660": 14.317152976989746,
    "F0769_iSDSS": 14.198393821716309,
    "F0861": 14.166820526123047,
    "F0883_zSDSS": 14.133456230163574
}