{
    "id": "gaia_xp_spectrum_6088077285519340160-Ref",
    "F0352_uJAVA": 16.10688591003418,
    "F0378": 15.808259963989258,
    "F0395": 15.735122680664062,
    "F0410": 15.268925666809082,
    "F0430": 15.20521068572998,
    "F0475_gSDSS": 14.94333267211914,
    "F0515": 14.795012474060059,
    "F0626_rSDSS": 14.54643726348877,
    "F0660": 14.517152786254883,
    "F0769_iSDSS": 14.442231178283691,
    "F0861": 14.424906730651855,
    "F0883_zSDSS": 14.407740592956543
}