{
    "id": "gaia_xp_spectrum_6087868511447422464-Ref",
    "F0352_uJAVA": 16.224201202392578,
    "F0378": 15.989462852478027,
    "F0395": 15.801887512207031,
    "F0410": 15.392478942871094,
    "F0430": 15.291967391967773,
    "F0475_gSDSS": 15.049116134643555,
    "F0515": 14.902905464172363,
    "F0626_rSDSS": 14.689287185668945,
    "F0660": 14.675484657287598,
    "F0769_iSDSS": 14.60946273803711,
    "F0861": 14.611442565917969,
    "F0883_zSDSS": 14.593326568603516
}