{
    "id": "gaia_xp_spectrum_6087860097612839936-Ref",
    "F0352_uJAVA": 16.709585189819336,
    "F0378": 16.433353424072266,
    "F0395": 16.237272262573242,
    "F0410": 15.852091789245605,
    "F0430": 15.823253631591797,
    "F0475_gSDSS": 15.536870002746582,
    "F0515": 15.388853073120117,
    "F0626_rSDSS": 15.15819263458252,
    "F0660": 15.138944625854492,
    "F0769_iSDSS": 15.055938720703125,
    "F0861": 15.038490295410156,
    "F0883_zSDSS": 15.028313636779785
}