{
    "id": "gaia_xp_spectrum_6087850030209409536-Ref",
    "F0352_uJAVA": 15.838128089904785,
    "F0378": 15.728706359863281,
    "F0395": 15.674135208129883,
    "F0410": 15.096990585327148,
    "F0430": 15.064604759216309,
    "F0475_gSDSS": 14.666685104370117,
    "F0515": 14.48544692993164,
    "F0626_rSDSS": 14.17515754699707,
    "F0660": 14.122544288635254,
    "F0769_iSDSS": 14.025741577148438,
    "F0861": 13.99012279510498,
    "F0883_zSDSS": 13.967597961425781
}