{
    "id": "gaia_xp_spectrum_6141042375531027456-Ref",
    "F0352_uJAVA": 15.943954467773438,
    "F0378": 15.6259765625,
    "F0395": 15.475582122802734,
    "F0410": 15.121513366699219,
    "F0430": 15.034797668457031,
    "F0475_gSDSS": 14.814644813537598,
    "F0515": 14.664018630981445,
    "F0626_rSDSS": 14.458564758300781,
    "F0660": 14.454192161560059,
    "F0769_iSDSS": 14.363286018371582,
    "F0861": 14.351508140563965,
    "F0883_zSDSS": 14.335366249084473
}