{
    "id": "gaia_xp_spectrum_6141797843098052992-Ref",
    "F0352_uJAVA": 16.987308502197266,
    "F0378": 16.739736557006836,
    "F0395": 16.618227005004883,
    "F0410": 16.22638511657715,
    "F0430": 16.16401481628418,
    "F0475_gSDSS": 15.880573272705078,
    "F0515": 15.722234725952148,
    "F0626_rSDSS": 15.418889045715332,
    "F0660": 15.390687942504883,
    "F0769_iSDSS": 15.260889053344727,
    "F0861": 15.231291770935059,
    "F0883_zSDSS": 15.192955017089844
}