{
    "id": "gaia_xp_spectrum_6140286667445185024-Ref",
    "F0352_uJAVA": 16.71286392211914,
    "F0378": 16.5827693939209,
    "F0395": 16.5036678314209,
    "F0410": 15.875848770141602,
    "F0430": 15.82402515411377,
    "F0475_gSDSS": 15.439038276672363,
    "F0515": 15.260103225708008,
    "F0626_rSDSS": 14.894451141357422,
    "F0660": 14.838865280151367,
    "F0769_iSDSS": 14.718474388122559,
    "F0861": 14.675816535949707,
    "F0883_zSDSS": 14.646571159362793
}