{
    "id": "gaia_xp_spectrum_6141018289354458496-Ref",
    "F0352_uJAVA": 15.789246559143066,
    "F0378": 15.509759902954102,
    "F0395": 15.318109512329102,
    "F0410": 14.966007232666016,
    "F0430": 14.884872436523438,
    "F0475_gSDSS": 14.659038543701172,
    "F0515": 14.517682075500488,
    "F0626_rSDSS": 14.283482551574707,
    "F0660": 14.260454177856445,
    "F0769_iSDSS": 14.169573783874512,
    "F0861": 14.147669792175293,
    "F0883_zSDSS": 14.134242057800293
}