{
    "id": "gaia_xp_spectrum_6139527592105267840-Ref",
    "F0352_uJAVA": 16.63343048095703,
    "F0378": 16.568069458007812,
    "F0395": 16.400415420532227,
    "F0410": 15.79753303527832,
    "F0430": 15.717251777648926,
    "F0475_gSDSS": 15.279951095581055,
    "F0515": 15.08703899383545,
    "F0626_rSDSS": 14.687292098999023,
    "F0660": 14.630167961120605,
    "F0769_iSDSS": 14.502366065979004,
    "F0861": 14.455938339233398,
    "F0883_zSDSS": 14.422670364379883
}