{
    "id": "gaia_xp_spectrum_6141020350938523520-Ref",
    "F0352_uJAVA": 15.84099292755127,
    "F0378": 15.648726463317871,
    "F0395": 15.647582054138184,
    "F0410": 15.071859359741211,
    "F0430": 15.016237258911133,
    "F0475_gSDSS": 14.625102996826172,
    "F0515": 14.459421157836914,
    "F0626_rSDSS": 14.084933280944824,
    "F0660": 14.028980255126953,
    "F0769_iSDSS": 13.903697967529297,
    "F0861": 13.851207733154297,
    "F0883_zSDSS": 13.826591491699219
}