{
    "id": "gaia_xp_spectrum_6141015540574973312-Ref",
    "F0352_uJAVA": 15.635085105895996,
    "F0378": 15.353066444396973,
    "F0395": 15.093238830566406,
    "F0410": 14.834036827087402,
    "F0430": 14.752632141113281,
    "F0475_gSDSS": 14.559337615966797,
    "F0515": 14.43540096282959,
    "F0626_rSDSS": 14.220503807067871,
    "F0660": 14.207535743713379,
    "F0769_iSDSS": 14.123434066772461,
    "F0861": 14.099294662475586,
    "F0883_zSDSS": 14.092848777770996
}