{
    "id": "gaia_xp_spectrum_6141067492499421056-Ref",
    "F0352_uJAVA": 16.959609985351562,
    "F0378": 16.854427337646484,
    "F0395": 16.741933822631836,
    "F0410": 16.1199951171875,
    "F0430": 16.072702407836914,
    "F0475_gSDSS": 15.663382530212402,
    "F0515": 15.487279891967773,
    "F0626_rSDSS": 15.107784271240234,
    "F0660": 15.067946434020996,
    "F0769_iSDSS": 14.945938110351562,
    "F0861": 14.903047561645508,
    "F0883_zSDSS": 14.878067016601562
}