{
    "id": "gaia_xp_spectrum_6141028803433989760-Ref",
    "F0352_uJAVA": 16.564111709594727,
    "F0378": 16.382471084594727,
    "F0395": 16.281402587890625,
    "F0410": 15.810262680053711,
    "F0430": 15.756887435913086,
    "F0475_gSDSS": 15.388850212097168,
    "F0515": 15.20205307006836,
    "F0626_rSDSS": 14.851353645324707,
    "F0660": 14.790300369262695,
    "F0769_iSDSS": 14.66355037689209,
    "F0861": 14.62228775024414,
    "F0883_zSDSS": 14.588997840881348
}