{
    "id": "gaia_xp_spectrum_6140287388999706624-Ref",
    "F0352_uJAVA": 16.149574279785156,
    "F0378": 16.002099990844727,
    "F0395": 15.885796546936035,
    "F0410": 15.293815612792969,
    "F0430": 15.222168922424316,
    "F0475_gSDSS": 14.848978996276855,
    "F0515": 14.67771053314209,
    "F0626_rSDSS": 14.332259178161621,
    "F0660": 14.295639991760254,
    "F0769_iSDSS": 14.190289497375488,
    "F0861": 14.169382095336914,
    "F0883_zSDSS": 14.139049530029297
}