{
    "id": "gaia_xp_spectrum_6141034919467432320-Ref",
    "F0352_uJAVA": 16.94610023498535,
    "F0378": 16.818742752075195,
    "F0395": 16.631162643432617,
    "F0410": 16.10619354248047,
    "F0430": 16.018980026245117,
    "F0475_gSDSS": 15.634071350097656,
    "F0515": 15.473236083984375,
    "F0626_rSDSS": 15.104907989501953,
    "F0660": 15.068379402160645,
    "F0769_iSDSS": 14.953596115112305,
    "F0861": 14.92662239074707,
    "F0883_zSDSS": 14.896994590759277
}