{
    "id": "gaia_xp_spectrum_6141044501538296576-Ref",
    "F0352_uJAVA": 17.03427505493164,
    "F0378": 16.926416397094727,
    "F0395": 16.865278244018555,
    "F0410": 16.221010208129883,
    "F0430": 16.150005340576172,
    "F0475_gSDSS": 15.7166166305542,
    "F0515": 15.543132781982422,
    "F0626_rSDSS": 15.123576164245605,
    "F0660": 15.063979148864746,
    "F0769_iSDSS": 14.923208236694336,
    "F0861": 14.863729476928711,
    "F0883_zSDSS": 14.839799880981445
}