{
    "id": "gaia_xp_spectrum_6141023786912370048-Ref",
    "F0352_uJAVA": 15.945652961730957,
    "F0378": 15.709877014160156,
    "F0395": 15.531229019165039,
    "F0410": 15.163260459899902,
    "F0430": 15.085902214050293,
    "F0475_gSDSS": 14.814812660217285,
    "F0515": 14.66284465789795,
    "F0626_rSDSS": 14.403936386108398,
    "F0660": 14.394265174865723,
    "F0769_iSDSS": 14.275017738342285,
    "F0861": 14.249881744384766,
    "F0883_zSDSS": 14.22768497467041
}