{
    "id": "gaia_xp_spectrum_6141017808317712512-Ref",
    "F0352_uJAVA": 16.9036922454834,
    "F0378": 16.77301025390625,
    "F0395": 16.726667404174805,
    "F0410": 16.07020378112793,
    "F0430": 16.01718521118164,
    "F0475_gSDSS": 15.558385848999023,
    "F0515": 15.38473892211914,
    "F0626_rSDSS": 14.951934814453125,
    "F0660": 14.878897666931152,
    "F0769_iSDSS": 14.745410919189453,
    "F0861": 14.685877799987793,
    "F0883_zSDSS": 14.652656555175781
}