{
    "id": "gaia_xp_spectrum_6141791211668525952-Ref",
    "F0352_uJAVA": 16.585609436035156,
    "F0378": 16.425674438476562,
    "F0395": 16.274673461914062,
    "F0410": 15.75381851196289,
    "F0430": 15.680655479431152,
    "F0475_gSDSS": 15.349663734436035,
    "F0515": 15.171969413757324,
    "F0626_rSDSS": 14.86571216583252,
    "F0660": 14.84075927734375,
    "F0769_iSDSS": 14.718382835388184,
    "F0861": 14.692866325378418,
    "F0883_zSDSS": 14.665139198303223
}