{
    "id": "gaia_xp_spectrum_6141792929655440128-Ref",
    "F0352_uJAVA": 16.713924407958984,
    "F0378": 16.532939910888672,
    "F0395": 16.343263626098633,
    "F0410": 15.871191024780273,
    "F0430": 15.820000648498535,
    "F0475_gSDSS": 15.465020179748535,
    "F0515": 15.29466724395752,
    "F0626_rSDSS": 14.963604927062988,
    "F0660": 14.918684959411621,
    "F0769_iSDSS": 14.805106163024902,
    "F0861": 14.778159141540527,
    "F0883_zSDSS": 14.744370460510254
}