{
    "id": "gaia_xp_spectrum_6141035297424527488-Ref",
    "F0352_uJAVA": 17.06052017211914,
    "F0378": 16.85141372680664,
    "F0395": 16.81084632873535,
    "F0410": 16.197311401367188,
    "F0430": 16.093692779541016,
    "F0475_gSDSS": 15.720306396484375,
    "F0515": 15.530614852905273,
    "F0626_rSDSS": 15.144569396972656,
    "F0660": 15.08100700378418,
    "F0769_iSDSS": 14.944866180419922,
    "F0861": 14.878119468688965,
    "F0883_zSDSS": 14.858417510986328
}