{
    "id": "gaia_xp_spectrum_6141015918532522240-Ref",
    "F0352_uJAVA": 16.68321990966797,
    "F0378": 16.536418914794922,
    "F0395": 16.515146255493164,
    "F0410": 15.943044662475586,
    "F0430": 15.911372184753418,
    "F0475_gSDSS": 15.507233619689941,
    "F0515": 15.319253921508789,
    "F0626_rSDSS": 14.957789421081543,
    "F0660": 14.903286933898926,
    "F0769_iSDSS": 14.763479232788086,
    "F0861": 14.706576347351074,
    "F0883_zSDSS": 14.678727149963379
}