{
    "id": "gaia_xp_spectrum_6141043165804651520-Ref",
    "F0352_uJAVA": 16.651554107666016,
    "F0378": 16.52378273010254,
    "F0395": 16.495872497558594,
    "F0410": 15.865667343139648,
    "F0430": 15.799500465393066,
    "F0475_gSDSS": 15.375472068786621,
    "F0515": 15.190620422363281,
    "F0626_rSDSS": 14.813026428222656,
    "F0660": 14.763593673706055,
    "F0769_iSDSS": 14.638703346252441,
    "F0861": 14.592574119567871,
    "F0883_zSDSS": 14.566957473754883
}