{
    "id": "gaia_xp_spectrum_6141041069860602496-Ref",
    "F0352_uJAVA": 17.388723373413086,
    "F0378": 16.972049713134766,
    "F0395": 16.62546157836914,
    "F0410": 16.319955825805664,
    "F0430": 16.261503219604492,
    "F0475_gSDSS": 16.09659194946289,
    "F0515": 15.9990816116333,
    "F0626_rSDSS": 15.856978416442871,
    "F0660": 15.898514747619629,
    "F0769_iSDSS": 15.833328247070312,
    "F0861": 15.873610496520996,
    "F0883_zSDSS": 15.846356391906738
}