{
    "id": "gaia_xp_spectrum_6141043475042296448-Ref",
    "F0352_uJAVA": 16.49917221069336,
    "F0378": 16.29615592956543,
    "F0395": 16.252853393554688,
    "F0410": 15.65635871887207,
    "F0430": 15.573885917663574,
    "F0475_gSDSS": 15.194165229797363,
    "F0515": 15.023162841796875,
    "F0626_rSDSS": 14.655107498168945,
    "F0660": 14.606818199157715,
    "F0769_iSDSS": 14.492962837219238,
    "F0861": 14.458881378173828,
    "F0883_zSDSS": 14.427638053894043
}