{
    "id": "gaia_xp_spectrum_6141795128679097984-Ref",
    "F0352_uJAVA": 16.920856475830078,
    "F0378": 16.78644561767578,
    "F0395": 16.70429229736328,
    "F0410": 16.10392951965332,
    "F0430": 16.06505012512207,
    "F0475_gSDSS": 15.678143501281738,
    "F0515": 15.499204635620117,
    "F0626_rSDSS": 15.1533784866333,
    "F0660": 15.113875389099121,
    "F0769_iSDSS": 14.989839553833008,
    "F0861": 14.950764656066895,
    "F0883_zSDSS": 14.926057815551758
}