{
    "id": "gaia_xp_spectrum_6141017464720737536-Ref",
    "F0352_uJAVA": 16.841341018676758,
    "F0378": 16.680665969848633,
    "F0395": 16.667682647705078,
    "F0410": 15.99481201171875,
    "F0430": 15.947574615478516,
    "F0475_gSDSS": 15.485776901245117,
    "F0515": 15.311502456665039,
    "F0626_rSDSS": 14.869128227233887,
    "F0660": 14.800663948059082,
    "F0769_iSDSS": 14.660103797912598,
    "F0861": 14.596303939819336,
    "F0883_zSDSS": 14.565472602844238
}