{
    "id": "gaia_xp_spectrum_6139531302957014528-Ref",
    "F0352_uJAVA": 16.416959762573242,
    "F0378": 16.221240997314453,
    "F0395": 16.150957107543945,
    "F0410": 15.614347457885742,
    "F0430": 15.51010799407959,
    "F0475_gSDSS": 15.163177490234375,
    "F0515": 14.988805770874023,
    "F0626_rSDSS": 14.653482437133789,
    "F0660": 14.617427825927734,
    "F0769_iSDSS": 14.506365776062012,
    "F0861": 14.479399681091309,
    "F0883_zSDSS": 14.449277877807617
}