{
    "id": "gaia_xp_spectrum_6141796262550346496-Ref",
    "F0352_uJAVA": 16.604528427124023,
    "F0378": 16.43657684326172,
    "F0395": 16.29364013671875,
    "F0410": 15.767855644226074,
    "F0430": 15.699250221252441,
    "F0475_gSDSS": 15.315882682800293,
    "F0515": 15.144561767578125,
    "F0626_rSDSS": 14.783677101135254,
    "F0660": 14.739960670471191,
    "F0769_iSDSS": 14.627967834472656,
    "F0861": 14.591215133666992,
    "F0883_zSDSS": 14.565068244934082
}