{
    "id": "gaia_xp_spectrum_6141043440682559488-Ref",
    "F0352_uJAVA": 16.636877059936523,
    "F0378": 16.406408309936523,
    "F0395": 16.420061111450195,
    "F0410": 15.869083404541016,
    "F0430": 15.821182250976562,
    "F0475_gSDSS": 15.444011688232422,
    "F0515": 15.261101722717285,
    "F0626_rSDSS": 14.920726776123047,
    "F0660": 14.885477066040039,
    "F0769_iSDSS": 14.755057334899902,
    "F0861": 14.7183837890625,
    "F0883_zSDSS": 14.689390182495117
}