{
    "id": "gaia_xp_spectrum_6141793062798192000-Ref",
    "F0352_uJAVA": 16.83805274963379,
    "F0378": 16.624494552612305,
    "F0395": 16.65280532836914,
    "F0410": 16.01675796508789,
    "F0430": 15.975629806518555,
    "F0475_gSDSS": 15.61755084991455,
    "F0515": 15.466748237609863,
    "F0626_rSDSS": 15.131608963012695,
    "F0660": 15.09280776977539,
    "F0769_iSDSS": 14.983580589294434,
    "F0861": 14.957497596740723,
    "F0883_zSDSS": 14.932568550109863
}