{
    "id": "gaia_xp_spectrum_6141790112156888064-Ref",
    "F0352_uJAVA": 15.532174110412598,
    "F0378": 15.58167552947998,
    "F0395": 15.523639678955078,
    "F0410": 15.060705184936523,
    "F0430": 15.013727188110352,
    "F0475_gSDSS": 14.670417785644531,
    "F0515": 14.497668266296387,
    "F0626_rSDSS": 14.169068336486816,
    "F0660": 14.109745025634766,
    "F0769_iSDSS": 14.014449119567871,
    "F0861": 13.966370582580566,
    "F0883_zSDSS": 13.896075248718262
}