{
    "id": "gaia_xp_spectrum_6141024164869502592-Ref",
    "F0352_uJAVA": 16.924755096435547,
    "F0378": 16.860010147094727,
    "F0395": 16.740772247314453,
    "F0410": 16.025373458862305,
    "F0430": 15.989248275756836,
    "F0475_gSDSS": 15.462947845458984,
    "F0515": 15.267892837524414,
    "F0626_rSDSS": 14.80927562713623,
    "F0660": 14.751875877380371,
    "F0769_iSDSS": 14.599403381347656,
    "F0861": 14.543700218200684,
    "F0883_zSDSS": 14.501890182495117
}