{
    "id": "gaia_xp_spectrum_6141785233074030720-Ref",
    "F0352_uJAVA": 16.280982971191406,
    "F0378": 16.14472770690918,
    "F0395": 15.993398666381836,
    "F0410": 15.464188575744629,
    "F0430": 15.378786087036133,
    "F0475_gSDSS": 14.998340606689453,
    "F0515": 14.812383651733398,
    "F0626_rSDSS": 14.456902503967285,
    "F0660": 14.403777122497559,
    "F0769_iSDSS": 14.292595863342285,
    "F0861": 14.248664855957031,
    "F0883_zSDSS": 14.219804763793945
}