{
    "id": "gaia_xp_spectrum_6141038973916921472-Ref",
    "F0352_uJAVA": 16.42365074157715,
    "F0378": 16.278133392333984,
    "F0395": 16.247764587402344,
    "F0410": 15.545862197875977,
    "F0430": 15.4541015625,
    "F0475_gSDSS": 15.005293846130371,
    "F0515": 14.834389686584473,
    "F0626_rSDSS": 14.383590698242188,
    "F0660": 14.322968482971191,
    "F0769_iSDSS": 14.191108703613281,
    "F0861": 14.140663146972656,
    "F0883_zSDSS": 14.10510540008545
}