{
    "id": "gaia_xp_spectrum_6141797941881109632-Ref",
    "F0352_uJAVA": 16.791715621948242,
    "F0378": 16.479026794433594,
    "F0395": 15.862576484680176,
    "F0410": 15.600154876708984,
    "F0430": 15.551515579223633,
    "F0475_gSDSS": 15.47555160522461,
    "F0515": 15.41559886932373,
    "F0626_rSDSS": 15.432723045349121,
    "F0660": 15.51626968383789,
    "F0769_iSDSS": 15.50187873840332,
    "F0861": 15.576762199401855,
    "F0883_zSDSS": 15.556964874267578
}