{
    "id": "gaia_xp_spectrum_6141029868585882624-Ref",
    "F0352_uJAVA": 16.602949142456055,
    "F0378": 16.50140953063965,
    "F0395": 16.321741104125977,
    "F0410": 15.65182113647461,
    "F0430": 15.5640287399292,
    "F0475_gSDSS": 15.052103042602539,
    "F0515": 14.848721504211426,
    "F0626_rSDSS": 14.38174819946289,
    "F0660": 14.317826271057129,
    "F0769_iSDSS": 14.178893089294434,
    "F0861": 14.11979866027832,
    "F0883_zSDSS": 14.084270477294922
}