{
    "id": "gaia_xp_spectrum_6139526286435330048-Ref",
    "F0352_uJAVA": 16.62602996826172,
    "F0378": 16.444704055786133,
    "F0395": 16.39877700805664,
    "F0410": 15.812009811401367,
    "F0430": 15.73929500579834,
    "F0475_gSDSS": 15.310858726501465,
    "F0515": 15.142446517944336,
    "F0626_rSDSS": 14.710594177246094,
    "F0660": 14.645633697509766,
    "F0769_iSDSS": 14.517003059387207,
    "F0861": 14.465253829956055,
    "F0883_zSDSS": 14.431057929992676
}