{
    "id": "gaia_xp_spectrum_6141035984619298304-Ref",
    "F0352_uJAVA": 16.707754135131836,
    "F0378": 16.588438034057617,
    "F0395": 16.526090621948242,
    "F0410": 15.855324745178223,
    "F0430": 15.793390274047852,
    "F0475_gSDSS": 15.340922355651855,
    "F0515": 15.17211627960205,
    "F0626_rSDSS": 14.738996505737305,
    "F0660": 14.6793851852417,
    "F0769_iSDSS": 14.557242393493652,
    "F0861": 14.502403259277344,
    "F0883_zSDSS": 14.475403785705566
}