{
    "id": "gaia_xp_spectrum_6141044643273404160-Ref",
    "F0352_uJAVA": 16.9903621673584,
    "F0378": 16.80417823791504,
    "F0395": 16.85165786743164,
    "F0410": 16.18466567993164,
    "F0430": 16.145965576171875,
    "F0475_gSDSS": 15.743557929992676,
    "F0515": 15.571822166442871,
    "F0626_rSDSS": 15.196651458740234,
    "F0660": 15.138936042785645,
    "F0769_iSDSS": 15.017651557922363,
    "F0861": 14.976364135742188,
    "F0883_zSDSS": 14.947447776794434
}