{
    "id": "gaia_xp_spectrum_6141043406322820736-Ref",
    "F0352_uJAVA": 16.980127334594727,
    "F0378": 16.68093490600586,
    "F0395": 16.465187072753906,
    "F0410": 16.099271774291992,
    "F0430": 16.009408950805664,
    "F0475_gSDSS": 15.769058227539062,
    "F0515": 15.62252140045166,
    "F0626_rSDSS": 15.399852752685547,
    "F0660": 15.391222953796387,
    "F0769_iSDSS": 15.298246383666992,
    "F0861": 15.292196273803711,
    "F0883_zSDSS": 15.272106170654297
}