{
    "id": "gaia_xp_spectrum_6141790348379104896-Ref",
    "F0352_uJAVA": 16.11193084716797,
    "F0378": 16.03975486755371,
    "F0395": 15.866972923278809,
    "F0410": 15.193626403808594,
    "F0430": 15.087218284606934,
    "F0475_gSDSS": 14.642036437988281,
    "F0515": 14.457629203796387,
    "F0626_rSDSS": 14.037736892700195,
    "F0660": 13.98080062866211,
    "F0769_iSDSS": 13.871851921081543,
    "F0861": 13.835003852844238,
    "F0883_zSDSS": 13.8046875
}