{
    "id": "gaia_xp_spectrum_6141027807001572992-Ref",
    "F0352_uJAVA": 16.866273880004883,
    "F0378": 16.60291862487793,
    "F0395": 16.356426239013672,
    "F0410": 16.044893264770508,
    "F0430": 15.957030296325684,
    "F0475_gSDSS": 15.717653274536133,
    "F0515": 15.573055267333984,
    "F0626_rSDSS": 15.338018417358398,
    "F0660": 15.344507217407227,
    "F0769_iSDSS": 15.230020523071289,
    "F0861": 15.209574699401855,
    "F0883_zSDSS": 15.195205688476562
}