{
    "id": "gaia_xp_spectrum_6141044054861661056-Ref",
    "F0352_uJAVA": 16.1560001373291,
    "F0378": 15.886655807495117,
    "F0395": 15.691121101379395,
    "F0410": 15.363764762878418,
    "F0430": 15.302165985107422,
    "F0475_gSDSS": 15.049524307250977,
    "F0515": 14.899572372436523,
    "F0626_rSDSS": 14.646235466003418,
    "F0660": 14.62053108215332,
    "F0769_iSDSS": 14.527753829956055,
    "F0861": 14.508159637451172,
    "F0883_zSDSS": 14.49001407623291
}