{
    "id": "gaia_xp_spectrum_6141040794983066112-Ref",
    "F0352_uJAVA": 16.785470962524414,
    "F0378": 16.6722354888916,
    "F0395": 16.578784942626953,
    "F0410": 15.84186840057373,
    "F0430": 15.733614921569824,
    "F0475_gSDSS": 15.271146774291992,
    "F0515": 15.086311340332031,
    "F0626_rSDSS": 14.646198272705078,
    "F0660": 14.580282211303711,
    "F0769_iSDSS": 14.465324401855469,
    "F0861": 14.41342830657959,
    "F0883_zSDSS": 14.389057159423828
}