{
    "id": "gaia_xp_spectrum_6141032136328589056-Ref",
    "F0352_uJAVA": 17.319116592407227,
    "F0378": 17.01535415649414,
    "F0395": 16.87091636657715,
    "F0410": 16.632265090942383,
    "F0430": 16.511018753051758,
    "F0475_gSDSS": 16.23250389099121,
    "F0515": 16.04484748840332,
    "F0626_rSDSS": 15.668389320373535,
    "F0660": 15.62041187286377,
    "F0769_iSDSS": 15.429769515991211,
    "F0861": 15.338178634643555,
    "F0883_zSDSS": 15.320764541625977
}