{
    "id": "gaia_xp_spectrum_6141032132031555072-Ref",
    "F0352_uJAVA": 15.964715957641602,
    "F0378": 15.853227615356445,
    "F0395": 15.822428703308105,
    "F0410": 15.172677993774414,
    "F0430": 15.117719650268555,
    "F0475_gSDSS": 14.692367553710938,
    "F0515": 14.506925582885742,
    "F0626_rSDSS": 14.13707447052002,
    "F0660": 14.084285736083984,
    "F0769_iSDSS": 13.972321510314941,
    "F0861": 13.937005043029785,
    "F0883_zSDSS": 13.909667015075684
}