{
    "id": "gaia_xp_spectrum_6141050828026529280-Ref",
    "F0352_uJAVA": 16.492467880249023,
    "F0378": 16.656091690063477,
    "F0395": 16.28131675720215,
    "F0410": 15.543112754821777,
    "F0430": 15.37592887878418,
    "F0475_gSDSS": 14.804511070251465,
    "F0515": 14.640079498291016,
    "F0626_rSDSS": 14.071991920471191,
    "F0660": 13.994039535522461,
    "F0769_iSDSS": 13.865901947021484,
    "F0861": 13.807843208312988,
    "F0883_zSDSS": 13.773384094238281
}