{
    "id": "gaia_xp_spectrum_6141040417025928960-Ref",
    "F0352_uJAVA": 16.865137100219727,
    "F0378": 16.961496353149414,
    "F0395": 16.79705047607422,
    "F0410": 15.891988754272461,
    "F0430": 15.688716888427734,
    "F0475_gSDSS": 14.966257095336914,
    "F0515": 14.70796012878418,
    "F0626_rSDSS": 14.008581161499023,
    "F0660": 13.879170417785645,
    "F0769_iSDSS": 13.639458656311035,
    "F0861": 13.488410949707031,
    "F0883_zSDSS": 13.437286376953125
}