{
    "id": "gaia_xp_spectrum_6141049797234362240-Ref",
    "F0352_uJAVA": 15.777828216552734,
    "F0378": 15.546621322631836,
    "F0395": 15.539374351501465,
    "F0410": 14.961626052856445,
    "F0430": 14.882017135620117,
    "F0475_gSDSS": 14.516526222229004,
    "F0515": 14.33253002166748,
    "F0626_rSDSS": 13.985848426818848,
    "F0660": 13.942038536071777,
    "F0769_iSDSS": 13.811745643615723,
    "F0861": 13.765419006347656,
    "F0883_zSDSS": 13.738251686096191
}