{
    "id": "gaia_xp_spectrum_6141041413457989760-Ref",
    "F0352_uJAVA": 16.638187408447266,
    "F0378": 16.478063583374023,
    "F0395": 16.35081672668457,
    "F0410": 15.784101486206055,
    "F0430": 15.729584693908691,
    "F0475_gSDSS": 15.321961402893066,
    "F0515": 15.124285697937012,
    "F0626_rSDSS": 14.774115562438965,
    "F0660": 14.726922988891602,
    "F0769_iSDSS": 14.601971626281738,
    "F0861": 14.559273719787598,
    "F0883_zSDSS": 14.528644561767578
}