{
    "id": "gaia_xp_spectrum_6141016090330790144-Ref",
    "F0352_uJAVA": 17.015560150146484,
    "F0378": 16.79045867919922,
    "F0395": 16.70843505859375,
    "F0410": 16.250818252563477,
    "F0430": 16.197893142700195,
    "F0475_gSDSS": 15.849555015563965,
    "F0515": 15.717164993286133,
    "F0626_rSDSS": 15.344290733337402,
    "F0660": 15.309958457946777,
    "F0769_iSDSS": 15.178178787231445,
    "F0861": 15.145413398742676,
    "F0883_zSDSS": 15.115148544311523
}