{
    "id": "gaia_xp_spectrum_6141027807001552128-Ref",
    "F0352_uJAVA": 15.937804222106934,
    "F0378": 15.745767593383789,
    "F0395": 15.689718246459961,
    "F0410": 15.18199634552002,
    "F0430": 15.112147331237793,
    "F0475_gSDSS": 14.787602424621582,
    "F0515": 14.619154930114746,
    "F0626_rSDSS": 14.299595832824707,
    "F0660": 14.256793975830078,
    "F0769_iSDSS": 14.13616943359375,
    "F0861": 14.101085662841797,
    "F0883_zSDSS": 14.069991111755371
}