{
    "id": "gaia_xp_spectrum_6141787603895985280-Ref",
    "F0352_uJAVA": 16.737892150878906,
    "F0378": 16.525182723999023,
    "F0395": 16.47936248779297,
    "F0410": 15.939522743225098,
    "F0430": 15.876102447509766,
    "F0475_gSDSS": 15.537630081176758,
    "F0515": 15.378149032592773,
    "F0626_rSDSS": 15.066678047180176,
    "F0660": 15.04000473022461,
    "F0769_iSDSS": 14.929375648498535,
    "F0861": 14.904616355895996,
    "F0883_zSDSS": 14.88325023651123
}