{
    "id": "gaia_xp_spectrum_6139527695184485120-Ref",
    "F0352_uJAVA": 17.148935317993164,
    "F0378": 16.986722946166992,
    "F0395": 16.866994857788086,
    "F0410": 16.296249389648438,
    "F0430": 16.193710327148438,
    "F0475_gSDSS": 15.78551959991455,
    "F0515": 15.600232124328613,
    "F0626_rSDSS": 15.170605659484863,
    "F0660": 15.100547790527344,
    "F0769_iSDSS": 14.961894035339355,
    "F0861": 14.891558647155762,
    "F0883_zSDSS": 14.861153602600098
}