{
    "id": "gaia_xp_spectrum_6141785091338829824-Ref",
    "F0352_uJAVA": 16.287134170532227,
    "F0378": 16.08258819580078,
    "F0395": 16.008617401123047,
    "F0410": 15.540787696838379,
    "F0430": 15.490375518798828,
    "F0475_gSDSS": 15.120271682739258,
    "F0515": 14.942951202392578,
    "F0626_rSDSS": 14.600106239318848,
    "F0660": 14.55369758605957,
    "F0769_iSDSS": 14.426179885864258,
    "F0861": 14.372896194458008,
    "F0883_zSDSS": 14.350632667541504
}