{
    "id": "gaia_xp_spectrum_6139531131158322304-Ref",
    "F0352_uJAVA": 16.87010955810547,
    "F0378": 16.830257415771484,
    "F0395": 16.72395896911621,
    "F0410": 16.01344871520996,
    "F0430": 15.944900512695312,
    "F0475_gSDSS": 15.445708274841309,
    "F0515": 15.252327919006348,
    "F0626_rSDSS": 14.801351547241211,
    "F0660": 14.742273330688477,
    "F0769_iSDSS": 14.596552848815918,
    "F0861": 14.541769027709961,
    "F0883_zSDSS": 14.504542350769043
}