{
    "id": "gaia_xp_spectrum_6141029765506666240-Ref",
    "F0352_uJAVA": 16.39520263671875,
    "F0378": 16.092086791992188,
    "F0395": 16.03209686279297,
    "F0410": 15.600706100463867,
    "F0430": 15.516669273376465,
    "F0475_gSDSS": 15.251656532287598,
    "F0515": 15.089439392089844,
    "F0626_rSDSS": 14.814528465270996,
    "F0660": 14.778289794921875,
    "F0769_iSDSS": 14.67121410369873,
    "F0861": 14.636852264404297,
    "F0883_zSDSS": 14.61870002746582
}