{
    "id": "gaia_xp_spectrum_6141016674446758272-Ref",
    "F0352_uJAVA": 16.104501724243164,
    "F0378": 15.98033618927002,
    "F0395": 15.875747680664062,
    "F0410": 15.207475662231445,
    "F0430": 15.103034019470215,
    "F0475_gSDSS": 14.680316925048828,
    "F0515": 14.483097076416016,
    "F0626_rSDSS": 14.081155776977539,
    "F0660": 14.02583122253418,
    "F0769_iSDSS": 13.902693748474121,
    "F0861": 13.861847877502441,
    "F0883_zSDSS": 13.828301429748535
}