{
    "id": "gaia_xp_spectrum_6141795300477669632-Ref",
    "F0352_uJAVA": 16.58159828186035,
    "F0378": 16.51824951171875,
    "F0395": 16.424720764160156,
    "F0410": 15.722512245178223,
    "F0430": 15.63296127319336,
    "F0475_gSDSS": 15.162343978881836,
    "F0515": 14.97555923461914,
    "F0626_rSDSS": 14.538101196289062,
    "F0660": 14.467191696166992,
    "F0769_iSDSS": 14.34361743927002,
    "F0861": 14.284011840820312,
    "F0883_zSDSS": 14.253747940063477
}