{
    "id": "gaia_xp_spectrum_6141035847180343040-Ref",
    "F0352_uJAVA": 15.867639541625977,
    "F0378": 15.630556106567383,
    "F0395": 15.502079010009766,
    "F0410": 15.064967155456543,
    "F0430": 14.978833198547363,
    "F0475_gSDSS": 14.724949836730957,
    "F0515": 14.58281421661377,
    "F0626_rSDSS": 14.318120002746582,
    "F0660": 14.292258262634277,
    "F0769_iSDSS": 14.20177936553955,
    "F0861": 14.180961608886719,
    "F0883_zSDSS": 14.165127754211426
}