{
    "id": "gaia_xp_spectrum_6141035847180343680-Ref",
    "F0352_uJAVA": 16.724365234375,
    "F0378": 16.62489128112793,
    "F0395": 16.522048950195312,
    "F0410": 15.906919479370117,
    "F0430": 15.810863494873047,
    "F0475_gSDSS": 15.386503219604492,
    "F0515": 15.206029891967773,
    "F0626_rSDSS": 14.79392147064209,
    "F0660": 14.745343208312988,
    "F0769_iSDSS": 14.602523803710938,
    "F0861": 14.559200286865234,
    "F0883_zSDSS": 14.524724960327148
}