{
    "id": "gaia_xp_spectrum_6141018461152744320-Ref",
    "F0352_uJAVA": 15.860269546508789,
    "F0378": 15.711045265197754,
    "F0395": 15.659575462341309,
    "F0410": 15.060102462768555,
    "F0430": 14.997367858886719,
    "F0475_gSDSS": 14.628026962280273,
    "F0515": 14.457416534423828,
    "F0626_rSDSS": 14.117354393005371,
    "F0660": 14.066423416137695,
    "F0769_iSDSS": 13.960627555847168,
    "F0861": 13.924283981323242,
    "F0883_zSDSS": 13.89799690246582
}