{
    "id": "gaia_xp_spectrum_6141035263064789632-Ref",
    "F0352_uJAVA": 16.267831802368164,
    "F0378": 16.209732055664062,
    "F0395": 16.042556762695312,
    "F0410": 15.445029258728027,
    "F0430": 15.339664459228516,
    "F0475_gSDSS": 14.932151794433594,
    "F0515": 14.75295352935791,
    "F0626_rSDSS": 14.348496437072754,
    "F0660": 14.289568901062012,
    "F0769_iSDSS": 14.161359786987305,
    "F0861": 14.112367630004883,
    "F0883_zSDSS": 14.077147483825684
}