{
    "id": "gaia_xp_spectrum_6141042890926744960-Ref",
    "F0352_uJAVA": 16.99721336364746,
    "F0378": 16.930742263793945,
    "F0395": 16.90119171142578,
    "F0410": 16.144582748413086,
    "F0430": 16.08059310913086,
    "F0475_gSDSS": 15.605822563171387,
    "F0515": 15.405037879943848,
    "F0626_rSDSS": 14.9874267578125,
    "F0660": 14.927331924438477,
    "F0769_iSDSS": 14.771480560302734,
    "F0861": 14.71152114868164,
    "F0883_zSDSS": 14.676713943481445
}