{
    "id": "gaia_xp_spectrum_6141034605933444352-Ref",
    "F0352_uJAVA": 16.26793098449707,
    "F0378": 15.870659828186035,
    "F0395": 15.395770072937012,
    "F0410": 15.137733459472656,
    "F0430": 15.075794219970703,
    "F0475_gSDSS": 14.953937530517578,
    "F0515": 14.861531257629395,
    "F0626_rSDSS": 14.80057430267334,
    "F0660": 14.865495681762695,
    "F0769_iSDSS": 14.814029693603516,
    "F0861": 14.855910301208496,
    "F0883_zSDSS": 14.835707664489746
}