{
    "id": "gaia_xp_spectrum_6140283678147948160-Ref",
    "F0352_uJAVA": 17.113500595092773,
    "F0378": 16.947816848754883,
    "F0395": 16.84688949584961,
    "F0410": 16.232742309570312,
    "F0430": 16.183427810668945,
    "F0475_gSDSS": 15.780423164367676,
    "F0515": 15.604113578796387,
    "F0626_rSDSS": 15.226662635803223,
    "F0660": 15.175222396850586,
    "F0769_iSDSS": 15.058283805847168,
    "F0861": 15.023845672607422,
    "F0883_zSDSS": 14.993730545043945
}