{
    "id": "gaia_xp_spectrum_6141067114542639872-Ref",
    "F0352_uJAVA": 16.678674697875977,
    "F0378": 16.531740188598633,
    "F0395": 16.485923767089844,
    "F0410": 15.850835800170898,
    "F0430": 15.770331382751465,
    "F0475_gSDSS": 15.355616569519043,
    "F0515": 15.153315544128418,
    "F0626_rSDSS": 14.765864372253418,
    "F0660": 14.693751335144043,
    "F0769_iSDSS": 14.580931663513184,
    "F0861": 14.529067993164062,
    "F0883_zSDSS": 14.502144813537598
}