{
    "id": "gaia_xp_spectrum_6141017705238495360-Ref",
    "F0352_uJAVA": 16.757606506347656,
    "F0378": 16.718158721923828,
    "F0395": 16.675512313842773,
    "F0410": 15.830212593078613,
    "F0430": 15.734220504760742,
    "F0475_gSDSS": 15.144715309143066,
    "F0515": 14.942747116088867,
    "F0626_rSDSS": 14.356337547302246,
    "F0660": 14.256136894226074,
    "F0769_iSDSS": 14.057987213134766,
    "F0861": 13.95291805267334,
    "F0883_zSDSS": 13.906319618225098
}