{
    "id": "gaia_xp_spectrum_6139532127590738048-Ref",
    "F0352_uJAVA": 16.780338287353516,
    "F0378": 16.581600189208984,
    "F0395": 16.542404174804688,
    "F0410": 15.979229927062988,
    "F0430": 15.935924530029297,
    "F0475_gSDSS": 15.572088241577148,
    "F0515": 15.395092964172363,
    "F0626_rSDSS": 15.041216850280762,
    "F0660": 14.995373725891113,
    "F0769_iSDSS": 14.860594749450684,
    "F0861": 14.818718910217285,
    "F0883_zSDSS": 14.787161827087402
}