{
    "id": "gaia_xp_spectrum_6141039008276661376-Ref",
    "F0352_uJAVA": 15.837849617004395,
    "F0378": 15.565218925476074,
    "F0395": 15.497854232788086,
    "F0410": 15.010557174682617,
    "F0430": 14.926523208618164,
    "F0475_gSDSS": 14.613125801086426,
    "F0515": 14.447575569152832,
    "F0626_rSDSS": 14.151061058044434,
    "F0660": 14.116289138793945,
    "F0769_iSDSS": 14.013705253601074,
    "F0861": 13.984556198120117,
    "F0883_zSDSS": 13.96425724029541
}