{
    "id": "gaia_xp_spectrum_6141040245227266688-Ref",
    "F0352_uJAVA": 16.70472526550293,
    "F0378": 16.703386306762695,
    "F0395": 16.497085571289062,
    "F0410": 15.828570365905762,
    "F0430": 15.72411823272705,
    "F0475_gSDSS": 15.18051815032959,
    "F0515": 15.004749298095703,
    "F0626_rSDSS": 14.438904762268066,
    "F0660": 14.351491928100586,
    "F0769_iSDSS": 14.19301986694336,
    "F0861": 14.106496810913086,
    "F0883_zSDSS": 14.075414657592773
}