{
    "id": "gaia_xp_spectrum_6141062785215488128-Ref",
    "F0352_uJAVA": 16.853321075439453,
    "F0378": 16.7562198638916,
    "F0395": 16.579448699951172,
    "F0410": 16.061174392700195,
    "F0430": 16.019886016845703,
    "F0475_gSDSS": 15.599193572998047,
    "F0515": 15.420400619506836,
    "F0626_rSDSS": 15.030257225036621,
    "F0660": 14.978373527526855,
    "F0769_iSDSS": 14.838664054870605,
    "F0861": 14.788359642028809,
    "F0883_zSDSS": 14.755410194396973
}