{
    "id": "gaia_xp_spectrum_6141028425476867840-Ref",
    "F0352_uJAVA": 15.713428497314453,
    "F0378": 15.48306941986084,
    "F0395": 15.345687866210938,
    "F0410": 14.914745330810547,
    "F0430": 14.841029167175293,
    "F0475_gSDSS": 14.541618347167969,
    "F0515": 14.387472152709961,
    "F0626_rSDSS": 14.085330963134766,
    "F0660": 14.057716369628906,
    "F0769_iSDSS": 13.944726943969727,
    "F0861": 13.912907600402832,
    "F0883_zSDSS": 13.890789031982422
}