{
    "id": "gaia_xp_spectrum_6141794235325507584-Ref",
    "F0352_uJAVA": 16.54891014099121,
    "F0378": 16.272031784057617,
    "F0395": 16.158571243286133,
    "F0410": 15.771312713623047,
    "F0430": 15.693876266479492,
    "F0475_gSDSS": 15.412842750549316,
    "F0515": 15.2618989944458,
    "F0626_rSDSS": 14.976218223571777,
    "F0660": 14.940506935119629,
    "F0769_iSDSS": 14.824520111083984,
    "F0861": 14.788942337036133,
    "F0883_zSDSS": 14.768548011779785
}