{
    "id": "gaia_xp_spectrum_6141041172939820160-Ref",
    "F0352_uJAVA": 16.70493507385254,
    "F0378": 16.52195930480957,
    "F0395": 16.335193634033203,
    "F0410": 15.909316062927246,
    "F0430": 15.834112167358398,
    "F0475_gSDSS": 15.503981590270996,
    "F0515": 15.339491844177246,
    "F0626_rSDSS": 15.019413948059082,
    "F0660": 14.973398208618164,
    "F0769_iSDSS": 14.868658065795898,
    "F0861": 14.834646224975586,
    "F0883_zSDSS": 14.81408405303955
}