{
    "id": "gaia_xp_spectrum_6140282990953174656-Ref",
    "F0352_uJAVA": 16.95949363708496,
    "F0378": 16.790508270263672,
    "F0395": 16.87898826599121,
    "F0410": 16.246360778808594,
    "F0430": 16.198650360107422,
    "F0475_gSDSS": 15.82044506072998,
    "F0515": 15.651113510131836,
    "F0626_rSDSS": 15.278136253356934,
    "F0660": 15.230340957641602,
    "F0769_iSDSS": 15.090824127197266,
    "F0861": 15.034722328186035,
    "F0883_zSDSS": 14.99794864654541
}