{
    "id": "gaia_xp_spectrum_6140282303758394112-Ref",
    "F0352_uJAVA": 16.346019744873047,
    "F0378": 16.256046295166016,
    "F0395": 16.107881546020508,
    "F0410": 15.475706100463867,
    "F0430": 15.396955490112305,
    "F0475_gSDSS": 14.904539108276367,
    "F0515": 14.692338943481445,
    "F0626_rSDSS": 14.245043754577637,
    "F0660": 14.172164916992188,
    "F0769_iSDSS": 14.027758598327637,
    "F0861": 13.960563659667969,
    "F0883_zSDSS": 13.922118186950684
}