{
    "id": "gaia_xp_spectrum_6141030658859869440-Ref",
    "F0352_uJAVA": 16.497617721557617,
    "F0378": 16.613739013671875,
    "F0395": 16.369869232177734,
    "F0410": 15.552328109741211,
    "F0430": 15.439004898071289,
    "F0475_gSDSS": 14.853886604309082,
    "F0515": 14.69389533996582,
    "F0626_rSDSS": 14.125000953674316,
    "F0660": 14.039073944091797,
    "F0769_iSDSS": 13.893651962280273,
    "F0861": 13.824085235595703,
    "F0883_zSDSS": 13.788257598876953
}