{
    "id": "gaia_xp_spectrum_6141035915899820672-Ref",
    "F0352_uJAVA": 16.779483795166016,
    "F0378": 16.35237693786621,
    "F0395": 16.001619338989258,
    "F0410": 15.7371187210083,
    "F0430": 15.694742202758789,
    "F0475_gSDSS": 15.552384376525879,
    "F0515": 15.44423770904541,
    "F0626_rSDSS": 15.354833602905273,
    "F0660": 15.393980979919434,
    "F0769_iSDSS": 15.327667236328125,
    "F0861": 15.349185943603516,
    "F0883_zSDSS": 15.334129333496094
}