{
    "id": "gaia_xp_spectrum_6141037152850794624-Ref",
    "F0352_uJAVA": 16.588260650634766,
    "F0378": 16.494083404541016,
    "F0395": 16.377267837524414,
    "F0410": 15.700772285461426,
    "F0430": 15.608168601989746,
    "F0475_gSDSS": 15.124431610107422,
    "F0515": 14.944608688354492,
    "F0626_rSDSS": 14.47989273071289,
    "F0660": 14.414559364318848,
    "F0769_iSDSS": 14.2824125289917,
    "F0861": 14.227420806884766,
    "F0883_zSDSS": 14.196821212768555
}