{
    "id": "gaia_xp_spectrum_6141792379899642368-Ref",
    "F0352_uJAVA": 16.758962631225586,
    "F0378": 16.68871307373047,
    "F0395": 16.491315841674805,
    "F0410": 15.82172679901123,
    "F0430": 15.715032577514648,
    "F0475_gSDSS": 15.243019104003906,
    "F0515": 15.049965858459473,
    "F0626_rSDSS": 14.615280151367188,
    "F0660": 14.554231643676758,
    "F0769_iSDSS": 14.430127143859863,
    "F0861": 14.376505851745605,
    "F0883_zSDSS": 14.345841407775879
}