{
    "id": "gaia_xp_spectrum_6139530409603814912-Ref",
    "F0352_uJAVA": 17.059749603271484,
    "F0378": 16.903972625732422,
    "F0395": 16.953441619873047,
    "F0410": 16.166912078857422,
    "F0430": 16.078981399536133,
    "F0475_gSDSS": 15.55124568939209,
    "F0515": 15.351073265075684,
    "F0626_rSDSS": 14.83572006225586,
    "F0660": 14.755287170410156,
    "F0769_iSDSS": 14.574421882629395,
    "F0861": 14.487614631652832,
    "F0883_zSDSS": 14.4426908493042
}