{
    "id": "gaia_xp_spectrum_6140284227903773952-Ref",
    "F0352_uJAVA": 16.241357803344727,
    "F0378": 16.067033767700195,
    "F0395": 15.985718727111816,
    "F0410": 15.397022247314453,
    "F0430": 15.31929874420166,
    "F0475_gSDSS": 14.943659782409668,
    "F0515": 14.785741806030273,
    "F0626_rSDSS": 14.42849063873291,
    "F0660": 14.383262634277344,
    "F0769_iSDSS": 14.288969039916992,
    "F0861": 14.2644624710083,
    "F0883_zSDSS": 14.236954689025879
}