{
    "id": "gaia_xp_spectrum_6141030143463790080-Ref",
    "F0352_uJAVA": 16.894487380981445,
    "F0378": 16.82361602783203,
    "F0395": 16.722219467163086,
    "F0410": 16.080278396606445,
    "F0430": 16.02587890625,
    "F0475_gSDSS": 15.588128089904785,
    "F0515": 15.423727989196777,
    "F0626_rSDSS": 14.982779502868652,
    "F0660": 14.928181648254395,
    "F0769_iSDSS": 14.77742862701416,
    "F0861": 14.719011306762695,
    "F0883_zSDSS": 14.687721252441406
}