{
    "id": "gaia_xp_spectrum_6141039901629501184-Ref",
    "F0352_uJAVA": 16.7965030670166,
    "F0378": 16.72140121459961,
    "F0395": 16.599050521850586,
    "F0410": 15.992977142333984,
    "F0430": 15.932738304138184,
    "F0475_gSDSS": 15.464832305908203,
    "F0515": 15.292104721069336,
    "F0626_rSDSS": 14.82315444946289,
    "F0660": 14.764111518859863,
    "F0769_iSDSS": 14.589578628540039,
    "F0861": 14.513434410095215,
    "F0883_zSDSS": 14.47446346282959
}