{
    "id": "gaia_xp_spectrum_6141032235111355392-Ref",
    "F0352_uJAVA": 16.85216522216797,
    "F0378": 16.706233978271484,
    "F0395": 16.68444061279297,
    "F0410": 16.112152099609375,
    "F0430": 16.052614212036133,
    "F0475_gSDSS": 15.692601203918457,
    "F0515": 15.518709182739258,
    "F0626_rSDSS": 15.16993236541748,
    "F0660": 15.133322715759277,
    "F0769_iSDSS": 14.996834754943848,
    "F0861": 14.95556640625,
    "F0883_zSDSS": 14.92525863647461
}