{
    "id": "gaia_xp_spectrum_6141020213499561472-Ref",
    "F0352_uJAVA": 17.059722900390625,
    "F0378": 16.96495246887207,
    "F0395": 16.904870986938477,
    "F0410": 16.160404205322266,
    "F0430": 16.048437118530273,
    "F0475_gSDSS": 15.498645782470703,
    "F0515": 15.295878410339355,
    "F0626_rSDSS": 14.742704391479492,
    "F0660": 14.659235954284668,
    "F0769_iSDSS": 14.454894065856934,
    "F0861": 14.345094680786133,
    "F0883_zSDSS": 14.30528450012207
}