{
    "id": "gaia_xp_spectrum_6141029868585881984-Ref",
    "F0352_uJAVA": 17.004955291748047,
    "F0378": 16.858484268188477,
    "F0395": 16.920625686645508,
    "F0410": 16.055498123168945,
    "F0430": 15.978921890258789,
    "F0475_gSDSS": 15.374568939208984,
    "F0515": 15.171241760253906,
    "F0626_rSDSS": 14.579483032226562,
    "F0660": 14.475387573242188,
    "F0769_iSDSS": 14.281942367553711,
    "F0861": 14.179381370544434,
    "F0883_zSDSS": 14.132928848266602
}