{
    "id": "gaia_xp_spectrum_6141034678949261568-Ref",
    "F0352_uJAVA": 17.065187454223633,
    "F0378": 16.931427001953125,
    "F0395": 16.77743148803711,
    "F0410": 16.253406524658203,
    "F0430": 16.16933822631836,
    "F0475_gSDSS": 15.827296257019043,
    "F0515": 15.648612976074219,
    "F0626_rSDSS": 15.331131935119629,
    "F0660": 15.288566589355469,
    "F0769_iSDSS": 15.178983688354492,
    "F0861": 15.141672134399414,
    "F0883_zSDSS": 15.121603012084961
}