{
    "id": "gaia_xp_spectrum_6141024096150021504-Ref",
    "F0352_uJAVA": 16.80122947692871,
    "F0378": 16.652803421020508,
    "F0395": 16.627708435058594,
    "F0410": 15.952162742614746,
    "F0430": 15.853565216064453,
    "F0475_gSDSS": 15.367548942565918,
    "F0515": 15.17272663116455,
    "F0626_rSDSS": 14.696737289428711,
    "F0660": 14.629251480102539,
    "F0769_iSDSS": 14.456494331359863,
    "F0861": 14.370121002197266,
    "F0883_zSDSS": 14.335493087768555
}