{
    "id": "gaia_xp_spectrum_6141784236641617024-Ref",
    "F0352_uJAVA": 16.771730422973633,
    "F0378": 16.602190017700195,
    "F0395": 16.481298446655273,
    "F0410": 15.979127883911133,
    "F0430": 15.972363471984863,
    "F0475_gSDSS": 15.607051849365234,
    "F0515": 15.434111595153809,
    "F0626_rSDSS": 15.102313041687012,
    "F0660": 15.054471969604492,
    "F0769_iSDSS": 14.9373197555542,
    "F0861": 14.897454261779785,
    "F0883_zSDSS": 14.873260498046875
}