{
    "id": "gaia_xp_spectrum_6141032273767543168-Ref",
    "F0352_uJAVA": 16.080360412597656,
    "F0378": 15.845458984375,
    "F0395": 15.747947692871094,
    "F0410": 15.345494270324707,
    "F0430": 15.285709381103516,
    "F0475_gSDSS": 14.989213943481445,
    "F0515": 14.8367919921875,
    "F0626_rSDSS": 14.55627727508545,
    "F0660": 14.534783363342285,
    "F0769_iSDSS": 14.424996376037598,
    "F0861": 14.404830932617188,
    "F0883_zSDSS": 14.377979278564453
}