{
    "id": "gaia_xp_spectrum_6141789047004995328-Ref",
    "F0352_uJAVA": 17.07610321044922,
    "F0378": 16.95262908935547,
    "F0395": 16.865476608276367,
    "F0410": 16.239229202270508,
    "F0430": 16.162731170654297,
    "F0475_gSDSS": 15.759190559387207,
    "F0515": 15.586698532104492,
    "F0626_rSDSS": 15.199797630310059,
    "F0660": 15.14102840423584,
    "F0769_iSDSS": 15.02669620513916,
    "F0861": 14.982834815979004,
    "F0883_zSDSS": 14.957819938659668
}