{
    "id": "gaia_xp_spectrum_6141051034184965376-Ref",
    "F0352_uJAVA": 16.808786392211914,
    "F0378": 16.66938018798828,
    "F0395": 16.582866668701172,
    "F0410": 15.934372901916504,
    "F0430": 15.849929809570312,
    "F0475_gSDSS": 15.395468711853027,
    "F0515": 15.194265365600586,
    "F0626_rSDSS": 14.762136459350586,
    "F0660": 14.706204414367676,
    "F0769_iSDSS": 14.556498527526855,
    "F0861": 14.506871223449707,
    "F0883_zSDSS": 14.46351432800293
}