{
    "id": "gaia_xp_spectrum_6141036500015767680-Ref",
    "F0352_uJAVA": 17.13424301147461,
    "F0378": 16.764739990234375,
    "F0395": 16.59485626220703,
    "F0410": 16.18581771850586,
    "F0430": 16.080184936523438,
    "F0475_gSDSS": 15.826672554016113,
    "F0515": 15.708208084106445,
    "F0626_rSDSS": 15.423086166381836,
    "F0660": 15.396318435668945,
    "F0769_iSDSS": 15.324091911315918,
    "F0861": 15.311348915100098,
    "F0883_zSDSS": 15.29273796081543
}