{
    "id": "gaia_xp_spectrum_6141789145788004736-Ref",
    "F0352_uJAVA": 16.834033966064453,
    "F0378": 16.7352237701416,
    "F0395": 16.598278045654297,
    "F0410": 15.957764625549316,
    "F0430": 15.855542182922363,
    "F0475_gSDSS": 15.448862075805664,
    "F0515": 15.269731521606445,
    "F0626_rSDSS": 14.878944396972656,
    "F0660": 14.834311485290527,
    "F0769_iSDSS": 14.707415580749512,
    "F0861": 14.674027442932129,
    "F0883_zSDSS": 14.643077850341797
}