{
    "id": "gaia_xp_spectrum_6141023546394424960-Ref",
    "F0352_uJAVA": 16.67496681213379,
    "F0378": 16.56491470336914,
    "F0395": 16.444061279296875,
    "F0410": 15.764174461364746,
    "F0430": 15.662363052368164,
    "F0475_gSDSS": 15.205366134643555,
    "F0515": 15.022894859313965,
    "F0626_rSDSS": 14.580897331237793,
    "F0660": 14.51416015625,
    "F0769_iSDSS": 14.403977394104004,
    "F0861": 14.35703182220459,
    "F0883_zSDSS": 14.33001708984375
}