{
    "id": "gaia_xp_spectrum_6141036877972887424-Ref",
    "F0352_uJAVA": 16.50914764404297,
    "F0378": 16.372453689575195,
    "F0395": 16.307584762573242,
    "F0410": 15.613012313842773,
    "F0430": 15.550564765930176,
    "F0475_gSDSS": 15.119256019592285,
    "F0515": 14.923734664916992,
    "F0626_rSDSS": 14.534035682678223,
    "F0660": 14.464826583862305,
    "F0769_iSDSS": 14.34849739074707,
    "F0861": 14.300199508666992,
    "F0883_zSDSS": 14.273567199707031
}