{
    "id": "gaia_xp_spectrum_6141787775694680960-Ref",
    "F0352_uJAVA": 16.720664978027344,
    "F0378": 16.421884536743164,
    "F0395": 16.402008056640625,
    "F0410": 15.918638229370117,
    "F0430": 15.88349437713623,
    "F0475_gSDSS": 15.569748878479004,
    "F0515": 15.412833213806152,
    "F0626_rSDSS": 15.12465763092041,
    "F0660": 15.082176208496094,
    "F0769_iSDSS": 14.989126205444336,
    "F0861": 14.961621284484863,
    "F0883_zSDSS": 14.934503555297852
}