{
    "id": "gaia_xp_spectrum_6141028013159983360-Ref",
    "F0352_uJAVA": 16.862653732299805,
    "F0378": 16.937366485595703,
    "F0395": 16.785533905029297,
    "F0410": 15.993949890136719,
    "F0430": 15.93274974822998,
    "F0475_gSDSS": 15.370344161987305,
    "F0515": 15.198933601379395,
    "F0626_rSDSS": 14.666450500488281,
    "F0660": 14.590680122375488,
    "F0769_iSDSS": 14.424165725708008,
    "F0861": 14.351263999938965,
    "F0883_zSDSS": 14.306901931762695
}