{
    "id": "gaia_xp_spectrum_6141015574934711808-Ref",
    "F0352_uJAVA": 16.62689971923828,
    "F0378": 16.59564781188965,
    "F0395": 16.499984741210938,
    "F0410": 15.771208763122559,
    "F0430": 15.730192184448242,
    "F0475_gSDSS": 15.204428672790527,
    "F0515": 14.991171836853027,
    "F0626_rSDSS": 14.526606559753418,
    "F0660": 14.447938919067383,
    "F0769_iSDSS": 14.28701400756836,
    "F0861": 14.209333419799805,
    "F0883_zSDSS": 14.168583869934082
}