{
    "id": "gaia_xp_spectrum_6141025092582626304-Ref",
    "F0352_uJAVA": 16.715105056762695,
    "F0378": 16.47950553894043,
    "F0395": 16.277864456176758,
    "F0410": 15.930705070495605,
    "F0430": 15.852602005004883,
    "F0475_gSDSS": 15.592852592468262,
    "F0515": 15.461116790771484,
    "F0626_rSDSS": 15.195672988891602,
    "F0660": 15.170135498046875,
    "F0769_iSDSS": 15.077449798583984,
    "F0861": 15.05885124206543,
    "F0883_zSDSS": 15.0380859375
}