{
    "id": "gaia_xp_spectrum_6141029765506666624-Ref",
    "F0352_uJAVA": 17.094440460205078,
    "F0378": 16.961320877075195,
    "F0395": 16.907468795776367,
    "F0410": 16.285457611083984,
    "F0430": 16.241323471069336,
    "F0475_gSDSS": 15.808761596679688,
    "F0515": 15.63835620880127,
    "F0626_rSDSS": 15.212235450744629,
    "F0660": 15.144855499267578,
    "F0769_iSDSS": 15.004175186157227,
    "F0861": 14.949124336242676,
    "F0883_zSDSS": 14.91567611694336
}