{
    "id": "gaia_xp_spectrum_6142020494202598144-Ref",
    "F0352_uJAVA": 15.891507148742676,
    "F0378": 15.73885726928711,
    "F0395": 15.674237251281738,
    "F0410": 15.07916259765625,
    "F0430": 15.026548385620117,
    "F0475_gSDSS": 14.635985374450684,
    "F0515": 14.47614574432373,
    "F0626_rSDSS": 14.130486488342285,
    "F0660": 14.08208179473877,
    "F0769_iSDSS": 13.98080062866211,
    "F0861": 13.951923370361328,
    "F0883_zSDSS": 13.927029609680176
}