{
    "id": "gaia_xp_spectrum_6141906522950745088-Ref",
    "F0352_uJAVA": 16.775962829589844,
    "F0378": 16.58588981628418,
    "F0395": 16.50574493408203,
    "F0410": 15.914158821105957,
    "F0430": 15.819284439086914,
    "F0475_gSDSS": 15.5040283203125,
    "F0515": 15.34975814819336,
    "F0626_rSDSS": 15.044602394104004,
    "F0660": 15.025529861450195,
    "F0769_iSDSS": 14.910426139831543,
    "F0861": 14.888216972351074,
    "F0883_zSDSS": 14.865152359008789
}