{
    "id": "gaia_xp_spectrum_6142011526310956672-Ref",
    "F0352_uJAVA": 16.465364456176758,
    "F0378": 16.390567779541016,
    "F0395": 16.314306259155273,
    "F0410": 15.492039680480957,
    "F0430": 15.365987777709961,
    "F0475_gSDSS": 14.855328559875488,
    "F0515": 14.660858154296875,
    "F0626_rSDSS": 14.187695503234863,
    "F0660": 14.127388954162598,
    "F0769_iSDSS": 13.993106842041016,
    "F0861": 13.94151496887207,
    "F0883_zSDSS": 13.911323547363281
}