{
    "id": "gaia_xp_spectrum_6142000393755624832-Ref",
    "F0352_uJAVA": 16.659650802612305,
    "F0378": 16.496109008789062,
    "F0395": 16.42216682434082,
    "F0410": 15.84264087677002,
    "F0430": 15.731929779052734,
    "F0475_gSDSS": 15.354692459106445,
    "F0515": 15.165301322937012,
    "F0626_rSDSS": 14.821170806884766,
    "F0660": 14.769282341003418,
    "F0769_iSDSS": 14.655311584472656,
    "F0861": 14.610084533691406,
    "F0883_zSDSS": 14.58860969543457
}