{
    "id": "gaia_xp_spectrum_6141949610062695168-Ref",
    "F0352_uJAVA": 16.846757888793945,
    "F0378": 16.7070255279541,
    "F0395": 16.67361831665039,
    "F0410": 15.902897834777832,
    "F0430": 15.842643737792969,
    "F0475_gSDSS": 15.363740921020508,
    "F0515": 15.173957824707031,
    "F0626_rSDSS": 14.732538223266602,
    "F0660": 14.656210899353027,
    "F0769_iSDSS": 14.530322074890137,
    "F0861": 14.474125862121582,
    "F0883_zSDSS": 14.441052436828613
}