{
    "id": "gaia_xp_spectrum_6141950847012976896-Ref",
    "F0352_uJAVA": 16.315595626831055,
    "F0378": 16.23468589782715,
    "F0395": 16.235883712768555,
    "F0410": 15.517861366271973,
    "F0430": 15.458425521850586,
    "F0475_gSDSS": 15.01064395904541,
    "F0515": 14.824966430664062,
    "F0626_rSDSS": 14.4434175491333,
    "F0660": 14.396027565002441,
    "F0769_iSDSS": 14.269109725952148,
    "F0861": 14.229175567626953,
    "F0883_zSDSS": 14.205268859863281
}