{
    "id": "gaia_xp_spectrum_6142013961555514240-Ref",
    "F0352_uJAVA": 16.949323654174805,
    "F0378": 16.676387786865234,
    "F0395": 16.378265380859375,
    "F0410": 16.07558822631836,
    "F0430": 16.01526641845703,
    "F0475_gSDSS": 15.845109939575195,
    "F0515": 15.74658489227295,
    "F0626_rSDSS": 15.571460723876953,
    "F0660": 15.576510429382324,
    "F0769_iSDSS": 15.52279281616211,
    "F0861": 15.554128646850586,
    "F0883_zSDSS": 15.526681900024414
}