{
    "id": "gaia_xp_spectrum_6142001287108824192-Ref",
    "F0352_uJAVA": 16.922361373901367,
    "F0378": 16.776830673217773,
    "F0395": 16.821044921875,
    "F0410": 15.985147476196289,
    "F0430": 15.871152877807617,
    "F0475_gSDSS": 15.2605562210083,
    "F0515": 15.00522518157959,
    "F0626_rSDSS": 14.451645851135254,
    "F0660": 14.353948593139648,
    "F0769_iSDSS": 14.12954330444336,
    "F0861": 14.015318870544434,
    "F0883_zSDSS": 13.963839530944824
}