{
    "id": "gaia_xp_spectrum_6141918205261786496-Ref",
    "F0352_uJAVA": 17.13264274597168,
    "F0378": 17.05734634399414,
    "F0395": 17.01409149169922,
    "F0410": 16.33953285217285,
    "F0430": 16.280851364135742,
    "F0475_gSDSS": 15.843643188476562,
    "F0515": 15.65601634979248,
    "F0626_rSDSS": 15.284867286682129,
    "F0660": 15.2343111038208,
    "F0769_iSDSS": 15.105925559997559,
    "F0861": 15.05737590789795,
    "F0883_zSDSS": 15.028833389282227
}