{
    "id": "gaia_xp_spectrum_6141955829175322112-Ref",
    "F0352_uJAVA": 15.662422180175781,
    "F0378": 15.420666694641113,
    "F0395": 15.39838695526123,
    "F0410": 14.878067970275879,
    "F0430": 14.825042724609375,
    "F0475_gSDSS": 14.52859115600586,
    "F0515": 14.388136863708496,
    "F0626_rSDSS": 14.108841896057129,
    "F0660": 14.084940910339355,
    "F0769_iSDSS": 13.990694046020508,
    "F0861": 13.973257064819336,
    "F0883_zSDSS": 13.955650329589844
}