{
    "id": "gaia_xp_spectrum_6142006402413278464-Ref",
    "F0352_uJAVA": 15.965161323547363,
    "F0378": 15.752169609069824,
    "F0395": 15.666877746582031,
    "F0410": 15.158668518066406,
    "F0430": 15.100919723510742,
    "F0475_gSDSS": 14.77817440032959,
    "F0515": 14.62143611907959,
    "F0626_rSDSS": 14.300046920776367,
    "F0660": 14.255111694335938,
    "F0769_iSDSS": 14.153736114501953,
    "F0861": 14.120255470275879,
    "F0883_zSDSS": 14.095564842224121
}