{
    "id": "gaia_xp_spectrum_6141997060860999040-Ref",
    "F0352_uJAVA": 17.031652450561523,
    "F0378": 16.87848663330078,
    "F0395": 16.782955169677734,
    "F0410": 16.30358123779297,
    "F0430": 16.217329025268555,
    "F0475_gSDSS": 15.885357856750488,
    "F0515": 15.743793487548828,
    "F0626_rSDSS": 15.393247604370117,
    "F0660": 15.342353820800781,
    "F0769_iSDSS": 15.230171203613281,
    "F0861": 15.197015762329102,
    "F0883_zSDSS": 15.169025421142578
}