{
    "id": "gaia_xp_spectrum_6142002936376270464-Ref",
    "F0352_uJAVA": 16.2549991607666,
    "F0378": 16.121383666992188,
    "F0395": 16.016990661621094,
    "F0410": 15.412983894348145,
    "F0430": 15.38757038116455,
    "F0475_gSDSS": 14.98791790008545,
    "F0515": 14.816582679748535,
    "F0626_rSDSS": 14.471367835998535,
    "F0660": 14.430963516235352,
    "F0769_iSDSS": 14.324885368347168,
    "F0861": 14.295780181884766,
    "F0883_zSDSS": 14.271025657653809
}