{
    "id": "gaia_xp_spectrum_6142008674452587136-Ref",
    "F0352_uJAVA": 16.791030883789062,
    "F0378": 16.792070388793945,
    "F0395": 16.571208953857422,
    "F0410": 15.909685134887695,
    "F0430": 15.81984806060791,
    "F0475_gSDSS": 15.367046356201172,
    "F0515": 15.176276206970215,
    "F0626_rSDSS": 14.755285263061523,
    "F0660": 14.680667877197266,
    "F0769_iSDSS": 14.573958396911621,
    "F0861": 14.519007682800293,
    "F0883_zSDSS": 14.49447250366211
}