{
    "id": "gaia_xp_spectrum_6141959127710199168-Ref",
    "F0352_uJAVA": 16.672286987304688,
    "F0378": 16.654541015625,
    "F0395": 16.506553649902344,
    "F0410": 15.851690292358398,
    "F0430": 15.7489013671875,
    "F0475_gSDSS": 15.287313461303711,
    "F0515": 15.102195739746094,
    "F0626_rSDSS": 14.691985130310059,
    "F0660": 14.640122413635254,
    "F0769_iSDSS": 14.516864776611328,
    "F0861": 14.485652923583984,
    "F0883_zSDSS": 14.448033332824707
}