{
    "id": "gaia_xp_spectrum_6142013858476290176-Ref",
    "F0352_uJAVA": 16.564485549926758,
    "F0378": 16.45003890991211,
    "F0395": 16.468713760375977,
    "F0410": 15.860647201538086,
    "F0430": 15.82461929321289,
    "F0475_gSDSS": 15.406036376953125,
    "F0515": 15.20657730102539,
    "F0626_rSDSS": 14.857970237731934,
    "F0660": 14.817940711975098,
    "F0769_iSDSS": 14.699883460998535,
    "F0861": 14.658509254455566,
    "F0883_zSDSS": 14.591570854187012
}