{
    "id": "gaia_xp_spectrum_6142019424753973888-Ref",
    "F0352_uJAVA": 16.51209259033203,
    "F0378": 16.452619552612305,
    "F0395": 16.303503036499023,
    "F0410": 15.698346138000488,
    "F0430": 15.654268264770508,
    "F0475_gSDSS": 15.252543449401855,
    "F0515": 15.072598457336426,
    "F0626_rSDSS": 14.720097541809082,
    "F0660": 14.672226905822754,
    "F0769_iSDSS": 14.561014175415039,
    "F0861": 14.521377563476562,
    "F0883_zSDSS": 14.498868942260742
}