{
    "id": "gaia_xp_spectrum_6142000359395884928-Ref",
    "F0352_uJAVA": 16.473241806030273,
    "F0378": 16.28179359436035,
    "F0395": 16.191450119018555,
    "F0410": 15.752864837646484,
    "F0430": 15.709429740905762,
    "F0475_gSDSS": 15.400290489196777,
    "F0515": 15.232771873474121,
    "F0626_rSDSS": 14.949756622314453,
    "F0660": 14.90920639038086,
    "F0769_iSDSS": 14.798107147216797,
    "F0861": 14.76993179321289,
    "F0883_zSDSS": 14.747527122497559
}