{
    "id": "gaia_xp_spectrum_6142208545050501376-Ref",
    "F0352_uJAVA": 15.671871185302734,
    "F0378": 15.425980567932129,
    "F0395": 15.286615371704102,
    "F0410": 15.035345077514648,
    "F0430": 14.971819877624512,
    "F0475_gSDSS": 14.766925811767578,
    "F0515": 14.632722854614258,
    "F0626_rSDSS": 14.423669815063477,
    "F0660": 14.41264533996582,
    "F0769_iSDSS": 14.313014030456543,
    "F0861": 14.283555030822754,
    "F0883_zSDSS": 14.277523040771484
}