{
    "id": "gaia_xp_spectrum_6142013278657518336-Ref",
    "F0352_uJAVA": 17.176637649536133,
    "F0378": 16.93389892578125,
    "F0395": 16.861343383789062,
    "F0410": 16.47574806213379,
    "F0430": 16.434667587280273,
    "F0475_gSDSS": 16.052072525024414,
    "F0515": 15.87197208404541,
    "F0626_rSDSS": 15.485190391540527,
    "F0660": 15.429044723510742,
    "F0769_iSDSS": 15.264522552490234,
    "F0861": 15.189885139465332,
    "F0883_zSDSS": 15.162421226501465
}