{
    "id": "gaia_xp_spectrum_6142024411212849920-Ref",
    "F0352_uJAVA": 17.154935836791992,
    "F0378": 16.885250091552734,
    "F0395": 16.844663619995117,
    "F0410": 16.341087341308594,
    "F0430": 16.287822723388672,
    "F0475_gSDSS": 16.01690673828125,
    "F0515": 15.863235473632812,
    "F0626_rSDSS": 15.635139465332031,
    "F0660": 15.627913475036621,
    "F0769_iSDSS": 15.529155731201172,
    "F0861": 15.524328231811523,
    "F0883_zSDSS": 15.50390911102295
}