{
    "id": "gaia_xp_spectrum_6142208613769978880-Ref",
    "F0352_uJAVA": 15.853886604309082,
    "F0378": 15.722663879394531,
    "F0395": 15.63296890258789,
    "F0410": 15.075641632080078,
    "F0430": 15.011094093322754,
    "F0475_gSDSS": 14.674753189086914,
    "F0515": 14.512443542480469,
    "F0626_rSDSS": 14.219454765319824,
    "F0660": 14.190093994140625,
    "F0769_iSDSS": 14.09099292755127,
    "F0861": 14.073973655700684,
    "F0883_zSDSS": 14.052349090576172
}