{
    "id": "gaia_xp_spectrum_6142000565554319232-Ref",
    "F0352_uJAVA": 15.732680320739746,
    "F0378": 15.59224796295166,
    "F0395": 15.524710655212402,
    "F0410": 14.998664855957031,
    "F0430": 14.961769104003906,
    "F0475_gSDSS": 14.612133979797363,
    "F0515": 14.458850860595703,
    "F0626_rSDSS": 14.146305084228516,
    "F0660": 14.103537559509277,
    "F0769_iSDSS": 14.008560180664062,
    "F0861": 13.976829528808594,
    "F0883_zSDSS": 13.96088981628418
}