{
    "id": "gaia_xp_spectrum_6142025094111923072-Ref",
    "F0352_uJAVA": 16.90007781982422,
    "F0378": 16.723682403564453,
    "F0395": 16.614871978759766,
    "F0410": 15.995444297790527,
    "F0430": 15.904622077941895,
    "F0475_gSDSS": 15.485459327697754,
    "F0515": 15.313852310180664,
    "F0626_rSDSS": 14.937691688537598,
    "F0660": 14.891064643859863,
    "F0769_iSDSS": 14.785301208496094,
    "F0861": 14.756994247436523,
    "F0883_zSDSS": 14.728864669799805
}