{
    "id": "gaia_xp_spectrum_6142011526310957568-Ref",
    "F0352_uJAVA": 16.637531280517578,
    "F0378": 16.603313446044922,
    "F0395": 16.45614242553711,
    "F0410": 15.797364234924316,
    "F0430": 15.725953102111816,
    "F0475_gSDSS": 15.266576766967773,
    "F0515": 15.090337753295898,
    "F0626_rSDSS": 14.678309440612793,
    "F0660": 14.6204252243042,
    "F0769_iSDSS": 14.498177528381348,
    "F0861": 14.446185111999512,
    "F0883_zSDSS": 14.42376708984375
}