{
    "id": "gaia_xp_spectrum_6142004035887978240-Ref",
    "F0352_uJAVA": 16.79427146911621,
    "F0378": 16.53046989440918,
    "F0395": 16.53907012939453,
    "F0410": 16.0455322265625,
    "F0430": 16.010295867919922,
    "F0475_gSDSS": 15.652281761169434,
    "F0515": 15.483000755310059,
    "F0626_rSDSS": 15.16240119934082,
    "F0660": 15.114580154418945,
    "F0769_iSDSS": 15.003364562988281,
    "F0861": 14.962363243103027,
    "F0883_zSDSS": 14.941381454467773
}