{
    "id": "gaia_xp_spectrum_6142010495518800768-Ref",
    "F0352_uJAVA": 16.604656219482422,
    "F0378": 16.390565872192383,
    "F0395": 16.351102828979492,
    "F0410": 15.808365821838379,
    "F0430": 15.758856773376465,
    "F0475_gSDSS": 15.43488883972168,
    "F0515": 15.271173477172852,
    "F0626_rSDSS": 14.99970531463623,
    "F0660": 14.975679397583008,
    "F0769_iSDSS": 14.879377365112305,
    "F0861": 14.859884262084961,
    "F0883_zSDSS": 14.843045234680176
}