{
    "id": "gaia_xp_spectrum_6142013175578302464-Ref",
    "F0352_uJAVA": 16.126245498657227,
    "F0378": 16.028615951538086,
    "F0395": 15.927577018737793,
    "F0410": 15.331978797912598,
    "F0430": 15.260968208312988,
    "F0475_gSDSS": 14.882161140441895,
    "F0515": 14.703717231750488,
    "F0626_rSDSS": 14.361968040466309,
    "F0660": 14.31910228729248,
    "F0769_iSDSS": 14.212882995605469,
    "F0861": 14.182687759399414,
    "F0883_zSDSS": 14.154537200927734
}