{
    "id": "gaia_xp_spectrum_6141906454231266432-Ref",
    "F0352_uJAVA": 17.107975006103516,
    "F0378": 17.073528289794922,
    "F0395": 16.92522621154785,
    "F0410": 16.27360725402832,
    "F0430": 16.175689697265625,
    "F0475_gSDSS": 15.708514213562012,
    "F0515": 15.535968780517578,
    "F0626_rSDSS": 15.092550277709961,
    "F0660": 15.034305572509766,
    "F0769_iSDSS": 14.896001815795898,
    "F0861": 14.841340065002441,
    "F0883_zSDSS": 14.813766479492188
}