{
    "id": "gaia_xp_spectrum_6142009018050050688-Ref",
    "F0352_uJAVA": 15.823494911193848,
    "F0378": 15.677653312683105,
    "F0395": 15.658846855163574,
    "F0410": 15.006458282470703,
    "F0430": 14.961907386779785,
    "F0475_gSDSS": 14.576408386230469,
    "F0515": 14.408796310424805,
    "F0626_rSDSS": 14.077266693115234,
    "F0660": 14.030036926269531,
    "F0769_iSDSS": 13.936614036560059,
    "F0861": 13.911823272705078,
    "F0883_zSDSS": 13.889934539794922
}