{
    "id": "gaia_xp_spectrum_6142206208588284416-Ref",
    "F0352_uJAVA": 16.719268798828125,
    "F0378": 16.550596237182617,
    "F0395": 16.58843421936035,
    "F0410": 15.803082466125488,
    "F0430": 15.76445198059082,
    "F0475_gSDSS": 15.19156265258789,
    "F0515": 14.95455551147461,
    "F0626_rSDSS": 14.46939754486084,
    "F0660": 14.364439010620117,
    "F0769_iSDSS": 14.206878662109375,
    "F0861": 14.111934661865234,
    "F0883_zSDSS": 14.075753211975098
}