{
    "id": "gaia_xp_spectrum_6142003005095748608-Ref",
    "F0352_uJAVA": 16.836978912353516,
    "F0378": 16.687253952026367,
    "F0395": 16.597583770751953,
    "F0410": 15.994094848632812,
    "F0430": 15.930418968200684,
    "F0475_gSDSS": 15.51479434967041,
    "F0515": 15.326742172241211,
    "F0626_rSDSS": 14.955246925354004,
    "F0660": 14.899835586547852,
    "F0769_iSDSS": 14.787273406982422,
    "F0861": 14.754108428955078,
    "F0883_zSDSS": 14.723182678222656
}