{
    "id": "gaia_xp_spectrum_6141919785809763968-Ref",
    "F0352_uJAVA": 17.17373275756836,
    "F0378": 16.880802154541016,
    "F0395": 16.78647232055664,
    "F0410": 16.520038604736328,
    "F0430": 16.4073429107666,
    "F0475_gSDSS": 16.20487403869629,
    "F0515": 16.081850051879883,
    "F0626_rSDSS": 15.82464599609375,
    "F0660": 15.800357818603516,
    "F0769_iSDSS": 15.691489219665527,
    "F0861": 15.659143447875977,
    "F0883_zSDSS": 15.647610664367676
}