{
    "id": "gaia_xp_spectrum_6141907003987085952-Ref",
    "F0352_uJAVA": 15.53549861907959,
    "F0378": 15.332367897033691,
    "F0395": 15.227746963500977,
    "F0410": 14.776165008544922,
    "F0430": 14.708353996276855,
    "F0475_gSDSS": 14.417471885681152,
    "F0515": 14.264913558959961,
    "F0626_rSDSS": 13.994132995605469,
    "F0660": 13.965176582336426,
    "F0769_iSDSS": 13.874673843383789,
    "F0861": 13.860063552856445,
    "F0883_zSDSS": 13.838744163513184
}