{
    "id": "gaia_xp_spectrum_6141955691736381824-Ref",
    "F0352_uJAVA": 16.34804344177246,
    "F0378": 16.229999542236328,
    "F0395": 16.151334762573242,
    "F0410": 15.548186302185059,
    "F0430": 15.503695487976074,
    "F0475_gSDSS": 15.11715030670166,
    "F0515": 14.933902740478516,
    "F0626_rSDSS": 14.602258682250977,
    "F0660": 14.561661720275879,
    "F0769_iSDSS": 14.442730903625488,
    "F0861": 14.408592224121094,
    "F0883_zSDSS": 14.383766174316406
}