{
    "id": "gaia_xp_spectrum_6142017195667696768-Ref",
    "F0352_uJAVA": 16.337779998779297,
    "F0378": 16.318275451660156,
    "F0395": 16.190542221069336,
    "F0410": 15.533639907836914,
    "F0430": 15.450571060180664,
    "F0475_gSDSS": 14.9600830078125,
    "F0515": 14.789166450500488,
    "F0626_rSDSS": 14.356927871704102,
    "F0660": 14.286866188049316,
    "F0769_iSDSS": 14.174314498901367,
    "F0861": 14.130020141601562,
    "F0883_zSDSS": 14.098963737487793
}