{
    "id": "gaia_xp_spectrum_6141905182920940928-Ref",
    "F0352_uJAVA": 16.570398330688477,
    "F0378": 16.42675018310547,
    "F0395": 16.3835506439209,
    "F0410": 15.760613441467285,
    "F0430": 15.68503475189209,
    "F0475_gSDSS": 15.293989181518555,
    "F0515": 15.108626365661621,
    "F0626_rSDSS": 14.765495300292969,
    "F0660": 14.722339630126953,
    "F0769_iSDSS": 14.615753173828125,
    "F0861": 14.585283279418945,
    "F0883_zSDSS": 14.564508438110352
}