{
    "id": "gaia_xp_spectrum_6142206242948023168-Ref",
    "F0352_uJAVA": 16.047555923461914,
    "F0378": 15.892621994018555,
    "F0395": 15.84146499633789,
    "F0410": 15.241521835327148,
    "F0430": 15.185824394226074,
    "F0475_gSDSS": 14.80040168762207,
    "F0515": 14.632792472839355,
    "F0626_rSDSS": 14.303741455078125,
    "F0660": 14.269362449645996,
    "F0769_iSDSS": 14.169315338134766,
    "F0861": 14.145223617553711,
    "F0883_zSDSS": 14.126046180725098
}