{
    "id": "gaia_xp_spectrum_6142022761945334528-Ref",
    "F0352_uJAVA": 16.702091217041016,
    "F0378": 16.65989875793457,
    "F0395": 16.623485565185547,
    "F0410": 15.805377960205078,
    "F0430": 15.632657051086426,
    "F0475_gSDSS": 15.00988483428955,
    "F0515": 14.766121864318848,
    "F0626_rSDSS": 14.20720100402832,
    "F0660": 14.122808456420898,
    "F0769_iSDSS": 13.917251586914062,
    "F0861": 13.80944538116455,
    "F0883_zSDSS": 13.76640510559082
}