{
    "id": "gaia_xp_spectrum_6141919575354604160-Ref",
    "F0352_uJAVA": 16.999937057495117,
    "F0378": 16.86395835876465,
    "F0395": 16.86044692993164,
    "F0410": 16.117820739746094,
    "F0430": 16.002498626708984,
    "F0475_gSDSS": 15.47156810760498,
    "F0515": 15.24094009399414,
    "F0626_rSDSS": 14.747361183166504,
    "F0660": 14.668861389160156,
    "F0769_iSDSS": 14.47539234161377,
    "F0861": 14.381376266479492,
    "F0883_zSDSS": 14.340062141418457
}