{
    "id": "gaia_xp_spectrum_6142019669568874112-Ref",
    "F0352_uJAVA": 16.34503746032715,
    "F0378": 16.247913360595703,
    "F0395": 16.13300323486328,
    "F0410": 15.473691940307617,
    "F0430": 15.396987915039062,
    "F0475_gSDSS": 14.948564529418945,
    "F0515": 14.771990776062012,
    "F0626_rSDSS": 14.368819236755371,
    "F0660": 14.306859016418457,
    "F0769_iSDSS": 14.198087692260742,
    "F0861": 14.161162376403809,
    "F0883_zSDSS": 14.129664421081543
}