{
    "id": "gaia_xp_spectrum_6141997816775328896-Ref",
    "F0352_uJAVA": 16.49184799194336,
    "F0378": 16.252084732055664,
    "F0395": 16.113750457763672,
    "F0410": 15.733924865722656,
    "F0430": 15.650409698486328,
    "F0475_gSDSS": 15.456560134887695,
    "F0515": 15.345650672912598,
    "F0626_rSDSS": 15.145139694213867,
    "F0660": 15.157669067382812,
    "F0769_iSDSS": 15.085142135620117,
    "F0861": 15.092289924621582,
    "F0883_zSDSS": 15.068544387817383
}