{
    "id": "gaia_xp_spectrum_6142009396007092992-Ref",
    "F0352_uJAVA": 16.37437629699707,
    "F0378": 16.303556442260742,
    "F0395": 16.190326690673828,
    "F0410": 15.576019287109375,
    "F0430": 15.508392333984375,
    "F0475_gSDSS": 15.091835021972656,
    "F0515": 14.915925979614258,
    "F0626_rSDSS": 14.529354095458984,
    "F0660": 14.475326538085938,
    "F0769_iSDSS": 14.344195365905762,
    "F0861": 14.294219970703125,
    "F0883_zSDSS": 14.266740798950195
}