{
    "id": "gaia_xp_spectrum_6142011698109647744-Ref",
    "F0352_uJAVA": 16.89529037475586,
    "F0378": 16.700355529785156,
    "F0395": 16.622182846069336,
    "F0410": 16.01190948486328,
    "F0430": 15.932904243469238,
    "F0475_gSDSS": 15.550514221191406,
    "F0515": 15.371060371398926,
    "F0626_rSDSS": 15.042880058288574,
    "F0660": 15.00827407836914,
    "F0769_iSDSS": 14.901975631713867,
    "F0861": 14.890695571899414,
    "F0883_zSDSS": 14.85808277130127
}