{
    "id": "gaia_xp_spectrum_6141995995709106944-Ref",
    "F0352_uJAVA": 15.797816276550293,
    "F0378": 15.688151359558105,
    "F0395": 15.622432708740234,
    "F0410": 15.009116172790527,
    "F0430": 14.994307518005371,
    "F0475_gSDSS": 14.574736595153809,
    "F0515": 14.397184371948242,
    "F0626_rSDSS": 14.064356803894043,
    "F0660": 14.01379680633545,
    "F0769_iSDSS": 13.909795761108398,
    "F0861": 13.880210876464844,
    "F0883_zSDSS": 13.852300643920898
}