{
    "id": "gaia_xp_spectrum_6141950262897422592-Ref",
    "F0352_uJAVA": 16.821231842041016,
    "F0378": 16.640663146972656,
    "F0395": 16.528369903564453,
    "F0410": 15.967805862426758,
    "F0430": 15.889700889587402,
    "F0475_gSDSS": 15.49348258972168,
    "F0515": 15.311051368713379,
    "F0626_rSDSS": 14.95676326751709,
    "F0660": 14.899531364440918,
    "F0769_iSDSS": 14.792245864868164,
    "F0861": 14.75122356414795,
    "F0883_zSDSS": 14.72023868560791
}