{
    "id": "gaia_xp_spectrum_6142020872159723264-Ref",
    "F0352_uJAVA": 17.04108238220215,
    "F0378": 16.92218780517578,
    "F0395": 16.794353485107422,
    "F0410": 16.210037231445312,
    "F0430": 16.118785858154297,
    "F0475_gSDSS": 15.754002571105957,
    "F0515": 15.586254119873047,
    "F0626_rSDSS": 15.26143741607666,
    "F0660": 15.213282585144043,
    "F0769_iSDSS": 15.112774848937988,
    "F0861": 15.073026657104492,
    "F0883_zSDSS": 15.05174732208252
}