{
    "id": "gaia_xp_spectrum_6142020975238940928-Ref",
    "F0352_uJAVA": 16.26228904724121,
    "F0378": 16.124256134033203,
    "F0395": 16.010414123535156,
    "F0410": 15.45889663696289,
    "F0430": 15.436457633972168,
    "F0475_gSDSS": 15.01834487915039,
    "F0515": 14.8505859375,
    "F0626_rSDSS": 14.498998641967773,
    "F0660": 14.450762748718262,
    "F0769_iSDSS": 14.343270301818848,
    "F0861": 14.307502746582031,
    "F0883_zSDSS": 14.281278610229492
}