{
    "id": "gaia_xp_spectrum_6142003348693134720-Ref",
    "F0352_uJAVA": 16.38710594177246,
    "F0378": 16.145137786865234,
    "F0395": 16.066904067993164,
    "F0410": 15.592692375183105,
    "F0430": 15.514488220214844,
    "F0475_gSDSS": 15.245454788208008,
    "F0515": 15.098907470703125,
    "F0626_rSDSS": 14.819701194763184,
    "F0660": 14.799015045166016,
    "F0769_iSDSS": 14.695880889892578,
    "F0861": 14.6864652633667,
    "F0883_zSDSS": 14.656950950622559
}