{
    "id": "gaia_xp_spectrum_6142007403142347264-Ref",
    "F0352_uJAVA": 17.13779640197754,
    "F0378": 17.032564163208008,
    "F0395": 16.817434310913086,
    "F0410": 16.336545944213867,
    "F0430": 16.25600242614746,
    "F0475_gSDSS": 15.91940975189209,
    "F0515": 15.74130916595459,
    "F0626_rSDSS": 15.446964263916016,
    "F0660": 15.430448532104492,
    "F0769_iSDSS": 15.293237686157227,
    "F0861": 15.259173393249512,
    "F0883_zSDSS": 15.230900764465332
}