{
    "id": "gaia_xp_spectrum_6142007471861823744-Ref",
    "F0352_uJAVA": 16.14615249633789,
    "F0378": 15.968664169311523,
    "F0395": 15.94654369354248,
    "F0410": 15.33996868133545,
    "F0430": 15.287734985351562,
    "F0475_gSDSS": 14.914234161376953,
    "F0515": 14.752707481384277,
    "F0626_rSDSS": 14.425609588623047,
    "F0660": 14.393815040588379,
    "F0769_iSDSS": 14.282187461853027,
    "F0861": 14.261580467224121,
    "F0883_zSDSS": 14.232626914978027
}