{
    "id": "gaia_xp_spectrum_6142023380420696064-Ref",
    "F0352_uJAVA": 16.7582950592041,
    "F0378": 16.64556121826172,
    "F0395": 16.545013427734375,
    "F0410": 15.870309829711914,
    "F0430": 15.775978088378906,
    "F0475_gSDSS": 15.325212478637695,
    "F0515": 15.130276679992676,
    "F0626_rSDSS": 14.744643211364746,
    "F0660": 14.683581352233887,
    "F0769_iSDSS": 14.581012725830078,
    "F0861": 14.5370454788208,
    "F0883_zSDSS": 14.516901016235352
}