{
    "id": "gaia_xp_spectrum_6141906832188395520-Ref",
    "F0352_uJAVA": 16.818330764770508,
    "F0378": 16.86130714416504,
    "F0395": 16.722797393798828,
    "F0410": 15.89222240447998,
    "F0430": 15.825379371643066,
    "F0475_gSDSS": 15.290164947509766,
    "F0515": 15.120128631591797,
    "F0626_rSDSS": 14.619829177856445,
    "F0660": 14.552867889404297,
    "F0769_iSDSS": 14.415924072265625,
    "F0861": 14.370638847351074,
    "F0883_zSDSS": 14.332152366638184
}