{
    "id": "gaia_xp_spectrum_6142000806072483072-Ref",
    "F0352_uJAVA": 16.789514541625977,
    "F0378": 16.871030807495117,
    "F0395": 16.695541381835938,
    "F0410": 15.919747352600098,
    "F0430": 15.869894027709961,
    "F0475_gSDSS": 15.380655288696289,
    "F0515": 15.206294059753418,
    "F0626_rSDSS": 14.762192726135254,
    "F0660": 14.708160400390625,
    "F0769_iSDSS": 14.574196815490723,
    "F0861": 14.521499633789062,
    "F0883_zSDSS": 14.495966911315918
}