{
    "id": "gaia_xp_spectrum_6142004310765885696-Ref",
    "F0352_uJAVA": 16.624431610107422,
    "F0378": 16.489070892333984,
    "F0395": 16.411041259765625,
    "F0410": 15.836676597595215,
    "F0430": 15.7791748046875,
    "F0475_gSDSS": 15.423797607421875,
    "F0515": 15.246521949768066,
    "F0626_rSDSS": 14.934843063354492,
    "F0660": 14.896127700805664,
    "F0769_iSDSS": 14.794342041015625,
    "F0861": 14.77859115600586,
    "F0883_zSDSS": 14.744385719299316
}