{
    "id": "gaia_xp_spectrum_6142001905584198528-Ref",
    "F0352_uJAVA": 16.64922523498535,
    "F0378": 16.468196868896484,
    "F0395": 16.416357040405273,
    "F0410": 15.902657508850098,
    "F0430": 15.844916343688965,
    "F0475_gSDSS": 15.506457328796387,
    "F0515": 15.336623191833496,
    "F0626_rSDSS": 15.022719383239746,
    "F0660": 14.982565879821777,
    "F0769_iSDSS": 14.867929458618164,
    "F0861": 14.83508586883545,
    "F0883_zSDSS": 14.81057071685791
}