{
    "id": "gaia_xp_spectrum_6142000290676411008-Ref",
    "F0352_uJAVA": 16.539722442626953,
    "F0378": 16.41291046142578,
    "F0395": 16.37653350830078,
    "F0410": 15.681426048278809,
    "F0430": 15.629417419433594,
    "F0475_gSDSS": 15.230870246887207,
    "F0515": 15.037102699279785,
    "F0626_rSDSS": 14.70224666595459,
    "F0660": 14.643627166748047,
    "F0769_iSDSS": 14.550140380859375,
    "F0861": 14.5162353515625,
    "F0883_zSDSS": 14.494673728942871
}