{
    "id": "gaia_xp_spectrum_6141918892456563968-Ref",
    "F0352_uJAVA": 16.6853084564209,
    "F0378": 16.519973754882812,
    "F0395": 16.482595443725586,
    "F0410": 15.923816680908203,
    "F0430": 15.877897262573242,
    "F0475_gSDSS": 15.481022834777832,
    "F0515": 15.309094429016113,
    "F0626_rSDSS": 14.962000846862793,
    "F0660": 14.918678283691406,
    "F0769_iSDSS": 14.805399894714355,
    "F0861": 14.766307830810547,
    "F0883_zSDSS": 14.742300987243652
}