{
    "id": "gaia_xp_spectrum_6142015477680785152-Ref",
    "F0352_uJAVA": 16.705184936523438,
    "F0378": 16.40213966369629,
    "F0395": 16.177120208740234,
    "F0410": 15.829699516296387,
    "F0430": 15.7698392868042,
    "F0475_gSDSS": 15.5838623046875,
    "F0515": 15.458599090576172,
    "F0626_rSDSS": 15.296225547790527,
    "F0660": 15.29126262664795,
    "F0769_iSDSS": 15.233384132385254,
    "F0861": 15.240612030029297,
    "F0883_zSDSS": 15.233114242553711
}