{
    "id": "gaia_xp_spectrum_6141919064255256832-Ref",
    "F0352_uJAVA": 16.665563583374023,
    "F0378": 16.40667152404785,
    "F0395": 16.309494018554688,
    "F0410": 15.906375885009766,
    "F0430": 15.825800895690918,
    "F0475_gSDSS": 15.575161933898926,
    "F0515": 15.429587364196777,
    "F0626_rSDSS": 15.18667221069336,
    "F0660": 15.17513370513916,
    "F0769_iSDSS": 15.080679893493652,
    "F0861": 15.07163143157959,
    "F0883_zSDSS": 15.054473876953125
}