{
    "id": "gaia_xp_spectrum_6141996339306489344-Ref",
    "F0352_uJAVA": 16.189701080322266,
    "F0378": 16.112024307250977,
    "F0395": 15.984848022460938,
    "F0410": 15.336264610290527,
    "F0430": 15.264345169067383,
    "F0475_gSDSS": 14.855903625488281,
    "F0515": 14.687785148620605,
    "F0626_rSDSS": 14.33743953704834,
    "F0660": 14.294614791870117,
    "F0769_iSDSS": 14.195940971374512,
    "F0861": 14.173908233642578,
    "F0883_zSDSS": 14.149920463562012
}