{
    "id": "gaia_xp_spectrum_6142025064047813888-Ref",
    "F0352_uJAVA": 15.8988037109375,
    "F0378": 15.733964920043945,
    "F0395": 15.65725326538086,
    "F0410": 15.132862091064453,
    "F0430": 15.079768180847168,
    "F0475_gSDSS": 14.709646224975586,
    "F0515": 14.540392875671387,
    "F0626_rSDSS": 14.214275360107422,
    "F0660": 14.1946382522583,
    "F0769_iSDSS": 14.0530424118042,
    "F0861": 14.040107727050781,
    "F0883_zSDSS": 14.011898040771484
}