{
    "id": "gaia_xp_spectrum_6142014240730196352-Ref",
    "F0352_uJAVA": 16.899612426757812,
    "F0378": 16.725492477416992,
    "F0395": 16.663494110107422,
    "F0410": 16.128389358520508,
    "F0430": 16.05580711364746,
    "F0475_gSDSS": 15.72352123260498,
    "F0515": 15.563368797302246,
    "F0626_rSDSS": 15.245306015014648,
    "F0660": 15.194979667663574,
    "F0769_iSDSS": 15.097450256347656,
    "F0861": 15.060213088989258,
    "F0883_zSDSS": 15.04234790802002
}