{
    "id": "gaia_xp_spectrum_6142006780371056640-Ref",
    "F0352_uJAVA": 16.80382537841797,
    "F0378": 16.654123306274414,
    "F0395": 16.628637313842773,
    "F0410": 16.03386878967285,
    "F0430": 15.965176582336426,
    "F0475_gSDSS": 15.628870010375977,
    "F0515": 15.455945014953613,
    "F0626_rSDSS": 15.137742042541504,
    "F0660": 15.072894096374512,
    "F0769_iSDSS": 14.991336822509766,
    "F0861": 14.949172019958496,
    "F0883_zSDSS": 14.93403434753418
}