{
    "id": "gaia_xp_spectrum_6141996751623351552-Ref",
    "F0352_uJAVA": 16.257007598876953,
    "F0378": 16.075403213500977,
    "F0395": 16.0361270904541,
    "F0410": 15.406323432922363,
    "F0430": 15.363443374633789,
    "F0475_gSDSS": 14.935465812683105,
    "F0515": 14.762785911560059,
    "F0626_rSDSS": 14.388786315917969,
    "F0660": 14.336807250976562,
    "F0769_iSDSS": 14.224308013916016,
    "F0861": 14.192464828491211,
    "F0883_zSDSS": 14.163485527038574
}