{
    "id": "gaia_xp_spectrum_6141999088085652096-Ref",
    "F0352_uJAVA": 16.430034637451172,
    "F0378": 16.23308753967285,
    "F0395": 16.14356803894043,
    "F0410": 15.608202934265137,
    "F0430": 15.552494049072266,
    "F0475_gSDSS": 15.192168235778809,
    "F0515": 15.036589622497559,
    "F0626_rSDSS": 14.692544937133789,
    "F0660": 14.653903007507324,
    "F0769_iSDSS": 14.541231155395508,
    "F0861": 14.50697135925293,
    "F0883_zSDSS": 14.483355522155762
}