{
    "id": "gaia_xp_spectrum_6142007918538677376-Ref",
    "F0352_uJAVA": 16.559711456298828,
    "F0378": 16.4652099609375,
    "F0395": 16.354839324951172,
    "F0410": 15.70073127746582,
    "F0430": 15.610552787780762,
    "F0475_gSDSS": 15.178186416625977,
    "F0515": 14.99911880493164,
    "F0626_rSDSS": 14.588232040405273,
    "F0660": 14.525747299194336,
    "F0769_iSDSS": 14.409319877624512,
    "F0861": 14.361727714538574,
    "F0883_zSDSS": 14.33166790008545
}