{
    "id": "gaia_xp_spectrum_6141905625300751744-Ref",
    "F0352_uJAVA": 16.57188606262207,
    "F0378": 16.404508590698242,
    "F0395": 16.37379264831543,
    "F0410": 15.838028907775879,
    "F0430": 15.7670259475708,
    "F0475_gSDSS": 15.406291961669922,
    "F0515": 15.25296401977539,
    "F0626_rSDSS": 14.899457931518555,
    "F0660": 14.846376419067383,
    "F0769_iSDSS": 14.7275390625,
    "F0861": 14.689255714416504,
    "F0883_zSDSS": 14.660994529724121
}