{
    "id": "gaia_xp_spectrum_6142026678955520256-Ref",
    "F0352_uJAVA": 16.729646682739258,
    "F0378": 16.499671936035156,
    "F0395": 16.460458755493164,
    "F0410": 15.98255443572998,
    "F0430": 15.917425155639648,
    "F0475_gSDSS": 15.604082107543945,
    "F0515": 15.456498146057129,
    "F0626_rSDSS": 15.152153968811035,
    "F0660": 15.119807243347168,
    "F0769_iSDSS": 15.004240036010742,
    "F0861": 14.968226432800293,
    "F0883_zSDSS": 14.949226379394531
}