{
    "id": "gaia_xp_spectrum_6142000668633528192-Ref",
    "F0352_uJAVA": 16.519136428833008,
    "F0378": 16.406152725219727,
    "F0395": 16.35297966003418,
    "F0410": 15.760300636291504,
    "F0430": 15.689091682434082,
    "F0475_gSDSS": 15.272260665893555,
    "F0515": 15.085590362548828,
    "F0626_rSDSS": 14.709526062011719,
    "F0660": 14.652430534362793,
    "F0769_iSDSS": 14.515703201293945,
    "F0861": 14.46235466003418,
    "F0883_zSDSS": 14.43308162689209
}