{
    "id": "gaia_xp_spectrum_6142009499086311296-Ref",
    "F0352_uJAVA": 15.979780197143555,
    "F0378": 15.749225616455078,
    "F0395": 15.59577465057373,
    "F0410": 15.251130104064941,
    "F0430": 15.185025215148926,
    "F0475_gSDSS": 14.937987327575684,
    "F0515": 14.804539680480957,
    "F0626_rSDSS": 14.561650276184082,
    "F0660": 14.543227195739746,
    "F0769_iSDSS": 14.455857276916504,
    "F0861": 14.444112777709961,
    "F0883_zSDSS": 14.426173210144043
}