{
    "id": "gaia_xp_spectrum_6142007025185480960-Ref",
    "F0352_uJAVA": 16.116844177246094,
    "F0378": 15.908773422241211,
    "F0395": 15.85658073425293,
    "F0410": 15.329972267150879,
    "F0430": 15.276759147644043,
    "F0475_gSDSS": 14.94534683227539,
    "F0515": 14.791048049926758,
    "F0626_rSDSS": 14.489033699035645,
    "F0660": 14.460826873779297,
    "F0769_iSDSS": 14.364542007446289,
    "F0861": 14.339068412780762,
    "F0883_zSDSS": 14.323110580444336
}