{
    "id": "gaia_xp_spectrum_6142006337990714880-Ref",
    "F0352_uJAVA": 17.251890182495117,
    "F0378": 16.980924606323242,
    "F0395": 16.83772850036621,
    "F0410": 16.557653427124023,
    "F0430": 16.48204231262207,
    "F0475_gSDSS": 16.297107696533203,
    "F0515": 16.15001106262207,
    "F0626_rSDSS": 15.935209274291992,
    "F0660": 15.917704582214355,
    "F0769_iSDSS": 15.808368682861328,
    "F0861": 15.783406257629395,
    "F0883_zSDSS": 15.766143798828125
}