{
    "id": "gaia_xp_spectrum_6141995720831198080-Ref",
    "F0352_uJAVA": 17.055593490600586,
    "F0378": 16.92083740234375,
    "F0395": 16.807222366333008,
    "F0410": 16.240262985229492,
    "F0430": 16.157323837280273,
    "F0475_gSDSS": 15.755729675292969,
    "F0515": 15.588334083557129,
    "F0626_rSDSS": 15.231868743896484,
    "F0660": 15.189033508300781,
    "F0769_iSDSS": 15.062263488769531,
    "F0861": 15.03119945526123,
    "F0883_zSDSS": 15.00088119506836
}