{
    "id": "gaia_xp_spectrum_6141948270032591872-Ref",
    "F0352_uJAVA": 16.833419799804688,
    "F0378": 16.69156265258789,
    "F0395": 16.663209915161133,
    "F0410": 16.054363250732422,
    "F0430": 16.044391632080078,
    "F0475_gSDSS": 15.620850563049316,
    "F0515": 15.447896957397461,
    "F0626_rSDSS": 15.075624465942383,
    "F0660": 15.024397850036621,
    "F0769_iSDSS": 14.895284652709961,
    "F0861": 14.85335636138916,
    "F0883_zSDSS": 14.819581985473633
}