{
    "id": "gaia_xp_spectrum_6141998297811667840-Ref",
    "F0352_uJAVA": 16.5902156829834,
    "F0378": 16.5704288482666,
    "F0395": 16.404783248901367,
    "F0410": 15.719588279724121,
    "F0430": 15.65245532989502,
    "F0475_gSDSS": 15.192201614379883,
    "F0515": 15.004813194274902,
    "F0626_rSDSS": 14.58879566192627,
    "F0660": 14.529973030090332,
    "F0769_iSDSS": 14.401304244995117,
    "F0861": 14.354484558105469,
    "F0883_zSDSS": 14.320893287658691
}