{
    "id": "gaia_xp_spectrum_6141958955911506560-Ref",
    "F0352_uJAVA": 16.539779663085938,
    "F0378": 16.319272994995117,
    "F0395": 16.275543212890625,
    "F0410": 15.806319236755371,
    "F0430": 15.759693145751953,
    "F0475_gSDSS": 15.464147567749023,
    "F0515": 15.330032348632812,
    "F0626_rSDSS": 15.025249481201172,
    "F0660": 14.990745544433594,
    "F0769_iSDSS": 14.880762100219727,
    "F0861": 14.851029396057129,
    "F0883_zSDSS": 14.834067344665527
}