{
    "id": "gaia_xp_spectrum_6142005547716470656-Ref",
    "F0352_uJAVA": 16.67548179626465,
    "F0378": 16.46034049987793,
    "F0395": 16.43423080444336,
    "F0410": 15.979653358459473,
    "F0430": 15.922257423400879,
    "F0475_gSDSS": 15.586846351623535,
    "F0515": 15.412738800048828,
    "F0626_rSDSS": 15.101691246032715,
    "F0660": 15.03333568572998,
    "F0769_iSDSS": 14.953363418579102,
    "F0861": 14.917980194091797,
    "F0883_zSDSS": 14.872591018676758
}