{
    "id": "gaia_xp_spectrum_6142012385304419584-Ref",
    "F0352_uJAVA": 16.006332397460938,
    "F0378": 15.77398681640625,
    "F0395": 15.650533676147461,
    "F0410": 15.233611106872559,
    "F0430": 15.145066261291504,
    "F0475_gSDSS": 14.906119346618652,
    "F0515": 14.77171802520752,
    "F0626_rSDSS": 14.532800674438477,
    "F0660": 14.513422012329102,
    "F0769_iSDSS": 14.43796443939209,
    "F0861": 14.436010360717773,
    "F0883_zSDSS": 14.414385795593262
}