{
    "id": "gaia_xp_spectrum_6142011320152525184-Ref",
    "F0352_uJAVA": 16.34270668029785,
    "F0378": 16.203596115112305,
    "F0395": 16.14568519592285,
    "F0410": 15.45022964477539,
    "F0430": 15.379348754882812,
    "F0475_gSDSS": 14.863797187805176,
    "F0515": 14.649871826171875,
    "F0626_rSDSS": 14.191705703735352,
    "F0660": 14.103344917297363,
    "F0769_iSDSS": 13.948176383972168,
    "F0861": 13.864322662353516,
    "F0883_zSDSS": 13.825784683227539
}