{
    "id": "gaia_xp_spectrum_6142215000384723968-Ref",
    "F0352_uJAVA": 17.030048370361328,
    "F0378": 16.89215660095215,
    "F0395": 16.85707664489746,
    "F0410": 16.294713973999023,
    "F0430": 16.22938346862793,
    "F0475_gSDSS": 15.87856674194336,
    "F0515": 15.733550071716309,
    "F0626_rSDSS": 15.39776611328125,
    "F0660": 15.358355522155762,
    "F0769_iSDSS": 15.252703666687012,
    "F0861": 15.233536720275879,
    "F0883_zSDSS": 15.207368850708008
}