{
    "id": "gaia_xp_spectrum_6142023930176445952-Ref",
    "F0352_uJAVA": 16.568984985351562,
    "F0378": 16.49873924255371,
    "F0395": 16.481870651245117,
    "F0410": 15.729476928710938,
    "F0430": 15.678962707519531,
    "F0475_gSDSS": 15.194625854492188,
    "F0515": 15.045310974121094,
    "F0626_rSDSS": 14.589284896850586,
    "F0660": 14.525136947631836,
    "F0769_iSDSS": 14.37788200378418,
    "F0861": 14.317193031311035,
    "F0883_zSDSS": 14.285375595092773
}