{
    "id": "gaia_xp_spectrum_6141906454231263872-Ref",
    "F0352_uJAVA": 16.44272232055664,
    "F0378": 16.552133560180664,
    "F0395": 16.4256534576416,
    "F0410": 15.5440034866333,
    "F0430": 15.442471504211426,
    "F0475_gSDSS": 14.846850395202637,
    "F0515": 14.645171165466309,
    "F0626_rSDSS": 14.089170455932617,
    "F0660": 14.001202583312988,
    "F0769_iSDSS": 13.839101791381836,
    "F0861": 13.754620552062988,
    "F0883_zSDSS": 13.71827507019043
}