{
    "id": "gaia_xp_spectrum_6142001836864639616-Ref",
    "F0352_uJAVA": 16.63382911682129,
    "F0378": 16.559932708740234,
    "F0395": 16.470308303833008,
    "F0410": 15.780295372009277,
    "F0430": 15.74547004699707,
    "F0475_gSDSS": 15.252202033996582,
    "F0515": 15.074867248535156,
    "F0626_rSDSS": 14.648665428161621,
    "F0660": 14.59433650970459,
    "F0769_iSDSS": 14.472275733947754,
    "F0861": 14.420105934143066,
    "F0883_zSDSS": 14.397406578063965
}