{
    "id": "gaia_xp_spectrum_6141995926989629568-Ref",
    "F0352_uJAVA": 15.907646179199219,
    "F0378": 15.653088569641113,
    "F0395": 15.51540470123291,
    "F0410": 15.108617782592773,
    "F0430": 15.03681755065918,
    "F0475_gSDSS": 14.7789888381958,
    "F0515": 14.645478248596191,
    "F0626_rSDSS": 14.401076316833496,
    "F0660": 14.388631820678711,
    "F0769_iSDSS": 14.303963661193848,
    "F0861": 14.298080444335938,
    "F0883_zSDSS": 14.275777816772461
}