{
    "id": "gaia_xp_spectrum_6142015340241830272-Ref",
    "F0352_uJAVA": 16.92742347717285,
    "F0378": 16.805999755859375,
    "F0395": 16.716047286987305,
    "F0410": 16.09429931640625,
    "F0430": 16.025785446166992,
    "F0475_gSDSS": 15.62299633026123,
    "F0515": 15.455338478088379,
    "F0626_rSDSS": 15.082796096801758,
    "F0660": 15.019806861877441,
    "F0769_iSDSS": 14.926663398742676,
    "F0861": 14.888047218322754,
    "F0883_zSDSS": 14.868056297302246
}