{
    "id": "gaia_xp_spectrum_6141950469055854080-Ref",
    "F0352_uJAVA": 16.194644927978516,
    "F0378": 16.234128952026367,
    "F0395": 16.12157440185547,
    "F0410": 15.295121192932129,
    "F0430": 15.22255802154541,
    "F0475_gSDSS": 14.660035133361816,
    "F0515": 14.509659767150879,
    "F0626_rSDSS": 13.968920707702637,
    "F0660": 13.883133888244629,
    "F0769_iSDSS": 13.749371528625488,
    "F0861": 13.679832458496094,
    "F0883_zSDSS": 13.650504112243652
}