{
    "id": "gaia_xp_spectrum_6142020936582492544-Ref",
    "F0352_uJAVA": 16.69527244567871,
    "F0378": 16.5759334564209,
    "F0395": 16.462406158447266,
    "F0410": 15.879387855529785,
    "F0430": 15.81319808959961,
    "F0475_gSDSS": 15.388236999511719,
    "F0515": 15.199928283691406,
    "F0626_rSDSS": 14.833230018615723,
    "F0660": 14.770898818969727,
    "F0769_iSDSS": 14.649164199829102,
    "F0861": 14.609399795532227,
    "F0883_zSDSS": 14.580155372619629
}