{
    "id": "gaia_xp_spectrum_6141995995709107328-Ref",
    "F0352_uJAVA": 17.02889060974121,
    "F0378": 16.82073211669922,
    "F0395": 16.823450088500977,
    "F0410": 16.346593856811523,
    "F0430": 16.301965713500977,
    "F0475_gSDSS": 15.965227127075195,
    "F0515": 15.817716598510742,
    "F0626_rSDSS": 15.49207878112793,
    "F0660": 15.434630393981934,
    "F0769_iSDSS": 15.339824676513672,
    "F0861": 15.308858871459961,
    "F0883_zSDSS": 15.27369499206543
}