{
    "id": "gaia_xp_spectrum_6142011320152525568-Ref",
    "F0352_uJAVA": 17.069496154785156,
    "F0378": 16.945842742919922,
    "F0395": 16.957361221313477,
    "F0410": 16.239782333374023,
    "F0430": 16.238252639770508,
    "F0475_gSDSS": 15.805266380310059,
    "F0515": 15.61518383026123,
    "F0626_rSDSS": 15.260007858276367,
    "F0660": 15.208757400512695,
    "F0769_iSDSS": 15.0943603515625,
    "F0861": 15.070212364196777,
    "F0883_zSDSS": 15.031431198120117
}