{
    "id": "gaia_xp_spectrum_6142004551284056832-Ref",
    "F0352_uJAVA": 15.522263526916504,
    "F0378": 15.21947193145752,
    "F0395": 14.974309921264648,
    "F0410": 14.647671699523926,
    "F0430": 14.579607009887695,
    "F0475_gSDSS": 14.413552284240723,
    "F0515": 14.316166877746582,
    "F0626_rSDSS": 14.167289733886719,
    "F0660": 14.182279586791992,
    "F0769_iSDSS": 14.14133071899414,
    "F0861": 14.16672134399414,
    "F0883_zSDSS": 14.154335021972656
}