{
    "id": "gaia_xp_spectrum_6142024857889382528-Ref",
    "F0352_uJAVA": 16.173328399658203,
    "F0378": 16.004459381103516,
    "F0395": 15.967392921447754,
    "F0410": 15.37828540802002,
    "F0430": 15.333477020263672,
    "F0475_gSDSS": 14.930006980895996,
    "F0515": 14.753110885620117,
    "F0626_rSDSS": 14.411934852600098,
    "F0660": 14.365705490112305,
    "F0769_iSDSS": 14.25501537322998,
    "F0861": 14.225979804992676,
    "F0883_zSDSS": 14.196524620056152
}