{
    "id": "gaia_xp_spectrum_6142012179145986816-Ref",
    "F0352_uJAVA": 16.758056640625,
    "F0378": 16.666061401367188,
    "F0395": 16.44610023498535,
    "F0410": 15.9116849899292,
    "F0430": 15.873513221740723,
    "F0475_gSDSS": 15.4807767868042,
    "F0515": 15.304765701293945,
    "F0626_rSDSS": 14.983796119689941,
    "F0660": 14.95458984375,
    "F0769_iSDSS": 14.846035957336426,
    "F0861": 14.819396018981934,
    "F0883_zSDSS": 14.796099662780762
}