{
    "id": "gaia_xp_spectrum_6142026129199699968-Ref",
    "F0352_uJAVA": 16.351234436035156,
    "F0378": 16.2183780670166,
    "F0395": 16.130014419555664,
    "F0410": 15.507649421691895,
    "F0430": 15.44232177734375,
    "F0475_gSDSS": 15.061853408813477,
    "F0515": 14.896200180053711,
    "F0626_rSDSS": 14.559414863586426,
    "F0660": 14.515610694885254,
    "F0769_iSDSS": 14.418012619018555,
    "F0861": 14.395440101623535,
    "F0883_zSDSS": 14.368937492370605
}