{
    "id": "gaia_xp_spectrum_6142112337783632000-Ref",
    "F0352_uJAVA": 16.069381713867188,
    "F0378": 15.884966850280762,
    "F0395": 15.760272026062012,
    "F0410": 15.337915420532227,
    "F0430": 15.273219108581543,
    "F0475_gSDSS": 14.988075256347656,
    "F0515": 14.836067199707031,
    "F0626_rSDSS": 14.565967559814453,
    "F0660": 14.535971641540527,
    "F0769_iSDSS": 14.441685676574707,
    "F0861": 14.415640830993652,
    "F0883_zSDSS": 14.402671813964844
}