{
    "id": "gaia_xp_spectrum_6142004688723011072-Ref",
    "F0352_uJAVA": 17.0477352142334,
    "F0378": 17.031108856201172,
    "F0395": 17.01709747314453,
    "F0410": 16.236230850219727,
    "F0430": 16.170602798461914,
    "F0475_gSDSS": 15.70947551727295,
    "F0515": 15.533727645874023,
    "F0626_rSDSS": 15.11391830444336,
    "F0660": 15.042847633361816,
    "F0769_iSDSS": 14.929537773132324,
    "F0861": 14.886356353759766,
    "F0883_zSDSS": 14.854249000549316
}