{
    "id": "gaia_xp_spectrum_6141905320359893504-Ref",
    "F0352_uJAVA": 16.074546813964844,
    "F0378": 15.9080810546875,
    "F0395": 15.733268737792969,
    "F0410": 15.234975814819336,
    "F0430": 15.151236534118652,
    "F0475_gSDSS": 14.842562675476074,
    "F0515": 14.68454360961914,
    "F0626_rSDSS": 14.409090042114258,
    "F0660": 14.389533042907715,
    "F0769_iSDSS": 14.303351402282715,
    "F0861": 14.30142879486084,
    "F0883_zSDSS": 14.274909973144531
}