{
    "id": "gaia_xp_spectrum_6142007158328264832-Ref",
    "F0352_uJAVA": 16.925640106201172,
    "F0378": 16.730287551879883,
    "F0395": 16.679014205932617,
    "F0410": 16.121713638305664,
    "F0430": 16.072120666503906,
    "F0475_gSDSS": 15.741039276123047,
    "F0515": 15.57567310333252,
    "F0626_rSDSS": 15.238839149475098,
    "F0660": 15.194011688232422,
    "F0769_iSDSS": 15.071943283081055,
    "F0861": 15.039839744567871,
    "F0883_zSDSS": 15.007472038269043
}