{
    "id": "gaia_xp_spectrum_6142000084517977728-Ref",
    "F0352_uJAVA": 16.821470260620117,
    "F0378": 16.57367515563965,
    "F0395": 16.47955894470215,
    "F0410": 16.076351165771484,
    "F0430": 16.007246017456055,
    "F0475_gSDSS": 15.696425437927246,
    "F0515": 15.529528617858887,
    "F0626_rSDSS": 15.236923217773438,
    "F0660": 15.19919490814209,
    "F0769_iSDSS": 15.081231117248535,
    "F0861": 15.049457550048828,
    "F0883_zSDSS": 15.022047996520996
}