{
    "id": "gaia_xp_spectrum_6142021834232392960-Ref",
    "F0352_uJAVA": 16.9251766204834,
    "F0378": 16.900833129882812,
    "F0395": 16.79330062866211,
    "F0410": 15.977745056152344,
    "F0430": 15.872654914855957,
    "F0475_gSDSS": 15.30081558227539,
    "F0515": 15.080506324768066,
    "F0626_rSDSS": 14.574710845947266,
    "F0660": 14.491708755493164,
    "F0769_iSDSS": 14.329671859741211,
    "F0861": 14.255148887634277,
    "F0883_zSDSS": 14.212586402893066
}