source_id,Jplus_mag_uJAVA,Jplus_mag_J0378,Jplus_mag_J0395,Jplus_mag_J0410,Jplus_mag_J0430,Jplus_mag_gJPLUS,Jplus_mag_J0515,Jplus_mag_rJPLUS,Jplus_mag_J0660,Jplus_mag_iJPLUS,Jplus_mag_J0861,Jplus_mag_zJPLUS,Jplus_flux_uJAVA,Jplus_flux_J0378,Jplus_flux_J0395,Jplus_flux_J0410,Jplus_flux_J0430,Jplus_flux_gJPLUS,Jplus_flux_J0515,Jplus_flux_rJPLUS,Jplus_flux_J0660,Jplus_flux_iJPLUS,Jplus_flux_J0861,Jplus_flux_zJPLUS,Jplus_flux_error_uJAVA,Jplus_flux_error_J0378,Jplus_flux_error_J0395,Jplus_flux_error_J0410,Jplus_flux_error_J0430,Jplus_flux_error_gJPLUS,Jplus_flux_error_J0515,Jplus_flux_error_rJPLUS,Jplus_flux_error_J0660,Jplus_flux_error_iJPLUS,Jplus_flux_error_J0861,Jplus_flux_error_zJPLUS
5338638031083187584,14.240396203329418,13.690384101142534,13.124391259174168,12.953328984028637,12.955246564944439,12.87704409545011,12.823874351983243,12.854112879528053,12.959191967663436,12.928444598221212,12.97570542970572,12.9511952746249,7.308723272586423e-29,1.2129596655380202e-28,2.0428830089385778e-28,2.391489103393865e-28,2.3872690851788414e-28,2.565561098733077e-28,2.694326726947058e-28,2.6203231163532644e-28,2.378609849660007e-28,2.4469334659980177e-28,2.342706206484403e-28,2.396193524280012e-28,7.010226489892277e-31,1.3896978676806999e-30,1.6569654192237117e-30,7.631638551537962e-31,7.393399363927382e-31,1.604596860655902e-31,8.939553346481613e-31,1.9479652855986822e-31,8.633764643685678e-31,1.1223426875250553e-31,4.523441398764297e-31,2.8386466163622486e-31
5338638031083189888,18.706743830154032,18.555856200875745,18.217970171995113,17.81764072360695,17.69213563965716,17.29185499340361,17.090614579433854,16.702430291108264,16.64063290641206,16.484004862182296,16.420852779967852,16.37393932080345,1.1948199568713552e-30,1.3729588461748677e-30,1.874182727956464e-30,2.7098403833782983e-30,3.0419056822949188e-30,4.398028128343797e-30,5.293637134918652e-30,7.5688148847838e-30,8.012108786994952e-30,9.255460999408551e-30,9.809771422758573e-30,1.0242931578137264e-29,1.7134654296086142e-31,1.968591770179353e-31,1.793620006504544e-31,7.534874826723351e-32,7.430037286358539e-32,1.8626205095517357e-32,1.108540137194039e-31,2.489510680243926e-32,1.3534546009666093e-31,2.2935368364146988e-32,9.300440236506873e-32,7.98980616467388e-32
