{
    "id": "gaia_xp_spectrum_6137351658594180352-Ref",
    "F0352_uJAVA": 16.88934326171875,
    "F0378": 16.77558135986328,
    "F0395": 16.69661521911621,
    "F0410": 16.09905242919922,
    "F0430": 16.018840789794922,
    "F0475_gSDSS": 15.6329345703125,
    "F0515": 15.442975997924805,
    "F0626_rSDSS": 15.118361473083496,
    "F0660": 15.090556144714355,
    "F0769_iSDSS": 14.9668607711792,
    "F0861": 14.937355041503906,
    "F0883_zSDSS": 14.913193702697754
}