{
    "id": "gaia_xp_spectrum_6137280568295414528-Ref",
    "F0352_uJAVA": 16.459028244018555,
    "F0378": 16.466758728027344,
    "F0395": 16.4343318939209,
    "F0410": 15.640530586242676,
    "F0430": 15.523319244384766,
    "F0475_gSDSS": 14.941306114196777,
    "F0515": 14.701236724853516,
    "F0626_rSDSS": 14.161765098571777,
    "F0660": 14.069146156311035,
    "F0769_iSDSS": 13.863059043884277,
    "F0861": 13.75139331817627,
    "F0883_zSDSS": 13.702483177185059
}