{
    "id": "gaia_xp_spectrum_6135799697931881088-Ref",
    "F0352_uJAVA": 17.091093063354492,
    "F0378": 16.75459861755371,
    "F0395": 16.662704467773438,
    "F0410": 16.211626052856445,
    "F0430": 16.157276153564453,
    "F0475_gSDSS": 15.93262767791748,
    "F0515": 15.786107063293457,
    "F0626_rSDSS": 15.592151641845703,
    "F0660": 15.578722953796387,
    "F0769_iSDSS": 15.50290298461914,
    "F0861": 15.499459266662598,
    "F0883_zSDSS": 15.477935791015625
}