{
    "id": "gaia_xp_spectrum_6135848007724057984-Ref",
    "F0352_uJAVA": 16.59720802307129,
    "F0378": 16.52121353149414,
    "F0395": 16.351083755493164,
    "F0410": 15.792994499206543,
    "F0430": 15.734457015991211,
    "F0475_gSDSS": 15.316720962524414,
    "F0515": 15.14909839630127,
    "F0626_rSDSS": 14.76803970336914,
    "F0660": 14.714801788330078,
    "F0769_iSDSS": 14.60348129272461,
    "F0861": 14.56409740447998,
    "F0883_zSDSS": 14.533499717712402
}