{
    "id": "gaia_xp_spectrum_6135852027813493120-Ref",
    "F0352_uJAVA": 15.980833053588867,
    "F0378": 15.913047790527344,
    "F0395": 15.782106399536133,
    "F0410": 15.128520011901855,
    "F0430": 15.051156044006348,
    "F0475_gSDSS": 14.624890327453613,
    "F0515": 14.443341255187988,
    "F0626_rSDSS": 14.06869888305664,
    "F0660": 14.015888214111328,
    "F0769_iSDSS": 13.90960693359375,
    "F0861": 13.876744270324707,
    "F0883_zSDSS": 13.848193168640137
}