{
    "id": "gaia_xp_spectrum_6137301459016401024-Ref",
    "F0352_uJAVA": 16.81598472595215,
    "F0378": 16.680660247802734,
    "F0395": 16.54128074645996,
    "F0410": 16.04278564453125,
    "F0430": 16.028352737426758,
    "F0475_gSDSS": 15.680904388427734,
    "F0515": 15.529105186462402,
    "F0626_rSDSS": 15.21786880493164,
    "F0660": 15.171238899230957,
    "F0769_iSDSS": 15.07080364227295,
    "F0861": 15.043512344360352,
    "F0883_zSDSS": 15.021973609924316
}