{
    "id": "gaia_xp_spectrum_6137281392929142528-Ref",
    "F0352_uJAVA": 16.6083927154541,
    "F0378": 16.438764572143555,
    "F0395": 16.309106826782227,
    "F0410": 15.712944984436035,
    "F0430": 15.642071723937988,
    "F0475_gSDSS": 15.260872840881348,
    "F0515": 15.080735206604004,
    "F0626_rSDSS": 14.723742485046387,
    "F0660": 14.694975852966309,
    "F0769_iSDSS": 14.567362785339355,
    "F0861": 14.534592628479004,
    "F0883_zSDSS": 14.512410163879395
}