{
    "id": "gaia_xp_spectrum_6135802309272152320-Ref",
    "F0352_uJAVA": 16.178293228149414,
    "F0378": 15.928582191467285,
    "F0395": 15.840018272399902,
    "F0410": 15.448651313781738,
    "F0430": 15.378009796142578,
    "F0475_gSDSS": 15.102814674377441,
    "F0515": 14.94631576538086,
    "F0626_rSDSS": 14.6708402633667,
    "F0660": 14.64137077331543,
    "F0769_iSDSS": 14.527457237243652,
    "F0861": 14.49274730682373,
    "F0883_zSDSS": 14.473711967468262
}