{
    "id": "gaia_xp_spectrum_6135783239617162624-Ref",
    "F0352_uJAVA": 16.6044979095459,
    "F0378": 16.44948387145996,
    "F0395": 16.508468627929688,
    "F0410": 15.878986358642578,
    "F0430": 15.84039306640625,
    "F0475_gSDSS": 15.407614707946777,
    "F0515": 15.236397743225098,
    "F0626_rSDSS": 14.813698768615723,
    "F0660": 14.747962951660156,
    "F0769_iSDSS": 14.608031272888184,
    "F0861": 14.540888786315918,
    "F0883_zSDSS": 14.508793830871582
}