{
    "id": "gaia_xp_spectrum_6135780181600435712-Ref",
    "F0352_uJAVA": 16.63771629333496,
    "F0378": 16.609561920166016,
    "F0395": 16.54429817199707,
    "F0410": 15.742768287658691,
    "F0430": 15.65820026397705,
    "F0475_gSDSS": 15.107215881347656,
    "F0515": 14.910518646240234,
    "F0626_rSDSS": 14.371723175048828,
    "F0660": 14.289952278137207,
    "F0769_iSDSS": 14.096104621887207,
    "F0861": 14.001031875610352,
    "F0883_zSDSS": 13.957569122314453
}