{
    "id": "gaia_xp_spectrum_6135778326174544640-Ref",
    "F0352_uJAVA": 15.946540832519531,
    "F0378": 15.698945045471191,
    "F0395": 15.62995433807373,
    "F0410": 15.188157081604004,
    "F0430": 15.160853385925293,
    "F0475_gSDSS": 14.863642692565918,
    "F0515": 14.699531555175781,
    "F0626_rSDSS": 14.416041374206543,
    "F0660": 14.372138023376465,
    "F0769_iSDSS": 14.267268180847168,
    "F0861": 14.221588134765625,
    "F0883_zSDSS": 14.205552101135254
}