{
    "id": "gaia_xp_spectrum_6137288780272930432-Ref",
    "F0352_uJAVA": 16.364559173583984,
    "F0378": 16.147106170654297,
    "F0395": 16.073688507080078,
    "F0410": 15.528764724731445,
    "F0430": 15.458624839782715,
    "F0475_gSDSS": 15.128405570983887,
    "F0515": 14.97164535522461,
    "F0626_rSDSS": 14.67542552947998,
    "F0660": 14.64963150024414,
    "F0769_iSDSS": 14.552824974060059,
    "F0861": 14.538558959960938,
    "F0883_zSDSS": 14.51801872253418
}