{
    "id": "gaia_xp_spectrum_6135781143673091712-Ref",
    "F0352_uJAVA": 15.276686668395996,
    "F0378": 14.98488998413086,
    "F0395": 15.131219863891602,
    "F0410": 15.012649536132812,
    "F0430": 14.962174415588379,
    "F0475_gSDSS": 14.656400680541992,
    "F0515": 14.512266159057617,
    "F0626_rSDSS": 14.163532257080078,
    "F0660": 14.067380905151367,
    "F0769_iSDSS": 14.019539833068848,
    "F0861": 13.94091796875,
    "F0883_zSDSS": 13.877653121948242
}