{
    "id": "gaia_xp_spectrum_6137304242155218688-Ref",
    "F0352_uJAVA": 16.59952163696289,
    "F0378": 16.466896057128906,
    "F0395": 16.44758415222168,
    "F0410": 15.829166412353516,
    "F0430": 15.81142520904541,
    "F0475_gSDSS": 15.373006820678711,
    "F0515": 15.197549819946289,
    "F0626_rSDSS": 14.81690788269043,
    "F0660": 14.76621150970459,
    "F0769_iSDSS": 14.635597229003906,
    "F0861": 14.587940216064453,
    "F0883_zSDSS": 14.564838409423828
}