{
    "id": "gaia_xp_spectrum_6135798667139719680-Ref",
    "F0352_uJAVA": 16.15085792541504,
    "F0378": 16.067298889160156,
    "F0395": 16.018722534179688,
    "F0410": 15.342376708984375,
    "F0430": 15.270855903625488,
    "F0475_gSDSS": 14.805611610412598,
    "F0515": 14.616416931152344,
    "F0626_rSDSS": 14.217246055603027,
    "F0660": 14.14498233795166,
    "F0769_iSDSS": 14.034953117370605,
    "F0861": 13.995625495910645,
    "F0883_zSDSS": 13.95976734161377
}