{
    "id": "gaia_xp_spectrum_6135787981261030528-Ref",
    "F0352_uJAVA": 16.860490798950195,
    "F0378": 16.628562927246094,
    "F0395": 16.58531379699707,
    "F0410": 16.05117416381836,
    "F0430": 15.959668159484863,
    "F0475_gSDSS": 15.601653099060059,
    "F0515": 15.435056686401367,
    "F0626_rSDSS": 15.08502197265625,
    "F0660": 15.04902458190918,
    "F0769_iSDSS": 14.92953109741211,
    "F0861": 14.89419174194336,
    "F0883_zSDSS": 14.865418434143066
}