{
    "id": "gaia_xp_spectrum_6135784682726205440-Ref",
    "F0352_uJAVA": 16.58456039428711,
    "F0378": 16.39126968383789,
    "F0395": 16.244367599487305,
    "F0410": 15.806711196899414,
    "F0430": 15.728144645690918,
    "F0475_gSDSS": 15.449882507324219,
    "F0515": 15.304679870605469,
    "F0626_rSDSS": 15.020458221435547,
    "F0660": 14.9896240234375,
    "F0769_iSDSS": 14.882587432861328,
    "F0861": 14.845443725585938,
    "F0883_zSDSS": 14.8308744430542
}