{
    "id": "gaia_xp_spectrum_6135779391326454400-Ref",
    "F0352_uJAVA": 16.776504516601562,
    "F0378": 16.520824432373047,
    "F0395": 16.39704132080078,
    "F0410": 16.070024490356445,
    "F0430": 16.004606246948242,
    "F0475_gSDSS": 15.715957641601562,
    "F0515": 15.550227165222168,
    "F0626_rSDSS": 15.252813339233398,
    "F0660": 15.210718154907227,
    "F0769_iSDSS": 15.087315559387207,
    "F0861": 15.044770240783691,
    "F0883_zSDSS": 15.023006439208984
}