{
    "id": "gaia_xp_spectrum_6135847492327985152-Ref",
    "F0352_uJAVA": 15.630828857421875,
    "F0378": 15.374072074890137,
    "F0395": 15.313719749450684,
    "F0410": 14.840185165405273,
    "F0430": 14.781213760375977,
    "F0475_gSDSS": 14.456609725952148,
    "F0515": 14.29092025756836,
    "F0626_rSDSS": 13.998074531555176,
    "F0660": 13.961297988891602,
    "F0769_iSDSS": 13.851810455322266,
    "F0861": 13.822051048278809,
    "F0883_zSDSS": 13.799840927124023
}