{
    "id": "gaia_xp_spectrum_6135851890374529920-Ref",
    "F0352_uJAVA": 16.769750595092773,
    "F0378": 16.703027725219727,
    "F0395": 16.54698371887207,
    "F0410": 15.945698738098145,
    "F0430": 15.88032054901123,
    "F0475_gSDSS": 15.504674911499023,
    "F0515": 15.342048645019531,
    "F0626_rSDSS": 14.990823745727539,
    "F0660": 14.962128639221191,
    "F0769_iSDSS": 14.84324836730957,
    "F0861": 14.819106101989746,
    "F0883_zSDSS": 14.792553901672363
}