{
    "id": "gaia_xp_spectrum_6135853539641990144-Ref",
    "F0352_uJAVA": 15.898236274719238,
    "F0378": 15.675019264221191,
    "F0395": 15.468195915222168,
    "F0410": 15.070696830749512,
    "F0430": 15.015466690063477,
    "F0475_gSDSS": 14.781859397888184,
    "F0515": 14.640645980834961,
    "F0626_rSDSS": 14.434688568115234,
    "F0660": 14.433692932128906,
    "F0769_iSDSS": 14.350112915039062,
    "F0861": 14.341897964477539,
    "F0883_zSDSS": 14.331266403198242
}