{
    "id": "gaia_xp_spectrum_6135780009801743104-Ref",
    "F0352_uJAVA": 16.963720321655273,
    "F0378": 16.743114471435547,
    "F0395": 16.70616912841797,
    "F0410": 16.190885543823242,
    "F0430": 16.13100242614746,
    "F0475_gSDSS": 15.768048286437988,
    "F0515": 15.593066215515137,
    "F0626_rSDSS": 15.259130477905273,
    "F0660": 15.210930824279785,
    "F0769_iSDSS": 15.092103004455566,
    "F0861": 15.057159423828125,
    "F0883_zSDSS": 15.032069206237793
}