{
    "id": "gaia_xp_spectrum_6137298572798354432-Ref",
    "F0352_uJAVA": 15.753474235534668,
    "F0378": 15.613686561584473,
    "F0395": 15.499983787536621,
    "F0410": 14.986507415771484,
    "F0430": 14.9343843460083,
    "F0475_gSDSS": 14.586970329284668,
    "F0515": 14.420430183410645,
    "F0626_rSDSS": 14.12264347076416,
    "F0660": 14.083250999450684,
    "F0769_iSDSS": 13.981205940246582,
    "F0861": 13.96035099029541,
    "F0883_zSDSS": 13.931573867797852
}