{
    "id": "gaia_xp_spectrum_6137303280082532096-Ref",
    "F0352_uJAVA": 16.027814865112305,
    "F0378": 15.885197639465332,
    "F0395": 15.839210510253906,
    "F0410": 15.237617492675781,
    "F0430": 15.209710121154785,
    "F0475_gSDSS": 14.817219734191895,
    "F0515": 14.644509315490723,
    "F0626_rSDSS": 14.315812110900879,
    "F0660": 14.268990516662598,
    "F0769_iSDSS": 14.165253639221191,
    "F0861": 14.134443283081055,
    "F0883_zSDSS": 14.112545013427734
}