{
    "id": "gaia_xp_spectrum_6137281392929140352-Ref",
    "F0352_uJAVA": 16.225339889526367,
    "F0378": 16.05193519592285,
    "F0395": 16.026403427124023,
    "F0410": 15.438968658447266,
    "F0430": 15.404850959777832,
    "F0475_gSDSS": 15.002185821533203,
    "F0515": 14.820487976074219,
    "F0626_rSDSS": 14.4448881149292,
    "F0660": 14.394622802734375,
    "F0769_iSDSS": 14.259624481201172,
    "F0861": 14.2079439163208,
    "F0883_zSDSS": 14.181305885314941
}