{
    "id": "gaia_xp_spectrum_6137298675877572608-Ref",
    "F0352_uJAVA": 16.865175247192383,
    "F0378": 16.69415855407715,
    "F0395": 16.665613174438477,
    "F0410": 16.039941787719727,
    "F0430": 16.030004501342773,
    "F0475_gSDSS": 15.634784698486328,
    "F0515": 15.451595306396484,
    "F0626_rSDSS": 15.118877410888672,
    "F0660": 15.056806564331055,
    "F0769_iSDSS": 14.959329605102539,
    "F0861": 14.923791885375977,
    "F0883_zSDSS": 14.90305233001709
}