{
    "id": "gaia_xp_spectrum_6137302386729316864-Ref",
    "F0352_uJAVA": 16.321046829223633,
    "F0378": 16.16696548461914,
    "F0395": 16.09954071044922,
    "F0410": 15.435976028442383,
    "F0430": 15.363262176513672,
    "F0475_gSDSS": 14.950647354125977,
    "F0515": 14.774943351745605,
    "F0626_rSDSS": 14.40576457977295,
    "F0660": 14.362980842590332,
    "F0769_iSDSS": 14.255556106567383,
    "F0861": 14.226691246032715,
    "F0883_zSDSS": 14.19948673248291
}