{
    "id": "gaia_xp_spectrum_6137281319912152576-Ref",
    "F0352_uJAVA": 16.19083595275879,
    "F0378": 16.00794792175293,
    "F0395": 15.816810607910156,
    "F0410": 15.613296508789062,
    "F0430": 15.51398754119873,
    "F0475_gSDSS": 15.282486915588379,
    "F0515": 15.117151260375977,
    "F0626_rSDSS": 14.841146469116211,
    "F0660": 14.808701515197754,
    "F0769_iSDSS": 14.67480754852295,
    "F0861": 14.63022232055664,
    "F0883_zSDSS": 14.60721206665039
}