{
    "id": "gaia_xp_spectrum_6137280671374629376-Ref",
    "F0352_uJAVA": 16.062435150146484,
    "F0378": 16.035564422607422,
    "F0395": 15.790151596069336,
    "F0410": 15.159443855285645,
    "F0430": 15.056235313415527,
    "F0475_gSDSS": 14.588456153869629,
    "F0515": 14.405129432678223,
    "F0626_rSDSS": 13.984167098999023,
    "F0660": 13.923474311828613,
    "F0769_iSDSS": 13.81814193725586,
    "F0861": 13.780876159667969,
    "F0883_zSDSS": 13.750308990478516
}