{
    "id": "gaia_xp_spectrum_6137301493376141056-Ref",
    "F0352_uJAVA": 16.457950592041016,
    "F0378": 16.243560791015625,
    "F0395": 16.167070388793945,
    "F0410": 15.624472618103027,
    "F0430": 15.548624992370605,
    "F0475_gSDSS": 15.190140724182129,
    "F0515": 15.028538703918457,
    "F0626_rSDSS": 14.695500373840332,
    "F0660": 14.652669906616211,
    "F0769_iSDSS": 14.552785873413086,
    "F0861": 14.521698951721191,
    "F0883_zSDSS": 14.499521255493164
}