{
    "id": "gaia_xp_spectrum_6135849141595448832-Ref",
    "F0352_uJAVA": 16.11046600341797,
    "F0378": 15.89223575592041,
    "F0395": 15.78913688659668,
    "F0410": 15.419717788696289,
    "F0430": 15.351588249206543,
    "F0475_gSDSS": 15.097867012023926,
    "F0515": 14.951647758483887,
    "F0626_rSDSS": 14.693299293518066,
    "F0660": 14.66849136352539,
    "F0769_iSDSS": 14.562108993530273,
    "F0861": 14.52806568145752,
    "F0883_zSDSS": 14.515729904174805
}