{
    "id": "gaia_xp_spectrum_6135784098610633856-Ref",
    "F0352_uJAVA": 16.81586265563965,
    "F0378": 16.739093780517578,
    "F0395": 16.738962173461914,
    "F0410": 15.895179748535156,
    "F0430": 15.789457321166992,
    "F0475_gSDSS": 15.159914016723633,
    "F0515": 14.909700393676758,
    "F0626_rSDSS": 14.354475021362305,
    "F0660": 14.253223419189453,
    "F0769_iSDSS": 14.056069374084473,
    "F0861": 13.946993827819824,
    "F0883_zSDSS": 13.902496337890625
}