{
    "id": "gaia_xp_spectrum_6137299328712807680-Ref",
    "F0352_uJAVA": 16.48113250732422,
    "F0378": 16.488061904907227,
    "F0395": 16.327329635620117,
    "F0410": 15.588682174682617,
    "F0430": 15.468689918518066,
    "F0475_gSDSS": 14.939645767211914,
    "F0515": 14.76880168914795,
    "F0626_rSDSS": 14.270252227783203,
    "F0660": 14.199002265930176,
    "F0769_iSDSS": 14.06527328491211,
    "F0861": 14.004778861999512,
    "F0883_zSDSS": 13.970093727111816
}