{
    "id": "gaia_xp_spectrum_6135796021439877248-Ref",
    "F0352_uJAVA": 16.402507781982422,
    "F0378": 16.226242065429688,
    "F0395": 16.18016815185547,
    "F0410": 15.58066463470459,
    "F0430": 15.541733741760254,
    "F0475_gSDSS": 15.146659851074219,
    "F0515": 14.977446556091309,
    "F0626_rSDSS": 14.622576713562012,
    "F0660": 14.574014663696289,
    "F0769_iSDSS": 14.456358909606934,
    "F0861": 14.42367935180664,
    "F0883_zSDSS": 14.39323616027832
}