{
    "id": "gaia_xp_spectrum_6135800591285099648-Ref",
    "F0352_uJAVA": 16.64999008178711,
    "F0378": 16.519418716430664,
    "F0395": 16.386472702026367,
    "F0410": 15.75330638885498,
    "F0430": 15.688852310180664,
    "F0475_gSDSS": 15.235186576843262,
    "F0515": 15.047369956970215,
    "F0626_rSDSS": 14.66874885559082,
    "F0660": 14.619140625,
    "F0769_iSDSS": 14.509716987609863,
    "F0861": 14.47199535369873,
    "F0883_zSDSS": 14.44841480255127
}