{
    "id": "gaia_xp_spectrum_6137304684534180352-Ref",
    "F0352_uJAVA": 15.710881233215332,
    "F0378": 15.290343284606934,
    "F0395": 15.435986518859863,
    "F0410": 15.287471771240234,
    "F0430": 15.341880798339844,
    "F0475_gSDSS": 15.218911170959473,
    "F0515": 15.137826919555664,
    "F0626_rSDSS": 14.857007026672363,
    "F0660": 14.781723976135254,
    "F0769_iSDSS": 14.639080047607422,
    "F0861": 14.61009693145752,
    "F0883_zSDSS": 14.508984565734863
}