{
    "id": "gaia_xp_spectrum_6137281869667963136-Ref",
    "F0352_uJAVA": 16.082534790039062,
    "F0378": 15.817059516906738,
    "F0395": 15.750598907470703,
    "F0410": 15.210479736328125,
    "F0430": 15.134236335754395,
    "F0475_gSDSS": 14.824604988098145,
    "F0515": 14.65184211730957,
    "F0626_rSDSS": 14.346004486083984,
    "F0660": 14.312505722045898,
    "F0769_iSDSS": 14.206132888793945,
    "F0861": 14.179828643798828,
    "F0883_zSDSS": 14.15396785736084
}