{
    "id": "gaia_xp_spectrum_6137286753048349696-Ref",
    "F0352_uJAVA": 15.9535493850708,
    "F0378": 15.684675216674805,
    "F0395": 15.582032203674316,
    "F0410": 15.154010772705078,
    "F0430": 15.074806213378906,
    "F0475_gSDSS": 14.809502601623535,
    "F0515": 14.646658897399902,
    "F0626_rSDSS": 14.412799835205078,
    "F0660": 14.401647567749023,
    "F0769_iSDSS": 14.312535285949707,
    "F0861": 14.300323486328125,
    "F0883_zSDSS": 14.285219192504883
}