{
    "id": "gaia_xp_spectrum_6135849760070757760-Ref",
    "F0352_uJAVA": 16.126663208007812,
    "F0378": 15.909828186035156,
    "F0395": 15.880105972290039,
    "F0410": 15.426190376281738,
    "F0430": 15.370539665222168,
    "F0475_gSDSS": 15.055543899536133,
    "F0515": 14.88611125946045,
    "F0626_rSDSS": 14.604426383972168,
    "F0660": 14.559720993041992,
    "F0769_iSDSS": 14.459476470947266,
    "F0861": 14.422465324401855,
    "F0883_zSDSS": 14.40469741821289
}