{
    "id": "gaia_xp_spectrum_6137281427288879744-Ref",
    "F0352_uJAVA": 16.477323532104492,
    "F0378": 16.331472396850586,
    "F0395": 16.1436710357666,
    "F0410": 15.668530464172363,
    "F0430": 15.614396095275879,
    "F0475_gSDSS": 15.216965675354004,
    "F0515": 15.014289855957031,
    "F0626_rSDSS": 14.661189079284668,
    "F0660": 14.612709045410156,
    "F0769_iSDSS": 14.474954605102539,
    "F0861": 14.42182445526123,
    "F0883_zSDSS": 14.395708084106445
}