{
    "id": "gaia_xp_spectrum_6135795918360651008-Ref",
    "F0352_uJAVA": 15.499105453491211,
    "F0378": 15.306947708129883,
    "F0395": 15.131441116333008,
    "F0410": 14.752866744995117,
    "F0430": 14.696794509887695,
    "F0475_gSDSS": 14.424869537353516,
    "F0515": 14.282265663146973,
    "F0626_rSDSS": 14.012508392333984,
    "F0660": 13.98482894897461,
    "F0769_iSDSS": 13.891661643981934,
    "F0861": 13.86614990234375,
    "F0883_zSDSS": 13.849209785461426
}