{
    "id": "gaia_xp_spectrum_6135845018426809600-Ref",
    "F0352_uJAVA": 16.740137100219727,
    "F0378": 16.371458053588867,
    "F0395": 16.140029907226562,
    "F0410": 15.871214866638184,
    "F0430": 15.785530090332031,
    "F0475_gSDSS": 15.633092880249023,
    "F0515": 15.534149169921875,
    "F0626_rSDSS": 15.389225006103516,
    "F0660": 15.420638084411621,
    "F0769_iSDSS": 15.339943885803223,
    "F0861": 15.355236053466797,
    "F0883_zSDSS": 15.34727668762207
}