{
    "id": "gaia_xp_spectrum_6137281736526523008-Ref",
    "F0352_uJAVA": 16.337055206298828,
    "F0378": 16.1472225189209,
    "F0395": 16.02311134338379,
    "F0410": 15.592799186706543,
    "F0430": 15.53847599029541,
    "F0475_gSDSS": 15.199199676513672,
    "F0515": 15.027813911437988,
    "F0626_rSDSS": 14.689022064208984,
    "F0660": 14.625344276428223,
    "F0769_iSDSS": 14.508697509765625,
    "F0861": 14.457366943359375,
    "F0883_zSDSS": 14.42680549621582
}