{
    "id": "gaia_xp_spectrum_6135784270409329664-Ref",
    "F0352_uJAVA": 16.62088394165039,
    "F0378": 16.481704711914062,
    "F0395": 16.428611755371094,
    "F0410": 15.852587699890137,
    "F0430": 15.799392700195312,
    "F0475_gSDSS": 15.371243476867676,
    "F0515": 15.184721946716309,
    "F0626_rSDSS": 14.7935209274292,
    "F0660": 14.741905212402344,
    "F0769_iSDSS": 14.600275993347168,
    "F0861": 14.549800872802734,
    "F0883_zSDSS": 14.514264106750488
}