{
    "id": "gaia_xp_spectrum_6135781418551218304-Ref",
    "F0352_uJAVA": 16.845458984375,
    "F0378": 16.821311950683594,
    "F0395": 16.68703842163086,
    "F0410": 15.950845718383789,
    "F0430": 15.850353240966797,
    "F0475_gSDSS": 15.336524963378906,
    "F0515": 15.126884460449219,
    "F0626_rSDSS": 14.65489387512207,
    "F0660": 14.584330558776855,
    "F0769_iSDSS": 14.43136978149414,
    "F0861": 14.362667083740234,
    "F0883_zSDSS": 14.326086044311523
}