{
    "id": "gaia_xp_spectrum_6137301115419024128-Ref",
    "F0352_uJAVA": 15.736884117126465,
    "F0378": 15.481633186340332,
    "F0395": 15.311079978942871,
    "F0410": 14.9009370803833,
    "F0430": 14.817488670349121,
    "F0475_gSDSS": 14.571319580078125,
    "F0515": 14.431720733642578,
    "F0626_rSDSS": 14.214333534240723,
    "F0660": 14.219075202941895,
    "F0769_iSDSS": 14.136070251464844,
    "F0861": 14.140926361083984,
    "F0883_zSDSS": 14.129218101501465
}