{
    "id": "gaia_xp_spectrum_6135854158117302016-Ref",
    "F0352_uJAVA": 16.079483032226562,
    "F0378": 16.006834030151367,
    "F0395": 15.899781227111816,
    "F0410": 15.264686584472656,
    "F0430": 15.191839218139648,
    "F0475_gSDSS": 14.77074146270752,
    "F0515": 14.580428123474121,
    "F0626_rSDSS": 14.2247953414917,
    "F0660": 14.179845809936523,
    "F0769_iSDSS": 14.068587303161621,
    "F0861": 14.035219192504883,
    "F0883_zSDSS": 14.006902694702148
}