{
    "id": "gaia_xp_spectrum_6135799629212404608-Ref",
    "F0352_uJAVA": 16.045433044433594,
    "F0378": 15.987198829650879,
    "F0395": 15.773638725280762,
    "F0410": 15.146519660949707,
    "F0430": 15.054621696472168,
    "F0475_gSDSS": 14.593648910522461,
    "F0515": 14.404075622558594,
    "F0626_rSDSS": 14.00992488861084,
    "F0660": 13.952977180480957,
    "F0769_iSDSS": 13.861209869384766,
    "F0861": 13.832801818847656,
    "F0883_zSDSS": 13.801443099975586
}