{
    "id": "gaia_xp_spectrum_6137280499575937280-Ref",
    "F0352_uJAVA": 15.760220527648926,
    "F0378": 15.497931480407715,
    "F0395": 15.39385986328125,
    "F0410": 14.90443229675293,
    "F0430": 14.82145881652832,
    "F0475_gSDSS": 14.535524368286133,
    "F0515": 14.386645317077637,
    "F0626_rSDSS": 14.116171836853027,
    "F0660": 14.095437049865723,
    "F0769_iSDSS": 14.000892639160156,
    "F0861": 13.981983184814453,
    "F0883_zSDSS": 13.96276569366455
}