{
    "id": "gaia_xp_spectrum_6135841960410083072-Ref",
    "F0352_uJAVA": 16.14548683166504,
    "F0378": 15.91141128540039,
    "F0395": 15.876595497131348,
    "F0410": 15.384603500366211,
    "F0430": 15.344289779663086,
    "F0475_gSDSS": 14.955491065979004,
    "F0515": 14.776304244995117,
    "F0626_rSDSS": 14.4216890335083,
    "F0660": 14.367193222045898,
    "F0769_iSDSS": 14.236873626708984,
    "F0861": 14.187556266784668,
    "F0883_zSDSS": 14.159241676330566
}