{
    "id": "gaia_xp_spectrum_6137281942684955008-Ref",
    "F0352_uJAVA": 15.819893836975098,
    "F0378": 15.678829193115234,
    "F0395": 15.638031005859375,
    "F0410": 15.04988956451416,
    "F0430": 14.95833969116211,
    "F0475_gSDSS": 14.594503402709961,
    "F0515": 14.418022155761719,
    "F0626_rSDSS": 14.076689720153809,
    "F0660": 14.04563045501709,
    "F0769_iSDSS": 13.922579765319824,
    "F0861": 13.889732360839844,
    "F0883_zSDSS": 13.865240097045898
}