{
    "id": "gaia_xp_spectrum_6137284210427709568-Ref",
    "F0352_uJAVA": 16.012399673461914,
    "F0378": 15.876277923583984,
    "F0395": 15.744041442871094,
    "F0410": 15.221382141113281,
    "F0430": 15.166146278381348,
    "F0475_gSDSS": 14.75987434387207,
    "F0515": 14.572193145751953,
    "F0626_rSDSS": 14.21619701385498,
    "F0660": 14.150907516479492,
    "F0769_iSDSS": 14.041571617126465,
    "F0861": 14.000685691833496,
    "F0883_zSDSS": 13.965859413146973
}