{
    "id": "gaia_xp_spectrum_6135840860898441216-Ref",
    "F0352_uJAVA": 16.21979331970215,
    "F0378": 16.057998657226562,
    "F0395": 15.941965103149414,
    "F0410": 15.388938903808594,
    "F0430": 15.323888778686523,
    "F0475_gSDSS": 14.970458984375,
    "F0515": 14.799813270568848,
    "F0626_rSDSS": 14.49711799621582,
    "F0660": 14.450996398925781,
    "F0769_iSDSS": 14.369446754455566,
    "F0861": 14.348742485046387,
    "F0883_zSDSS": 14.327232360839844
}