{
    "id": "gaia_xp_spectrum_6135850619064226304-Ref",
    "F0352_uJAVA": 16.2064266204834,
    "F0378": 15.814075469970703,
    "F0395": 15.539196014404297,
    "F0410": 15.200420379638672,
    "F0430": 15.13147258758545,
    "F0475_gSDSS": 14.970473289489746,
    "F0515": 14.855362892150879,
    "F0626_rSDSS": 14.736211776733398,
    "F0660": 14.762826919555664,
    "F0769_iSDSS": 14.716289520263672,
    "F0861": 14.74792766571045,
    "F0883_zSDSS": 14.738767623901367
}