{
    "id": "gaia_xp_spectrum_6135795952720397696-Ref",
    "F0352_uJAVA": 16.68236541748047,
    "F0378": 16.492889404296875,
    "F0395": 16.337400436401367,
    "F0410": 15.893047332763672,
    "F0430": 15.812909126281738,
    "F0475_gSDSS": 15.50667667388916,
    "F0515": 15.341235160827637,
    "F0626_rSDSS": 15.06084156036377,
    "F0660": 15.017716407775879,
    "F0769_iSDSS": 14.926532745361328,
    "F0861": 14.91139030456543,
    "F0883_zSDSS": 14.890863418579102
}