{
    "id": "gaia_xp_spectrum_6135847148730595584-Ref",
    "F0352_uJAVA": 15.682229042053223,
    "F0378": 15.396571159362793,
    "F0395": 15.20396900177002,
    "F0410": 14.839646339416504,
    "F0430": 14.764487266540527,
    "F0475_gSDSS": 14.54365348815918,
    "F0515": 14.408060073852539,
    "F0626_rSDSS": 14.194550514221191,
    "F0660": 14.18169116973877,
    "F0769_iSDSS": 14.104393005371094,
    "F0861": 14.097890853881836,
    "F0883_zSDSS": 14.080692291259766
}