{
    "id": "gaia_xp_spectrum_6137299534871034752-Ref",
    "F0352_uJAVA": 16.707304000854492,
    "F0378": 16.46660804748535,
    "F0395": 16.356287002563477,
    "F0410": 15.917399406433105,
    "F0430": 15.815691947937012,
    "F0475_gSDSS": 15.544897079467773,
    "F0515": 15.399489402770996,
    "F0626_rSDSS": 15.135017395019531,
    "F0660": 15.108137130737305,
    "F0769_iSDSS": 15.017415046691895,
    "F0861": 15.01272201538086,
    "F0883_zSDSS": 14.984674453735352
}