{
    "id": "gaia_xp_spectrum_6135802446711007872-Ref",
    "F0352_uJAVA": 15.549083709716797,
    "F0378": 15.2210693359375,
    "F0395": 15.014154434204102,
    "F0410": 14.728262901306152,
    "F0430": 14.653661727905273,
    "F0475_gSDSS": 14.457559585571289,
    "F0515": 14.341394424438477,
    "F0626_rSDSS": 14.149620056152344,
    "F0660": 14.152090072631836,
    "F0769_iSDSS": 14.080751419067383,
    "F0861": 14.083222389221191,
    "F0883_zSDSS": 14.069013595581055
}