{
    "id": "gaia_xp_spectrum_6135840895258184448-Ref",
    "F0352_uJAVA": 16.022632598876953,
    "F0378": 15.82147216796875,
    "F0395": 15.780820846557617,
    "F0410": 15.137493133544922,
    "F0430": 15.128527641296387,
    "F0475_gSDSS": 14.72449779510498,
    "F0515": 14.543803215026855,
    "F0626_rSDSS": 14.196517944335938,
    "F0660": 14.14738941192627,
    "F0769_iSDSS": 14.031907081604004,
    "F0861": 13.989801406860352,
    "F0883_zSDSS": 13.963228225708008
}