{
    "id": "gaia_xp_spectrum_6137351108838353664-Ref",
    "F0352_uJAVA": 16.60727882385254,
    "F0378": 16.289823532104492,
    "F0395": 16.313846588134766,
    "F0410": 15.813364028930664,
    "F0430": 15.764888763427734,
    "F0475_gSDSS": 15.470926284790039,
    "F0515": 15.31806468963623,
    "F0626_rSDSS": 15.05742073059082,
    "F0660": 15.040573120117188,
    "F0769_iSDSS": 14.946758270263672,
    "F0861": 14.938515663146973,
    "F0883_zSDSS": 14.921079635620117
}