{
    "id": "gaia_xp_spectrum_6137287027926252928-Ref",
    "F0352_uJAVA": 16.5433349609375,
    "F0378": 16.366256713867188,
    "F0395": 16.248023986816406,
    "F0410": 15.84056282043457,
    "F0430": 15.775728225708008,
    "F0475_gSDSS": 15.47667407989502,
    "F0515": 15.323543548583984,
    "F0626_rSDSS": 15.024867057800293,
    "F0660": 14.973801612854004,
    "F0769_iSDSS": 14.86412525177002,
    "F0861": 14.830655097961426,
    "F0883_zSDSS": 14.805306434631348
}