{
    "id": "gaia_xp_spectrum_6135851134460265344-Ref",
    "F0352_uJAVA": 15.858076095581055,
    "F0378": 15.421034812927246,
    "F0395": 15.079845428466797,
    "F0410": 14.78757095336914,
    "F0430": 14.74255657196045,
    "F0475_gSDSS": 14.60661792755127,
    "F0515": 14.514362335205078,
    "F0626_rSDSS": 14.42317008972168,
    "F0660": 14.44918441772461,
    "F0769_iSDSS": 14.418425559997559,
    "F0861": 14.4441499710083,
    "F0883_zSDSS": 14.431478500366211
}