{
    "id": "gaia_xp_spectrum_6137299947187901056-Ref",
    "F0352_uJAVA": 16.254981994628906,
    "F0378": 16.204431533813477,
    "F0395": 16.021085739135742,
    "F0410": 15.351385116577148,
    "F0430": 15.221124649047852,
    "F0475_gSDSS": 14.763738632202148,
    "F0515": 14.573190689086914,
    "F0626_rSDSS": 14.146580696105957,
    "F0660": 14.081815719604492,
    "F0769_iSDSS": 13.974265098571777,
    "F0861": 13.930097579956055,
    "F0883_zSDSS": 13.905678749084473
}