{
    "id": "gaia_xp_spectrum_6135797224030717056-Ref",
    "F0352_uJAVA": 16.65296745300293,
    "F0378": 16.56083106994629,
    "F0395": 16.438573837280273,
    "F0410": 15.79758358001709,
    "F0430": 15.719351768493652,
    "F0475_gSDSS": 15.297834396362305,
    "F0515": 15.121944427490234,
    "F0626_rSDSS": 14.740802764892578,
    "F0660": 14.690863609313965,
    "F0769_iSDSS": 14.581405639648438,
    "F0861": 14.543802261352539,
    "F0883_zSDSS": 14.519171714782715
}