{
    "id": "gaia_xp_spectrum_6135792963423128704-Ref",
    "F0352_uJAVA": 16.910274505615234,
    "F0378": 16.76219367980957,
    "F0395": 16.705949783325195,
    "F0410": 16.068004608154297,
    "F0430": 15.990568161010742,
    "F0475_gSDSS": 15.620770454406738,
    "F0515": 15.438898086547852,
    "F0626_rSDSS": 15.103994369506836,
    "F0660": 15.075135231018066,
    "F0769_iSDSS": 14.943743705749512,
    "F0861": 14.909540176391602,
    "F0883_zSDSS": 14.886841773986816
}