{
    "id": "gaia_xp_spectrum_6135852818087480320-Ref",
    "F0352_uJAVA": 16.96316146850586,
    "F0378": 16.687875747680664,
    "F0395": 16.652732849121094,
    "F0410": 16.20537567138672,
    "F0430": 16.15435791015625,
    "F0475_gSDSS": 15.842402458190918,
    "F0515": 15.689510345458984,
    "F0626_rSDSS": 15.397392272949219,
    "F0660": 15.346120834350586,
    "F0769_iSDSS": 15.25206470489502,
    "F0861": 15.220162391662598,
    "F0883_zSDSS": 15.200203895568848
}