{
    "id": "gaia_xp_spectrum_6135800110248761728-Ref",
    "F0352_uJAVA": 16.58154296875,
    "F0378": 16.39397621154785,
    "F0395": 16.441051483154297,
    "F0410": 15.801701545715332,
    "F0430": 15.752528190612793,
    "F0475_gSDSS": 15.349370002746582,
    "F0515": 15.160039901733398,
    "F0626_rSDSS": 14.819960594177246,
    "F0660": 14.774881362915039,
    "F0769_iSDSS": 14.659738540649414,
    "F0861": 14.633487701416016,
    "F0883_zSDSS": 14.599006652832031
}