{
    "id": "gaia_xp_spectrum_6137287234084691968-Ref",
    "F0352_uJAVA": 16.591733932495117,
    "F0378": 16.4689998626709,
    "F0395": 16.375713348388672,
    "F0410": 15.807428359985352,
    "F0430": 15.75809383392334,
    "F0475_gSDSS": 15.377344131469727,
    "F0515": 15.197944641113281,
    "F0626_rSDSS": 14.863088607788086,
    "F0660": 14.820652961730957,
    "F0769_iSDSS": 14.704282760620117,
    "F0861": 14.667106628417969,
    "F0883_zSDSS": 14.650725364685059
}