{
    "id": "gaia_xp_spectrum_6135851100100523008-Ref",
    "F0352_uJAVA": 16.83014488220215,
    "F0378": 16.724712371826172,
    "F0395": 16.841785430908203,
    "F0410": 15.992012023925781,
    "F0430": 15.935389518737793,
    "F0475_gSDSS": 15.425873756408691,
    "F0515": 15.223531723022461,
    "F0626_rSDSS": 14.742768287658691,
    "F0660": 14.661286354064941,
    "F0769_iSDSS": 14.493817329406738,
    "F0861": 14.405029296875,
    "F0883_zSDSS": 14.367452621459961
}