{
    "id": "gaia_xp_spectrum_6135801896955176064-Ref",
    "F0352_uJAVA": 16.032047271728516,
    "F0378": 15.780110359191895,
    "F0395": 15.626866340637207,
    "F0410": 15.212067604064941,
    "F0430": 15.147636413574219,
    "F0475_gSDSS": 14.888136863708496,
    "F0515": 14.755769729614258,
    "F0626_rSDSS": 14.512351989746094,
    "F0660": 14.498889923095703,
    "F0769_iSDSS": 14.412447929382324,
    "F0861": 14.404988288879395,
    "F0883_zSDSS": 14.388008117675781
}