{
    "id": "gaia_xp_spectrum_6135852852447221120-Ref",
    "F0352_uJAVA": 16.376726150512695,
    "F0378": 16.20585823059082,
    "F0395": 16.18145179748535,
    "F0410": 15.5397310256958,
    "F0430": 15.44579792022705,
    "F0475_gSDSS": 15.084158897399902,
    "F0515": 14.900153160095215,
    "F0626_rSDSS": 14.563152313232422,
    "F0660": 14.519942283630371,
    "F0769_iSDSS": 14.416253089904785,
    "F0861": 14.388230323791504,
    "F0883_zSDSS": 14.36057186126709
}