{
    "id": "gaia_xp_spectrum_6135792684247841280-Ref",
    "F0352_uJAVA": 15.966129302978516,
    "F0378": 15.734371185302734,
    "F0395": 15.60901927947998,
    "F0410": 15.202906608581543,
    "F0430": 15.145698547363281,
    "F0475_gSDSS": 14.857789039611816,
    "F0515": 14.700175285339355,
    "F0626_rSDSS": 14.43818473815918,
    "F0660": 14.410709381103516,
    "F0769_iSDSS": 14.313405990600586,
    "F0861": 14.295135498046875,
    "F0883_zSDSS": 14.271790504455566
}