{
    "id": "gaia_xp_spectrum_6135847870285099008-Ref",
    "F0352_uJAVA": 16.204557418823242,
    "F0378": 16.104389190673828,
    "F0395": 16.006919860839844,
    "F0410": 15.395541191101074,
    "F0430": 15.333381652832031,
    "F0475_gSDSS": 14.905357360839844,
    "F0515": 14.73662281036377,
    "F0626_rSDSS": 14.343036651611328,
    "F0660": 14.297504425048828,
    "F0769_iSDSS": 14.173648834228516,
    "F0861": 14.123921394348145,
    "F0883_zSDSS": 14.098316192626953
}