{
    "id": "gaia_xp_spectrum_6135800110248762240-Ref",
    "F0352_uJAVA": 16.953304290771484,
    "F0378": 16.78719711303711,
    "F0395": 16.725872039794922,
    "F0410": 16.234569549560547,
    "F0430": 16.194133758544922,
    "F0475_gSDSS": 15.790994644165039,
    "F0515": 15.625288963317871,
    "F0626_rSDSS": 15.27462387084961,
    "F0660": 15.221145629882812,
    "F0769_iSDSS": 15.106095314025879,
    "F0861": 15.068671226501465,
    "F0883_zSDSS": 15.04383373260498
}