{
    "id": "gaia_xp_spectrum_6135847350593821696-Ref",
    "F0352_uJAVA": 16.797834396362305,
    "F0378": 16.421052932739258,
    "F0395": 16.154874801635742,
    "F0410": 15.858195304870605,
    "F0430": 15.798351287841797,
    "F0475_gSDSS": 15.61752700805664,
    "F0515": 15.489248275756836,
    "F0626_rSDSS": 15.325217247009277,
    "F0660": 15.311903953552246,
    "F0769_iSDSS": 15.246109008789062,
    "F0861": 15.237783432006836,
    "F0883_zSDSS": 15.232110023498535
}