{
    "id": "gaia_xp_spectrum_6135797052232043136-Ref",
    "F0352_uJAVA": 16.140104293823242,
    "F0378": 15.909213066101074,
    "F0395": 15.898086547851562,
    "F0410": 15.331779479980469,
    "F0430": 15.286999702453613,
    "F0475_gSDSS": 14.88511848449707,
    "F0515": 14.712800025939941,
    "F0626_rSDSS": 14.34874153137207,
    "F0660": 14.28543758392334,
    "F0769_iSDSS": 14.169637680053711,
    "F0861": 14.11638355255127,
    "F0883_zSDSS": 14.091696739196777
}