{
    "id": "gaia_xp_spectrum_6135783033458729088-Ref",
    "F0352_uJAVA": 16.625444412231445,
    "F0378": 16.45038414001465,
    "F0395": 16.34193229675293,
    "F0410": 15.8745698928833,
    "F0430": 15.808732986450195,
    "F0475_gSDSS": 15.494795799255371,
    "F0515": 15.341833114624023,
    "F0626_rSDSS": 15.028484344482422,
    "F0660": 14.9941987991333,
    "F0769_iSDSS": 14.886513710021973,
    "F0861": 14.843460083007812,
    "F0883_zSDSS": 14.830862045288086
}