{
    "id": "gaia_xp_spectrum_6135802201897370496-Ref",
    "F0352_uJAVA": 16.626779556274414,
    "F0378": 16.535842895507812,
    "F0395": 16.450218200683594,
    "F0410": 15.825104713439941,
    "F0430": 15.792798042297363,
    "F0475_gSDSS": 15.337652206420898,
    "F0515": 15.175429344177246,
    "F0626_rSDSS": 14.728919982910156,
    "F0660": 14.66740608215332,
    "F0769_iSDSS": 14.522348403930664,
    "F0861": 14.45555591583252,
    "F0883_zSDSS": 14.423721313476562
}