{
    "id": "gaia_xp_spectrum_6137288539754761728-Ref",
    "F0352_uJAVA": 15.913492202758789,
    "F0378": 15.663856506347656,
    "F0395": 15.493535041809082,
    "F0410": 15.123495101928711,
    "F0430": 15.07205867767334,
    "F0475_gSDSS": 14.826981544494629,
    "F0515": 14.702387809753418,
    "F0626_rSDSS": 14.47562026977539,
    "F0660": 14.456555366516113,
    "F0769_iSDSS": 14.382022857666016,
    "F0861": 14.386909484863281,
    "F0883_zSDSS": 14.363088607788086
}