{
    "id": "gaia_xp_spectrum_6135845190225511936-Ref",
    "F0352_uJAVA": 16.945842742919922,
    "F0378": 16.724361419677734,
    "F0395": 16.781160354614258,
    "F0410": 16.26620101928711,
    "F0430": 16.24085235595703,
    "F0475_gSDSS": 15.876849174499512,
    "F0515": 15.714805603027344,
    "F0626_rSDSS": 15.37683391571045,
    "F0660": 15.310359001159668,
    "F0769_iSDSS": 15.185215950012207,
    "F0861": 15.131928443908691,
    "F0883_zSDSS": 15.1015625
}