{
    "id": "gaia_xp_spectrum_6135798083022010752-Ref",
    "F0352_uJAVA": 16.3376522064209,
    "F0378": 16.028915405273438,
    "F0395": 15.937393188476562,
    "F0410": 15.54902172088623,
    "F0430": 15.5055513381958,
    "F0475_gSDSS": 15.257954597473145,
    "F0515": 15.11618709564209,
    "F0626_rSDSS": 14.874974250793457,
    "F0660": 14.851548194885254,
    "F0769_iSDSS": 14.76563549041748,
    "F0861": 14.752358436584473,
    "F0883_zSDSS": 14.733448028564453
}