{
    "id": "gaia_xp_spectrum_6135783755013252224-Ref",
    "F0352_uJAVA": 15.9257173538208,
    "F0378": 15.714982032775879,
    "F0395": 15.684770584106445,
    "F0410": 15.138330459594727,
    "F0430": 15.061576843261719,
    "F0475_gSDSS": 14.744711875915527,
    "F0515": 14.581676483154297,
    "F0626_rSDSS": 14.275211334228516,
    "F0660": 14.235174179077148,
    "F0769_iSDSS": 14.14123821258545,
    "F0861": 14.116975784301758,
    "F0883_zSDSS": 14.096467971801758
}