{
    "id": "gaia_xp_spectrum_6135796158878812928-Ref",
    "F0352_uJAVA": 16.817646026611328,
    "F0378": 16.580432891845703,
    "F0395": 16.556900024414062,
    "F0410": 16.030431747436523,
    "F0430": 15.981212615966797,
    "F0475_gSDSS": 15.64141845703125,
    "F0515": 15.473644256591797,
    "F0626_rSDSS": 15.164224624633789,
    "F0660": 15.130199432373047,
    "F0769_iSDSS": 15.014894485473633,
    "F0861": 14.982749938964844,
    "F0883_zSDSS": 14.955119132995605
}