{
    "id": "gaia_xp_spectrum_6135784167330112384-Ref",
    "F0352_uJAVA": 16.86463165283203,
    "F0378": 16.751609802246094,
    "F0395": 16.749380111694336,
    "F0410": 16.077472686767578,
    "F0430": 16.026430130004883,
    "F0475_gSDSS": 15.615946769714355,
    "F0515": 15.42885971069336,
    "F0626_rSDSS": 15.058655738830566,
    "F0660": 15.011934280395508,
    "F0769_iSDSS": 14.880599021911621,
    "F0861": 14.833115577697754,
    "F0883_zSDSS": 14.805007934570312
}