{
    "id": "gaia_xp_spectrum_6137286336433949952-Ref",
    "F0352_uJAVA": 16.658517837524414,
    "F0378": 16.768802642822266,
    "F0395": 16.414941787719727,
    "F0410": 15.748079299926758,
    "F0430": 15.620806694030762,
    "F0475_gSDSS": 15.13309383392334,
    "F0515": 14.953293800354004,
    "F0626_rSDSS": 14.493258476257324,
    "F0660": 14.438020706176758,
    "F0769_iSDSS": 14.314532279968262,
    "F0861": 14.269220352172852,
    "F0883_zSDSS": 14.240015983581543
}