{
    "id": "gaia_xp_spectrum_6137304310874692480-Ref",
    "F0352_uJAVA": 16.32623863220215,
    "F0378": 16.127668380737305,
    "F0395": 16.07424545288086,
    "F0410": 15.581947326660156,
    "F0430": 15.537271499633789,
    "F0475_gSDSS": 15.174640655517578,
    "F0515": 15.00166130065918,
    "F0626_rSDSS": 14.711709976196289,
    "F0660": 14.66776180267334,
    "F0769_iSDSS": 14.574798583984375,
    "F0861": 14.550066947937012,
    "F0883_zSDSS": 14.527099609375
}