{
    "id": "gaia_xp_spectrum_6135800178968233728-Ref",
    "F0352_uJAVA": 15.629776000976562,
    "F0378": 15.378267288208008,
    "F0395": 15.227462768554688,
    "F0410": 14.86571979522705,
    "F0430": 14.823763847351074,
    "F0475_gSDSS": 14.590004920959473,
    "F0515": 14.47016716003418,
    "F0626_rSDSS": 14.244399070739746,
    "F0660": 14.236876487731934,
    "F0769_iSDSS": 14.154193878173828,
    "F0861": 14.14275074005127,
    "F0883_zSDSS": 14.133183479309082
}