{
    "id": "gaia_xp_spectrum_6136529979811466112-Ref",
    "F0352_uJAVA": 16.283884048461914,
    "F0378": 16.19817543029785,
    "F0395": 16.09145736694336,
    "F0410": 15.395166397094727,
    "F0430": 15.320343971252441,
    "F0475_gSDSS": 14.866181373596191,
    "F0515": 14.673306465148926,
    "F0626_rSDSS": 14.268976211547852,
    "F0660": 14.208959579467773,
    "F0769_iSDSS": 14.089997291564941,
    "F0861": 14.050156593322754,
    "F0883_zSDSS": 14.020228385925293
}