{
    "id": "gaia_xp_spectrum_6135788049980515200-Ref",
    "F0352_uJAVA": 16.00914764404297,
    "F0378": 15.865521430969238,
    "F0395": 15.803738594055176,
    "F0410": 15.217815399169922,
    "F0430": 15.141203880310059,
    "F0475_gSDSS": 14.740333557128906,
    "F0515": 14.557243347167969,
    "F0626_rSDSS": 14.193487167358398,
    "F0660": 14.146154403686523,
    "F0769_iSDSS": 14.024157524108887,
    "F0861": 13.980596542358398,
    "F0883_zSDSS": 13.95364761352539
}