{
    "id": "gaia_xp_spectrum_6137304517033130880-Ref",
    "F0352_uJAVA": 16.723791122436523,
    "F0378": 16.62379264831543,
    "F0395": 16.535961151123047,
    "F0410": 15.919955253601074,
    "F0430": 15.913751602172852,
    "F0475_gSDSS": 15.511682510375977,
    "F0515": 15.339500427246094,
    "F0626_rSDSS": 15.01367473602295,
    "F0660": 14.9783935546875,
    "F0769_iSDSS": 14.859990119934082,
    "F0861": 14.822020530700684,
    "F0883_zSDSS": 14.805046081542969
}