{
    "id": "gaia_xp_spectrum_6135848385681195776-Ref",
    "F0352_uJAVA": 15.442635536193848,
    "F0378": 15.18345832824707,
    "F0395": 15.042880058288574,
    "F0410": 14.687490463256836,
    "F0430": 14.623420715332031,
    "F0475_gSDSS": 14.37707233428955,
    "F0515": 14.228642463684082,
    "F0626_rSDSS": 14.0020112991333,
    "F0660": 13.996769905090332,
    "F0769_iSDSS": 13.894427299499512,
    "F0861": 13.879325866699219,
    "F0883_zSDSS": 13.863389015197754
}