{
    "id": "gaia_xp_spectrum_6135784614006723200-Ref",
    "F0352_uJAVA": 16.076784133911133,
    "F0378": 15.980339050292969,
    "F0395": 15.83564281463623,
    "F0410": 15.20015811920166,
    "F0430": 15.138860702514648,
    "F0475_gSDSS": 14.703598976135254,
    "F0515": 14.509210586547852,
    "F0626_rSDSS": 14.143238067626953,
    "F0660": 14.081297874450684,
    "F0769_iSDSS": 13.984833717346191,
    "F0861": 13.945196151733398,
    "F0883_zSDSS": 13.923402786254883
}