{
    "id": "gaia_xp_spectrum_6137283832470579328-Ref",
    "F0352_uJAVA": 16.633872985839844,
    "F0378": 16.48772430419922,
    "F0395": 16.431514739990234,
    "F0410": 15.676085472106934,
    "F0430": 15.591381072998047,
    "F0475_gSDSS": 15.167511940002441,
    "F0515": 14.991138458251953,
    "F0626_rSDSS": 14.599035263061523,
    "F0660": 14.557458877563477,
    "F0769_iSDSS": 14.43935775756836,
    "F0861": 14.412318229675293,
    "F0883_zSDSS": 14.378451347351074
}