{
    "id": "gaia_xp_spectrum_6137298400999659520-Ref",
    "F0352_uJAVA": 16.845720291137695,
    "F0378": 16.77628517150879,
    "F0395": 16.708221435546875,
    "F0410": 15.960955619812012,
    "F0430": 15.91663646697998,
    "F0475_gSDSS": 15.449492454528809,
    "F0515": 15.262252807617188,
    "F0626_rSDSS": 14.865842819213867,
    "F0660": 14.814146041870117,
    "F0769_iSDSS": 14.689105987548828,
    "F0861": 14.65157413482666,
    "F0883_zSDSS": 14.623383522033691
}