{
    "id": "gaia_xp_spectrum_6135851271899225856-Ref",
    "F0352_uJAVA": 16.339313507080078,
    "F0378": 16.1824893951416,
    "F0395": 16.11268424987793,
    "F0410": 15.481931686401367,
    "F0430": 15.413199424743652,
    "F0475_gSDSS": 14.980939865112305,
    "F0515": 14.793469429016113,
    "F0626_rSDSS": 14.400052070617676,
    "F0660": 14.340304374694824,
    "F0769_iSDSS": 14.225019454956055,
    "F0861": 14.179662704467773,
    "F0883_zSDSS": 14.15275764465332
}