{
    "id": "gaia_xp_spectrum_6137288848992410624-Ref",
    "F0352_uJAVA": 16.844209671020508,
    "F0378": 16.849788665771484,
    "F0395": 16.745258331298828,
    "F0410": 15.7970609664917,
    "F0430": 15.639436721801758,
    "F0475_gSDSS": 14.977567672729492,
    "F0515": 14.739587783813477,
    "F0626_rSDSS": 14.131556510925293,
    "F0660": 14.034461975097656,
    "F0769_iSDSS": 13.820629119873047,
    "F0861": 13.705286026000977,
    "F0883_zSDSS": 13.659756660461426
}