{
    "id": "gaia_xp_spectrum_6137301390296923136-Ref",
    "F0352_uJAVA": 15.910110473632812,
    "F0378": 15.721055030822754,
    "F0395": 15.682670593261719,
    "F0410": 15.10208511352539,
    "F0430": 15.026952743530273,
    "F0475_gSDSS": 14.69285774230957,
    "F0515": 14.527405738830566,
    "F0626_rSDSS": 14.228438377380371,
    "F0660": 14.200674057006836,
    "F0769_iSDSS": 14.10287857055664,
    "F0861": 14.0814790725708,
    "F0883_zSDSS": 14.062067985534668
}