{
    "id": "gaia_xp_spectrum_6136532071457230592-Ref",
    "F0352_uJAVA": 16.080848693847656,
    "F0378": 15.995427131652832,
    "F0395": 15.919907569885254,
    "F0410": 15.270681381225586,
    "F0430": 15.206281661987305,
    "F0475_gSDSS": 14.760167121887207,
    "F0515": 14.58185863494873,
    "F0626_rSDSS": 14.182670593261719,
    "F0660": 14.114842414855957,
    "F0769_iSDSS": 13.999176979064941,
    "F0861": 13.956489562988281,
    "F0883_zSDSS": 13.922066688537598
}