{
    "id": "gaia_xp_spectrum_6135798289182585216-Ref",
    "F0352_uJAVA": 16.05851173400879,
    "F0378": 15.76218318939209,
    "F0395": 15.637816429138184,
    "F0410": 15.217262268066406,
    "F0430": 15.129827499389648,
    "F0475_gSDSS": 14.874373435974121,
    "F0515": 14.73018741607666,
    "F0626_rSDSS": 14.499345779418945,
    "F0660": 14.488199234008789,
    "F0769_iSDSS": 14.40953540802002,
    "F0861": 14.4130277633667,
    "F0883_zSDSS": 14.389041900634766
}