{
    "id": "gaia_xp_spectrum_6137282492440779264-Ref",
    "F0352_uJAVA": 16.79832649230957,
    "F0378": 16.335176467895508,
    "F0395": 16.034801483154297,
    "F0410": 15.694981575012207,
    "F0430": 15.646383285522461,
    "F0475_gSDSS": 15.51406478881836,
    "F0515": 15.42385482788086,
    "F0626_rSDSS": 15.357522010803223,
    "F0660": 15.410809516906738,
    "F0769_iSDSS": 15.37087631225586,
    "F0861": 15.410865783691406,
    "F0883_zSDSS": 15.399415969848633
}