{
    "id": "gaia_xp_spectrum_6140805705652827008-Ref",
    "F0352_uJAVA": 16.65247344970703,
    "F0378": 16.473718643188477,
    "F0395": 16.47429084777832,
    "F0410": 15.854832649230957,
    "F0430": 15.790685653686523,
    "F0475_gSDSS": 15.395589828491211,
    "F0515": 15.230018615722656,
    "F0626_rSDSS": 14.834272384643555,
    "F0660": 14.789730072021484,
    "F0769_iSDSS": 14.650589942932129,
    "F0861": 14.597822189331055,
    "F0883_zSDSS": 14.571211814880371
}