{
    "id": "gaia_xp_spectrum_6140722658165600896-Ref",
    "F0352_uJAVA": 16.651512145996094,
    "F0378": 16.39531898498535,
    "F0395": 16.239112854003906,
    "F0410": 15.85653018951416,
    "F0430": 15.761430740356445,
    "F0475_gSDSS": 15.506059646606445,
    "F0515": 15.355223655700684,
    "F0626_rSDSS": 15.11345386505127,
    "F0660": 15.090309143066406,
    "F0769_iSDSS": 14.99793529510498,
    "F0861": 14.979354858398438,
    "F0883_zSDSS": 14.966489791870117
}