{
    "id": "gaia_xp_spectrum_6140814914062779136-Ref",
    "F0352_uJAVA": 16.711034774780273,
    "F0378": 16.501237869262695,
    "F0395": 16.41565704345703,
    "F0410": 16.032716751098633,
    "F0430": 15.97392749786377,
    "F0475_gSDSS": 15.633281707763672,
    "F0515": 15.466991424560547,
    "F0626_rSDSS": 15.090333938598633,
    "F0660": 15.033221244812012,
    "F0769_iSDSS": 14.899962425231934,
    "F0861": 14.840746879577637,
    "F0883_zSDSS": 14.816228866577148
}