{
    "id": "gaia_xp_spectrum_6140830135426898816-Ref",
    "F0352_uJAVA": 16.567827224731445,
    "F0378": 16.390676498413086,
    "F0395": 16.303525924682617,
    "F0410": 15.773241996765137,
    "F0430": 15.739883422851562,
    "F0475_gSDSS": 15.374479293823242,
    "F0515": 15.217958450317383,
    "F0626_rSDSS": 14.864286422729492,
    "F0660": 14.821441650390625,
    "F0769_iSDSS": 14.698657989501953,
    "F0861": 14.644904136657715,
    "F0883_zSDSS": 14.625917434692383
}