{
    "id": "gaia_xp_spectrum_6140813505313476352-Ref",
    "F0352_uJAVA": 16.558320999145508,
    "F0378": 16.362045288085938,
    "F0395": 16.297521591186523,
    "F0410": 15.71550464630127,
    "F0430": 15.664166450500488,
    "F0475_gSDSS": 15.216387748718262,
    "F0515": 15.02810001373291,
    "F0626_rSDSS": 14.626262664794922,
    "F0660": 14.560867309570312,
    "F0769_iSDSS": 14.433513641357422,
    "F0861": 14.373383522033691,
    "F0883_zSDSS": 14.34338092803955
}