{
    "id": "gaia_xp_spectrum_6140878342139851520-Ref",
    "F0352_uJAVA": 17.106420516967773,
    "F0378": 16.84343910217285,
    "F0395": 16.716785430908203,
    "F0410": 16.305585861206055,
    "F0430": 16.24361801147461,
    "F0475_gSDSS": 15.933682441711426,
    "F0515": 15.737809181213379,
    "F0626_rSDSS": 15.469954490661621,
    "F0660": 15.44031810760498,
    "F0769_iSDSS": 15.314763069152832,
    "F0861": 15.2868070602417,
    "F0883_zSDSS": 15.261224746704102
}