{
    "id": "gaia_xp_spectrum_6140872913301170304-Ref",
    "F0352_uJAVA": 16.92406463623047,
    "F0378": 16.682483673095703,
    "F0395": 16.65099334716797,
    "F0410": 16.044824600219727,
    "F0430": 15.924500465393066,
    "F0475_gSDSS": 15.539572715759277,
    "F0515": 15.371856689453125,
    "F0626_rSDSS": 14.988801956176758,
    "F0660": 14.93697738647461,
    "F0769_iSDSS": 14.827398300170898,
    "F0861": 14.787860870361328,
    "F0883_zSDSS": 14.76329517364502
}