{
    "id": "gaia_xp_spectrum_6140826596373813120-Ref",
    "F0352_uJAVA": 16.52815055847168,
    "F0378": 16.500316619873047,
    "F0395": 16.466611862182617,
    "F0410": 15.614480018615723,
    "F0430": 15.52914047241211,
    "F0475_gSDSS": 14.941080093383789,
    "F0515": 14.744067192077637,
    "F0626_rSDSS": 14.178315162658691,
    "F0660": 14.085021018981934,
    "F0769_iSDSS": 13.916330337524414,
    "F0861": 13.824490547180176,
    "F0883_zSDSS": 13.781253814697266
}