{
    "id": "gaia_xp_spectrum_6140813642752436096-Ref",
    "F0352_uJAVA": 16.866451263427734,
    "F0378": 16.572389602661133,
    "F0395": 16.567102432250977,
    "F0410": 16.14348030090332,
    "F0430": 16.093185424804688,
    "F0475_gSDSS": 15.812004089355469,
    "F0515": 15.648096084594727,
    "F0626_rSDSS": 15.337279319763184,
    "F0660": 15.280531883239746,
    "F0769_iSDSS": 15.165019035339355,
    "F0861": 15.109524726867676,
    "F0883_zSDSS": 15.089411735534668
}