{
    "id": "gaia_xp_spectrum_6140776190637996416-Ref",
    "F0352_uJAVA": 16.898075103759766,
    "F0378": 16.89466094970703,
    "F0395": 16.87669563293457,
    "F0410": 16.03669548034668,
    "F0430": 15.98930835723877,
    "F0475_gSDSS": 15.41485595703125,
    "F0515": 15.191673278808594,
    "F0626_rSDSS": 14.67224407196045,
    "F0660": 14.601506233215332,
    "F0769_iSDSS": 14.39193344116211,
    "F0861": 14.301155090332031,
    "F0883_zSDSS": 14.251348495483398
}