{
    "id": "gaia_xp_spectrum_6140874974885792640-Ref",
    "F0352_uJAVA": 16.31904411315918,
    "F0378": 16.247602462768555,
    "F0395": 16.210758209228516,
    "F0410": 15.466959953308105,
    "F0430": 15.39038372039795,
    "F0475_gSDSS": 14.917706489562988,
    "F0515": 14.73608684539795,
    "F0626_rSDSS": 14.302003860473633,
    "F0660": 14.23508358001709,
    "F0769_iSDSS": 14.124964714050293,
    "F0861": 14.075249671936035,
    "F0883_zSDSS": 14.0459623336792
}