{
    "id": "gaia_xp_spectrum_6140871264033713664-Ref",
    "F0352_uJAVA": 16.935359954833984,
    "F0378": 16.690053939819336,
    "F0395": 16.514028549194336,
    "F0410": 16.11150360107422,
    "F0430": 16.042695999145508,
    "F0475_gSDSS": 15.705052375793457,
    "F0515": 15.51958179473877,
    "F0626_rSDSS": 15.220849990844727,
    "F0660": 15.187928199768066,
    "F0769_iSDSS": 15.060098648071289,
    "F0861": 15.025150299072266,
    "F0883_zSDSS": 15.00035285949707
}