{
    "id": "gaia_xp_spectrum_6140872947660909312-Ref",
    "F0352_uJAVA": 16.68585777282715,
    "F0378": 16.69556427001953,
    "F0395": 16.552860260009766,
    "F0410": 15.728874206542969,
    "F0430": 15.568642616271973,
    "F0475_gSDSS": 14.93386173248291,
    "F0515": 14.684883117675781,
    "F0626_rSDSS": 14.072356224060059,
    "F0660": 13.973311424255371,
    "F0769_iSDSS": 13.73934555053711,
    "F0861": 13.609841346740723,
    "F0883_zSDSS": 13.55924129486084
}