{
    "id": "gaia_xp_spectrum_6140727468529006464-Ref",
    "F0352_uJAVA": 16.77642822265625,
    "F0378": 16.723384857177734,
    "F0395": 16.707468032836914,
    "F0410": 16.000581741333008,
    "F0430": 15.941174507141113,
    "F0475_gSDSS": 15.526199340820312,
    "F0515": 15.34976863861084,
    "F0626_rSDSS": 14.968498229980469,
    "F0660": 14.921965599060059,
    "F0769_iSDSS": 14.784689903259277,
    "F0861": 14.745598793029785,
    "F0883_zSDSS": 14.715452194213867
}