{
    "id": "gaia_xp_spectrum_6140775297284796800-Ref",
    "F0352_uJAVA": 16.401498794555664,
    "F0378": 16.213464736938477,
    "F0395": 16.14353370666504,
    "F0410": 15.554549217224121,
    "F0430": 15.464858055114746,
    "F0475_gSDSS": 15.079144477844238,
    "F0515": 14.897686958312988,
    "F0626_rSDSS": 14.55911922454834,
    "F0660": 14.508835792541504,
    "F0769_iSDSS": 14.400876998901367,
    "F0861": 14.382390975952148,
    "F0883_zSDSS": 14.342256546020508
}