{
    "id": "gaia_xp_spectrum_6140815085861471488-Ref",
    "F0352_uJAVA": 16.19044303894043,
    "F0378": 15.977378845214844,
    "F0395": 15.89510726928711,
    "F0410": 15.380644798278809,
    "F0430": 15.311707496643066,
    "F0475_gSDSS": 14.952295303344727,
    "F0515": 14.75903606414795,
    "F0626_rSDSS": 14.431791305541992,
    "F0660": 14.384946823120117,
    "F0769_iSDSS": 14.259382247924805,
    "F0861": 14.22182846069336,
    "F0883_zSDSS": 14.188211441040039
}