{
    "id": "gaia_xp_spectrum_6140832368809925760-Ref",
    "F0352_uJAVA": 16.330490112304688,
    "F0378": 16.145404815673828,
    "F0395": 16.100116729736328,
    "F0410": 15.630120277404785,
    "F0430": 15.559774398803711,
    "F0475_gSDSS": 15.207574844360352,
    "F0515": 15.05126667022705,
    "F0626_rSDSS": 14.685325622558594,
    "F0660": 14.628002166748047,
    "F0769_iSDSS": 14.507148742675781,
    "F0861": 14.455096244812012,
    "F0883_zSDSS": 14.425995826721191
}