{
    "id": "gaia_xp_spectrum_6140880609882620672-Ref",
    "F0352_uJAVA": 17.025596618652344,
    "F0378": 16.815937042236328,
    "F0395": 16.79401969909668,
    "F0410": 16.213651657104492,
    "F0430": 16.169038772583008,
    "F0475_gSDSS": 15.825688362121582,
    "F0515": 15.67033576965332,
    "F0626_rSDSS": 15.326382637023926,
    "F0660": 15.302539825439453,
    "F0769_iSDSS": 15.167778015136719,
    "F0861": 15.130179405212402,
    "F0883_zSDSS": 15.103649139404297
}