{
    "id": "gaia_xp_spectrum_6140816528970410368-Ref",
    "F0352_uJAVA": 16.955646514892578,
    "F0378": 16.77947998046875,
    "F0395": 16.681230545043945,
    "F0410": 16.209182739257812,
    "F0430": 16.14606285095215,
    "F0475_gSDSS": 15.776017189025879,
    "F0515": 15.61856746673584,
    "F0626_rSDSS": 15.232062339782715,
    "F0660": 15.17642879486084,
    "F0769_iSDSS": 15.041760444641113,
    "F0861": 14.9694185256958,
    "F0883_zSDSS": 14.950220108032227
}