{
    "id": "gaia_xp_spectrum_6140807286200816768-Ref",
    "F0352_uJAVA": 16.858665466308594,
    "F0378": 16.70829963684082,
    "F0395": 16.5170955657959,
    "F0410": 16.10892677307129,
    "F0430": 16.027128219604492,
    "F0475_gSDSS": 15.702044486999512,
    "F0515": 15.54541301727295,
    "F0626_rSDSS": 15.211042404174805,
    "F0660": 15.162456512451172,
    "F0769_iSDSS": 15.05272388458252,
    "F0861": 15.008964538574219,
    "F0883_zSDSS": 14.986875534057617
}