{
    "id": "gaia_xp_spectrum_6140814398666690304-Ref",
    "F0352_uJAVA": 17.07231903076172,
    "F0378": 16.92216682434082,
    "F0395": 16.753305435180664,
    "F0410": 16.1815242767334,
    "F0430": 16.116296768188477,
    "F0475_gSDSS": 15.70384693145752,
    "F0515": 15.51578140258789,
    "F0626_rSDSS": 15.149930953979492,
    "F0660": 15.12201976776123,
    "F0769_iSDSS": 14.981308937072754,
    "F0861": 14.94792366027832,
    "F0883_zSDSS": 14.916115760803223
}