{
    "id": "gaia_xp_spectrum_6140822507565221376-Ref",
    "F0352_uJAVA": 17.134672164916992,
    "F0378": 16.943504333496094,
    "F0395": 16.85969352722168,
    "F0410": 16.34209442138672,
    "F0430": 16.276546478271484,
    "F0475_gSDSS": 15.913840293884277,
    "F0515": 15.751731872558594,
    "F0626_rSDSS": 15.399307250976562,
    "F0660": 15.346641540527344,
    "F0769_iSDSS": 15.244573593139648,
    "F0861": 15.206720352172852,
    "F0883_zSDSS": 15.18234634399414
}