{
    "id": "gaia_xp_spectrum_6140779209998829184-Ref",
    "F0352_uJAVA": 16.53241729736328,
    "F0378": 16.479507446289062,
    "F0395": 16.264253616333008,
    "F0410": 15.605854034423828,
    "F0430": 15.477556228637695,
    "F0475_gSDSS": 15.014692306518555,
    "F0515": 14.840779304504395,
    "F0626_rSDSS": 14.389396667480469,
    "F0660": 14.323752403259277,
    "F0769_iSDSS": 14.216487884521484,
    "F0861": 14.182455062866211,
    "F0883_zSDSS": 14.150455474853516
}