{
    "id": "gaia_xp_spectrum_6140806186689175936-Ref",
    "F0352_uJAVA": 16.736051559448242,
    "F0378": 16.721704483032227,
    "F0395": 16.50482940673828,
    "F0410": 15.758354187011719,
    "F0430": 15.576072692871094,
    "F0475_gSDSS": 15.001555442810059,
    "F0515": 14.812294006347656,
    "F0626_rSDSS": 14.227221488952637,
    "F0660": 14.143095016479492,
    "F0769_iSDSS": 13.989690780639648,
    "F0861": 13.912858009338379,
    "F0883_zSDSS": 13.875153541564941
}