{
    "id": "gaia_xp_spectrum_6140822610644436736-Ref",
    "F0352_uJAVA": 16.677703857421875,
    "F0378": 16.552223205566406,
    "F0395": 16.46034812927246,
    "F0410": 15.792523384094238,
    "F0430": 15.769176483154297,
    "F0475_gSDSS": 15.319643020629883,
    "F0515": 15.139423370361328,
    "F0626_rSDSS": 14.738643646240234,
    "F0660": 14.688780784606934,
    "F0769_iSDSS": 14.56051254272461,
    "F0861": 14.514816284179688,
    "F0883_zSDSS": 14.485466003417969
}