{
    "id": "gaia_xp_spectrum_6140823572716830720-Ref",
    "F0352_uJAVA": 16.185508728027344,
    "F0378": 15.915338516235352,
    "F0395": 15.835801124572754,
    "F0410": 15.35734748840332,
    "F0430": 15.278885841369629,
    "F0475_gSDSS": 14.989715576171875,
    "F0515": 14.84327220916748,
    "F0626_rSDSS": 14.567275047302246,
    "F0660": 14.526634216308594,
    "F0769_iSDSS": 14.457262992858887,
    "F0861": 14.44344425201416,
    "F0883_zSDSS": 14.421011924743652
}