{
    "id": "gaia_xp_spectrum_6140824981466128512-Ref",
    "F0352_uJAVA": 16.119428634643555,
    "F0378": 15.913805961608887,
    "F0395": 15.78414249420166,
    "F0410": 15.34412956237793,
    "F0430": 15.262584686279297,
    "F0475_gSDSS": 14.978073120117188,
    "F0515": 14.832779884338379,
    "F0626_rSDSS": 14.533564567565918,
    "F0660": 14.498516082763672,
    "F0769_iSDSS": 14.403270721435547,
    "F0861": 14.371892929077148,
    "F0883_zSDSS": 14.354220390319824
}