{
    "id": "gaia_xp_spectrum_6140872810221949184-Ref",
    "F0352_uJAVA": 16.879962921142578,
    "F0378": 16.602872848510742,
    "F0395": 16.52061653137207,
    "F0410": 15.990872383117676,
    "F0430": 15.87158203125,
    "F0475_gSDSS": 15.448796272277832,
    "F0515": 15.219017028808594,
    "F0626_rSDSS": 14.799365043640137,
    "F0660": 14.72506046295166,
    "F0769_iSDSS": 14.547626495361328,
    "F0861": 14.453618049621582,
    "F0883_zSDSS": 14.422340393066406
}