{
    "id": "gaia_xp_spectrum_6140814261227728384-Ref",
    "F0352_uJAVA": 16.24609375,
    "F0378": 16.385190963745117,
    "F0395": 16.0809268951416,
    "F0410": 15.337372779846191,
    "F0430": 15.26333999633789,
    "F0475_gSDSS": 14.74140453338623,
    "F0515": 14.570655822753906,
    "F0626_rSDSS": 14.110596656799316,
    "F0660": 14.032175064086914,
    "F0769_iSDSS": 13.893973350524902,
    "F0861": 13.81672477722168,
    "F0883_zSDSS": 13.784653663635254
}