{
    "id": "gaia_xp_spectrum_6140875181044219008-Ref",
    "F0352_uJAVA": 16.765653610229492,
    "F0378": 16.57236671447754,
    "F0395": 16.410680770874023,
    "F0410": 16.01013946533203,
    "F0430": 15.937041282653809,
    "F0475_gSDSS": 15.616826057434082,
    "F0515": 15.456399917602539,
    "F0626_rSDSS": 15.156633377075195,
    "F0660": 15.114109992980957,
    "F0769_iSDSS": 15.009986877441406,
    "F0861": 14.977782249450684,
    "F0883_zSDSS": 14.95870590209961
}