{
    "id": "gaia_xp_spectrum_6140809279065632512-Ref",
    "F0352_uJAVA": 16.908090591430664,
    "F0378": 16.75071144104004,
    "F0395": 16.570697784423828,
    "F0410": 16.106361389160156,
    "F0430": 16.02029037475586,
    "F0475_gSDSS": 15.723012924194336,
    "F0515": 15.545878410339355,
    "F0626_rSDSS": 15.261700630187988,
    "F0660": 15.221898078918457,
    "F0769_iSDSS": 15.110491752624512,
    "F0861": 15.07446575164795,
    "F0883_zSDSS": 15.048421859741211
}