{
    "id": "gaia_xp_spectrum_6140774747528977536-Ref",
    "F0352_uJAVA": 16.68849754333496,
    "F0378": 16.537635803222656,
    "F0395": 16.58280372619629,
    "F0410": 15.827314376831055,
    "F0430": 15.753440856933594,
    "F0475_gSDSS": 15.254952430725098,
    "F0515": 15.038627624511719,
    "F0626_rSDSS": 14.583443641662598,
    "F0660": 14.509733200073242,
    "F0769_iSDSS": 14.327942848205566,
    "F0861": 14.235926628112793,
    "F0883_zSDSS": 14.203254699707031
}