{
    "id": "gaia_xp_spectrum_6140727949565319040-Ref",
    "F0352_uJAVA": 16.22701644897461,
    "F0378": 15.914633750915527,
    "F0395": 15.919055938720703,
    "F0410": 15.50164794921875,
    "F0430": 15.409396171569824,
    "F0475_gSDSS": 15.010619163513184,
    "F0515": 14.803133010864258,
    "F0626_rSDSS": 14.384727478027344,
    "F0660": 14.306885719299316,
    "F0769_iSDSS": 14.128043174743652,
    "F0861": 14.028841018676758,
    "F0883_zSDSS": 13.99581527709961
}