{
    "id": "gaia_xp_spectrum_6140819964944290048-Ref",
    "F0352_uJAVA": 16.548112869262695,
    "F0378": 16.42675018310547,
    "F0395": 16.269224166870117,
    "F0410": 15.609607696533203,
    "F0430": 15.52243709564209,
    "F0475_gSDSS": 15.10382080078125,
    "F0515": 14.911369323730469,
    "F0626_rSDSS": 14.541890144348145,
    "F0660": 14.493154525756836,
    "F0769_iSDSS": 14.393436431884766,
    "F0861": 14.363329887390137,
    "F0883_zSDSS": 14.334680557250977
}