{
    "id": "gaia_xp_spectrum_6140874218971208960-Ref",
    "F0352_uJAVA": 16.306608200073242,
    "F0378": 16.115373611450195,
    "F0395": 16.033226013183594,
    "F0410": 15.506562232971191,
    "F0430": 15.419082641601562,
    "F0475_gSDSS": 15.069347381591797,
    "F0515": 14.892777442932129,
    "F0626_rSDSS": 14.560904502868652,
    "F0660": 14.525859832763672,
    "F0769_iSDSS": 14.406343460083008,
    "F0861": 14.386025428771973,
    "F0883_zSDSS": 14.350396156311035
}