{
    "id": "gaia_xp_spectrum_6140780863562421504-Ref",
    "F0352_uJAVA": 16.610763549804688,
    "F0378": 16.35590934753418,
    "F0395": 16.094738006591797,
    "F0410": 15.71886920928955,
    "F0430": 15.627996444702148,
    "F0475_gSDSS": 15.405566215515137,
    "F0515": 15.275385856628418,
    "F0626_rSDSS": 15.045306205749512,
    "F0660": 15.03094482421875,
    "F0769_iSDSS": 14.959882736206055,
    "F0861": 14.950946807861328,
    "F0883_zSDSS": 14.936630249023438
}