{
    "id": "gaia_xp_spectrum_6140823160399962880-Ref",
    "F0352_uJAVA": 16.259519577026367,
    "F0378": 16.23929214477539,
    "F0395": 16.207637786865234,
    "F0410": 15.434494018554688,
    "F0430": 15.377280235290527,
    "F0475_gSDSS": 14.901673316955566,
    "F0515": 14.738566398620605,
    "F0626_rSDSS": 14.308083534240723,
    "F0660": 14.23894214630127,
    "F0769_iSDSS": 14.12654972076416,
    "F0861": 14.080863952636719,
    "F0883_zSDSS": 14.051309585571289
}