{
    "id": "gaia_xp_spectrum_6140833571400790784-Ref",
    "F0352_uJAVA": 16.51444435119629,
    "F0378": 16.427257537841797,
    "F0395": 16.41983413696289,
    "F0410": 15.610379219055176,
    "F0430": 15.541159629821777,
    "F0475_gSDSS": 15.016511917114258,
    "F0515": 14.812047004699707,
    "F0626_rSDSS": 14.298834800720215,
    "F0660": 14.211454391479492,
    "F0769_iSDSS": 14.045145034790039,
    "F0861": 13.953706741333008,
    "F0883_zSDSS": 13.91506290435791
}