{
    "id": "gaia_xp_spectrum_6140821889089641344-Ref",
    "F0352_uJAVA": 16.331253051757812,
    "F0378": 16.231916427612305,
    "F0395": 16.144325256347656,
    "F0410": 15.552413940429688,
    "F0430": 15.481361389160156,
    "F0475_gSDSS": 15.085465431213379,
    "F0515": 14.904507637023926,
    "F0626_rSDSS": 14.540203094482422,
    "F0660": 14.484670639038086,
    "F0769_iSDSS": 14.3760347366333,
    "F0861": 14.335200309753418,
    "F0883_zSDSS": 14.307086944580078
}