{
    "id": "gaia_xp_spectrum_6140829207713986688-Ref",
    "F0352_uJAVA": 16.752119064331055,
    "F0378": 16.49273681640625,
    "F0395": 16.425067901611328,
    "F0410": 15.900019645690918,
    "F0430": 15.817792892456055,
    "F0475_gSDSS": 15.503745079040527,
    "F0515": 15.35244083404541,
    "F0626_rSDSS": 15.05274772644043,
    "F0660": 15.016023635864258,
    "F0769_iSDSS": 14.936960220336914,
    "F0861": 14.927754402160645,
    "F0883_zSDSS": 14.902929306030273
}