{
    "id": "gaia_xp_spectrum_6140876826014817536-Ref",
    "F0352_uJAVA": 16.865785598754883,
    "F0378": 16.686805725097656,
    "F0395": 16.620882034301758,
    "F0410": 16.074705123901367,
    "F0430": 16.009265899658203,
    "F0475_gSDSS": 15.640704154968262,
    "F0515": 15.456741333007812,
    "F0626_rSDSS": 15.12852668762207,
    "F0660": 15.090625762939453,
    "F0769_iSDSS": 14.968785285949707,
    "F0861": 14.935916900634766,
    "F0883_zSDSS": 14.90756893157959
}