{
    "id": "gaia_xp_spectrum_6140803850226947584-Ref",
    "F0352_uJAVA": 17.044675827026367,
    "F0378": 16.863557815551758,
    "F0395": 16.590791702270508,
    "F0410": 16.282629013061523,
    "F0430": 16.195995330810547,
    "F0475_gSDSS": 15.888815879821777,
    "F0515": 15.727645874023438,
    "F0626_rSDSS": 15.404020309448242,
    "F0660": 15.360641479492188,
    "F0769_iSDSS": 15.228392601013184,
    "F0861": 15.17111873626709,
    "F0883_zSDSS": 15.151457786560059
}