{
    "id": "gaia_xp_spectrum_6140871848149268480-Ref",
    "F0352_uJAVA": 16.879539489746094,
    "F0378": 16.706588745117188,
    "F0395": 16.6008358001709,
    "F0410": 15.98282241821289,
    "F0430": 15.86540699005127,
    "F0475_gSDSS": 15.475001335144043,
    "F0515": 15.294227600097656,
    "F0626_rSDSS": 14.922781944274902,
    "F0660": 14.885772705078125,
    "F0769_iSDSS": 14.768527030944824,
    "F0861": 14.742029190063477,
    "F0883_zSDSS": 14.708866119384766
}