{
    "id": "gaia_xp_spectrum_6140876349275029632-Ref",
    "F0352_uJAVA": 16.611236572265625,
    "F0378": 16.308155059814453,
    "F0395": 16.148330688476562,
    "F0410": 15.713769912719727,
    "F0430": 15.596898078918457,
    "F0475_gSDSS": 15.34203815460205,
    "F0515": 15.177473068237305,
    "F0626_rSDSS": 14.924560546875,
    "F0660": 14.895977020263672,
    "F0769_iSDSS": 14.808347702026367,
    "F0861": 14.799635887145996,
    "F0883_zSDSS": 14.778999328613281
}