{
    "id": "gaia_xp_spectrum_6140776499875642752-Ref",
    "F0352_uJAVA": 15.71937370300293,
    "F0378": 15.54443073272705,
    "F0395": 15.516135215759277,
    "F0410": 15.011802673339844,
    "F0430": 14.987485885620117,
    "F0475_gSDSS": 14.61474323272705,
    "F0515": 14.446228981018066,
    "F0626_rSDSS": 14.12668228149414,
    "F0660": 14.077775955200195,
    "F0769_iSDSS": 13.965750694274902,
    "F0861": 13.924442291259766,
    "F0883_zSDSS": 13.907793998718262
}