{
    "id": "gaia_xp_spectrum_6140830788261923072-Ref",
    "F0352_uJAVA": 16.741044998168945,
    "F0378": 16.688217163085938,
    "F0395": 16.467281341552734,
    "F0410": 15.83189582824707,
    "F0430": 15.812007904052734,
    "F0475_gSDSS": 15.345860481262207,
    "F0515": 15.184154510498047,
    "F0626_rSDSS": 14.748448371887207,
    "F0660": 14.681842803955078,
    "F0769_iSDSS": 14.554893493652344,
    "F0861": 14.498887062072754,
    "F0883_zSDSS": 14.468422889709473
}