{
    "id": "gaia_xp_spectrum_6140831063139837056-Ref",
    "F0352_uJAVA": 15.836564064025879,
    "F0378": 15.585049629211426,
    "F0395": 15.535323143005371,
    "F0410": 15.03858757019043,
    "F0430": 14.965862274169922,
    "F0475_gSDSS": 14.613842010498047,
    "F0515": 14.461549758911133,
    "F0626_rSDSS": 14.119425773620605,
    "F0660": 14.076783180236816,
    "F0769_iSDSS": 13.973212242126465,
    "F0861": 13.949607849121094,
    "F0883_zSDSS": 13.918440818786621
}