{
    "id": "gaia_xp_spectrum_6140775743961392256-Ref",
    "F0352_uJAVA": 16.861787796020508,
    "F0378": 16.656200408935547,
    "F0395": 16.584056854248047,
    "F0410": 15.934247016906738,
    "F0430": 15.858963012695312,
    "F0475_gSDSS": 15.351099967956543,
    "F0515": 15.12297534942627,
    "F0626_rSDSS": 14.668168067932129,
    "F0660": 14.581175804138184,
    "F0769_iSDSS": 14.39937686920166,
    "F0861": 14.31686019897461,
    "F0883_zSDSS": 14.270286560058594
}