{
    "id": "gaia_xp_spectrum_6140802918218608640-Ref",
    "F0352_uJAVA": 16.172067642211914,
    "F0378": 15.898863792419434,
    "F0395": 15.788069725036621,
    "F0410": 15.412697792053223,
    "F0430": 15.347204208374023,
    "F0475_gSDSS": 15.053278923034668,
    "F0515": 14.889284133911133,
    "F0626_rSDSS": 14.607831954956055,
    "F0660": 14.567767143249512,
    "F0769_iSDSS": 14.466728210449219,
    "F0861": 14.43282413482666,
    "F0883_zSDSS": 14.417459487915039
}