{
    "id": "gaia_xp_spectrum_6140830788261923840-Ref",
    "F0352_uJAVA": 16.537450790405273,
    "F0378": 16.455995559692383,
    "F0395": 16.424667358398438,
    "F0410": 15.68626880645752,
    "F0430": 15.609249114990234,
    "F0475_gSDSS": 15.142058372497559,
    "F0515": 14.94952392578125,
    "F0626_rSDSS": 14.508747100830078,
    "F0660": 14.432838439941406,
    "F0769_iSDSS": 14.290675163269043,
    "F0861": 14.222086906433105,
    "F0883_zSDSS": 14.182988166809082
}