{
    "id": "gaia_xp_spectrum_6140822198327267584-Ref",
    "F0352_uJAVA": 17.207265853881836,
    "F0378": 16.930971145629883,
    "F0395": 16.84881019592285,
    "F0410": 16.40940284729004,
    "F0430": 16.319334030151367,
    "F0475_gSDSS": 15.9992036819458,
    "F0515": 15.860380172729492,
    "F0626_rSDSS": 15.513964653015137,
    "F0660": 15.477667808532715,
    "F0769_iSDSS": 15.354336738586426,
    "F0861": 15.306894302368164,
    "F0883_zSDSS": 15.292016983032227
}