{
    "id": "gaia_xp_spectrum_6140773201340747008-Ref",
    "F0352_uJAVA": 16.762109756469727,
    "F0378": 16.751218795776367,
    "F0395": 16.537059783935547,
    "F0410": 15.864931106567383,
    "F0430": 15.72851276397705,
    "F0475_gSDSS": 15.258138656616211,
    "F0515": 15.064189910888672,
    "F0626_rSDSS": 14.6170015335083,
    "F0660": 14.548223495483398,
    "F0769_iSDSS": 14.427278518676758,
    "F0861": 14.375218391418457,
    "F0883_zSDSS": 14.350994110107422
}