{
    "id": "gaia_xp_spectrum_6140823091680480256-Ref",
    "F0352_uJAVA": 16.9774112701416,
    "F0378": 16.75876235961914,
    "F0395": 16.649396896362305,
    "F0410": 16.15831184387207,
    "F0430": 16.110790252685547,
    "F0475_gSDSS": 15.728668212890625,
    "F0515": 15.551106452941895,
    "F0626_rSDSS": 15.195771217346191,
    "F0660": 15.13767147064209,
    "F0769_iSDSS": 15.009303092956543,
    "F0861": 14.962955474853516,
    "F0883_zSDSS": 14.93437671661377
}