{
    "id": "gaia_xp_spectrum_6140819655706645504-Ref",
    "F0352_uJAVA": 16.720399856567383,
    "F0378": 16.49439239501953,
    "F0395": 16.366361618041992,
    "F0410": 15.949056625366211,
    "F0430": 15.8602933883667,
    "F0475_gSDSS": 15.601114273071289,
    "F0515": 15.454647064208984,
    "F0626_rSDSS": 15.19174861907959,
    "F0660": 15.157408714294434,
    "F0769_iSDSS": 15.070646286010742,
    "F0861": 15.034741401672363,
    "F0883_zSDSS": 15.022464752197266
}