{
    "id": "gaia_xp_spectrum_6140805533854135040-Ref",
    "F0352_uJAVA": 16.84598731994629,
    "F0378": 16.713380813598633,
    "F0395": 16.644176483154297,
    "F0410": 16.059648513793945,
    "F0430": 16.026981353759766,
    "F0475_gSDSS": 15.669312477111816,
    "F0515": 15.50020980834961,
    "F0626_rSDSS": 15.171980857849121,
    "F0660": 15.133060455322266,
    "F0769_iSDSS": 15.010714530944824,
    "F0861": 14.977828025817871,
    "F0883_zSDSS": 14.95942211151123
}