{
    "id": "gaia_xp_spectrum_6140806392847608704-Ref",
    "F0352_uJAVA": 16.47779083251953,
    "F0378": 16.327972412109375,
    "F0395": 16.218711853027344,
    "F0410": 15.619436264038086,
    "F0430": 15.555187225341797,
    "F0475_gSDSS": 15.140398979187012,
    "F0515": 14.964334487915039,
    "F0626_rSDSS": 14.573195457458496,
    "F0660": 14.5275297164917,
    "F0769_iSDSS": 14.382808685302734,
    "F0861": 14.319750785827637,
    "F0883_zSDSS": 14.296273231506348
}