{
    "id": "gaia_xp_spectrum_6140809038547464448-Ref",
    "F0352_uJAVA": 16.644296646118164,
    "F0378": 15.940808296203613,
    "F0395": 15.278637886047363,
    "F0410": 15.135443687438965,
    "F0430": 15.098122596740723,
    "F0475_gSDSS": 15.077247619628906,
    "F0515": 15.036495208740234,
    "F0626_rSDSS": 15.1002836227417,
    "F0660": 15.21249008178711,
    "F0769_iSDSS": 15.189210891723633,
    "F0861": 15.229700088500977,
    "F0883_zSDSS": 15.208198547363281
}