{
    "id": "gaia_xp_spectrum_6140825359423221120-Ref",
    "F0352_uJAVA": 16.573396682739258,
    "F0378": 16.43585777282715,
    "F0395": 16.387222290039062,
    "F0410": 15.777709007263184,
    "F0430": 15.710628509521484,
    "F0475_gSDSS": 15.283024787902832,
    "F0515": 15.10998821258545,
    "F0626_rSDSS": 14.694062232971191,
    "F0660": 14.631558418273926,
    "F0769_iSDSS": 14.507436752319336,
    "F0861": 14.44066047668457,
    "F0883_zSDSS": 14.420791625976562
}