{
    "id": "gaia_xp_spectrum_6140817834640479616-Ref",
    "F0352_uJAVA": 16.150123596191406,
    "F0378": 15.938641548156738,
    "F0395": 15.910014152526855,
    "F0410": 15.430800437927246,
    "F0430": 15.402503967285156,
    "F0475_gSDSS": 15.04735279083252,
    "F0515": 14.864801406860352,
    "F0626_rSDSS": 14.552544593811035,
    "F0660": 14.50191879272461,
    "F0769_iSDSS": 14.379389762878418,
    "F0861": 14.325651168823242,
    "F0883_zSDSS": 14.30085563659668
}