{
    "id": "gaia_xp_spectrum_6140815704336765568-Ref",
    "F0352_uJAVA": 16.16636848449707,
    "F0378": 15.92056655883789,
    "F0395": 15.84830093383789,
    "F0410": 15.472834587097168,
    "F0430": 15.406089782714844,
    "F0475_gSDSS": 15.11431884765625,
    "F0515": 14.945921897888184,
    "F0626_rSDSS": 14.618659973144531,
    "F0660": 14.567859649658203,
    "F0769_iSDSS": 14.437840461730957,
    "F0861": 14.376774787902832,
    "F0883_zSDSS": 14.353124618530273
}