{
    "id": "gaia_xp_spectrum_6140815463818857600-Ref",
    "F0352_uJAVA": 15.680808067321777,
    "F0378": 15.40755844116211,
    "F0395": 15.279048919677734,
    "F0410": 14.832021713256836,
    "F0430": 14.771051406860352,
    "F0475_gSDSS": 14.490448951721191,
    "F0515": 14.337377548217773,
    "F0626_rSDSS": 14.074514389038086,
    "F0660": 14.051889419555664,
    "F0769_iSDSS": 13.959145545959473,
    "F0861": 13.945541381835938,
    "F0883_zSDSS": 13.925111770629883
}