{
    "id": "gaia_xp_spectrum_6140833537041046912-Ref",
    "F0352_uJAVA": 16.514978408813477,
    "F0378": 16.317943572998047,
    "F0395": 16.21735191345215,
    "F0410": 15.761970520019531,
    "F0430": 15.707269668579102,
    "F0475_gSDSS": 15.381315231323242,
    "F0515": 15.214334487915039,
    "F0626_rSDSS": 14.893759727478027,
    "F0660": 14.860517501831055,
    "F0769_iSDSS": 14.738410949707031,
    "F0861": 14.685375213623047,
    "F0883_zSDSS": 14.678967475891113
}