{
    "id": "gaia_xp_spectrum_6140869511687018752-Ref",
    "F0352_uJAVA": 17.212623596191406,
    "F0378": 16.91681671142578,
    "F0395": 16.83054542541504,
    "F0410": 16.567626953125,
    "F0430": 16.464845657348633,
    "F0475_gSDSS": 16.228784561157227,
    "F0515": 16.06716537475586,
    "F0626_rSDSS": 15.794346809387207,
    "F0660": 15.781634330749512,
    "F0769_iSDSS": 15.637307167053223,
    "F0861": 15.585148811340332,
    "F0883_zSDSS": 15.576234817504883
}