{
    "id": "gaia_xp_spectrum_6140817383666845824-Ref",
    "F0352_uJAVA": 16.445884704589844,
    "F0378": 16.248859405517578,
    "F0395": 16.230430603027344,
    "F0410": 15.7012300491333,
    "F0430": 15.649871826171875,
    "F0475_gSDSS": 15.294462203979492,
    "F0515": 15.112064361572266,
    "F0626_rSDSS": 14.810074806213379,
    "F0660": 14.775181770324707,
    "F0769_iSDSS": 14.657011032104492,
    "F0861": 14.619770050048828,
    "F0883_zSDSS": 14.600826263427734
}