{
    "id": "gaia_xp_spectrum_6140776671674335104-Ref",
    "F0352_uJAVA": 15.696535110473633,
    "F0378": 15.478973388671875,
    "F0395": 15.388487815856934,
    "F0410": 14.925637245178223,
    "F0430": 14.858930587768555,
    "F0475_gSDSS": 14.552459716796875,
    "F0515": 14.402385711669922,
    "F0626_rSDSS": 14.101841926574707,
    "F0660": 14.070033073425293,
    "F0769_iSDSS": 13.966989517211914,
    "F0861": 13.940954208374023,
    "F0883_zSDSS": 13.92305850982666
}