{
    "id": "gaia_xp_spectrum_6140828451799735808-Ref",
    "F0352_uJAVA": 16.006345748901367,
    "F0378": 15.823893547058105,
    "F0395": 15.736340522766113,
    "F0410": 15.260771751403809,
    "F0430": 15.193775177001953,
    "F0475_gSDSS": 14.893712043762207,
    "F0515": 14.740084648132324,
    "F0626_rSDSS": 14.4486665725708,
    "F0660": 14.421977043151855,
    "F0769_iSDSS": 14.319144248962402,
    "F0861": 14.2952241897583,
    "F0883_zSDSS": 14.274786949157715
}