{
    "id": "gaia_xp_spectrum_6140814055069306880-Ref",
    "F0352_uJAVA": 16.09201431274414,
    "F0378": 15.909852027893066,
    "F0395": 15.906601905822754,
    "F0410": 15.38828182220459,
    "F0430": 15.317782402038574,
    "F0475_gSDSS": 14.983967781066895,
    "F0515": 14.803309440612793,
    "F0626_rSDSS": 14.482084274291992,
    "F0660": 14.445104598999023,
    "F0769_iSDSS": 14.311118125915527,
    "F0861": 14.269549369812012,
    "F0883_zSDSS": 14.235766410827637
}