{
    "id": "gaia_xp_spectrum_6140802956873758976-Ref",
    "F0352_uJAVA": 16.407424926757812,
    "F0378": 16.18918228149414,
    "F0395": 16.195066452026367,
    "F0410": 15.63331127166748,
    "F0430": 15.615418434143066,
    "F0475_gSDSS": 15.226529121398926,
    "F0515": 15.041196823120117,
    "F0626_rSDSS": 14.711832046508789,
    "F0660": 14.66981029510498,
    "F0769_iSDSS": 14.552210807800293,
    "F0861": 14.521388053894043,
    "F0883_zSDSS": 14.489531517028809
}