{
    "id": "gaia_xp_spectrum_6140826080977745152-Ref",
    "F0352_uJAVA": 15.87669563293457,
    "F0378": 15.782715797424316,
    "F0395": 15.710498809814453,
    "F0410": 15.12916088104248,
    "F0430": 15.021886825561523,
    "F0475_gSDSS": 14.648300170898438,
    "F0515": 14.467005729675293,
    "F0626_rSDSS": 14.113527297973633,
    "F0660": 14.068595886230469,
    "F0769_iSDSS": 13.966300010681152,
    "F0861": 13.930102348327637,
    "F0883_zSDSS": 13.911173820495605
}