{
    "id": "gaia_xp_spectrum_6140816632049629056-Ref",
    "F0352_uJAVA": 16.194965362548828,
    "F0378": 16.060762405395508,
    "F0395": 15.98011589050293,
    "F0410": 15.370654106140137,
    "F0430": 15.288351058959961,
    "F0475_gSDSS": 14.817715644836426,
    "F0515": 14.613802909851074,
    "F0626_rSDSS": 14.188566207885742,
    "F0660": 14.115386009216309,
    "F0769_iSDSS": 13.96865463256836,
    "F0861": 13.892738342285156,
    "F0883_zSDSS": 13.860665321350098
}