{
    "id": "gaia_xp_spectrum_6140804503061978496-Ref",
    "F0352_uJAVA": 16.595735549926758,
    "F0378": 16.362411499023438,
    "F0395": 16.404300689697266,
    "F0410": 15.783035278320312,
    "F0430": 15.742813110351562,
    "F0475_gSDSS": 15.33159065246582,
    "F0515": 15.151338577270508,
    "F0626_rSDSS": 14.784700393676758,
    "F0660": 14.732057571411133,
    "F0769_iSDSS": 14.596080780029297,
    "F0861": 14.549040794372559,
    "F0883_zSDSS": 14.513618469238281
}