{
    "id": "gaia_xp_spectrum_6140874596928350464-Ref",
    "F0352_uJAVA": 16.30933952331543,
    "F0378": 16.006505966186523,
    "F0395": 15.89182186126709,
    "F0410": 15.473575592041016,
    "F0430": 15.368499755859375,
    "F0475_gSDSS": 15.11571979522705,
    "F0515": 14.964685440063477,
    "F0626_rSDSS": 14.700728416442871,
    "F0660": 14.677497863769531,
    "F0769_iSDSS": 14.576933860778809,
    "F0861": 14.561259269714355,
    "F0883_zSDSS": 14.537461280822754
}