{
    "id": "gaia_xp_spectrum_6140817697201526016-Ref",
    "F0352_uJAVA": 17.092941284179688,
    "F0378": 16.741649627685547,
    "F0395": 16.656383514404297,
    "F0410": 16.27484893798828,
    "F0430": 16.213090896606445,
    "F0475_gSDSS": 15.901153564453125,
    "F0515": 15.738042831420898,
    "F0626_rSDSS": 15.458078384399414,
    "F0660": 15.423090934753418,
    "F0769_iSDSS": 15.323827743530273,
    "F0861": 15.286408424377441,
    "F0883_zSDSS": 15.270793914794922
}