{
    "id": "gaia_xp_spectrum_6140823022961000704-Ref",
    "F0352_uJAVA": 15.957841873168945,
    "F0378": 15.797682762145996,
    "F0395": 15.732059478759766,
    "F0410": 15.158014297485352,
    "F0430": 15.107518196105957,
    "F0475_gSDSS": 14.728363037109375,
    "F0515": 14.537006378173828,
    "F0626_rSDSS": 14.199051856994629,
    "F0660": 14.149504661560059,
    "F0769_iSDSS": 14.039552688598633,
    "F0861": 13.994599342346191,
    "F0883_zSDSS": 13.97099494934082
}