{
    "id": "gaia_xp_spectrum_6140818521835264896-Ref",
    "F0352_uJAVA": 16.037412643432617,
    "F0378": 15.813591957092285,
    "F0395": 15.55673885345459,
    "F0410": 15.232597351074219,
    "F0430": 15.149319648742676,
    "F0475_gSDSS": 14.931929588317871,
    "F0515": 14.797316551208496,
    "F0626_rSDSS": 14.572616577148438,
    "F0660": 14.573614120483398,
    "F0769_iSDSS": 14.468177795410156,
    "F0861": 14.457002639770508,
    "F0883_zSDSS": 14.43847942352295
}