{
    "id": "gaia_xp_spectrum_6140829654390539136-Ref",
    "F0352_uJAVA": 16.025815963745117,
    "F0378": 15.866131782531738,
    "F0395": 15.711810111999512,
    "F0410": 15.227363586425781,
    "F0430": 15.15432071685791,
    "F0475_gSDSS": 14.819403648376465,
    "F0515": 14.645256996154785,
    "F0626_rSDSS": 14.34945011138916,
    "F0660": 14.303777694702148,
    "F0769_iSDSS": 14.219705581665039,
    "F0861": 14.209128379821777,
    "F0883_zSDSS": 14.179181098937988
}