{
    "id": "gaia_xp_spectrum_6140815257660171648-Ref",
    "F0352_uJAVA": 16.71238899230957,
    "F0378": 16.62833023071289,
    "F0395": 16.517797470092773,
    "F0410": 15.883990287780762,
    "F0430": 15.820459365844727,
    "F0475_gSDSS": 15.383708000183105,
    "F0515": 15.195708274841309,
    "F0626_rSDSS": 14.787976264953613,
    "F0660": 14.7212553024292,
    "F0769_iSDSS": 14.591814994812012,
    "F0861": 14.537248611450195,
    "F0883_zSDSS": 14.505657196044922
}