{
    "id": "gaia_xp_spectrum_6140831200578801280-Ref",
    "F0352_uJAVA": 15.541831016540527,
    "F0378": 15.15428638458252,
    "F0395": 14.500340461730957,
    "F0410": 14.272355079650879,
    "F0430": 14.235941886901855,
    "F0475_gSDSS": 14.194013595581055,
    "F0515": 14.158886909484863,
    "F0626_rSDSS": 14.244728088378906,
    "F0660": 14.354068756103516,
    "F0769_iSDSS": 14.386052131652832,
    "F0861": 14.476962089538574,
    "F0883_zSDSS": 14.458645820617676
}