{
    "id": "gaia_xp_spectrum_6140829620030794880-Ref",
    "F0352_uJAVA": 16.559520721435547,
    "F0378": 16.49469757080078,
    "F0395": 16.354459762573242,
    "F0410": 15.786028861999512,
    "F0430": 15.720585823059082,
    "F0475_gSDSS": 15.291367530822754,
    "F0515": 15.10487174987793,
    "F0626_rSDSS": 14.70817756652832,
    "F0660": 14.649352073669434,
    "F0769_iSDSS": 14.513289451599121,
    "F0861": 14.458329200744629,
    "F0883_zSDSS": 14.426457405090332
}