{
    "id": "gaia_xp_spectrum_6140832162651486464-Ref",
    "F0352_uJAVA": 16.825721740722656,
    "F0378": 16.63825798034668,
    "F0395": 16.653562545776367,
    "F0410": 16.178831100463867,
    "F0430": 16.13558578491211,
    "F0475_gSDSS": 15.798266410827637,
    "F0515": 15.632314682006836,
    "F0626_rSDSS": 15.313518524169922,
    "F0660": 15.265362739562988,
    "F0769_iSDSS": 15.16523265838623,
    "F0861": 15.131975173950195,
    "F0883_zSDSS": 15.096261978149414
}