{
    "id": "gaia_xp_spectrum_6140818865432645504-Ref",
    "F0352_uJAVA": 16.280620574951172,
    "F0378": 16.234243392944336,
    "F0395": 16.07384490966797,
    "F0410": 15.365182876586914,
    "F0430": 15.282489776611328,
    "F0475_gSDSS": 14.748785018920898,
    "F0515": 14.551395416259766,
    "F0626_rSDSS": 14.053881645202637,
    "F0660": 13.973033905029297,
    "F0769_iSDSS": 13.821723937988281,
    "F0861": 13.750334739685059,
    "F0883_zSDSS": 13.712319374084473
}