{
    "id": "gaia_xp_spectrum_6140779111215773824-Ref",
    "F0352_uJAVA": 16.186203002929688,
    "F0378": 16.06354522705078,
    "F0395": 15.966866493225098,
    "F0410": 15.444127082824707,
    "F0430": 15.392074584960938,
    "F0475_gSDSS": 15.021039009094238,
    "F0515": 14.835592269897461,
    "F0626_rSDSS": 14.526336669921875,
    "F0660": 14.478981018066406,
    "F0769_iSDSS": 14.383063316345215,
    "F0861": 14.351832389831543,
    "F0883_zSDSS": 14.331289291381836
}