{
    "id": "gaia_xp_spectrum_6140869614766236160-Ref",
    "F0352_uJAVA": 16.573471069335938,
    "F0378": 16.38833999633789,
    "F0395": 16.344017028808594,
    "F0410": 15.768264770507812,
    "F0430": 15.68837833404541,
    "F0475_gSDSS": 15.336954116821289,
    "F0515": 15.163527488708496,
    "F0626_rSDSS": 14.84157657623291,
    "F0660": 14.808566093444824,
    "F0769_iSDSS": 14.686968803405762,
    "F0861": 14.659671783447266,
    "F0883_zSDSS": 14.633923530578613
}