{
    "id": "gaia_xp_spectrum_6140819827505326592-Ref",
    "F0352_uJAVA": 16.399282455444336,
    "F0378": 16.394065856933594,
    "F0395": 16.196733474731445,
    "F0410": 15.46714973449707,
    "F0430": 15.381977081298828,
    "F0475_gSDSS": 14.77466106414795,
    "F0515": 14.544617652893066,
    "F0626_rSDSS": 14.003724098205566,
    "F0660": 13.906669616699219,
    "F0769_iSDSS": 13.71515941619873,
    "F0861": 13.612078666687012,
    "F0883_zSDSS": 13.5685453414917
}