{
    "id": "gaia_xp_spectrum_6140831234936580224-Ref",
    "F0352_uJAVA": 16.824790954589844,
    "F0378": 16.77506446838379,
    "F0395": 16.6370792388916,
    "F0410": 15.930379867553711,
    "F0430": 15.796446800231934,
    "F0475_gSDSS": 15.317754745483398,
    "F0515": 15.13408374786377,
    "F0626_rSDSS": 14.681805610656738,
    "F0660": 14.620903015136719,
    "F0769_iSDSS": 14.488138198852539,
    "F0861": 14.431049346923828,
    "F0883_zSDSS": 14.396224975585938
}