{
    "id": "gaia_xp_spectrum_6140807595438469888-Ref",
    "F0352_uJAVA": 17.223411560058594,
    "F0378": 17.02792739868164,
    "F0395": 16.871665954589844,
    "F0410": 16.410411834716797,
    "F0430": 16.326852798461914,
    "F0475_gSDSS": 16.00948715209961,
    "F0515": 15.847722053527832,
    "F0626_rSDSS": 15.528682708740234,
    "F0660": 15.484946250915527,
    "F0769_iSDSS": 15.379217147827148,
    "F0861": 15.34862995147705,
    "F0883_zSDSS": 15.324707984924316
}