{
    "id": "gaia_xp_spectrum_6140851713342840832-Ref",
    "F0352_uJAVA": 17.01378059387207,
    "F0378": 16.907649993896484,
    "F0395": 16.76026153564453,
    "F0410": 16.15739631652832,
    "F0430": 16.071460723876953,
    "F0475_gSDSS": 15.654350280761719,
    "F0515": 15.443385124206543,
    "F0626_rSDSS": 15.09338665008545,
    "F0660": 15.032549858093262,
    "F0769_iSDSS": 14.923592567443848,
    "F0861": 14.88117504119873,
    "F0883_zSDSS": 14.850834846496582
}