{
    "id": "gaia_xp_spectrum_6140829138994505344-Ref",
    "F0352_uJAVA": 16.062030792236328,
    "F0378": 16.00484275817871,
    "F0395": 15.91665267944336,
    "F0410": 15.246304512023926,
    "F0430": 15.212697982788086,
    "F0475_gSDSS": 14.74917984008789,
    "F0515": 14.576266288757324,
    "F0626_rSDSS": 14.171391487121582,
    "F0660": 14.10228157043457,
    "F0769_iSDSS": 13.992753982543945,
    "F0861": 13.95134449005127,
    "F0883_zSDSS": 13.917540550231934
}