{
    "id": "gaia_xp_spectrum_6140779764050788992-Ref",
    "F0352_uJAVA": 16.24624252319336,
    "F0378": 16.06450843811035,
    "F0395": 15.93598747253418,
    "F0410": 15.477670669555664,
    "F0430": 15.40281867980957,
    "F0475_gSDSS": 15.08784294128418,
    "F0515": 14.927291870117188,
    "F0626_rSDSS": 14.616586685180664,
    "F0660": 14.573485374450684,
    "F0769_iSDSS": 14.473068237304688,
    "F0861": 14.43712043762207,
    "F0883_zSDSS": 14.418112754821777
}