{
    "id": "gaia_xp_spectrum_6140774335212118272-Ref",
    "F0352_uJAVA": 16.136951446533203,
    "F0378": 16.086734771728516,
    "F0395": 15.955543518066406,
    "F0410": 15.273584365844727,
    "F0430": 15.188055992126465,
    "F0475_gSDSS": 14.766524314880371,
    "F0515": 14.589279174804688,
    "F0626_rSDSS": 14.21430778503418,
    "F0660": 14.167948722839355,
    "F0769_iSDSS": 14.054262161254883,
    "F0861": 14.027804374694824,
    "F0883_zSDSS": 13.996234893798828
}