{
    "id": "gaia_xp_spectrum_6140813505313478400-Ref",
    "F0352_uJAVA": 16.44241714477539,
    "F0378": 16.34882354736328,
    "F0395": 16.239341735839844,
    "F0410": 15.613072395324707,
    "F0430": 15.556828498840332,
    "F0475_gSDSS": 15.13249683380127,
    "F0515": 14.938054084777832,
    "F0626_rSDSS": 14.580194473266602,
    "F0660": 14.534223556518555,
    "F0769_iSDSS": 14.420783042907715,
    "F0861": 14.384748458862305,
    "F0883_zSDSS": 14.357016563415527
}