{
    "id": "gaia_xp_spectrum_6140871951228484992-Ref",
    "F0352_uJAVA": 15.992324829101562,
    "F0378": 15.760205268859863,
    "F0395": 15.71642017364502,
    "F0410": 15.28396987915039,
    "F0430": 15.225912094116211,
    "F0475_gSDSS": 14.911911964416504,
    "F0515": 14.757002830505371,
    "F0626_rSDSS": 14.445388793945312,
    "F0660": 14.400749206542969,
    "F0769_iSDSS": 14.296335220336914,
    "F0861": 14.261726379394531,
    "F0883_zSDSS": 14.239677429199219
}