{
    "id": "gaia_xp_spectrum_6140824569149259776-Ref",
    "F0352_uJAVA": 16.90289878845215,
    "F0378": 16.83940887451172,
    "F0395": 16.70529556274414,
    "F0410": 15.961727142333984,
    "F0430": 15.872261047363281,
    "F0475_gSDSS": 15.341596603393555,
    "F0515": 15.150568962097168,
    "F0626_rSDSS": 14.663167953491211,
    "F0660": 14.595513343811035,
    "F0769_iSDSS": 14.461410522460938,
    "F0861": 14.392672538757324,
    "F0883_zSDSS": 14.365555763244629
}