{
    "id": "gaia_xp_spectrum_6140872294825874944-Ref",
    "F0352_uJAVA": 17.0438232421875,
    "F0378": 16.887056350708008,
    "F0395": 16.808059692382812,
    "F0410": 16.231060028076172,
    "F0430": 16.166669845581055,
    "F0475_gSDSS": 15.797383308410645,
    "F0515": 15.635794639587402,
    "F0626_rSDSS": 15.277981758117676,
    "F0660": 15.228479385375977,
    "F0769_iSDSS": 15.11546802520752,
    "F0861": 15.079712867736816,
    "F0883_zSDSS": 15.058218955993652
}