{
    "id": "gaia_xp_spectrum_6140815669977021056-Ref",
    "F0352_uJAVA": 15.540426254272461,
    "F0378": 15.317459106445312,
    "F0395": 15.052470207214355,
    "F0410": 14.88414192199707,
    "F0430": 14.814350128173828,
    "F0475_gSDSS": 14.62888240814209,
    "F0515": 14.491084098815918,
    "F0626_rSDSS": 14.297696113586426,
    "F0660": 14.276182174682617,
    "F0769_iSDSS": 14.198213577270508,
    "F0861": 14.177515029907227,
    "F0883_zSDSS": 14.165666580200195
}