{
    "id": "gaia_xp_spectrum_6140806805164461696-Ref",
    "F0352_uJAVA": 15.949989318847656,
    "F0378": 15.957405090332031,
    "F0395": 15.82949447631836,
    "F0410": 15.14781665802002,
    "F0430": 15.073756217956543,
    "F0475_gSDSS": 14.598100662231445,
    "F0515": 14.434257507324219,
    "F0626_rSDSS": 13.989069938659668,
    "F0660": 13.913484573364258,
    "F0769_iSDSS": 13.79277229309082,
    "F0861": 13.73397159576416,
    "F0883_zSDSS": 13.708343505859375
}