{
    "id": "gaia_xp_spectrum_6140726300297868544-Ref",
    "F0352_uJAVA": 15.906757354736328,
    "F0378": 15.725181579589844,
    "F0395": 15.638202667236328,
    "F0410": 15.11875057220459,
    "F0430": 15.038370132446289,
    "F0475_gSDSS": 14.712379455566406,
    "F0515": 14.551215171813965,
    "F0626_rSDSS": 14.252693176269531,
    "F0660": 14.220958709716797,
    "F0769_iSDSS": 14.121253967285156,
    "F0861": 14.099783897399902,
    "F0883_zSDSS": 14.08213996887207
}