{
    "id": "gaia_xp_spectrum_6140870886076576640-Ref",
    "F0352_uJAVA": 16.806684494018555,
    "F0378": 16.81932258605957,
    "F0395": 16.969715118408203,
    "F0410": 16.08448600769043,
    "F0430": 15.984792709350586,
    "F0475_gSDSS": 15.400623321533203,
    "F0515": 15.155503273010254,
    "F0626_rSDSS": 14.600997924804688,
    "F0660": 14.493003845214844,
    "F0769_iSDSS": 14.27651596069336,
    "F0861": 14.155961990356445,
    "F0883_zSDSS": 14.10190200805664
}