{
    "id": "gaia_xp_spectrum_6140826905611474816-Ref",
    "F0352_uJAVA": 16.670513153076172,
    "F0378": 16.435489654541016,
    "F0395": 16.34065818786621,
    "F0410": 15.865674018859863,
    "F0430": 15.767308235168457,
    "F0475_gSDSS": 15.411794662475586,
    "F0515": 15.231502532958984,
    "F0626_rSDSS": 14.894997596740723,
    "F0660": 14.846826553344727,
    "F0769_iSDSS": 14.734234809875488,
    "F0861": 14.687753677368164,
    "F0883_zSDSS": 14.670063972473145
}