{
    "id": "gaia_xp_spectrum_6140813299155042944-Ref",
    "F0352_uJAVA": 16.266260147094727,
    "F0378": 16.248546600341797,
    "F0395": 16.154708862304688,
    "F0410": 15.428607940673828,
    "F0430": 15.374449729919434,
    "F0475_gSDSS": 14.894725799560547,
    "F0515": 14.721114158630371,
    "F0626_rSDSS": 14.292726516723633,
    "F0660": 14.222103118896484,
    "F0769_iSDSS": 14.11512565612793,
    "F0861": 14.067337036132812,
    "F0883_zSDSS": 14.040472984313965
}