{
    "id": "gaia_xp_spectrum_6112782551577794176-Ref",
    "F0352_uJAVA": 16.328140258789062,
    "F0378": 16.132627487182617,
    "F0395": 16.127105712890625,
    "F0410": 15.421807289123535,
    "F0430": 15.348099708557129,
    "F0475_gSDSS": 14.840226173400879,
    "F0515": 14.61159896850586,
    "F0626_rSDSS": 14.17155933380127,
    "F0660": 14.083757400512695,
    "F0769_iSDSS": 13.913440704345703,
    "F0861": 13.825472831726074,
    "F0883_zSDSS": 13.789631843566895
}