{
    "id": "gaia_xp_spectrum_6112944630761945088-Ref",
    "F0352_uJAVA": 16.394332885742188,
    "F0378": 16.16252899169922,
    "F0395": 16.098169326782227,
    "F0410": 15.629958152770996,
    "F0430": 15.537923812866211,
    "F0475_gSDSS": 15.224946975708008,
    "F0515": 15.056078910827637,
    "F0626_rSDSS": 14.777040481567383,
    "F0660": 14.736810684204102,
    "F0769_iSDSS": 14.643301010131836,
    "F0861": 14.621435165405273,
    "F0883_zSDSS": 14.597322463989258
}