{
    "id": "gaia_xp_spectrum_6112757919948397952-Ref",
    "F0352_uJAVA": 16.518346786499023,
    "F0378": 16.45945930480957,
    "F0395": 16.268827438354492,
    "F0410": 15.669515609741211,
    "F0430": 15.588957786560059,
    "F0475_gSDSS": 15.170321464538574,
    "F0515": 14.996370315551758,
    "F0626_rSDSS": 14.63235855102539,
    "F0660": 14.578152656555176,
    "F0769_iSDSS": 14.486763954162598,
    "F0861": 14.464689254760742,
    "F0883_zSDSS": 14.439550399780273
}