{
    "id": "gaia_xp_spectrum_6112737956940394624-Ref",
    "F0352_uJAVA": 15.640298843383789,
    "F0378": 15.474822998046875,
    "F0395": 15.426939964294434,
    "F0410": 14.961712837219238,
    "F0430": 14.912864685058594,
    "F0475_gSDSS": 14.6007719039917,
    "F0515": 14.452378273010254,
    "F0626_rSDSS": 14.160163879394531,
    "F0660": 14.120858192443848,
    "F0769_iSDSS": 14.025425910949707,
    "F0861": 14.004899024963379,
    "F0883_zSDSS": 13.98330307006836
}