{
    "id": "gaia_xp_spectrum_6112944871280118784-Ref",
    "F0352_uJAVA": 16.389768600463867,
    "F0378": 16.20162582397461,
    "F0395": 16.184267044067383,
    "F0410": 15.605090141296387,
    "F0430": 15.565804481506348,
    "F0475_gSDSS": 15.188751220703125,
    "F0515": 15.014396667480469,
    "F0626_rSDSS": 14.715571403503418,
    "F0660": 14.681714057922363,
    "F0769_iSDSS": 14.575393676757812,
    "F0861": 14.550148010253906,
    "F0883_zSDSS": 14.528580665588379
}