{
    "id": "gaia_xp_spectrum_6112772316678907904-Ref",
    "F0352_uJAVA": 16.70653533935547,
    "F0378": 16.706336975097656,
    "F0395": 16.445310592651367,
    "F0410": 15.803009986877441,
    "F0430": 15.709883689880371,
    "F0475_gSDSS": 15.272034645080566,
    "F0515": 15.091129302978516,
    "F0626_rSDSS": 14.68575382232666,
    "F0660": 14.62777328491211,
    "F0769_iSDSS": 14.523798942565918,
    "F0861": 14.48330020904541,
    "F0883_zSDSS": 14.462674140930176
}