{
    "id": "gaia_xp_spectrum_6112757370192553856-Ref",
    "F0352_uJAVA": 16.64867401123047,
    "F0378": 16.5074520111084,
    "F0395": 16.424970626831055,
    "F0410": 15.85777759552002,
    "F0430": 15.814577102661133,
    "F0475_gSDSS": 15.447591781616211,
    "F0515": 15.280717849731445,
    "F0626_rSDSS": 14.964469909667969,
    "F0660": 14.932486534118652,
    "F0769_iSDSS": 14.810784339904785,
    "F0861": 14.783609390258789,
    "F0883_zSDSS": 14.758071899414062
}