{
    "id": "gaia_xp_spectrum_6112769086863491200-Ref",
    "F0352_uJAVA": 16.427738189697266,
    "F0378": 16.119720458984375,
    "F0395": 16.038185119628906,
    "F0410": 15.65426254272461,
    "F0430": 15.567374229431152,
    "F0475_gSDSS": 15.350417137145996,
    "F0515": 15.216469764709473,
    "F0626_rSDSS": 14.999873161315918,
    "F0660": 14.974157333374023,
    "F0769_iSDSS": 14.901177406311035,
    "F0861": 14.900906562805176,
    "F0883_zSDSS": 14.883888244628906
}