{
    "id": "gaia_xp_spectrum_6112968094165316224-Ref",
    "F0352_uJAVA": 16.395156860351562,
    "F0378": 16.354328155517578,
    "F0395": 16.279691696166992,
    "F0410": 15.558606147766113,
    "F0430": 15.478843688964844,
    "F0475_gSDSS": 14.99400520324707,
    "F0515": 14.833330154418945,
    "F0626_rSDSS": 14.381725311279297,
    "F0660": 14.311830520629883,
    "F0769_iSDSS": 14.193557739257812,
    "F0861": 14.144176483154297,
    "F0883_zSDSS": 14.11557388305664
}