{
    "id": "gaia_xp_spectrum_6112771698203621504-Ref",
    "F0352_uJAVA": 16.426998138427734,
    "F0378": 16.29276466369629,
    "F0395": 16.234352111816406,
    "F0410": 15.495685577392578,
    "F0430": 15.39273738861084,
    "F0475_gSDSS": 14.943096160888672,
    "F0515": 14.755990982055664,
    "F0626_rSDSS": 14.355655670166016,
    "F0660": 14.296116828918457,
    "F0769_iSDSS": 14.187569618225098,
    "F0861": 14.149043083190918,
    "F0883_zSDSS": 14.12441635131836
}