{
    "id": "gaia_xp_spectrum_6112759534856129536-Ref",
    "F0352_uJAVA": 16.328039169311523,
    "F0378": 15.963470458984375,
    "F0395": 15.908446311950684,
    "F0410": 15.442896842956543,
    "F0430": 15.357461929321289,
    "F0475_gSDSS": 15.014122009277344,
    "F0515": 14.821572303771973,
    "F0626_rSDSS": 14.458922386169434,
    "F0660": 14.394343376159668,
    "F0769_iSDSS": 14.243285179138184,
    "F0861": 14.168293952941895,
    "F0883_zSDSS": 14.143927574157715
}