{
    "id": "gaia_xp_spectrum_6112787812920942720-Ref",
    "F0352_uJAVA": 15.589095115661621,
    "F0378": 15.348466873168945,
    "F0395": 15.260186195373535,
    "F0410": 14.814788818359375,
    "F0430": 14.734930038452148,
    "F0475_gSDSS": 14.48622989654541,
    "F0515": 14.338850975036621,
    "F0626_rSDSS": 14.113826751708984,
    "F0660": 14.098804473876953,
    "F0769_iSDSS": 14.014820098876953,
    "F0861": 14.004180908203125,
    "F0883_zSDSS": 13.987129211425781
}