{
    "id": "gaia_xp_spectrum_6112721636064798208-Ref",
    "F0352_uJAVA": 16.254901885986328,
    "F0378": 15.594423294067383,
    "F0395": 15.027085304260254,
    "F0410": 14.882704734802246,
    "F0430": 14.850934028625488,
    "F0475_gSDSS": 14.773640632629395,
    "F0515": 14.728124618530273,
    "F0626_rSDSS": 14.711638450622559,
    "F0660": 14.753990173339844,
    "F0769_iSDSS": 14.749298095703125,
    "F0861": 14.769472122192383,
    "F0883_zSDSS": 14.757009506225586
}