{
    "id": "gaia_xp_spectrum_6112788500115721856-Ref",
    "F0352_uJAVA": 16.639822006225586,
    "F0378": 16.583642959594727,
    "F0395": 16.56601905822754,
    "F0410": 15.710038185119629,
    "F0430": 15.621299743652344,
    "F0475_gSDSS": 15.094791412353516,
    "F0515": 14.910727500915527,
    "F0626_rSDSS": 14.38051986694336,
    "F0660": 14.287590980529785,
    "F0769_iSDSS": 14.119958877563477,
    "F0861": 14.02564525604248,
    "F0883_zSDSS": 13.98791790008545
}