{
    "id": "gaia_xp_spectrum_6112751460317870976-Ref",
    "F0352_uJAVA": 16.074390411376953,
    "F0378": 15.901284217834473,
    "F0395": 15.868998527526855,
    "F0410": 15.28460693359375,
    "F0430": 15.247196197509766,
    "F0475_gSDSS": 14.863009452819824,
    "F0515": 14.686905860900879,
    "F0626_rSDSS": 14.347734451293945,
    "F0660": 14.290118217468262,
    "F0769_iSDSS": 14.178897857666016,
    "F0861": 14.14113712310791,
    "F0883_zSDSS": 14.11495304107666
}