{
    "id": "gaia_xp_spectrum_6112769877137490688-Ref",
    "F0352_uJAVA": 15.933317184448242,
    "F0378": 16.034503936767578,
    "F0395": 15.815340995788574,
    "F0410": 15.129886627197266,
    "F0430": 15.078567504882812,
    "F0475_gSDSS": 14.613227844238281,
    "F0515": 14.445657730102539,
    "F0626_rSDSS": 14.038788795471191,
    "F0660": 13.97430419921875,
    "F0769_iSDSS": 13.868602752685547,
    "F0861": 13.8303804397583,
    "F0883_zSDSS": 13.805749893188477
}