{
    "id": "gaia_xp_spectrum_6112786674747536896-Ref",
    "F0352_uJAVA": 16.829687118530273,
    "F0378": 16.48748016357422,
    "F0395": 16.38949966430664,
    "F0410": 16.007251739501953,
    "F0430": 15.93563175201416,
    "F0475_gSDSS": 15.730149269104004,
    "F0515": 15.60716724395752,
    "F0626_rSDSS": 15.41191577911377,
    "F0660": 15.39408016204834,
    "F0769_iSDSS": 15.335127830505371,
    "F0861": 15.343281745910645,
    "F0883_zSDSS": 15.329532623291016
}