{
    "id": "gaia_xp_spectrum_6112720845790789504-Ref",
    "F0352_uJAVA": 16.570171356201172,
    "F0378": 16.347976684570312,
    "F0395": 16.18465805053711,
    "F0410": 15.682929992675781,
    "F0430": 15.580852508544922,
    "F0475_gSDSS": 15.181609153747559,
    "F0515": 14.988466262817383,
    "F0626_rSDSS": 14.566980361938477,
    "F0660": 14.489496231079102,
    "F0769_iSDSS": 14.323163032531738,
    "F0861": 14.241528511047363,
    "F0883_zSDSS": 14.210393905639648
}