{
    "id": "gaia_xp_spectrum_6112766441163605376-Ref",
    "F0352_uJAVA": 16.558427810668945,
    "F0378": 16.46282958984375,
    "F0395": 16.332326889038086,
    "F0410": 15.712442398071289,
    "F0430": 15.660770416259766,
    "F0475_gSDSS": 15.248510360717773,
    "F0515": 15.074371337890625,
    "F0626_rSDSS": 14.707640647888184,
    "F0660": 14.655319213867188,
    "F0769_iSDSS": 14.553105354309082,
    "F0861": 14.513310432434082,
    "F0883_zSDSS": 14.496927261352539
}