{
    "id": "gaia_xp_spectrum_6112761321562495616-Ref",
    "F0352_uJAVA": 16.649307250976562,
    "F0378": 16.442781448364258,
    "F0395": 16.433019638061523,
    "F0410": 15.852592468261719,
    "F0430": 15.81864070892334,
    "F0475_gSDSS": 15.458152770996094,
    "F0515": 15.29778003692627,
    "F0626_rSDSS": 14.98064136505127,
    "F0660": 14.924872398376465,
    "F0769_iSDSS": 14.832704544067383,
    "F0861": 14.802472114562988,
    "F0883_zSDSS": 14.77657413482666
}