{
    "id": "gaia_xp_spectrum_6112783036917310976-Ref",
    "F0352_uJAVA": 16.69993019104004,
    "F0378": 16.58174705505371,
    "F0395": 16.356128692626953,
    "F0410": 15.889585494995117,
    "F0430": 15.824579238891602,
    "F0475_gSDSS": 15.502891540527344,
    "F0515": 15.334552764892578,
    "F0626_rSDSS": 15.045783042907715,
    "F0660": 15.004385948181152,
    "F0769_iSDSS": 14.908930778503418,
    "F0861": 14.87214183807373,
    "F0883_zSDSS": 14.86159610748291
}