{
    "id": "gaia_xp_spectrum_6112779257346243968-Ref",
    "F0352_uJAVA": 16.77300262451172,
    "F0378": 16.535228729248047,
    "F0395": 16.50654411315918,
    "F0410": 15.978837966918945,
    "F0430": 15.944280624389648,
    "F0475_gSDSS": 15.593612670898438,
    "F0515": 15.431132316589355,
    "F0626_rSDSS": 15.116207122802734,
    "F0660": 15.07351303100586,
    "F0769_iSDSS": 14.973519325256348,
    "F0861": 14.945220947265625,
    "F0883_zSDSS": 14.92711067199707
}