{
    "id": "gaia_xp_spectrum_6112779463504689536-Ref",
    "F0352_uJAVA": 16.615331649780273,
    "F0378": 16.501605987548828,
    "F0395": 16.319377899169922,
    "F0410": 15.90458869934082,
    "F0430": 15.839198112487793,
    "F0475_gSDSS": 15.56076431274414,
    "F0515": 15.428722381591797,
    "F0626_rSDSS": 15.151973724365234,
    "F0660": 15.124972343444824,
    "F0769_iSDSS": 15.037734031677246,
    "F0861": 15.026055335998535,
    "F0883_zSDSS": 15.00744915008545
}