{
    "id": "gaia_xp_spectrum_6112776302408536960-Ref",
    "F0352_uJAVA": 16.699243545532227,
    "F0378": 16.470600128173828,
    "F0395": 16.435049057006836,
    "F0410": 15.926423072814941,
    "F0430": 15.862296104431152,
    "F0475_gSDSS": 15.524674415588379,
    "F0515": 15.36886978149414,
    "F0626_rSDSS": 15.066192626953125,
    "F0660": 15.028949737548828,
    "F0769_iSDSS": 14.939987182617188,
    "F0861": 14.924985885620117,
    "F0883_zSDSS": 14.895346641540527
}