{
    "id": "gaia_xp_spectrum_6112771629484228608-Ref",
    "F0352_uJAVA": 16.540529251098633,
    "F0378": 16.218029022216797,
    "F0395": 16.0869083404541,
    "F0410": 15.688969612121582,
    "F0430": 15.587220191955566,
    "F0475_gSDSS": 15.286194801330566,
    "F0515": 15.098565101623535,
    "F0626_rSDSS": 14.75613021850586,
    "F0660": 14.68045425415039,
    "F0769_iSDSS": 14.55227279663086,
    "F0861": 14.495224952697754,
    "F0883_zSDSS": 14.469229698181152
}