{
    "id": "gaia_xp_spectrum_6112783552313362304-Ref",
    "F0352_uJAVA": 16.328821182250977,
    "F0378": 16.406410217285156,
    "F0395": 16.369937896728516,
    "F0410": 15.617562294006348,
    "F0430": 15.510549545288086,
    "F0475_gSDSS": 14.977526664733887,
    "F0515": 14.78087043762207,
    "F0626_rSDSS": 14.290522575378418,
    "F0660": 14.20088005065918,
    "F0769_iSDSS": 14.06274700164795,
    "F0861": 13.9939603805542,
    "F0883_zSDSS": 13.941208839416504
}