{
    "id": "gaia_xp_spectrum_6112786129293771648-Ref",
    "F0352_uJAVA": 16.58653450012207,
    "F0378": 16.53861427307129,
    "F0395": 16.441822052001953,
    "F0410": 15.59017276763916,
    "F0430": 15.458372116088867,
    "F0475_gSDSS": 14.80578327178955,
    "F0515": 14.584389686584473,
    "F0626_rSDSS": 13.985677719116211,
    "F0660": 13.87502670288086,
    "F0769_iSDSS": 13.681573867797852,
    "F0861": 13.564599990844727,
    "F0883_zSDSS": 13.524103164672852
}