{
    "id": "gaia_xp_spectrum_6112781903045930496-Ref",
    "F0352_uJAVA": 15.797042846679688,
    "F0378": 15.519806861877441,
    "F0395": 15.359012603759766,
    "F0410": 14.994016647338867,
    "F0430": 14.907326698303223,
    "F0475_gSDSS": 14.685355186462402,
    "F0515": 14.546652793884277,
    "F0626_rSDSS": 14.331254005432129,
    "F0660": 14.301912307739258,
    "F0769_iSDSS": 14.228362083435059,
    "F0861": 14.217754364013672,
    "F0883_zSDSS": 14.200037956237793
}