{
    "id": "gaia_xp_spectrum_6112781078412192000-Ref",
    "F0352_uJAVA": 16.633359909057617,
    "F0378": 16.382837295532227,
    "F0395": 16.315813064575195,
    "F0410": 15.893708229064941,
    "F0430": 15.810441970825195,
    "F0475_gSDSS": 15.539185523986816,
    "F0515": 15.383138656616211,
    "F0626_rSDSS": 15.1425142288208,
    "F0660": 15.121631622314453,
    "F0769_iSDSS": 15.022781372070312,
    "F0861": 15.009654998779297,
    "F0883_zSDSS": 14.990230560302734
}