{
    "id": "gaia_xp_spectrum_6112761802598870656-Ref",
    "F0352_uJAVA": 16.10117530822754,
    "F0378": 15.967971801757812,
    "F0395": 15.847926139831543,
    "F0410": 15.3041353225708,
    "F0430": 15.224327087402344,
    "F0475_gSDSS": 14.907207489013672,
    "F0515": 14.734747886657715,
    "F0626_rSDSS": 14.464434623718262,
    "F0660": 14.422086715698242,
    "F0769_iSDSS": 14.342510223388672,
    "F0861": 14.32456111907959,
    "F0883_zSDSS": 14.310650825500488
}