{
    "id": "gaia_xp_spectrum_6112721532985576576-Ref",
    "F0352_uJAVA": 16.365243911743164,
    "F0378": 16.26154136657715,
    "F0395": 16.107791900634766,
    "F0410": 15.437211990356445,
    "F0430": 15.306673049926758,
    "F0475_gSDSS": 14.901413917541504,
    "F0515": 14.729927062988281,
    "F0626_rSDSS": 14.34738540649414,
    "F0660": 14.291961669921875,
    "F0769_iSDSS": 14.20625114440918,
    "F0861": 14.185178756713867,
    "F0883_zSDSS": 14.157742500305176
}