{
    "id": "gaia_xp_spectrum_6112772832074993024-Ref",
    "F0352_uJAVA": 16.704465866088867,
    "F0378": 16.52398109436035,
    "F0395": 16.4096622467041,
    "F0410": 15.789079666137695,
    "F0430": 15.739992141723633,
    "F0475_gSDSS": 15.32960033416748,
    "F0515": 15.130166053771973,
    "F0626_rSDSS": 14.768343925476074,
    "F0660": 14.712189674377441,
    "F0769_iSDSS": 14.588563919067383,
    "F0861": 14.543867111206055,
    "F0883_zSDSS": 14.516504287719727
}