{
    "id": "gaia_xp_spectrum_6112769121223227392-Ref",
    "F0352_uJAVA": 16.04869270324707,
    "F0378": 15.876105308532715,
    "F0395": 15.738320350646973,
    "F0410": 15.205024719238281,
    "F0430": 15.122773170471191,
    "F0475_gSDSS": 14.787626266479492,
    "F0515": 14.613555908203125,
    "F0626_rSDSS": 14.313950538635254,
    "F0660": 14.267632484436035,
    "F0769_iSDSS": 14.178121566772461,
    "F0861": 14.154153823852539,
    "F0883_zSDSS": 14.134339332580566
}