{
    "id": "gaia_xp_spectrum_6112758916380832512-Ref",
    "F0352_uJAVA": 15.979066848754883,
    "F0378": 15.905380249023438,
    "F0395": 15.727777481079102,
    "F0410": 15.100714683532715,
    "F0430": 15.046456336975098,
    "F0475_gSDSS": 14.649653434753418,
    "F0515": 14.469287872314453,
    "F0626_rSDSS": 14.149114608764648,
    "F0660": 14.10734748840332,
    "F0769_iSDSS": 14.016685485839844,
    "F0861": 13.9935941696167,
    "F0883_zSDSS": 13.972643852233887
}