{
    "id": "gaia_xp_spectrum_6112787916000164224-Ref",
    "F0352_uJAVA": 16.201156616210938,
    "F0378": 16.10803985595703,
    "F0395": 15.989771842956543,
    "F0410": 15.319636344909668,
    "F0430": 15.2477445602417,
    "F0475_gSDSS": 14.837456703186035,
    "F0515": 14.651263236999512,
    "F0626_rSDSS": 14.295601844787598,
    "F0660": 14.238479614257812,
    "F0769_iSDSS": 14.140259742736816,
    "F0861": 14.118829727172852,
    "F0883_zSDSS": 14.085792541503906
}