{
    "id": "gaia_xp_spectrum_6112761630800163200-Ref",
    "F0352_uJAVA": 16.146663665771484,
    "F0378": 15.99200439453125,
    "F0395": 15.902291297912598,
    "F0410": 15.307838439941406,
    "F0430": 15.28526496887207,
    "F0475_gSDSS": 14.882534980773926,
    "F0515": 14.717540740966797,
    "F0626_rSDSS": 14.373469352722168,
    "F0660": 14.32491683959961,
    "F0769_iSDSS": 14.217111587524414,
    "F0861": 14.187363624572754,
    "F0883_zSDSS": 14.163825988769531
}