{
    "id": "gaia_xp_spectrum_6112788259597550336-Ref",
    "F0352_uJAVA": 16.214092254638672,
    "F0378": 16.063838958740234,
    "F0395": 16.051227569580078,
    "F0410": 15.395955085754395,
    "F0430": 15.372306823730469,
    "F0475_gSDSS": 14.9891996383667,
    "F0515": 14.829154014587402,
    "F0626_rSDSS": 14.488341331481934,
    "F0660": 14.452492713928223,
    "F0769_iSDSS": 14.334394454956055,
    "F0861": 14.30361270904541,
    "F0883_zSDSS": 14.276992797851562
}