{
    "id": "gaia_xp_spectrum_6112774000306114944-Ref",
    "F0352_uJAVA": 15.847381591796875,
    "F0378": 15.655598640441895,
    "F0395": 15.585075378417969,
    "F0410": 15.055793762207031,
    "F0430": 15.023088455200195,
    "F0475_gSDSS": 14.653878211975098,
    "F0515": 14.501097679138184,
    "F0626_rSDSS": 14.178838729858398,
    "F0660": 14.138900756835938,
    "F0769_iSDSS": 14.040348052978516,
    "F0861": 14.009848594665527,
    "F0883_zSDSS": 13.9925537109375
}