{
    "id": "gaia_xp_spectrum_6112718990364879360-Ref",
    "F0352_uJAVA": 16.14690589904785,
    "F0378": 16.023202896118164,
    "F0395": 15.857105255126953,
    "F0410": 15.264886856079102,
    "F0430": 15.207086563110352,
    "F0475_gSDSS": 14.8170747756958,
    "F0515": 14.647141456604004,
    "F0626_rSDSS": 14.314395904541016,
    "F0660": 14.263461112976074,
    "F0769_iSDSS": 14.172181129455566,
    "F0861": 14.151028633117676,
    "F0883_zSDSS": 14.12424087524414
}