{
    "id": "gaia_xp_spectrum_6112764963694856576-Ref",
    "F0352_uJAVA": 16.579574584960938,
    "F0378": 16.485891342163086,
    "F0395": 16.31966781616211,
    "F0410": 15.675271987915039,
    "F0430": 15.604089736938477,
    "F0475_gSDSS": 15.19529914855957,
    "F0515": 15.0012788772583,
    "F0626_rSDSS": 14.670466423034668,
    "F0660": 14.612092971801758,
    "F0769_iSDSS": 14.525408744812012,
    "F0861": 14.501346588134766,
    "F0883_zSDSS": 14.477800369262695
}