{
    "id": "gaia_xp_spectrum_6112734761484703616-Ref",
    "F0352_uJAVA": 16.210390090942383,
    "F0378": 15.977876663208008,
    "F0395": 15.828926086425781,
    "F0410": 15.460577964782715,
    "F0430": 15.383172988891602,
    "F0475_gSDSS": 15.1323881149292,
    "F0515": 14.980247497558594,
    "F0626_rSDSS": 14.75149917602539,
    "F0660": 14.728775978088379,
    "F0769_iSDSS": 14.645551681518555,
    "F0861": 14.627614974975586,
    "F0883_zSDSS": 14.620046615600586
}