{
    "id": "gaia_xp_spectrum_6112751529037356288-Ref",
    "F0352_uJAVA": 15.951154708862305,
    "F0378": 15.80770206451416,
    "F0395": 15.775257110595703,
    "F0410": 15.21307373046875,
    "F0430": 15.158754348754883,
    "F0475_gSDSS": 14.770682334899902,
    "F0515": 14.605189323425293,
    "F0626_rSDSS": 14.262673377990723,
    "F0660": 14.199462890625,
    "F0769_iSDSS": 14.098859786987305,
    "F0861": 14.05888843536377,
    "F0883_zSDSS": 14.041214942932129
}