{
    "id": "gaia_xp_spectrum_6112757610710730496-Ref",
    "F0352_uJAVA": 16.2872314453125,
    "F0378": 16.2132511138916,
    "F0395": 16.010398864746094,
    "F0410": 15.426983833312988,
    "F0430": 15.32333755493164,
    "F0475_gSDSS": 14.881650924682617,
    "F0515": 14.701152801513672,
    "F0626_rSDSS": 14.300286293029785,
    "F0660": 14.239326477050781,
    "F0769_iSDSS": 14.123004913330078,
    "F0861": 14.079381942749023,
    "F0883_zSDSS": 14.05156135559082
}