{
    "id": "gaia_xp_spectrum_6112785373379527040-Ref",
    "F0352_uJAVA": 15.661479949951172,
    "F0378": 15.500496864318848,
    "F0395": 15.396675109863281,
    "F0410": 14.844512939453125,
    "F0430": 14.778183937072754,
    "F0475_gSDSS": 14.454344749450684,
    "F0515": 14.301766395568848,
    "F0626_rSDSS": 14.011241912841797,
    "F0660": 13.972753524780273,
    "F0769_iSDSS": 13.889995574951172,
    "F0861": 13.872722625732422,
    "F0883_zSDSS": 13.852404594421387
}