{
    "id": "gaia_xp_spectrum_6112763383146877184-Ref",
    "F0352_uJAVA": 16.29105567932129,
    "F0378": 16.148202896118164,
    "F0395": 16.12782096862793,
    "F0410": 15.564648628234863,
    "F0430": 15.510614395141602,
    "F0475_gSDSS": 15.150646209716797,
    "F0515": 14.988962173461914,
    "F0626_rSDSS": 14.665925979614258,
    "F0660": 14.618877410888672,
    "F0769_iSDSS": 14.517740249633789,
    "F0861": 14.48935317993164,
    "F0883_zSDSS": 14.470060348510742
}