{
    "id": "gaia_xp_spectrum_6112754346535273088-Ref",
    "F0352_uJAVA": 16.245630264282227,
    "F0378": 16.01714324951172,
    "F0395": 16.10019302368164,
    "F0410": 15.455939292907715,
    "F0430": 15.391242980957031,
    "F0475_gSDSS": 14.869293212890625,
    "F0515": 14.634613037109375,
    "F0626_rSDSS": 14.176722526550293,
    "F0660": 14.084590911865234,
    "F0769_iSDSS": 13.905502319335938,
    "F0861": 13.812074661254883,
    "F0883_zSDSS": 13.772425651550293
}