{
    "id": "gaia_xp_spectrum_6112779635303381760-Ref",
    "F0352_uJAVA": 16.514848709106445,
    "F0378": 16.6065731048584,
    "F0395": 16.380002975463867,
    "F0410": 15.605704307556152,
    "F0430": 15.528488159179688,
    "F0475_gSDSS": 15.008115768432617,
    "F0515": 14.853208541870117,
    "F0626_rSDSS": 14.344290733337402,
    "F0660": 14.264575958251953,
    "F0769_iSDSS": 14.132767677307129,
    "F0861": 14.06511116027832,
    "F0883_zSDSS": 14.036564826965332
}