{
    "id": "gaia_xp_spectrum_6112719333962282112-Ref",
    "F0352_uJAVA": 16.267473220825195,
    "F0378": 16.108135223388672,
    "F0395": 16.093046188354492,
    "F0410": 15.498652458190918,
    "F0430": 15.44106388092041,
    "F0475_gSDSS": 15.059860229492188,
    "F0515": 14.888370513916016,
    "F0626_rSDSS": 14.567144393920898,
    "F0660": 14.525111198425293,
    "F0769_iSDSS": 14.429299354553223,
    "F0861": 14.401368141174316,
    "F0883_zSDSS": 14.385046005249023
}