{
    "id": "gaia_xp_spectrum_6112712462014543104-Ref",
    "F0352_uJAVA": 15.401754379272461,
    "F0378": 15.036480903625488,
    "F0395": 14.669997215270996,
    "F0410": 14.359994888305664,
    "F0430": 14.284955024719238,
    "F0475_gSDSS": 14.174073219299316,
    "F0515": 14.08643627166748,
    "F0626_rSDSS": 14.046806335449219,
    "F0660": 14.1010160446167,
    "F0769_iSDSS": 14.084521293640137,
    "F0861": 14.142777442932129,
    "F0883_zSDSS": 14.135272979736328
}