{
    "id": "gaia_xp_spectrum_6112757232754520448-Ref",
    "F0352_uJAVA": 16.604726791381836,
    "F0378": 16.47626495361328,
    "F0395": 16.472463607788086,
    "F0410": 15.770135879516602,
    "F0430": 15.728811264038086,
    "F0475_gSDSS": 15.33292293548584,
    "F0515": 15.16710376739502,
    "F0626_rSDSS": 14.831624984741211,
    "F0660": 14.785152435302734,
    "F0769_iSDSS": 14.688629150390625,
    "F0861": 14.663032531738281,
    "F0883_zSDSS": 14.641140937805176
}