{
    "id": "gaia_xp_spectrum_6112775031098179200-Ref",
    "F0352_uJAVA": 16.627317428588867,
    "F0378": 16.49355125427246,
    "F0395": 16.365436553955078,
    "F0410": 15.836886405944824,
    "F0430": 15.765663146972656,
    "F0475_gSDSS": 15.41478443145752,
    "F0515": 15.243916511535645,
    "F0626_rSDSS": 14.944765090942383,
    "F0660": 14.916413307189941,
    "F0769_iSDSS": 14.803470611572266,
    "F0861": 14.774606704711914,
    "F0883_zSDSS": 14.755093574523926
}