{
    "id": "gaia_xp_spectrum_6112768846345327744-Ref",
    "F0352_uJAVA": 16.417016983032227,
    "F0378": 16.264236450195312,
    "F0395": 16.1375789642334,
    "F0410": 15.568098068237305,
    "F0430": 15.514379501342773,
    "F0475_gSDSS": 15.128762245178223,
    "F0515": 14.95690631866455,
    "F0626_rSDSS": 14.628191947937012,
    "F0660": 14.578790664672852,
    "F0769_iSDSS": 14.483028411865234,
    "F0861": 14.448241233825684,
    "F0883_zSDSS": 14.431804656982422
}