{
    "id": "gaia_xp_spectrum_6113148315293178112-Ref",
    "F0352_uJAVA": 16.584514617919922,
    "F0378": 16.535432815551758,
    "F0395": 16.354045867919922,
    "F0410": 15.674002647399902,
    "F0430": 15.586642265319824,
    "F0475_gSDSS": 15.138618469238281,
    "F0515": 14.965765953063965,
    "F0626_rSDSS": 14.568792343139648,
    "F0660": 14.506315231323242,
    "F0769_iSDSS": 14.421247482299805,
    "F0861": 14.394726753234863,
    "F0883_zSDSS": 14.372695922851562
}