{
    "id": "gaia_xp_spectrum_6112760874885949824-Ref",
    "F0352_uJAVA": 16.613590240478516,
    "F0378": 16.408754348754883,
    "F0395": 16.33706283569336,
    "F0410": 15.747687339782715,
    "F0430": 15.675413131713867,
    "F0475_gSDSS": 15.213671684265137,
    "F0515": 14.9894380569458,
    "F0626_rSDSS": 14.572651863098145,
    "F0660": 14.491802215576172,
    "F0769_iSDSS": 14.332387924194336,
    "F0861": 14.255529403686523,
    "F0883_zSDSS": 14.217031478881836
}