{
    "id": "gaia_xp_spectrum_6112784651825001728-Ref",
    "F0352_uJAVA": 16.358985900878906,
    "F0378": 16.18642234802246,
    "F0395": 16.058704376220703,
    "F0410": 15.64370346069336,
    "F0430": 15.590230941772461,
    "F0475_gSDSS": 15.301496505737305,
    "F0515": 15.14953327178955,
    "F0626_rSDSS": 14.872081756591797,
    "F0660": 14.8222017288208,
    "F0769_iSDSS": 14.737021446228027,
    "F0861": 14.716845512390137,
    "F0883_zSDSS": 14.69831657409668
}