{
    "id": "gaia_xp_spectrum_6112769189942707072-Ref",
    "F0352_uJAVA": 16.293701171875,
    "F0378": 16.105609893798828,
    "F0395": 16.01448631286621,
    "F0410": 15.511841773986816,
    "F0430": 15.440755844116211,
    "F0475_gSDSS": 15.1265287399292,
    "F0515": 14.97012996673584,
    "F0626_rSDSS": 14.68244743347168,
    "F0660": 14.65049934387207,
    "F0769_iSDSS": 14.559228897094727,
    "F0861": 14.546737670898438,
    "F0883_zSDSS": 14.525601387023926
}