{
    "id": "gaia_xp_spectrum_6112782590240890368-Ref",
    "F0352_uJAVA": 16.0865421295166,
    "F0378": 15.927055358886719,
    "F0395": 15.868800163269043,
    "F0410": 15.301535606384277,
    "F0430": 15.273940086364746,
    "F0475_gSDSS": 14.890228271484375,
    "F0515": 14.714370727539062,
    "F0626_rSDSS": 14.398122787475586,
    "F0660": 14.340726852416992,
    "F0769_iSDSS": 14.240822792053223,
    "F0861": 14.207466125488281,
    "F0883_zSDSS": 14.171060562133789
}