{
    "id": "gaia_xp_spectrum_6112786919567758336-Ref",
    "F0352_uJAVA": 16.421306610107422,
    "F0378": 16.302404403686523,
    "F0395": 16.097238540649414,
    "F0410": 15.63165283203125,
    "F0430": 15.576663970947266,
    "F0475_gSDSS": 15.229344367980957,
    "F0515": 15.056066513061523,
    "F0626_rSDSS": 14.7597017288208,
    "F0660": 14.725451469421387,
    "F0769_iSDSS": 14.614460945129395,
    "F0861": 14.6016263961792,
    "F0883_zSDSS": 14.56888198852539
}