{
    "id": "gaia_xp_spectrum_6112778707590259840-Ref",
    "F0352_uJAVA": 15.513617515563965,
    "F0378": 15.3185453414917,
    "F0395": 15.225199699401855,
    "F0410": 14.75903034210205,
    "F0430": 14.729105949401855,
    "F0475_gSDSS": 14.418356895446777,
    "F0515": 14.260967254638672,
    "F0626_rSDSS": 14.004888534545898,
    "F0660": 13.97733211517334,
    "F0769_iSDSS": 13.887006759643555,
    "F0861": 13.867749214172363,
    "F0883_zSDSS": 13.84967041015625
}