{
    "id": "gaia_xp_spectrum_6112968579499733632-Ref",
    "F0352_uJAVA": 16.124774932861328,
    "F0378": 16.049713134765625,
    "F0395": 15.90093994140625,
    "F0410": 15.269387245178223,
    "F0430": 15.220181465148926,
    "F0475_gSDSS": 14.76506233215332,
    "F0515": 14.594392776489258,
    "F0626_rSDSS": 14.18174934387207,
    "F0660": 14.112188339233398,
    "F0769_iSDSS": 14.001652717590332,
    "F0861": 13.955946922302246,
    "F0883_zSDSS": 13.9219970703125
}