{
    "id": "gaia_xp_spectrum_6112778123474691456-Ref",
    "F0352_uJAVA": 15.954115867614746,
    "F0378": 15.926671028137207,
    "F0395": 15.705910682678223,
    "F0410": 15.10012149810791,
    "F0430": 15.024895668029785,
    "F0475_gSDSS": 14.641426086425781,
    "F0515": 14.471360206604004,
    "F0626_rSDSS": 14.133984565734863,
    "F0660": 14.098400115966797,
    "F0769_iSDSS": 14.016873359680176,
    "F0861": 14.004724502563477,
    "F0883_zSDSS": 13.983287811279297
}