{
    "id": "gaia_xp_spectrum_6112786610330931840-Ref",
    "F0352_uJAVA": 16.577335357666016,
    "F0378": 16.4960994720459,
    "F0395": 16.29811668395996,
    "F0410": 15.686247825622559,
    "F0430": 15.587362289428711,
    "F0475_gSDSS": 15.186369895935059,
    "F0515": 14.995916366577148,
    "F0626_rSDSS": 14.640755653381348,
    "F0660": 14.583001136779785,
    "F0769_iSDSS": 14.488163948059082,
    "F0861": 14.464025497436523,
    "F0883_zSDSS": 14.437209129333496
}