{
    "id": "gaia_xp_spectrum_6112756373760477824-Ref",
    "F0352_uJAVA": 16.75678062438965,
    "F0378": 16.579469680786133,
    "F0395": 16.597524642944336,
    "F0410": 16.057310104370117,
    "F0430": 15.98946475982666,
    "F0475_gSDSS": 15.635015487670898,
    "F0515": 15.484965324401855,
    "F0626_rSDSS": 15.118477821350098,
    "F0660": 15.043838500976562,
    "F0769_iSDSS": 14.929145812988281,
    "F0861": 14.879321098327637,
    "F0883_zSDSS": 14.847794532775879
}