{
    "id": "gaia_xp_spectrum_6112776336768274816-Ref",
    "F0352_uJAVA": 16.538278579711914,
    "F0378": 16.334733963012695,
    "F0395": 16.110658645629883,
    "F0410": 15.726265907287598,
    "F0430": 15.655879020690918,
    "F0475_gSDSS": 15.388544082641602,
    "F0515": 15.247282981872559,
    "F0626_rSDSS": 14.993940353393555,
    "F0660": 14.953728675842285,
    "F0769_iSDSS": 14.871719360351562,
    "F0861": 14.861504554748535,
    "F0883_zSDSS": 14.841257095336914
}