{
    "id": "gaia_xp_spectrum_6112756442479318400-Ref",
    "F0352_uJAVA": 15.958456993103027,
    "F0378": 15.66694450378418,
    "F0395": 15.493545532226562,
    "F0410": 15.156872749328613,
    "F0430": 15.049497604370117,
    "F0475_gSDSS": 14.855944633483887,
    "F0515": 14.727804183959961,
    "F0626_rSDSS": 14.527323722839355,
    "F0660": 14.510443687438965,
    "F0769_iSDSS": 14.4452543258667,
    "F0861": 14.43692684173584,
    "F0883_zSDSS": 14.424556732177734
}