{
    "id": "gaia_xp_spectrum_6112770152015357056-Ref",
    "F0352_uJAVA": 16.650712966918945,
    "F0378": 16.512048721313477,
    "F0395": 16.43152618408203,
    "F0410": 15.830709457397461,
    "F0430": 15.797670364379883,
    "F0475_gSDSS": 15.395792007446289,
    "F0515": 15.22559928894043,
    "F0626_rSDSS": 14.897414207458496,
    "F0660": 14.833975791931152,
    "F0769_iSDSS": 14.744134902954102,
    "F0861": 14.713985443115234,
    "F0883_zSDSS": 14.696060180664062
}