{
    "id": "gaia_xp_spectrum_6112719162163578496-Ref",
    "F0352_uJAVA": 16.043373107910156,
    "F0378": 15.919412612915039,
    "F0395": 15.805914878845215,
    "F0410": 15.240534782409668,
    "F0430": 15.193155288696289,
    "F0475_gSDSS": 14.81864070892334,
    "F0515": 14.661407470703125,
    "F0626_rSDSS": 14.331842422485352,
    "F0660": 14.28651237487793,
    "F0769_iSDSS": 14.187376976013184,
    "F0861": 14.154038429260254,
    "F0883_zSDSS": 14.137781143188477
}