{
    "id": "gaia_xp_spectrum_6113143985966116992-Ref",
    "F0352_uJAVA": 15.91903305053711,
    "F0378": 15.838245391845703,
    "F0395": 15.632964134216309,
    "F0410": 14.989278793334961,
    "F0430": 14.945934295654297,
    "F0475_gSDSS": 14.538206100463867,
    "F0515": 14.359040260314941,
    "F0626_rSDSS": 14.00893783569336,
    "F0660": 13.960391998291016,
    "F0769_iSDSS": 13.861377716064453,
    "F0861": 13.833975791931152,
    "F0883_zSDSS": 13.81129264831543
}