{
    "id": "gaia_xp_spectrum_6112751116720503040-Ref",
    "F0352_uJAVA": 16.337188720703125,
    "F0378": 16.319547653198242,
    "F0395": 16.185972213745117,
    "F0410": 15.459779739379883,
    "F0430": 15.385797500610352,
    "F0475_gSDSS": 14.898872375488281,
    "F0515": 14.725537300109863,
    "F0626_rSDSS": 14.288007736206055,
    "F0660": 14.218392372131348,
    "F0769_iSDSS": 14.114280700683594,
    "F0861": 14.073907852172852,
    "F0883_zSDSS": 14.047199249267578
}