{
    "id": "gaia_xp_spectrum_6112712221496358272-Ref",
    "F0352_uJAVA": 16.235376358032227,
    "F0378": 16.03030776977539,
    "F0395": 15.962366104125977,
    "F0410": 15.464994430541992,
    "F0430": 15.405508995056152,
    "F0475_gSDSS": 15.077288627624512,
    "F0515": 14.910950660705566,
    "F0626_rSDSS": 14.616193771362305,
    "F0660": 14.561050415039062,
    "F0769_iSDSS": 14.470534324645996,
    "F0861": 14.435602188110352,
    "F0883_zSDSS": 14.41631031036377
}