{
    "id": "gaia_xp_spectrum_6112752246288569728-Ref",
    "F0352_uJAVA": 15.918889999389648,
    "F0378": 15.782970428466797,
    "F0395": 15.7704496383667,
    "F0410": 15.122723579406738,
    "F0430": 15.073251724243164,
    "F0475_gSDSS": 14.687424659729004,
    "F0515": 14.52807903289795,
    "F0626_rSDSS": 14.194342613220215,
    "F0660": 14.150531768798828,
    "F0769_iSDSS": 14.060027122497559,
    "F0861": 14.0401029586792,
    "F0883_zSDSS": 14.02273178100586
}