{
    "id": "gaia_xp_spectrum_6112756648637749504-Ref",
    "F0352_uJAVA": 15.876337051391602,
    "F0378": 15.776101112365723,
    "F0395": 15.678537368774414,
    "F0410": 15.00172233581543,
    "F0430": 14.938275337219238,
    "F0475_gSDSS": 14.544769287109375,
    "F0515": 14.384641647338867,
    "F0626_rSDSS": 14.029073715209961,
    "F0660": 13.980945587158203,
    "F0769_iSDSS": 13.890935897827148,
    "F0861": 13.862343788146973,
    "F0883_zSDSS": 13.844807624816895
}