{
    "id": "gaia_xp_spectrum_6112752044433442304-Ref",
    "F0352_uJAVA": 16.414201736450195,
    "F0378": 16.301103591918945,
    "F0395": 16.11556053161621,
    "F0410": 15.52351188659668,
    "F0430": 15.456979751586914,
    "F0475_gSDSS": 15.069912910461426,
    "F0515": 14.900079727172852,
    "F0626_rSDSS": 14.572820663452148,
    "F0660": 14.524673461914062,
    "F0769_iSDSS": 14.444317817687988,
    "F0861": 14.427918434143066,
    "F0883_zSDSS": 14.408661842346191
}