{
    "id": "gaia_xp_spectrum_6112758091747074304-Ref",
    "F0352_uJAVA": 16.285083770751953,
    "F0378": 16.005578994750977,
    "F0395": 15.989416122436523,
    "F0410": 15.47176742553711,
    "F0430": 15.420149803161621,
    "F0475_gSDSS": 15.082216262817383,
    "F0515": 14.9329833984375,
    "F0626_rSDSS": 14.647006034851074,
    "F0660": 14.616108894348145,
    "F0769_iSDSS": 14.527176856994629,
    "F0861": 14.509441375732422,
    "F0883_zSDSS": 14.492206573486328
}