{
    "id": "gaia_xp_spectrum_6112771560764659840-Ref",
    "F0352_uJAVA": 16.123472213745117,
    "F0378": 16.076005935668945,
    "F0395": 16.011518478393555,
    "F0410": 15.344236373901367,
    "F0430": 15.278925895690918,
    "F0475_gSDSS": 14.83368968963623,
    "F0515": 14.658304214477539,
    "F0626_rSDSS": 14.274524688720703,
    "F0660": 14.215362548828125,
    "F0769_iSDSS": 14.108814239501953,
    "F0861": 14.081137657165527,
    "F0883_zSDSS": 14.048922538757324
}