{
    "id": "gaia_xp_spectrum_6112712599453705600-Ref",
    "F0352_uJAVA": 15.810965538024902,
    "F0378": 15.724388122558594,
    "F0395": 15.656124114990234,
    "F0410": 15.043224334716797,
    "F0430": 15.00400161743164,
    "F0475_gSDSS": 14.610769271850586,
    "F0515": 14.440611839294434,
    "F0626_rSDSS": 14.120603561401367,
    "F0660": 14.072729110717773,
    "F0769_iSDSS": 13.974287986755371,
    "F0861": 13.94705867767334,
    "F0883_zSDSS": 13.92290210723877
}