{
    "id": "gaia_xp_spectrum_6112778054755205120-Ref",
    "F0352_uJAVA": 16.50800323486328,
    "F0378": 16.679946899414062,
    "F0395": 16.30626678466797,
    "F0410": 15.578971862792969,
    "F0430": 15.427952766418457,
    "F0475_gSDSS": 14.888944625854492,
    "F0515": 14.70255184173584,
    "F0626_rSDSS": 14.21186351776123,
    "F0660": 14.134690284729004,
    "F0769_iSDSS": 14.02301025390625,
    "F0861": 13.971721649169922,
    "F0883_zSDSS": 13.938371658325195
}