{
    "id": "gaia_xp_spectrum_6112968098463257472-Ref",
    "F0352_uJAVA": 16.552499771118164,
    "F0378": 16.2449893951416,
    "F0395": 16.241653442382812,
    "F0410": 15.796664237976074,
    "F0430": 15.750432968139648,
    "F0475_gSDSS": 15.473752975463867,
    "F0515": 15.33199691772461,
    "F0626_rSDSS": 15.088298797607422,
    "F0660": 15.071131706237793,
    "F0769_iSDSS": 14.974383354187012,
    "F0861": 14.965339660644531,
    "F0883_zSDSS": 14.939066886901855
}