{
    "id": "gaia_xp_spectrum_6112749123855656832-Ref",
    "F0352_uJAVA": 16.771705627441406,
    "F0378": 16.64369773864746,
    "F0395": 16.546846389770508,
    "F0410": 15.845619201660156,
    "F0430": 15.783360481262207,
    "F0475_gSDSS": 15.328014373779297,
    "F0515": 15.121979713439941,
    "F0626_rSDSS": 14.748661994934082,
    "F0660": 14.699002265930176,
    "F0769_iSDSS": 14.567163467407227,
    "F0861": 14.529128074645996,
    "F0883_zSDSS": 14.498339653015137
}