{
    "id": "gaia_xp_spectrum_6112968235902348416-Ref",
    "F0352_uJAVA": 16.040307998657227,
    "F0378": 15.976750373840332,
    "F0395": 15.783254623413086,
    "F0410": 15.198199272155762,
    "F0430": 15.093101501464844,
    "F0475_gSDSS": 14.685257911682129,
    "F0515": 14.507604598999023,
    "F0626_rSDSS": 14.149471282958984,
    "F0660": 14.109332084655762,
    "F0769_iSDSS": 14.00582504272461,
    "F0861": 13.984745979309082,
    "F0883_zSDSS": 13.955888748168945
}