{
    "id": "gaia_xp_spectrum_6112712633813232768-Ref",
    "F0352_uJAVA": 16.846416473388672,
    "F0378": 16.557188034057617,
    "F0395": 16.435434341430664,
    "F0410": 16.026296615600586,
    "F0430": 15.916951179504395,
    "F0475_gSDSS": 15.487783432006836,
    "F0515": 15.26498794555664,
    "F0626_rSDSS": 14.81340503692627,
    "F0660": 14.731767654418945,
    "F0769_iSDSS": 14.526095390319824,
    "F0861": 14.424225807189941,
    "F0883_zSDSS": 14.386707305908203
}