{
    "id": "gaia_xp_spectrum_6112781868686198400-Ref",
    "F0352_uJAVA": 16.543773651123047,
    "F0378": 16.3251953125,
    "F0395": 16.28399658203125,
    "F0410": 15.808843612670898,
    "F0430": 15.737593650817871,
    "F0475_gSDSS": 15.419771194458008,
    "F0515": 15.262922286987305,
    "F0626_rSDSS": 14.95827579498291,
    "F0660": 14.904545783996582,
    "F0769_iSDSS": 14.80605411529541,
    "F0861": 14.77681827545166,
    "F0883_zSDSS": 14.753952980041504
}