{
    "id": "gaia_xp_spectrum_6112717856493482624-Ref",
    "F0352_uJAVA": 16.586780548095703,
    "F0378": 16.302635192871094,
    "F0395": 16.16676139831543,
    "F0410": 15.829765319824219,
    "F0430": 15.773728370666504,
    "F0475_gSDSS": 15.53283977508545,
    "F0515": 15.397418022155762,
    "F0626_rSDSS": 15.165678024291992,
    "F0660": 15.134453773498535,
    "F0769_iSDSS": 15.065373420715332,
    "F0861": 15.04903793334961,
    "F0883_zSDSS": 15.034282684326172
}