{
    "id": "gaia_xp_spectrum_6112758126106806912-Ref",
    "F0352_uJAVA": 16.717370986938477,
    "F0378": 16.550525665283203,
    "F0395": 16.391197204589844,
    "F0410": 16.01886749267578,
    "F0430": 15.932966232299805,
    "F0475_gSDSS": 15.630982398986816,
    "F0515": 15.467206954956055,
    "F0626_rSDSS": 15.17668342590332,
    "F0660": 15.133907318115234,
    "F0769_iSDSS": 15.021580696105957,
    "F0861": 14.987958908081055,
    "F0883_zSDSS": 14.970897674560547
}