{
    "id": "gaia_xp_spectrum_6112786301092465920-Ref",
    "F0352_uJAVA": 16.553945541381836,
    "F0378": 16.502071380615234,
    "F0395": 16.294837951660156,
    "F0410": 15.629566192626953,
    "F0430": 15.542119979858398,
    "F0475_gSDSS": 15.066488265991211,
    "F0515": 14.8972806930542,
    "F0626_rSDSS": 14.4493989944458,
    "F0660": 14.376815795898438,
    "F0769_iSDSS": 14.27457046508789,
    "F0861": 14.228724479675293,
    "F0883_zSDSS": 14.201581954956055
}