{
    "id": "gaia_xp_spectrum_6112710056832790656-Ref",
    "F0352_uJAVA": 16.62876319885254,
    "F0378": 16.519559860229492,
    "F0395": 16.490957260131836,
    "F0410": 15.737163543701172,
    "F0430": 15.65985107421875,
    "F0475_gSDSS": 15.168936729431152,
    "F0515": 14.97665786743164,
    "F0626_rSDSS": 14.56128215789795,
    "F0660": 14.497418403625488,
    "F0769_iSDSS": 14.389747619628906,
    "F0861": 14.34888744354248,
    "F0883_zSDSS": 14.321248054504395
}