{
    "id": "gaia_xp_spectrum_6112777298840956416-Ref",
    "F0352_uJAVA": 15.53275203704834,
    "F0378": 15.237590789794922,
    "F0395": 15.007397651672363,
    "F0410": 14.674995422363281,
    "F0430": 14.599902153015137,
    "F0475_gSDSS": 14.405713081359863,
    "F0515": 14.286792755126953,
    "F0626_rSDSS": 14.11492919921875,
    "F0660": 14.1138334274292,
    "F0769_iSDSS": 14.057005882263184,
    "F0861": 14.068584442138672,
    "F0883_zSDSS": 14.058012008666992
}