{
    "id": "gaia_xp_spectrum_6112717615975299584-Ref",
    "F0352_uJAVA": 16.040058135986328,
    "F0378": 15.911600112915039,
    "F0395": 15.886165618896484,
    "F0410": 15.210700988769531,
    "F0430": 15.148690223693848,
    "F0475_gSDSS": 14.73973560333252,
    "F0515": 14.568514823913574,
    "F0626_rSDSS": 14.216910362243652,
    "F0660": 14.169511795043945,
    "F0769_iSDSS": 14.0698881149292,
    "F0861": 14.046148300170898,
    "F0883_zSDSS": 14.015545845031738
}