{
    "id": "gaia_xp_spectrum_6112758504063959424-Ref",
    "F0352_uJAVA": 16.453954696655273,
    "F0378": 16.258907318115234,
    "F0395": 16.18252182006836,
    "F0410": 15.665616035461426,
    "F0430": 15.588665008544922,
    "F0475_gSDSS": 15.27161693572998,
    "F0515": 15.106518745422363,
    "F0626_rSDSS": 14.819655418395996,
    "F0660": 14.77994155883789,
    "F0769_iSDSS": 14.688902854919434,
    "F0861": 14.67500114440918,
    "F0883_zSDSS": 14.644413948059082
}