{
    "id": "gaia_xp_spectrum_6112766956559676288-Ref",
    "F0352_uJAVA": 16.13592529296875,
    "F0378": 15.964330673217773,
    "F0395": 15.904193878173828,
    "F0410": 15.357205390930176,
    "F0430": 15.31755256652832,
    "F0475_gSDSS": 14.96457576751709,
    "F0515": 14.800895690917969,
    "F0626_rSDSS": 14.48271656036377,
    "F0660": 14.437139511108398,
    "F0769_iSDSS": 14.334386825561523,
    "F0861": 14.304001808166504,
    "F0883_zSDSS": 14.283856391906738
}