{
    "id": "gaia_xp_spectrum_6112760256410633216-Ref",
    "F0352_uJAVA": 16.293010711669922,
    "F0378": 16.2153377532959,
    "F0395": 16.154897689819336,
    "F0410": 15.390965461730957,
    "F0430": 15.329812049865723,
    "F0475_gSDSS": 14.90286636352539,
    "F0515": 14.733874320983887,
    "F0626_rSDSS": 14.371211051940918,
    "F0660": 14.324932098388672,
    "F0769_iSDSS": 14.231977462768555,
    "F0861": 14.216300010681152,
    "F0883_zSDSS": 14.191295623779297
}