{
    "id": "gaia_xp_spectrum_6112720845790788608-Ref",
    "F0352_uJAVA": 16.94867706298828,
    "F0378": 16.686336517333984,
    "F0395": 16.56614875793457,
    "F0410": 16.108367919921875,
    "F0430": 16.045333862304688,
    "F0475_gSDSS": 15.718010902404785,
    "F0515": 15.570144653320312,
    "F0626_rSDSS": 15.257893562316895,
    "F0660": 15.231225967407227,
    "F0769_iSDSS": 15.108418464660645,
    "F0861": 15.083784103393555,
    "F0883_zSDSS": 15.062938690185547
}