{
    "id": "gaia_xp_spectrum_6112774962378709760-Ref",
    "F0352_uJAVA": 15.74488353729248,
    "F0378": 15.523565292358398,
    "F0395": 15.36403751373291,
    "F0410": 14.9162015914917,
    "F0430": 14.83314037322998,
    "F0475_gSDSS": 14.555719375610352,
    "F0515": 14.406850814819336,
    "F0626_rSDSS": 14.164104461669922,
    "F0660": 14.138263702392578,
    "F0769_iSDSS": 14.05933666229248,
    "F0861": 14.056279182434082,
    "F0883_zSDSS": 14.03391170501709
}