{
    "id": "gaia_xp_spectrum_6112759706654819456-Ref",
    "F0352_uJAVA": 15.694463729858398,
    "F0378": 15.566008567810059,
    "F0395": 15.46474838256836,
    "F0410": 14.923897743225098,
    "F0430": 14.84288501739502,
    "F0475_gSDSS": 14.512833595275879,
    "F0515": 14.374138832092285,
    "F0626_rSDSS": 14.046135902404785,
    "F0660": 13.997227668762207,
    "F0769_iSDSS": 13.911471366882324,
    "F0861": 13.891368865966797,
    "F0883_zSDSS": 13.868720054626465
}