{
    "id": "gaia_xp_spectrum_6112756305040365568-Ref",
    "F0352_uJAVA": 15.64810562133789,
    "F0378": 15.461493492126465,
    "F0395": 15.431686401367188,
    "F0410": 14.901192665100098,
    "F0430": 14.858687400817871,
    "F0475_gSDSS": 14.520108222961426,
    "F0515": 14.350872993469238,
    "F0626_rSDSS": 14.058738708496094,
    "F0660": 14.006487846374512,
    "F0769_iSDSS": 13.917196273803711,
    "F0861": 13.89006233215332,
    "F0883_zSDSS": 13.867999076843262
}