{
    "id": "gaia_xp_spectrum_6112749948488749696-Ref",
    "F0352_uJAVA": 15.94894027709961,
    "F0378": 16.062923431396484,
    "F0395": 16.306964874267578,
    "F0410": 15.691171646118164,
    "F0430": 15.67325496673584,
    "F0475_gSDSS": 15.271208763122559,
    "F0515": 15.103456497192383,
    "F0626_rSDSS": 14.746271133422852,
    "F0660": 14.68206787109375,
    "F0769_iSDSS": 14.583524703979492,
    "F0861": 14.533936500549316,
    "F0883_zSDSS": 14.500645637512207
}