{
    "id": "gaia_xp_spectrum_6112750326446510720-Ref",
    "F0352_uJAVA": 16.836578369140625,
    "F0378": 16.6269474029541,
    "F0395": 16.69120979309082,
    "F0410": 16.04277801513672,
    "F0430": 16.016098022460938,
    "F0475_gSDSS": 15.649335861206055,
    "F0515": 15.468304634094238,
    "F0626_rSDSS": 15.17370319366455,
    "F0660": 15.1261625289917,
    "F0769_iSDSS": 15.02879810333252,
    "F0861": 15.0101957321167,
    "F0883_zSDSS": 14.978326797485352
}