{
    "id": "gaia_xp_spectrum_6112718303170115456-Ref",
    "F0352_uJAVA": 15.658866882324219,
    "F0378": 15.549189567565918,
    "F0395": 15.430355072021484,
    "F0410": 14.877988815307617,
    "F0430": 14.854935646057129,
    "F0475_gSDSS": 14.460733413696289,
    "F0515": 14.298589706420898,
    "F0626_rSDSS": 13.979612350463867,
    "F0660": 13.93648910522461,
    "F0769_iSDSS": 13.8416109085083,
    "F0861": 13.815495491027832,
    "F0883_zSDSS": 13.795713424682617
}