{
    "id": "gaia_xp_spectrum_6112766475523346304-Ref",
    "F0352_uJAVA": 16.52692985534668,
    "F0378": 16.340227127075195,
    "F0395": 16.23981285095215,
    "F0410": 15.712459564208984,
    "F0430": 15.645562171936035,
    "F0475_gSDSS": 15.260716438293457,
    "F0515": 15.086920738220215,
    "F0626_rSDSS": 14.741297721862793,
    "F0660": 14.676361083984375,
    "F0769_iSDSS": 14.584708213806152,
    "F0861": 14.547118186950684,
    "F0883_zSDSS": 14.524764060974121
}