{
    "id": "gaia_xp_spectrum_6112780940973438848-Ref",
    "F0352_uJAVA": 15.903152465820312,
    "F0378": 15.8231201171875,
    "F0395": 15.64853286743164,
    "F0410": 15.06469440460205,
    "F0430": 14.97667121887207,
    "F0475_gSDSS": 14.582100868225098,
    "F0515": 14.403735160827637,
    "F0626_rSDSS": 14.072600364685059,
    "F0660": 14.027180671691895,
    "F0769_iSDSS": 13.930683135986328,
    "F0861": 13.899354934692383,
    "F0883_zSDSS": 13.882311820983887
}