 redshift        id         F0378               F0378_err         F0395               F0395_err         F0410               F0410_err         F0430               F0430_err         F0515              F0515_err        F0660              F0660_err        F0861              F0861_err 
 0.001825  T17-2421    0.00644951     0.00328861773431118   0.008105765    0.004133145881050081   0.005209005   0.0026560823044305786    0.01404648    0.007162327561729079    0.02847233   0.007727468904285866   0.02943658   0.004677378283324965   0.02991898   0.011482738722730914 
 0.001825  T17-2433   0.007529236   0.0038391721286445287     0.0109672    0.005592197661528158    0.01581172    0.008062428843507892    0.01797715    0.009166585826039813   0.009225662   0.004704183056381144   0.02017839   0.004433653200831342  0.007169293   0.003655636000276079 
 0.001825  T17-2515   0.002197126   0.0011203188347822062           0.0                    99.0    0.01306989     0.00666436045388978    0.02975666    0.010418229059770428    0.01189908   0.006067363130799491   0.03745995   0.005164585403270431   0.03108319   0.009959802094126669 
 0.001825  T17-2479    0.02350995    0.010066024009330049    0.01750263    0.008924625190919449    0.03737216     0.01220129189689174    0.04361266    0.011360795070401367    0.06628378   0.011186716913327163    0.1122868   0.011916503651817048    0.1460126    0.01837713140536629 
 0.001825  T17-2518   0.009515956    0.004852204533449035           0.0                    99.0   0.007328641   0.0037368888370019533    0.01603026    0.008173859874215914    0.01094812   0.005582469712876909   0.03030569   0.004808661079153011   0.02942529   0.010093327596451877 
 0.001825  T17-2601    0.03151765    0.008953951168042464    0.01365098   0.0069606633011278455    0.03477461    0.011365179233805377    0.03337035    0.010511367767860899    0.04671131   0.009695217886832764    0.0712845   0.008152463586373386   0.08319672   0.013054429432264897 
 0.001825  T17-2600    0.01388374    0.007079347098745547           0.0                    99.0    0.01759401    0.008971219050653987     0.0316984     0.01021823677102092    0.05517905   0.009788019020805436   0.07608452    0.00833599171980065   0.09280674   0.013795410490981267 
 0.001825  T17-2460   0.004666129   0.0023792687726844584   0.003318591   0.0016921555363730045   0.006073066    0.003096668204133688    0.01330147   0.0067824445283662296    0.01941135   0.007485983618241561   0.03210274  0.0048458151293978395   0.03519584    0.01043212161915231 
 0.001825  T17-2371    0.02887957     0.01026385987782228    0.03657546     0.01637377536012132    0.03576997    0.012810561760500942    0.04247787    0.011165968428321342    0.07001903   0.010395579517389735    0.1124168   0.012287117211251182    0.1206308   0.017946752345159835 
 0.001825  T17-2402    0.01083362    0.005524085939446272    0.03645395    0.012988304140403589   0.004038855    0.002059419555466843    0.01443356    0.007359702370222589    0.02651137   0.008834257387819589   0.04128196   0.005379307382316147   0.06020704    0.01140561046050868 
 0.001825  T17-2279   0.004216815     0.00215016170673074   0.003856575    0.001966474627773074   0.009925871   0.0050612205015501364    0.02601756    0.009783177214530666    0.02539398   0.008060393328342482   0.03709304   0.005116110575099115   0.04044841    0.01015740488063216 
 0.001825  T17-2342   0.001361385   0.0006941728680512513    0.02439832    0.012440750977888111    0.02053654    0.010471621820167877    0.01159195    0.005910758905639867    0.02155833     0.0086185728628346   0.03804362   0.005358902065828784   0.04644384   0.011406359048331594 
 0.001825  T17-2352    0.00746016   0.0038039501414524352    0.02414834     0.01231328568808732    0.01709549    0.008717022729862358    0.02111607    0.009060620460684687    0.03527915    0.00834537623521702   0.08776454   0.009488243409076573    0.1068525   0.014799873769816417 
 0.001825  T17-2454    0.01161937    0.005924737475404121           0.0                    99.0    0.03507496    0.012857669912939748    0.02314549    0.010790467661297215      0.048594   0.008984878853117665   0.06309632   0.007176515236424152   0.07792402   0.012188912085869067 
 0.001825  T17-2545           0.0                    99.0           0.0                    99.0   0.009900256    0.005048159853356405    0.01489337    0.007594156464154397    0.02839781   0.008447110045318755   0.04463015   0.005743601207003233   0.04781568   0.010216289160241747 
 0.001825  T17-2492   0.007708263     0.00393045785500019    0.01603607    0.008176825346295345    0.02990936    0.011995180539374803    0.03605644    0.009446402600711872    0.03556912   0.009031553902200496   0.06304249  0.0073179051517560005    0.0604807     0.0119997987697211 
 0.001825  T17-2517    0.02176348    0.008647546831947196    0.02563469    0.012759785399874912    0.05506102     0.01196257741629303    0.06331647    0.012807484587498396    0.08403284   0.011483240290024937    0.1418135   0.014881172350660282    0.1730627   0.020485602967884545 
 0.001825  T17-2467   0.009769362    0.004981416747335184    0.03735247    0.016051803222585585    0.03183503    0.010586310265669007    0.01809444    0.009226392225914743    0.05089115    0.00898264498207705   0.07717865   0.008682257501504665   0.09834177    0.01308598249188516 
 0.001825  T17-2459   0.006248976   0.0031863650563972988           0.0                    99.0    0.01271916   0.0064855264648122435           0.0                    99.0    0.01302614   0.006642054204679152    0.0300461   0.004564099911100654   0.05557626   0.011372810196935364 
 0.001825  T17-2504    0.01336891    0.006816835257707935    0.01008034     0.00513998503636499   0.001768425   0.0009017234563905999   0.001150226   0.0005865022857880437    0.01448888   0.007180712547575275   0.03323541   0.004810542247120381   0.03894763   0.010056484302433432 
 0.001825  T17-2475   0.003492895   0.0017810344666834078    0.02353791    0.012002031142822493    0.01407155   0.0071751127648110175   0.005576187    0.002843308142153905    0.01727702   0.007613459262212742    0.0327987   0.004834686586011962   0.04822342   0.010228458032104594 
 0.001825  T17-2668    0.01865335    0.009467341861544135    0.01768692     0.00901859502153545    0.04803941    0.012533276277776733    0.01937202    0.009877832760932329     0.0495542   0.009515547933172318   0.06960904      0.007750080535722   0.06246499   0.011037614405164778 
 0.001825  T17-2627    0.01337299    0.006818912715927445    0.02205651     0.01124666239207886    0.01053803    0.005373362060482618   0.003230519   0.0016472474517128899   0.006813799   0.003474368915979564   0.02330585   0.004449348747723199   0.04954531   0.010818859601365617 
 0.001825  T17-2662   0.005385839   0.0027462503060972448           0.0                    99.0   0.008648771    0.004410025700049878    0.01268254    0.006466851894192104    0.00597285  0.0030455678701762664   0.03707526   0.005230365933881873   0.05267725   0.011341342143380784 
 0.001825  T17-2755   0.003448625   0.0017584601267160566   0.004480432    0.002284581019732555     0.0103805    0.005293037206084991    0.01543137     0.00786848763630839    0.02662636   0.008719222424231704   0.04483458  0.0058286219686653215    0.0691586   0.012447482511114447 
 0.001825  T17-2744  0.0004417983  0.00022527376624817836           0.0                    99.0    0.02074104    0.010575896769220848    0.02208208    0.011259695682071696    0.01745758   0.007927548930039094   0.03022813   0.004836477204165549   0.03749622   0.010010138942614783 
 0.001825  T17-2794   0.007540888    0.003845113506181767           0.0                    99.0    0.02411491    0.012296244568756796     0.0145814    0.007435084313550183    0.02631184   0.009278441240804677    0.0456398    0.00647581096565519    0.0581344   0.011455200181776353 
 0.001825  T17-2772    0.01524252    0.007772189711052156   0.005460624    0.002784382833239309    0.01489779    0.007596412191940745    0.02652129    0.009609812375892517    0.03549004   0.008907572748680755    0.0422706    0.00561546917476394   0.07327179   0.011776664643618965 
 0.001825  T17-2756    0.02761116     0.00859326277521641    0.01608311    0.008200808192345251    0.01446917     0.00737785899812981    0.03257346    0.010303710066924437    0.04679966   0.009383286356185716   0.06616161   0.007459239049469121   0.06464896    0.01134510141228438 
 0.001825  T17-2759    0.05043314    0.010282458146568845    0.04256083     0.01364603546157231     0.1062088    0.015651703525942473    0.09974457    0.014441506545570273     0.1568875     0.0174593898826697    0.2225127    0.02283189837121119    0.2379526   0.025697344342821907 
 0.001825  T17-2778           0.0                    99.0   0.006849659   0.0034926539999553074   0.005370853   0.0027386079348734986   0.003620404   0.0018460510643089371    0.01749281  0.0072489049037242174   0.02312743   0.004741215497525186   0.02805443   0.009265922441637691 
 0.001825  T17-2631   0.005048752     0.00257436849672906   0.004414119   0.0022507683819224067   0.009889065    0.005042454030909082    0.01258459    0.006416906998056462    0.01863797    0.00857814583220016   0.04421347   0.005608233147772835   0.03986599   0.009803590922591834 
 0.001825  T17-2641   0.007857051    0.004006325146539034   0.007129794   0.0036354958733896756           0.0                    99.0   0.002945953    0.001502146693022386    0.01425401   0.007268149474856031   0.01915839  0.0043428014225937155   0.01629448   0.008308589109546096 
 0.001825  T17-2659   0.003027738    0.001543849514404639   0.002969317   0.0015140600422139442    0.01403038     0.00715411715973152   0.001380886   0.0007041165640627765    0.01281712   0.006535475479386714   0.02921547   0.004707662364194144   0.03452702   0.010971556246732002 
 0.001825  T17-2630    0.01409926    0.007189239206141148      0.051349    0.014708199071184752    0.04361753    0.013177250800448058    0.03673905     0.01013404736590179    0.06128942   0.009595199306199585    0.1213315   0.012712961876627689    0.1470639   0.017195325813216332 
 0.001825  T17-2618    0.01560077    0.007954861104545949    0.02740644    0.013109330862299418    0.01877145    0.009571599965423807    0.03000805    0.011109626171497626    0.05701906   0.009383176766151215   0.09757473    0.01033211714198639    0.1184563   0.015245802945601948 
 0.001825  T17-2643   0.003993951    0.002036523898823682           0.0                    99.0           0.0                    99.0    0.01465846    0.007474376377341256    0.01037403   0.005289737159879023   0.02282674   0.004279743270084317   0.03042314   0.010316313095281908 
 0.001825  T17-2705   0.004532914   0.0023113416939437924    0.01822376    0.009292332746264525    0.02267019    0.011556392151915796    0.02268266    0.009848165118706124     0.0401242   0.009386832625934906   0.03884698   0.005358562285327381   0.04273977   0.011829666764390661 
 0.001825  T17-2698    0.00675607   0.0034449332765198806     0.0243887    0.012435845721116034    0.02035473    0.010378911643487915    0.01901535    0.009695962109618312    0.04068645   0.009220733021066655   0.07242828   0.008143237096729592   0.07797172   0.012495571251992002 
 0.001825  T17-2723   0.006412753    0.003269874777994731   0.003008863   0.0015342246247823982           0.0                    99.0    0.01783116     0.00909214131783817    0.01398023   0.007128545576870853    0.0257622  0.0043780231210902715   0.03754154   0.010503952093518943 
 0.001825  T17-2628           0.0                    99.0    0.01082509    0.005519732553478474    0.01586877    0.008091516788671578    0.01862729    0.009498089558373831   0.008024181    0.00409154505966971   0.03341958   0.004849348771903811   0.05164883   0.010234836802153419 
 0.001825  T17-2650   0.008606579    0.004388510936337451   0.001195995   0.0006098403804320766    0.02630205    0.011673198458966805    0.03768093    0.009421316108573845    0.04883693   0.008944378431315281   0.05986534   0.007074280380106517   0.06723508   0.010922394247015304 
 0.001825  T17-2648    0.05705305    0.009695724511082244    0.05044229     0.01423685136638509    0.08506142    0.014717755503872321    0.08799819    0.012777431408432684      0.144386   0.017035740351320248    0.1982159   0.020262816380408822    0.2264783   0.024608457622471994 
 0.001825  T17-2671     0.0117167    0.005974370154652622   0.004369168    0.002227847289016516     0.0184386     0.00940187910091387   0.007933794    0.004045457042282535   0.009316019   0.004750255776709777   0.02464033   0.004423656328828563   0.01480453   0.007548859716537658 
 0.001825  T17-2699    0.02899957    0.010097969105332666    0.04305212    0.016460714828723085     0.0479351    0.014673473052297468    0.07219906    0.012852049838719737    0.09746137   0.013659038409913966    0.1734729   0.017853848383642224    0.2137625   0.023529230681105174 
 0.001825  T17-2701    0.02145997    0.008682859540278478    0.02273774     0.01159401799549992    0.04162539    0.015030704219544107    0.03133963    0.012142476165521963    0.05534798   0.010761738685465885   0.08456539   0.009495089522418681   0.07983237   0.013420185030384977 
 0.001825  T17-2742    0.01249589    0.006371679675551573    0.01338155     0.00682327747663108   0.004708498   0.0024008723181712602    0.01510956    0.007704396089341462    0.03278441   0.008008552746163378   0.03793666   0.005372823550506009   0.04672351   0.010134282896378265 
 0.001825  T17-2800    0.00981001    0.005002143241854035           0.0                    99.0    0.02117093    0.010795103421994112    0.01138157    0.005803482791370884    0.01898398   0.007979660818118338   0.03468181  0.0050263031774641295   0.03879033   0.010839263580847594 
 0.001825  T17-2797    0.01746234     0.00890408222187986   0.004932572   0.0025151280880201386    0.01748838     0.00891735908811258     0.0116171    0.005923580978555201    0.02114239   0.007711487073523822   0.04693723    0.00585205578371994   0.06239411   0.011221233900570874 
 0.001825  T17-2799    0.02015512    0.008282169631201718    0.02210841     0.01127311649754765    0.03288789    0.011929858513114101    0.02956187     0.01029666556894284     0.1050307   0.012989756755243881    0.1825371   0.018621664488670746    0.2608013   0.027613748969507728 
 0.001825  T17-2589   0.003794573   0.0019348606675655719    0.01480367    0.007548421200859488    0.02709656       0.011071405499228   0.005102979   0.0026020194401357596    0.02614865   0.007770677426278483   0.03466387   0.004789191182044104    0.0316075    0.00934939344292452 
 0.001825  T17-2544    0.04129554    0.010424252884430855    0.03786456    0.014579678836930395    0.08009227    0.013270139482523497    0.07759619    0.011794180540965192     0.1302652   0.014967775136173344    0.1963096    0.02017269400997321    0.2060565     0.0228005382595823 
 0.001825  T17-2534    0.02962245    0.008215149365050462    0.04178508    0.013342508500089629    0.03370196    0.012426725347351812    0.05087729    0.011435132185464277     0.1045398   0.013421374262146221    0.1565666    0.01605449991592438    0.1967061   0.021792916698841945 
 0.001825  T17-2878    0.01131529    0.005769687470615457           0.0                    99.0    0.02627481    0.011504480196069746    0.02764998    0.012335753429539844    0.01859314   0.008359915539734596   0.02839131   0.004643485870774455   0.03994417    0.01020868820108529 
 0.001825  T17-2872    0.01068923    0.005450461196689506    0.01015094    0.005175983133550282    0.02410496    0.012291166141437354           0.0                    99.0     0.0323712   0.007887841975756106   0.03587641   0.005384823464318677   0.03604801   0.010548032495166195 
 0.001825  T17-2829   0.005784335    0.002949443213525436  0.0007689843  0.00039210654610561513    0.01770806    0.009029372387625842    0.02129534    0.010297941186453533     0.0411848    0.00868007940968428   0.05371214  0.0063154240356800275   0.08462702    0.01283494039669059 
 0.001825  T17-2891   0.002578036    0.001314545587074469    0.00426489   0.0021746757333326733   0.005918547   0.0030178781742212675   0.002024095   0.0010320904805269013   0.008915167   0.004545860559703508   0.02299655   0.004207356849432432   0.03756743   0.010738449775570447 
 0.001825  T17-2851    0.01126487    0.005743977233647257    0.04204795    0.013867585173869495    0.03262868    0.012445288529717742    0.02881761    0.010536705526967194    0.05797754   0.009619339281730165   0.09107134    0.00980231206825844    0.1001918   0.013617895201151904 
 0.001825  T17-2911   0.008669175   0.0044204297394654125    0.04117608    0.014658226393454429    0.03352107    0.012647857725838355    0.04105199    0.010041260772911438    0.07219709   0.010228646393303712    0.1283983   0.013330340733086345    0.1475101     0.0173508057506283 
 0.001825  T17-2913   0.006366519   0.0032463009517562616  0.0006131045   0.0003126232299661887  0.0007497934  0.00038232111777630805   0.003471295   0.0017700196039533715   0.006890997   0.003513733307401273   0.01542158  0.0040542599872199865   0.03913709   0.010415190599682083 
 0.001825  T17-2889   0.007851947    0.004003722606979296   0.003604503    0.001837942623090038  0.0009863299    0.000502931589723036    0.02238579    0.009319857967669357     0.0188138   0.008633434450038061   0.03051682   0.004610200452423734   0.03933637    0.01002502079026338 
 0.001825  T17-2976    0.01035301     0.00527902196260349           0.0                    99.0           0.0                    99.0           0.0                    99.0   0.005679057   0.002895762736470909   0.02941935   0.004906123881582486   0.02925556    0.00959265043087884 
 0.001825  T17-2962    0.05715861    0.011485191422538243    0.06168085     0.01607783552843246     0.1033027    0.016322946349017386    0.09763273    0.015470508074055906      0.140498   0.019432502028302996    0.1982664   0.026410035465701292    0.1240637    0.03172377669957504 
 0.001825  T17-2227   0.000440715  0.00022472143849330443           0.0                    99.0    0.02060063     0.01050429653332716    0.01671724     0.00852415231676071    0.02168777   0.008616764801038613   0.03792332   0.005278945743356812   0.05443945     0.0116842429345433 
 0.001825  T17-2198  0.0004019508  0.00020495549727042307    0.02663758    0.013582554021488889    0.01783713    0.009095186413068454    0.02752514    0.010519686476325993    0.03170431   0.008487480226166185   0.03366224   0.005165711011525132   0.04619527   0.012126966870298976 
 0.001825  T17-2369    0.01848431    0.008552894635738828    0.02471928    0.012604409108196385    0.01992613     0.01016037453120002    0.03113802    0.009504537586606725    0.04676003   0.008729924382729671    0.0534243    0.00639067661404487   0.07522728   0.012018899234621447 
 0.001825  T17-2205    0.00126484   0.0006449444822153377    0.01765624    0.009002950249087073    0.03339432     0.01256050824947478    0.01241136    0.006328576683022494   0.007349074   0.003747307173283738   0.02800346   0.004602239109554392   0.03443458   0.009975642071975316 
 0.001825  T17-2194    0.04606555    0.010936293970942168    0.03439064    0.014489620889881696    0.04697103    0.013458871130578113    0.06411939     0.01214565484824186    0.08246978   0.011491975680547406    0.1104822   0.011877083019876599    0.1344503   0.017498023695932063 
 0.001825  T17-2287    0.02009152     0.00969562683010686    0.01146722    0.005847158835246824    0.01520758    0.007754375698033014    0.01086573    0.005540457910523732    0.02392077   0.009832714592664276          0.0                   99.0   0.05389117     0.0120770628068123 
 0.001825  T17-2318    0.00521848   0.0026609131351293678   0.008619126    0.004394909166411492    0.01559755     0.00795322020084324   0.008742215    0.004457671997412018     0.0199313   0.008434308396515091   0.02843816  0.0047574065100624945   0.02056932    0.00993217716188772 
 0.001825  T17-2385  0.0001941032   9.897358083346687e-05           0.0                    99.0    0.01155109    0.005889925292488013           0.0                    99.0    0.01641166   0.007890310405116646   0.02356366    0.00417534070890173   0.04834597    0.01035841732239945 
 0.001825  T17-2233    0.01984535    0.010113102182757822    0.03286827    0.015409899049378261    0.05349497    0.012970068842662672    0.03324977    0.011814267609269269    0.05595146   0.009895945982142385   0.06529339   0.007476576258994621   0.08041121    0.01276617407620161 
 0.001825  T17-2361    0.02914278    0.008362032775111564    0.03230641     0.01647309659750956    0.04416188    0.012170114954241147    0.05272087    0.010446253940255234    0.07955851   0.011274598461241358    0.2132238   0.021654423391237392    0.2763623   0.029019125744275204 
 0.001825  T17-2358   0.007370814    0.003758392441706289   0.005514766    0.002811989944689803   0.009447027    0.004817057011553454     0.0157652    0.008038707224149974    0.05587793    0.00998281995051744   0.07478114   0.008449580215856702    0.1229374   0.015792848405760406 
 0.001825  T17-2415  0.0006272794   0.0003198509901074774   0.009632923    0.004911845744703339    0.01787434    0.009114161825839883   0.006962145   0.0035500108308559077    0.02978501   0.007829013714307186   0.05498473   0.006368627893508774    0.0604759    0.01127433648248091 
 0.001825  T17-2197   0.009501881    0.004845028153773991    0.01753504     0.00894114915200166           0.0                    99.0   0.007021748    0.003580403007153111    0.01975683   0.008027097280070424   0.02035608  0.0042149767925814255   0.02482943   0.009474496972980572 
 0.001825  T17-2327    0.01248485    0.006366049377427888    0.01320166    0.006731553175762411   0.005733419   0.0029234820263507027   0.006447566   0.0032876264849177376    0.02031944   0.008103809173717998   0.03634804   0.004952763248602239   0.06232483   0.011048789379854837 
 0.001825  T17-2346    0.00372224   0.0018979774394275607    0.01109562    0.005657680250702402   0.002308125    0.001176916951190801    0.01252021    0.006384077549266613    0.02583056   0.008589269687893204   0.03533563   0.005067757877573178   0.04007786   0.011192402096038008 
 0.001825  T17-2418    0.02711113    0.010587614473674843   0.004443487   0.0022657422018492507    0.03652929    0.013108887275762234           0.0                    99.0    0.03489283   0.014165896320660018   0.06197095   0.016373874790700123   0.07109305   0.021489455263713063 
 0.001825  T17-2303    0.01115519    0.005688051187622172           0.0                    99.0   0.007213518     0.00367818690436528    0.01873416      0.0095525867022383    0.02522992   0.008201370200714512   0.04531153  0.0060428184946143305   0.06278921   0.012477033819151129 
 0.001825  T17-2343   0.006848241     0.00349193095898828           0.0                    99.0   0.003977071    0.002027916753884737    0.00512961   0.0026155981487120685    0.01887123    0.00846192056410535    0.0185669   0.004342408365751544   0.04013067   0.011155459883993532 
 0.001825  T17-2365  0.0008544276  0.00043567430053522506    0.01436011    0.007322250071895251   0.008784211    0.004479085839761303           0.0                    99.0    0.01177483     0.0060040078133431   0.02883762   0.004558423125723741   0.03728467   0.010237581752743419 
 0.001825  T17-2387   0.003369826    0.001718280853141232   0.008335798   0.0042504396663367704    0.00709157   0.0036160053812009187   0.002597474   0.0013244570612049905    0.02485057    0.00789936777110985    0.0402724   0.005290160534792494   0.03836027   0.009524842258072834 
 0.001825  T17-2211    0.02773796    0.010439013761467891    0.02573986    0.013124804841714638    0.03749734    0.014377959925624219    0.04273952    0.012304778383506304    0.06238741   0.009925168627402257    0.0803848   0.008823040442829728    0.1007338     0.0135122804549758 
 0.001825  T17-2240    0.01578371    0.008048144528688957           0.0                    99.0   0.003261262   0.0016629238576938632    0.01438996    0.007337470645143325    0.01760871   0.008352869138964526   0.02474101   0.004884119489764864   0.04377194   0.012033843531247031 
 0.001825  T17-2268   0.007407447   0.0037770721701807725           0.0                    99.0    0.01301411    0.006635919103623627    0.01696217    0.008649041621126471    0.01804977   0.008469146008086648   0.04902779   0.006225669987635146   0.05727883   0.011722506138645823 
 0.001825  T17-2285    0.02270024    0.011482825110776354    0.04412251    0.016617029240468977    0.03218412    0.012027298604335225    0.04002794    0.011089399143994953    0.06545987   0.010361059251142713    0.1091247   0.011615036774077644    0.1419315   0.016895617958412056 
 0.001825  T17-2232    0.04703196    0.011091477458752554    0.07423663     0.01738294022016037    0.07452607    0.013902213000776136    0.08657078    0.013344478917817811     0.1479996   0.016805470433327387      0.18716   0.019144751160566176    0.2232694    0.02446137678489273 
 0.001825  T17-2221           0.0                    99.0   0.009190798    0.004686405834748954    0.01767418     0.00901209985125581    0.01118425    0.005702868938328672   0.009226013  0.0047043615416757344   0.02337927   0.004777607481203327   0.04447991     0.0102994275557643 
 0.001825  T17-2264    0.01583625    0.008074935757794052    0.02707574    0.013805972660496471    0.01315208    0.006706270275852666    0.00946002   0.0048236826578978015     0.0273846   0.008008457021625077   0.04907409  0.0064072043632152865    0.0706036   0.012298200229370962 
 0.001825  T17-2315     0.0294251    0.009437943634632493           0.0                    99.0     0.0358736    0.013461413611567694     0.0268525     0.01058794716320874    0.04267825   0.009495217909638778   0.06054379   0.007598521188619337   0.06833788    0.01357018867530382 
 0.001825  T17-2324    0.01511815    0.007708772224780935   0.005937267   0.0030274235387507133   0.002391617   0.0012194896849136896   0.008999284    0.004588752472436333    0.01281535   0.006534573933513492    0.0320394  0.0050560289566299954   0.04245086   0.011478629163950546 
 0.001825  T17-2522    0.02523458    0.008509699042121583    0.02773328     0.01414125358959325    0.05778841    0.013715230731773382    0.06530309    0.011090894864944172    0.07964918   0.011313004841091866    0.1164288   0.012212338380798701    0.1217471    0.01522672945839457 
 0.001825  T17-2557           0.0                    99.0    0.01106665    0.005642905449429487           0.0                    99.0    0.02546729    0.010617806100086825    0.03789832   0.008732847929723328   0.06045589   0.007048123398760624    0.1027703    0.01396696404370216 
 0.001825  T17-2596    0.02039017    0.009511763121511068    0.01737343    0.008858743897642487    0.03482499    0.011997806470263678    0.06337845    0.011566051873666702     0.0884803   0.011386660281290779     0.123983   0.014258967577177564    0.1360269   0.023927056951378287 
 0.001825  T17-2602      0.034547    0.009776404528672287    0.02598804    0.013251352308002983    0.04885384    0.012934021730287761     0.0537081    0.010974446756442395     0.1103265   0.013533688600400705    0.1503764   0.015546340502558022     0.198393   0.022067962586029555 
 0.001825  T17-2614    0.01118827     0.00570492266649584    0.01796089    0.009158291878568679   0.008425252   0.0042960524354936636           0.0                    99.0    0.01796395  0.0074049432218342495   0.04096496   0.005597887439929103   0.04835282   0.010036677587084285 
 0.001825  T17-2687    0.02481011    0.009120430086414236    0.02666799     0.01359806504273314    0.01855732    0.009462414660579245    0.02261287    0.010234207834952982    0.03542453   0.008341344145146692   0.06817917   0.007794853888163523    0.0873755   0.013422691695874565 
 0.001825  T17-2636    0.01973975     0.00953328965973871    0.01239667    0.006321084262195688    0.03030819    0.012827359366462022   0.009454948    0.004821096435200507     0.0605677   0.010208897960627484   0.08865919   0.009725018686109812    0.1345485   0.017487920328675445 
 0.001825  T17-2736           0.0                    99.0    0.01222976     0.00623597652749431   0.003873882   0.0019752999911355844    0.01549861    0.007902772462937106    0.00569755   0.002905191862967057   0.02556534   0.004375594736462348    0.0520072    0.01000448004077978 
 0.001825  T17-2732   0.005686508   0.0028995615256201483   0.006762236   0.0034480773319519615    0.00401935    0.002049474408195916    0.01468208   0.0074864232031743964    0.03524956   0.010861310342768776   0.06020464   0.008335294944385892   0.07023616    0.01387788899573188 
 0.001825  T17-2743      0.029955    0.009118169282978685    0.01693033    0.008632806342995191    0.06300274    0.012721085265207367    0.05129871    0.012203951345426654    0.09033424     0.0128459467200192    0.1392552   0.014590832576565363    0.1568958   0.018867829694556817 
 0.001825  T17-2644   0.005320891   0.0027131331941603622           0.0                    99.0   0.002850603   0.0014535285225409545      0.024496    0.010491411449604863    0.04371502   0.008543304510739917   0.06685489   0.007793085645084429    0.1011251   0.013626022954760534 
 0.001825  T17-2686   0.009333168    0.004759000575563974   0.007078221    0.003609199190342563    0.01207849   0.0061588446398928584    0.01177161    0.006002364948479058    0.02629109   0.009614858559912466   0.04842281   0.005862901352204556    0.0639566   0.011105230881342404 
 0.001825  T17-2649   0.009785189     0.00498948647522901  0.0002072848  0.00010569492400711776   0.001991237   0.0010153356319187955   0.006142263   0.0031319513991715595   0.006157823    0.00313988547353471   0.02552075   0.004509224017101945   0.02770165   0.009360203925569677 
 0.001825  T17-2674      0.011219   0.0057205890117190735           0.0                    99.0    0.01295418    0.006605359699097998    0.01540768    0.007856408059080689    0.02470495   0.007603328549207972   0.04047025   0.005495588157260786    0.0501728   0.010205750442043152 
 0.001825  T17-2647   0.008009957    0.004084293194894251    0.01255317    0.006400887839906117   0.007078727   0.0036094572007299504   0.006767944   0.0034509878522903203    0.03174237   0.009647539734348494   0.03823783   0.005265909926148947   0.04219922   0.010434518982712141 
 0.001825  T17-2697   0.001544024   0.0007873008505455586   0.007305372    0.003725023438205435           0.0                    99.0    0.02264229     0.01088779688559816    0.02015801    0.00807918623953935   0.02771906   0.004551457462573939   0.02161853   0.009996828320484152 
 0.001825  T17-2692    0.01891209    0.008906362010590519    0.02495156     0.01272284913345812    0.03366252    0.012848326769179092    0.03143131    0.010647382775948323    0.05967269   0.009830126838670242   0.09310702   0.009995894930758326    0.1178762   0.015901822491566808 
 0.001825  T17-2726     0.0256116     0.00810466234311683      0.047952     0.01529122097969943    0.03472984     0.01096704703776983    0.03604815    0.010332929599195042    0.08709953    0.01169978501961694    0.1468163   0.015193574369930896    0.1910693   0.021699515167897185 
 0.001825  T17-2733    0.02021119    0.009191220006596784           0.0                    99.0    0.01221643    0.006229179534482692   0.007190793   0.0036665998728109793    0.02295519   0.008223547020695268   0.02482811   0.004608135318807923   0.03748851   0.009994129306978222 
 0.001825  T17-2573  0.0006332294   0.0003228849067180651    0.01340583    0.006835656915429416   0.008651846    0.004411593158259968    0.01075885    0.005485957628801101    0.03070067    0.00862127022414412    0.0169183   0.004340921355020038   0.03431353   0.011631664711940807 
 0.001825  T17-2567           0.0                    99.0    0.01132089     0.00577254292154307    0.01840616    0.009385335920450422   0.007849601    0.004002527357582083    0.01737741   0.008482370095651452   0.02437508  0.0043476363756442425   0.04344143    0.01037228781980933 
 0.001825  T17-2448    0.01217608    0.006208605971326011   0.003491054   0.0017800952469006145    0.02196435    0.011199660022434832   0.002127619   0.0010848775701394191    0.01996939   0.007976341419561038   0.03272352  0.0052031540931808855   0.04439245   0.010325922031030691 
 0.001825  T17-2533    0.02500197    0.008420495358964638    0.01160412    0.005916962451226558    0.04395967     0.01172455207790852    0.03677705    0.011044212013499423    0.05670055    0.01011209551675245   0.07850869   0.008575152189309355    0.1139653   0.014701588804469437 
 0.001825  T17-2713   0.002547321   0.0012988844389288101    0.01027651    0.005240010541001802   0.008837907    0.004506466515522166  0.0009657693   0.0004924476016038507    0.02750802   0.007907309570548316    0.0129532   0.004093850578730983   0.02203175   0.009937946186695216 
 0.001825  T17-2731    0.04723763    0.010665261742470507    0.03223643    0.016437413658953435    0.06901695    0.015657805133179586    0.08331706    0.014597747302626387    0.09467304   0.013289632900299391     0.132625   0.014173207055600401    0.1253172   0.016790491600629207 
 0.001825  T17-2734           0.0                    99.0   0.008756842    0.004465130823544887   0.002803261   0.0014293887443597034    0.02696348     0.01014689699428712    0.01847795   0.007870304731235888   0.03295558   0.004817048716960728   0.04532424   0.011287763127594235 
 0.001825  T17-2672    0.01097217    0.005594731874226414     0.0201343     0.01026651885925312           0.0                    99.0    0.02100478    0.009904501641649013    0.02464381    0.00842590360018924   0.04049858   0.005657468230032583   0.05070497   0.010686865572852033 
 0.001825  T17-2693           0.0                    99.0    0.01006139    0.005130320433225395   0.003966333   0.0020224404461503657   0.008266342    0.004215023916403161    0.00829821   0.004231273471789078   0.02583795   0.004679182563323321   0.04017259   0.010414876657261476 
 0.001825  T17-2712   0.007804319    0.003979436996839956   0.007332514   0.0037388631969692285    0.01433761    0.007310774336247632    0.01283726     0.00654574490468709   0.006061644   0.003090844104045262   0.02406524   0.004511122052465439   0.02653682   0.009832710350860795 
 0.001825  T17-2679  0.0004674437   0.0002383504057515676     0.0195984    0.009993263384100361    0.01752938    0.008938267029279669    0.01571832    0.008014804001250935    0.02597925    0.00802044670496756   0.04024612     0.0055358774356595   0.06229334   0.011073108794952076 
 0.001825  T17-2690   0.001436443    0.000732445088716376     0.0134102   0.0068378851869568555     0.0268003    0.011920086526988803    0.02378126     0.01163968923027913      0.012902   0.006578756937598774   0.02931042  0.0046024439610350505   0.05445736   0.010904014073181353 
 0.001825  T17-2684    0.01581452    0.008063856568971697    0.01155138    0.005890071202892542    0.01610561    0.008212282947412186    0.01631244     0.00831774498743115    0.05258721   0.009412584351458265   0.08556692   0.009318216935860851    0.1040026   0.014206560558118246 
 0.001825  T17-2856    0.06650223    0.011392773679247077    0.07252397    0.014951160410001928    0.06556084    0.013361295688575865    0.07647651    0.012283890671726529     0.1363189   0.015753963121208234    0.1889967    0.01918410056373092    0.2178031    0.02379172493379612 
 0.001825  T17-2860    0.01069765    0.005454753590539265    0.01327859    0.006770778952299801   0.004415906    0.002251679086419146    0.01019311    0.005197487660000454   0.008627491   0.004399174986524952   0.01812722   0.004108490487065536   0.01527529  0.0077889021397402345 
 0.001825  T17-2741    0.03609871    0.008779267869598808    0.01587518    0.008094784279599117    0.02325667    0.011858626318022208    0.04657484    0.010432867568275368    0.06795017   0.010644635788223946    0.1040417   0.010980311767524455    0.1213256   0.014753784168355218 
 0.001825  T17-2847           0.0                    99.0           0.0                    99.0    0.01415951    0.007219963740452579      0.018828    0.009600431979031153    0.02951811   0.008381637508069946   0.03022711   0.004832321708814719   0.05849578   0.010650150777754275 
 0.001825  T17-2932           0.0                    99.0    0.03427656       0.016392465698129    0.01849763     0.00943197959368329    0.03394344     0.01127713365972205    0.02581301   0.009266540439243602    0.0414337   0.006209461265934509   0.03401129   0.010599736780799842 
 0.001825  T17-2859    0.01696683    0.008651421686542508    0.02348679    0.011975964955069007   0.005564174   0.0028371831803025616   0.009914689   0.0050555187779300365    0.02874582   0.009246289556148077   0.05278824   0.006395254033281321   0.08623705   0.012666013575045978 
 0.001825  T17-2753    0.04962724    0.009765416362624381    0.04895142    0.015061368966417495    0.06576603    0.013448423366893572    0.08594033    0.013026060170920176     0.1207653    0.01396464549763971    0.1824476   0.018725438895026304    0.2055947   0.023047637889755643 
 0.001825  T17-2818    0.01978964     0.00960622948637914     0.0291061    0.014841257186458295    0.02353569     0.01172594592432359    0.02688904    0.010767486731675872    0.04971772   0.012090677589183495    0.1094229   0.013846888984685187   0.09125437    0.01524632778346868 
 0.001825  T17-2813   0.002349521   0.0011980248523692694    0.01395273    0.007114526214950507    0.01708249    0.008710396946236721    0.01162042    0.005925272872453048    0.01150848   0.005868195428598557   0.03264775  0.0051185177131885555   0.05321638   0.010620850898500553 
 0.001825  T17-2745   0.006110304    0.003115655932998405    0.02676453    0.013647290977117362   0.006271803   0.0031980040979506406    0.01428857    0.007285771686295008    0.01458496   0.007436897603335681   0.03373846  0.0048898987159874795   0.04554301   0.010489653800645758 
 0.001825  T17-2702           0.0                    99.0   0.005919472    0.003018350323816611    0.02233905     0.01139073008941591    0.01119238    0.005707016402354562    0.02874105   0.008973215074796434   0.02530294   0.004582649753240695   0.02822412   0.009984710267592145 
 0.001825  T17-2749   0.002214553   0.0011292053863788864    0.02076586    0.010588552535653587    0.01304774    0.006653070047989875    0.02276097    0.010710433132115107    0.01845163   0.008588079032701666   0.03874136   0.005420258345235216    0.0557504   0.011030534468962462 
 0.001825  T17-2447   0.008956471    0.004566922530483127    0.01256275    0.006405771720019454    0.04402933    0.012006658871450833    0.03072685    0.010079541158111613    0.07951542   0.011103228941744335    0.1128841   0.012106632443289463    0.1598258   0.018287813864515244 
 0.001825  T17-2438   0.007247574    0.003695552125220771    0.01058089    0.005395218419279242    0.01114485    0.005682782723767819           0.0                    99.0    0.02440885   0.009265977061564203   0.03496391   0.005000681175128244   0.02847732   0.009548032845129147 
 0.001825  T17-2510   0.007988544    0.004073374174119456    0.03375469    0.017211577395624175    0.01041295    0.005309583524406599    0.03720518    0.012150408323230295    0.03696376    0.00893758225945988   0.03688179   0.005281252819328573   0.04843106   0.010273351847669044 
 0.001825  T17-2546   0.001439792    0.000734152652293411   0.005990504   0.0030545696792255634    0.02621927    0.012907670310254636    0.01934693    0.009865038340392044    0.02924984   0.008780677832467436   0.03187137   0.004844376763115974   0.04339034   0.010465977611874582 
 0.001825  T17-2478     0.0131864    0.006723770110823317    0.02146327    0.010944158352647728    0.01050109    0.005354528243560772   0.008576369    0.004373106798386887    0.02558638   0.009103067861254963   0.02192972   0.005037018970334338   0.03216525   0.009860427212865881 
 0.001825  T17-2516   0.001815971   0.0009259670584537929     0.0100323    0.005115491307783056    0.01038213    0.005293867365685033    0.02363297    0.012050502422318705    0.01600165   0.007491726210327364   0.04489495   0.005850530733923718   0.05859697   0.010548617514343243 
 0.001825  T17-2594    0.01205493    0.006146830369338168   0.007521271    0.003835111249892291    0.02906945    0.012267912886629291    0.02816647     0.01063494297358989    0.03027677   0.008218473350862008   0.03123075   0.004768522801206366   0.04766493   0.011167718739471772 
 0.001825  T17-2591           0.0                    99.0           0.0                    99.0    0.02525989    0.011319988287172431    0.01331709    0.006790412138588497    0.03471203     0.0084027328979028   0.04395729   0.005685044823285917   0.05345295   0.012788634532217463 
 0.001825  T17-2585    0.03851593     0.01069034753399762    0.02242936    0.011436774431739745     0.0779608    0.014215045124321625    0.06330629    0.012424213781163014     0.1116808   0.013595660420957894    0.2140103    0.02172218496884777    0.2593235   0.027959431794764712 
 0.001825  T17-2607     0.0115273    0.005877791783323138    0.01497368    0.007635107670448728     0.0131334    0.006696744326820608    0.01531463    0.007808958740764674   0.008631607  0.0044012727623760715   0.02906361   0.004602227554572351   0.02806052    0.01020796928265681 
 0.001825  T17-2576           0.0                    99.0    0.01222941    0.006235800022972674     0.0048632    0.002479755169850443   0.008702892   0.0044376216132690546    0.01259361   0.006421508274819086    0.0206685   0.004273083725297224   0.03510375   0.011673254174630355 
 0.001825  T17-2550    0.04393193    0.011081564008155574     0.0640116     0.01614907236989481    0.09218919     0.01584813908699255    0.07898531    0.014733489427761537     0.1464285   0.016890778830854308    0.2050103   0.020804862132014625    0.2549828    0.02751386094578513 
 0.001825  T17-2440     0.0176041    0.008558243842720362    0.01696923    0.008652644470645088    0.03942773     0.01240004925151223    0.02837317     0.01103580385324916    0.05979721   0.010603209379270504   0.08101102   0.009011159483547498    0.1044623   0.013816656769185375 
 0.001825  T17-2434    0.02716308    0.009539913926338801     0.0135943    0.006931762058524802           0.0                    99.0   0.006564412    0.003347206488326264   0.002305353   0.001175503502981633   0.02297286   0.004830510014194878   0.01003186   0.005115265970343771 
 0.001825  T17-2451    0.01421424    0.007247870674250472    0.02215564    0.011297204069613685   0.002118268   0.0010801089867019161    0.01804618    0.009201783377161463    0.02085503   0.008787530599818016   0.03497815   0.005031431307125737   0.03360224    0.00954567149730311 
 0.001825  T17-2519    0.02180185    0.008569265772516394    0.05037214    0.015472382646942132    0.03875268    0.012770616042518232    0.07095702    0.012853768563748298     0.1497937   0.017025891782552125    0.2415101   0.024426942863510857     0.335188     0.0350412656639126 
 0.001825  T17-2520    0.09282127    0.013484872499892388    0.08664439    0.017780144163766533     0.1460242    0.019381814526542657     0.1495485    0.017596678040283174      0.233987   0.024869838954495245    0.3081299   0.031293053304970356    0.3288517    0.03468625261326741 
 0.001825  T17-2230    0.02008046    0.009464161292892096    0.01917908    0.009779448356114367   0.009975669    0.005086612598923925    0.03843902    0.012682050678656192    0.07892895    0.01124831970747569     0.121946    0.01286237555200827    0.1865033   0.021532990024251162 
 0.001825  T17-2273    0.02008753    0.009644632490698338    0.02564924     0.01307859752688246    0.01438411    0.007334487718727873    0.03491579    0.010145953501314748    0.03299392   0.008173356080019272   0.05789807   0.006916405803907837   0.05447888    0.01102913810271469 
 0.001825  T17-2309    0.01219213    0.006216789897645327    0.01973682    0.010063841070465492    0.01326951    0.006766147081420119    0.01277067   0.0065117885725847246    0.02066756   0.008395354233492773   0.03862327   0.005455886793709891   0.05530588   0.011004447841138828 
 0.001825  T17-2272    0.01381648    0.007045052074077806    0.03343639     0.01703279236257875    0.03087296    0.012276922511428342    0.02762103     0.01177102562224333    0.03238323   0.008994024608221728   0.05665431   0.006932434749196057    0.0749665   0.012390782138765736 
 0.001825  T17-3019    0.06086474     0.01308799541469877    0.06661925    0.019282382365922137     0.0939059     0.01746826186086355     0.1144544    0.015917222630949156     0.1780249    0.01999584114855039    0.2641574   0.026962326833442327    0.3159476    0.03359774379385021 
 0.001825  T17-2999    0.01274915    0.006500815482591473    0.02269359    0.011571510727250829    0.04699757    0.015728213776393968    0.04429534    0.012250392605874148    0.05408475   0.010051400687323584    0.1624101    0.01672839429104506    0.2648069   0.028337605905203074 
 0.001825  T17-1425    0.01315016    0.006264511799362501   0.001275749   0.0006505067084285142    0.01559074    0.007949748749135158    0.02186226    0.008671657579510678    0.02257639   0.007008573733245374   0.05206706  0.0062243318637697975   0.06766897   0.010396935312833007 
 0.001825  T17-1354    0.02848648    0.006975281649579464      0.029861    0.012317535598487224    0.05859487    0.011211749537903217    0.05944059     0.01024356767312761    0.08065464   0.011115462674396644    0.1002949   0.010551162627711745    0.1043379   0.013021748337201728 
 0.001825  T17-1254   0.001189768   0.0006066648287486922           0.0                    99.0     0.0111086    0.005664298778031046           0.0                    99.0    0.01369166   0.006981403170767107   0.02330609   0.003921992878798354   0.04122129   0.009763542757475742 
 0.001825  T17-1032   0.007960101    0.004058870542626607   0.001034527   0.0005275071399177266           0.0                    99.0    0.01217871    0.006209947013458086   0.006786269   0.003460331315258643   0.01900466   0.003973217227805698   0.02036429   0.008835635308656475 
 0.001825  T17-1083    0.03371171     0.00732840928385151    0.04727231    0.013296818295628508    0.06145787    0.011728798064695034    0.04743291    0.010585314443075417    0.06942263   0.009729845810143653   0.09845989   0.010600190705743032    0.1192506   0.014658170065948068 
 0.001825  T17-0981    0.01693553    0.007070663850467578    0.02776181    0.011847089831395768    0.03971925     0.01113813766054384    0.05635696    0.010651077265887099    0.08473971   0.010929591145143993    0.1841028    0.01875245036834131    0.2733731   0.028611881923356598 
 0.001825  T17-0995   0.005137263   0.0026194999380554852    0.02042844    0.010416501419225939    0.02086047    0.010281751011102583    0.02025021    0.008807969269421075   0.009865089   0.005030227641142616   0.03675322     0.0048573775490114   0.05779072   0.010928325041082232 
 0.001825  T17-1026           0.0                    99.0    0.02166855    0.011048840831029515    0.01012323    0.005161853750478116    0.01309977    0.006679596324196396    0.02998204  0.0076390535938269215   0.04664865   0.005701361395714711   0.04587867   0.009223407484551954 
 0.001825  T17-1152   0.006163967   0.0031430192917045368    0.01538492    0.007844802690667752   0.007331621   0.0037384073642363277    0.02567897    0.009473125025399909     0.0452376   0.008671689389850228   0.08084943   0.008751134334508756    0.1109437    0.01352267983113717 
 0.001825  T17-0901   0.002836249   0.0014462084093504678    0.00993982    0.005068333614159984   0.001743297    0.000888910542098776           0.0                    99.0    0.00452239  0.0023059754858076875   0.02036823   0.004352372751542887   0.03208466   0.008981824180585591 
 0.001825  T17-0876    0.07522422     0.01057628784969873    0.07220527     0.01260876267736565     0.1173386    0.016109981725936254     0.1204112    0.015308938107174385      0.202758   0.021612478781149212    0.2667638    0.02690753658006983    0.3844159   0.039398551714082346 
 0.001825  T17-0939    0.01191421    0.006075080889065593    0.01704283    0.008690171293103779     0.0147844    0.007538592448514776    0.03477102    0.010163748911847438    0.02622101   0.008299197279613552    0.0314286   0.004862762105596469   0.05084126   0.009769506512579077 
 0.001825  T17-1885    0.05461628    0.008932510083066237    0.05255052    0.012731556398928767     0.1084415     0.01463278690573074    0.09415259    0.012852929918557753     0.1716464   0.018715327985497906    0.2496112    0.02522865249312141    0.2933168    0.03038014966606985 
 0.001825  T17-1812           0.0                    99.0           0.0                    99.0   0.009428141    0.004807427003300082    0.01477378    0.007533181212114042    0.02904689   0.008263193168137001   0.03381414   0.004909501356954696   0.03878436   0.009462801340975727 
 0.001825  T17-1853    0.02866152    0.007085543677632154    0.03299711    0.011575702202334033    0.04506744    0.010966676162474208    0.03820372    0.009860706947937607     0.0785409    0.01095885801079606    0.1157642   0.012088615913915208    0.1560137    0.01786750311792616 
 0.001825  T17-1478           0.0                    99.0   0.005152008   0.0026270189326186135    0.01680342    0.008568096647509528    0.00864714    0.004409193559676871    0.01072828   0.005470369926148048   0.01942645   0.004115142297121814   0.03139441    0.01022859585205032 
 0.001825  T17-1592    0.02432769    0.006838608732407565    0.01657346    0.008450837633613607    0.01754313      0.0089452762199495    0.03599507    0.009335006999591645    0.05580138   0.008878497050983798   0.08565595   0.009210171010757022    0.1002693   0.013698352730752884 
 0.001825  T17-1776   0.002275778   0.0011604236430605161    0.01752561    0.008936344698923043    0.01338204    0.006823527328587246    0.02585944    0.009932202521500455    0.03113928   0.007979890027198684   0.04044895  0.0051732868748915325   0.05511067   0.010755707952250936 
 0.001825  T17-1862    0.01388051    0.007077699134861978           0.0                    99.0    0.01591871    0.008116981292122459   0.005461164   0.0027846581802930424    0.02693859   0.007500534002218909   0.02311755   0.004257989919263078   0.04937835   0.009797189230869688 
 0.001825  T17-1778   0.004148032    0.002115089611100731           0.0                    99.0    0.01063444    0.005422523668774531           0.0                    99.0   0.006657823  0.0033948374297950246   0.02323877   0.004344997375853062   0.02647241   0.008798586323136518 
 0.001825  T17-0496     0.0388475     0.00953855733405786    0.01874898    0.009560141487996084    0.04966901    0.012292260389037527      0.078381    0.012309911964023505     0.1313877   0.016516687090796994    0.2256362   0.022859898771007803    0.2797314   0.029787978254317633 
 0.001825  T17-0404    0.01725949    0.008388546584323293    0.02278633    0.011618799034219888    0.02112947    0.010084081534684755     0.0349296    0.010139423266383745    0.03186956   0.011405040862019567   0.05655876   0.006630216076395776   0.07539429   0.012132779771096235 
 0.001825  T17-0410    0.02454039    0.009291108435440896    0.01601447    0.008165808522403952   0.006352389    0.003239096037183555     0.0270784    0.010546710961930264    0.03900704   0.010159460501100046    0.0898505   0.009819050923570006    0.1199496    0.01672287937527506 
 0.001825  T17-0492     0.0135168   0.0068922407349717545           0.0                    99.0    0.01322979    0.006745894756492796    0.02486058    0.010240207045473494    0.02437277   0.009846864188571558   0.07139599   0.008072672615436972   0.09000013   0.013476571711892048 
 0.001825  T17-0476    0.02483491    0.010424499530892648    0.02296617    0.011710489995345585    0.02167565     0.01105245132907741   0.008265001    0.004214340628176727    0.03374175   0.009679897313741815   0.04396695    0.00567523461022018   0.08437923   0.012978544549139938 
 0.001825  T17-0475           0.0                    99.0    0.01262939    0.006439749624896686   0.005085703   0.0025932093934434007    0.01626828    0.008295227717259122    0.02529629   0.009095376544168856   0.03769753  0.0054855641561620625   0.07302299    0.01289144423849791 
 0.001825  T17-0516     0.0668619     0.01292108450578743    0.07974028    0.024960154690371692     0.1432771     0.01898723749438554     0.1387463     0.01764323524015366     0.2379343    0.02580019847820602    0.2997023    0.03025908352550561    0.3384965     0.0355783862234166 
 0.001825  T17-0484           0.0                    99.0  0.0009168615    0.000467509517005229     0.0209464    0.010680610233951992     0.0230563    0.011415874617448283    0.03367589   0.009508890073658492   0.04704388   0.006719339103609818   0.03865535   0.013450237792553148 
 0.001825  T17-0214    0.03951752     0.01027868168225522    0.04328835     0.01642306198311767    0.06605609    0.012350344825055735     0.0587226    0.012734414067290258     0.1071375   0.015155844519029616    0.2030939   0.020909099349525413    0.2353248   0.027085409234687594 
 0.001825  T17-0230    0.03032753     0.00947519720212904           0.0                    99.0    0.06061509    0.012383915869367854    0.05068332     0.01089647866910375     0.1191485    0.01521822232740132    0.2203681    0.02234517909669547    0.2618222   0.028439723945729505 
 0.001825  T17-0277     0.0102908    0.005247297039886726    0.01372148   0.0069966113886986755           0.0                    99.0     0.0136501    0.006960212626249287    0.03413042   0.009918413197293861   0.06836016    0.00796577292633251   0.07817969    0.01297502294924217 
 0.001825  T17-0283    0.03854381     0.00896368640233972    0.05365033    0.015677495901960523    0.06422937    0.011588202334799173    0.06366847    0.011363398836561622     0.1271724   0.015766552609113256    0.2129813    0.02158972468183409    0.2425226    0.02645554283531525 
 0.001825  T17-0332    0.02117645     0.00932931451392014           0.0                    99.0    0.03183884     0.01219253920172316    0.02604643    0.011641421255476027    0.04779305   0.012591073538246251    0.0450978   0.005870161258040617   0.05792585   0.012800412436508637 
 0.001825  T17-0268    0.06720993    0.010861583964681442    0.09760321    0.019023268856427935     0.1307137    0.017560162887550333     0.1570283    0.018255764038193418     0.2446263    0.02713005119040139    0.3832441    0.03872816436696096    0.4365792   0.044822503050659726 
 0.001825  T17-0326    0.03999023    0.009233855162347144    0.02761896    0.014082961598513858     0.0749035    0.013109445103241402    0.05802839     0.01155866137643741    0.08630959     0.0127073754671846    0.1351733   0.014049071816946344    0.1673989    0.01943380810218947 
 0.001825  T17-0320   0.006147616   0.0031346813946075223           0.0                    99.0    0.00900043    0.004589336820072591    0.00353087   0.0018003975029959357    0.02835218   0.009873736577519577   0.02693028   0.004769818037430045   0.05178518    0.01178513203543872 
 0.001825  T17-0204    0.01010592    0.005153028328280759    0.01061916    0.005414732366957761    0.01508678    0.007692777581147462    0.02344734     0.01095559293504263    0.02980765   0.009032801333041372   0.02995707   0.004667635692419129    0.0402413    0.01116943455562993 
 0.001825  T17-0202    0.01782919    0.009091139752736012    0.04232143    0.017540313062786222    0.05695035     0.01144654400411906    0.07807135    0.012668701451792958    0.07912952   0.013437667845720255    0.1522602   0.015749126667891432    0.1760978    0.02100026499239712 
 0.001825  T17-0224    0.02981582    0.009001916664684693    0.02124049    0.010830562395923907     0.5262996     0.06224705572924715     0.0181497    0.009254565485424153    0.04114847   0.010215430819809267   0.05657219   0.006678890494080361   0.07666507   0.012425151061825889 
 0.001825  T17-0197  0.0006335276  0.00032303695947996045   0.008093161    0.004126718096274473      0.010683    0.005447282546371172   0.005387361    0.002747025396286538           0.0                   99.0   0.01988174   0.005052267323950703   0.02022478    0.01031265478781211 
 0.001825  T17-0219    0.01466207    0.007476218103966335    0.00239181   0.0012195885862806358    0.02156229    0.010994658649678078    0.01232263    0.006283331121717047     0.0205025   0.009455762907618613   0.02738252   0.004536301283991728   0.01826056   0.009311095176913186 
 0.001825  T17-0272     0.0524693    0.011054308015579266    0.07635168    0.017942890664848964     0.1161521    0.015929112333350533     0.1089866     0.01533078473909604     0.2055744    0.02246974335865724    0.2521232   0.025569922440442483    0.2812278    0.02997086040358034 
 0.001825  T17-0317    0.01489547   0.0075952311805749535           0.0                    99.0    0.01752553    0.008936302926186255    0.02317584    0.011534294624321678    0.03980618    0.01009948053412194   0.04293804   0.005621312885654471   0.05723478   0.012093903718902512 
 0.001825  T17-0270   0.004783002   0.0024388620531553317   0.003666403    0.001869506534459853   0.003938594    0.002008296766211946   0.008559875    0.004364697456181842    0.02175858   0.010887644161904998   0.02832515    0.00483489161535706   0.04372062   0.011020196931282308 
 0.001825  T17-0238    0.02228522    0.008650486468373268           0.0                    99.0    0.02361808    0.010645237612837208    0.02679863     0.01026809384465929   0.003431635  0.0017497968925624624   0.02790911   0.004794911330217692   0.04855271   0.011625375603697327 
 0.001825  T17-0256    0.00993264    0.005064672518149223           0.0                    99.0    0.00683941   0.0034874285051461626    0.01872222     0.00954649847293907   0.001772594  0.0009038490415096816   0.02820301   0.004831440620593096   0.06887495   0.011716447911156735 
 0.001825  T17-0113    0.02090156    0.008263107383579193           0.0                    99.0    0.03049021    0.010104178157673043    0.01948877    0.009937359891430823     0.0309694    0.00997061255996847   0.04154924   0.005846683507556827   0.04115459   0.011389222699095009 
 0.001825  T17-0115    0.01963026    0.009036920329926838   0.005439305    0.002773511743247944   0.002932304   0.0014951875315786177    0.01090116    0.005558523736660392    0.02433051    0.00893187522907911   0.02710989   0.004600561247589798   0.03883808   0.011002459109365688 
 0.001825  T17-0225    0.04396086    0.009565575297434285    0.02245924     0.01145201030204636    0.05353879     0.01210733447519482    0.07657107     0.01220594664353179     0.1276582   0.015821848991641938    0.1869079   0.019109696884680012    0.2047931   0.023638382958201688 
 0.001825  T17-0217    0.01453904    0.007413484866890604           0.0                    99.0    0.00843927    0.004303200241047819     0.0127904   0.0065218508992463935    0.02198607   0.009016790672055885   0.03116719   0.004844917913119376   0.03126449   0.010179859883023194 
 0.001825  T17-0151   0.008323728   0.0042442851497838645    0.01260904    0.006429372139605858   0.008489743    0.004328937012529115    0.01634686    0.008335293851435593    0.02472439   0.009077827956921027   0.06174375   0.007360167956813622   0.08118526   0.015025175986080028 
 0.001825  T17-0148   0.002142493   0.0010924618517639368   0.001760437   0.0008976503596031419   0.009584114     0.00488695843064978    0.01217241   0.0062067375729065585    0.01643664    0.00838107480978997   0.02225014   0.004221708650105073   0.02480217   0.009592177110932064 
 0.001825  T17-0141    0.02650538    0.009701248682391767    0.01842426    0.009394565145770025    0.03428188    0.011619551727400847    0.01513666   0.0077182105099005945    0.01800848   0.009182558112433866   0.03139276    0.00491212428172018   0.04839019   0.010780245965244113 
 0.001825  T17-0168    0.03463983    0.011087883505624011    0.04002467    0.017789018086900945    0.03604471    0.012035779897735792    0.04117039    0.010249764336127197    0.05906997   0.010573280157556264    0.0937146    0.01010167268150384    0.1221455   0.016125224224903045 
 0.001825  T17-0173    0.03073262    0.009593800564181434    0.02348362    0.011974343662979779    0.02995173    0.011377156321872747    0.03976288    0.011361687106580783    0.06012851   0.012129040942572542    0.1020005   0.010803583257242202    0.1286877    0.01633086666761443 
 0.001825  T17-0190  0.0002702728  0.00013781262811933602   0.006895722   0.0035161421038311064    0.01262317    0.006436580976501266  0.0005088847  0.00025948135057591497   0.009681462   0.004936596365810703   0.03033911   0.005152887455429431   0.04002495   0.010390590034869097 
 0.001825  T17-0215  0.0007534507   0.0003841860312120482    0.01974513    0.010068081297423308   0.001610948    0.000821425724854463           0.0                    99.0   0.003040216  0.0015502120709537002   0.02314674  0.0043764264865870876   0.04298256   0.011460909869025931 
 0.001825  T17-0206   0.004084284   0.0020825843815054793    0.01270738    0.006479518839244546           0.0                    99.0    0.02300849    0.010135275783869031    0.01782777   0.009090416672545764   0.03670386  0.0054960537765363976   0.04424155   0.010572804175288077 
 0.001825  T17-0246    0.02095667    0.010261455131085895    0.01042115    0.005313766681569111    0.01362463   0.0069472244429674935    0.02762845    0.011640014124172059    0.02478011     0.0096614569503195   0.03465249  0.0050432333226042595   0.04273604    0.01050777716918212 
 0.001825  T17-0252    0.02326074    0.009112978954158295    0.01622319    0.008272235257691659    0.02966777    0.011331200819601116    0.03479156    0.010759235859875737    0.06317507   0.011438991218222784   0.09306038   0.010082381817152384    0.1172245   0.021391954619889225 
 0.001825  T17-0248    0.03353973    0.008918670424049204   0.003032909    0.001546486707685459    0.05000983    0.012016390644881225    0.04032516    0.010505808966649452    0.08161674    0.01280702978638236     0.112075   0.011970403879291793   0.07934505   0.020174844917865538 
 0.001825  T17-0361     0.0091814    0.004681613776210079    0.01482055    0.007557028345798434    0.01969582    0.010042939012782463    0.01115541   0.0056881663077934875    0.02886733   0.010534854240576326   0.06066703   0.007605969730850169    0.1082929   0.015949920498676474 
 0.001825  T17-0369    0.01007314    0.005136311781153866    0.03118791    0.015902771264914208     0.0107187    0.005465485065454026   0.008396759    0.004281523308903247    0.04165731   0.010436651190896531   0.07009327     0.0080398694880455    0.1069267   0.015203374533125863 
 0.001825  T17-0350    0.01148533    0.005856390217843924    0.01167997     0.00595564047539851    0.02196587    0.011200444879207655   0.004566462   0.0023284478846079936    0.02528416   0.010822204154378902   0.04975704    0.00625528383456938   0.07393038   0.012764150307946238 
 0.001825  T17-0364           0.0                    99.0    0.01894568    0.009660439201828455  0.0003727992  0.00019009103954517793           0.0                    99.0    0.01984972   0.009547192855645056   0.04946139   0.006417154335940659   0.05370274   0.011363232069159549 
 0.001825  T17-0382    0.03236392    0.009865073319837213    0.04775802      0.0185323737879637    0.04122652    0.011284890931130172    0.04873112    0.011910526628346204    0.06542524   0.011323981134976558   0.07633035   0.008522743914727756   0.07322872   0.013952538524884425 
 0.001825  T17-0372   0.004643185   0.0023675686017317955           0.0                    99.0   0.009523137    0.004855866629652084           0.0                    99.0   0.007148244  0.0036449035643922544   0.03380104   0.005135744224715635   0.04762948    0.01163185305146192 
 0.001825  T17-0360     0.0132978     0.00678057318820474    0.01935768    0.009870518805788478   0.009288118    0.004736029492655239    0.01753389    0.008940563745338267   0.003968498   0.002023544874165394   0.01006855   0.003667350335469193   0.04099531   0.011952968867225456 
 0.001825  T17-0491    0.00188401   0.0009606605714965301   0.001237972   0.0006312445346442851           0.0                    99.0     0.0205584    0.009917767512777459   0.001446474  0.0007375598171323937   0.02207131   0.004352894797532557   0.04034968   0.010924025131398408 
 0.001825  T17-0319     0.0321595    0.012110581035231134    0.03278363    0.016716432006737232    0.07177563      0.0146061798003403    0.07327099    0.012957576016994885     0.1314628   0.016476346593818213    0.1930162   0.019862517557691826    0.2486302    0.02702433116186227 
 0.001825  T17-0371   0.009215532    0.004699017749613874           0.0                    99.0     0.0145891   0.0074390085974143086   0.006890209   0.0035133315046636023    0.03935586   0.010741453692838786    0.1105882   0.011955877987632526    0.1959271    0.02193456414907734 
 0.001825  T17-0041           0.0                    99.0    0.02181645    0.011124255329635553           0.0                    99.0    0.01589121    0.008102959969040757    0.02620528   0.010166435635660121   0.02380775   0.006209973796015648   0.04627309   0.011260444558008401 
 0.001825  T17-0025   0.007206377   0.0036745461848209622    0.01210127     0.00617046314808686           0.0                    99.0           0.0                    99.0     0.0283666   0.011942229613820026    0.0256327   0.005866663143963866   0.06089722   0.011955837976791254 
 0.001825  T17-0027    0.01830199     0.00933222237591936    0.01135631     0.00579060266807955   0.008753004     0.00446317381985557    0.02396251    0.012218525705562885    0.01413413   0.007207022428927081   0.02659898   0.005798651087589682   0.04204416   0.011266478711534317 
 0.001825  T17-0026    0.03032917    0.013516847817630745   0.008255912    0.004209705639050484    0.03307618    0.016063688054578997    0.01101345    0.005615780626778525    0.06963164   0.012601917507367518     0.082454    0.00991209430719669    0.1065318   0.014158088296178973 
 0.001825  T17-0033   0.007717761   0.0039353009037341995           0.0                    99.0           0.0                    99.0    0.02425787    0.012369140151723117    0.01914857   0.009763892228159066   0.02768128   0.005871713819135346   0.05323275   0.011323279256056923 
 0.001825  T17-0010    0.01739264    0.008868543036450802    0.02120431    0.010812114143323729  1.322318e-05   6.742526265755663e-06           0.0                    99.0    0.01476529     0.0075288482222243   0.01972438   0.006013977050911069   0.03030448   0.009776459118060282 
 0.001825  T17-0015           0.0                    99.0    0.01914516     0.00976215346250493   0.005087402   0.0025940762071490963   0.005510512   0.0028098208217887206   0.008894902   0.004535527886949549   0.02841949   0.005512713157892582   0.05036159   0.010920264458207275 
 0.001825  T17-0051    0.02578256    0.008542178720393995    0.02933472    0.012509686660711531    0.02842149    0.009681124597753351    0.01819245    0.008452168884589625    0.06913395   0.009921513431264102     0.148856   0.015364392901904356     0.211483   0.022647444774340462 
 0.001825  T17-0006      0.016261    0.008120981964532122    0.02813033    0.011590737176689367    0.01005032     0.00512467974094655    0.02176549    0.008058920341374893      0.100664    0.01253637318002699   0.09498603   0.010803533409433139    0.1774351    0.02178048359610273 
 0.001825  T17-0007    0.01193141    0.006083851202628973           0.0                    99.0   0.002844514   0.0014504232392687866    0.01260071    0.006425125636931702     0.0157116   0.006188850064627193    0.0298531  0.0045955292324959705   0.04215737     0.0091554576165224 
 0.001825  T17-0013   0.001231203   0.0006277929102774657   0.004535058   0.0023124349237275067    0.02140185    0.009853139285153184   0.003960035   0.0020192300642413808   0.005757095   0.002935554464951085   0.01921567   0.007304356878913434   0.02562443   0.010340698460000127 
 0.001825  T17-0014   0.006072945    0.003096606996287913   0.005295569    0.002700221456948043    0.01455153    0.007419853542263082    0.01594583    0.007669851045229627    0.04722294   0.007653260595036602   0.05488045   0.006183632263775799    0.1010731   0.013167067572963846 
 0.001825  T17-0032   0.008368929    0.004267332737596918    0.02382111    0.011966984125765398    0.02130779    0.009215699870277733   0.006104307   0.0031125985412864426    0.02422349   0.006833000373756905   0.03032703   0.004344601815156137   0.03702862   0.009223550083442927 
 0.001825  T17-0042           0.0                    99.0  0.0008775306   0.0004474545653174785   0.004260043   0.0021722037482840993    0.00923649    0.004709704274710462    0.03209195   0.007135525106460281   0.05908455    0.00696128991746939   0.08993458    0.01268208093811138 
 0.001825  T17-0045   0.004627044   0.0023593387646252415           0.0                    99.0           0.0                    99.0    0.00590234    0.003009614683585924   0.006220461  0.0031718256925446285   0.02993164   0.004537232949708555   0.04383179   0.009522780834052887 
 0.001825  T17-0053    0.00804116    0.004100203175192176   0.003981397   0.0020301216091456417   0.005803012    0.002958967142561309    0.01567334    0.007991867630898111   0.004325766  0.0022057165245236206   0.02140147   0.003969781849884575   0.04742558     0.0089521189319021 
 0.001825  T17-0019  0.0002181559  0.00011123816813957385           0.0                    99.0    0.01080025    0.005507070511329413   0.002628823   0.0013404414871878182    0.03096538   0.007127035688857816   0.03028337   0.004676998836004239   0.03913954   0.009209866284251906 
 0.001825  T17-0016  0.0002710756  0.00013822197740588724   0.007022633   0.0035808537800897274           0.0                    99.0    0.01822597    0.009034918815630498    0.01491223    0.00645395657434918   0.01742591   0.003706608909739737   0.04918155   0.009519199860149277 
 0.001825  T17-0017    0.01371422    0.006863570661713041   0.002122639   0.0010823372778409742    0.01171996   0.0059760324350140535    0.01185007    0.006042372836163373    0.02794083  0.0067753111638874566   0.05620227   0.006345979825064842   0.08966022   0.012182021008175122 
 0.001825  T17-0028   0.002759409   0.0014070285239886965    0.01219915    0.006220372351085906    0.01381333    0.007043443921769662           0.0                    99.0    0.01134914   0.005786948632249642   0.03276925   0.005948845884751512   0.02247294    0.01131851363790034 
 0.001825  T17-0030   0.007855406   0.0040054868481193846   0.001549202   0.0007899411228496968    0.01128812    0.005755832454016361   0.002149596   0.0010960831950340996    0.01948014   0.007225434817479983   0.04222844   0.005283699043940429   0.07479234   0.010747639735886433 
 0.001825  T17-0018    0.02915306    0.007219883084909686    0.03036823     0.01116465845861077    0.03265825    0.010065282542657459    0.04521448     0.00939695771901912    0.06192606   0.009011716885195462    0.0792749   0.008617196936378151   0.09458297   0.013189920932214301 
 0.001825  T17-0022   0.008568024    0.004368852156893131   0.005388991   0.0027478565364672533   0.005336926   0.0027213089816600683   0.005613598    0.002862384574346543     0.0185488   0.006483965771695668   0.02499837     0.0039848522782373   0.04484353   0.009264925132780783 
 0.001825  T17-0024    0.02445313    0.008641423271990443    0.02251479    0.011480330452541035    0.03242356    0.009490221566152025     0.0453137     0.00888376336452632    0.06106281   0.008779496012674134     0.094252   0.010098860233174882    0.1376965    0.01621542939002591 
 0.001825  T17-0039    0.01091324    0.005564682371652132   0.007414884    0.003780863820702692    0.01174134     0.00598693315815343    0.01399819    0.007137705377078617    0.01558421   0.007431337934577461    0.0231574  0.0040982482307078474   0.04420481   0.010855335989442473 
 0.001825  T17-0012    0.01059043    0.005400082883895209    0.01365222    0.006961291657224829   0.005287188    0.002695947478403361   0.003119707   0.0015907451772595414    0.01262758   0.006438828663526077   0.02713975   0.004167225691950221   0.04303375   0.009205149051137085 
 0.001825  T17-0374   0.008922749    0.004549726636298714    0.03228906    0.016464254701556824    0.01633471    0.008329098542726579     0.0214692    0.010947186974122622    0.01134111   0.005782852158418889   0.03552961   0.008143805151325578   0.04093762    0.01162437553684257 
 0.001825  T17-0381    0.01330314    0.006783296064624999           0.0                    99.0   0.006411262    0.003269115004475591  0.0006861917    0.000349890437807507    0.02002316   0.010209848356379052   0.04362749   0.008390583430939829   0.05034285   0.012435169189187778 
 0.001825  T17-0452    0.01161773    0.005923905158526594           0.0                    99.0    0.02311871    0.011788280244812684     0.0148576   0.0075759192325156165    0.01982961   0.010111158794854821   0.02906436   0.007710305226120234    0.0414348   0.012664033909086788 
 0.001825  T17-0453    0.04221599     0.02152601077666043    0.01024502    0.005223954709134163           0.0                    99.0           0.0                    99.0    0.01954888   0.009968010097727027   0.05364421   0.009442401269952575    0.0577164    0.01290595826740502 
 0.001825  T17-0474    0.02725496    0.013897357288219081   0.008410016   0.0042882835693627535    0.03760914    0.019176973874944294    0.03412303     0.01739939468038785     0.0498711   0.016759615339514807   0.04539203   0.009318971229609254   0.04307616   0.012772130677512502 
 0.001825  T17-0544           0.0                    99.0    0.02589662    0.013204737071609718    0.01773513    0.009043179355771841    0.03141222    0.016017152274526953    0.06095179   0.016838975541253718   0.04621103   0.008392970263070043   0.06997197   0.013755735428947775 
 0.001825  T17-0532           0.0                    99.0           0.0                    99.0    0.06184519      0.0258021564265753    0.02918249    0.014880203693619285    0.02649127   0.013507945364082171   0.08874399   0.011495441500200067    0.1160947   0.016323321620335122 
 0.001825  T17-0534    0.01106717    0.005643173540186231           0.0                    99.0           0.0                    99.0    0.01405061    0.007164432476207518    0.01715779   0.008748791582593394   0.03702762   0.007789177546920342   0.04222009    0.01267744998545374 
 0.001825  T17-0487   0.002781582   0.0014183340896658445    0.05283658     0.02436233561897061           0.0                    99.0    0.03518774     0.01794229728992294    0.04890853   0.017539317002087308   0.07305736   0.010096556185360284   0.08293585   0.014140787181353273 
 0.001825  T17-0422    0.00340559    0.001736516986529645   0.003348109   0.0017072078027539031    0.03284678     0.01674863721786892           0.0                    99.0    0.01883807   0.009605568652842683   0.05595583   0.009372172879086791    0.1074449    0.01638076995004203 
 0.001825  T17-0442    0.01587187    0.008093099445882152    0.04507147    0.022982035406534575           0.0                    99.0           0.0                    99.0    0.05473065    0.01781487688936202   0.07577257   0.010451277185705534   0.09949333   0.014928872931262728 
 0.001825  T17-0535           0.0                    99.0    0.03615722     0.01843663703372673    0.06148347    0.025481790659190515           0.0                    99.0    0.02331829   0.011890036670458211   0.03064209   0.007818418122495752   0.01134092    0.00578275527704813 
 0.001825  T17-0212           0.0                    99.0    0.02980907     0.01519969805830198    0.01660179    0.008465285117056956    0.03156461    0.016094861135798003    0.03571168    0.01697790236186803   0.03527597   0.007829644156474162   0.03605935   0.012099642153928562 
 0.001825  T17-0193   0.009894012    0.005044976025572118           0.0                    99.0    0.04496545     0.02292796579584471    0.06522513    0.019528386510963187    0.05224394   0.016497276834172844    0.1263191   0.014466111552549427     0.157294    0.02043264350995485 
 0.001825  T17-0297    0.03274936      0.0166989625697675           0.0                    99.0    0.04054883    0.020675932445239055           0.0                    99.0    0.04055824   0.016367860064131046   0.03285823   0.007264782662866798   0.03626401   0.011079076203623703 
 0.001825  T17-0303    0.01284813    0.006551284597156347   0.005674209   0.0028932897512300437    0.01132347    0.005773861410319614   0.005542428    0.002826094852468303    0.06451598    0.01629948225078343   0.05064171   0.008467514382627113   0.03667703   0.012526139366089978 
 0.001825  T17-0286           0.0                    99.0           0.0                    99.0    0.01862659    0.009497735568749902    0.03911911    0.019946915427341668    0.04913804    0.01673159133386051    0.1150174   0.014047198299974306    0.1479036   0.019287823602760372 
 0.001825  T17-0325    0.01079541    0.005504601605304148           0.0                    99.0    0.03268516    0.016666226864490232    0.01035449    0.005279772695168799    0.03713971   0.015195247104711427   0.07791152   0.010742213195407545    0.1338462    0.01688827243790199 
 0.001825  T17-0333    0.01837447    0.009369179088773199   0.004921415   0.0025094386216584874    0.04384296    0.022355610857366794    0.01308432    0.006671721280789913    0.04440159   0.016638791597149746   0.05895616   0.008847378766271511   0.07459191   0.013592738002602014 
 0.001825  T17-0315           0.0                    99.0    0.01148934    0.005858437866410891    0.04743891     0.02418919768226059    0.02291869    0.011686279850695045    0.04247388   0.016542129845489785   0.07983307   0.010505433331637205    0.1061947   0.015102244438523036 
 0.001825  T17-0345    0.01028958     0.00524667888182877     0.0197728    0.010082187342675398    0.03299283    0.016823113300768352           0.0                    99.0    0.01679399   0.008563289252688887   0.04113867   0.008832778634528832   0.03408937   0.010882857639373446 
 0.001825  T17-0233    0.03242372    0.016532918098326868    0.02712324    0.013830193003186036           0.0                    99.0    0.02194045    0.011187473365797345    0.04780229   0.017763437952098154   0.08196102   0.011193128495574417    0.1294067   0.017003297734336714 
 0.001825  T17-0305    0.02704531    0.013790461247020021   0.001497091   0.0007633694261462794    0.04813293    0.024543070028736198    0.03080618    0.015708131295925177    0.05830603   0.017882488890143593   0.06708129   0.010047700804321455    0.0861702    0.01436381208733949 
 0.001825  T17-0294           0.0                    99.0    0.02960127    0.015093740432809522    0.01167998    0.005955642632676007           0.0                    99.0    0.02122716   0.010823770305815621   0.07200724    0.01040265156439458   0.09731697    0.01550372473318296 
 0.001825  T17-0245   0.009786199    0.004990002456780558     0.0347608    0.017724599750809606    0.01842093    0.009392866191691331    0.01473941    0.007515654901465141   0.001474541   0.000751871529375398   0.04483227   0.008503826499149957   0.05924609   0.014208716573673395 
 0.001825  T17-0328    0.02920011    0.014889188166002236    0.01906185    0.009719673530937188    0.07715839    0.026917197416118956    0.02451197    0.012498706237563509    0.06114721    0.01545193753689941    0.1135233   0.013406424564383639    0.1283522   0.016731752409992803 
 0.001825  T17-0299    0.01857797    0.009472941194132792    0.04075781     0.02078248194922736           0.0                    99.0    0.02031599    0.010359167847699012     0.0224045   0.011424098269228956   0.03043815   0.007166248177801339   0.04747607    0.01158511971232706 
 0.001825  T17-0177    0.00966603    0.004928727558897327   0.006620316    0.003375712047015053    0.01349314    0.006880177435383262    0.01827129     0.00931656838601263    0.01739454   0.008869511850158385   0.03424057   0.007414007575147061   0.04801791   0.013137118062184757 
 0.001825  T17-0171    0.06636974    0.021205847205371824    0.05635374    0.023624871626909974     0.1174823    0.027492511058428256     0.1117053    0.021334267931405568     0.1643315    0.02268025764748055    0.2540078    0.02642056230784805    0.3316327   0.035467817106624985 
 0.001825  T17-0170           0.0                    99.0    0.01164876    0.005939726435496588    0.02582789    0.013169696413396211   0.008468572    0.004318141388026548    0.04330185   0.015073106835922214   0.03862755   0.008157886247352863   0.04646825   0.013205737629891221 
 0.001825  T17-0182    0.01184081    0.006037653105255136    0.03416802    0.017422340072082855     0.0307519    0.015680453818005397    0.04857988    0.020215695455864092     0.0202113   0.010305781309507786   0.01837838  0.0071596142714962655   0.02324032   0.011175569394868612 
 0.001825  T17-0133    0.02422012     0.01234988645015589    0.02361313    0.012040385967603739    0.03188058    0.016255969952465584  0.0008821605  0.00044981540939111064   0.007581587  0.0038658664959904773   0.03618196   0.007826403810370188    0.0504224   0.012320486285861448 
 0.001825  T17-0150           0.0                    99.0      0.032661    0.016653907633345396   0.002749396   0.0014019223854593948  0.0006797394  0.00034660044647578513    0.02457566   0.012531176989942164   0.04199891   0.007867640284658483    0.0491967   0.010801105398587684 
 0.001825  T17-0146    0.02528335     0.01289203440480303    0.04746642    0.023091637370844104    0.02577555    0.013143008145262066           0.0                    99.0    0.01406225   0.007170368715502013   0.01491229   0.006908214646982027   0.04465751   0.011934035346608498 
 0.001825  T17-0125    0.01590987    0.008112474739453122    0.01596316    0.008139645453279706    0.01655484       0.008441347181602    0.01194264    0.006089575440381374    0.03428131   0.014418988620730686   0.05001992   0.008350299065928598    0.0713917   0.012953441114584187 
 0.001825  T17-0123    0.02615712     0.01333756652993881           0.0                    99.0           0.0                    99.0           0.0                    99.0    0.02707294   0.013804544935032664   0.02675044   0.006890058946480575   0.05256058   0.011616465818908262 
 0.001825  T17-0234   0.002887387   0.0014722837753390785           0.0                    99.0    0.05881231    0.024807049806687232   0.004987777    0.002543277715535268    0.02510256    0.01279984432811337   0.03468237   0.007620884482395596    0.0389452   0.011437736854325684 
 0.001825  T17-0247    0.03703135    0.018752404577150234           0.0                    99.0    0.04080586    0.020806987640893528    0.05560657     0.02020327402757407   0.001904423  0.0009710692000296272    0.0310144    0.00706598700561613   0.04319087   0.011231685802014273 
 0.001825  T17-0187           0.0                    99.0    0.03961839    0.020201489467809572           0.0                    99.0    0.01380403    0.007038701833622021    0.01254924   0.006398880983495239   0.04201192   0.007199008974912033   0.05197511   0.012322763347379556 
 0.001825  T17-0165    0.03870573    0.018826475130473284           0.0                    99.0           0.0                    99.0    0.01674578    0.008538703937871836    0.02517809   0.012838362125402951   0.03623124   0.007197000730678856   0.04721146   0.010807620292291037 
 0.001825  T17-0184           0.0                    99.0    0.01032935    0.005266953760111626    0.05034811     0.02250077217037942    0.01652989     0.00842862218617355    0.01482518    0.00755939017241391   0.03748352  0.0075541541885246165   0.06309663   0.013162373467774305 
 0.001825  T17-0179    0.05121238    0.018809479947809404    0.07550443     0.02366696652633685    0.07652818    0.022403597489269976    0.08189821     0.01789865873507121     0.1532357   0.020949153273796057    0.1824245   0.019292969906330882    0.2184759   0.024539678121691003 
 0.001825  T17-0140    0.02620884    0.013363938658863112   0.001346493   0.0006865796043077452           0.0                    99.0   0.001714833   0.0008743966929552855    0.01657211   0.008450153188301973   0.02253919  0.0073504998316711095   0.04606795   0.011856880461893213 
 0.001825  T17-0446     0.0691425    0.021989835283225748    0.01248569   0.0063664767144863575     0.0460752     0.02349383438926903    0.00853314    0.004351064737221914    0.09544046    0.01859690535590575    0.1497114   0.016648713356108815    0.1759837   0.021711959867524624 
 0.001825  T17-0438           0.0                    99.0    0.03604981     0.01838186356222788    0.03465287     0.01766956113029605    0.03827159    0.019514763325525653    0.05784237    0.01733555027220852   0.08266485   0.011822410408424544   0.07012625   0.013156083249004052 
 0.001825  T17-0365    0.02170099     0.01106538205033161    0.03539076      0.0180458175840879    0.03209606    0.016365843624944483    0.02322744    0.011843716981080558    0.01483353   0.007563646873127076   0.03239889   0.007959073955726382    0.0421596   0.011735415016202027 
 0.001825  T17-0401    0.01556494    0.007936595239951449    0.01494046   0.0076181697082052455           0.0                    99.0    0.01572228    0.008016819290655616     0.0181289   0.009243962466577901   0.04394879    0.00894637513467136    0.0427243   0.011749550491933722 
 0.001825  T17-0399           0.0                    99.0    0.01627833    0.008300354193031644   0.003536387   0.0018032101417712497    0.02280513    0.011628385190905442    0.03017331   0.015385424745065084   0.04469942    0.00852467902218893   0.03685369   0.012097785069778724 
 0.001825  T17-0388    0.01008153    0.005140591819687107    0.01554886     0.00792839209425089    0.01646882    0.008397483454584713    0.02719463    0.013866599806396988    0.01725729   0.008799526826753641   0.03970709   0.008043274248064466   0.04676571   0.011591819524045439 
 0.001825  T17-0451    0.01817531    0.009267627996721168           0.0                    99.0   0.003985323    0.002032124464787354    0.02921109     0.01489478688942816   0.006627452   0.003379350707339953   0.03213115   0.008571519029158658   0.04494315   0.011863941950196192 
 0.001825  T17-0435   0.002690931    0.001372111458163516     0.0124855    0.006366381794276951   0.005202303   0.0026526639609718923   0.006923509    0.003530311239643866    0.02726917    0.01390460789785131   0.03071585   0.007881258088228427   0.04453551   0.011708436992152325 
 0.001825  T17-0449   0.004331618    0.002208700470742975     0.0110598    0.005639415562804713     0.0169846     0.00866047872189546    0.01904744    0.009712324863237433    0.02581814   0.013164719966467042   0.02923905   0.007354765765117813   0.04812143    0.01366295593943159 
 0.001825  T17-0481           0.0                    99.0    0.03805796    0.019405828068753368  0.0008036728   0.0004097943289743752           0.0                    99.0    0.05400563   0.016659594974652563   0.03548919   0.008144614843813366   0.04889098     0.0124702386149265 
 0.001825  T17-0429    0.01837453    0.009369208702309603    0.04009788    0.020445987257370186    0.03829186      0.0195250941351763   0.001425965   0.0007271022380119663    0.00825454   0.004209006053573218   0.05794229   0.008798613748532493   0.06893867   0.013189812513822514 
 0.001825  T17-0318  0.0003388659   0.0001727883346300846           0.0                    99.0           0.0                    99.0   0.002683397   0.0013682688762812994    0.01991733   0.010155883471705355   0.02773829   0.006830777791786965   0.04956456   0.012371330348124893 
 0.001825  T17-0387    0.01201202    0.006124954398928044    0.01401848    0.007148051287671697    0.04980858     0.02426780887846622    0.02444608     0.01246510389508503    0.04558822     0.0163033226015001    0.0598992   0.009129203356395617   0.07563372   0.013363745055577947 
 0.001825  T17-0414           0.0                    99.0    0.03658794      0.0186562620022162     0.0375212     0.01913213309734176    0.04597093     0.01930481518511765    0.02593799   0.013225836618240866   0.01875115   0.007339042996955461   0.03938758   0.011694081033692386 
 0.001825  T17-0402    0.03465342    0.017669846479272645     0.0126693    0.006460101772936786           0.0                    99.0   0.003439721   0.0017539209403218295    0.05941333   0.015981065833569705   0.03667606   0.007981654863706899   0.03749995   0.011538776917699077 
 0.001825  T17-0528    0.04994208     0.02210312277546691    0.06984453     0.02531002152758486   0.001906937   0.0009723510935353444    0.01769567    0.009023056663609844    0.04708511   0.016507422602960193   0.03352754    0.00862846221367817   0.02177214    0.01084144733595086 
 0.001825  T17-0503    0.01576552    0.008038871373355093  0.0006090661  0.00031056404192581936    0.04968309    0.025293365744629183    0.09442672     0.02311521768388055     0.0606744    0.01702187899492004    0.1023041    0.01230836442924197   0.09155548   0.014217347524781265 
 0.001825  T17-0498    0.02809806     0.01432725562341009   0.006002053   0.0030604590271521505   0.007902182    0.004029338021796166   0.001748018    0.000891317887269211           0.0                   99.0  0.006130037   0.003125718318494917   0.03731857   0.011479307425160675 
 0.001825  T17-0412    0.03411081     0.01739316367854224    0.06394296     0.02540088601663367    0.05174628    0.024703394676863423   0.007492435    0.003820406736642219           0.0                   99.0   0.02758929  0.0070387772535545545   0.02075767    0.01058438134157538 
 0.001825  T17-0425    0.01432501   0.0073043505522411775   0.009176039    0.004678880682139181   0.006827018   0.0034811098001649187    0.03241222    0.016527054225886233    0.03374407    0.01588009970860539   0.06315828   0.010159325147430266   0.05283694    0.01622235857124469 
 0.001825  T17-0507    0.06350857     0.02439806618636914           0.0                    99.0           0.0                    99.0    0.05454581    0.020399304535362497    0.04620465    0.01859029168998499    0.0410615   0.008131132660023448   0.04946833   0.012102343415863269 
 0.001825  T17-0464           0.0                    99.0     0.0191949    0.009787518927307573    0.03684757    0.018788652748751012           0.0                    99.0    0.02309282   0.011775073980388573   0.05336712   0.008648414896573128   0.05236047   0.013129455595195447 
 0.001825  T17-0455    0.02080899    0.010610549509719137    0.02015364     0.01027638036299241    0.02867688    0.014622397070895866    0.01246791    0.006357410657791189    0.05547161    0.01484455328615587   0.04964234   0.008948290190703753   0.07222299    0.01314609237180011 
 0.001825  T17-0536           0.0                    99.0           0.0                    99.0    0.03583582     0.01827275454655986    0.03674951    0.018738651763400723    0.09828904   0.018003481872438342   0.08108151    0.01070129096593537    0.1014456   0.015040641854525359 
 0.001825  T17-0356   0.005305804    0.002705439813129865   0.003094427   0.0015778548559291792     0.0221479    0.011293257428510166           0.0                    99.0    0.01368596   0.006978497710225032   0.02461192   0.007440990362160403   0.04034929   0.011440084617040252 
 0.001825  T17-0454     0.0170923    0.008715395162056853           0.0                    99.0           0.0                    99.0    0.04816218      0.0237552705290831           0.0                   99.0   0.05130387   0.008105959169930354   0.08893418   0.014765791889794601 
 0.001825  T17-0436    0.01512657    0.007713068540953399    0.03866557     0.01971565449632218   0.008490058    0.004329097141353453   0.001033188   0.0005268245773209902    0.03443124   0.015707193842576593   0.03582595   0.007253432972713679    0.0609565   0.011716637166841005 
 0.001825  T17-2075   0.008406835    0.004286661080965143   0.008384439    0.004275242297443177    0.01787085    0.008991108345766611    0.01933824    0.008935425665406265    0.02160416   0.007349459300116234   0.03268904   0.004830308404789492   0.06282146    0.01029093663723667 
 0.001825  T17-2129           0.0                    99.0    0.01105303    0.005635961565432645   0.002884392   0.0014707571092850919    0.01307472   0.0066668272026375475    0.02879843   0.007236483706184516   0.02970665  0.0042598517956081525   0.02649773   0.009112558262021593 
 0.001825  T17-0718    0.01551905     0.00791319191708087           0.0                    99.0  0.0009108189  0.00046442838347394543           0.0                    99.0   0.004997306  0.0025481360809394304   0.02258455   0.004230975086444495   0.03829398   0.009657135302115892 
 0.001825  T17-1147   0.005104972   0.0026030351844344786           0.0                    99.0    0.03000377    0.010941759989354044    0.01452823     0.00740797380737709    0.04490227    0.00898295840070397    0.0979867   0.010495751159600775     0.138416   0.015957038422063665 
 0.001825  T17-1140    0.01914137   0.0075787356973053225    0.02357497    0.011347677740978944    0.01476933    0.007530908226107791    0.03031232    0.009532820202439203    0.04285001   0.008828142802004111   0.05643619   0.006938038169267808   0.07272276   0.011271257414614929 
 0.001825  T17-1111    0.01488499    0.007589883485802005           0.0                    99.0    0.00882238   0.0044985487776330714           0.0                    99.0    0.02215315   0.007232821700587469   0.02383072   0.004090491859464458   0.03961971   0.008557914721251024 
 0.001825  T17-1114    0.01109676    0.005658261538926952   0.009992797    0.005095346199546807    0.01992118     0.01015784953596011    0.01575095    0.008031440140762429    0.02246192   0.006950793378490904   0.03474782    0.00468901280155269   0.04864379   0.009133987331524497 
 0.001825  T17-1435    0.08383215    0.011251834029931521    0.07917011    0.013817543047757114     0.1376474    0.017488742992465185     0.1385042    0.016162096761027017     0.2031324   0.021566841582267186    0.3023039    0.03045080872997274    0.3498491    0.03597655399013274 
 0.001825  T17-2059    0.01343645    0.006851270113180037    0.02511795    0.012807686816241448    0.01494246    0.007619187550946623    0.01032573    0.005265107915047706    0.03380258   0.007761335739275038   0.03545275   0.005155979998288298   0.05550468   0.010083109092996317 
 0.001825  T17-1988   0.005824701     0.00297002689627468    0.01471617    0.007503805760696235   0.002915001   0.0014863642078239137    0.01546271    0.007884466982883307    0.01896361  0.0071783250840260085   0.03456566   0.004676123849933511   0.04642145   0.008687431434415699 
 0.001825  T17-1341    0.04975754     0.00965367510343144    0.03588717    0.011881358496505734    0.04595371    0.010092441810103341    0.06048216    0.012438439351713543    0.08652923   0.011791125701513533    0.1163108   0.012133532007234993    0.1417482   0.016394647463611897 
 0.001825  T17-1647    0.01330566    0.006784582978703776    0.01137899    0.005802168224917044    0.01178998    0.006011732827906193    0.02466767    0.008441215491642066    0.01372183   0.006878385325159169   0.02025755  0.0038565701336655345   0.03221537   0.008949145629889202 
 0.001825  T17-1508  0.0003870118   0.0001973380720190668   0.004549263   0.0023196785712369054           0.0                    99.0    0.01084897    0.005531909012076934    0.04582095    0.00823844179761355   0.07134377   0.007977517583272255    0.1185048   0.014507935654317744 
 0.001825  T17-1333    0.01596104    0.008138567402884858           0.0                    99.0    0.02873665    0.010903411452399887           0.0                    99.0     0.0248528   0.008714198069271147   0.04554729   0.005936437917503222   0.04899727   0.011662830146106433 
 0.001825  T17-1222   0.007537225    0.003843246225624277   0.006413157   0.0032700807783830796   0.008671007   0.0044213638798403015    0.01366422     0.00696741048064114   0.003436182   0.001752115907025628   0.02422306   0.003936297467930492   0.04942816   0.009498799772525842 
 0.001825  T17-1368    0.01972383    0.008138945430229767   0.008316285    0.004240490439850237   0.006495072   0.0033118498870190116    0.01056373    0.005386464579471215    0.02550491    0.00745599562807577   0.03520644  0.0047959401676355385   0.03509993   0.009089373192698659 
 0.001825  T17-1929    0.01831975    0.008430322362230343   0.008201311    0.004181864972894655    0.03408519    0.010168071071465326    0.02476979    0.008134135185407359    0.06525058   0.009494611070930078   0.09688881   0.010278547401189383    0.1354627   0.015764463273746938 
 0.001825  T17-1979    0.03099066    0.007709118007621365    0.04991374    0.012494609280416735    0.04297516    0.010315981125145392    0.05515402    0.009484267541035154     0.1154089   0.013836409814365465    0.1627277   0.016625782853403475    0.2092926   0.022493762491291338 
 0.001825  T17-1842   0.007704956    0.003928772099537381    0.01707144    0.008704760568512842    0.01798799    0.009172111202031187    0.02012321    0.008694654186535597    0.01779166   0.006586935160024881   0.04749573  0.0056996267301440895   0.05041385   0.009640039549314411 
 0.001825  T17-1681   0.005905241   0.0030110943994371563    0.01484474    0.007569363854582498    0.01691935    0.008627207619569265   0.006091838    0.003106240083564604    0.03901766   0.007952995236373588   0.03208894   0.004505784589627538   0.05976393   0.010207325263402015 
 0.001825  T17-1513   0.004008475   0.0020439297147652243    0.01695746    0.008646639982935567   0.006415016    0.003271029176400993           0.0                    99.0     0.0112101  0.0057160499037713095   0.01826451   0.003559760316050085   0.01931489   0.007851057063524694 
 0.001825  T17-1685           0.0                    99.0    0.01210145     0.00617055296927674    0.01967242    0.010031005345959297    0.01134711    0.005785915492449748    0.02312181   0.007077720885118458   0.03024916   0.004292552778974419   0.05289071   0.009666382022846863 
 0.001825  T17-1782   0.003857389   0.0019668906685421563   0.002067493   0.0010542182248313155   0.008699266    0.004435772708793425   0.006073101    0.003096685560411649    0.01861562  0.0068257951901430506   0.02312405   0.004310602416567086   0.03060618   0.008658807802718802 
 0.001825  T17-0852    0.01698946     0.00866295880654041    0.02846674    0.014515246274837228     0.0202182    0.010309299632972163    0.02104956     0.00950276734353404    0.02700614   0.008033759305712177   0.03491823   0.004951837356634909   0.04785807   0.008882513331451746 
 0.001825  T17-0894   0.007883812    0.004019971122949696    0.01838366     0.00937386312654484    0.01618315    0.008251820744720586    0.02895525    0.010356777761523418    0.03660832    0.00829416104671865   0.04995242   0.005985964120882116   0.06386043     0.0102874122716587 
 0.001825  T17-0948    0.02421125    0.010248421479486926    0.03504492    0.017054077805394932    0.01815637    0.009257970453762423    0.01659698    0.008462833469251595    0.03925093   0.009122318156963063   0.05560083   0.006975623654459364   0.07333947   0.011376999615908318 
 0.001825  T17-0944   0.006950761   0.0035442070876223093    0.01954696    0.009967031085980418   0.009076644    0.004628198487393487    0.02076474    0.010463555751998265     0.0130644   0.006661562072757485   0.02811292   0.004371675042853482   0.04751744   0.009487785202941782 
 0.001825  T17-0934   0.008545332    0.004357281461812886   0.002767987   0.0014114024629274563    0.03949344    0.011973128463824147       0.02364    0.009101730792446071    0.04213434   0.009700934707966909    0.0839497   0.009410099589150797    0.1170014   0.014696090600279552 
 0.001825  T17-0823   0.005065554   0.0025829358693157988   0.002517603   0.0012837311727383152   0.001358015   0.0006924545965332384   0.006651624   0.0033916760573082095    0.01842481   0.007515219312728338   0.04209816    0.00537839711191355   0.06943453   0.010762794178020594 
 0.001825  T17-0963    0.01403031    0.007154083427756277     0.0107247    0.005468544477162182    0.03773035    0.010669885323442844    0.02950937     0.00878932899745925    0.04655639    0.00948137100625205   0.06064884   0.006874431499443209   0.06999964   0.011424275322621564 
 0.001825  T17-1005    0.01799638     0.00710317506503993   0.007450112    0.003798826646645177    0.01453308    0.007410447812421865    0.01843305    0.008364776489974253    0.07412403   0.009954877385209374    0.1074882   0.011276666135042041     0.149005   0.016767152241994616 
 0.001825  T17-1037   0.003884771    0.001980852803774276    0.02077978     0.01059565037081651     0.0291904    0.009988869224083574    0.02387114    0.008527152575196307    0.03436293   0.008381092620288718   0.06014699   0.006751187296923186   0.07841278    0.01060029379004436 
 0.001825  T17-1088   0.003967513   0.0020230421304529697   0.004317866   0.0022016882991078824           0.0                    99.0    0.01293627    0.006596231277471856    0.03386871   0.007942005383705177   0.06308929  0.0071825325943879305   0.06819251    0.01010461733363644 
 0.001825  T17-1082    0.02690985    0.008864785652266217    0.02057068    0.010489029872787284    0.01035654     0.00528081897474975    0.02416113    0.009577260428950338    0.05188797   0.008955922522421573    0.1135241    0.01176554716923531    0.1604659   0.017777445094724495 
 0.001825  T17-0968    0.00899128    0.004584671217217654   0.008900281    0.004538270159255574   0.008457466    0.004312478416954752   0.005364694    0.002735467939045413    0.01866784   0.007610352461679551   0.02214816   0.003931801783683532   0.02652893   0.008409746925600675 
 0.001825  T17-0980           0.0                    99.0  1.088188e-06   5.548692827038185e-07           0.0                    99.0   0.009844581    0.005019770571924141    0.01748877   0.006918042900273531   0.03030878   0.004733541172172056   0.03271529   0.008183578889914668 
 0.001825  T17-0983    0.01486357    0.007578965308326592    0.01597126    0.008143775659085715           0.0                    99.0    0.02284045    0.008754573104635599    0.06449664   0.009326656444441384    0.1418757   0.014582870185900442    0.1972007   0.021382677826388467 
 0.001825  T17-0993           0.0                    99.0   0.004455571    0.002271903857029476     0.0251971    0.011814704737580199   0.008335568    0.004250322388887958     0.0218642      0.008775208760015   0.04762529  0.0062028727361957865   0.05921124   0.010485084226983205 
 0.001825  T17-0783           0.0                    99.0    0.02592238    0.012679021385290113    0.01271728    0.006484563926820986    0.02520489    0.009597432295407453    0.01454078   0.007073501358561615   0.02226444   0.004114055913399817   0.03773175    0.00904395656128008 
 0.001825  T17-0825    0.03343013    0.009319188572182129    0.03980022    0.012572420522432582    0.04075826    0.010728350220201613    0.04040642     0.01008594232232606    0.09093995   0.011316035500594455    0.1982598   0.020422922261909535    0.2743392   0.029221836649033543 
 0.001825  T17-0882    0.01184181    0.006038163987787182    0.02232474    0.011383428489588537    0.04212796    0.011571758950704772    0.04290318    0.010300827965106688    0.04556776   0.008268456733828932   0.08354919   0.008893036020073516    0.1063502   0.013558087728526654 
 0.001825  T17-0986   0.003243037   0.0016536304043400056   0.007853502    0.004004515994803996           0.0                    99.0    0.01606007     0.00818906299312797   0.006772534  0.0034533283022470597   0.02805593   0.004619065675541971   0.03994555   0.009744349949452452 
 0.001825  T17-0878   0.007662665    0.003907207345822109    0.01564948    0.007979701370338679    0.03789915    0.011531929421572306    0.01878568     0.00957885685077233    0.03412783   0.008251226013329475   0.04340105   0.005342998938690611   0.05941019   0.009453260776987854 
 0.001825  T17-0798    0.01958789    0.007400251189801398   0.007195582   0.0036690413029656995    0.01276847   0.0065106687494530845     0.0091358    0.004658362247228096    0.01678476  0.0074584294214449735   0.03065555   0.004641868610009767    0.0383669   0.009404615812062714 
 0.001825  T17-0829   0.005371529    0.002738952628592618   0.004859999    0.002478122483413806           0.0                    99.0           0.0                    99.0     0.0154397   0.007597078496101249   0.01563155  0.0037569448229573454    0.0273842    0.00856984503457933 
 0.001825  T17-0810    0.01096253    0.005589813477673294    0.01883846    0.009605768495184392    0.01603585    0.008176712187285365    0.01773253    0.008683087423875104    0.03384493   0.008718732193234175   0.04550725   0.005465826558272226    0.0689561   0.010713880701690496 
 0.001825  T17-1157   0.005261394   0.0026827950674699996   0.001221231   0.0006227078738443091    0.02313909    0.010091431877081171    0.01327277    0.006767813284104253    0.02868773   0.007539146250708034   0.03646702  0.0049696171273956305   0.06268794   0.009625990487228418 
 0.001825  T17-1106   0.005845903    0.002980836856866724   0.003911635   0.0019945508097955916     0.0118155     0.00602474846744692   0.008094321     0.00412730958253805    0.02912274   0.006987329802875845   0.03037839   0.004473668109040053   0.04259524   0.008324784930667278 
 0.001825  T17-1047    0.00692155    0.003529311851430814           0.0                    99.0    0.02382038    0.010169382221921496    0.01135461   0.0057897368153429045   0.009216227   0.004699371641179732   0.02178257   0.003941189379397291   0.04623405   0.009157118571784521 
 0.001825  T17-1117     0.0113486    0.005786671324034569    0.01426822    0.007275394201004163   0.006869403   0.0035027215040829454    0.02154772      0.0090524233401529    0.02889146   0.008048441698699506   0.02987219  0.0044116573042747775   0.05274467    0.00968587430587931 
 0.001825  T17-1305   0.005184812   0.0026437457562310035   0.008934918    0.004555932123435142    0.02205141    0.009898599454068338    0.02489863    0.008810002739371482    0.03067539   0.007479284543498128   0.03987785   0.005190805889663088   0.04541454   0.008860663229869252 
 0.001825  T17-1142     0.0113763    0.005800799530409925   0.006092077    0.003106361459840643       0.01272    0.006485953801870701    0.01457618    0.007432421644783415    0.02686946   0.007631338534216131   0.05225098   0.006262396890648581   0.06611136   0.010113429279046005 
 0.001825  T17-1064    0.01906793    0.007237264517004889   0.008489117    0.004328617813907564    0.02332981    0.009835532081857952    0.01427609    0.007279406148780682    0.03064257   0.007425484677426317   0.04396286   0.005534025026508373   0.05457952   0.009794134581755551 
 0.001825  T17-1087           0.0                    99.0   0.009053891    0.004616596198003873    0.02099695    0.009877086207680581   0.004888208    0.002492506797850036    0.02165041   0.006943568396069633   0.03336693  0.0049322798980942885   0.03349606   0.008350041378654659 
 0.001825  T17-1042    0.01690256    0.008235439728360593    0.03930603    0.012489850095225682    0.04216728    0.010015288817248608    0.02414066    0.009330395364778334      0.076697   0.010012396333503834   0.09140532   0.009739658653936492    0.1130871   0.013558744445054675 
 0.001825  T17-1015           0.0                    99.0   0.005102544    0.002601797142496578    0.01173095   0.0059816362574594915    0.02258666    0.009166762427784251   0.002719929  0.0013868966143683564   0.02175097   0.004346735107050463   0.03784385   0.010200580094262335 
 0.001825  T17-0910   0.005772603   0.0029434610438320886           0.0                    99.0    0.01593175    0.008123632374729545    0.00814712    0.004154232385958205    0.02314074    0.00715651791482401   0.02324843   0.003961466173190173   0.03921786   0.008798315961472172 
 0.001825  T17-1104    0.01357767    0.006759457814962529           0.0                    99.0    0.01942682    0.009594852638837139    0.02828866    0.008645685983873807     0.0603971   0.008702427470083793    0.1122902   0.011682434810817863    0.1692397    0.01833032863598741 
 0.001825  T17-1089           0.0                    99.0    0.02440014    0.012394751962193355   0.005525398   0.0028174112222366546           0.0                    99.0    0.01050253   0.005355262502370728   0.03019354   0.004559289325953882   0.04735422    0.00944031013311051 
 0.001825  T17-1095    0.01614944     0.00725110685616065    0.01337629    0.006820597353528282   0.006640279   0.0033858917099603776   0.005503115   0.0028060495673448553    0.01303392   0.006646019280699387   0.03100238   0.004478010161556693    0.0238578   0.007898988599465378 
 0.001825  T17-0812   0.009861504     0.00502840013293733    0.02801984    0.011559476960652503   0.008894893    0.004535523788122326    0.01873815    0.008408712796629993     0.0134693   0.006868024314604892   0.02671442   0.004332803709712684   0.04455102   0.008994856099892205 
 0.001825  T17-0871           0.0                    99.0    0.00391658    0.001997071784654723    0.02323997    0.010064527975384886   0.007193151   0.0036678022216122845    0.02395891   0.007410837543031287    0.0365801   0.004747132641428508   0.05913343   0.009474036239730668 
 0.001825  T17-0799           0.0                    99.0  0.0007750775  0.00039521348067563753    0.01018015    0.005190880311291525   0.005163939    0.002633102082509945    0.01151238   0.005870186987950895   0.01633466  0.0037591077752732764   0.02929925   0.008137689984593048 
 0.001825  T17-0779    0.01002278    0.005110634099464077           0.0                    99.0   0.006899753    0.003518198008887375    0.01694794    0.008641785716358628    0.01311097   0.006685307226051619   0.03395115   0.004996224933658012    0.0264432   0.008589768889880625 
 0.001825  T17-0688    0.00648451   0.0033064643026087547           0.0                    99.0    0.01130062    0.005762210150731055     0.0163181     0.00832063201305652    0.03651989  0.0074255510732215025    0.0788394   0.008599196514121596    0.1036345   0.013418151930594804 
 0.001825  T17-0925   0.006693741   0.0034131511075032716    0.01096401   0.0055905681325613054   0.003776692   0.0019257426204829762   0.009583787    0.004886792183002024    0.01449935   0.007063330388161452   0.03392659   0.004636228010135503   0.03311169   0.008743139684981877 
 0.001825  T17-0880    0.01469802    0.007283393782263046    0.02651951    0.012906589694663769    0.01300818    0.006632895385052066    0.01985235    0.008134896932764792    0.03038512   0.007642288261660901   0.03347045   0.004690275670443476    0.0300338   0.008893795103027954 
 0.001825  T17-0885   0.009799728     0.00499690042999016   0.002309257    0.001177495140780415   0.002745235   0.0013998001931494544  2.249756e-05   1.147154974482245e-05     0.0104254   0.005315932784281702   0.01619262   0.003518171512210995   0.01534502   0.007824454661066483 
 0.001825  T17-0862   0.004107921   0.0020946374242200986           0.0                    99.0     0.0104994   0.0053536645481016085    0.01192405    0.006080094401944266    0.03913905   0.007708043615095144   0.04190048   0.005265197767159369   0.05484897   0.009754271177062127 
 0.001825  T17-0782  0.0002973116  0.00015159976500174927   0.007460027   0.0038038818342025675   0.006386174   0.0032563225843198888           0.0                    99.0    0.03038924    0.00851508726807189   0.02386103   0.004371855731623929   0.03984331   0.008875523027166906 
 0.001825  T17-0755           0.0                    99.0     0.0175264    0.008936743599141915    0.03341654    0.010472640870139681    0.01498472    0.007640738949153086    0.05330906   0.011961427748263833    0.1035677   0.013348625232146418    0.1299062    0.01819576808879746 
 0.001825  T17-0830   0.007509779   0.0038292504760865944    0.01937288     0.00987826931544914    0.02419427    0.011400641066621166           0.0                    99.0    0.02408567   0.007650708244965887   0.03900383   0.005160975083423093   0.05061656   0.009219428709238768 
 0.001825  T17-2223           0.0                    99.0   0.001827907   0.0009320534442613524           0.0                    99.0    0.01167477    0.005952988985251443    0.01052627    0.00536736463295396   0.02391745   0.003993870293787844   0.04525907   0.008361260774044666 
 0.001825  T17-2226    0.01305008    0.006654259296233354    0.01112947    0.005674940431755915    0.02184779    0.010529221019735554   0.008313717     0.00423918003105847    0.02654986   0.008093469081143882   0.05859118   0.006725509716439937   0.08931419   0.012017483836709123 
 0.001825  T17-2188   0.007897319    0.004026857878316369    0.00730096   0.0037227737507960377    0.01460768    0.007448482575670564    0.01045476     0.00533090350557361    0.01957202  0.0070283460913902075   0.03434454   0.004748453130624856   0.04764738   0.009408803013828487 
 0.001825  T17-2202   0.009123037    0.004651854858913237    0.01313719    0.006698680777538962   0.006143417   0.0031325408066041043           0.0                    99.0    0.01924428   0.007173662424541108   0.03230308   0.004796663897710575    0.0502144    0.00912840254294255 
 0.001825  T17-2053    0.01353627    0.006902169506545388    0.03351565    0.013868232550391019    0.06220924     0.01128085409700755    0.04098722    0.010584586211195408    0.08702956   0.011310428758708134    0.1789319    0.01820904343982201    0.2290204   0.024491445594353962 
 0.001825  T17-2119    0.02096353    0.008019627973619785    0.01459669    0.007442881694967145    0.03750562    0.010057706302254405     0.0439414    0.009026372431314864    0.07001252   0.009759382600537034    0.1137082   0.011837470249964729     0.137952    0.01571266947109908 
 0.001825  T17-2058   0.007202318    0.003672476002510056     0.0197751    0.010083364039486228    0.02341436    0.010240325214879506    0.04008473    0.008983352835836407    0.07056191   0.009795964410064075    0.1107627   0.011540963059237129     0.144015   0.016551705048087947 
 0.001825  T17-2154    0.01976506     0.00801374617519397  0.0002489461  0.00012693805314424868     0.0263151    0.010061833113179526    0.01316041    0.006710520700849525    0.03293635  0.0074133254594256825   0.04331437    0.00535493282158656   0.05384555   0.009908478614436932 
 0.001825  T17-2090    0.01382853    0.007051195412011001    0.01302897    0.006643498207782177    0.01089856   0.0055571970110061784     0.0187149     0.00834316385833432    0.01576854  0.0071070589883157715   0.04674417   0.005573329911272883   0.06049264   0.009899952551850943 
 0.001825  T17-1767           0.0                    99.0   0.001087567   0.0005545526335920244    0.01591159     0.00811335177080946    0.02090051    0.008763025092925501   0.005034471   0.002567086096671362   0.01931945  0.0037175504702222943   0.02219621   0.007326617802635129 
 0.001825  T17-1715   0.005032922   0.0025662967488390425           0.0                    99.0           0.0                    99.0    0.01779402    0.008886935100046867    0.01840764  0.0070098240001575645   0.04284475  0.0051288568781967395   0.07131197    0.01018190315754663 
 0.001825  T17-1331    0.01357607   0.0069224645847901604           0.0                    99.0   0.004454498    0.002271357222526003   0.007588244    0.003869260422990337    0.01261775   0.006433816327344214   0.02086672   0.003894060084223791   0.03397662   0.008563203524233672 
 0.001825  T17-0514    0.02793938    0.014246344381768397    0.04448769    0.022684364845370057    0.01428002    0.007281409082868851   0.006020239   0.0030697321040395707    0.01802535    0.00919116310009533   0.02578255   0.006932688583860233   0.03719492    0.01794450536186952 
 0.001825  T17-0645    0.02290857     0.01168111964294729   0.003876356   0.0019765614885632475           0.0                    99.0   0.005201539     0.00265227537646173    0.03076942   0.013985135468556035   0.04224534   0.006926192458826999   0.06425698   0.017655688717920465 
 0.001825  T17-0654   0.008050052    0.004104737223343663    0.02812764    0.014342338523131297     0.0266307    0.013579045896063537    0.01132708   0.0057756982340413186    0.01787071    0.00911231088175645   0.04721431   0.011077985902169265   0.06890583    0.01888516370021687 
 0.001825  T17-0661           0.0                    99.0     0.0288807    0.014726325286621914           0.0                    99.0   0.008901105    0.004538690318463494    0.02849381   0.014529054223563934   0.06385414   0.009112271041825139   0.05029859   0.016032641836702426 
 0.001825  T17-0655    0.03163234     0.01612939189206016    0.06319286    0.021455516539803834    0.03961232    0.020198399265868174    0.02022591    0.010313226074113812    0.06867873   0.014753967800714796   0.09212876   0.010931325100507486    0.1209385   0.020266910910745624 
 0.001825  T17-0686      0.112363    0.022729857836018247     0.1042443    0.023198971816168923     0.1818691    0.025667196558958282     0.2067789    0.026359267570905686     0.3075082    0.03329633983000083    0.4373227    0.04423530723226075    0.4569304    0.04853087064842027 
 0.001825  T17-0561           0.0                    99.0   0.006278322   0.0032013286390618883   0.001888747   0.0009630758789820509     0.0336279    0.015819851599815974    0.02979294   0.012864200384825168   0.03018847   0.007821463421988816   0.05032759   0.017432606766085816 
 0.001825  T17-0664    0.00477568    0.002435128551067479     0.0325835    0.016614390232115053    0.05061754    0.018595143750939815    0.01921992    0.009800276674130583    0.03974478   0.013021071057381723   0.05945029   0.008864663186225691   0.05102848    0.01803117364770258 
 0.001825  T17-1396    0.04211947    0.019767266552389303    0.01781975     0.00908632333657316    0.03650764    0.017082107533574302    0.03218682    0.015158500673969177     0.1300807    0.01778922316334527    0.2177245   0.022767367098379843    0.3124131    0.03489083373376165 
 0.001825  T17-1383   0.005310895   0.0027080352336738994    0.02433619    0.012409075672553576           0.0                    99.0     0.0395795    0.015666748427960408    0.03742513   0.016322776755159307   0.08780397    0.01103532962650165   0.09100501     0.0211670158388801 
 0.001825  T17-1872   0.007040258    0.003589841292272771    0.00557869    0.002844584917028493           0.0                    99.0           0.0                    99.0           0.0                   99.0   0.02531149   0.007418115674036433   0.04957308    0.01529640849717554 
 0.001825  T17-2157    0.01095323    0.005585072370106318    0.02171174    0.011070858593405302     0.0500688    0.017453392041964222    0.03227579     0.01583135899096603    0.03714741     0.0136206934338741   0.08709914   0.010470350087738042    0.1030408   0.019211746649505868 
 0.001825  T17-2102  0.0009158064   0.0004669714704273159    0.01006069    0.005129963501859442    0.02664177    0.013584685607761743    0.03159755     0.01611164750026902    0.01491882   0.007607137391139193   0.06209158   0.008553981753481123   0.07571587    0.01758350026981457 
 0.001825  T17-2208   0.003955983   0.0020171629609537973           0.0                    99.0   0.002637579   0.0013449061886739201           0.0                    99.0    0.01418036  0.0072305942155577365   0.03314499   0.007284571630022043   0.07075045    0.01745435035539636 
 0.001825  T17-2219   0.008465048    0.004316344493549958           0.0                    99.0    0.01000249    0.005100289169451669    0.01574776    0.008029813553537591    0.04622297   0.014527100309707682   0.04986002   0.007963187578562557   0.04234529    0.01602917613368638 
 0.001825  T17-2087    0.03070676    0.015657436843921037    0.01515543    0.007727782350108277           0.0                    99.0    0.04044732     0.01585047477112985    0.03430006    0.01201112572915778   0.05565906    0.00930307530096258   0.08542389    0.01777151992912877 
 0.001825  T17-1638   0.006086156   0.0031033428206769806   0.007666129    0.003908974626762293    0.01536927    0.007836818802806275           0.0                    99.0    0.01637821   0.008351279277610705    0.0241487   0.005977883748299309   0.03317742   0.016652715395858535 
 0.001825  T17-1717    0.02134955    0.010886182108545906    0.02233667    0.011389516522771677    0.06147722    0.017952667517861627    0.04821987    0.016142311188506092    0.06798251   0.014086461431598108    0.1368585   0.015123382002432392    0.1528399    0.02152564024785558 
 0.001825  T17-1690    0.01264085    0.006445596043001299     0.0313085    0.015964265244131973    0.02770982    0.014129291289814362      0.066149    0.017031381461877954     0.1081989   0.016183307775365332    0.2082845   0.021699413377577494     0.273297    0.03315700858138593 
 0.001825  T17-1367    0.01306391    0.006661312220801319    0.02229317     0.01136732598208079   0.005205481   0.0026542844293733123    0.02023945    0.010320130146535218   0.009081075   0.004630458353230299   0.03342165   0.007379123646262135    0.0162155   0.008268314111685706 
 0.001825  T17-1411    0.03588225    0.018296424391258122    0.03034989    0.015475473037442861   0.008779654    0.004476762706859295           0.0                    99.0   0.005853648   0.002984786537770338   0.04936176   0.007337787949578265   0.05042395   0.015806875302147007 
 0.001825  T17-2014    0.04288141    0.019110854712397898    0.01190864    0.006072237793454485   0.002227414    0.001135762745084976    0.02603454     0.01327506274874119    0.05169959   0.013831937449181911     0.117643   0.014919631356106926    0.1208108    0.02126090589245905 
 0.001825  T17-2016    0.03595316     0.01728528453793735     0.0214505    0.010937651807632204     0.0249376    0.012715730902217144    0.01438882    0.007336888376338092           0.0                   99.0   0.02608906  0.0062620817496226435  0.006732671   0.003433002571050364 
 0.001825  T17-2052           0.0                    99.0           0.0                    99.0    0.04334622     0.01664656410851753    0.01245266     0.00634963465303296    0.03175229    0.01322342977842515   0.02985859   0.006571440252871893   0.05238864    0.01627803782067716 
 0.001825  T17-1998    0.02583353    0.013172562454595119    0.05132251    0.021898397357046497    0.03487567    0.017767684186215407    0.04576613    0.016592110323444965    0.07413776   0.015557537935990259    0.1365091   0.014793294493283097    0.1443067    0.02077227190249781 
 0.001825  T17-2126    0.01295006    0.006603258903058398    0.06440285    0.022787860676327758    0.04052653     0.01859174671049789    0.05017803    0.017317344145694195    0.05366737   0.013783935722962761    0.1068072   0.012627867414198014     0.144171   0.021730433856331537 
 0.001825  T17-2155    0.06285291    0.028254782356330072     0.0390151    0.019893875622477384     0.1262567     0.03467019731918756     0.1770413     0.03828762597854952     0.2422657    0.04014519369679265    0.2694961   0.033725440843200255    0.2295145   0.035124759986804185 
 0.001825  T17-2116    0.09258638    0.022698125378467802    0.05274107    0.020953239085629433     0.1190121    0.021886895240954118    0.09560313    0.018234251691209295      0.175923   0.022008204821302443    0.3313459    0.03402187869763557    0.4158751   0.044342424374863625 
 0.001825  T17-2101    0.01723855     0.00878997028360449   0.009744566    0.004968773218549279    0.05613795     0.01699724508462842    0.03643818     0.01625002380015254    0.05429155   0.014510355783853993   0.09446925   0.011057559381083559    0.1030948   0.018039133518750285 
 0.001825  T17-2127    0.02507956    0.012788116583232107    0.01180026    0.006016975600546839   0.008829588    0.004502224150898469           0.0                    99.0   0.006488454  0.0033084753559049157   0.02605166   0.006621773339720411   0.04814213    0.01624260014196831 
 0.001825  T17-2081    0.01031996    0.005262168722530379           0.0                    99.0           0.0                    99.0    0.02334357    0.011902936797595331    0.02798882   0.012981067945185557    0.0389148   0.007293583840875553   0.05283119   0.015690305053129495 
 0.001825  T17-2218    0.04579007     0.02049955227964867   0.006606854   0.0033688477469458545           0.0                    99.0   0.008964114   0.0045708192208070274    0.01479795   0.007545504561697713   0.04050741   0.007402673532440155   0.08740297   0.018252093976807403 
 0.001825  T17-2214    0.04045237    0.020626737497204183   0.008959418    0.004568424721243444     0.0369326    0.018277137342527137    0.03010785    0.015352046563329105    0.04420648   0.014973846135338911   0.08455327   0.010649769198393222    0.1235706   0.020435842600893657 
 0.001825  T17-2220           0.0                    99.0    0.02875655     0.01466302586226407    0.01590001    0.008107444164470701    0.04358226    0.016540546105542463    0.02785832    0.01336620966695959   0.05147169   0.008537967173206805   0.06297752    0.01818887824934798 
 0.001825  T17-2231    0.08816725    0.021207137518432916    0.08529183    0.025222623534142695     0.1805779     0.02471199514583353     0.1502467    0.023107418532795916     0.2806106    0.03192718152552774    0.4440243    0.04533670363116317    0.4904588    0.05113282363492163 
 0.001825  T17-2190    0.01132785     0.00577609183912453    0.04612804    0.022265112335310953           0.0                    99.0    0.01253785    0.006393075161430608    0.01840371   0.009384089602411627   0.03261291   0.006812090440665406   0.05378451    0.01633677253071429 
 0.001825  T17-2252     0.0292808    0.014930337057360762   0.009276497    0.004730103431788157    0.01844911    0.009407235228680635    0.02866847    0.014618103892581589    0.02218106   0.011310165777217237   0.05340684   0.008367009553757245     0.053805   0.017004029038801362 
 0.001825  T17-2159    0.02486982    0.012681169747954012    0.04287519     0.01950866585472879     0.0524617    0.017943160604500533    0.04892256    0.016586098429661994    0.05923362   0.014301901534241662    0.1010912   0.011714704521543896    0.1537235    0.02036109935839664 
 0.001825  T17-2200    0.03416936    0.017423023340697678           0.0                    99.0    0.05516711     0.01599801801740206    0.05430701    0.017174501055628982     0.1014442   0.015622543130326126    0.1320094   0.014436067867669818     0.187483    0.02432829519671282 
 0.001825  T17-2250    0.01273634    0.006494284619175233    0.02843686    0.014500010404530613     0.0175101     0.00892843513907678           0.0                    99.0    0.01808925    0.00922374387362583   0.02497352   0.006279279912896462  0.008072368   0.004116116195290196 
 0.001825  T17-0914    0.03707495    0.017058887696796792     0.0155678    0.007938049637209633    0.02577565    0.013143049329650444    0.01165007    0.005940391465310851           0.0                   99.0   0.03067957  0.0063199348500972705   0.01162919  0.0059297466737278075 
 0.001825  T17-0897           0.0                    99.0   0.004853426   0.0024747713881778577           0.0                    99.0    0.03425226    0.015458469580119372    0.02023506   0.010317896579872081   0.06324489   0.009150726605824534   0.06680404    0.01609639289153989 
 0.001825  T17-1038           0.0                    99.0    0.01919827    0.009789233374560951    0.04101056     0.01912826018974899    0.04192208    0.019684174896897864   0.003378279  0.0017225915446264126   0.03930238   0.006647488005676505    0.0192428    0.00981193930845498 
 0.001825  T17-1074   0.008092299    0.004126278560792401    0.02340218     0.01193281724806108   0.008544038    0.004356621648687827    0.02253402    0.011490140769969006     0.0338576   0.013510246139578656    0.0915063   0.010941439388260761    0.1231687   0.019044076365539498 
 0.001825  T17-1003    0.00570718    0.002910102218758647    0.04432827    0.020217206601665545    0.02885259     0.01471198703986586    0.08145699    0.018238527797829546     0.1057429   0.016009367739848443    0.2058609   0.021656593281490538     0.238578   0.028423493061988353 
 0.001825  T17-1131    0.04778674    0.017505240647528272    0.01443371    0.007359778855515293    0.01100206    0.005609971862971862           0.0                    99.0    0.02026109   0.010331164424762633   0.05621198   0.008331662694134948   0.05828737    0.01542816442671224 
 0.001825  T17-1029           0.0                    99.0   0.002382624   0.0012149046269554495   0.006084682   0.0031025912252006776    0.01770158    0.009026070184142377   0.001362567  0.0006947757682738942   0.02678495   0.005799307250028145   0.06022431   0.015267536401180152 
 0.001825  T17-1113    0.06305466    0.018426115273512105    0.09076502    0.020705505696852807     0.1368354     0.02113031382976836     0.1386241    0.021681712435730256     0.2245532   0.025463696508213413    0.3375622    0.03451510661975854    0.3865843   0.041761076496481746 
 0.001825  T17-0912    0.02157008    0.010998625882975744    0.03727712    0.019007676229053985    0.03825967    0.017289884680722685    0.03097751    0.015795487894348217           0.0                   99.0   0.04419726   0.007404967686723015    0.0413683   0.015207725937710082 
 0.001825  T17-0863    0.08566516    0.021414810748775156    0.09104615    0.022729652803072577     0.1204262    0.022965558016013892     0.1394901    0.024070346069390028     0.1838593   0.022501789112712795    0.2951739    0.03019661330009271     0.318536   0.035420888395139107 
 0.001825  T17-0874   0.005951355   0.0030346070374414626           0.0                    99.0           0.0                    99.0    0.02394529    0.012209745193960479    0.01727137    0.00880670624622878   0.04298694   0.007439958460437263   0.09053052   0.018783780953759124 
 0.001825  T17-0764    0.02274324    0.011596822456232399    0.03505319    0.017873685079464196           0.0                    99.0           0.0                    99.0     0.0151353   0.007717517043246746   0.03460556   0.006472473465973576   0.03974525   0.016611952746321698 
 0.001825  T17-0793    0.04093607     0.02087338687688342           0.0                    99.0    0.03889606    0.019308586837281386    0.01033149    0.005268048872610238    0.02196899   0.011202025967489138   0.03575572    0.00799390100877369   0.05218916    0.01714480089659708 
 0.001825  T17-0843     0.0213569    0.010889924984984976           0.0                    99.0    0.06897469    0.020046457430350658    0.07480606    0.019882617961858945     0.1013875    0.01727699297524312    0.1657299    0.01850017836094788    0.1942545    0.02469829503097127 
 0.001825  T17-0826           0.0                    99.0    0.06420624    0.025258400055976946    0.01627597    0.008299146902103734  0.0005151898   0.0002626962843403964    0.01854213   0.009454669249938097   0.03017657   0.006625430282054894   0.05086504   0.015869396835469708 
 0.001825  T17-0869    0.01077836    0.005495906796452793    0.02658552    0.013556008525901126           0.0                    99.0    0.01983794    0.010115404316948285    0.02643242    0.01347794253714802   0.05468596    0.00790065741310538   0.07076851   0.017495697196130852 
 0.001825  T17-0903    0.02067985    0.010544690965913843    0.06240696     0.02082346175784699    0.04764213    0.018733849390722375    0.07086153      0.0199143047924729      0.137175   0.019820076890607666    0.2407307   0.025071764724766007    0.2701558   0.031062609727112434 
 0.001825  T17-1065           0.0                    99.0    0.02257365    0.011510353087204796    0.02801683     0.01428583138499783    0.05338547     0.01717046472180672    0.04454044   0.013329582843511496      0.03541  0.0065548385047798086   0.03778043    0.01525083037481727 
 0.001825  T17-1061   0.001130825   0.0005766099722039241    0.01074381    0.005478287722871992    0.02832444    0.014442687227158801    0.02607076    0.013293531397419423    0.03790314   0.013505751763563405   0.07330906   0.009092518208573245   0.07772393    0.01788203757493393 
 0.001825  T17-0997   0.004321458    0.002203519866917165    0.03034451     0.01547272976494455    0.04920361    0.018179828220110363    0.03857609    0.017127282068001362    0.03220471    0.01277161265658887   0.06697672   0.009503234160629107    0.1025112   0.018346718366053914 
 0.001825  T17-0998     0.0196521    0.010020645118888354           0.0                    99.0  0.0004484758   0.0002286786855574135     0.0290586     0.01481703684376873    0.04928801    0.01790494315192598   0.05903512   0.009531766385391167   0.07200348    0.01806812032662789 
 0.001825  T17-0994    0.08345107    0.020737897779665348    0.09233876     0.02270835265763186      0.123757    0.020312133540790343     0.1400833    0.021951568601760556     0.2514758   0.029333058077752484    0.4095091    0.04162823492480388    0.4951118    0.05276745318061883 
 0.001825  T17-0987           0.0                    99.0   0.006651571   0.0033916495227951263   0.009238193    0.004710573128023966           0.0                    99.0    0.03837836   0.013671439517731702   0.03761917   0.007501745287122058   0.05663499   0.017968691963395695 
 0.001825  T17-1060    0.02263156    0.011539876606304593    0.04078479     0.02079623910387503    0.02909517    0.014835688861033348    0.08214003     0.01882184102017943    0.07651779   0.014648150313689474    0.1305508   0.014509831200009496    0.1480267    0.02290051319711853 
 0.001825  T17-1500    0.02148981    0.010957691150436802     0.0262243    0.013371821743031127    0.02281025    0.011630986083089646    0.01438106    0.007332932517776228    0.02357676   0.012021835930729382   0.05654704    0.01005919702441189   0.08656481   0.022143737198760307 
 0.001825  T17-1774    0.01354495    0.006906594474902519  0.0002025291  0.00010326993426800514           0.0                    99.0           0.0                    99.0   0.004558433   0.002324353391550194    0.0189989   0.006517325362879776   0.05758961    0.01521100196464457 
 0.001825  T17-1615    0.03298168    0.015854606030230586    0.06064718     0.02069425897753104     0.1008487    0.019944732005141106      0.121782    0.019014276996288867     0.1830796    0.02177817795027169    0.2925958    0.02990470837606415    0.3855838    0.04134736509759721 
 0.001825  T17-1728    0.03006162    0.015328478699021113    0.03243162    0.016536946323742602    0.03796658    0.016808405277389166   0.007789354    0.003971806804428202    0.05155832   0.012248965133117327   0.07757525   0.009423532073461045    0.1159485   0.020108691845731785 
 0.001825  T17-1623    0.02277958    0.011615352293144794     0.0158288    0.008071135027095075           0.0                    99.0   0.008927942    0.004552375047422459  0.0005172751  0.0002637595338505323   0.02420121   0.006067885343162806   0.03171664    0.01572112760160021 
 0.001825  T17-1203    0.05106138     0.02074618782511727    0.03631286    0.018515998173436292    0.06963447     0.01774884971703544     0.0592007     0.01870079422337458    0.09550797   0.015474708766167751    0.1542389    0.01650259458491652    0.2137525   0.025876172143245994 
 0.001825  T17-1541    0.01067524    0.005443323746067287    0.01055004    0.005379484021757105     0.0201302    0.010264428261252548           0.0                    99.0           0.0                   99.0   0.02977867    0.00649070362420077   0.02329003   0.011875636647119556 
 0.001825  T17-1887    0.06424926    0.017190244970051356    0.07813279     0.02041249578305997    0.08440828     0.01946691863709262    0.08438523     0.01636192023272113     0.1780858    0.02102695894476422    0.2673317   0.027408517538165485    0.3551379    0.03811106628773984 
 0.001825  T17-1859    0.02175427    0.011092549626300033    0.01251554    0.006381698268315104    0.04834922    0.015993269407775384    0.06613429    0.015150207629565378    0.08379067   0.014588765199306247    0.1527051    0.01625660915001099    0.1330857   0.019916631060862174 
 0.001825  T17-1875    0.07563308    0.017384900084376785    0.06874413     0.01878243825318132     0.1089117    0.019904911587590637     0.1157637    0.018348330529159868     0.1917471    0.02298659810455214    0.3225517    0.03278766904185907    0.3795999    0.04010256958598164 
 0.001825  T17-1984    0.04072604    0.016190477323195757    0.02139937    0.010911585423762625           0.0                    99.0   0.003237823   0.0016509717755656182    0.01700198   0.008669340817810083    0.0224648   0.005589347109528984   0.01884564     0.0096094276300338 
 0.001825  T17-1986     0.0266166    0.013571856278549371    0.03738982      0.0180409243944074   0.007454813     0.00380122320542818    0.02124917    0.010834988344861705    0.00143317   0.000730776277687645   0.05202505   0.007612437723695742   0.06897485    0.01703450331454736 
 0.001825  T17-2091    0.06405129    0.017297218522604754     0.0619762     0.01924922565384904    0.06871034    0.017316729687719794    0.07167426    0.016616103058270795     0.1306809    0.01718173162300587    0.1999795   0.020773651358391574     0.226224    0.02639929708307401 
 0.001825  T17-2135  0.0004157294  0.00021198123229742205    0.00203746   0.0010389048298164755    0.03750755     0.01621887625202267     0.0518785     0.01623267431586675    0.06639261   0.013524314876403943   0.09992278   0.011381624352984288    0.1238204   0.018501964585462268 
 0.001825  T17-2096   0.009778362   0.0049860058648974175   0.009886953    0.005041376137407135    0.01733502    0.008839160524852119    0.02376705    0.012118870075956958    0.05077326   0.012449780000878569    0.0904974    0.01123948417140222   0.02972946   0.015159109666857615 
 0.001825  T17-2107    0.05889346    0.016660668297199723    0.08703283    0.021953474352322665      0.119762    0.019644846049081167     0.1134521     0.01857936039567832     0.1724595   0.021737884205296983    0.3072259    0.03154093452032048    0.4796186   0.051016782718847534 
 0.001825  T17-1845    0.05397751    0.018190166177924297    0.02347307      0.0119689592944896     0.0335741    0.015520363112537025    0.01898464     0.00968030694301477    0.03630503   0.011088016044771444   0.05592458   0.008158433058302618    0.0664337    0.01588353967656454 
 0.001825  T17-1825   0.006505001   0.0033169131937843973   0.007871445    0.004013664675226899   0.006601294   0.0033660126920962968    0.02256737    0.011507141097143505    0.02983619    0.01294795870310301   0.06870191    0.00908027402017197   0.09036847   0.017925498256612257 
 0.001825  T17-2086    0.02502349    0.012759521477916052    0.04083039     0.01916340695439934    0.02502896    0.012762315544493327    0.01129894    0.005761350573710733    0.04888965    0.01187147708639599   0.06082792   0.008417466449307654   0.08456517    0.01683744583433571 
 0.001825  T17-2080    0.02700956    0.013772227349355513   0.001588265   0.0008098594227756444   0.001037808   0.0005291805204524067           0.0                    99.0    0.02540008    0.01064722083344588   0.05583453   0.008166507157851147   0.05628281   0.016848839437630745 
 0.001825  T17-1183   0.002073833   0.0010574510032029332           0.0                    99.0   0.006082153   0.0031013021734560293    0.02578611    0.013148382904061662     0.0185417    0.00945444705035699   0.02400497   0.006272301681120975   0.06035372   0.016800993309899388 
 0.001825  T17-1246   0.001997561   0.0010185600557430573   0.009841484    0.005018191895871117           0.0                    99.0    0.01827023     0.00931602592878283           0.0                   99.0   0.02779175   0.006661672299672583   0.02700522   0.013770014374886615 
 0.001825  T17-1374    0.01226177     0.00625230143069934   0.002083359   0.0010623093097722573           0.0                    99.0    0.02939706    0.014989618258225791     0.0472145   0.012672491551092074   0.08677453    0.01055803428976649    0.1251071    0.01840077793990515 
 0.001825  T17-1531           0.0                    99.0     0.0328213    0.016735644916148287    0.01901242    0.009694472019223532    0.01338268    0.006823855626997467    0.02851841   0.011512535208531656   0.06557713    0.00855720416996451    0.0945974   0.017901221372509754 
 0.001825  T17-1431           0.0                    99.0    0.02802594    0.014290481494678058   0.004758085   0.0024261573165236523      0.014781    0.007536862704202857   0.008792082   0.004483099768310787   0.05289584   0.007622574989916268   0.08263538   0.016575356372203403 
 0.001825  T17-1109   0.006539391   0.0033344487218916427      0.030864     0.01573761382675277     0.0158744     0.00809438753665773    0.02849773    0.014531053039213263    0.03968379   0.013327089344269474   0.04761872   0.007428022262191263   0.08352022   0.017142935159458077 
 0.001825  T17-1119   0.006768391   0.0034512162687529175           0.0                    99.0    0.02993326    0.015263027684544635   0.001079165    0.000550268143222502    0.03726212   0.013153461365961586   0.05059094     0.0087081615783551    0.0510352   0.015443157599415995 
 0.001825  T17-1535    0.03925523    0.016788886489092388    0.01412007    0.007199851246329607    0.02711353     0.01382524675814175   0.009767283    0.004980356170887971    0.01974063   0.010065787719222872   0.04796927    0.00790949303541978   0.04539706    0.01526425830625373 
 0.001825  T17-1434    0.01579135    0.008052039199016668   0.009784933    0.004989355940329462   0.003725894   0.0018998406211578275           0.0                    99.0           0.0                   99.0   0.02717334   0.006152721525525108   0.06205257   0.015895946716020064 
 0.001825  T17-1458     0.0241104     0.01229394000805275    0.01683273    0.008583039912542525    0.04775213     0.01639160810879363    0.07003434     0.01569462802848019     0.0723525   0.013866830513834083    0.1066171   0.012262671828916405     0.165998    0.02328318397839093 
 0.001825  T17-1447    0.05049071    0.017503656203988954    0.03790887    0.018350689956139768    0.05683677    0.016639589445188514    0.08451492    0.018048708969202312     0.0989249     0.0162706806545301    0.1675986    0.01753749491814609    0.2086194   0.027648451834162435 
 0.001825  T17-1538    0.02169279    0.011061200854330466    0.02278131    0.011616229520617308      0.030869    0.015740163336509568     0.0368113     0.01521038380992735    0.04618196   0.011771983631424062   0.08043438   0.010115214458310066    0.1237066    0.01995094599575669 
 0.001825  T17-1400    0.05555207    0.016534693704040877    0.03850909    0.019635855233166723    0.06905985    0.019509562063886134    0.07855671     0.01774002777434807     0.1227414   0.016858123919953255    0.2197638   0.022682721527725377    0.2994551    0.03288610050094872 
 0.001825  T17-1373    0.02667967    0.013604010891718258    0.02371682    0.012093252798036762    0.02551333    0.013009291849769879    0.03381975    0.015062194284387152    0.06783172   0.014286226852951202    0.1072395   0.012118981627397742     0.162898   0.022201786742568716 
 0.001825  T17-1449    0.02102581    0.010721106450812855    0.03052378    0.015564134984861318    0.04791041     0.01599654441409397     0.0279796    0.014266852638252068    0.07096991   0.014714904157913534    0.1053141   0.011711236119651119     0.144332    0.01979610792056105 
 0.001825  T17-1688    0.01789469    0.009124539311130726    0.05080093     0.01870742966792202    0.05836759    0.016922981998128493    0.06764443    0.014885269019441639     0.1563361   0.019880306390863297    0.2980863   0.030528752140390365    0.4376537    0.04605346175152743 
 0.001825  T17-1819           0.0                    99.0    0.01461602    0.007452736138525568    0.02114551    0.010782141714390561    0.05012549    0.014891837058328332    0.02361609   0.012041895277379762   0.04755196   0.006975415202686647   0.07810197    0.01687876301758245 
 0.001825  T17-1939    0.03474111    0.017335540018699188    0.08613853    0.018600273486043397    0.04758315    0.017260477384152068    0.06090983    0.014791368876067183    0.09126207   0.013796818548014938     0.141136    0.01507823382926913    0.1626687    0.02144142721848991 
 0.001825  T17-1961    0.02459183    0.012539427007399063    0.01513121    0.007715431544265686    0.02144929    0.010937029923367723    0.03436842    0.014772980813043925    0.05667322   0.012331315340923042    0.1167107   0.013063227366145166    0.1688059    0.02214974362144402 
 0.001825  T17-1954           0.0                    99.0    0.01091739   0.0055667994453309525           0.0                    99.0    0.05174546    0.013830935327237127    0.03191538   0.012094784165723836    0.0870704   0.010241882836936235    0.1243512    0.01865290598246021 
 0.001825  T17-2032    0.01010063    0.005150331927538748    0.02026686    0.010334111461925307   0.002651852   0.0013521845095160053    0.01792874     0.00914189951141315    0.02105623   0.010736607862366446   0.02226275   0.005505341419135601   0.04790324   0.014999774805945453 
 0.001825  T17-2073    0.02357821    0.012022580191462273    0.02534315    0.012922516735687558    0.03923467    0.015229358262388767   0.003892426    0.001984755612921591    0.06137049   0.012838290191100254    0.1034905   0.011694565062656285     0.162304   0.021051241385011004 
 0.001825  T17-2029    0.01732701    0.008835076210221731    0.02052414    0.010465299035971022    0.02626227    0.013391187623027653    0.02972444    0.015156549959061792    0.01992845    0.01016155456198514   0.03113718   0.006812924714147736   0.05240598   0.016386814376519433 
 0.001825  T17-1666   0.006842224   0.0034888633692372883    0.04689979    0.019489583720986473    0.03457064    0.015662079878116315    0.03886543    0.014984377022610882    0.04519766   0.012667467796870693   0.04450496  0.0070585186001200706   0.04571237    0.01495801341990871 
 0.001825  T17-1739    0.01209467    0.006167096814627205    0.02624021    0.013379939185980669    0.01630341    0.008313141553391051     0.0143777    0.007331218266638976    0.03419989   0.011559463889027077   0.02124726   0.005521129541435973   0.03186407   0.015636603269880867 
 0.001825  T17-1744   0.005671568   0.0028919435904668405           0.0                    99.0   0.006137811    0.003129682296264784    0.02601663    0.013265925501889004    0.02324268    0.01034715738687317   0.03678306   0.006750974441432288   0.05235347   0.015188726941232073 
 0.001825  T17-1740    0.03477197    0.017730290452702937           0.0                    99.0   0.004365638    0.002226047335128218    0.04642809     0.01657565060662721     0.0412862   0.012059822980226535   0.08915331   0.010346019771590281    0.1313773   0.019419687716152906 
 0.001825  T17-1750   0.005562149   0.0028361501385607236     0.0147163   0.0075038691062078765     0.0627028      0.0158105495830885    0.03062139    0.015613911417236906    0.07011583   0.014097442561613402    0.1442747   0.015383127967066907    0.2220226   0.026856351774664035 
 0.001825  T17-1721    0.01494872    0.007622381498323474    0.01500636    0.007651770285638481    0.01099714    0.005607462164790503    0.03507089    0.014994915718813527    0.05022928   0.014067840019234794   0.06322301     0.0084043048231711   0.08465217    0.01646859164474877 
 0.001825  T17-1865    0.02467179    0.012580198767429749   0.006399059   0.0032628931612534925    0.02476299    0.012626692019586959    0.02531259    0.012906943937860776    0.01360779   0.006938636713525936   0.04765199   0.007310116416465404   0.06619208     0.0157299252087276 
 0.001825  T17-1913  9.188242e-05  4.6851025253612795e-05     0.0283653    0.014463521820891341    0.02912834    0.014852597405856526    0.03653254    0.015009336194216452     0.0175163   0.008931596531175208   0.05294276   0.008288816527780128   0.08669294    0.01649469647117024 
 0.001825  T17-1895    0.01527577   0.0077891468926768875   0.007901768    0.004029126922388303    0.02535102    0.012926534566948096    0.02364231    0.012055264906544402    0.04809155   0.013103525266359621   0.07856849   0.009533011349877907    0.1361093   0.020601514586711823 
 0.001825  T17-1934    0.03738038    0.017388821171475197           0.0                    99.0    0.01296199    0.006609344975080133    0.01801658    0.009186690279401227    0.02667847   0.011296078918182583   0.04595989   0.006771598047213155   0.04608597   0.014782916485744922 
 0.001825  T17-1941   0.001910488   0.0009741614611904179   0.008236342    0.004199726857862383           0.0                    99.0           0.0                    99.0           0.0                   99.0   0.03237482   0.006429020507704498   0.02710502    0.01382090258963227 
 0.001825  T17-1861    0.01415743    0.007218903144393752    0.05066488    0.019731872363337545    0.01079835    0.005506097775299128    0.04629753    0.016262157589969694    0.05366467   0.012103350363518731    0.1365955   0.014552194338603509    0.1784729   0.022449681804330768 
 0.001825  T17-1882   0.003249274    0.001656811153100968    0.04866709     0.01818838892070106    0.04054162     0.01602163348620683           0.0                    99.0    0.03299248   0.012063916671032009   0.06016308    0.00823069206415621   0.08800671   0.015993551170116693 
 0.001825  T17-1928    0.02227845    0.011359820225356783    0.03529689    0.017997957990817208        0.0212    0.010809921368816705    0.02708895     0.01381271336817734     0.0554691   0.013832421447056912   0.06814045   0.008625945196283652     0.115646   0.018435151424656106 
 0.001825  T17-1900     0.0110807    0.005650068591265419     0.0327801    0.016714636955752284           0.0                    99.0           0.0                    99.0    0.01184223   0.006038377166026067   0.05457444   0.008084838268871679   0.05991732   0.014572392241767445 
 0.001825  T17-0740    0.06162817    0.022178241371208607    0.08836377    0.023129973979419627     0.1903175    0.027933440418698875     0.1777745    0.025033826189028715     0.2799723   0.031209024270505478     0.374802    0.03808432103400518    0.4144837    0.04424866137465969 
 0.001825  T17-0737     0.0341937     0.01743543435419376           0.0                    99.0    0.05188811    0.019055433677316845     0.0459006    0.017634930825313717      0.133668    0.01914321644682523    0.1596229   0.017586031938192994    0.1811025   0.023983593392619466 
 0.001825  T17-0720     0.0116282    0.005929242851376641    0.03643836     0.01857999086833188   0.004540803   0.0023153648007284058    0.01093448    0.005575514650260368    0.01160077   0.005915257221431541   0.06183543   0.008990376185675046     0.095337    0.01819753900323063 
 0.001825  T17-0739           0.0                    99.0    0.03331216    0.016985935387992503    0.01669152     0.00851103763857175    0.03038255    0.015492116629367498    0.03646914   0.013511489256314273   0.06725964   0.009211353724278806   0.07646773    0.01775730383711246 
 0.001825  T17-0753    0.02629815    0.013409482905042425     0.0079887    0.004073453718823868    0.02898456    0.014779283703290088   0.005184382    0.002643526498391919    0.01675537   0.008543596839327393   0.06566775   0.009488773064028089   0.04573578    0.01715785444528785 
 0.001825  T17-0776           0.0                    99.0           0.0                    99.0   0.002125884   0.0010839923999634684    0.02879417    0.014682208373674207    0.05537734   0.014437568588400056   0.07153519   0.009811359223500942   0.09081539   0.019077424337706622 
 0.001825  T17-0833    0.07078442     0.01941695710776959     0.0818562    0.021846310851592315     0.1439515    0.025947968335470892     0.1635619     0.02651140128357232     0.2475069    0.02850731859212648    0.3892483    0.03960326844827805    0.4663371    0.04943369099143317 
 0.001825  T17-0803           0.0                    99.0    0.02156422    0.010995637857540779           0.0                    99.0    0.02064835    0.010528638860252782    0.05380093   0.013749568807113515   0.09839934   0.011538806350438724    0.1258508   0.019368152992562303 
 0.001825  T17-0815           0.0                    99.0    0.03829793      0.0195281843371177    0.03184085    0.016235706645034736    0.01629302    0.008307840730374409    0.04678434   0.013614456681383067    0.1029633   0.012281305872719724    0.1619502   0.022616201510874897 
 0.001825  T17-0722   0.005384416    0.002745524225330121    0.02319572    0.011827542891183445    0.01249074    0.006369052699921394    0.03301422    0.016834015200604516    0.02540065   0.012951836097890714   0.03909168   0.007194624007863649   0.05269771   0.015862042780135255 
 0.001825  T17-0791    0.02898814    0.014781109152275955    0.04371087    0.022288262811515143    0.03713118    0.017955268114442736    0.04574758    0.016924705576421825    0.07247799   0.015691980512239398    0.1087354   0.013202604425797548     0.132091   0.023515718592039662 
 0.001825  T17-0788    0.02387843    0.012175662955299356    0.04560943     0.01994060071335237    0.05489895     0.02104876942635662    0.08474528     0.01961702509023435     0.1078072    0.01691623105914849    0.1818192   0.020885932375244828     0.222196   0.028786345656621647 
 0.001825  T17-0800    0.01255001    0.006399276549739822    0.02771137    0.014130076734935626    0.02274113     0.01159575146601845    0.01313536     0.00669774667638729    0.01874584   0.009558542357030178   0.04190636   0.007159310607700787    0.0553319    0.01636001003624692 
 0.001825  T17-0785           0.0                    99.0     0.0344451    0.017563623704765483   0.006765664   0.0034498252758412215    0.03354654     0.01710544620735209    0.03028572   0.012152432240468736   0.04173736   0.007131001324848566   0.04998663   0.015553675349899425 
 0.001825  T17-0759    0.02589573    0.013204288161776424    0.02735936    0.013950591051940988    0.03080291    0.015706459013640886    0.02564733    0.013077618711252022    0.01644052   0.008383052248780573   0.03987199   0.006949468842654452   0.03034842   0.015143074693980215 
 0.001825  T17-0787    0.01746262    0.008904224994426242    0.05085175     0.02513125573346117    0.04253969    0.018196375189376616    0.01266605    0.006458443611014189    0.00940815   0.004797234043680796   0.03103486   0.006057169986239118   0.02925889   0.014919160202703135 
 0.001825  T17-0749    0.02522818    0.012863898211243122    0.02156276    0.010994893400691796    0.04113836    0.018188467282093782    0.06714414     0.01672429716359692       0.11109    0.01825091558502203    0.1556935    0.01641138274289833     0.171837   0.022487196145593608 
 0.001825  T17-0916    0.01210224    0.006170953830656976           0.0                    99.0           0.0                    99.0    0.01290006    0.006577763805490434    0.03963141   0.013134086026746629      0.04637   0.007459385342372453   0.03937045   0.015268781694455029 
 0.001825  T17-0886    0.04492673    0.020425857108269142   0.008064827    0.004112271514965335    0.09548018     0.02219560349504433    0.05691685    0.019924297770833103     0.1302177    0.02117993016450479     0.232016   0.028832394256823348    0.2951412    0.04189615021215315 
 0.001825  T17-1079    0.03482566     0.01775767199137477     0.0289164     0.01474452878628544           0.0                    99.0    0.00442609   0.0022568719278917887    0.01261614   0.006432995385202526   0.01441494   0.005911162826830268   0.06491809   0.015858674936998395 
 0.001825  T17-0978    0.04529302    0.019543030370751203           0.0                    99.0           0.0                    99.0   0.004612554    0.002351950285350045    0.03145556   0.014305874277444073   0.07058372   0.009566704395050994   0.06298303   0.018053596548297766 
 0.001825  T17-0999           0.0                    99.0    0.01845756    0.009411547822492324    0.03673619     0.01833456362651593    0.01851361    0.009440127826866011    0.03286415   0.013122064717559697   0.02960277  0.0066641376862601655   0.04915989   0.016516646454296374 
 0.001825  T17-1027           0.0                    99.0   0.007607219    0.003878936302807718    0.03457318     0.01762893194669558           0.0                    99.0    0.01107308   0.005646187060718765   0.06232431   0.008626564866426323   0.07027234   0.016412529713961097 
 0.001825  T17-1053    0.02678735    0.013658917133840626    0.02550843    0.013006803136014974    0.01215444     0.00619757267367927    0.03498055    0.017836655607524215    0.06350313    0.01548105407889169   0.09796239   0.011585344273080408     0.130424   0.020334501876173413 
 0.001825  T17-1020    0.01432472    0.007304200719513943  9.244099e-06  4.7135836283680176e-06    0.06234682    0.020058247260005647    0.06053511      0.0204418075627749     0.1171816   0.016842602186363603    0.1849503   0.019636609344993883    0.2772423    0.03144611633084442 
 0.001825  T17-0703    0.04342597    0.020976029291372305   0.003649837   0.0018610594987336353    0.04292335      0.0184207219205634     0.0333679    0.017014357322761266    0.07243013   0.015937150432576364    0.1485548      0.016267936756187    0.2113071    0.02641003837760559 
 0.001825  T17-0733           0.0                    99.0  0.0008113597  0.00041371394331331273    0.01587801    0.008096228282702138    0.01002923    0.005113922967050344    0.05993445    0.01374589624504801    0.0824899   0.010206606651880978    0.1249406   0.019636587131352537 
 0.001825  T17-0761    0.02034266    0.010372762029838339    0.09064191    0.023243824206315128    0.09340886    0.019526198968191324     0.1083571      0.0187118608974121     0.1782776   0.022165259661048414    0.2644494   0.027150036479690578    0.3465672   0.038094684623511454 
 0.001825  T17-0742    0.05285886     0.01930112318776024   0.006256993   0.0031904534306316855   0.007891217    0.004023746456609174   0.004034597    0.002057248392957955    0.01542789    0.00786671317751766    0.0197856   0.007482131790776209    0.0523781   0.015351441908127067 
 0.001825  T17-0818    0.02270612     0.01157789489579794    0.03644564    0.018583702954537776     0.0038977     0.00198744483581306           0.0                    99.0    0.06050768   0.013637512393388467   0.05957384   0.008130133387191135   0.08441422   0.017328391835646034 
 0.001825  T17-0806    0.04040315    0.020319585800939077    0.05150722    0.022178266668479392    0.05316879    0.018376361741243585    0.07563446    0.017336777191811516    0.06078597   0.015683129522413856    0.1088552   0.012352941289131468    0.1029675   0.017407042473188833 
 0.001825  T17-0845   0.002793387    0.001424353972491982           0.0                    99.0    0.01330649    0.006785007177904088   0.007420383   0.0037836682618235563    0.02018758   0.010293686435221543    0.0303421    0.00674746638244823   0.04943839    0.01640233993884778 
 0.001825  T17-0924  0.0005674996     0.00028936915343561    0.03086801    0.015739653630674373    0.02745544     0.01399958243142759    0.01499029    0.007643577141860805    0.04180943   0.013139839778100378   0.04258599   0.007100811792114054   0.08145768   0.016482207800738467 
 0.001825  T17-0920           0.0                    99.0    0.03952235    0.020152518484401027    0.03751905    0.017120741342168132    0.02153688    0.010981697138190617     0.0364987   0.014266763444348548    0.1132404   0.013214064755938804    0.1698321   0.023216079477900657 
 0.001825  T17-1008    0.01273379    0.006492983388618594    0.05388436    0.019740247497498507    0.05475877      0.0162163886723749    0.03309333    0.016874348641073202     0.1161847   0.017745515374575627    0.1689089   0.018120239323539553    0.2407844   0.028558278042656916 
 0.001825  T17-0796   0.008270139    0.004216960504402812     0.0146206    0.007455073450624145           0.0                    99.0   0.005786024    0.002950304928211618    0.01292797  0.0065919971301142116   0.02167826   0.006685934271854981   0.04981228   0.015431992994765257 
 0.001825  T17-0891    0.02191285    0.011173400071939829    0.02454538    0.012515737158855006           0.0                    99.0    0.00566741   0.0028898234181530887           0.0                   99.0   0.03089975  0.0069506551307653005   0.04678528    0.01620067136951997 
 0.001825  T17-0922    0.02402384    0.012249802895143089           0.0                    99.0    0.02560584    0.013056467782193468           0.0                    99.0    0.01452379  0.0074057088621323755   0.04165432  0.0074846779700794746   0.06810595   0.016157941742527885 
 0.001825  T17-1188     0.0183708     0.00936730774861171    0.09255754    0.021804867967805168    0.04076866    0.018800103773371997    0.07310276     0.01669225196829583    0.09412072   0.014632360018930098    0.1531328   0.016320408327785065    0.1896594    0.02350111557730824 
 0.001825  T17-1202    0.04017505     0.01996684445537464    0.06788601    0.021357650234489774     0.1091955     0.01989853794780159    0.08424817      0.0180366756314014      0.190259   0.022607083054246517    0.3754023    0.03810380644272891    0.5563457    0.05764009203035072 
 0.001825  T17-1168    0.02528533     0.01289304401066672    0.01142011   0.0058231344125762715    0.04022373    0.016939854969509893    0.02794341     0.01424839438372903    0.01491504   0.007605206039440352   0.03953467   0.006667223103734418   0.05068797   0.015191087415564068 
 0.001825  T17-1191     0.0292087    0.014893573126667758    0.02003782    0.010217323518985978    0.03599077    0.016417476163720447    0.02064983    0.010529393515140793     0.0600425    0.01326340189783149   0.08798439   0.010308445461321605    0.1250293    0.01959810413853595 
 0.001825  T17-1085    0.03375459    0.017211536211235796    0.03643197      0.0185767374977661    0.07390877    0.019763659370964907    0.06247851    0.017406932555697485    0.09961988    0.01646277187519295     0.202862   0.021334997576478044    0.2663678    0.03077293474364283 
 0.001825  T17-1148    0.01450449    0.007395869715632502     0.0310568     0.01583592292297484    0.02881666    0.014693671165656867    0.03887928    0.017008497225859905    0.05367426   0.014070642717654229   0.07926103   0.009942469856517795     0.111064   0.018115558038779817 
 0.001825  T17-1184    0.02803864     0.01429695724946032           0.0                    99.0           0.0                    99.0   0.002149391   0.0010959791554244133    0.02707555    0.01322692405904052   0.05485724   0.007616156874316666   0.07914279   0.016793624498667375 
 0.001825  T17-1251    0.01019884    0.005200407437020392    0.01904121    0.009709152096403167    0.01340374   0.0068345941620930935    0.01440892    0.007347137405560413    0.04772585   0.012463181026312062   0.05134864   0.008720578575013243   0.04390372   0.016184130618012327 
 0.001825  T17-1228   0.009425654    0.004806159367437389   0.006733981   0.0034336705426066447    0.03408348    0.016689553572265016           0.0                    99.0   0.008925757  0.0045512604213684025   0.03183043    0.00722355347827155   0.06165581   0.015910244019120542 
 0.001825  T17-1225    0.01562332      0.0079663593935491    0.01150299    0.005865399008627632           0.0                    99.0    0.04047222     0.01522773370924853    0.01398754   0.007132272960135289   0.02354723  0.0056000109778218295   0.02552391   0.013014696418222017 
 0.001825  T17-1267    0.04207568    0.019064797312445363    0.05097653    0.021162936019005228    0.01784878     0.00910112579022112    0.05065808    0.015865381432696914    0.04850249   0.014174573902886851   0.08698611    0.01063207166514043   0.08901884   0.016540598390214184 
 0.001825  T17-1393    0.02136228    0.010892668257483288    0.03795629     0.01935399124026207    0.06709564     0.01738835902632839    0.04797018     0.01700938518630006    0.09725226     0.0153916849744489    0.1620122    0.01722803517009763    0.2342292   0.028432306058285176 
 0.001825  T17-1365           0.0                    99.0    0.04158133    0.018415806322249078    0.02058381    0.010495719982505296    0.06156232    0.016159600039537612    0.07674586   0.014209336074971836    0.1084091   0.012350581747477525    0.1612848   0.021716131335320753 
 0.001825  T17-1220    0.02441063    0.012447022968006006    0.01874121    0.009556181510995382    0.01577581    0.008044117283853897    0.03636783    0.016027297082851773    0.04171197   0.013575188822027818   0.04650211    0.00718596596445892    0.1000292    0.01994944879195413 
 0.001825  T17-1206   0.004597349   0.0023441977164699672   0.005571121   0.0028407259594489948    0.04138101    0.017162746690850536    0.01896503    0.009670305804587258    0.07440851    0.01506075802616193    0.1655418   0.017522158464408456    0.2186459   0.025542656537725285 
 0.001825  T17-1395    0.07531909    0.019107620590863246    0.05139001    0.019403347553234234     0.1092078    0.019473274971213754     0.1195752     0.02067700076448468     0.2311283   0.025573416997691178    0.4246807   0.042981315195277925    0.6365966    0.06562847542125369 
 0.001825  T17-1420   0.008231537    0.004197276288695764    0.03567879     0.01819267974023456    0.04335916    0.017315944157020605     0.0134749     0.00687087878495182    0.02092448   0.010669433183178194   0.01938024   0.006308642474954576   0.04374258   0.015549245265113802 
 0.001825  T17-1419   0.008640634    0.004405876137581328           0.0                    99.0    0.03863011      0.0162061594631955           0.0                    99.0   0.009158769   0.004670074675439207   0.02896489   0.006124244230858368   0.02611384    0.01331549797348398 
 0.001825  T17-1358    0.08224141     0.01955699605323581     0.1029821     0.02082888244017427     0.1269713     0.02189293877593641     0.1390538     0.02081202734391823     0.2338931   0.026973735835679122    0.3796918   0.038557856509425226    0.5031835    0.05252869439065567 
 0.001825  T17-1337    0.01195302     0.00609486724205581  0.0001578751   8.050083136684801e-05           0.0                    99.0    0.00754549   0.0038474600749619225    0.01962632   0.010007498866001633   0.02716203   0.005822139015823824   0.04675078   0.015557943446811471 
 0.001825  T17-1407  0.0004798636   0.0002446833860262883   0.005138975   0.0026203738707768877    0.01318872    0.006724955044511822           0.0                    99.0    0.02625136    0.01154725573582295   0.02933751    0.00609101346199678   0.05064836   0.013854019149943312 
 0.001825  T17-1372    0.01012764    0.005164105359825649    0.05740864    0.019656614144518785    0.02559182     0.01304931895683541    0.04830828     0.01569772612233963    0.03448724   0.011763806002016356   0.05682551   0.007727080498089626   0.05711323   0.016684883716562994 
 0.001825  T17-1091   0.003307049   0.0016862702480504156           0.0                    99.0           0.0                    99.0     0.0202457    0.010323321936634542    0.03766673   0.013433236003455348   0.03116162   0.005947393403036746    0.0542395   0.014592349004259049 
 0.001825  T17-1112  0.0007185257   0.0003663776075027579     0.0140152     0.00714637586752922           0.0                    99.0    0.01884178    0.009607458427920884    0.04606362    0.01308748623218164   0.04860896   0.007159448579430192   0.07340959   0.016161776686493382 
 0.001825  T17-1151    0.02797423    0.014264109561869924    0.05206809    0.019312317105189138      0.109858     0.01979047391505317     0.1072342    0.018472974664208795     0.1669367   0.020713663677256616    0.2901337     0.0300477551484775    0.3589016   0.038968120685115154 
 0.001825  T17-1069    0.03148745    0.016055517101231122           0.0                    99.0   0.007828742     0.00399189082248834   0.006622598   0.0033768756432680552     0.0352545   0.013854271143102405   0.06046752   0.008205183153900954   0.06131216    0.01530812594216405 
 0.001825  T17-1101    0.02651763    0.013521396185326757   0.009073847    0.004626772781925874           0.0                    99.0    0.02229604    0.011368794303584527    0.01487314   0.007583843108839739   0.02829887   0.006165551670878527   0.04133572   0.014310384468325232 
 0.001825  T17-1149    0.01727671    0.008809429122649039   0.007853875    0.004004705697941517           0.0                    99.0           0.0                    99.0           0.0                   99.0   0.02342963   0.005955104700780499   0.04304776    0.01720257099891397 
 0.001825  T17-1137     0.0181057    0.009232130780145014     0.0667504     0.01969696493054704    0.04040744    0.017938123841183505     0.0437133    0.019723694469976967    0.07954936   0.013665796535500445    0.1338288    0.01457087966278289    0.1704637   0.022274491230025884 
 0.001825  T17-1192   0.002104373   0.0010730234087974458    0.03236903    0.016505026657703675    0.01164743    0.005939047285320601     0.0235381    0.012002123121289832    0.02582824   0.011398335546801383   0.04882935   0.007375101406954755    0.0987951    0.01736892790791936 
 0.001825  T17-1215    0.01209704     0.00616830626283261           0.0                    99.0           0.0                    99.0    0.03507764    0.016386456968234347           0.0                   99.0   0.03304796   0.006685617921930029   0.04886165   0.016683848559110245 
 0.001825  T17-1243    0.05714123    0.017518581549016147   0.003465312    0.001766969350868724    0.05785545    0.016655847554535464    0.07408089    0.017752044398795904     0.1353471   0.018429397481551046    0.2563096   0.026392198864396584    0.3529757    0.03825720093087052 
 0.001825  T17-1176   0.001136511   0.0005795093727574214    0.02562241    0.013064911954624149    0.01584716    0.008080499768664066    0.05693773    0.020104733433508364    0.03963997    0.01350723554123526    0.1133858   0.012808414293421689    0.1412983    0.02209691833052292 
 0.001825  T17-1255      0.001672   0.0008525558665565794     0.0588275     0.01982670372854247     0.0048758   0.0024861799344375697    0.02719632    0.013867456637791372    0.03947052   0.012270617940087778   0.05042168    0.00750246733869785   0.07475273    0.01837001642086716 
 0.001825  T17-1319    0.03759346    0.018155535183279947   0.003571627   0.0018211800671178262    0.03488478     0.01670305070478097           0.0                    99.0    0.02591679   0.011700266175751772   0.04401915   0.007219218874583731   0.03698519   0.014403063104887134 
 0.001825  T17-1406    0.03777856    0.018886537517034084   0.003756401   0.0019153957096976098    0.02225285     0.01134677654120874     0.0152494     0.00777569685589684    0.05384315   0.014797679195563912   0.04792004   0.007284640973341102   0.09442404    0.01742684062189174 
 0.001825  T17-1364           0.0                    99.0    0.01282623    0.006540120686163597    0.01716009     0.00874996337650084    0.04304034    0.015664344338233757    0.02491537   0.011591068692608503   0.04902364   0.007777131996620092   0.05855743   0.016620038010971845 
 0.001825  T17-1257           0.0                    99.0    0.03206604    0.016350536368364678    0.03632387     0.01852161709682416    0.03471809     0.01657308512203087    0.02160591    0.01101690057279637   0.03577559  0.0067482962942008555   0.06659295   0.015809951448360775 
 0.001825  T17-1321    0.01569621    0.008003527127364346    0.03485971    0.017775039055721958    0.01016947    0.005185432597289642           0.0                    99.0     0.0504153   0.012598631842616878   0.05546134  0.0077892628101635525   0.08547266   0.016837487085894262 
 0.001825  T17-1343    0.02169936    0.011064546007247473    0.02568954    0.013099146575522238    0.01618421    0.008252358299047007    0.03048257    0.015373249366940907      0.043516   0.014618154775651405   0.09629039   0.011154547966338439    0.1237734   0.018663297007956554 
 0.001825  T17-1162    0.02727223    0.013906168197822468   0.005079882    0.002590241744474874           0.0                    99.0    0.01776219     0.00905697338025292    0.02468417   0.010860115503197421   0.04812487  0.0075511904955376415   0.06943721   0.015693824106961345 
 0.001825  T17-1163    0.05641586     0.01830652545946106    0.08357371    0.023446907674653836     0.1317477    0.020829899553521616     0.1282825    0.020320917963175287     0.2321082   0.026766364402834017     0.312359    0.03245455756087039    0.4018569   0.043291445704061446 
 0.001825  T17-1253           0.0                    99.0   0.005772819   0.0029435711826535827    0.04705659    0.018941078169995525   0.005564207    0.002837199516776621     0.0505129   0.012177052232281013   0.09624659   0.011281793674524322    0.1494344   0.020208962168644387 
 0.001825  T17-1273    0.01119935   0.0057105684577941985     0.0476329    0.021707268608192047    0.04510795    0.016485366278761442    0.07158505    0.017326632640920884    0.09173022   0.014818213889942472    0.1286915   0.014097206301701198    0.1908055   0.025534724496171876 
 0.001825  T17-1283    0.03689122    0.017648901882887334    0.01008241    0.005141038572242966    0.01493131    0.007613505085930987    0.02836917    0.014465500044346515    0.04806992   0.012877280840028456   0.06280173    0.00834646152605342   0.07606533   0.017475999199407424 
 0.001825  T17-1230    0.04878341    0.019148931397453516    0.04782894     0.02030877065496915    0.03427505      0.0164579395749111    0.03171553     0.01448830468964223     0.0756013    0.01606124955535216    0.1251153   0.013644297842429452    0.1641497   0.022018623465023875 
 0.001825  T17-1313    0.01239447    0.006319962477902697    0.02238531    0.011414308347879034     0.0549771    0.016436354905321922    0.08970499     0.01809549094550908     0.1294135   0.017298322948037476    0.2960246   0.030340651627354682    0.4934405    0.05124197288663757 
 0.001825  T17-1287    0.03788308    0.017563821926646947    0.04622126    0.018880811279602793     0.1023646     0.01948081484434622     0.1352178    0.019622207018630704      0.248872    0.02801431259064552    0.4424919   0.045005351797605016    0.6967489    0.07214764175733675 
 0.001825  T17-1496    0.02958207    0.015083960121150182    0.02058308    0.010495352656984138    0.02684447    0.013688052539109024    0.02378158     0.01212627404840679    0.06078084   0.014692919497195103   0.09508562   0.010648965705618785    0.1393836   0.019431584140571247 
 0.001825  T17-1551    0.01283504    0.006544613902935757    0.02595973    0.013236921886663417    0.02748028    0.014012248395899351    0.03981056    0.016801151426540265    0.06759495   0.013758418740052398    0.1097298    0.01239731551060152     0.150869     0.0210145791673043 
 0.001825  T17-1553    0.01046594    0.005336605189970493    0.01839198    0.009378105510780149    0.01210895    0.006174378214492614     0.0165694    0.008448767431691087   0.006956275  0.0035470177064014286   0.02215531   0.005980740586171749    0.0593485    0.01635262737437015 
 0.001825  T17-1693    0.04055259    0.017521055266366835    0.05333403     0.01917519678289923    0.02605997    0.013288024652460914    0.04949444    0.014931156617982949      0.039753   0.012977449517455268    0.0739848    0.00923897961702027   0.09724676    0.01668068558690188 
 0.001825  T17-1686    0.02953354    0.015059209676547305     0.0111274    0.005673883954135915     0.0289051     0.01473876689423508    0.02961076    0.015033136244798555    0.02480967   0.012183106632033104     0.077283   0.009894982483340989    0.1288663   0.020760149939229727 
 0.001825  T17-1719    0.06625069     0.01811164771594128    0.07822807     0.01999486390153354     0.1171314    0.022203328183396293     0.1117081    0.018395345299028774     0.2005337   0.022850748010936096    0.3524284    0.03602295954357781     0.474507    0.05001488447264974 
 0.001825  T17-1737    0.02141125    0.010917643058944776    0.05098637    0.018897031346160408    0.02636826    0.013445227227948808   0.004455004    0.002271615232913391    0.03190957    0.01183248584980557   0.02301533   0.006621325790217923   0.05046795    0.01623085219377359 
 0.001825  T17-1783   0.006835459   0.0034854133922460058           0.0                    99.0     0.0191556    0.009767475858296452    0.00706515   0.0036025337716460064    0.03465912   0.011715475658945478   0.05109219   0.007620555348938947   0.09042739    0.01685047705840167 
 0.001825  T17-1754    0.02147272    0.010948981828991407    0.01033794     0.00527133577903514    0.04385948    0.016031930911811716    0.01547941     0.00789298136489033    0.05131319      0.013105624455014   0.06853317      0.008892055684823   0.07427829   0.016539189384901575 
 0.001825  T17-1613    0.01307865    0.006668829156145028    0.01249096    0.006369165858931372    0.01899323    0.009684687000776949    0.02749199    0.014018214444846426    0.05265895   0.012844244780314061   0.04721061   0.007146413330982333   0.07476887    0.01585404270410765 
 0.001825  T17-1616    0.03426223     0.01740388493801683    0.02199713    0.011216374608400389    0.07930699     0.01823130236678118    0.05766685    0.017939729350066155     0.1163485   0.016324236817058246    0.1940821    0.02030980050135737    0.2802337    0.03129694977464897 
 0.001825  T17-1598    0.03441068    0.017546072879599698    0.03165963    0.016143312019216163           0.0                    99.0    0.00862586    0.004398342846151946   0.001080016   0.000550702462015379   0.03751462    0.00677331442622207   0.03085037   0.014639873468314846 
 0.001825  T17-1648    0.05222559    0.019341785341536622      0.113742      0.0250451730173321     0.1342988      0.0235066012817017     0.1650605    0.025259562571748943     0.1594109   0.022383655485145853     0.282727    0.03212823590248304    0.3782388   0.042775273582035686 
 0.001825  T17-1714    0.02770134    0.014124967321266836           0.0                    99.0           0.0                    99.0           0.0                    99.0    0.01831587   0.009339299815004228   0.03386114   0.006701007549418595   0.05778606   0.014746492206543088 
 0.001825  T17-1746   0.007892787   0.0040245479832534846           0.0                    99.0           0.0                    99.0   0.005664868    0.002888527247392733    0.01896951   0.009672589184748673   0.04796613   0.007493409006906937   0.05462748   0.016392472926084214 
 0.001825  T17-1720    0.01446105    0.007373715652542753    0.05164567    0.021507244093560408    0.05870594      0.0172009107759687    0.04175636    0.016041823479582863     0.1129317   0.016136136882692834    0.2075673   0.021735599032112644    0.2929482   0.033377807152724995 
 0.001825  T17-1743  7.937007e-05  4.0470958475425916e-05   0.008478968    0.004323442328712879    0.01790463    0.009129606755946556    0.02247513    0.011460117546956881    0.01083539   0.005524986504738812   0.03034866   0.006012077778688496   0.03463725   0.015409988203257166 
 0.001825  T17-1742           0.0                    99.0   0.006645133      0.0033883657934516    0.01308583    0.006672489271575115    0.02203262    0.011234475931557467    0.00557983   0.002845166205253043   0.03549834   0.006754742699623725   0.09216649   0.017108888062314306 
 0.001825  T17-1477     0.0206384    0.010523560432933335   0.005482091   0.0027953284081388024    0.01099022    0.005603932662706432    0.01317936     0.00672018138166642   0.008710242  0.0044413693926115445   0.04007039   0.006859827783564978   0.05334561    0.01422404267903893 
 0.001825  T17-1499    0.03054814     0.01557655619639643  0.0008441064  0.00043041150051485565   0.006096705   0.0031087222666522094    0.01808861     0.00922341753637696    0.02470427   0.012596760382809899   0.08477791   0.009920209816062613    0.1122307     0.0188278903444677 
 0.001825  T17-1455    0.02844187    0.014502560110403576    0.05973915    0.020095688294042704    0.07893904    0.017950703824187952     0.1101136    0.018328680542581348     0.1969584   0.023524162614267485    0.3426473    0.03500977487310885    0.4985166    0.05226742200957686 
 0.001825  T17-1470    0.04924267     0.01862152400145834   0.004544829    0.002317416685403902    0.02918866    0.014883354691562519   0.004339956    0.002212952033213409    0.04192414   0.013666461570146678   0.09577018   0.011002691950704292    0.1285524   0.019982831047366638 
 0.001825  T17-1529    0.02574735    0.013128619104426977   0.009538499    0.004863699743428865           0.0                    99.0           0.0                    99.0    0.02892655   0.011569376155844576   0.03714348   0.006746023497755178   0.05961921   0.014705537601143353 
 0.001825  T17-1558     0.0347518    0.016738074524508487           0.0                    99.0    0.02399232    0.012233730785636245    0.03677681    0.014132506391215997    0.05876051    0.01404496760803317   0.08211338   0.010342990592298004   0.07435136   0.015640541966853196 
 0.001825  T17-1488   0.008230562    0.004196779624583526    0.01038293    0.005294274306665457  0.0009958213   0.0005077712731041673    0.01899769    0.009686959202318652    0.01847743    0.00942167565194313   0.04462301    0.00708285369015039   0.05748852    0.01579044296451192 
 0.001825  T17-1480  0.0003083773  0.00015724213799587214    0.01210077    0.006170204274788478   0.006948607   0.0035431077782384058    0.02751623    0.014030574468147376    0.01533307   0.007818362313328412   0.03489639   0.006613944160427271   0.03745179    0.01452553993758721 
 0.001825  T17-1471   0.008827777    0.004501301208754896           0.0                    99.0    0.02866522    0.014616451614143017   0.008137226    0.004149187416051456    0.02190724   0.011170318891431705   0.03693387   0.007648506379998189   0.06267089    0.01525201753986734 
 0.001825  T17-1481     0.0181619    0.009260786289230737    0.02152444    0.010975353957915707    0.03908686      0.0165723581146135    0.02198784    0.011211642522175599    0.06721519    0.01260282750383663    0.0886811   0.010450997894889702    0.1179816   0.019221379312005685 
 0.001825  T17-1526           0.0                    99.0    0.03035278     0.01547694175117888    0.02160868    0.011018308098298214   0.006145015   0.0031333546493417003   0.009957617   0.005077407848897987   0.04781959   0.007598323190481042    0.0647563   0.015484575362175741 
 0.001825  T17-1547    0.02037901    0.010391301868673675   0.001083299   0.0005523761759474877    0.01922632    0.009803537104877249    0.02772955    0.014139356558218094    0.01434574   0.007314922780854218   0.03946048   0.007461994575668425   0.05003114   0.016815788263709077 
 0.001825  T17-1559    0.03373798    0.016242916835153224   0.001206157   0.0006150219060037211           0.0                    99.0           0.0                    99.0    0.02563586   0.012184615640790479   0.03493319   0.006728566682401386   0.04279123   0.016034181507602094 
 0.001825  T17-1595   0.009944547    0.005070743430393722   0.009618475   0.0049044796618907755    0.03827285    0.018233408082726197    0.03645454    0.016559337287893376    0.02935072   0.013212888046073954   0.07653597   0.010718915866002727   0.06881059   0.017212888428066946 
 0.001825  T17-1805    0.09565748    0.019787106478389004    0.08734349    0.020884907140377735     0.1366986    0.021641129952673453     0.1540887    0.021549791778968538     0.2881738    0.03137137944696248    0.4468619    0.04531592818110863    0.5868816   0.060578005885866704 
 0.001825  T17-1784   0.006128761   0.0031250676836049826    0.03339926    0.017030347847955894    0.01039891     0.00530242646217088    0.03949833     0.01560475928324077    0.06820236   0.014802481772263596   0.06127044   0.008381493003551635    0.1196027   0.018552784996679072 
 0.001825  T17-1813   0.009644936    0.004917971687135354   0.003305434   0.0016854472466893053     0.0336503    0.015978061678154205    0.05689639    0.017558312076575613    0.05162263   0.012878304620778661    0.1160672   0.012949147286071041    0.1579482   0.021536752448008498 
 0.001825  T17-1946    0.05131468     0.02079202058861822    0.07407396     0.02021332250332231    0.08365948    0.017921793001100753    0.07605961    0.018322168807497135     0.1321652   0.018171749181036482    0.1567547   0.016670655160327355    0.2228079   0.027175234468482513 
 0.001825  T17-1956    0.01689194    0.008613234148824528           0.0                    99.0     0.0401273    0.015793703468360423    0.01606966    0.008193950991680143     0.0578516   0.012673046359423611   0.04940951   0.007507173897674277    0.0980894   0.018129581871794507 
 0.001825  T17-1818           0.0                    99.0           0.0                    99.0   0.003807359   0.0019413792933349757    0.03767988     0.01374292745131997           0.0                   99.0      0.02725  0.0063719927720110444   0.06291183   0.016093038279069275 
 0.001825  T17-1890  0.0004180116  0.00021314493053081418    0.01925151    0.009816380554451321    0.02240185    0.011422742126154515    0.01848672    0.009426414602232602    0.02494722    0.01272063615898922   0.04417952   0.007252170722454072   0.06700852   0.016945751738356253 
 0.001825  T17-1732    0.02134803    0.010885397251773083    0.04709229    0.020636406745953642    0.04435791    0.015891618438528564    0.05748007    0.017194231866298915    0.09734396    0.01544006393774702    0.1596795   0.017433971390683794    0.2065055   0.025008092757995364 
 0.001825  T17-1831     0.0647852    0.018215641315089622    0.03654772    0.018244689457110087     0.0605959    0.017058402097139696    0.06742358     0.01605523335894449     0.1087371   0.018251455865286474    0.1881558   0.019919686491965582     0.257548   0.029400964673432062 
 0.001825  T17-1794    0.03292197    0.016786981648495035    0.02687606     0.01370415543884905    0.01623933     0.00828046409460593    0.01176759    0.006000318084376611    0.05626208    0.01422191994957657   0.06214752   0.008786881760450007    0.1008772   0.018750197838809594 
 0.001825  T17-1814    0.07895576    0.018661140612571785    0.07682451     0.01913440225624519     0.1137752     0.02076153172634428     0.1377624    0.022018309379468717     0.2294662    0.02554013018371872    0.3600801    0.03661772299306848    0.5063411   0.053649394115390533 
 0.001825  T17-1806    0.03535672     0.01644417115808772    0.01376183    0.007017182010113319    0.02001266     0.01020449438588978    0.01304727    0.006652826471750034    0.02788835   0.011137668985780867   0.08387883      0.010038700733391    0.1185943   0.018509780103658717 
 0.001825  T17-1801    0.02094125    0.010677979335999158    0.04962072     0.01922361270934223    0.03731545    0.016652405142558988    0.01774609    0.009048767881158737    0.07811321    0.01490555079471876   0.08984559   0.010678454223103736    0.1295193   0.020680037685115567 
 0.001825  T17-1840    0.02090898    0.010661529702932127    0.02647692    0.013500633173983508   0.001955587   0.0009971578234689732    0.02259251    0.011519960032200675   0.006155805   0.003138856491396867   0.02901934   0.006284283020906363   0.06935962   0.015242182436745862 
 0.001825  T17-1944   0.009626638    0.004908641501229382           0.0                    99.0    0.03581158    0.016736650637504027    0.01484956    0.007571820601407366    0.03953312   0.012070047638772764   0.05243741  0.0075346547680153865   0.09371455    0.01743246808232056 
 0.001825  T17-1891   0.002615874   0.0013338392571100011           0.0                    99.0    0.01935905     0.00987121737146184    0.01519001    0.007745413779005612    0.03084337   0.011507237797228707   0.06555215   0.008684531148504565   0.09714861   0.017844993613487816 
 0.001825  T17-1933           0.0                    99.0    0.00321697   0.0016403392804642581    0.06211733     0.01612711871400744    0.03423812    0.015669088991190395    0.06356981   0.013498633278890164    0.1352484    0.01460460547975607    0.1826295   0.022522389377119825 
 0.001825  T17-1893   0.002692515   0.0013729181622737935    0.04256531     0.01997237865690667    0.02034821    0.010375587082765052    0.02753739    0.014041363993438137    0.02554506   0.012042475252224353   0.03742976    0.00723040912069822   0.04601094    0.01608443524923508 
 0.001825  T17-1509    0.02156643    0.010996769643756706  0.0008459033   0.0004313276943022195    0.03091026     0.01576120189102265    0.01442234    0.007353977348005635    0.01641056   0.008367778528059882   0.06611179    0.00897253302507943   0.06475644   0.016130396043654228 
 0.001825  T17-1528    0.01998105    0.010188375404626639           0.0                    99.0    0.01211634     0.00617814540933248    0.03222214    0.016430132062971864     0.0460491   0.015446191587187439   0.07913548   0.009739845787063828   0.09725388   0.018856369570257794 
 0.001825  T17-1417           0.0                    99.0   0.008519689    0.004344205555783843    0.02965456    0.015120918010700805     0.0461766    0.015286746561816219    0.04215117   0.013275733379504464    0.1389705   0.015044839994556972    0.2171903   0.026630405711836235 
 0.001825  T17-1433    0.02490947    0.012701392263228825     0.0233254    0.011893666976235714    0.03041771    0.015510054587784048    0.01401453    0.007146038155544512           0.0                   99.0    0.0387261   0.006993654543631748   0.03898734    0.01471537702007176 
 0.001825  T17-1441   0.008215019    0.004188854708843888   0.009882811    0.005039264123524605     0.0194543    0.009919785532328812    0.04340984     0.01501023418473729    0.05561224   0.013729530225691481   0.08996633   0.010567850595607085     0.113729   0.018936329088366097 
 0.001825  T17-1398      0.014265    0.007273752316720786    0.01500129    0.007649187043906431   0.009687249    0.004939547658693558    0.01333921     0.00680168724742986    0.01019729   0.005199619050157136   0.02930385  0.0070144331561592345   0.04069593    0.01638553570927875 
 0.001825  T17-1416           0.0                    99.0    0.02150512    0.010965502652215447    0.03762504    0.016655463528716816    0.05928764      0.0183638119559256    0.09020643   0.015648834411579958    0.1657947   0.017570743338134444    0.3085578    0.03397741153909167 
 0.001825  T17-1672     0.0308584     0.01573475837582516    0.02759102     0.01406871493799288    0.03662742    0.018676392931255864    0.05306708    0.016877421871902238    0.09190631   0.015616254778523596    0.1788789   0.018868522210517203    0.2189722   0.026420566328004783 
 0.001825  T17-1628    0.03050613    0.015555130312516478    0.02507925    0.012787953610723842    0.05338841    0.016486250629020566    0.07029906    0.017646777726690953    0.06834435   0.016094851167169112    0.1545994   0.016648892493831804    0.2098769   0.025627148573684512 
 0.001825  T17-1614    0.01116483    0.005692967623013941   0.001173506    0.000598373195447958    0.02336825    0.011915511371948122    0.05116239    0.017492861764377518     0.1227827   0.017842798157267824    0.1829547   0.019465069047552953    0.2945661    0.03260244278511198 
 0.001825  T17-1602    0.01574918      0.0080305385948892           0.0                    99.0   0.008856067     0.00451572633495885    0.05193847     0.01579955743655527    0.05398169   0.012902417486927052   0.09301586   0.011466547149181048    0.1526874    0.02184069000919156 
 0.001825  T17-1370    0.02611492     0.01331604866759145    0.03234706    0.016493829014735662    0.04598204    0.018531747973518743    0.06472678     0.01598419125549003     0.1321607   0.018795686773347763    0.2239368   0.023143944270660195    0.3424375   0.036755829105910534 
 0.001825  T17-1412    0.03438603    0.017533508699402095    0.04897458      0.0191642613838406     0.1032231    0.021775341940509223    0.09662015     0.02038110405913097     0.2030315    0.02356004274738482    0.3922571    0.03989950141644123    0.5921354    0.06186582056846898 
 0.001825  T17-1465    0.02435423    0.012418264497949342    0.04272533     0.01857573082078035    0.07955923    0.018884091654922906    0.04358834    0.013934820330454786    0.07586318   0.013654199110882484    0.1047615    0.01230835002523555    0.1468344   0.020125368587832124 
 0.001825  T17-1525    0.04182169     0.01699051667731623    0.03521585    0.017956625730872297    0.04442458    0.017966810424409334    0.03113161    0.015874073590859433     0.1305483   0.018470967580841564    0.2643629   0.028003843087758794    0.4102919   0.044726671391393524 
 0.001825  T17-1516    0.03487567    0.017783177090865653    0.02399114     0.01223312910133364    0.06077265    0.019534227980883324    0.07104048     0.01924264019163441    0.07781638   0.015870677068201722    0.1566126    0.01723562652231711    0.1698482   0.022459874119015004 
 0.001825  T17-1569    0.01537111    0.007837758983558119           0.0                    99.0    0.03421191    0.016178420360498148    0.03226267    0.014857165467372604    0.04143137   0.012871457439512008   0.08628787   0.010465313192807227    0.1327196   0.020550603355658444 
 0.001825  T17-1580    0.05296812      0.0188319365808656    0.06496786     0.02172660118909297    0.09554142      0.0178671361703062     0.1010664     0.01794098219139911     0.1803179   0.022803422125553877    0.2130025   0.022248677198658355    0.3013704    0.03441817144142321 
 0.001825  T17-1588    0.04491865    0.017987359794564766    0.04006289    0.019089892370163352    0.06780446     0.01641309381211586     0.0646007     0.01617584140684187     0.1895852   0.022142971961127987    0.3119616    0.03195749331233013    0.4267548    0.04606589229126469 
 0.001825  T17-1617    0.05482497    0.018053420230732153    0.06162265     0.02030268585282068     0.1152755     0.02075795789399574    0.08043065     0.01691536870619807     0.1541913   0.019381394675538705    0.2199111    0.02296819577610547    0.2564273    0.03036484871330335 
 0.001825  T17-1550    0.01343111    0.006848551159082481    0.02006242    0.010229867106989417    0.03252002     0.01658202165624276    0.02415443    0.012316395893874515    0.06381432   0.017380858437681494    0.1031863   0.012544041309975865    0.1674071   0.022583984243257433 
 0.001825  T17-1475           0.0                    99.0           0.0                    99.0    0.02372052    0.012095139435256792           0.0                    99.0    0.04086591   0.012734053850262335   0.05243271   0.007939096344491922   0.06948639   0.016027722140464034 
 0.001825  T17-1556    0.01456536     0.00742690548625038    0.05017573    0.018679808445656743           0.0                    99.0    0.03351606    0.016771111430648716    0.02458667   0.012536786107523292   0.05174342   0.007985007368311503   0.07848392   0.015380981613527273 
 0.001825  T17-1573     0.0552408    0.017992033619543955    0.09884125    0.021472883966370822       0.13397    0.021820804462771303     0.1321975    0.020254852522516673     0.2196783   0.025590285854255324     0.332451    0.03419069940793256    0.4292718    0.04655290673583015 
 0.001825  T17-1579    0.01277542   0.0065142106068536805           0.0                    99.0    0.03618536    0.016771363752116165           0.0                    99.0    0.01589661    0.00810571245899742   0.03715002   0.006573358417644667   0.04454929   0.017350418830179317 
 0.001825  T17-1610     0.0249264     0.01271002000036192    0.02392471    0.012199251411801504    0.02734495    0.013943238461918559    0.01977111    0.010081328550119622    0.03031932   0.012346232843998366   0.05269627   0.008226207436258461   0.07248171   0.016158646568365215 
 0.001825  T17-1584           0.0                    99.0    0.01941153    0.009897978987030535    0.01962022     0.01000438944467902    0.03258064     0.01648113353869193    0.07963807   0.014095259158584103     0.137005   0.014753027660793698    0.2038882    0.02461963836836967 
 0.001825  T17-1708    0.05979644     0.01698687901031664    0.05116497    0.022300971251517476    0.08876327    0.019035250595435538    0.09304117    0.018335230618186645     0.1816806   0.022292648359629682     0.276258   0.028372971799526414    0.3702316    0.03956033888103715 
 0.001825  T17-1724    0.03721755     0.01617476385168034    0.05096839    0.018927237086189336    0.07584086    0.018363703010501338    0.08066324     0.01918141056551827     0.1489903   0.019976499634202685    0.2356921    0.02422503101232007    0.3565711    0.03888746216921464 
 0.001825  T17-1711    0.04262305    0.017099761329150913    0.05453838    0.019178659222944757    0.05247951     0.01743311962874118    0.06288212    0.017201980736515316     0.1114858   0.016538810183625664    0.2014942    0.02112713232647195    0.2777295    0.03152784837614042 
 0.001825  T17-1698   0.001832328     0.00093430781884638   0.008278802    0.004221377294717097    0.02283429    0.011643244126000322           0.0                    99.0     0.0235096   0.011987590915676093   0.02810492  0.0070603307183842315   0.06184368   0.015851776640374543 
 0.001825  T17-1700    0.02847272    0.014518295488506356    0.04055849    0.019834379755457463    0.04305493    0.018033207053354348    0.06902591      0.0167810302826996    0.08790889   0.015344555259583805    0.1515277   0.016314407424602495     0.222938   0.028434227758054202 
 0.001825  T17-1718     0.0256458    0.013076843464169784   0.005180798   0.0026416990097982477    0.03851382    0.016219856163074444     0.0380929    0.014704527085445488    0.06250748   0.014683586618462943    0.1182802   0.013500071001914362    0.2014196   0.025248607371387836 
 0.001825  T17-1772    0.01521068    0.007755957374662911    0.01073264    0.005472593098655974   0.009918564    0.005057495138281891   0.009067984    0.004623782736494715     0.0121919   0.006216675561938551   0.03281789   0.006875516345532894    0.0583821   0.017566002186297256 
 0.001825  T17-1786    0.04055828    0.017727603918005503     0.0313546    0.015987771724089633    0.05476204    0.016972080267265887    0.06140379    0.016332550285014923    0.04920935    0.01267201014339576   0.09925908   0.011742902032863298    0.1282228   0.018262930954696183 
 0.001825  T17-1820           0.0                    99.0    0.01660079    0.008464773253944255   0.002004785   0.0010222442738461537    0.03741392     0.01516202377267837    0.08059615   0.013674221134844391   0.08503989   0.010498215440436057    0.1594365   0.021032145069747404 
 0.001825  T17-1764   0.008138619    0.004149897219179363    0.03918367    0.018388976901999986    0.04794824    0.017456245862824456    0.07940155    0.018830190505847916     0.1304821    0.01733005255634558    0.1922867   0.019990072040084024    0.2621058    0.02980036099735203 
 0.001825  T17-1749   0.009589424    0.004889666010011497   0.001106254   0.0005640812694151438    0.01086423    0.005539691096435342   0.005109762   0.0026054776147814897    0.00159791  0.0008147772309803705   0.03145566   0.006370832284287273   0.03907406    0.01572512362983948 
 0.001825  T17-1816   0.009377601    0.004781656558678384   0.008146039    0.004153681672239125    0.02387537    0.012174092849521439    0.04530773     0.01574340142876148    0.03094345   0.011763164890174115   0.04969966  0.0077915001362338435   0.06632708   0.016832816999960643 
 0.001825  T17-1697    0.01562627    0.007967863604305611           0.0                    99.0    0.04055931    0.016177191453304277    0.02095689    0.010685964008325173    0.02750711   0.012014465810893176   0.05453719   0.007935035425242978    0.1023912    0.01764782436490119 
 0.001825  T17-1730    0.02224297     0.01134173870992931           0.0                    99.0    0.03729058    0.016442982858042028    0.00473333   0.0024135342034274135    0.05118182   0.012674696391141842   0.05639176   0.008450970128208713   0.08469659   0.016748360178175086 
 0.001825  T17-1736    0.02173031    0.011080322569738708    0.05987718    0.019528626535625183    0.06064713    0.020180113760580463    0.07027565    0.016285344474383248     0.1152988   0.017690802334165062    0.1535198    0.01657117547380466    0.1829419    0.02453340713094086 
 0.001825  T17-1734    0.07962732    0.020713140422174613    0.08381508     0.02319966990297414     0.1233673    0.020608981094234136     0.1232993     0.01956453088799729     0.2054364   0.024154668401979773     0.253723   0.026058491005334597    0.2977358    0.03282223777858542 
 0.001825  T17-1704           0.0                    99.0    0.02434611    0.012414124094104303    0.01202895     0.00613358409722252    0.01567147    0.007990913133668391    0.02315466   0.011806606317060632    0.0427693   0.006745305874912197   0.07060479    0.01680706780505871 
 0.001825  T17-1747           0.0                    99.0   0.005854374   0.0029851567265870246    0.03973427    0.015821142683381913           0.0                    99.0     0.0380305    0.01654254519697921   0.07424232    0.00978722642313056    0.1046766   0.017578041370050305 
 0.001825  T17-1761    0.01112822   0.0056743030543167155  0.0008903745   0.0004540036459615082    0.02685963     0.01369578265269163   0.004641575    0.002366748640170783    0.02815682   0.012041845024996127   0.03304792   0.006468282246325372    0.0573151    0.01630957817181364 
 0.001825  T17-1738    0.03604666    0.018309048240188676    0.03825811    0.019507880041414575    0.03268292    0.015385776955580242    0.03238996    0.015718116327375745    0.06024653   0.013928318263714002    0.0823083   0.010394006755207973    0.1057355    0.01747114101861982 
 0.001825  T17-1753           0.0                    99.0           0.0                    99.0    0.02793765    0.014245467154295957    0.04911752     0.02112461721653446     0.0852499   0.016506006098087448    0.1373222    0.01537965714759679    0.1395816    0.02241513624592097 
 0.001825  T17-1799           0.0                    99.0   0.001008228   0.0005140973265569955    0.02475434     0.01262228627061104     0.0246607    0.012574539051885759    0.04235808   0.011861602389768595   0.04966267   0.007933454219398383   0.06077609   0.017082043368604385 
 0.001825  T17-1910    0.01881525    0.009593933670893343    0.04828903    0.019637215074350768    0.06066011    0.016257380734365577    0.03945687    0.015174062978321561    0.06538652   0.012875549653009149    0.1345888    0.01462966269838184    0.1837829    0.02387767186073634 
 0.001825  T17-1867  0.0008368274  0.00042669992421091147    0.01543379    0.007869720618449996   0.002974142   0.0015165208094195873    0.02921995    0.014670400707261715    0.03876419    0.01400734671313454   0.06777816   0.009142156585661395    0.1259688   0.019027149238622164 
 0.001825  T17-1884     0.0389967    0.017230514008737523    0.02892899    0.014750943548949708    0.03378639    0.016414186936376744    0.04930145    0.014640147991858725    0.04674116   0.012295813531403932    0.1235382   0.013615704535187888    0.1582701   0.020965549612356933 
 0.001825  T17-1957    0.05699864    0.017553456034963485    0.02694511     0.01373936907149382    0.05753366    0.015955383148356417    0.07784583    0.017058818581202773     0.1599768     0.0190367927370789    0.2663964   0.027333758521221354    0.3980571    0.04270082595908655 
 0.001825  T17-1947           0.0                    99.0           0.0                    99.0   0.008343108    0.004254167049601207    0.04831207    0.014756715008715489    0.02378832   0.010918490743881409   0.07578238   0.009439361942992757   0.09685777   0.017154911562993525 
 0.001825  T17-1864    0.01351443    0.006891036189669737    0.02835595    0.014458759140549544    0.04791643    0.016839781666691794    0.02149157    0.010958588577871194    0.06657738   0.013453625760394258    0.1009414   0.011449758264734197     0.128004   0.019514350703072343 
 0.001825  T17-1948    0.01969635     0.01004320533849398           0.0                    99.0    0.02279715    0.011624316173333595    0.02051987    0.010463116851735385    0.02263363   0.011540937006247327   0.05509762  0.0075939256443031495   0.06455473   0.015583678791996741 
 0.001825  T17-1640    0.04526655     0.02101700523568058    0.06482563    0.021031816006102967    0.08426002     0.01817023060221317    0.08745529    0.017648500499553525     0.1401155   0.018860151670254403    0.1777984    0.01869099455536853     0.291222   0.032761161051112035 
 0.001825  T17-1664    0.02042709    0.010415808148688272    0.03685349     0.01879167136830306    0.01948251    0.009934170846957335    0.05009672     0.01590279167378118    0.09091272   0.015858520226931135    0.1763779    0.01853348564791297    0.2785569   0.030827940851185634 
 0.001825  T17-1762    0.02294675    0.011700587699450187    0.01214959    0.006195099649215176           0.0                    99.0           0.0                    99.0    0.04198637   0.014067502315626928   0.05013879   0.007887594601301782   0.05571174   0.015403645012719423 
 0.001825  T17-1773     0.1009264    0.021465418163699956    0.09953036    0.020507358928672312     0.1529241     0.02135513684605416     0.1609291    0.022364920639810014     0.2532492    0.02795661319968497    0.4147378    0.04196407132136263    0.5536818    0.05783296889277258 
 0.001825  T17-1748    0.02771718    0.014133044168176368           0.0                    99.0    0.02163437    0.011031412382332056    0.02143217    0.010928300401960453    0.05099867   0.012414326444982386   0.08548564   0.010237596769290144   0.07535874   0.017399576392092882 
 0.001825  T17-1652   0.009127346    0.004654051536131305    0.04888565     0.01885961349974132   0.002262948   0.0011538816010245765    0.01610908    0.008214053287764086      0.038958   0.012133050572222139   0.05694517   0.008473301391210985   0.09283327   0.017442240388030116 
 0.001825  T17-1843   0.008790661    0.004482375687928245    0.01946526     0.00992537405771571    0.01211409    0.006176999110522601     0.0237606     0.01211557630546727    0.01744792   0.008896727474579908    0.0479183   0.008475177939898135   0.07417471   0.018294451891058147 
 0.001825  T17-1846    0.01272763    0.006489844353759572    0.03556028    0.017947062708821855    0.03520337     0.01694411922956366    0.05416723    0.014577817081742005    0.05814699   0.011913226653623318    0.1529364    0.01680971618173549    0.2208786   0.026589510569389952 
 0.001825  T17-1811    0.05168146    0.019942902318103452           0.0                    99.0    0.03283636    0.016743324039535757    0.01655722    0.008442557806504198    0.02830566   0.011183654005322053   0.06041817   0.008044948361193687   0.06850239    0.01591429929017363 
 0.001825  T17-1052    0.03710515    0.018696876211424327    0.01330986   0.0067867226057381335    0.04815205     0.01999306779597681    0.05320585     0.01714043721524702    0.06077912   0.013612932397442662    0.1136447   0.012944756354355574    0.1486332    0.02110763007343079 
 0.001825  T17-1105    0.02059087    0.010499319890281893    0.01270666    0.006479149748678216           0.0                    99.0           0.0                    99.0    0.02350882    0.01187425179125085   0.02859922  0.0063710813909907005   0.02541717   0.012960269483933928 
 0.001825  T17-1103    0.01452242    0.007405008335297672    0.01973813    0.010064510022602443    0.01449705    0.007392073103372355    0.03074965    0.014923384323729152    0.01822537   0.009293151727244854   0.04382211   0.007142982207736835   0.05055325   0.015062736083478492 
 0.001825  T17-1123   0.003420796   0.0017442705556020143    0.01607662    0.008197501870422966           0.0                    99.0     0.0178139     0.00908334433248041   0.009473146   0.004830375630911344   0.02950372   0.007324743280730663   0.03052872    0.01465063576058336 
 0.001825  T17-1021   0.005779985    0.002947226120617699   0.009306568    0.004745437183657817    0.01989868    0.010146374780893174    0.02632879    0.013425106300832072    0.05740409   0.014615488622258957   0.09978849   0.011373933913577395    0.1375555   0.020026816257832897 
 0.001825  T17-1024    0.02509683    0.012796917687028739    0.01495157    0.007623833738304175  0.0005866484  0.00029913316392179854     0.0133202    0.006791994011334521    0.03667549   0.014647098549453438   0.06899959   0.008977953441467717   0.09298151   0.016660554348892506 
 0.001825  T17-1045           0.0                    99.0   0.004130783    0.002106293822051399    0.01938003    0.009881916094982035   0.006263896    0.003193972793511579    0.03663929    0.01154327392755803   0.03098609  0.0062656166497086305   0.07193517   0.015900357091452034 
 0.001825  T17-1030           0.0                    99.0     0.0204596    0.010432389964030295    0.02918027    0.014879081517094024    0.03943055    0.017077202077492817    0.07961052   0.014723625640758598    0.1475389   0.015912146015398553    0.2026381   0.025935996796007284 
 0.001825  T17-1165    0.01226764    0.006255294555153818    0.02762422     0.01408564368277801           0.0                    99.0    0.03572842      0.0158400016160657    0.03106515   0.013049815901158338   0.05544968   0.007659892469881872   0.07517114   0.016360820146859877 
 0.001825  T17-1223    0.03757688    0.016279175756402534    0.01536349     0.00783387451126944    0.04422547     0.01791592188494103    0.03717038    0.014500630043909954    0.08295166   0.015769267458688625    0.1640994   0.017953651294200883    0.2383495    0.02827521134342589 
 0.001825  T17-1244    0.01039069    0.005298231145808004    0.01621321    0.008267147416797765           0.0                    99.0   0.009780419    0.004987055223501702    0.03135939   0.011593189138960902    0.0344817   0.006401829321182267   0.03051547   0.014127445622504056 
 0.001825  T17-1232     0.0425156    0.017512382350931013    0.03835946    0.019559563507088186    0.01458899    0.007438953488780328    0.04504215    0.017564922857055906    0.09312044   0.015590347264318266    0.1606074   0.017346472158323405    0.2085728   0.025249990215413947 
 0.001825  T17-1221    0.01082214    0.005518230303883301   0.005375459   0.0027409565432614594           0.0                    99.0   0.001315845   0.0006709519331863497           0.0                   99.0   0.03042034    0.00700586803891966   0.02191202   0.011172981756223537 
 0.001825  T17-1218    0.05199648     0.01921581355098982    0.01135161    0.005788209070650178     0.0376107     0.01650306083300307    0.04888468    0.015343917950899112    0.04774279   0.013252839553467061   0.08122603   0.010321695660525407    0.1316475    0.01923069037627355 
 0.001825  T17-1252    0.02482489    0.012658264756182855    0.06008028    0.019935515922553496     0.0663903     0.01716531988176742    0.05519214    0.015247086624201229      0.114542    0.01676825811381731    0.1473709    0.01581311744661046    0.2165336   0.025612256659234462 
 0.001825  T17-1019    0.01985036    0.010121739260345526    0.01469243    0.007491700688370966   0.005165694    0.002633997450724917   0.002817318   0.0014365559457996198    0.02425814   0.011717570132113398   0.03604532   0.006974255347535248   0.04563676    0.01497090406497136 
 0.001825  T17-1009    0.01928461    0.009833261250783333    0.02947803    0.015030909922130763    0.01504922   0.0076736276250157585    0.01531651    0.007809916375852561   0.003252289  0.0016583480171939815   0.02698784   0.006548842846065021   0.05971222    0.01594199948357119 
 0.001825  T17-1050    0.02581499     0.01316310887241692    0.04409179    0.018272129387757217    0.04958117    0.017103432771399692     0.0572989    0.017080784750523027    0.08902736   0.016262688001129948    0.1800095   0.018946469841565446    0.2867262   0.032581681663617364 
 0.001825  T17-1041           0.0                    99.0    0.04091421    0.019853406971140772           0.0                    99.0           0.0                    99.0    0.01932238   0.009852520247486172   0.02394383   0.005870531631174896   0.04832935    0.01600634849109331 
 0.001825  T17-1004    0.05563734     0.01890411284011117    0.03096022     0.01578667659251256   0.007705244    0.003928918951299373           0.0                    99.0    0.03804755   0.011783792370562417   0.04514165   0.007297969842373219   0.07230674   0.015464905524418053 
 0.001825  T17-1014    0.03868051     0.01935244137317566    0.01761436    0.008981595555364147   0.007918102    0.004037455660861805    0.04811159    0.016290470608284497    0.06908904   0.014488213838058712    0.1475467   0.015806862744158344    0.1901879   0.023982311792954826 
 0.001825  T17-1160    0.00307061   0.0015657100308633142   0.002501392   0.0012754646619144883     0.0156385    0.007974101666332075   0.001080168   0.0005507797709958491    0.03722912   0.011767952204667727    0.0572983   0.008128016663757771   0.05979983   0.016047177504134147 
 0.001825  T17-1098    0.04542922     0.01724878985732576  0.0004048042  0.00020641045149843163    0.04531532    0.017227934615194705    0.01968497    0.010037404615448857    0.06100421   0.012638886006402662   0.07385395   0.010279515889546988    0.1120197   0.017984375886888598 
 0.001825  T17-1217    0.01346092    0.006863747413929798           0.0                    99.0    0.02086416    0.010638675897472203     0.0348536    0.016967087607839475    0.05260712    0.01400669208128186   0.08067124   0.010043688370663488     0.105292   0.018892782669538123 
 0.001825  T17-1139     0.0308656    0.015738429669874945    0.03027532    0.015437444746026591    0.04404209     0.01690919768141827     0.0348749     0.01683890355516356    0.03395436   0.013032885065333615   0.06268048   0.008101837418329252    0.1073371    0.01794134804541175 
 0.001825  T17-1138     0.0329446    0.016798515826750883    0.01494363    0.007619785116810381    0.03330431    0.016042545779500237    0.03019274    0.015395337042883341     0.0625852   0.014082888004471952    0.0773433   0.009903231118628102     0.114264   0.019153463384884207 
 0.001825  T17-1118    0.00633363    0.003229530296187667    0.00668987    0.003411177767339896    0.03631138    0.017277059563014303     0.0226826    0.011565902001901971    0.06040823    0.01387519802776627    0.0975267    0.01195530863544848    0.1520104    0.02705219012365727 
 0.001825  T17-1146    0.02198186     0.01120859330850647    0.01710911    0.008723966613859201   0.002587166    0.001319200991890379   0.007277632   0.0037108787580747288     0.0515823   0.013913302754450506   0.05880944    0.00872821181979654    0.1058986   0.019250346423584176 
 0.001825  T17-1334           0.0                    99.0   0.007514405   0.0038316102630942587   0.006100082     0.00311044371525161    0.05394863    0.015745774278887303    0.05971714    0.01323121174052838    0.1023405   0.011820408538155525    0.1448503   0.020280313702134886 
 0.001825  T17-1314    0.06351962     0.01786373010214675    0.04584898    0.019653469741664042    0.07613153     0.01763741291962937    0.05384802    0.015733215455211436     0.1199974   0.018367983926963788    0.1885588   0.019810507374849743    0.2381434   0.028076300517548607 
 0.001825  T17-1371    0.01115014    0.005685476182767808    0.01680558    0.008569199996885823    0.01866495    0.009517292465862023    0.02936861    0.014975116450613031    0.06713094   0.012543228544714315   0.08289879   0.010053972091283375    0.1050696     0.0165111154459564 
 0.001825  T17-1397    0.03254576     0.01659514653247075    0.04283924    0.020110926215551984    0.09101754    0.016787420717114823    0.08763484    0.017632676948377862     0.1850137    0.02232213724362656    0.3428815      0.034963827491874    0.4930866    0.05124321908315772 
 0.001825  T17-1445    0.05460562    0.017382915640845296    0.05396085    0.021277778711125486    0.02471809    0.012603797421970927    0.08763571     0.01962149663700863     0.1287921   0.017799233703398584     0.230648   0.023902597097221468    0.3037606    0.03365303284359376 
 0.001825  T17-1444    0.02474427    0.012617146655057514    0.03541561     0.01805849355048258    0.05373182    0.015634872569404715    0.04201649     0.01864752204233048    0.09111727    0.01489248397632272    0.1387468   0.014925617996686938    0.1709499   0.022700899643252028 
 0.001825  T17-1453    0.02588136    0.013196955967831976  0.0002511917  0.00012808318702428863    0.02025159     0.01032632035622472    0.02303076    0.011743429465287218    0.05317307    0.01342766400133132   0.08304274   0.010094231354017005      0.12794    0.01980708950945595 
 0.001825  T17-1391           0.0                    99.0    0.03397068    0.017321716021001615    0.03464514     0.01703399170654653    0.02609625    0.013306533701062986    0.03937995    0.01172635238834417    0.1006835    0.01138538577752748    0.1372146   0.020599824705945922 
 0.001825  T17-1403    0.01799438    0.009175370456081052           0.0                    99.0    0.01874041    0.009555770647692263    0.02503984    0.012767863277724117    0.04136475   0.012170595783022499   0.06206551   0.008408362643977839   0.09866659   0.017239778709275275 
 0.001825  T17-1327     0.0087122    0.004442367780632306    0.03391167    0.017291621803948554     0.0750667      0.0182479903767456    0.04220207     0.01481793336705389     0.1072594    0.01661296282556486    0.1754705   0.018626042796474514     0.215765   0.025818183850813366 
 0.001825  T17-1353   0.008563575    0.004366583112821196   0.007472225    0.003810101618205248           0.0                    99.0    0.01307176    0.006665317892861525    0.02744653    0.01243094428416478   0.03716872   0.006446303228943548   0.03938283   0.013551524854336099 
 0.001825  T17-1347    0.03246764    0.016555312992030564    0.04068405    0.019366876862750095    0.06464574    0.016304126975066037    0.04620261    0.015321490525915584      0.144683   0.018131272815014945    0.1939854   0.020286111527910815    0.2802499   0.031628522867136875 
 0.001825  T17-1338    0.02712117    0.013829132603243378    0.01285762    0.006556123566674747           0.0                    99.0   0.004375407   0.0022310290575813865    0.01661144   0.008470207632048933   0.02615616   0.006178544819522798   0.04098204    0.01588217341197407 
 0.001825  T17-1369    0.01747764    0.008911880779993638    0.01169559    0.005963606124459429    0.03802195    0.018290246517759814    0.03715521    0.015655123297305614     0.1176277   0.016743655544071014    0.1747164   0.018504026958580555    0.2647803   0.029825883403611034 
 0.001825  T17-1426    0.02870245    0.014635430360888777   0.007282726    0.003713476198614953    0.07891553    0.018841869532737695    0.06941734    0.017864296725680413    0.07646694   0.013659906603386278    0.1316984   0.014372491800142417    0.1646096   0.022876374665617365 
 0.001825  T17-1456      0.035087    0.017890929767343005    0.01829471    0.009328510289713465           0.0                    99.0   0.006229918   0.0031766473450082935    0.02765837    0.01185220603143014    0.0676402   0.009097556709319487   0.05585605   0.014762548832082657 
 0.001825  T17-1566    0.01315572    0.006708128280116966    0.01071816    0.005465209718400292           0.0                    99.0    0.03970164    0.016279386039080097    0.03665488   0.011915456760050954   0.07893629   0.009508284133943938   0.08549823     0.0176628240608185 
 0.001825  T17-1506     0.0369371     0.01767875821375755   0.008361003   0.0042632922353111205    0.03089222     0.01575200325982013    0.04397968     0.01560388885398201    0.06614551   0.016519001818088193    0.1514235   0.017791551625497677    0.1818651    0.02658659255485178 
 0.001825  T17-1280    0.03266191    0.016028353721143074    0.02489828    0.012695681557489695    0.03358042    0.015475495013299704    0.07338037    0.016594333612765803    0.07726959    0.01575404594033485    0.1073381   0.012289594137738034    0.1688874    0.02217353832476224 
 0.001825  T17-1339   0.007216425   0.0036796686990475448           0.0                    99.0           0.0                    99.0   0.004673124   0.0023828350465438766   0.006108386   0.003114677941055698   0.04434914   0.007087454515491229   0.05890218   0.015686819841778766 
 0.001825  T17-1532           0.0                    99.0    0.01981934     0.01010592210181436           0.0                    99.0    0.03096965     0.01579148006501053    0.05834678   0.014337992176664207    0.1211491   0.013992948916976899    0.2048611   0.026032456385231884 
 0.001825  T17-1590    0.01348396    0.006875495554889116     0.0603555    0.021612926880702668   0.008530863    0.004349903200188332    0.01531367     0.00780847119605272    0.04203937   0.013270926391961828   0.04299281  0.0070298580845977975   0.07622948    0.01680057560026751 
 0.001825  T17-1577     0.0062281   0.0031757203432607227    0.02918671    0.014882365285660778   0.005671662   0.0028919915212502678    0.01812646    0.009242716344655235    0.02365473   0.011356203373743753    0.0402025  0.0071326579878211605   0.07007697    0.01533293089615645 
 0.001825  T17-1735           0.0                    99.0    0.02522543      0.0128625008837803    0.02436964    0.012426126989923127    0.01711868    0.008728848336695053    0.03648056   0.012466085797423986   0.07008084    0.00879196798874177    0.1191726    0.01835077954182056 
 0.001825  T17-1632    0.01927012    0.009825872771508138    0.01866276    0.009516177741749888     0.0553262    0.018158679248791748    0.05250368     0.01635724435409351     0.1000241   0.014769361079647285    0.1528316   0.016289310946717452    0.1982279    0.02418657098797182 
 0.001825  T17-1576           0.0                    99.0    0.01042759    0.005317049469555178   0.004767233   0.0024308209189940113    0.01400026    0.007138761854698614     0.0296234    0.01184921138807136   0.04133865   0.006785565855572105   0.08980073   0.016746864299615288 
 0.001825  T17-1874           0.0                    99.0   0.009997221    0.005097602986360296    0.02462523    0.012556447926767704    0.05829269    0.016406566372012793    0.05379812     0.0128128920903067    0.1041753   0.012095591100374921    0.1645467   0.022395671325365536 
 0.001825  T17-1850   0.002641859   0.0013470885690257377     0.0319874    0.016310437678909783           0.0                    99.0    0.02573513    0.013122397908388124    0.01602978   0.008173614140698593    0.0486214   0.007099698931436531   0.05391132   0.014534341417536744 
 0.001825  T17-1695           0.0                    99.0   0.004977187    0.002537876873289697    0.01831558    0.009339151943438333    0.01312523    0.006692582350200705    0.03346708    0.01181500239726019     0.042221   0.006663426016790161   0.07219966   0.015945258931144894 
 0.001825  T17-1248           0.0                    99.0    0.02160265    0.011015228486628182           0.0                    99.0    0.02648852    0.013506548036619275    0.04648836   0.012935344269283906    0.0718083   0.009236072561531552   0.07527432   0.017061499691724758 
 0.001825  T17-1378   0.009348353    0.004766742946405028    0.03335388     0.01700720849740321     0.0173559    0.008849807277596503    0.01809209    0.009225190034006346    0.01333436   0.006799215203546435   0.03399579   0.006403723564807119   0.07636046   0.016509968851445966 
 0.001825  T17-1375    0.03888818    0.017181352145801097     0.0107402    0.005476446976827586     0.0664136     0.01686779804692954    0.06294797    0.018774156220168967      0.139418    0.01861153865567272    0.2747684   0.028297566535415094    0.4384454    0.04689454680678874 
 0.001825  T17-1446    0.02495506    0.012724633790287876           0.0                    99.0    0.03751137    0.016760558521504258    0.02262424    0.011536144124020643    0.01183423  0.0060342959892538415   0.05231179   0.008255687984781523   0.06009636     0.0176462821664337 
 0.001825  T17-1479      0.016987    0.008661706408901423    0.04609864    0.020773457378553913    0.01403648    0.007157230503376848    0.03668191    0.017166543106140533    0.04235283   0.012335401390752917     0.067537   0.008696116243731795   0.07883317   0.017000735003901712 
 0.001825  T17-1474    0.03302896    0.016841531155367555    0.03902258    0.019897689689073555    0.01088765    0.005551633980716849   0.004418328    0.002252914068945338    0.02444407   0.012464083895066215   0.02913676   0.006048612169349346   0.04910504   0.016157864532122306 
 0.001825  T17-1286    0.05348306    0.020054431261986364   0.005476646   0.0027925524823039873    0.03661575    0.016115453013847456    0.05886884    0.016596006039959012    0.06458835   0.013892077671090996    0.0972684    0.01123385772637739    0.1348267    0.01962823897495137 
 0.001825  T17-1399           0.0                    99.0    0.03817591      0.0194659759068196           0.0                    99.0    0.02063994    0.010524345681938425     0.0139446   0.007110377770343922   0.02966529   0.006466776684493211    0.0518976    0.01579894164273354 
 0.001825  T17-1432    0.08393298    0.020388163944956007    0.08921985     0.02229653470810711     0.1479032    0.021404748812805536     0.1444606     0.02312927816880587     0.2415754   0.027449157626630367    0.4088971    0.04186670229676712    0.5574679     0.0579282083999376 
 0.001825  T17-1609    0.02146234    0.010943689046736297   0.001061715   0.0005413703541712826           0.0                    99.0   0.007262314    0.003703068079983807   0.007299662  0.0037221118980631735   0.02406439  0.0054748851930992125   0.01759151    0.00896994723751762 
 0.001825  T17-1530           0.0                    99.0           0.0                    99.0    0.03881215    0.016613394726699444    0.02207187    0.011254484680244982    0.02522792    0.01131187636319298   0.04815556   0.007159058716229181   0.07362865   0.017391889280346313 
 0.001825  T17-1707    0.02660131    0.013564054974809746    0.01883652    0.009604778304818077           0.0                    99.0    0.01891407    0.009644320220565314    0.01551463    0.00791093815045586   0.02949493   0.007094223461188265   0.04823084   0.015955994711679872 
 0.001825  T17-1629    0.03303873     0.01684651780033574    0.01513804     0.00771891711633549    0.01816695    0.009263364235827121    0.01693781    0.008636621390172027    0.03363923   0.011833465359628556   0.02548229   0.006172902810166543    0.0574286   0.016844960252363313 
 0.001825  T17-2146   0.001195357    0.000609514964929041           0.0                    99.0   0.003849249   0.0019627400666580915    0.01894095    0.009658025404437182    0.03286754   0.011960187370631615   0.03169005   0.006417399038522149   0.06170273    0.01654691477974456 
 0.001825  T17-2160   0.004071473     0.00207605153731628    0.01813088    0.009244972072441593           0.0                    99.0    0.01848702    0.009426565611656664   0.009915639   0.005056003184783827   0.02351813    0.00607749280896473   0.05003176   0.015997930325469478 
 0.001825  T17-2204  0.0004156047  0.00021191759849505397   0.008303847     0.00423414827937923           0.0                    99.0    0.01752566    0.008936367252278579     0.0240712   0.012036695904478936   0.04001213   0.007187713625946571   0.08537575     0.0165520293904743 
 0.001825  T17-2177    0.01523082    0.007766225819382604    0.02389437     0.01218379079240402    0.04455595    0.017965761853150703     0.0495501    0.014883741810210228     0.1116122   0.015904761766379904    0.1823014   0.019193575009707392    0.2366614   0.027598960328035913 
 0.001825  T17-2112   0.007851699    0.004003597131876035           0.0                    99.0   0.003069569   0.0015651797132222901    0.02109486     0.01075631027765079    0.03456244   0.013372894163909918   0.06108353    0.00887090723305531    0.0887663   0.017712335148333775 
 0.001825  T17-2162    0.01171626    0.005974144817213339   0.003336086   0.0017010767613023698    0.03135574    0.015988353012314185    0.02684547    0.013688562441060384    0.03023166   0.011790789117801063   0.04019958   0.007168602194290668   0.05526639   0.015029727879413552 
 0.001825  T17-2151    0.02277609    0.011613567832431212    0.01895316      0.0096642542490053    0.01099876    0.005608289186532378    0.01509657    0.007697768540670602    0.01138282   0.005804120168810084   0.02683415   0.005883378254482198   0.03843215    0.01491809482604012 
 0.001825  T17-2104   0.006427594     0.00327744272314519           0.0                    99.0   0.004538201    0.002314038035850969           0.0                    99.0    0.03422446    0.01176129529651458   0.03053463   0.006086552824760005    0.0451573   0.015343049562384917 
 0.001825  T17-2070    0.03550187    0.016660215703542647    0.00651279   0.0033208843297931954    0.03642351    0.015411520035791439    0.03810642    0.014874335734313113    0.05157933   0.012183729402666042   0.08368817   0.009962665366208483   0.09616118   0.016304548374377746 
 0.001825  T17-2170    0.04429769    0.017103873966787787    0.03097832    0.015795905817832166   0.009628982   0.0049098367114033675    0.04101301    0.014764458059295675    0.05111995   0.013415673572788844   0.09219098   0.010601413491315438   0.09025574    0.01689205147394407 
 0.001825  T17-2171    0.03855046     0.01650741338259014    0.03472197    0.017704795355134976    0.04104608     0.01602129729235632    0.02077943    0.010595476808036956     0.0469295   0.011682912945434458   0.05847181   0.007623545134759943   0.06470798   0.016727684416870257 
 0.001825  T17-2179    0.01650749    0.008417200382463103    0.01717516    0.008757648579488504     0.0365885     0.01511992793054914    0.03485203    0.014420854479125327    0.05268024    0.01349900622691078   0.08387928   0.010254737586027641   0.09082942    0.01734775743978927 
 0.001825  T17-2217     0.0386489    0.018203997910684347    0.01841302    0.009388834828417422    0.07760546    0.017210138087316907    0.04291699    0.015022694423138649    0.06694504    0.01304257686326272    0.1241807      0.013738420813756    0.1902633   0.024079872010992917 
 0.001825  T17-2079    0.01424652     0.00726433030924035    0.02054841    0.010477679259233937   0.007860117    0.004007888505921902           0.0                    99.0     0.0184693     0.0094175330908206   0.02476124   0.005779931468613188   0.04153552     0.0161511832921803 
 0.001825  T17-2130    0.01877085    0.009571294024252991    0.02949984    0.015042025980786498    0.04231334    0.017381549621424897    0.05768591     0.01496102615736571    0.06612656   0.013003011464089232   0.09446012   0.010725475688973847    0.1110036    0.01863442923554408 
 0.001825  T17-2131    0.03524386      0.0164606782903833    0.06124338    0.020776664128984806     0.1071844    0.018634657704535387    0.08693287    0.017151558801250952     0.1964168   0.022986091168898205    0.2859293    0.02926262831047478    0.3057824   0.033825305719867485 
 0.001825  T17-2143    0.01476925    0.007530869395113023           0.0                    99.0    0.03829411    0.014699817431332982   0.006908744    0.003522782047041707    0.03978164   0.012107966510496138    0.1312318   0.014245371482579212    0.1841239   0.023227771136831016 
 0.001825  T17-2193           0.0                    99.0    0.02981296    0.015201686479796115  0.0003329357   0.0001697646121362014   0.002523997   0.0012869905052346308    0.02334701   0.011564521854335397   0.03763682   0.006556987366821748   0.04688861   0.015916204412303236 
 0.001825  T17-2144    0.02391938    0.012196538537304099           0.0                    99.0    0.05195941    0.015680629277649575    0.02064553    0.010527200936749949    0.03615288   0.012473915468422254   0.09418282   0.011235847225002127    0.1215452    0.01860002731254178 
 0.001825  T17-2148     0.0133322    0.006798112834750833    0.02804341    0.014299394384671716           0.0                    99.0           0.0                    99.0    0.04223133    0.01130815294097975   0.03798311   0.007115815981718611   0.06758327    0.01496004606846279 
 0.001825  T17-2169    0.01779776    0.009075111573243439   0.009487898    0.004837897704497795    0.02095464     0.01068481182603119       0.05294     0.01551335155309774    0.04798026   0.012056961227534739   0.09204904   0.010775589203783568    0.1356322   0.021566059038936623 
 0.001825  T17-2207   0.001294329   0.0006599810789170399    0.01777541    0.009063718206372593           0.0                    99.0           0.0                    99.0           0.0                   99.0    0.0261235  0.0058939517260411965   0.03986022   0.014267196299532155 
 0.001825  T17-2013    0.02687215    0.013702156819315891    0.04192615    0.020278205160731682    0.07041336    0.016609873769998854    0.06890362    0.017597735590897598     0.1659903    0.01970175933212311     0.265649   0.027128411903286933    0.3554442    0.03843366983191301 
 0.001825  T17-2031   0.005667873   0.0028900590124662315    0.03876661      0.0184803323084684    0.02457018    0.012528382727248717     0.0564689     0.01533266712205349    0.06029129   0.012946995896679702   0.09461191   0.010591872361908918    0.1488539   0.020628948143426994 
 0.001825  T17-2109    0.02643978    0.013481695415510024           0.0                    99.0   0.007154434   0.0036480598574711687    0.01232647    0.006285291106371606    0.03341042   0.011253679860821705   0.04809881   0.007361522505783502   0.04530341    0.01563182697187955 
 0.001825  T17-1971    0.02244147    0.011442954247274128     0.0052212    0.002662300068437065    0.00854823    0.004358759157667926   0.009603102   0.0048966404489021904    0.03208128   0.012590328801583539   0.03991983   0.006836291127116297   0.06106815   0.015914967179803577 
 0.001825  T17-1964    0.04610084    0.018369790356320238   0.003998867   0.0020390295962358887    0.09387287    0.017850084482636742    0.06487225     0.01569941760120499     0.1096618   0.015393314612584258    0.1235569   0.013826025549272973    0.1727189   0.022642502547468114 
 0.001825  T17-1972    0.06207605    0.019672368331752153     0.1029516       0.021209244584532     0.1473987    0.020779582603589516     0.1309897    0.019379023256018348     0.2181941   0.025056459889132385    0.3513744   0.035659221074243394    0.4958431     0.0521064097545801 
 0.001825  T17-2018    0.04445879    0.018656929896516763    0.05824002    0.018186093844429704     0.1152897    0.020209938802623822     0.1041122     0.01737755853619259     0.1428995    0.01854137854536442     0.229061    0.02366427497725263    0.3268101   0.035766423218557934 
 0.001825  T17-2064    0.03593721     0.01832445840831158    0.06937895    0.018452844013794323    0.07449632     0.01685519227855393    0.08281864    0.016147347457319296     0.1403165   0.018382320699699483    0.2027915    0.02139528724237691    0.2368455   0.028340718339212926 
 0.001825  T17-2006      0.032052    0.015813807099379962   0.003433168   0.0017505790625442314    0.03745369    0.014739874186513976    0.04568791     0.01415297049259204     0.0488992   0.013457972527661809   0.09416894   0.010823083478182179    0.1016329    0.01795160019682368 
 0.001825  T17-2069           0.0                    99.0   0.005272171   0.0026882907710901382   0.006941561   0.0035395159896698036           0.0                    99.0    0.06342823   0.012418608286206188   0.04140775    0.00668921875833419   0.06203264   0.014454897416536584 
 0.001825  T17-2072    0.06173992     0.01847923857301929    0.06642741    0.020873656913295787     0.1341676    0.020281665216645796     0.1660134    0.021854293935803557     0.2914254    0.03163114644607748    0.4187602    0.04246531759613986    0.5706064   0.058808623703284366 
 0.001825  T17-2118           0.0                    99.0    0.01810943    0.009234035656165618           0.0                    99.0    0.01341277     0.00683919563497185    0.03190165   0.012069672577200468   0.03962564  0.0071599660967924285   0.06393628   0.016056815713047963 
 0.001825  T17-2225    0.01125423    0.005738555799207497   0.006318685   0.0032219103018149417    0.03322731    0.016942675110323074    0.01300417    0.006630849697646449    0.04336044     0.0115596714428584   0.05144095   0.007671793203611592   0.06927854   0.015995400441946302 
 0.001825  T17-2184   0.002682178   0.0013676477960929269    0.03764979    0.019197696486363696    0.01501465   0.0076559973728152495           0.0                    99.0     0.0155058   0.007906439638548061   0.01130448   0.005764174449940599   0.06391584   0.017665375318162816 
 0.001825  T17-1909    0.01130152    0.005762666120745241    0.03245649     0.01654962268236956    0.02862623     0.01459657543996293           0.0                    99.0    0.02942991    0.01238192593638732   0.03728244   0.006652814998446297   0.04464845    0.01427677626460627 
 0.001825  T17-2035    0.08347532     0.02160254105830895    0.08895621    0.024293919110175307     0.1270742    0.021202603364653124      0.101591    0.018963369704870493     0.1910051   0.022293515513630863    0.2975345   0.030566454082816018    0.4067163    0.04307392584475439 
 0.001825  T17-1854   0.001314647   0.0006703409725905542     0.0137373    0.007004676076407816    0.02211415    0.011276043334748452    0.03337655    0.014729552189914837    0.03015236   0.012060228648914414   0.02821518   0.006283034510227363   0.04810146   0.015976918540138333 
 0.001825  T17-1925    0.01433618    0.007310046157037862           0.0                    99.0    0.01507089    0.007684675239140363    0.01642521    0.008375248591647295    0.03517026   0.012600561413408371   0.04085722   0.006831972283403087   0.05786768   0.015659140504341994 
 0.001825  T17-1966    0.01300084    0.006629154665890441    0.01131658    0.005770344263552046   0.001681489   0.0008573944242310944    0.02959097    0.014908781545260801    0.03363879   0.012609169706171814   0.05216985   0.007778311883378938   0.04516985    0.01583720411759364 
 0.001825  T17-1822           0.0                    99.0    0.02047176    0.010438590371758823   0.009724237   0.0049584079120704345    0.05802534      0.0168302672432156    0.01980105   0.010096594033962642   0.06017812   0.007731942861026911   0.07814416    0.01786492169468302 
 0.001825  T17-1978      0.007216   0.0036794524810085535    0.02190014    0.011166924121041389           0.0                    99.0   0.007357183    0.003751441477916974    0.02817503   0.012240760242857017    0.0203475  0.0062839705595367805    0.0525351   0.017299027446665897 
 0.001825  T17-1977   0.003198128   0.0016307317078967467           0.0                    99.0    0.00721632   0.0036796156496329883    0.03379857    0.015237035598926352           0.0                   99.0   0.01632211   0.005566256315539377   0.05777114    0.01685124859971498 
 0.001825  T17-0551   0.008183853    0.004172963104627825    0.03408634    0.017380691280695828    0.03713206    0.018933709851989812           0.0                    99.0   0.004541118   0.002315524929552744   0.02875391  0.0072936317121621245   0.02492906   0.012711376339552535 
 0.001825  T17-0557     0.0220434     0.01123997267459312    0.01368272    0.006976843666741286    0.01860133    0.009484855445458566           0.0                    99.0   0.006811193  0.0034730401114943213   0.05502647   0.014683322915273947   0.03894075    0.01985595950949047 
 0.001825  T17-0554    0.02522873    0.012864183560219785    0.02795541    0.014254513207145342    0.02311209    0.011784894888087928    0.01937679    0.009880264012659632    0.01807513   0.009216544058072634   0.08587611   0.011325620376587324   0.07117811    0.01705946853029487 
 0.001825  T17-0594     0.0452806    0.019903033743520107     0.0446082    0.022130248328303955    0.02959732       0.015091731223005    0.02391301    0.012193295364777357    0.04131909   0.014767152427613828   0.05716734   0.008497943094537172   0.07274773   0.017120265977195827 
 0.001825  T17-0635    0.03495447    0.017823357364632766    0.02250951    0.011477647976044615    0.00959701    0.004893534126214509    0.02195352    0.011194142687204948    0.01447909  0.0073829152643259425   0.04214874   0.007534704396564273   0.04468291   0.015614867148672159 
 0.001825  T17-0627   0.003890692    0.001983871442937934   0.001249202   0.0006369707335580497    0.02278053    0.011615831797095246    0.02367941    0.012074172463133075           0.0                   99.0   0.01620593   0.006703381479225094   0.04870582    0.01499085643224976 
 0.001825  T17-0526    0.01264809    0.006449285771967776   0.004496241    0.002292641569391258    0.03743998    0.019090718860852358    0.03756317    0.017184067454610073    0.04393604    0.01478393207063723   0.07514447    0.00970028641101746    0.1056746   0.019312130686073972 
 0.001825  T17-0545           0.0                    99.0    0.02228468    0.011363001817417086   0.007939072     0.00404814830478181   0.001068696   0.0005449300777517883    0.04589164   0.013751620071006035   0.06458865   0.009167664867099473   0.07837116   0.017684238438503818 
 0.001825  T17-0589    0.04010726     0.02040511634448517    0.08707584    0.024356085735738737    0.09564684    0.019739582510059733    0.08665392     0.01838976840935644     0.1417314    0.01891003007647529     0.210158   0.021915421213716358    0.2323959     0.0280354493003162 
 0.001825  T17-0587   0.005121094   0.0026112558236942927    0.01415728    0.007218825678520365    0.03793733     0.01917943779977372  0.0002578479  0.00013147719639292624   0.005134927    0.00261830880709711   0.02893643  0.0066988440197846815   0.01386333   0.007068938038756953 
 0.001825  T17-0537           0.0                    99.0     0.0141093    0.007194358621732794           0.0                    99.0           0.0                    99.0           0.0                   99.0   0.02526082   0.005992387441692001    0.0446581    0.01457553838345946 
 0.001825  T17-0519           0.0                    99.0  0.0009446534  0.00048168061201817703    0.02068454     0.01054708730896905    0.04531179    0.016786206784632465    0.04485168   0.013318582297328947   0.06005523   0.008472445028589622   0.09475185   0.018558211491658486 
 0.001825  T17-0522    0.00976406   0.0049787132471890766   0.006650863    0.003391288512213564   0.005184071   0.0026433684091753855           0.0                    99.0    0.01609796   0.008208380236322936   0.02035284   0.006183302573530184   0.05516503    0.01651169200951583 
 0.001825  T17-0529           0.0                    99.0    0.02008171    0.010239698212727804   0.002495306   0.0012723613986385157    0.04483258    0.018113986128477186    0.03279823   0.011660223257936746   0.04604933   0.007389188774061331   0.05547578    0.01661541411550383 
 0.001825  T17-0560           0.0                    99.0    0.02086051    0.010636819658253166    0.02071885    0.010564577142016853           0.0                    99.0    0.01829528   0.009328800933825739   0.03944339    0.00747255876952266   0.05471425   0.015279989324951277 
 0.001825  T17-0525   0.006560667    0.003345296415228087           0.0                    99.0   0.008478776    0.004323344427538218   0.003348723   0.0017075208825520379    0.02594545   0.012584972367924573   0.05627859    0.00886377017795165    0.0711513   0.017686439688467545 
 0.001825  T17-0512   0.007629245   0.0038901674031883576           0.0                    99.0   0.005590947   0.0028508342949559676    0.02961952    0.015103051046325176    0.01102051   0.005619377592813104   0.03162847    0.00671332691103785    0.0707592   0.017104873421785384 
 0.001825  T17-0510           0.0                    99.0    0.04270785    0.021776811150456002    0.02501919    0.012757328899525206    0.02568734    0.013098024791229249    0.04429328   0.014430230057365129   0.04938937    0.00836501490990572   0.08407248    0.01691306671404107 
 0.001825  T17-0513    0.01034018   0.0052724759982448475   0.008901549    0.004538916714929898   0.005493383   0.0028010872015542267    0.01077666    0.005495039963135482    0.01016647   0.005183902891435564   0.05205931     0.0126435498883526   0.09946631   0.021915456536040063 
 0.001825  T17-0707           0.0                    99.0   0.006504115    0.003316461420655493   0.007307971    0.003726349163667357    0.01797941    0.009167737223869203    0.04493193   0.013266577889028089   0.03718486   0.006853756294648725   0.01041964   0.005312992807299855 
 0.001825  T17-0675   0.005730181   0.0029218309638322014    0.01090223    0.005559069331748346    0.01377266    0.007022707189988558    0.02973559    0.015162240268722859    0.00349101  0.0017800728112147548   0.04328534   0.007104043662553039   0.07530011   0.016309100646087784 
 0.001825  T17-0680     0.0433756    0.018585515050880352     0.0596411    0.023885625372045423     0.0529152    0.018823692577175182     0.0691298    0.018169612168122906    0.07889738   0.014603646927745274    0.1010449   0.011630021545034043    0.1053246   0.019294618230680283 
 0.001825  T17-0719     0.0357594    0.018233787839436983    0.02808606    0.014321136799993778    0.04449432    0.017892956339038108    0.02034666    0.010374801637643778    0.02843805   0.012274816723704065   0.05954679   0.008213698354670814    0.0776634   0.018674891509395712 
 0.001825  T17-0652    0.03400579    0.017339623581417246    0.01399553    0.007136350018468685    0.02533994    0.012920884853327035   0.005449164   0.0027785393568767313    0.07627508   0.014303236918881823    0.1192282   0.013703636264825807    0.1415361    0.02004834140402143 
 0.001825  T17-0695           0.0                    99.0    0.01877626    0.009574051613229165    0.03132901    0.015974728236057757    0.02224441    0.011342472968739269    0.02552453    0.01242441244796747   0.05114368   0.007460592467684118   0.06246413    0.01676696049278667 
 0.001825  T17-0650    0.05137184    0.020622342982005125    0.01909508    0.009736618553361531    0.02825083      0.0144051484416159    0.01515983    0.007730026899274931    0.01227151    0.00625726493396356   0.05549553   0.008713529484564391   0.05970623    0.01659787074440963 
 0.001825  T17-0736   0.003632182   0.0018520566894920467           0.0                    99.0    0.01361096    0.006940254083292412    0.04310415    0.019760100957480584    0.02082815   0.010620319231107178   0.04181093   0.007273246689055033   0.03546479     0.0166236764838089 
 0.001825  T17-0710           0.0                    99.0  0.0003578012  0.00018244353007869146   0.001906799   0.0009722805309499208           0.0                    99.0    0.01711028   0.008724565160303635   0.04244999   0.007769304577775414   0.04777479   0.014765514267476123 
 0.001825  T17-0859    0.00188942   0.0009634190429953157    0.01033609    0.005270392460425125     0.0238072    0.012139337736400616    0.02577653    0.013143498043367641    0.04269485   0.014045323044616134   0.05176118   0.007714384623527985   0.04645006    0.01576234986453911 
 0.001825  T17-0861           0.0                    99.0           0.0                    99.0    0.05185575    0.026441343211295543    0.08626368    0.035844767943311116     0.1460937   0.035329506476333636    0.1769002   0.028449600499838305    0.1738559    0.03312514771785478 
 0.001825  T17-0771   0.008202738    0.004182592112688905   0.009605493    0.004897860114758228     0.0207286     0.01056955358894594    0.07741321    0.027569256145776603     0.1417799    0.02783115797635808    0.2931516   0.034046349207895996    0.3388755   0.043256025918137694 
 0.001825  T17-0794   0.006346827   0.0032362599625300943    0.01271765    0.006484754551704328           0.0                    99.0   0.008362045    0.004263823553144436    0.01604012   0.008178887507456316   0.05726009   0.008234441144829746   0.04033024   0.015635259912459915 
 0.001825  T17-0909           0.0                    99.0    0.02517225    0.012835374492200256     0.0233045    0.011883010025452305    0.02526585    0.012883101314847486    0.02826199   0.012580842264796941   0.04692451   0.007389143868798401   0.06755641    0.01691561379207036 
 0.001825  T17-0905    0.01489145    0.007593179413569128    0.01817598    0.009267968650447897    0.04096579    0.016923036500038666    0.02829143    0.014425850460841088    0.02224639   0.011343482574602961    0.1013729   0.012122719983912686    0.1260905     0.0195374850209258 
 0.001825  T17-0936    0.04824651     0.01921524721068925    0.04082466     0.02081657379757908    0.02350002    0.011982706054982072           0.0                    99.0    0.03035376   0.012374221680856376   0.05263707   0.007593281330537543   0.05831459    0.01684665975808798 
 0.001825  T17-0935   0.006619522    0.003375307184865674  0.0001068516  5.4483839345861084e-05   0.001837101   0.0009367413847440819    0.02684769    0.013689684617585645    0.04279471   0.012586873638892266   0.02954836   0.006487136482977446   0.03603301    0.01570667659530497 
 0.001825  T17-0950    0.03921029     0.01827343517948503    0.01666503    0.008497531316460917    0.03464903    0.016608361691253865           0.0                    99.0    0.01813387   0.009246495698695479   0.03960241   0.006843157453492503   0.07758418   0.016708523026995055 
 0.001825  T17-0811     0.0043654   0.0022259259784637945   0.007388819    0.003767573716630852           0.0                    99.0           0.0                    99.0           0.0                   99.0   0.02539436   0.006352645050379016  0.007691978   0.003922154592012641 
 0.001825  T17-0717    0.04303219     0.01889499023986149   0.004191232   0.0021371173753994516    0.07028803     0.01831757286166508    0.07505225    0.017521242117984247    0.08859428    0.01486486611865657    0.1389491    0.01514623685150196    0.1476301   0.021456723488384708 
 0.001825  T17-0744    0.02147488     0.01095008321720634    0.04898001     0.02013973641832487     0.0355515     0.01812777922374939    0.05751924    0.020374834307747784    0.05870825   0.013580406047063726   0.09969673   0.012106087797587213    0.1238156   0.018678858521914556 
 0.001825  T17-0828           0.0                    99.0           0.0                    99.0           0.0                    99.0    0.01136075    0.005792867613324251    0.03983256   0.012948656368690768   0.05943706   0.008291777845294999   0.06521386    0.01700827338144281 
 0.001825  T17-0866   0.009203299    0.004692780609333235    0.01507437    0.007686451659092445           0.0                    99.0    0.03780086    0.017629136535219078    0.01701201   0.008674458076124237   0.02176982   0.007528916421308248   0.07251493   0.016999095292439804 
 0.001825  T17-1110    0.05540788    0.019829766687093017    0.09742117    0.022021499927084645     0.1028132     0.02081961512791483     0.1118478    0.019471727084069867     0.1704789   0.020623857177555317    0.2607085    0.02672175615483573    0.3241485    0.03641168672894185 
 0.001825  T17-1002    0.03387428     0.01727256147289058    0.03829452    0.019526450474366918     0.1101483    0.019351758002977403    0.07456139    0.018686146659001715     0.1314566   0.019218516915204462    0.2426465   0.025157394371062933    0.3082992   0.033924359204801496 
 0.001825  T17-1136    0.03010508    0.015350639037827187    0.01616826    0.008244227324084169    0.03480111    0.017745158801372306    0.02164086    0.011034716743092955   0.002481279  0.0012652085136764652   0.02305491  0.0060956180646698985   0.04182388   0.014294752351508018 
 0.001825  T17-1097    0.01802946    0.009193257816534735   0.004342179   0.0022140860355416205   0.009895897    0.005045937681040768   0.003747928    0.001911075800754078    0.04557549   0.013801080148778247    0.0696441   0.009572701439093565   0.09300928   0.018499569038028532 
 0.001825  T17-1326    0.01206364    0.006151271615334508     0.0265538     0.01353983443600401    0.04143505     0.01736829225701321    0.07120712      0.0178339177362279    0.03896413   0.012831316531621726   0.09697795   0.011006346771914149    0.1274043   0.019878951883298576 
 0.001825  T17-1415    0.01843419    0.009399631413889059  0.0003537568    0.000180381282626614    0.04753023    0.017735171062003577      0.032472     0.01655753616453849    0.02390314   0.012064671059697234   0.05975762   0.008265634767170214   0.04318147   0.016062015227735562 
 0.001825  T17-1308    0.02682556    0.013678405390305405           0.0                    99.0           0.0                    99.0    0.01901911    0.009697882282697445           0.0                   99.0   0.03038035   0.006278870049067268   0.06780286    0.01603850246658634 
 0.001825  T17-1170    0.01063085    0.005420689198446449   0.001460755   0.0007448418249578227     0.0161259    0.008222625916263247     0.0220503    0.011243490998057498   0.003365534  0.0017160923539659978   0.02460054   0.006142604109951414   0.02597555   0.013244978729727163 
 0.001825  T17-1193    0.06400471     0.02173678248112726   0.003294248   0.0016797434834614005           0.0                    99.0    0.02372233    0.012096057454885414    0.03947419   0.014027218886050113   0.06150346   0.008070934584925839    0.0960919    0.01731289341388377 
 0.001825  T17-1379     0.0105083   0.0053582026754687056    0.01145628    0.005841580507898954    0.01593476    0.008125163257280434           0.0                    99.0   0.008644079   0.004407632259513424   0.03653234   0.006810448475318274   0.03209821   0.014345374418523937 
 0.001825  T17-1452    0.03916245     0.01996900477210682    0.02260384    0.011525742124212915    0.05005223    0.019472803634357046     0.0327496    0.016699084946235825    0.07363256     0.0161746855654642    0.1158808   0.015110898180546416     0.154635   0.024654078344273994 
 0.001825  T17-1514           0.0                    99.0    0.03790947     0.01933011763089943    0.01368129    0.006976117448692861    0.04025452     0.01844552478653573    0.03595246   0.012021864906199702   0.04244547   0.007245452830790702   0.06629993   0.015237412626166196 
 0.001825  T17-1454      0.057799    0.021512811720516684     0.0858236    0.023253784054525408    0.06307383    0.018513438113046128    0.06865774    0.017506531205809334     0.1399729   0.018614045008997913    0.1914512   0.020185593901695734    0.2607889    0.03061274147266298 
 0.001825  T17-1491   0.006782218   0.0034582661927440228   0.006587569   0.0033590137975235547           0.0                    99.0    0.02594735     0.01323060930050559    0.01758392   0.008966076101126121   0.06173497    0.00817207372727596    0.1101037   0.018710298027369846 
 0.001825  T17-1710   0.002490767   0.0012700474439716375    0.01922443     0.00980257240960851           0.0                    99.0    0.04161195     0.01659058453146317    0.03676617    0.01222678758271317   0.07962511   0.010168626761670919    0.0899856   0.018840839028960468 
 0.001825  T17-1639    0.06599235    0.019231138380588004    0.03872777     0.01974736059188997    0.09176172    0.019015708070066282    0.09217555    0.019619724674432234     0.1403954   0.019063703330182202    0.2292891    0.02382011134347789    0.3449763   0.037554035017096365 
 0.001825  T17-1156    0.03128636    0.015952976014928875    0.02945337    0.015018325934203488   0.001471855    0.000750501932734047     0.0137573    0.007014872154273662    0.04162188   0.013487539475195022   0.02657522   0.006329695633611856   0.01576858   0.008040431673326251 
 0.001825  T17-1115    0.01936021    0.009871806896564073    0.01539164    0.007848227270619524   0.001056511   0.0005387170205325427           0.0                    99.0    0.01201475   0.006126346431255255   0.02685519   0.006300657474128395   0.05082551   0.015639185258036974 
 0.001825  T17-0611    0.01733567    0.008839492941701181    0.04140479    0.021112378313717785    0.08055274     0.01956685863905282    0.06321354    0.018374354382013427     0.1393852   0.018880303914590463    0.2253576   0.023432060502226452    0.3035754   0.034174162698806534 
 0.001825  T17-0644     0.0624437    0.018078989675139483   0.007110077    0.003625441646324388    0.02921769     0.01489815224230713           0.0                    99.0     0.0444056   0.012493890243254901   0.04786141   0.008194813756095803   0.04866592    0.01640690556001844 
 0.001825  T17-0670     0.0157673    0.008039777037667152    0.04801756     0.02188701002987014    0.06113695     0.01973193821699797     0.1096133     0.02049147187801062     0.1770846   0.021789977297640768    0.2396441   0.024934264754949344    0.2591396   0.030634320725702407 
 0.001825  T17-0542    0.05419729     0.02078092573157031    0.05635309    0.023623710185285904     0.0754464    0.020917042662135583    0.08580069    0.021042493712905348     0.1243811   0.018580119257103813    0.1905169   0.020066686006219362    0.2322961   0.027845404387011514 
 0.001825  T17-0598    0.04092913    0.020634072409257194    0.01688631    0.008610361439677024    0.01191733    0.006076667860831132   0.006875557    0.003505860421272286    0.03994533    0.01340692395027618   0.05286003   0.008484356757669377   0.03635294   0.016427199361867376 
 0.001825  T17-0671    0.01145144    0.005839112582454374     0.0192876    0.009834782915875877    0.01887023    0.009621967099598398    0.02830395    0.014432244239078863    0.04349401   0.013480321474030247   0.04201039   0.008086897219923412   0.05957604   0.016607323360024517 
 0.001825  T17-0726    0.03780301    0.019275833469157722     0.0620859    0.025968800907862494    0.06479954     0.02102360111504725    0.05898417    0.017706176092956633     0.1345531   0.018270434785702283    0.1991663    0.02107766377049231    0.2551444   0.029796514641106938 
 0.001825  T17-0760    0.03061794    0.015612147352601307   0.003611953   0.0018417413926276648   0.005011266   0.0025552543121804064           0.0                    99.0    0.01964405   0.010016540408179911   0.05081139   0.008463336308840975   0.04993786   0.015115877516022547 
 0.001825  T17-0584    0.01943401    0.009909441582897091           0.0                    99.0    0.02030688    0.010354517738018704    0.02049518    0.010450532275459659    0.04044278   0.013936599994739894   0.02923684   0.006829267548485709    0.0316407   0.016133654672373522 
 0.001825  T17-2917   0.005035142   0.0025674287311710604     0.0436455    0.022254925618051386           0.0                    99.0           0.0                    99.0           0.0                   99.0   0.05294086    0.01014054801273738   0.04612928   0.012438508271223041 
 0.001825  T17-2879           0.0                    99.0   0.008607269    0.004388863749264564    0.04477633      0.0228315429446104    0.02821836     0.01438859682815861    0.03523933   0.017355531673463334   0.07876508   0.011825039067767726    0.1129503   0.016333132417935024 
 0.001825  T17-2837    0.02101587    0.010716028219609586           0.0                    99.0           0.0                    99.0    0.02380903    0.012140265954068263    0.04063778   0.018031554827825688   0.03338573    0.00872507971047285   0.05260334   0.012415350609868253 
 0.001825  T17-2737   0.006686593   0.0034095063283549553    0.01585475    0.008084368943894199           0.0                    99.0    0.03480811     0.01774872811503182    0.02230119   0.011371425201537447   0.03485135   0.009006592545411722   0.05946838   0.013942204011584539 
 0.001825  T17-2821           0.0                    99.0    0.03090274     0.01575736742834843           0.0                    99.0   0.006580277   0.0033552965730749185    0.02490483    0.01269901651236776   0.07873864   0.011027192538645184    0.1060125   0.015194999640279693 
 0.001825  T17-2795           0.0                    99.0   0.002791018   0.0014231455244788707    0.04607233     0.02349237587357203    0.01097667    0.005597027413588217    0.03263329   0.016639783153176636   0.04427411   0.008838011891934576   0.06988352   0.013061195441000185 
 0.001825  T17-2740    0.02646882    0.013496502968177497           0.0                    99.0    0.03929455    0.020036362819881384    0.05577308     0.02405786837043889    0.08462634   0.019243394689140894   0.09069641   0.012478611668667714   0.08491245   0.015567744768733363 
 0.001825  T17-2718    0.01050425     0.00535613855314638           0.0                    99.0    0.03373542     0.01720175648792483           0.0                    99.0    0.02949267   0.015038365080891906   0.03606643   0.008333440835372744   0.03702954   0.012180942501207204 
 0.001825  T17-2715    0.01425861   0.0072704920820902495           0.0                    99.0           0.0                    99.0           0.0                    99.0    0.02262901   0.011538581259232046    0.0455326   0.009459764904829507   0.06837084   0.013673581823101655 
 0.001825  T17-2843   0.008925463    0.004551111490775379    0.04018799    0.020491929619303816   0.001282687   0.0006540445062251115     0.0335547    0.017109607007275183   0.009925398    0.00506097980821748   0.03128141   0.008256448379546862   0.04530538   0.012132030682946033 
 0.001825  T17-2810           0.0                    99.0    0.04178799    0.021307772741478662    0.01094654    0.005581664067793762   0.006594439    0.003362516823929393    0.01684495   0.008589272875549479   0.03817665   0.008551998857293304   0.07288747   0.014126220696920638 
 0.001825  T17-2826  0.0004384658  0.00022357456702430713           0.0                    99.0     0.0240551     0.01226574243014258    0.01088919    0.005552421190883307    0.02044243   0.010423630044622123   0.03644118   0.009206582382852664   0.05306325   0.011793544512792792 
 0.001825  T17-2988    0.03048805     0.01554592109104266   0.007270128   0.0037070524538317285           0.0                    99.0           0.0                    99.0    0.01757245   0.008960227525744031   0.03689017   0.008590155483557326   0.03699871   0.012507795338073814 
 0.001825  T17-2945    0.02891759    0.014745130666704211    0.02799736     0.01427590849690821    0.02750236    0.014023507030985366    0.05470287    0.022415355520864908    0.05165651   0.017734518838544818   0.01029253   0.005248179170262578   0.02696227    0.01170826772514316 
 0.001825  T17-2986    0.04366585    0.021446305349573033           0.0                    99.0    0.04455428    0.022718314313407675    0.05787372    0.021793943343433375     0.1023981    0.01897268997837945    0.1649238   0.018420273569831804     0.242606    0.03536799020939132 
 0.001825  T17-2936    0.03676227     0.01874514830649331   0.002951433   0.0015049419362965105           0.0                    99.0    0.03585655     0.01828332971691494     0.0514204   0.018122337715165224   0.02729019   0.008180006711058983   0.04668324    0.01263779432696133 
 0.001825  T17-2924     0.0267032    0.013616013787537086    0.03539411      0.0180475208527216   0.006209137   0.0031660515628474358   0.004258436   0.0021713848261386004    0.03926715    0.01656930402990195   0.03122178    0.00846667564065407   0.03699958   0.011706248631575532 
 0.001825  T17-2954    0.03145439    0.016038659742719185    0.01334874   0.0068065505353490175    0.04549557    0.023198284824106047    0.06528709      0.0221895506799097    0.06632768   0.018463083833539944    0.1106994   0.014318527471047993    0.1572871    0.01946018261666884 
 0.001825  T17-2949           0.0                    99.0    0.02009368    0.010245806641988906    0.03829897     0.01952871463514711    0.04993848    0.021692668910210287    0.08963586   0.019553802312322687    0.1186653   0.014234787637662215    0.1738222   0.021373151068993082 
 0.001825  T17-2942    0.04467414    0.020158084243295443    0.02171418    0.011072102754166617    0.05203599     0.02653324793900854           0.0                    99.0           0.0                   99.0   0.04743028   0.009111698507974953   0.04030539   0.012797496040980868 
 0.001825  T17-2950   0.004028525   0.0020541532488899776   0.003397606   0.0017324459293499928    0.01592768    0.008121553151464811    0.01926948    0.009825544473097915    0.01631476   0.008318926979377628   0.02793323   0.008208979440275935   0.06117382   0.012877139520247655 
 0.001825  T17-2992    0.01889546    0.009634831925831191    0.02348151     0.01197327267276583     0.0853161    0.042670843893338924    0.03818554     0.01947088135970778    0.09793505   0.028828986754756487   0.09827007     0.0152771106403714    0.1144899    0.01889478866270274 
 0.001825  T17-2893    0.02220971    0.011324779371027101   0.008181721    0.004171875993667526           0.0                    99.0    0.03141957    0.016020895150966098    0.05084135     0.0168214921557698   0.02693155   0.008027286034439099   0.04498063   0.011686627823900658 
 0.001825  T17-2898    0.03366458     0.01716563503369054    0.04167106    0.021248154809209576    0.01832067    0.009341746363790069    0.02730687    0.013923831201417552    0.01190364   0.006069690244859041   0.03579052   0.008423654490465525   0.04810289   0.012257396139063183 
 0.001825  T17-2965           0.0                    99.0    0.02341035    0.011936988049907104           0.0                    99.0    0.06133417     0.02602695150837856    0.04104241   0.019713532159906833   0.08015605   0.012491491504532236   0.08023178   0.015838566201136516 
 0.001825  T17-2547   0.004863104    0.002479706219263113    0.06006059     0.02812728220758417           0.0                    99.0    0.04531857    0.023108032178715456    0.07485582     0.0194110295510265   0.08378491   0.011506660406250025   0.09173705   0.014671048707117874 
 0.001825  T17-2531   0.006073107   0.0030966886198233574    0.01994201    0.010168471774187605    0.02829055    0.014425401747123891           0.0                    99.0   0.005322649  0.0027140286212101765   0.02267974   0.007829682108541828   0.05411724   0.013594726492201894 
 0.001825  T17-2499   0.003694468    0.001883816442434411           0.0                    99.0   0.005716593   0.0029149024161171312    0.02141354    0.010918805831509963    0.01510065   0.007699848940632148   0.04734923    0.00965778488083111   0.06440654    0.01342749224344278 
 0.001825  T17-2465   0.002973347   0.0015161159276585977    0.00622244    0.003172834298216029           0.0                    99.0  0.0006271851  0.00031980295538249816    0.07532163   0.017936067885561457   0.03463069   0.009319454653797346   0.06404899   0.012938485067495384 
 0.001825  T17-2429    0.02008978    0.010243818024378607   0.003385527    0.001726286333389189    0.03131304     0.01596658019899114    0.05651847    0.022068089745066497   0.004723677   0.002408611629600606   0.05815856   0.010277059090378727   0.08076276   0.013718427751305032 
 0.001825  T17-2497    0.09029494    0.022957281824208545    0.03749839      0.0191204973309279    0.09148434    0.026756232437121188    0.08431576    0.027426154416676354    0.09509552   0.020483140050724744     0.146006    0.01739445749952786    0.1571806    0.02228597907260303 
 0.001825  T17-2506     0.0392807     0.02002930558075841    0.08241998     0.02590943864512707    0.09224215    0.028107322262190416    0.05541768     0.02516090267232525     0.1248701   0.025744976473512263    0.1640252   0.018612170117413927     0.216127    0.02571258960583512 
 0.001825  T17-2538    0.02610508    0.013311031232390073    0.02207239    0.011254759635066445       0.01271     0.00648085380177643   0.002223361   0.0011336956221857832    0.02122953   0.010824983676343767   0.02759523     0.0082905496921124   0.05511876   0.013288698290719676 
 0.001825  T17-2493           0.0                    99.0     0.0135846    0.006926812087273915           0.0                    99.0    0.01210454    0.006172126605145102    0.01643816   0.008381851821917398   0.05607491   0.009803623235525577   0.08681859   0.014786853185582828 
 0.001825  T17-2792    0.07010613     0.01950524498466679    0.02387646    0.012174653545551759    0.02667069    0.013599441778001807    0.05364561     0.02189689490066619    0.06728508   0.017056491401623724    0.1269578   0.014642659289244015    0.1542613    0.01875742688482085 
 0.001825  T17-2767    0.02036728    0.010385315815880806   0.002742324    0.001398316358859382           0.0                    99.0           0.0                    99.0     0.0283143   0.014437516821372018   0.02415379   0.008747893701164983   0.05532587    0.01192394954329181 
 0.001825  T17-2761           0.0                    99.0    0.03524087    0.017969393283502062           0.0                    99.0    0.02218188    0.011310583896817354    0.07002667    0.01828808469554122   0.05471481   0.009855450949410939   0.07158047   0.013929983448899319 
 0.001825  T17-2746    0.08114104      0.0213058333276433    0.04196644     0.02139876964760208     0.1046791     0.03090128076359619     0.1261313    0.025266591132491537     0.2598766   0.031366648205308774    0.3668538    0.03765000612437083    0.4453065    0.04573073874097597 
 0.001825  T17-2730    0.01293979    0.006598025151759957    0.03699056     0.01886155872587247           0.0                    99.0           0.0                    99.0    0.03206368   0.016349332999759467   0.01819751   0.008275865950528984   0.04062286   0.012228897539737422 
 0.001825  T17-2728     0.0579415    0.022054958949973134           0.0                    99.0    0.01217938   0.0062102906089268484    0.03490638    0.017798831276888492    0.09096587    0.01925686604826105    0.1112582   0.014222370260228217    0.1256451    0.01675124061323519 
 0.001825  T17-2615     0.0218452    0.011138910107833709    0.07236942    0.025214148768875067    0.07408599     0.02681006832656159    0.07281128    0.023986813486857397     0.1082716    0.02115925278854856    0.2649302    0.03030826444932801    0.3341463    0.03900513542985077 
 0.001825  T17-2620           0.0                    99.0     0.0178896    0.009121943910198308    0.02406366    0.012270107190846214    0.03122568    0.015922035164520395    0.03439882   0.017540025442456572   0.07167549   0.010088785975900271   0.08875416   0.015079992343613973 
 0.001825  T17-2608    0.07128517     0.01971205642191826    0.07115616     0.02807806950005388     0.0726388    0.026848456803324844    0.07536612     0.02217258494733178    0.08781952    0.01762863821939755    0.1226526   0.014382220581693913    0.1357896   0.016915821113182773 
 0.001825  T17-2639    0.01413177   0.0072058180797411895    0.05803552    0.024103033852708334    0.02733006    0.013935650924766162   0.007326075   0.0037355794480140895   0.008517934   0.004343311168149544   0.01712518    0.00873216466054025   0.03290852   0.011205783376221584 
 0.001825  T17-2579    0.05022589    0.020664889208892968   0.008714886    0.004443737377273657     0.0408861    0.020847902173470597    0.03941265    0.020096582240336912    0.02662243   0.013574824104022453   0.07147261   0.010703587544586208   0.07048164    0.01263423104093779 
 0.001825  T17-2706           0.0                    99.0    0.01429354    0.007288305898993264  0.0007833271    0.000399419967813571    0.02025852     0.01032985887965097   0.009718502   0.004955483134089051    0.0435801   0.008719933220677151   0.05892475   0.012173611001905926 
 0.001825  T17-2722           0.0                    99.0    0.08976402     0.02508731582713671    0.01504463    0.007671286194478342     0.0287829    0.014676456875778976    0.05981426   0.018600643907560725    0.1354251    0.01584361547400179    0.1304327    0.01781444747053638 
 0.001825  T17-3096  0.0006725357   0.0003429273148178122   0.006668042    0.003400047627545626   0.008659185    0.004415334838390657  0.0009440664  0.00048138129957272916   0.004566786  0.0023286130928402335   0.03080136    0.00480647339770356   0.04740937    0.01038575095386453 
 0.001825  T17-3031    0.01994601    0.009681672739433511    0.01736491    0.008854399533016906           0.0                    99.0           0.0                    99.0    0.02224821   0.008573677563468898   0.01865766   0.004442261585618298   0.03322434   0.009919584341472228 
 0.001825  T17-3066   0.005521485   0.0028154154856106497   0.000837468  0.00042702656740095223    0.01601578    0.008166475513379562    0.01670526    0.008518043691383427     0.0197675   0.007790065588337496   0.04311827    0.00561057117754779   0.07165733   0.012131662017374412 
 0.001825  T17-3026    0.01373527     0.00700364293660792    0.01211797    0.006178975568932523   0.009431222   0.0048089985015025575   0.008041462    0.004100357165581486  7.376465e-05  3.761274387923759e-05   0.01493837   0.003717222592886926   0.01619111   0.008255879564253407 
 0.001825  T17-2998    0.01384655    0.007060383845174495    0.01187454    0.006054849156332468     0.0147932    0.007543081546848078    0.01259096    0.006420155073486622   0.005680381   0.002896437846654509    0.0192597   0.004521902827184592   0.01559813   0.007953514963394361 
 0.001825  T17-3054    0.01101912    0.005618672751423418   0.009748133    0.004970592529100116    0.00111386    0.000567959387541046           0.0                    99.0    0.01483582   0.007357551387418235   0.02168617  0.0041346564089782606   0.02197105   0.009364119134393474 
 0.001825  T17-3132    0.01245062     0.00634859543363286   0.006531453    0.003330400139621077   0.004007017   0.0020431852971394666           0.0                    99.0    0.01687697   0.008605601897193362   0.02813511   0.004475484451126716   0.04153165    0.00983403240513402 
 0.001825  T17-3141    0.00568331    0.002897930859179701   0.006084347    0.003102419917756636           0.0                    99.0           0.0                    99.0   0.002267764  0.0011563372888223227   0.02948305   0.004753758441527504   0.03708538   0.009216932747878765 
 0.001825  T17-3156   0.004917451   0.0025074173703232994           0.0                    99.0    0.01331656    0.006790137968231574    0.01540696    0.007856037987933676    0.01824592    0.00919419699611407    0.0269636   0.004298042332644014     0.047745   0.010221770990953035 
 0.001825  T17-3106    0.01330128    0.006782349608156822           0.0                    99.0    0.01128206    0.005752746370513826    0.01310797    0.006683780461939561    0.04012254   0.008817397329328649   0.07386901   0.008331434083085397   0.08825659   0.013246259365586235 
 0.001825  T17-3127    0.01371045   0.0069909861895944975  0.0005363837   0.0002735030462782762    0.01791766    0.009136251758953448   0.001494856   0.0007622301875172618    0.02067926    0.00849924214039299   0.01803619   0.004126098480580656   0.01639141   0.008358012925110668 
 0.001825  T17-3126    0.04426233    0.010549895595608993    0.04557808    0.017231653314971375    0.06131486    0.013971706485057436    0.07838982    0.013532559735261617     0.1292514   0.015556538444381802    0.1898068     0.0197245820994924    0.1937062   0.021915757684216625 
 0.001825  T17-3093    0.01033568    0.005270184381205747           0.0                    99.0    0.00370755   0.0018904869797620929    0.01449077    0.007388870919117819    0.02523299   0.008136032184942854    0.0223582   0.004238184810142309   0.01691663   0.008625821666842238 
 0.001825  T17-3150   0.009415532   0.0048009981398857305    0.01173008    0.005981188720439108   0.003356154    0.001711309473662248    0.03081511    0.009851979090690459    0.03665296   0.011266045740507892    0.0744841   0.009891393083663241   0.08771063     0.0142292469948894 
 0.001825  T17-3080    0.03208657    0.008967875396417704    0.03578778    0.013427098282119038    0.08154772    0.013470569009306326    0.07978613    0.012036843551920496     0.1314581    0.01547394386453124    0.2082294     0.0211100963396089    0.2754062   0.029209450984666336 
 0.001825  T17-3113    0.02642058    0.007822105254430485           0.0                    99.0   0.006428929   0.0032781229519599185    0.01315387    0.006707183980926273     0.0214122    0.00980452793702991    0.0296477   0.004434637027187231   0.05561984   0.011111216588654908 
 0.001825  T17-3070    0.02117651     0.00813065255432164    0.03615339    0.013758248367889024   0.005154195    0.002628134578476576     0.0297565    0.010647292393064068    0.03976714   0.008434470050418402   0.05426309  0.0068898161529540106   0.05405797   0.010928353421463501 
 0.001825  T17-3074    0.01337897    0.006821964871338609   0.001839739   0.0009380863099756334           0.0                    99.0    0.02075904     0.00947286253480124    0.03139102    0.00813954445175091   0.04137305   0.005477253848808634   0.04625159   0.009850286695902917 
 0.001825  T17-3092    0.02412586    0.008708333663995942    0.01578828    0.008050474780606668    0.04254374     0.01100701947213577   0.003331112   0.0016985405089963088    0.04166877   0.008661922729682192   0.04969695   0.006064884343001851   0.06324739    0.01043873681856392 
 0.001825  T17-3072  0.0004267848   0.0002176184023304794   0.001756608   0.0008956979450313873   0.006282634    0.003203527336276149    0.01121771    0.005719933199363171    0.01982083   0.007626686987776147   0.03121329   0.004692931408065752   0.02445863   0.009127474456112929 
 0.001825  T17-3061   0.001302431   0.0006641119122946825           0.0                    99.0     0.0148739    0.007584232595484134           0.0                    99.0    0.01681601   0.007450987784730425   0.03437016   0.004814506997558213   0.02909678   0.009949452890534886 
 0.001825  T17-3155   0.009887391   0.0050416004550425065    0.00414816   0.0021151548785505046   0.004497053   0.0022930565903564373           0.0                    99.0    0.02311245   0.008501825536306542   0.03521056  0.0047471007379380524   0.04522962   0.010335067221034415 
 0.001825  T17-3164   0.007868979    0.004012407257014847    0.01334478    0.006804529362460273    0.01189571    0.006065647702965447    0.01553332    0.007920468217926765    0.02521181   0.008778901675409345   0.02802794   0.004561191491414497   0.04628836    0.00925966554777531 
 0.001825  T17-3128           0.0                    99.0    0.01022047    0.005211435635647628    0.02025036    0.010325698079727878   0.008881507     0.00452869824060143   0.005238144  0.0026709398471008966   0.02095729   0.004513212637032073   0.03712471   0.010626436069482798 
 0.001825  T17-3136   0.002094823   0.0010681538451619646   0.003206508   0.0016350046862491374   0.007421514   0.0037842444706402043     0.0133252   0.0067945474434140205    0.02511884    0.00863603754946098    0.0158719   0.003816051801888439   0.05360859   0.010302252987631492 
 0.001825  T17-3138    0.02743658    0.008762520302400958   0.002754063     0.00140430258815673   0.001401797   0.0007147789276515152           0.0                    99.0    0.01379571   0.007034459449386711   0.03051388  0.0045945389757869074   0.05113035   0.009624014002344396 
 0.001825  T17-3140    0.01081275    0.005513442324560038   0.009859968   0.0050276169235400426    0.02962967    0.012578728850384246      0.018342    0.009352623552993246    0.02676017   0.009087192855519795    0.0505619   0.006064465678221372   0.04701296   0.011170019473126087 
 0.001825  T17-3144    0.00615636   0.0031391399772702075    0.02047796    0.010441751763857251           0.0                    99.0    0.00284856   0.0014524863025639862    0.01990121  0.0071660189402164565   0.02347474  0.0038741173107335047   0.02602114   0.008969125969633663 
 0.001825  T17-3170   0.001579528   0.0008054046055427545   0.007150092   0.0036458458631983665    0.01988084    0.010137279110661599    0.01526983     0.00778611415276311    0.03144876    0.00818523308380867   0.04473018    0.00563361132818843    0.0534594   0.010146643042106144 
 0.001825  T17-3163           0.0                    99.0    0.03760044    0.015270755949003834   0.002473699   0.0012613434568851617     0.0184084    0.009386481042563502     0.0247884   0.007846772515419062   0.03801164   0.004942388728966187   0.05310969   0.010295713670577529 
 0.001825  T17-3032   0.005679112   0.0028957902907878947           0.0                    99.0   0.007627715   0.0038893862726221023   0.009406452    0.004796368230167387    0.03311688   0.008277787080580957   0.06018375   0.008095308535679786   0.06614026    0.01462943731081876 
 0.001825  T17-2989           0.0                    99.0     0.0176465    0.008997984784661508  0.0008737553  0.00044552948345147813     0.0125909    0.006420122518208201    0.03537252   0.008773364148566956   0.04946108    0.00608687665372258   0.06801252   0.011535933197067328 
 0.001825  T17-3057           0.0                    99.0   0.003625228   0.0018485108313222942   0.002060739   0.0010507743470518347           0.0                    99.0    0.01976949   0.007643610635117215   0.02692627  0.0044147854043186515   0.03891338   0.009959723505184268 
 0.001825  T17-3051    0.02558567    0.008293971932464747    0.02013912    0.010268976586658672    0.02444364    0.011144714244295185    0.01822487     0.00884653184576131      0.038448   0.008671125305035386    0.0431201   0.006092777303145505   0.05503588   0.011270663648837765 
 0.001825  T17-3104    0.02239711    0.009027343017843178    0.01799661    0.009176507537432581           0.0                    99.0   0.002561971   0.0013063535219355478    0.02084677   0.007981210959206253   0.01960854   0.004089146367099129   0.03889821   0.009376341687456255 
 0.001825  T17-3137    0.01653727    0.008202797214972036    0.01331293     0.00678828898530948    0.01369358    0.006982384143675067    0.01692955    0.008632410580634473     0.0484129   0.009503031946370644   0.09151277   0.009733961765834609    0.1179217   0.014492614139930174 
 0.001825  T17-3095   0.007552348    0.003850956982544344    0.01083759    0.005526110250193168    0.01128972    0.005756649277719202    0.01875495     0.00877129961518098     0.0277891   0.008330511124607181   0.04040951   0.005233147017182395   0.04356609   0.009721087824790855 
 0.001825  T17-3091   0.004906288   0.0025017258251306116   0.009734037     0.00496340397061308           0.0                    99.0    0.01475108   0.0075216025154954845   0.007252569  0.0036980985951774745   0.02337739   0.004037367812788055   0.04753163   0.010721133245836142 
 0.001825  T17-3086  0.0006675295   0.0003403745456108498           0.0                    99.0    0.03243312     0.01077531619553431    0.02098876    0.008876291857800304    0.06125848   0.009681482979540893   0.09944765   0.010437246505294106    0.1387159   0.016493217268281075 
 0.001825  T17-2532   0.008018543   0.0040886712130486225    0.01355529    0.006911866861079574           0.0                    99.0    0.02289692     0.01167518418811729   0.003749195  0.0019117223368167906   0.02144882   0.005767098149045584   0.02024113   0.010320986781813502 
 0.001825  T17-2535    0.01729594    0.008819233556592998  0.0001899762   9.686923509182056e-05     0.0102701    0.005236744030654926           0.0                    99.0    0.01338074   0.006822863475469812   0.02385092  0.0058621430363368825   0.02299783   0.011726633491125618 
 0.001825  T17-2495    0.04693915    0.011423425417851907    0.06450032    0.017058517502090385    0.06226714     0.01395527985494723    0.08096813    0.014419854297442431    0.08923729   0.014726473091471732    0.1510035    0.01666170134823635    0.1301619    0.02141791967293042 
 0.001825  T17-2556    0.01433244    0.007308138143159104     0.0196816    0.010035685265292102    0.02074653    0.010578701033837236    0.02134339    0.010883031306718777     0.0275467   0.009685934865473544   0.04725768   0.007271505140584927   0.05459284   0.015445276842810426 
 0.001825  T17-2473   0.007788861    0.003971554932475844   0.009373471    0.004779551644199947    0.01078728    0.005500457083020283    0.03160812      0.0111965827585136    0.05306239   0.010982722150230424   0.04815404   0.006468109085359956   0.05024441   0.014231171541812046 
 0.001825  T17-2616    0.01822694    0.009293951292727814           0.0                    99.0    0.01702657    0.008681881267955351   0.002673043   0.0013629893514769255    0.04256534   0.010694180789854124   0.03042376   0.005897396131860229   0.06571646   0.017311329549740424 
 0.001825  T17-2610           0.0                    99.0    0.01510484    0.007701986410389011    0.01808399    0.009221059828200335    0.02475483     0.01105937083295831    0.02302574   0.009712530236323643   0.02153257   0.005243458322736436   0.01695873   0.008647291480736497 
 0.001825  T17-2541    0.01021378      0.0052080253721737    0.01554011    0.007923931432757164  0.0007137822   0.0003639589366255188    0.01685786    0.008595853748580184    0.02103437   0.010243509323536001   0.03047841   0.005930277891921255   0.02697751   0.013755889894717863 
 0.001825  T17-2595           0.0                    99.0    0.02559134    0.013049074203898758           0.0                    99.0    0.02213158     0.01128493582866398    0.01508738   0.007693085483479629   0.03442213   0.006357313014072691    0.0433101   0.013966255499689242 
 0.001825  T17-2228           0.0                    99.0   0.009498242    0.004843172130282656    0.04295797    0.013963006709090597    0.01312486    0.006692392705898018    0.01756266   0.008955234605059545   0.02233671   0.005147688567815364    0.0329737    0.01443818599205939 
 0.001825  T17-2258    0.03680219     0.01167369607348337    0.02719773    0.013868180502446203    0.00516997    0.002636177791468929     0.0235803    0.012023640983637195    0.03485572   0.010688870437763011   0.04884791   0.006978881606287428   0.07501312      0.017336910258894 
 0.001825  T17-2470      0.100707    0.014388507577660723     0.1205704    0.018619079965564892     0.1666664    0.020540059218609862     0.1660711    0.020650799621024365     0.2723321   0.028894814097422675    0.4190707   0.042321585216485505    0.4496426    0.04705197883801701 
 0.001825  T17-2411    0.01945019    0.009917691796470084           0.0                    99.0    0.01886451      0.0096190514410173   0.008144905    0.004153102462845607    0.04221937   0.010796851405349339   0.03800119   0.006209090505374358   0.02516043    0.01282934745113519 
 0.001825  T17-2419    0.01641681    0.008370963454094516     0.0353766    0.015331130509120976           0.0                    99.0    0.02113659    0.010777583583177678    0.03314839   0.011404045918814122    0.0378244   0.006216056493308358     0.054616   0.015316013708432753 
 0.001825  T17-2488   0.006952588    0.003545138188197103           0.0                    99.0      0.010971    0.005594136269524009           0.0                    99.0    0.00498545   0.002542090683404115   0.04576189   0.006705550260461628   0.04191263   0.014222882726482314 
 0.001825  T17-2526   0.008865417     0.00452049391820406    0.01778988    0.009071096487608761   0.009046669    0.004612913686111156   0.001412911   0.0007204462721131257   0.005062091   0.002581170569148581   0.02094523   0.005112648664237452          0.0                   99.0 
 0.001825  T17-2552    0.01150331    0.005865562177252067    0.01575229    0.008032122428796576    0.01730363    0.008823153722018279    0.03295961    0.013904751729334149    0.04298041   0.012356789517580244   0.08861449   0.010239164297286473   0.08802276   0.015928799794845686 
 0.001825  T17-2333    0.01825633    0.009308939272239615           0.0                    99.0   0.005379365   0.0027429482202834692   0.003416049   0.0017418495607485769    0.02945613   0.009801791065769255   0.03088929   0.005927209010013482   0.04653657   0.014548800131837299 
 0.001825  T17-2409           0.0                    99.0           0.0                    99.0           0.0                    99.0    0.02881146    0.011241938112897436     0.0166206   0.008474877353342703   0.03265204   0.005785285360548518   0.05210894   0.014122305650552816 
 0.001825  T17-2345           0.0                    99.0    0.01905585    0.009716613138648364   0.004336466   0.0022111724754031647   0.001558977   0.0007949252183080998    0.01688518   0.008609787211633338    0.0273782   0.005932940697515946   0.04565938   0.013588161376118698 
 0.001825  T17-2462    0.01367302    0.006971897617813101    0.02110825    0.010763132961876157    0.01885381    0.009613594509557077     0.0260429    0.012660303140391228     0.0239253   0.011301678317037695    0.0556073   0.007504288622181319    0.0836899    0.01634086120521804 
 0.001825  T17-2483           0.0                    99.0   0.000123685   6.306720324225897e-05   0.005537876   0.0028237737787857155    0.01229183   0.0062676261416151815   0.002056937   0.001048835699832767   0.03233081   0.005650527016277773   0.05052469   0.014457165652698353 
 0.001825  T17-2955    0.03125252    0.012709692944957562   0.008430204    0.004298577469956795    0.03412723     0.01585216106646753    0.02124543    0.010833091117370379    0.04187928   0.011457893010727757   0.04925663   0.007403184697079562   0.07199342    0.01624484203486953 
 0.001825  T17-2952   0.006426133   0.0032766972661039183    0.02024488     0.01032290381703443    0.03414976    0.015522674714670665    0.04644539    0.012888211557082736    0.05475205   0.013717887299858714   0.07494802   0.011230268685558197   0.07119937    0.02350963780896824 
 0.001825  T17-2886   0.001389312   0.0007084128998468619    0.02806667    0.014311254704060333   0.007210263   0.0036765276638039447    0.02245856    0.011451663568719437    0.02165803   0.010663087025210335   0.05302781   0.007534599377351525      0.06256    0.01638998337044916 
 0.001825  T17-2901   0.008508012    0.004338251920988158    0.01256358    0.006406191996897065           0.0                    99.0     0.0245443     0.01251518646474754    0.02226727   0.010218128322518023   0.03387078  0.0064217395192309856   0.03995095   0.015361056617714324 
 0.001825  T17-2943    0.07998397    0.015060257313446176     0.0566406     0.01901206727965426     0.1184928     0.01797064775667533      0.127231    0.017759386714568722     0.1920717   0.022261283527876378    0.3150021    0.03205069423225282    0.3653681   0.039705351538917265 
 0.001825  T17-2925   0.001984019   0.0010116553557500203    0.01781686    0.009084851681095074   0.005960011   0.0030390207487324284           0.0                    99.0   0.006786991  0.0034607004450482003   0.02863866   0.005819936199689478   0.05124049      0.015770583798896 
 0.001825  T17-3006    0.03973793    0.013413633477057922    0.03434218    0.017511144595931585    0.07195613    0.016564868976175724    0.05191634    0.014388252828292114    0.06625616   0.012354329530146748   0.09350133   0.010945069909651788   0.09776318   0.018339871580390743 
 0.001825  T17-3007           0.0                    99.0   0.002916628   0.0014871943085891096    0.02665942    0.013593690280106577     0.0387073    0.012346037594216213    0.05877471    0.01255049887438109   0.08304722   0.010270438435961924   0.08845227   0.018450944796579632 
 0.001825  T17-2969    0.01194128    0.006088881973727526           0.0                    99.0    0.01724099    0.008791212483204464   0.006209961   0.0031664717220553557    0.02499962   0.010290921780547552   0.04538881   0.006978447062501084   0.04833863   0.016381470863886704 
 0.001825  T17-2985   0.008415938   0.0042913032087187036           0.0                    99.0     0.0157081    0.008009592803308043   0.007273073    0.003708554605368821    0.03813367   0.010806889074548187   0.05424678   0.007540529501545897   0.09790301   0.017665144086327206 
 0.001825  T17-2982           0.0                    99.0    0.03106707     0.01584115471311195    0.03008518    0.013473239508701091    0.02710582    0.011930625208077906    0.03720528   0.011369727680836689   0.04668401   0.007313306367280193   0.07393581   0.017747131327230357 
 0.001825  T17-2980    0.02161741    0.011022764445237001   0.005804722   0.0029598390748981334    0.04305285    0.014938892416646055    0.04296917    0.012731440560792364    0.09730992   0.016035513130927992    0.1226178    0.01323625599967759    0.1340801    0.02098233817285862 
 0.001825  T17-2858    0.02539454    0.012948725499871252   0.007929304    0.004043167582520933    0.02555804    0.013032094468918494    0.02462662    0.012557161593383435    0.03236093   0.010864043900824823   0.09017608   0.010638651084427247    0.1080085    0.01851199474915926 
 0.001825  T17-2806    0.01810619    0.009232383573843215           0.0                    99.0   0.009749957    0.004971522590259395    0.02385761    0.012165046796672054    0.00631605   0.003220566219882771   0.04216257   0.006587791485564339   0.07232274   0.016641350320075472 
 0.001825  T17-2777    0.01396726    0.007121932148561723    0.01910716    0.009742777188353277    0.00123144     0.00062791365898187    0.01823783     0.00929950706672015           0.0                   99.0   0.03364916   0.005820941867324994   0.02072722   0.010568849924253065 
 0.001825  T17-2784    0.01216013    0.006200472054621165    0.01871695    0.009543807367332704    0.02878592    0.013637985710337286    0.02600418    0.012226927725913979    0.02046059   0.010029745741445393   0.06386462   0.008362515821542222    0.1006503   0.017034407235959226 
 0.001825  T17-2770           0.0                    99.0    0.02332698    0.011894472621318862    0.02553844     0.01302210039067185    0.02525956     0.01274426448088849    0.03872531   0.010573397301127108    0.0701502   0.008402041144657708   0.08856216    0.01612274708897513 
 0.001825  T17-2809           0.0                    99.0    0.01521758    0.007759474717546608   0.009012353    0.004595416871328987    0.03537436     0.01212487840427672    0.01777054   0.009061233022708113   0.04765459   0.007147472887035389   0.02481741   0.012654450689586687 
 0.001825  T17-2958    0.01595568    0.008135832367264213    0.05066805    0.017022406222788392    0.05120401     0.01411986832848313    0.03540293     0.01160453046193378    0.05022287   0.010810381838550803   0.07889964   0.009344629562053276     0.102439   0.017681866970498335 
 0.001825  T17-2862   0.006919677    0.003528356314785581    0.02229175    0.011366611727116617    0.02341109     0.01193736537735111    0.02670439    0.012359666330674991    0.04565193   0.011742676434733652   0.06650871   0.008638193665405806   0.07044106   0.016395330498030103 
 0.001825  T17-2905    0.01399217   0.0071346328255894155    0.00793666    0.004046918421275131           0.0                    99.0    0.01688706    0.008610742885559875     0.0261722   0.010467399100769971    0.0271203  0.0057000649283955535   0.03840717   0.015240627731054552 
 0.001825  T17-2895   0.007489993   0.0038191615560769997    0.02052284    0.010464636163434255    0.02965909    0.014819720382189436           0.0                    99.0    0.05196417   0.011353914339922114   0.07403589   0.008969973613605393    0.1112524    0.01857968539776979 
 0.001825  T17-2904    0.01328327    0.006773167254593526   0.008995336    0.004586739379532366    0.01001323    0.005105766496989948    0.01359387    0.006931541820105033    0.01685188   0.008592805515491724   0.04524117   0.006448191158234222   0.09032786    0.01712992408770967 
 0.001825  T17-2914     0.0200137     0.01020502468391919    0.03891881      0.0141703496038228  0.0008649192    0.000441023987848106    0.04013133    0.012414225183417168    0.08958855   0.013103769010044744    0.1677774   0.017357850656336486    0.2620228   0.029413184003628374 
 0.001825  T17-2804   0.007795334     0.00397485601809733           0.0                    99.0    0.01886471    0.009619153421407572   0.002812543   0.0014341206736915447   0.007666735   0.003909283627344817   0.03269487  0.0059996137227566575   0.06536432     0.0163938991939753 
 0.001825  T17-2817           0.0                    99.0    0.02254884    0.011497697516888153    0.04167767    0.014196273463704797    0.01792187    0.009138398446168672    0.03586937    0.01119974041119119   0.04355398   0.007093996610853715   0.06626037   0.018917306687046363 
 0.001825  T17-2691    0.03140131     0.01091483284899778    0.02863525     0.01460117475556419    0.03225985    0.013517031618115162     0.0579871    0.012815071211292587     0.1057179   0.013852999512185656    0.1934214    0.02031135827333881    0.2977892   0.034257702141108355 
 0.001825  T17-2890    0.01474642     0.00751922637240215    0.02229635     0.01136895727609287    0.03023613    0.011901001883193239    0.03954545    0.011615882600867013    0.04558948    0.00976508593819348   0.08196881   0.009438104146126489    0.1013016   0.017192537813830743 
 0.001825  T17-2883   0.001685759   0.0008595717055633986   0.008729693    0.004451287005177097    0.02974759    0.012735864506364733     0.0168421    0.008587820635568783    0.01632195   0.008322593174407901   0.03470109   0.005544565291025979    0.0363901   0.014901839995658256 
 0.001825  T17-2831  0.0008960999   0.0004569230385938206    0.01065891    0.005434999988943606   0.009093759    0.004636925949581339    0.01448006    0.007383412810960797    0.01432101     0.0073023089832744   0.03980199   0.006359456839046948   0.06620344    0.01783179202498829 
 0.001825  T17-2852   0.007940361     0.00404880605868745           0.0                    99.0   0.009835936    0.005015362959844976    0.01722842    0.008784803015675878     0.0166189   0.008474007578283371   0.03669869   0.005816705293773873   0.04908899   0.014503247086949219 
 0.001825  T17-2869   0.002513733    0.001281756871605879    0.01329713    0.006780234495639366   0.008591363    0.004380753248826245    0.02672892    0.011557885019698198    0.02713224    0.00945712301017281   0.03469444   0.006070641054290395    0.0349599   0.014481101158164734 
 0.001825  T17-2848    0.02561781    0.010309003267053609    0.04371577    0.014300088311508046    0.01830252    0.009332488701630878    0.01402743   0.0071526139295556845     0.0400113   0.010895739145505456   0.05146699   0.007097515069973787   0.05903981   0.014230092225606306 
 0.001825  T17-2966    0.03381457    0.011458781991247979     0.0166854    0.008507918999790783    0.02908829    0.014832170929801242     0.0329349    0.011205937079088924     0.0578261   0.011778996542426694   0.09102087    0.01018195401113583    0.1222645    0.01862631052781522 
 0.001825  T17-2967    0.02930481    0.011315560424983865    0.02595843    0.013236249208319893           0.0                    99.0    0.01122079    0.005721504677954043     0.0155488    0.00792836542245651    0.0248763   0.005938795316723839   0.01445283   0.007369528180825283 
 0.001825  T17-2944           0.0                    99.0    0.01455796    0.007423132211810322    0.01276868    0.006510776809443555    0.01042992    0.005318238521682532           0.0                   99.0   0.02226066    0.00556480483607296   0.04591361    0.01425529496951645 
 0.001825  T17-2787           0.0                    99.0    0.02546033    0.012982276852154594    0.00883885    0.004506946862771958   0.008964299   0.0045709140429583675           0.0                   99.0   0.02297395   0.005108180539216091   0.05184879   0.013968710831738947 
 0.001825  T17-2782    0.02029486    0.010348388716563368    0.01563808    0.007973885546351164    0.01559796    0.007953429260643298    0.02465659    0.011509381417486388    0.03945859   0.009801737199340585   0.07096622    0.00854984080196725   0.09935141   0.016516386942003417 
 0.001825  T17-2785    0.01166202    0.005946488715952297    0.02675461     0.01311116932033985   0.004914987   0.0025061609719151503     0.0173081    0.008825435925482888    0.01021875   0.005210559584871955   0.02875645   0.005341992040861348   0.04862226   0.013568362621833778 
 0.001825  T17-2773   0.001341979    0.000684277808841241    0.01238347    0.006314353556437745    0.02811881    0.012824296250908312    0.01578519     0.00804890114473833    0.02342873    0.00975078440956511   0.04817777   0.006845374419230113   0.07270458    0.01561952136245743 
 0.001825  T17-2888    0.01221962    0.006230809063449545           0.0                    99.0           0.0                    99.0    0.00738606   0.0037661664068567124    0.03243325   0.009050067805345218   0.05958319   0.007545431682069953   0.07647398    0.01546534998239626 
 0.001825  T17-2849    0.01711582    0.008727388055952823     0.0293492    0.013532924625224216    0.01538832    0.007846534396141013    0.03157087    0.010642906168075946     0.0515342    0.01047715575652863    0.0818107   0.009255641094936429   0.09822285   0.017084412273289502 
 0.001825  T17-2838     0.0202537    0.010327401152245418    0.01527289    0.007787674452734269    0.01924605    0.009813600412119601    0.01042457    0.005315507604500722    0.02734397   0.011182234632273148   0.06332342   0.007707254148575095   0.09204018    0.01663042614928505 
 0.001825  T17-2840    0.01666427     0.00849714281039721    0.02121026    0.010815152962837651    0.01633488     0.00832918522605831     0.0107375    0.005475071222139581    0.01735354   0.008848603908991294   0.04331061   0.006021542588619381    0.0841299    0.01744173210148866 
 0.001825  T17-2664    0.01143808    0.005832300292384215    0.03524048    0.015517602647600047    0.03060764    0.012562277737484393    0.03464533    0.013391401410550315    0.06077377   0.010812366571529565   0.09415854   0.010468370520503228    0.1293092   0.020067703031139365 
 0.001825  T17-2654    0.02822251    0.013879271421692171    0.02524573    0.012872851893392892    0.02921973    0.012511156782581256    0.04126514    0.012625684182736237    0.08622497   0.013074262155100953    0.1335144   0.014536840636050498    0.1807505   0.022574185192493663 
 0.001825  T17-2710     0.0120945    0.006167009150714793   0.003447211     0.00175774010593751    0.01594913    0.008132491528902136     0.0162951     0.00830890328759458    0.02365165    0.00964222923887552    0.0380302   0.005986260270400545   0.04023082    0.01570345383588031 
 0.001825  T17-2801    0.01527991    0.007791257886755515    0.02946697    0.015025270406548729   0.001307213   0.0006665503614841492    0.01753422    0.008940732993562888    0.03847044   0.010197216150888241   0.06644252   0.008004056891371588   0.09472171    0.01679975657553826 
 0.001825  T17-2780    0.01482258    0.007558060505017673    0.01272295    0.006487456051465859   0.002748282   0.0014013543546855804    0.01378778    0.007030413965751092    0.02689901    0.00964498287097582   0.03093996   0.005758776180634302   0.05057386   0.015541382805049749 
 0.001825  T17-2769    0.01370127   0.0069863052896810204           0.0                    99.0   0.005820033   0.0029676456933850595           0.0                    99.0    0.02553029   0.008856109790060759   0.02846635   0.005314359239222166   0.05221264   0.015303120834659706 
 0.001825  T17-2835   0.002961503   0.0015100766489466982           0.0                    99.0           0.0                    99.0    0.02132943    0.010875922881284559   0.004160267   0.002121327771185276   0.02167338   0.005345561806179496   0.04469757     0.0130548766314182 
 0.001825  T17-2836    0.01645292    0.008389377974719461    0.01570679     0.00800892090942906    0.02353312    0.011733202658172405    0.02213162    0.011052950259109283    0.02094278   0.009232236323942754   0.03585552   0.006201027343039216   0.03481501   0.014024773346525106 
 0.001825  T17-2788   0.004884659    0.002490697646115002    0.03651237    0.014178128918745557    0.02188116    0.011157246182004591     0.0184396     0.00940238900286523    0.03740788   0.009847845250274804   0.08585843   0.009913707171661517    0.1485366   0.020806762377361836 
 0.001825  T17-2802    0.01206128    0.006150068246729299    0.00487955   0.0024880920667551673   0.001139603   0.0005810858915329557   0.005473222    0.002790806578022533   0.006253874  0.0031888625561550567   0.02051816   0.004811939554062582   0.03040231   0.014974678682010542 
 0.001825  T17-2765    0.04190635    0.011386051967895851    0.04457142    0.014921880311936697    0.06267459     0.01508770443901858    0.04956363    0.011715071915672092     0.1225573   0.015101629813757983    0.2013894   0.020667396351466846     0.235649    0.02694578942717396 
 0.001825  T17-2828   0.007844554    0.003999953392143233    0.01204852    0.006143563858991294           0.0                    99.0    0.01380408    0.007038728309300267    0.02819675   0.009491839934479985   0.04328294   0.006204652334423018   0.07259417   0.015319014995993998 
 0.001825  T17-2830   0.001227448   0.0006258779342759097    0.02843017    0.013175617200540892    0.00846762   0.0043176559613688536    0.02450459    0.012494933355355724    0.03900147   0.010724202970855455     0.106923   0.011794405177209066    0.1698909   0.021716900976672525 
 0.001825  T17-2887   0.009718267     0.00495536379742082    0.02451015    0.012497778216012036  0.0008563778  0.00043666871132076593     0.0289316    0.011033539422438295    0.03865394   0.009980500091576573   0.03807415   0.005905989581148023    0.0311839   0.013151969298055712 
 0.001825  T17-2717    0.01122989    0.005726143805130727    0.03180036     0.01459058266806696    0.01764367    0.008996541762139161    0.01765667    0.009003170487506831    0.04061619    0.01011216347804969   0.04713703   0.007052869943583889   0.05730344   0.014736168590757777 
 0.001825  T17-2695           0.0                    99.0   0.002148717   0.0010956345009285214    0.00703513    0.003587226515066201    0.02505577    0.010491153170959283    0.01310032   0.006679880692592346    0.0270764   0.006008416103028817   0.04910829   0.015395669994181514 
 0.001825  T17-2632           0.0                    99.0   0.006838204   0.0034868135633928233    0.01484899    0.007571528976714413    0.01339332    0.006829280003179251    0.02124566   0.009710543492260616   0.02422822   0.005502741854443837   0.04875195   0.015262858921058171 
 0.001825  T17-2748           0.0                    99.0    0.01354499    0.006906615851561241    0.01415058   0.0072154093354462575    0.01104785    0.005633320273324605    0.01469338   0.007492182153482722   0.03073004   0.005034553001153628   0.06345116   0.014267831143641139 
 0.001825  T17-2771   0.005845566    0.002980665510199452           0.0                    99.0   0.002078703   0.0010599352062867285    0.01296321   0.0066099641137187725   0.009797886  0.0049959611905957555   0.02564031  0.0050774095670801465   0.04995667   0.014885239950531164 
 0.001825  T17-2716    0.06154694    0.011898562259518417    0.02829213    0.014208046203453485    0.08567927     0.01491461074647706    0.06750033    0.012958392993777776     0.1255548   0.015954813370167135    0.1841558   0.019062339434566367    0.1815196   0.022816211045351066 
 0.001825  T17-2774   0.005113582    0.002607425440235682   0.005423996    0.002765706144564921    0.02741289    0.012480214784466693    0.01120583    0.005713874583600343    0.02414716   0.010501723814510453   0.03112824   0.005479829241319478   0.01215963   0.006200217103645485 
 0.001825  T17-2670    0.02357775    0.010801783662572817     0.0230893     0.01177327912551979    0.04089016    0.013712782437268376     0.0372329    0.011708040676462481    0.05209809   0.011486652803757977   0.06987585   0.008260791620730124   0.07423444   0.015950852022498234 
 0.001825  T17-2612    0.02476899    0.012198796983813652    0.01850637     0.00943643417557681    0.01855212    0.009459762189851497   0.006924064   0.0035305937449365307           0.0                   99.0   0.04333458   0.006740019200050768   0.04606742   0.015926472478344472 
 0.001825  T17-2646    0.01055779    0.005383439684202842    0.01430473    0.007294007779506271      0.021894    0.011163793323060044      0.020563    0.010485113825800843    0.03604169    0.01017799449001703   0.04657343    0.00698651183709539   0.07684891   0.016624334195473243 
 0.001825  T17-2583    0.02728018    0.012295854356506668    0.03341913    0.014864737876584605    0.03754168    0.013409727052487832    0.04292021    0.012091882264347474    0.08392824   0.014373681571016383    0.1110597   0.012442495806282757    0.1495538   0.020466118629747558 
 0.001825  T17-2570   0.009041267    0.004610159195769912  0.0007989749   0.0004073988115680507    0.01511636    0.007707859500288001           0.0                    99.0    0.02321596   0.011078858112712519   0.03139486   0.006084127291608879   0.04817934    0.01511503364602461 
 0.001825  T17-2560   0.006675765   0.0034039860906063127           0.0                    99.0           0.0                    99.0    0.01390928    0.007092367052841245    0.01827755   0.009319759391647458   0.04332089   0.007084116149980955   0.07060014   0.017055977649970584 
 0.001825  T17-2191   0.008822535   0.0044986283027258715    0.02250575    0.011475730744707502           0.0                    99.0    0.02214023     0.01128935138344666    0.01383891   0.007056487213685432   0.02474159   0.005587672485032118   0.04865481    0.01527178710437521 
 0.001825  T17-2181    0.01950247    0.009944349470487147    0.01777615    0.009064094553235917    0.02389928    0.012186289508081776           0.0                    99.0           0.0                   99.0   0.04068662   0.007259958999604612   0.03584778   0.016220726230097838 
 0.001825  T17-2313   0.003119673   0.0015907278405931952   0.001466408    0.000747724496804993           0.0                    99.0    0.01368687    0.006978963682162131    0.01488618  0.0075904932108661425   0.03167108   0.006484401580413801    0.0282178   0.014146200592968417 
 0.001825  T17-2389    0.01969309    0.010041546980455254   0.002471374   0.0012601584251385855    0.01702119    0.008679139956618396    0.03448345    0.014222663819728884    0.04560263   0.012461545598149893    0.0545078   0.008208116864342516    0.0849157   0.017624236270936677 
 0.001825  T17-2380           0.0                    99.0           0.0                    99.0    0.03351303     0.01392428259906804    0.02504609    0.012049136219886512    0.05079689   0.011247286555397305    0.1136264   0.012521314258029147    0.1477625    0.02062739422068139 
 0.001825  T17-2295    0.00619786    0.003160300908251618    0.03083406    0.015722347362329074    0.02304879    0.011752627900373644    0.02183914    0.011135820102008474    0.04854396   0.012463019782031801   0.07262738   0.009737068364181492    0.1821205   0.025335927369885238 
 0.001825  T17-2398    0.01077629    0.005494853260574845    0.02128129    0.010851366395539365    0.02308988    0.011773574868651578    0.01379164    0.007032386109606042    0.02228577   0.010920386548553537   0.02770189   0.005768344018291732   0.04974357    0.01605547231525591 
 0.001825  T17-2463   0.005672256   0.0028922944030093756     0.0243447    0.012413410035256228   0.006779361    0.003456809893159329     0.0647153    0.014635945702020762    0.07891607   0.012899347224047774    0.1149032   0.012593941640266601     0.117171    0.01857933392504694 
 0.001825  T17-2430           0.0                    99.0   0.003157978   0.0016102591445496717  0.0001223528    6.23879216684648e-05   0.007074159   0.0036071279686161416    0.03584241   0.011591410971132074   0.04130129  0.0075571521407314535   0.06963787   0.015854955000559574 
 0.001825  T17-2222     0.0153925    0.007848665786297695   0.001730604   0.0008824383566301727   0.005711009    0.002912055123620741    0.00841638    0.004291528585381204   0.002243527  0.0011439783049368945   0.02800728   0.005831349103604157  0.001539555  0.0007850221967830018 
 0.001825  T17-2189    0.01645663    0.008391266769216971    0.01190186    0.006068779677643604    0.04175731    0.014545128388912936    0.02814293    0.013965513226156388    0.04023446    0.01094966905362057    0.0759656   0.009265200355403222    0.1224863   0.020800266780832403 
 0.001825  T17-2201           0.0                    99.0           0.0                    99.0    0.01280627    0.006529940101472447    0.01179236   0.0060129454139697626    0.03786237   0.011740164830915664   0.04367563   0.008070269110448424   0.04511839   0.015624129204916381 
 0.001825  T17-2195   0.008051622    0.004105537769407296           0.0                    99.0   0.002894267   0.0014757928813451061   0.006738457    0.003435952863740929    0.01311281  0.0066862493679648236   0.02228165   0.005162032996685125   0.05310481     0.0151138706322193 
 0.001825  T17-2286    0.01218298    0.006212126255951742    0.01654318    0.008435401724849148    0.02427334     0.01237702343200723    0.01662765    0.008478469220357764    0.03817241   0.010758744588295652   0.04783828   0.006891322119409309   0.03859037   0.016867089691389236 
 0.001825  T17-2271    0.05096857    0.013357975040976421    0.04760681    0.018085277054481666     0.1777063    0.022991995941268346     0.1314133     0.01896685934674742     0.2641388   0.029533507570610372    0.4423229    0.04487132591378229      0.51781    0.05362325947204627 
 0.001825  T17-1090    0.03781506    0.019281972884768194    0.03481512    0.017752297624807442    0.04592709     0.02341830790834985    0.03207347    0.016354320036959927    0.06777195    0.02222489627360328   0.09438325   0.015051620257584398   0.06723548    0.01615331653900226 
 0.001825  T17-1187     0.0424683    0.021654669040911248    0.07244759    0.030079565424603147      0.077031     0.02859060267230476    0.06577747    0.027827046806991735    0.06999889   0.020669414743865414    0.1976931    0.02174224634670367    0.2065539     0.0256579019900108 
 0.001825  T17-0834           0.0                    99.0           0.0                    99.0    0.06070727    0.030954760337597982    0.06001709    0.026415324760280367    0.07565472   0.021224120325358222    0.1309784   0.016612490289176995    0.1731671   0.023269489645116843 
 0.001825  T17-0931           0.0                    99.0    0.01819867     0.00927953734514356           0.0                    99.0    0.04244966    0.021645164468537908    0.03108455    0.01585007760502847   0.03811562    0.00950487271439276   0.06559522    0.01577386956198396 
 0.001825  T17-0896    0.04943301    0.021992673688821945     0.0692444    0.028048478051575277    0.04528653     0.02309168511438715      0.105724      0.0271407102280412     0.1630361    0.02676989316251001    0.1856109   0.020676249016971647    0.1963815   0.024019320798627924 
 0.001825  T17-0974     0.0497693    0.021148273967418713    0.01282292   0.0065384299689625796           0.0                    99.0   0.006129186   0.0031252839016439704    0.02300793   0.011731783500834347   0.03659218   0.010365692362005977   0.05430096   0.014806909101946835 
 0.001825  T17-1070           0.0                    99.0    0.02836768    0.014464735387535576    0.07700335    0.027924436705864364    0.01064659   0.0054287150551608435    0.03435844   0.017519435601660686   0.05079895   0.009735681321638769   0.03107651    0.01537236534950627 
 0.001825  T17-1923    0.03239292       0.016517213118225    0.01569139    0.008001069399958797    0.03175398      0.0161914163654235    0.03544021    0.018071027332679263    0.02263665   0.011542476910140431   0.07810332   0.011537452897257047    0.1013609   0.017438547758944836 
 0.001825  T17-1424    0.04308731    0.019284745122711916    0.05134334    0.025034448283668166           0.0                    99.0    0.02249553    0.011470509740957854     0.0876365   0.020825432669716613    0.1549431   0.018458006770640217    0.1729422   0.023016811051952874 
 0.001825  T17-1904    0.01871825    0.009544472201030814    0.04364733    0.022255863641525774           0.0                    99.0    0.01191247    0.006074190717928192    0.04839488   0.018506791718475787    0.0441179   0.009467048259612339   0.08078969   0.015810596570017876 
 0.001825  T17-1380   0.001790043    0.000912746418717017   0.005879245    0.002997838988309621    0.00186685   0.0009519105559531369           0.0                    99.0           0.0                   99.0   0.08232827   0.011771682009774558    0.1043648   0.016526830860537058 
 0.001825  T17-1219    0.01909364    0.009735886255712933    0.03604641    0.018380129895593258           0.0                    99.0      0.034329     0.01750442408821267    0.05143774   0.020622039113918293   0.05986338   0.011165914659239879   0.08447871   0.017498740103605772 
 0.001825  T17-1601    0.03381298    0.017241304483272255    0.06432514    0.026965171856492887    0.06329279     0.03167514473498647     0.0123323    0.006288262854167358    0.08731299   0.019140515994815838    0.1215946   0.014791451886508268    0.1412148   0.020180677465308244 
 0.001825  T17-1247    0.01743894    0.008892147574476032    0.07085418    0.024885670907112873    0.03330853     0.01698407954100572    0.02722227    0.013880683690525803    0.02608263   0.013299579030678715   0.05744352   0.010267699132664922    0.1011988   0.016713913640272884 
 0.001825  T17-1410   0.004574644    0.002332619902374015           0.0                    99.0           0.0                    99.0    0.08007683     0.02551081392529429    0.01369893   0.006985110157953488   0.03339688   0.009465644395756317   0.04946702    0.01364172226074494 
 0.001825  T17-0775    0.04950865     0.02292921351036326    0.03678056    0.018754479316087022     0.0152241    0.007762798297688792   0.001268131   0.0006466225695372611    0.04101981   0.020767833633153966   0.04582673   0.009749312042436892   0.04262213   0.016287210534473635 
 0.001825  T17-1007   0.008410888    0.004288728203864339  0.0006859599  0.00034977234059324944    0.04076714    0.020787244237336897           0.0                    99.0    0.05586699   0.019851923001782498   0.03140088   0.008846890769537511   0.06101403   0.016306232915437858 
 0.001825  T17-0990   0.003491871   0.0017805123270852156           0.0                    99.0           0.0                    99.0    0.05794663    0.027070069914790926    0.05519669   0.020385228107197156    0.0623022   0.011114850309675071   0.08268804   0.015961290162202303 
 0.001825  T17-0768    0.02514641    0.012822198625777133    0.02678286    0.013656632576982365           0.0                    99.0           0.0                    99.0    0.01588636   0.008100486944576666   0.06658417    0.01194853814780444   0.05284688   0.015563984622189268 
 0.001825  T17-0817     0.0659987    0.022329384573796476    0.02781078    0.014180770990823596    0.03548762    0.018095206687096556    0.04259883    0.021721231445525572    0.03367044   0.017168623059125504   0.09249513   0.013269247927234233    0.1118243   0.017989251439526326 
 0.001825  T17-0732   0.004939602   0.0025187126987381947    0.02810119    0.014328846713614498           0.0                    99.0    0.01887777    0.009625810779730973    0.03788502   0.018127688865823575   0.07519543   0.011959497638855614   0.09498456   0.016205357984519688 
 0.001825  T17-0804           0.0                    99.0    0.04309974    0.021976641529077547    0.01951739    0.009951957207601428    0.02062324    0.010515830319350727    0.06558611   0.018474906307825244   0.07558254   0.012607602864328176    0.1174745    0.01993066124941418 
 0.001825  T17-0873    0.01572958    0.008020542555481206           0.0                    99.0    0.02463474     0.01256130199722847           0.0                    99.0           0.0                   99.0   0.04840428    0.01020246077134693   0.06628556    0.01463034205181943 
 0.001825  T17-0918    0.07078516    0.026105173069166886    0.01819866    0.009279531265543373     0.1014773     0.02789095997833169    0.06119796    0.024902364852037968    0.09688031   0.021441893081578896    0.1837188   0.020263770297210958    0.2312968   0.026805690310715745 
 0.001825  T17-0988   0.006617131   0.0033740875190096374    0.04129353     0.02105564662260955   0.004936446   0.0025171034481797044    0.03305153    0.016853034739506383    0.04532631   0.019794702349241352   0.03693676    0.00899957480192681   0.03504819   0.013841905653787739 
 0.001825  T17-0908   0.004895233   0.0024960883687679992   0.006030259    0.003074840341011515           0.0                    99.0   0.008107081     0.00413381691201807    0.01677699   0.008554619938935101   0.05084332   0.010350472774334948   0.08596149    0.01709115368469317 
 0.001825  T17-0809    0.01430874    0.007296052486331222   0.007579026    0.003864560146802707   0.003483747   0.0017763689030516972           0.0                    99.0           0.0                   99.0    0.0295109    0.00853551025788734   0.06525608   0.017392513959107923 
 0.001825  T17-0841    0.01117963    0.005700517113636096    0.04137183     0.02109558175120774    0.07322195    0.027336779547489223           0.0                    99.0    0.03830408   0.019316302270117953   0.02448996   0.008429804233998854   0.04321184   0.014874716223520231 
 0.001825  T17-0805    0.02222571     0.01133293780224885           0.0                    99.0           0.0                    99.0           0.0                    99.0    0.04931129    0.02011013321016897   0.04066482   0.009379983579094635   0.04414307   0.014722015423410919 
 0.001825  T17-0728    0.01419874     0.00723996621342372   0.004631381   0.0023615497190979506    0.01672803     0.00852965611997723    0.02805427    0.014304931919863479    0.05429988   0.018124734151237748   0.03745632   0.009932021429853694   0.07872559   0.015073715467729945 
 0.001825  T17-1194    0.03976351    0.020000195602546015    0.02486823    0.012680354100948008           0.0                    99.0    0.04933317    0.024582143631981915    0.05585274   0.020394577786006653   0.08852109   0.011770433653898443    0.1416858   0.019652122964435675 
 0.001825  T17-1094    0.01703968    0.008688568043699031   0.004618354   0.0023549077166679293           0.0                    99.0    0.01761646    0.008982668310623353    0.01878893   0.009580510109791546   0.07403527   0.011145701899516467     0.112374   0.017325842873837337 
 0.001825  T17-0285    0.01000994    0.005104088919569976    0.01950937    0.009947865832790167    0.04235484    0.021596815565510023    0.04062604    0.020715297072000104           0.0                   99.0   0.06691466   0.013214020867213582   0.05453254    0.01906123474539139 
 0.001825  T17-0282    0.00511474   0.0026080159066953564   0.002382811     0.00121499948833002           0.0                    99.0           0.0                    99.0    0.02786627   0.014209070353007933   0.04268733   0.011272569467024322   0.06012917   0.018773254235653684 
 0.001825  T17-0338           0.0                    99.0    0.08830953     0.04211072106733283    0.01853976    0.009453458821152023   0.005286082   0.0026953835268451578     0.1230142    0.03047359455911462    0.2262279   0.025671729361219517     0.252986    0.03393437741519505 
 0.001825  T17-0302      0.049428    0.025203433651786417           0.0                    99.0           0.0                    99.0    0.04717659    0.024055440202380023    0.01602258   0.008169945788390826   0.04674483   0.011917534815039937   0.08742367    0.01970663741310498 
 0.001825  T17-0324   0.006591798    0.003361170663166189    0.03742413     0.01908264181782672    0.06644476    0.033880312781598934    0.08248423     0.03599638831809282    0.00274775  0.0014010830868474576   0.02578861    0.01314965765894006   0.01830436    0.00933342692122138 
 0.001825  T17-0391           0.0                    99.0    0.04204036    0.021436461599846555    0.03507511    0.017884871936044745    0.01697637    0.008656282228835771    0.02744566   0.013994595590343295   0.08227019   0.015023526221109378   0.07119381    0.01789948732439175 
 0.001825  T17-0400    0.03642992    0.018575687295862408           0.0                    99.0     0.1046473    0.038707596159433616           0.0                    99.0    0.03329381   0.016976583590088468   0.02646722   0.011468068280498856   0.04796307   0.016690546478193846 
 0.001825  T17-0119    0.04625208    0.021452905949256945           0.0                    99.0    0.03201379    0.016323889088502807    0.01358863    0.006928869933879911    0.06464319    0.02211151662536654   0.02009007   0.009985475633517414   0.06467575   0.017110142783060726 
 0.001825  T17-0222    0.02561764    0.013062484625219507           0.0                    99.0           0.0                    99.0   0.007258069   0.0037009030559099505    0.09051893   0.030255279046572173   0.08902225    0.01450338639696002    0.0897896   0.021335892959613856 
 0.001825  T17-0273    0.06083047    0.028991627821098785    0.05515124    0.028121724895883892     0.1362432    0.036658487731919605     0.1129546    0.031127905084147568     0.1982057   0.030665736310628515    0.3175464   0.033687750630341885    0.3661829   0.040076365157366754 
 0.001825  T17-0308    0.09653098     0.02704877885450846    0.04724371     0.02408966482135526     0.1165093    0.034358665763188474    0.09437233    0.027398419494720657     0.2465827   0.032723933113507304    0.3399639    0.03580096562572859    0.3970328    0.04243316173847172 
 0.001825  T17-0289   0.006542232    0.003335896863045115           0.0                    99.0    0.05463895    0.027860502322318688    0.01096521   0.0055911829566449535    0.04582321   0.023365339293642647   0.05887882    0.01170018024619809   0.07122481    0.01784241719893807 
 0.001825  T17-0188    0.03481492     0.01775219564441717    0.02327436    0.011867641580638338     0.1004606     0.03248941586419338    0.03155608    0.016090506769249502    0.01241551   0.006330690814959297    0.0563223   0.012017115599552167    0.1153766   0.020404516243008555 
 0.001825  T17-0156    0.02245093    0.011447768113927228           0.0                    99.0           0.0                    99.0    0.00967478     0.00493318920097172    0.04034825   0.020573656311835407   0.05925968    0.01217497869191663    0.0561692   0.017344612791622072 
 0.001825  T17-0259    0.06272462    0.023488914545085813           0.0                    99.0    0.08155834     0.03275025140936259    0.00681805    0.003476536999465129   0.009744894  0.0049689404663893245    0.0483057   0.011219968804970004   0.02408476   0.012280866122019896 
 0.001825  T17-0269    0.02923042    0.014904648197051281           0.0                    99.0           0.0                    99.0    0.02471429    0.012601859794555763    0.06312364    0.02328301656290473   0.04525737   0.010695610789793074   0.05830745   0.016133898297950963 
 0.001825  T17-0237           0.0                    99.0    0.02598537    0.013249985966889512           0.0                    99.0           0.0                    99.0    0.02418875   0.012333885923038407   0.05653107   0.012098194625374854    0.0826423   0.018544764647571023 
 0.001825  T17-0354    0.06435078    0.024681108682951904    0.08885677    0.030537429268272222     0.1751527      0.0363267024545485     0.1342799      0.0326219397132436     0.2434037    0.03371142618370513    0.3659516    0.03820947050988407    0.3883311   0.041817982435891146 
 0.001825  T17-0363           0.0                    99.0    0.02130887     0.01086543929716461           0.0                    99.0   0.007993925    0.004076117466229384    0.04109042   0.020952085340172323   0.04554217   0.011843852753457762   0.05973609   0.017836811891514724 
 0.001825  T17-0342    0.06250825    0.027347109475047357           0.0                    99.0           0.0                    99.0    0.03066634    0.015636826607047096     0.0506757    0.02033135898067318   0.07282309   0.012672021317180657    0.1144703   0.019089235734669946 
 0.001825  T17-0389    0.03994505    0.020368054039240593    0.02187613    0.011154686278092673     0.1078898     0.03417034992950467     0.0291969     0.01488755628364172     0.1738226    0.03178751896371436    0.2863714   0.030227584968362923    0.4068573   0.044280234886830715 
 0.001825  T17-0199    0.05590958    0.023819311097936145    0.07206904     0.03111505066448255      0.097836     0.03212615515421041     0.1615338    0.031819256944757526      0.200553    0.03054427151525471    0.3696538   0.038904189359245105    0.4615963   0.049382718341181873 
 0.001825  T17-0138    0.08665887    0.024070684004690625     0.1207272    0.030058946273593824     0.1789015     0.03857296030699355     0.1608191    0.032342588957819995     0.2951676    0.03611158796201712    0.3871343    0.04007647070258183    0.4352874    0.04628498900295538 
 0.001825  T17-0203     0.0292768    0.014928297449555324           0.0                    99.0   0.005850798    0.002983333317208964    0.02009655    0.010247265157685976    0.04994351    0.02326147133203962   0.04911055   0.011801272480962594   0.07465474   0.018143378654726244 
 0.001825  T17-0174     0.0112272    0.005724769227139553           0.0                    99.0           0.0                    99.0           0.0                    99.0    0.02226715    0.01135406813911318    0.1048644   0.015481108576171153    0.1215764    0.02225165809995291 
 0.001825  T17-0240    0.00934994    0.004767552651092172    0.03935466    0.020067017929080944    0.04449404    0.022687597819857793     0.0370932     0.01891389506215999    0.03471731    0.01770241921204164   0.04075904   0.013523554983853766   0.06401097   0.017656190636810905 
 0.001825  T17-0227  0.0009519552   0.0004854038140866122           0.0                    99.0  6.163195e-05  3.1426256473980874e-05           0.0                    99.0    0.05869546   0.023990931003854684    0.1472952   0.018106540805631538    0.2122469   0.028292082524639293 
 0.001825  T17-0242    0.01925573    0.009818535282428077    0.03387925    0.017275100588492243    0.01140463     0.00581524113036923    0.01388509    0.007080033505218531     0.1181308   0.024666125040443625     0.117121    0.01556019885623574    0.1027766   0.018358668672537232 
 0.001825  T17-0267     0.0430913    0.021972337956608076           0.0                    99.0           0.0                    99.0    0.02207959    0.011258430929116233   0.002695789  0.0013745875812625438   0.04172687   0.010597252861751389   0.07571454   0.017979691309411183 
 0.001825  T17-0152    0.04042742     0.02061402034642112    0.03402394     0.01734887339893101    0.08508196     0.03285416519608002     0.1386451     0.03072461667805963     0.1852756    0.02779760766102184     0.260252   0.027805835267575203     0.329694   0.037091001142876966 
 0.001825  T17-0183   0.005061181   0.0025807055777921687    0.03943507     0.02010801424208639           0.0                    99.0           0.0                    99.0    0.01761677   0.008982825399647596   0.03093326   0.010166680967970866   0.05401422   0.017155270536618885 
 0.001825  T17-0181    0.04189292    0.021361281656138147      0.010876    0.005545694603564191           0.0                    99.0    0.04694477     0.02393722492620916           0.0                   99.0   0.04127126   0.010858215463140156   0.03371999   0.014746737325171322 
 0.001825  T17-0300           0.0                    99.0           0.0                    99.0    0.04108662    0.020950147712757158    0.06886428     0.02547365019246523    0.09545573    0.02364703157359141   0.09945336   0.014010346053225133    0.1116545    0.02018402884070968 
 0.001825  T17-0395     0.0618202    0.028273644708646954    0.03954836    0.020165785937059234    0.01482343    0.007558497843999031    0.08776706     0.03295944036512963   0.002755236   0.001404900212855333   0.00628432   0.003204387030966141   0.03178469   0.015819235333632945 
 0.001825  T17-0398           0.0                    99.0    0.01510383    0.007701473370579489    0.02248306     0.01146415616652774   0.006401388    0.003264080232607869    0.07818116   0.023644125576875456    0.1226189   0.016297870443251167    0.1325975   0.020443630766576175 
 0.001825  T17-0201     0.1147188    0.023628608406050917     0.1557766     0.03189266898469302     0.1928035      0.0352128476528809     0.1604286    0.030385533923431397     0.2944359    0.03714098117380584     0.403958    0.04171925798948131    0.4502373    0.04772880694005456 
 0.001825  T17-0249     0.0735473     0.03750191178720626           0.0                    99.0    0.04624803     0.02358196564642585           0.0                    99.0   0.005074924   0.002587713650600035   0.09197189    0.01900690067033868   0.09120443   0.024766148618894073 
 0.001825  T17-0385    0.07893952     0.03241470734704239    0.04288243    0.021865839638931066    0.07293022     0.03718726149106148    0.03894214     0.01985667317610621    0.08535224    0.03170838904409645    0.1656628   0.022283207581012657     0.160512    0.02666159039049246 
 0.001825  T17-0423     0.0200735    0.010235516820610477  0.0006745952  0.00034397740885760275    0.06980553    0.035593971059765285     0.0526407     0.02684159565091837    0.01190218   0.006068945788010057   0.06210064   0.014942935477080668   0.06729168   0.024627474289263283 
 0.001825  T17-0433    0.02710376    0.013820260113173558    0.03201216     0.01632306285122544           0.0                    99.0           0.0                    99.0    0.03208089   0.016358103509439014   0.05467364     0.0166352445357108   0.08898255    0.02395257442057377 
 0.001825  T17-0352    0.01840674    0.009385633624743563           0.0                    99.0    0.09382524    0.044465420879130066     0.1153286    0.037137305545078256      0.101689   0.038992573623351665    0.2050607   0.025467071429029684    0.2472014    0.03472120219104892 
 0.001825  T17-0337    0.04146026     0.02114066747786304    0.04269753    0.021771558768124734    0.02790708    0.014229874548739493     0.1320193     0.04144429611354739     0.2428554      0.047665161702901    0.3910343    0.05457300426048487    0.3166041    0.05876592147646542 
 0.001825  T17-0322    0.04187752    0.021353429166087214     0.0542059    0.027639694185185915    0.05622445    0.028668951866198823    0.09359858    0.040179043084138576      0.133577    0.03577890036127578     0.175984    0.02461129926802118    0.1853916   0.027703320528109983 
 0.001825  T17-0406    0.05842727     0.02979217408269207     0.0209086     0.01066133594019061    0.01245885    0.006352791926692547    0.02582341    0.013167402246847364           0.0                   99.0   0.01985671   0.010124973215413955   0.07435904   0.023447548083217914 
 0.001825  T17-0390    0.04019085     0.02049339774469146  0.0002550405  0.00013004559959661267    0.05358302    0.027322086457723247    0.04837441    0.024666201151950434    0.01367026   0.006970493230169369   0.02197704   0.011206135581100918   0.06961991   0.022210795245667835 
 0.001825  T17-0220    0.01486828    0.007581364985356133           0.0                    99.0    0.01671156    0.008521256073676991    0.01164804    0.005939360286672295    0.06506698    0.03192474965278199    0.1107901   0.018222695149208858    0.1184613   0.024761877899571752 
 0.001825  T17-0235    0.01979295    0.010092465789317991    0.05059691    0.025799468044653186    0.06814289      0.0347461876793573    0.09473251     0.03998347237683842     0.1110056    0.03127945235603878    0.1595024   0.021415634563059296    0.2003694   0.030214070429579663 
 0.001825  T17-0136        0.0445     0.02269063683548789    0.00160921   0.0008205393191468645    0.04145395     0.02113744509364661    0.00692393    0.003530525418075049    0.02732589    0.01393351973072565   0.06364299   0.015543184950372978   0.04004798   0.020420543149997358 
 0.001825  T17-0130    0.04617677     0.02354562022756523    0.02580878     0.01315994728420232           0.0                    99.0    0.05896248     0.03006508360898243           0.0                   99.0   0.03287359   0.015059588177735173   0.07496977    0.02310926291551786 
 0.001825  T17-0114    0.01728233    0.008812294771615678    0.02956709    0.015076311984112063           0.0                    99.0    0.07329854     0.03737506857778613    0.07348588   0.034702696298671724    0.1202491     0.0194629228817385    0.1226491    0.02693940882514314 
 0.001825  T17-0167           0.0                    99.0     0.1007698      0.0431290495143401   0.005333654    0.002719640582475221    0.06123513    0.031223907375835733  1.639502e-05  8.359851709993725e-06   0.08174855   0.018208191169886288    0.1177095   0.025600346552642605 
 0.001825  T17-0185    0.02995664    0.015274949192167415    0.03447886    0.017580837994643373      0.035897    0.018303950347944017    0.02992452    0.015258571141489756    0.01551869   0.007913008352378379   0.06904197   0.017466827582569452    0.1599887   0.026494255819616827 
 0.001825  T17-0210    0.04133566    0.021077133694723676   0.007996608    0.004077486023455217    0.03409722    0.017386239013926618           0.0                    99.0    0.05693121    0.02902933016934151   0.08945782   0.017530863774601183   0.05129562    0.02475589718408008 
 0.001825  T17-0031    0.06679272    0.034057738264593906           0.0                    99.0           0.0                    99.0    0.05212877     0.02658056644786241    0.09490603    0.03746945490747909    0.1704364   0.023778740303254078    0.1773131   0.030471619885043853 
 0.001825  T17-0127     0.0456043    0.023253721560373943           0.0                    99.0           0.0                    99.0    0.06605251     0.03368030864408165    0.08874715   0.035532339703025814    0.1077426   0.019016739971816937   0.08288548    0.02306528000335578 
 0.001825  T17-0143           0.0                    99.0    0.05582301    0.028464256826845155    0.02508441    0.012790584704792858     0.0332154    0.016936597275178978    0.04163487   0.021229706360493282   0.08753448   0.016953324488276748    0.1374966    0.02889615154952645 
 0.001825  T17-0293    0.05770817     0.02942550358946961    0.08096911    0.041286312091727465     0.1498994     0.05387869693481832     0.1479212     0.04785183936398788     0.2414729    0.03883917351325206    0.3246115   0.035345612996050865     0.409992    0.04607348904391766 
 0.001825  T17-0253    0.02885903     0.01471528061423937    0.03626594    0.018492073573878515     0.1279001     0.04707932297187482    0.05102857    0.026019562515170177    0.08475536   0.029996296212820944     0.085076   0.019186575132693694    0.1360515    0.02997476069673618 
 0.001825  T17-0307    0.07194339     0.03650446495522187           0.0                    99.0           0.0                    99.0   0.006401283   0.0032640262026126404    0.06238933    0.03181243620809461    0.1306514    0.02153356368553984    0.1930293    0.02770155043345047 
 0.001825  T17-0396           0.0                    99.0    0.05946166    0.030319616465061955     0.1028935     0.05246561604379958    0.05486995     0.02797828967308268     0.1033777   0.033465658121689466    0.1138187   0.018671863102660644    0.1703491    0.02764722108430068 
 0.001825  T17-1696   0.002625274   0.0013386323354527784   0.009904783    0.005050468669780547   0.006639778   0.0033856357587924075    0.01387329    0.006481546624723532    0.01569254   0.005576841747937717   0.03090121    0.00392403158800869   0.03713416   0.008288150487674558 
 0.001825  T17-1870  0.0003380465  0.00017237061902920838   0.009281581    0.004732696753889543           0.0                    99.0           0.0                    99.0    0.00465791   0.002375077398255897   0.01929615   0.003304123184880673   0.02041072   0.006941306972395617 
 0.001825  T17-1542    0.01162155    0.005925852003400102   0.002912449   0.0014850639186247204     0.0154392    0.007520035491405609     0.0209768    0.006611792103998734    0.01574094   0.005624734866727497    0.0472166   0.005410891928122849   0.06001897   0.009041653385184206 
 0.001825  T17-1731   0.006428437   0.0032778730607805253    0.00814781    0.004154584218304643    0.02823126    0.007547978035932538    0.03711382    0.006951789695829988    0.04800831    0.00714627804754454   0.08199576   0.008612172305281926    0.1067497   0.013205883631366022 
 0.001825  T17-1927    0.01255007    0.006399305182695539           0.0                    99.0    0.01053554    0.005372094365785099    0.03039729    0.007066144220880083    0.01560434  0.0051467309141757156    0.0381156   0.004738000764488014   0.03297297   0.007729121145397127 
 0.001825  T17-1936    0.01285884    0.006556747608216745   0.001718572   0.0008763031182933505    0.03290696    0.008527514000954792    0.03346205    0.007876380360177763    0.06804204   0.008481816855937472     0.118362    0.01207524475750351    0.1716514   0.018393680845105585 
 0.001825  T17-1537    0.01985896   0.0073549665211281555    0.01666146    0.008495712927655925    0.01255609    0.006402372831281383    0.01701795    0.006210661924937954    0.03582151   0.006689455450408277   0.08173282   0.008587351280314787    0.1073539   0.012700143478504487 
 0.001825  T17-1847    0.04970184     0.00906405357731032    0.04444073     0.01674411188798704    0.05159716    0.008970006566446873    0.05778309     0.00900320665594798     0.1005786   0.011488636156805386    0.1382922   0.014165754172611638    0.1748563   0.019218839315653505 
 0.001825  T17-0887           0.0                    99.0           0.0                    99.0    0.01173366    0.005983018091747675    0.02011757    0.006406533255409981    0.02132479   0.005685870743870458   0.03873367   0.004591897082929124   0.04688287   0.008231742138138499 
 0.001825  T17-0975    0.02802959    0.007857169668250839    0.03755177      0.0173676256448983    0.04142922    0.008403665925079363    0.03102058   0.0069896171050566145    0.06231624   0.008564339141621203    0.1019008   0.010576757606140174    0.1205266   0.013996456034902585 
 0.001825  T17-1011           0.0                    99.0  1.194652e-05  6.0915528793719755e-06   0.002191766   0.0011175857603229204    0.01082694   0.0055206768526691544    0.02003895   0.005471303237703153   0.02212353   0.003357842464564709   0.03339538   0.008381856651395798 
 0.001825  T17-0836   0.007661902    0.003906818780923559    0.01093904    0.005577836861416529   0.005088568    0.002594670752824381    0.00884218    0.004508644836269985     0.0315229  0.0057743843745740545   0.05603685   0.006660705206241304   0.04771421    0.00892989301826405 
 0.001825  T17-0769   0.009769223    0.004981346361254284           0.0                    99.0   0.006748845    0.003441249725211649    0.01135707   0.0057909931353045995    0.01398215   0.005616738960670061   0.03075789  0.0038817505356275794   0.02843988   0.007877942292663993 
 0.001825  T17-0713   0.006532418    0.003330892685294475           0.0                    99.0   0.009908072    0.005052145247008229    0.01806378    0.006799505969441309    0.02642343   0.006049613163466322   0.02540352    0.00363609550670826   0.04170793   0.008178169847910045 
 0.001825  T17-0734           0.0                    99.0    0.00422418    0.002153917624892837   0.005614185    0.002862683396501655           0.0                    99.0    0.01056682   0.004729372258949384   0.03156819   0.004013724009792652   0.03780749   0.007800634775379309 
 0.001825  T17-0822    0.01254159    0.006352582644474765    0.01716998    0.008755006306799784    0.03401669    0.008159247360334285    0.02448774    0.006611463201559546    0.03929877   0.006290534361618098   0.05314462  0.0059280447395899435   0.05574363   0.008923829202328898 
 0.001825  T17-0850    0.01066424    0.005437715805182999  0.0005362527  0.00027343634718071577   0.008039033   0.0040991181234512975    0.01384817    0.006981419651997579    0.01197222   0.005049923283318272   0.02606461  0.0034978434731888735   0.03003281   0.007580381761432401 
 0.001825  T17-0904    0.00771665    0.003934734892956576    0.01079847   0.0055061599441139555     0.0129839    0.006620514965673063    0.01951085    0.006906513463018877    0.02688191     0.0055521526301676   0.05718897  0.0063640165207461555   0.06865046   0.009309931165238549 
 0.001825  T17-0949   0.009462703    0.004825051215123638   0.005579631   0.0028450642444743865   0.006597186    0.003363918014880113   0.001181973   0.0006026903391539804    0.01872629   0.005565920820203697   0.04074894  0.0048417930522959155    0.0549815    0.00905894973753078 
 0.001825  T17-0947    0.01615586    0.007328990469390788           0.0                    99.0     0.0124938    0.006370613980473233    0.01494073    0.006563970772449402    0.02674435   0.006104617623506406   0.04447074   0.005072264433650616   0.05310471   0.008375916274677356 
 0.001825  T17-0808   0.008501751    0.004335059915161036    0.01474241   0.0075171826461578675   0.001212656   0.0006183354646114033   0.003848829    0.001962524927257845   0.009188481   0.004685223901637318   0.02006893  0.0030697844940400947   0.03193683   0.007052165230141023 
 0.001825  T17-0792     0.0113236    0.005773925736411925           0.0                    99.0    0.02615427    0.008830007701610743    0.01591948    0.007921587055333862     0.0468947   0.007267349390962567    0.0585384  0.0068324444879108975   0.07011538   0.010368704251619102 
 0.001825  T17-0780    0.01585711    0.006936387905944274    0.03924457     0.01590974844055521    0.05278502    0.009691641254987103     0.0455983    0.008072237025441523    0.08660115   0.010248272688602164    0.1356894   0.013869244091825083    0.1701169    0.01814034766885522 
 0.001825  T17-0723    0.02517309    0.007386726637479216    0.01473033    0.007511025972327483    0.02677772    0.007776401542792463    0.03858917    0.007547547191579129     0.0425459   0.006570000469938264   0.09740636   0.010515647210886499   0.07539393   0.010434170883484944 
 0.001825  T17-0721   0.007111492    0.003626163647875898           0.0                    99.0   0.004059612    0.002070004080561543   0.009458037    0.004822671032037919     0.0152641   0.005420193517493264   0.03592909   0.004423876708601405   0.04197203   0.008503740441871036 
 0.001825  T17-0831   0.009871782    0.005033640905193401           0.0                    99.0   0.004533607   0.0023116955462864244   0.009900687    0.005048379130807104    0.01691197  0.0056902638973103875   0.02391598  0.0035132596323397447   0.02115025   0.007327826383324457 
 0.001825  T17-0848   0.004202416   0.0021428201188234534    0.01564111     0.00797543054926378   0.003409598   0.0017385606735506932   0.002686559   0.0013698821668321733           0.0                   99.0   0.01496022    0.00294394921890392  0.008145247   0.004153276849312972 
 0.001825  T17-0849   0.002345957   0.0011962075618146251    0.01578941    0.008051052930973067    0.01017269    0.005187074481573019    0.01466141    0.006984161675276568    0.03363961   0.006215786866177524   0.04041939   0.004927892828178186   0.04850378   0.008365711382867867 
 0.001825  T17-0774    0.01707815    0.008081610525286777   0.003252552    0.001658482611697524    0.01702026    0.007350363538897719   0.006971596   0.0035548304044885405    0.01573221   0.005474069465374092   0.01991124  0.0032934515831558844   0.02505184   0.007235775553076532 
 0.001825  T17-0741    0.00561207    0.002861605444164866    0.01622356    0.008272426863155696   0.002253699   0.0011491660081667965    0.01680991    0.006723985157989642    0.01674984   0.005453858989619736   0.03241258   0.004233177387813201   0.04586782   0.007992491096299325 
 0.001825  T17-0750   0.004411605     0.00224948648841669    0.01361432    0.006941966373268311   0.003154645   0.0016085591510554562   0.001231842   0.0006281185415082491    0.01710384  0.0057226555330143715   0.02412488  0.0035832777890240385   0.02203778   0.006596676795903601 
 0.001825  T17-0743   0.001949183   0.0009938923133144002    0.04703731    0.017143812698710313     0.0131014    0.006680427464377111   0.007969413    0.004063618749597665    0.02250208   0.005402676258357982   0.02310936   0.003565669863235378    0.0277953   0.007608613075225997 
 0.001825  T17-0807    0.02316974    0.007564837007325736     0.0217992    0.011115454618071185    0.02956159    0.007921990677098591    0.03519505    0.006851713807905363     0.0623354   0.008057463131187695   0.09592038    0.00995500091355596    0.1075306   0.013050439433374496 
 0.001825  T17-0715     0.0230517    0.007350643590517839   0.008759625    0.004466550370965858    0.02274015   0.0077497303420163595    0.03385655   0.0069470656585895315    0.04645729  0.0070917518594255675   0.08707606   0.009243286697431654    0.1129484   0.013060811664358728 
 0.001825  T17-0795   0.000772988  0.00039414808957730595    0.02300586     0.01173073290669837           0.0                    99.0  0.0003671586  0.00018721488659834078    0.01249173  0.0062011480534380084   0.01868965   0.004209217738549646   0.02196249   0.008223047830269566 
 0.001825  T17-0824    0.01880559   0.0069316329940903535    0.03703912    0.016496715699939914    0.02140866    0.007851339633313541    0.01497837    0.006473135279400393    0.03397446   0.006117989303544098   0.06858116   0.007329011778627798    0.1041736   0.012151627604238865 
 0.001825  T17-0813   0.001099486   0.0005606302530083441    0.02109745    0.010757635826608233   0.009974716   0.0050861271526546166    0.01376909    0.007020884878860855    0.01993973   0.005539738293306733   0.02183541   0.003629505546458085   0.01979267   0.006966210476201893 
 0.001825  T17-0860    0.02656204    0.008135393638314007    0.05473019     0.01774655825071332    0.05348922     0.00898510292746327    0.05189381     0.00844413280864542    0.08301925   0.009928164394061271    0.1284045   0.013494089240649034    0.1290066   0.014768461998512948 
 0.001825  T17-0853     0.1077547    0.012959183764171106       0.10465    0.021117171154262118     0.1342613    0.016519376839077317     0.1385333     0.01618626652416684     0.2160925   0.023196226425954803    0.2239515   0.024192712774341037    0.1918803   0.020921479213951127 
 0.001825  T17-0767           0.0                    99.0           0.0                    99.0    0.00478052    0.002437596476512058    0.01655531    0.006108116852212718    0.02185996  0.0056817994335788555   0.04294026   0.004890236571963058   0.06090912   0.008995592420768351 
 0.001825  T17-1028    0.02088469     0.00723948095332787    0.01112974   0.0056750761441214164    0.01855944    0.008524323982582783   0.008665388    0.004418498250485275    0.03593904  0.0059862590026861515   0.04766211   0.005896972141953021   0.04596918    0.01150067037605739 
 0.001825  T17-1076    0.01342067    0.006843226802129607    0.01383779   0.0070559151429192375   0.008329323    0.004247137560911383    0.01936611    0.007477594500022383    0.02540991   0.006308230435415703   0.03072948   0.003959438026409809   0.04125611   0.007929980549282704 
 0.001825  T17-1141     0.0130577   0.0066581486714254135  0.0005932714    0.000302510244545651   0.008906846    0.004541618155856584    0.02584815   0.0072642839148294586    0.02753192   0.006304389890474177   0.04827444   0.005465255041782771   0.06106529   0.009207684222502257 
 0.001825  T17-1302    0.02303241    0.007212963794614319           0.0                    99.0    0.01198991    0.006113680466783491    0.01770749    0.007473915685596206    0.02971089  0.0056706685995925555   0.03129059   0.004139921920539323   0.04720194   0.007925882964734024 
 0.001825  T17-1051    0.01435847    0.007321409910372318    0.00746892   0.0038084168825463422   0.001603181   0.0008174652183401873   0.009841937    0.005018423371745422    0.01862923    0.00615043414720896   0.04636184   0.005629421803832522   0.06435004    0.00975302790552616 
 0.001825  T17-1129    0.01655245   0.0077018211085967195   0.008451248    0.004309307846621199    0.01029726    0.005250591006492507    0.01589232    0.006987195749479543    0.02696099   0.005963404188810448   0.03678831   0.004437734908113598   0.04453426   0.008003425818990079 
 0.001825  T17-1886    0.02492182    0.007592023182667779   0.008893306    0.004534714083435179    0.03919692    0.008942559940328497    0.03773771    0.007678521808533528    0.08797038   0.010263688029572412    0.1528276   0.015576357321199365    0.2492595   0.026053573195535466 
 0.001825  T17-1959     0.0145183   0.0074029095004194126           0.0                    99.0    0.01734747    0.007393711749519655   0.005468711    0.002788505920029615    0.01117315   0.005697209026668585   0.02227359  0.0035299184336237857    0.0221104   0.007207145567677956 
 0.001825  T17-1473    0.01202825    0.006133226185275902    0.01471548   0.0075034539283497965    0.02637691    0.009368700625361928    0.02928479   0.0071660937684541225    0.03092227  0.0062046691017092126   0.05939736   0.006609009959919944   0.08639667   0.010886794522055149 
 0.001825  T17-1694    0.02084669    0.008124560331039275    0.01337574    0.006820313965713015    0.06318552    0.010278343945281895    0.06283114     0.00902563514327363     0.1022799   0.011456191117980007    0.1650711   0.016764970361013737    0.2000088   0.020942848484828896 
 0.001825  T17-1792   0.005721909   0.0029176120743098816   0.003199026   0.0016311895998490675    0.01044662    0.005326751923108866     0.0173618    0.007138108538850401    0.02329173   0.006159948648268506    0.0480493   0.005711208540771472   0.06952689   0.011515904140480938 
 0.001825  T17-1849           0.0                    99.0   0.003490848   0.0017799902070986346   0.003996263   0.0020377027921352248           0.0                    99.0    0.01165309   0.005107740423184895    0.0198166  0.0031801093418436103   0.02721772   0.007324883494405082 
 0.001825  T17-1018     0.0213193    0.007390713292241081    0.02117155    0.010795419561203954    0.02885653    0.008211176498700354    0.02888824    0.006760782528916308    0.09039336   0.010317678009311252    0.1380632   0.014112744136107478     0.156883   0.016907874219757965 
 0.001825  T17-0971    0.02183246    0.007928327887576107    0.01323722    0.006749683327991396     0.0379118    0.009197253299707255    0.03474423    0.008158353583380044    0.06154403   0.008559418700439534   0.08994154   0.009509945132535993   0.09742294    0.01280279320458489 
 0.001825  T17-1116    0.00450851   0.0022988980467228207     0.0184119    0.009388261777070557   0.009329925    0.004757347453826055    0.02108683   0.0070330209773020015    0.03293029   0.006718591355912414   0.03580355   0.004288761524968485   0.03515534   0.007855903796836873 
 0.001825  T17-1127   0.008104255   0.0041323749485228526    0.01964563    0.010017343111521039   0.005955185   0.0030365599619151685  0.0003432471  0.00017502241511744746    0.01422577   0.005352227846836306   0.03144326   0.004127416217523501   0.04060683   0.008211712655095342 
 0.001825  T17-1100   0.006118123    0.003119643346646422           0.0                    99.0    0.01157138    0.005900267280758389  6.213791e-05  3.1684246465290624e-05    0.01847723    0.00546216843287215    0.0322571  0.0042117344776274775   0.05069587   0.008711076948498675 
 0.001825  T17-1169   0.006742826   0.0034381801350760787   0.002355995   0.0012013269381830453   0.008784997    0.004479487603275747    0.00521752   0.0026604236292560625    0.01722959   0.005417321416758008   0.02195665  0.0036462771947269727   0.02476291   0.007119789807024151 
 0.001825  T17-0969   0.005583902   0.0028472425259989777  0.0005798405  0.00029566185145617365           0.0                    99.0   0.003562323   0.0018164349587817038    0.01102603   0.005622193232165273   0.01713484   0.003932515128024938   0.02577783   0.009046828050686606 
 0.001825  T17-1132   0.002994952   0.0015271318690273739   0.007275635   0.0037098609741682033           0.0                    99.0     0.0102901    0.005246943050262792     0.0159837   0.005308265160081587   0.02365506  0.0034257351853225607   0.02711407   0.006750779118088372 
 0.001825  T17-1241     0.0336488     0.00778422566180195    0.03604905    0.016447302056064546    0.03631785    0.007953975347656354    0.03796268    0.007138365571587099    0.06554013   0.008803958507400237    0.1107233   0.011380142514202052    0.1244932   0.014335465776055168 
 0.001825  T17-1309    0.02177481      0.0074575393206779    0.03160352      0.0159776740724019    0.04350913    0.008428539360254837    0.04812741    0.007841024868955652    0.09181493    0.01058464048253435    0.1341794   0.013729507671424349    0.1610496    0.01788118112179942 
 0.001825  T17-1242    0.01747007    0.007382771227045099    0.01731675    0.008829843635620113    0.01079068    0.005502186827332203    0.01413465    0.006164098257501173    0.03304271   0.006113047954503956   0.03442471   0.004262002450572031   0.04481673   0.007489083047041874 
 0.001825  T17-1271           0.0                    99.0    0.01341725    0.006841479995713939   0.002511971    0.001280858424367584   0.009364732    0.004775095120756679    0.01722957   0.005449576505139643   0.02483674   0.003689003828667707   0.03142376   0.007426225630513794 
 0.001825  T17-1572    0.01501831    0.007657867536279927           0.0                    99.0    0.01359881    0.006934057794002729    0.01192488    0.006080517620563894    0.01523654   0.005883120916500442   0.01486854    0.00305889172740259   0.02518122   0.007289517056585093 
 0.001825  T17-1916   0.002032701   0.0010364777161396236           0.0                    99.0           0.0                    99.0    0.01712976    0.006955138544817134   0.004898495  0.0024977516689333326    0.0210434  0.0034318918540713083    0.0355803   0.008072819345370984 
 0.001825  T17-1960   0.002689622   0.0013714435062188452           0.0                    99.0   0.009528297    0.004858496743140423   0.002823901   0.0014399121400550834   0.002596808  0.0013241174665053852   0.02924811  0.0039049209749681237   0.02738936   0.007172565080258039 
 0.001825  T17-1922    0.05102176     0.00869092497159307    0.05373897     0.01909354497877775    0.09999718      0.0123180588140345      0.107032    0.012659372028315189     0.1608855    0.01712139461137033    0.2413842   0.024295788911307573    0.2892335   0.029831255664377068 
 0.001825  T17-1894    0.01522968    0.007765642569996703    0.01257895    0.006414033112212159           0.0                    99.0   0.001062897    0.000541973254393923     0.0100406   0.005119719571656635   0.01379312  0.0029580872041946294  0.004512965  0.0023011691696257905 
 0.001825  T17-0946  0.0002946581  0.00015024678920285152           0.0                    99.0   0.009531538    0.004860149825655115    0.01479907   0.0062405075097072835    0.02022056   0.005570288269763065   0.03537196   0.004423622308572128    0.0494341   0.008412186009010737 
 0.001825  T17-1096    0.05207066     0.00914463547528167    0.04804421    0.019494721293471753     0.1303401      0.0157490734678901     0.1219708    0.014436521385530659     0.2440073   0.025966118608997172    0.4317038    0.04440241653859507    0.5978693    0.06169788116730834 
 0.001825  T17-0952    0.02058762    0.007621222204760402    0.02577919    0.013144864188365012     0.0370512    0.008071903741729333    0.03642352    0.007043597466847463    0.05188353   0.007635537522703493   0.07253922   0.007744796646843931   0.09792582   0.012317594324004547 
 0.001825  T17-0917   0.008061765    0.004110709214609597   0.004575945    0.002333282794522398           0.0                    99.0   0.006449948   0.0032888410713658753    0.01297225   0.005918577541283125   0.01993569   0.003346741319176312    0.0243575    0.00679494270710828 
 0.001825  T17-0921    0.06924314    0.009594314887081672    0.09859512    0.020294467803789386     0.1399623    0.015890911632667776     0.1657733    0.017713598448118355     0.2672566   0.027533095273663388    0.3872952    0.03896222838132342    0.4213471    0.04274067907377351 
 0.001825  T17-0967   0.005835072    0.002975314599121888   0.002071412   0.0010562170208690258    0.01751945    0.008203054881687006   0.006900558     0.00351860798966788    0.00992944  0.0050630408319048735   0.01945714  0.0033183963703218152   0.03469158   0.007561157932124748 
 0.001825  T17-0895    0.05022742      0.0085336922626055    0.06113316    0.017719840014115706    0.09279132    0.011574172595158281    0.08320497    0.010278172404561914     0.1489852    0.01594601775207541    0.1912258   0.019368478545756993    0.2281677   0.023781393635826077 
 0.001825  T17-0985    0.06381595    0.009588729812939824    0.03393178    0.016421882145164848    0.08390809    0.011518554929986054    0.09300202    0.011534079201460904     0.1632307   0.017379525142222848    0.2380567    0.02419400477202772    0.2601858    0.02774181578358506 
 0.001825  T17-2793    0.04314547    0.019728819716415096  0.0008689543   0.0004430815422410698           0.0                    99.0    0.03787086    0.019310425413654044     0.0322997   0.016469680058319287    0.0670931   0.011937942403622158    0.1027742    0.01709256191354883 
 0.001825  T17-2864    0.02705785    0.013796845611683308    0.02566533    0.013086806752183246   0.009632869    0.004911818209997964    0.05234646     0.02456654807583304     0.1023769   0.028492945951033216    0.0864751   0.013490433130025885    0.1463774   0.019983210735127127 
 0.001825  T17-2623   0.008414146   0.0042903894644218685           0.0                    99.0    0.01762993    0.008989536689908163           0.0                    99.0    0.03585812   0.018284125360075173   0.04105193    0.01008945988176622   0.06087415   0.014502799536869598 
 0.001825  T17-2827           0.0                    99.0    0.01929681    0.009839482054589916    0.02197909     0.01120717597719787    0.07178917     0.02712158911615964    0.02519462   0.012846785901755507    0.1658888   0.019684703721278105    0.1829081   0.022572208887614433 
 0.001825  T17-2875   0.008770582   0.0044721368763565635    0.05494587    0.028017011235036634           0.0                    99.0           0.0                    99.0           0.0                   99.0   0.05247095   0.010858421617950236   0.08592091   0.015265481435142522 
 0.001825  T17-2747   0.004116314   0.0020989165410075176   0.008102771    0.004131618254027036    0.03116615    0.015891685604259385    0.02308576    0.011771474072611978           0.0                   99.0    0.0274214   0.009339290001028773   0.06117424    0.01524803198658358 
 0.001825  T17-2839    0.01979513    0.010093576394991272   0.009007352    0.004592866361379899           0.0                    99.0           0.0                    99.0    0.02452039   0.012502999611993956   0.08440202   0.013228878189994192    0.1409646    0.01956639867987208 
 0.001825  T17-2554           0.0                    99.0   0.008113568    0.004137124155686198    0.03422742    0.017452628247993596   0.002457225   0.0012529433321384691    0.00395815   0.002018268408772728   0.05799613   0.011329571434818265   0.09773349   0.015876200139324934 
 0.001825  T17-2587   0.005831953    0.002973724705225938           0.0                    99.0           0.0                    99.0    0.02991519    0.015253818659186983    0.03931387   0.020046223931388402   0.05272603   0.010018197526871688   0.06803933   0.014009535411475605 
 0.001825  T17-2468    0.04599514    0.020346011440235554     0.0506606    0.025831938797031863     0.0391999    0.019988105503088584    0.05658095     0.02408839920211854      0.151477    0.02666840740762185    0.1801295    0.02003968289563857    0.2072544   0.024412943111278083 
 0.001825  T17-2527           0.0                    99.0     0.0562422        0.02711353567959    0.06487431    0.029965374150440052    0.02802385     0.01428942070250313           0.0                   99.0   0.04259213     0.0103117828593669   0.07928427    0.01513961824004585 
 0.001825  T17-2455    0.05677822    0.023661718847617218    0.05439661    0.027736942489233037    0.06521818     0.03325487724610067    0.06932717    0.026289665608601586    0.09312939   0.026543970890620733    0.1633301   0.018853525651279766    0.2197348   0.027025816954817483 
 0.001825  T17-2446   0.006871772   0.0035039299520960515    0.03219599    0.016416803029847226           0.0                    99.0   0.002172109   0.0011075631079553933    0.04251073    0.02167630908361082   0.02991426   0.010294997278284826   0.04839372   0.014241266364705213 
 0.001825  T17-2452    0.01563652    0.007973092060468387    0.02363455    0.012051298261595096     0.0444589    0.022669679865287028    0.01407123    0.007174949596186583    0.03729892   0.019018792091593618   0.05798646    0.01134606330774886   0.06968299   0.016690240870454835 
 0.001825  T17-2436   0.003643495   0.0018578257005581148    0.03121253     0.01591532505095667    0.01592996    0.008122719650236613    0.04755775    0.024249784624353368           0.0                   99.0    0.0507686    0.01086540496029674   0.03816662   0.014980154229724874 
 0.001825  T17-2425    0.01647638    0.008401336352175647   0.004765051   0.0024297083129361454    0.06566091    0.030200694581634727   0.008266179    0.004214940312094753    0.03363707   0.017151612533912054   0.03626769   0.010133722010168081   0.04339663   0.014539579200897424 
 0.001825  T17-2456    0.02088892    0.010651301069787858    0.02285436     0.01165348276106744    0.02501981    0.012757645038735048    0.07436987    0.027759809258022093     0.1294088    0.02920262533980293     0.168097   0.019701686110797725    0.1789826    0.02265376673231187 
 0.001825  T17-2491   0.005183793    0.002643225675852232     0.0156553     0.00798266605795357    0.04045352      0.0206273287873516    0.01106487    0.005641996843375402    0.07445264   0.027536468977561304   0.05021466   0.011373007883825456   0.05737176   0.016929456494261003 
 0.001825  T17-2486   0.005342684   0.0027242449970959954           0.0                    99.0           0.0                    99.0           0.0                    99.0   0.004763712   0.002429026044513611   0.05208156   0.010610125400221998   0.05850294   0.014837785908417604 
 0.001825  T17-2513    0.01197728    0.006107236482815121     0.0482407    0.024598027064937546    0.01209021    0.006164819710182123    0.04684579    0.023886764636870374       0.06969   0.026030403151486147    0.0454309   0.011593479595690848   0.07122933   0.014810873771742469 
 0.001825  T17-2512   0.002355527    0.001201088304069809           0.0                    99.0           0.0                    99.0    0.05771508    0.027901130658504934     0.0121627  0.0062017854443781745   0.04159055    0.01021900356058975   0.07773374   0.015367105772573964 
 0.001825  T17-2617   0.005683889    0.002898225602119202    0.02070351    0.010556765051889759    0.04693274    0.023931095708637665           0.0                    99.0    0.03410128   0.017388309215849135   0.07925877   0.014157894478488989    0.1151231    0.01861021922803974 
 0.001825  T17-2619    0.02617148     0.01334488872196033     0.0359014        0.01830619391653    0.04038724    0.020593532486015503    0.03169362    0.016160638683639456    0.03822716    0.01949210347892336   0.07463065   0.011495138539331921   0.08960739    0.01575507822710573 
 0.001825  T17-2599    0.04556043     0.01983540409275165    0.01176406    0.005998518130488313    0.06290057    0.029743487806100498           0.0                    99.0   0.003191853   0.001627532563442308   0.03127365   0.011679361929494479   0.06169857   0.015131334412088348 
 0.001825  T17-2603     0.0610262    0.022584739755170967    0.06205545     0.02677276629230952    0.07740885    0.029939223604215675    0.09408466      0.0258347461937534       0.12402   0.029735886204140614    0.1469946    0.01826903895928026    0.2071403     0.0244371743129397 
 0.001825  T17-2592    0.01334567   0.0068049821946163085           0.0                    99.0           0.0                    99.0           0.0                    99.0    0.04246682   0.021653914386023237    0.0434512    0.01020907447036454   0.05173752   0.014701643962411278 
 0.001825  T17-2682    0.04555647    0.020052446464175113    0.02297216    0.011713549210937563     0.0309505     0.01578172034554535    0.03285271     0.01675165603353713     0.0154247    0.00786508266797012   0.03630067    0.01069534679406839   0.04263608   0.013451832833133335 
 0.001825  T17-2569    0.01150597    0.005866917535861996    0.04598436    0.023447514896007556    0.01641352     0.00836928489609387           0.0                    99.0    0.03731028   0.019024584577761062   0.05052445   0.010591164542562115   0.03917984   0.013357420755383728 
 0.001825  T17-2597    0.06189094    0.023716408910139326     0.1123524    0.029998905430673635     0.1045011    0.029922529891513186     0.1318894    0.029956078231257177     0.2665874   0.037223703920045356    0.3596623   0.037420376693681215    0.4273395     0.0450044912134178 
 0.001825  T17-2688   0.005733567    0.002923557491839504           0.0                    99.0    0.01839414    0.009379208860156436    0.01215806    0.006199416557581851    0.05176187   0.026393483421908694    0.0481096   0.011038659572010046   0.06514715     0.0147695088691576 
 0.001825  T17-2739    0.04022253     0.02050955143851052    0.05910458    0.029817479243594083    0.03020589     0.01540203735064037     0.0154893    0.007898023314608598    0.07688746   0.025601515313647277    0.1378454   0.016826660578147287    0.1863029   0.022713003962598167 
 0.001825  T17-2834    0.01717621     0.00875818103479541           0.0                    99.0    0.02947122    0.015027432586938595           0.0                    99.0    0.05854678   0.026143033952175175    0.1019745   0.014777019887396105     0.159465    0.02228120459470044 
 0.001825  T17-2808    0.04021601      0.0205062170719809    0.02425352     0.01236691717533129    0.04059265     0.02069827634874762    0.01967133    0.010030450533412994    0.01966337   0.010026388772138153   0.08654766    0.01354689132043422    0.1204633      0.018423319693565 
 0.001825  T17-2791    0.05948551     0.02189861443195895    0.04670628    0.023815623312732844    0.04473019    0.022808016068574685    0.07976596    0.025680837777549547    0.08319146    0.02880540776263749    0.1807521   0.022495800125145585    0.2490066    0.03011017662526243 
 0.001825  T17-2704    0.01288738    0.006571300209908539     0.0824333    0.029522183619280263    0.05584702    0.028476504475600652    0.07310231     0.02802717163208341     0.1274049   0.028604578189102878    0.1702988   0.019438492788475373    0.2078226   0.024865044228725996 
 0.001825  T17-2796    0.04115715    0.020986106194483174    0.02609875    0.013307808455941383    0.05372518     0.02739457411912848    0.05510178    0.026309516931190206    0.08270537   0.027788519691794827    0.1702085    0.02020303242156731    0.2769923     0.0311784380436689 
 0.001825  T17-2783           0.0                    99.0    0.02408251    0.012279713939725998           0.0                    99.0           0.0                    99.0    0.02562283   0.013065135919250476   0.03848579    0.00963591557494341   0.06172642    0.01447975499260136 
 0.001825  T17-2558    0.08734954    0.023699766305831288           0.0                    99.0    0.04134913    0.021084006976911884    0.02673603    0.013632758771503623     0.0737631   0.027349378870286982   0.07059424   0.012983755112515639   0.07374793    0.01575204646811801 
 0.001825  T17-2549    0.01162758    0.005928926712166798    0.08114927     0.02833147830821627           0.0                    99.0    0.04328678    0.022072013590059787    0.05689762    0.02484758054888934    0.0486735   0.010511596134413699   0.04408745   0.013753671198742719 
 0.001825  T17-2562    0.05262057     0.02583184994381256    0.02694585    0.013739736593131071    0.03940853     0.02009449125010407   0.009778097     0.00498587025058997    0.07394942   0.025119848965974377    0.1007481   0.013668781440850571    0.1357141   0.019404155105237127 
 0.001825  T17-2529    0.04965314     0.02408342107007839    0.09993683     0.03062893987947655     0.1370299     0.03420721625567623     0.1633568    0.032335088939571516     0.2566161    0.03562761169659987    0.3528422    0.03682787812845046    0.4525007   0.047736479799283485 
 0.001825  T17-2537    0.08090418    0.028014253067878216    0.08564303     0.02827595434019352     0.1042774     0.03187469430818906     0.1010188     0.02800111817414619     0.2000777   0.031919042488386146    0.2241971   0.025991432966825823    0.2694885    0.03252995518614343 
 0.001825  T17-2606   0.007201377   0.0036719966750641654     0.0230401    0.011748191949512913           0.0                    99.0    0.05714215    0.024556802879540835    0.04505085   0.022971511422490792   0.02360373   0.009987585496606525   0.04604918    0.01623980866110263 
 0.001825  T17-2789           0.0                    99.0    0.03495796    0.017825132019539603     0.0293872    0.014984590624985387    0.01708406    0.008711197492300355    0.05724347    0.02810776490389282    0.0698773   0.012095383392331804   0.06631003   0.014148178492898265 
 0.001825  T17-2424    0.00263936   0.0013458148143396253   0.005139293     0.00262053601959742    0.02426642    0.012373494910503822   0.006173246   0.0031477501816208607    0.01327425   0.006768567938992265   0.02062662   0.009806550947393685   0.03911978   0.013054372738132002 
 0.001825  T17-2484    0.03931387    0.020046214125581642   0.008764832   0.0044692049401362476    0.07235964     0.03530529522439511           0.0                    99.0    0.03106257   0.015838869960137593   0.02682983    0.01101587304759768    0.0445532   0.015080905565492412 
 0.001825  T17-2514    0.03652065     0.01862195560281264    0.04790777    0.024428260505368143     0.0327587    0.016703725053993198    0.01376486   0.0070187309353486405    0.01817976   0.009269895099243357   0.06376481   0.011004504376496473   0.07639446   0.015154201125094519 
 0.001825  T17-2494    0.04821426    0.021269873188093435    0.07992212    0.030592355555887553     0.1799561     0.03784277210368844     0.1479485     0.03141760502462592     0.2708771     0.0371106700735112     0.351907   0.036539653922934144     0.387338    0.04112673129007945 
 0.001825  T17-2482           0.0                    99.0    0.01316981    0.006715312798611617           0.0                    99.0    0.06831905     0.03060340275027313     0.0235331   0.011999573611533037   0.06058649   0.012622513941430248    0.0535885    0.01490402591471848 
 0.001825  T17-2487    0.07312434    0.020865738496560718     0.1248645    0.028067986668434203     0.1189597     0.03157397242672198     0.1543277    0.027837628568098252     0.1802362    0.02834090380928068    0.3201278    0.03352418732467649    0.4143604    0.04376387945398009 
 0.001825  T17-2453    0.02073825    0.010574479045679982           0.0                    99.0     0.0441405     0.02250732708397423    0.02721971     0.01387938814733708    0.05766031    0.02262831393001832    0.1294019   0.015765809528419054    0.1737152   0.021393641192391722 
 0.001825  T17-2432    0.05008906     0.02090420785331116           0.0                    99.0     0.0401629    0.020479141082247566           0.0                    99.0     0.0522579   0.026581013476383853   0.03831361    0.00998765246265713   0.05210849   0.013459211525408946 
 0.001825  T17-2524    0.03174723     0.01618796962434848           0.0                    99.0    0.04849473     0.02472755255473798     0.0716576       0.026396570019351    0.04905007   0.025010731310212607   0.09579178   0.013425617365139118   0.09238272   0.014874168126456148 
 0.001825  T17-2580    0.01021526    0.005208782968803749  0.0002435145   0.0001241685677633132           0.0                    99.0    0.01929157    0.009836811148945475    0.06557046   0.025083151076563646   0.01350109   0.006884234097638604   0.04286773   0.014572798030386237 
 0.001825  T17-2581   0.002486062   0.0012676478650001505    0.02907319    0.014824471410335716    0.04203391    0.021433167829356933           0.0                    99.0    0.01652715   0.008427225054826825   0.05224414   0.010220188066278429   0.04289804    0.01459557694040616 
 0.001825  T17-2633   0.001569415    0.000800247770992522           0.0                    99.0    0.04477458    0.022830645713292123           0.0                    99.0    0.04065286   0.020728972642335558   0.04509994    0.00984762653481335   0.06984212   0.014376152890569994 
 0.001825  T17-2994   0.009514949    0.004851690571893679    0.03408369    0.017379335137621375     0.1090316     0.03143496221686929           0.0                    99.0    0.01136686   0.005795983114247056   0.05784013   0.010898133273473673   0.08457922    0.01676364532820007 
 0.001825  T17-2946     0.0674355     0.02317320058357498    0.01240592    0.006325801835826428    0.03528612    0.017992461443897663           0.0                    99.0    0.03107319    0.01584427531305427   0.03226048   0.010080979145028772   0.05185737   0.014124994389735843 
 0.001825  T17-3011     0.0027679   0.0014113576111673468   0.009336165    0.004760528261421862    0.01417673    0.007228742290893624    0.03978935     0.02028867211122071    0.07968992    0.02502302485169337   0.09852845   0.013802168848225448    0.1160182    0.01794402231230501 
 0.001825  T17-2983    0.03623504    0.018476317603581514     0.0737373    0.028404637400174643    0.09675869     0.03163036919088301     0.1389604     0.02984137636892776     0.2020303    0.03224560966303785    0.3882102    0.04033965675241673    0.5563671   0.058027730593648075 
 0.001825  T17-2987           0.0                    99.0    0.03108016    0.015847834232558592    0.01043742    0.005322062786317727   0.008798559    0.004486401912959405    0.06050551    0.02596542860806463   0.04426684   0.010377110287477917   0.06624485    0.01451263097323242 
 0.001825  T17-2993   0.003539655   0.0018048774819289673    0.02203674    0.011236576727597068    0.02641007    0.013466551131438553    0.04649649    0.023708646079453822    0.04147992   0.021150692150226764   0.03134918    0.01047427540524637   0.07033369   0.015552183889031823 
 0.001825  T17-2915    0.01263109    0.006440618419375347           0.0                    99.0    0.04445303    0.022666691643735946           0.0                    99.0    0.04556177   0.023232030527479276   0.03777681   0.009691644870436082   0.05310582    0.01390325023443166 
 0.001825  T17-2894    0.05631778     0.02401081432274391    0.08196901    0.029573622331486568     0.1040722    0.037176824876592136    0.07490725     0.02732530146195143     0.1554931   0.037132576111724325    0.1496237   0.020245455553701427     0.267839    0.03799585752710419 
 0.001825  T17-2920    0.02028449    0.010343105936231197           0.0                    99.0    0.01539104     0.00784792132944871    0.05253827    0.026553789380584253    0.04947716    0.02522850043171524    0.1537863   0.018797638846030636    0.2774878    0.03063928114823845 
 0.001825  T17-2978   0.009087982   0.0046339797557179985   0.006987164   0.0035627685580673016    0.04375802    0.022312299785618335   0.006214556   0.0031688142312315125           0.0                   99.0   0.04556194    0.01058503832417082   0.05413723   0.014510554377060478 
 0.001825  T17-2959     0.0020512    0.001045910882628152           0.0                    99.0           0.0                    99.0           0.0                    99.0   0.003517493  0.0017935760543022674   0.05597822   0.010792340639086778    0.0651574   0.016026642857133244 
 0.001825  T17-2871    0.01218849     0.00621493385454238           0.0                    99.0    0.05705871    0.029094342668139813     0.0515779     0.02629967185701373     0.1595819   0.029974314905815612    0.1830345   0.021564424275982885    0.2345273   0.027468120887547076 
 0.001825  T17-2876    0.01617656     0.00824845951028045   0.003030061    0.001545033526347312    0.00553463   0.0028221186370516035    0.03266515    0.016656018823540186    0.02103394   0.010725247050773982   0.04205315   0.010136477785570735   0.05823853   0.014427226205563875 
 0.001825  T17-3201   0.004270301   0.0021774343225011428   0.003803131   0.0019392234278846287   0.001868191   0.0009525941383537745   0.002126999   0.0010845614309295763   0.009990415   0.005094131613098669   0.03657671   0.005443255812065514    0.0486933   0.010334733065534929 
 0.001825  T17-3204           0.0                    99.0   0.006083259    0.003101865144433557    0.02289356    0.011673470917560724    0.03240297     0.01314331551265163    0.01676187   0.008405610976573327   0.01788394   0.004168655631897651   0.03039047   0.010178454907980533 
 0.001825  T17-3181    0.03116418    0.011089297816490637   0.004109502   0.0020954430889148575           0.0                    99.0   0.008526409    0.004347633077477653    0.02876454   0.009140174059622553   0.03326538   0.005600011002890978   0.01848649   0.009426299285945147 
 0.001825  T17-3178    0.01181777   0.0060259030031344675           0.0                    99.0    0.02531161    0.012568757001804952   0.005315031    0.002710144188144721   0.009453428   0.004820321384234441   0.01627499   0.004358156327472662   0.03511024   0.009348807870896963 
 0.001825  T17-3192    0.02373191    0.009357025262845133    0.02306742    0.011762122470824048   0.009848565    0.005021803001879031    0.02160917      0.0110185628531578    0.02509534   0.009490742841420001   0.03733228   0.005719144460503948     0.049432   0.010390643249681128 
 0.001825  T17-3195    0.01694676    0.008641184032056024    0.02799291    0.014273634530321317           0.0                    99.0    0.01029579    0.005249842431204674   0.006251636   0.003187721395587914   0.01912369   0.004382767965188438   0.03110421   0.009819866881727115 
 0.001825  T17-3167   0.001839103   0.0009377620123345688    0.01348064   0.0068738066027333065    0.01345919    0.006862866264134615           0.0                    99.0           0.0                   99.0   0.03540965   0.005597085283933505   0.04648631   0.011160800359573727 
 0.001825  T17-3173    0.01440355    0.007344399232081614    0.02413278    0.012305351613724168     0.0324426    0.013810019879753974   0.007506871   0.0038277686617927175    0.04269697   0.010206812813969795   0.06700345   0.007804503504064881   0.09161753   0.013435321478369247 
 0.001825  T17-3189   0.006530519    0.003329923891198507    0.02946641    0.014663907126781764    0.01646903     0.00839759249515586    0.01266099     0.00645586448772099    0.02557617   0.009017140032344734   0.04906074   0.006253265972574411   0.06307804   0.010826438019747815 
 0.001825  T17-3183    0.01640679    0.008365854236541898    0.01738046    0.008862328508360542           0.0                    99.0           0.0                    99.0     0.0127579  0.0065052771246658665   0.02588219   0.004694149329094889   0.04367377    0.00973811581591398 
 0.001825  T17-3162    0.01462244    0.007456008728472628    0.01812484    0.009241891284074705   0.005845784    0.002980776668824848   0.002488468   0.0012688746890951212    0.02810575   0.008508841795782197   0.01908596   0.004485420719222669   0.03308338   0.009633691001354985 
 0.001825  T17-3175    0.01956266    0.008969668787521477   0.005750383   0.0029321320030535614   0.005578604   0.0028445410654606763    0.00139494   0.0007112827260871798    0.02081949   0.008187816385703943   0.02442788   0.004624388483893735   0.04641542   0.009878303602566993 
 0.001825  T17-3174  0.0009773024   0.0004983284008281061   0.003948196    0.002013192844748898      0.010124    0.005162245394399999    0.01077792     0.00549568440075556    0.01825774   0.008567856394173049    0.0366778   0.005542243283981767   0.05094348    0.01027060886246502 
 0.001825  T17-3120     0.0266891    0.011619944960807689    0.01650257    0.008414693626023767    0.03320852     0.01332753148241654    0.04162921    0.012769672818668495    0.06612297   0.010391545924926571    0.1092863   0.011688885378568652    0.1296698   0.015390645731183603 
 0.001825  T17-3171           0.0                    99.0   0.002332972   0.0011895869752665586    0.01654531    0.008436483893682841   0.001853345   0.0009450241339838947    0.02172151   0.008294106179718343   0.03695298   0.005449986969303046    0.0512382   0.009983455412101815 
 0.001825  T17-3123           0.0                    99.0   0.003184634   0.0016238510909651045    0.01644589    0.008385791402840044    0.01142154    0.005823866514108733    0.01897891   0.009677381282510781   0.02809055   0.004860928388472823   0.03074696   0.009396319635101394 
 0.001825  T17-3146    0.03140951      0.0095099844460244    0.03958701    0.015154525553873371    0.04719944     0.01308678031922046     0.0405468     0.01164908772127672    0.05674433   0.009928321133669328   0.07580239    0.00871756313010379   0.08415876   0.012068623200825562 
 0.001825  T17-3159    0.01873643    0.008795346908274453    0.01565632      0.0079831881191053    0.01536773    0.007836033553801183   0.009710884    0.004951598701023595    0.03172256   0.008657781025215236   0.04671176    0.00599813060476979   0.07991272   0.012019489437327403 
 0.001825  T17-3152   0.003730008   0.0019019383577857196    0.00627103   0.0031976104340325764           0.0                    99.0   0.005479002   0.0027937538113013897    0.00160689  0.0008193565427358471   0.02147638   0.004498078265953584   0.02903637    0.00869711845709796 
 0.001825  T17-3143   0.006891958     0.00351422283288619           0.0                    99.0    0.02150054     0.01096316730127822    0.02304501    0.011750690665190747    0.02416002   0.008276421685470419   0.03336781   0.005059851439688917    0.0438262   0.010596618757674734 
 0.001825  T17-3122   0.004147549    0.002114843818748564    0.02043731    0.010421029152437918    0.01767212    0.009011048472655332    0.02028751      0.0103446458401243    0.02011077   0.008684363522834186   0.02729244   0.004870693524471849   0.02740042    0.00881853020721781 
 0.001825  T17-3121    0.01560702    0.007958048972322614     0.0224168    0.011430370063230675   0.001251744   0.0006382666101442015    0.01340848    0.006837010116761859    0.03564859    0.00827401750333186   0.05341556  0.0070698534278679365   0.05919772   0.011392918142114777 
 0.001825  T17-3206   0.006571859   0.0033510042184483756   0.002375701   0.0012113740854558554  0.0003600452   0.0001835877500575417   0.005950051     0.00303394212529689   0.003278679  0.0016718053102710287    0.0146737  0.0045994827299812744   0.03360757   0.009434217835214217 
 0.001825  T17-3193    0.01981649    0.009071934309502962   0.005768272   0.0029412531487710875    0.03997883    0.012967917054025639    0.02299221     0.01172376784215898    0.04206387   0.008820401090031734   0.06796218   0.008208349861296423   0.08043104   0.013287150728896547 
 0.001825  T17-3186   0.006703871   0.0034183173948512165    0.01794501    0.009150196596742445    0.01306917    0.006663993324484802    0.02873795    0.013293798538928783    0.01262484      0.006437429571018   0.04209982   0.005581264666391301   0.04748252   0.010246216891063746 
 0.001825  T17-3187    0.02059249    0.010002561923208324           0.0                    99.0           0.0                    99.0   0.007681092    0.003916603799370142     0.0219531    0.00882326944143156   0.03939141   0.005579646626516953   0.04533594   0.009594739037923909 
 0.001825  T17-3112   0.007578572     0.00386432865131679    0.01106357    0.005641333970838634           0.0                    99.0   0.001548859   0.0007897661284223134   0.005897468  0.0030071304412789017   0.01398587   0.004181855188426543   0.03253457   0.009457300717174748 
 0.001825  T17-3133           0.0                    99.0    0.01255423    0.006401424413651855     0.0210288    0.010722626154743996    0.00631001   0.0032174864120965607    0.01228979  0.0062665869222150745   0.01559375   0.004151085802546847   0.04339042   0.008799347426855017 
 0.001825  T17-3147    0.03409379     0.01442274247867031    0.06332463    0.019632026265326483    0.07604887     0.02134659744040649    0.09669877    0.020139427758504684     0.1329939   0.019894607067547226    0.1773283     0.0195719311101282    0.1710377   0.022727862299587263 
 0.001825  T17-3199  4.280766e-05   2.182770936712453e-05   0.004281324    0.002183055462001312           0.0                    99.0   0.009058025    0.004618704132670791    0.01743327   0.008889257410992495   0.03745721  0.0068388783026143984    0.0442338   0.012608944136306578 
 0.001825  T17-3188    0.01823162    0.009296340575602207  7.609876e-05  3.8802906220021406e-05           0.0                    99.0    0.02955002    0.015067612860705706   0.008389484   0.004277814262497444   0.02610407   0.006038551236393462   0.03172623   0.011757824101003086 
 0.001825  T17-3184    0.02596628    0.013240256841541407   0.007950103    0.004053773523497593    0.02278831    0.011619798834276822    0.03934195    0.018464806431978238    0.04058571   0.013474231812375836    0.1161226   0.014341727058833919    0.1105761    0.01862130331542344 
 0.001825  T17-3182     0.0125386    0.006393458568474813    0.02761504    0.014080962782864529    0.02536221    0.012932245272687222    0.01635706    0.008340497793081478    0.07344296   0.015823513387045747   0.08629386   0.011011819990492989    0.1222217    0.01755006076894892 
 0.001825  T17-3202   0.004692636    0.002392784253418799    0.02646634    0.013495238411338128    0.03633033     0.01852491106342994    0.04072587    0.016447445885005033    0.06773421   0.013925638036328571     0.119315   0.012917636420671393    0.1640475   0.020136326742606264 
 0.001825  T17-3203     0.0430684    0.012763904814013616    0.02958842    0.015087193095637903     0.1152397    0.021014253691846875    0.09190322    0.020245390523686718     0.1590896   0.019695669219747268    0.2578927      0.026263821149675    0.2982495     0.0329789696177746 
 0.001825  T17-3205     0.0170419    0.008689697084289015    0.03303103     0.01684258174950352    0.00116035   0.0005916649253758752    0.02896429    0.014768952893639447    0.06826387   0.014901066072109372     0.111705   0.013234922169813656    0.1243238   0.018501754116645265 
 0.001825  T17-3148           0.0                    99.0           0.0                    99.0    0.02959031    0.015088151907422626           0.0                    99.0    0.05133789   0.014014501661212252   0.09414916    0.01073930073304738    0.1255377    0.01747088410650417 
 0.001825  T17-3139    0.02337099    0.011916908503294845    0.04014607      0.0189607936224344    0.04273812     0.01867402827467721    0.03334221    0.016334699094288238    0.07918986   0.015802438364689038    0.1320044   0.014625887027655588    0.1503568   0.019536474757386506 
 0.001825  T17-3166           0.0                    99.0           0.0                    99.0    0.03468869     0.01768782581819374           0.0                    99.0    0.05557868   0.015043153478228027    0.0771277   0.011956533323975473   0.07993842   0.015808289254722156 
 0.001825  T17-3168   0.007515776   0.0038323088483792327    0.01725894    0.008800366203812032   0.004157247    0.002119788847872846     0.0115232    0.005875704127064603    0.04351968   0.012726301173421287     0.058524   0.007763364462707905   0.06847287   0.014191106534462669 
 0.001825  T17-3185           0.0                    99.0   0.003237678    0.001650898330073006           0.0                    99.0    0.02402201     0.01224887467747552    0.01070027   0.005456088553071147   0.02663936   0.006023249217509184   0.03567246   0.011864876293957556 
 0.001825  T17-3207    0.02448208    0.012483460365333965    0.03120465    0.015911316829386717     0.0210597    0.010738382125040998    0.04174704     0.01805545723396713    0.07922837   0.015864101196395242    0.1245791   0.014010262485345128   0.08233962   0.018610119266096712 
 0.001825  T17-3194           0.0                    99.0   0.006763343   0.0034486422837024557           0.0                    99.0    0.02779372    0.014172072063533407    0.05942707   0.015323241500751367    0.1177191   0.013185931722437705    0.1551102   0.019592118217548606 
 0.001825  T17-3157           0.0                    99.0    0.01981192    0.010102134707012572           0.0                    99.0           0.0                    99.0    0.01042627   0.005316374437818033   0.02426495   0.006273176048776967   0.04113645    0.01221710477258933 
 0.001825  T17-3151    0.01884952    0.009611406049605073   0.007645898   0.0038986583100940045    0.02122966    0.010825045060694021   0.007790423    0.003972351399323868    0.02892048   0.012848386677058097    0.0558476    0.00835052939418909   0.07198699   0.014563354590924475 
 0.001825  T17-3134    0.03035196    0.012926713919914682      0.040336    0.017950479174005357    0.05764422     0.01870035855970906    0.08060852    0.017600087302704043    0.09683875   0.015491432064458244    0.1761373   0.018453591378674125    0.2298481   0.026039789251384123 
