 redshift        id         F0378               F0378_err         F0395               F0395_err         F0410               F0410_err         F0430               F0430_err         F0515              F0515_err        F0660              F0660_err        F0861              F0861_err      sdss.up             sdss.up_err      sdss.gp            sdss.gp_err     sdss.rp            sdss.rp_err     sdss.ip            sdss.ip_err     sdss.zp            sdss.zp_err 
 0.001825  T17-2421    0.00644951     0.00328861773431118   0.008105765    0.004133145881050081   0.005209005   0.0026560823044305786    0.01404648    0.007162327561729079    0.02847233   0.007727468904285866   0.02943658   0.004677378283324965   0.02991898   0.011482738722730914  0.002967923   0.0003079135885682664    0.0140778  0.0014314652420756712  0.02336169   0.002375473965957161  0.03245761    0.00330036942722454  0.03398105  0.0034552765629297768 
 0.001825  T17-2433   0.007529236   0.0038391721286445287     0.0109672    0.005592197661528158    0.01581172    0.008062428843507892    0.01797715    0.009166585826039813   0.009225662   0.004704183056381144   0.02017839   0.004433653200831342  0.007169293   0.003655636000276079    0.0028347   0.0003020955859155178   0.01332223  0.0013546370326951976  0.02293686   0.002332276219437732   0.0343035  0.0034880640795944694  0.03493445  0.0035522206007497187 
 0.001825  T17-2515   0.002197126   0.0011203188347822062           0.0                    99.0    0.01306989     0.00666436045388978    0.02975666    0.010418229059770428    0.01189908   0.006067363130799491   0.03745995   0.005164585403270431   0.03108319   0.009959802094126669  0.003458085  0.00036853009585732614    0.0160975   0.001636833285835256  0.02874464    0.00292282553182937   0.0379092  0.0038547004956749737  0.04064335   0.004132715594995123 
 0.001825  T17-2479    0.02350995    0.010066024009330049    0.01750263    0.008924625190919449    0.03737216     0.01220129189689174    0.04361266    0.011360795070401367    0.06628378   0.011186716913327163    0.1122868   0.011916503651817048    0.1460126    0.01837713140536629   0.00940388   0.0009443682501648621   0.05487641   0.005510867775053686  0.08736675   0.008773653511202233   0.1267344   0.012727081114021746   0.1288272   0.012937246959428772 
 0.001825  T17-2518   0.009515956    0.004852204533449035           0.0                    99.0   0.007328641   0.0037368888370019533    0.01603026    0.008173859874215914    0.01094812   0.005582469712876909   0.03030569   0.004808661079153011   0.02942529   0.010093327596451877   0.00211203  0.00024130711091265006   0.01025454  0.0010638793783934767  0.02094181  0.0021294146355312674  0.03010572  0.0030612235009705533  0.03264508  0.0033194318504848326 
 0.001825  T17-2601    0.03151765    0.008953951168042464    0.01365098   0.0069606633011278455    0.03477461    0.011365179233805377    0.03337035    0.010511367767860899    0.04671131   0.009695217886832764    0.0712845   0.008152463586373386   0.08319672   0.013054429432264897   0.01343415   0.0013491010867465085   0.03573606  0.0035887315082911526   0.0546853   0.005491675885489605  0.07449875   0.007481407047771325  0.07467495   0.007499101628987296 
 0.001825  T17-2600    0.01388374    0.007079347098745547           0.0                    99.0    0.01759401    0.008971219050653987     0.0316984     0.01021823677102092    0.05517905   0.009788019020805436   0.07608452    0.00833599171980065   0.09280674   0.013795410490981267  0.009550953   0.0009591377994930608   0.03810485   0.003826613107454027  0.06219869     0.0062461949756933  0.08473892   0.008509758266873653  0.08262734   0.008297706525012005 
 0.001825  T17-2460   0.004666129   0.0023792687726844584   0.003318591   0.0016921555363730045   0.006073066    0.003096668204133688    0.01330147   0.0067824445283662296    0.01941135   0.007485983618241561   0.03210274  0.0048458151293978395   0.03519584    0.01043212161915231   0.00220755   0.0002430387011876092   0.01291844  0.0013402514988076083  0.02596541  0.0026402266063694706  0.03843384   0.003908047155596611   0.0402086   0.004088509110188957 
 0.001825  T17-2371    0.02887957     0.01026385987782228    0.03657546     0.01637377536012132    0.03576997    0.012810561760500942    0.04247787    0.011165968428321342    0.07001903   0.010395579517389735    0.1124168   0.012287117211251182    0.1206308   0.017946752345159835   0.01591493   0.0015982290894789178   0.06914658   0.006943924709744214   0.1173865   0.011788334589389634   0.1567095   0.015737278270133118    0.152112   0.015275582307919035 
 0.001825  T17-2402    0.01083362    0.005524085939446272    0.03645395    0.012988304140403589   0.004038855    0.002059419555466843    0.01443356    0.007359702370222589    0.02651137   0.008834257387819589   0.04128196   0.005379307382316147   0.06020704    0.01140561046050868  0.003276335   0.0003399104555966617   0.01904194   0.001936231173045502  0.03801212  0.0038173008657800558  0.05532054   0.005555468756851848  0.05739892  0.0057641864450786945 
 0.001825  T17-2279   0.004216815     0.00215016170673074   0.003856575    0.001966474627773074   0.009925871   0.0050612205015501364    0.02601756    0.009783177214530666    0.02539398   0.008060393328342482   0.03709304   0.005116110575099115   0.04044841    0.01015740488063216  0.002798078   0.0002981927600828699   0.01267001    0.00131447755830105  0.02347308  0.0023868003600980123  0.03363213   0.003419797510874276  0.03605762  0.0036664272907339663 
 0.001825  T17-2342   0.001361385   0.0006941728680512513    0.02439832    0.012440750977888111    0.02053654    0.010471621820167877    0.01159195    0.005910758905639867    0.02155833     0.0086185728628346   0.03804362   0.005358902065828784   0.04644384   0.011406359048331594  0.002217411  0.00024412433465236522   0.01179785   0.001223993400475366  0.03059433   0.003072382238078238  0.04776526   0.004796742938389807  0.05677751   0.005701782429273942 
 0.001825  T17-2352    0.00746016   0.0038039501414524352    0.02414834     0.01231328568808732    0.01709549    0.008717022729862358    0.02111607    0.009060620460684687    0.03527915    0.00834537623521702   0.08776454   0.009488243409076573    0.1068525   0.014799873769816417  0.006881904   0.0006997688957280969   0.02556798   0.002567619804158716  0.06390955   0.006418005107390356  0.09441839   0.009481802160569016   0.1101878   0.011065417647612269 
 0.001825  T17-2454    0.01161937    0.005924737475404121           0.0                    99.0    0.03507496    0.012857669912939748    0.02314549    0.010790467661297215      0.048594   0.008984878853117665   0.06309632   0.007176515236424152   0.07792402   0.012188912085869067  0.009301683   0.0009341052945816541   0.03080483  0.0030935213356332297  0.05158978    0.00518081369621841  0.07036561   0.007066343673374402   0.0703511   0.007064886535783697 
 0.001825  T17-2545           0.0                    99.0           0.0                    99.0   0.009900256    0.005048159853356405    0.01489337    0.007594156464154397    0.02839781   0.008447110045318755   0.04463015   0.005743601207003233   0.04781568   0.010216289160241747   0.00278084   0.0002963556867448472     0.014734  0.0014981892774099308  0.02967242   0.002979801034477237  0.04317225   0.004335497917461409  0.04776945  0.0047971637126284754 
 0.001825  T17-2492   0.007708263     0.00393045785500019    0.01603607    0.008176825346295345    0.02990936    0.011995180539374803    0.03605644    0.009446402600711872    0.03556912   0.009031553902200496   0.06304249  0.0073179051517560005    0.0604807     0.0119997987697211   0.01066901   0.0010714167271228142     0.031936  0.0032071171046898117  0.05108867   0.005130490588591407   0.0671713   0.006745560669670414  0.06716361   0.006744788408183099 
 0.001825  T17-2517    0.02176348    0.008647546831947196    0.02563469    0.012759785399874912    0.05506102     0.01196257741629303    0.06331647    0.012807484587498396    0.08403284   0.011483240290024937    0.1418135   0.014881172350660282    0.1730627   0.020485602967884545   0.01326548   0.0013321626968805875   0.06717324    0.00674575548454512   0.1201042    0.01206125487786412   0.1609228   0.016160391581831055   0.1700966   0.017081654373573098 
 0.001825  T17-2467   0.009769362    0.004981416747335184    0.03735247    0.016051803222585585    0.03183503    0.010586310265669007    0.01809444    0.009226392225914743    0.05089115    0.00898264498207705   0.07717865   0.008682257501504665   0.09834177    0.01308598249188516   0.01078819   0.0010833851672685066    0.0370611  0.0037217963423864507  0.05818022   0.005842647131514632   0.0778963   0.007822600091513835   0.0793217   0.007965743389858103 
 0.001825  T17-2459   0.006248976   0.0031863650563972988           0.0                    99.0    0.01271916   0.0064855264648122435           0.0                    99.0    0.01302614   0.006642054204679152    0.0300461   0.004564099911100654   0.05557626   0.011372810196935364  0.002377681   0.0002617691904928844   0.01000699   0.001038196757946797  0.01978521  0.0020118087017134607  0.03014364   0.003065079279302852  0.03524871   0.003584175331842465 
 0.001825  T17-2504    0.01336891    0.006816835257707935    0.01008034     0.00513998503636499   0.001768425   0.0009017234563905999   0.001150226   0.0005865022857880437    0.01448888   0.007180712547575275   0.03323541   0.004810542247120381   0.03894763   0.010056484302433432  0.001559127  0.00017813593235951162  0.009568998  0.0009927563758553657  0.01980335   0.002013653230281331  0.02907299   0.002956212978231354  0.03071645  0.0031233240148894914 
 0.001825  T17-2475   0.003492895   0.0017810344666834078    0.02353791    0.012002031142822493    0.01407155   0.0071751127648110175   0.005576187    0.002843308142153905    0.01727702   0.007613459262212742    0.0327987   0.004834686586011962   0.04822342   0.010228458032104594  0.004059783    0.000421190945548097   0.01501666  0.0015269308598924315   0.0256172   0.002604819752718111  0.03398887  0.0034560717107132784  0.03525758  0.0035850772567616947 
 0.001825  T17-2668    0.01865335    0.009467341861544135    0.01768692     0.00901859502153545    0.04803941    0.012533276277776733    0.01937202    0.009877832760932329     0.0495542   0.009515547933172318   0.06960904      0.007750080535722   0.06246499   0.011037614405164778   0.01035257    0.001039638792883157   0.03822942  0.0038391228386963606  0.05992528  0.0060178917391542405  0.08373599   0.008409040773059078  0.08695907   0.008732712955539061 
 0.001825  T17-2627    0.01337299    0.006818912715927445    0.02205651     0.01124666239207886    0.01053803    0.005373362060482618   0.003230519   0.0016472474517128899   0.006813799   0.003474368915979564   0.02330585   0.004449348747723199   0.04954531   0.010818859601365617  0.002516334  0.00027703409544279923   0.01048657  0.0010879518784491758  0.02015409  0.0020493173397586354  0.03176807   0.003230255325227288    0.037205   0.003783095719331227 
 0.001825  T17-2662   0.005385839   0.0027462503060972448           0.0                    99.0   0.008648771    0.004410025700049878    0.01268254    0.006466851894192104    0.00597285  0.0030455678701762664   0.03707526   0.005230365933881873   0.05267725   0.011341342143380784  0.002967366   0.0003162338782211672    0.0149457  0.0015505738972841764  0.02995855  0.0030462588709318913  0.04375855   0.004394376079627055  0.04753139   0.004833108390838484 
 0.001825  T17-2755   0.003448625   0.0017584601267160566   0.004480432    0.002284581019732555     0.0103805    0.005293037206084991    0.01543137     0.00786848763630839    0.02662636   0.008719222424231704   0.04483458  0.0058286219686653215    0.0691586   0.012447482511114447  0.005122803   0.0005208991813517856   0.02581789   0.002592716574944753  0.05523385   0.005546763068851577  0.08345275   0.008380596884199851  0.08934648   0.008972464445219958 
 0.001825  T17-2744  0.0004417983  0.00022527376624817836           0.0                    99.0    0.02074104    0.010575896769220848    0.02208208    0.011259695682071696    0.01745758   0.007927548930039094   0.03022813   0.004836477204165549   0.03749622   0.010010138942614783  0.004487271  0.00046554163038424397   0.01264257  0.0013116307615746287  0.01974961   0.002008188820156783  0.02526042  0.0025685415103684113  0.02605265  0.0027028884570885815 
 0.001825  T17-2794   0.007540888    0.003845113506181767           0.0                    99.0    0.02411491    0.012296244568756796     0.0145814    0.007435084313550183    0.02631184   0.009278441240804677    0.0456398    0.00647581096565519    0.0581344   0.011455200181776353  0.007624732   0.0007753014702334055   0.02614451  0.0026584379440643506  0.04058916  0.0040760956123054816  0.05201326   0.005223340928012649    0.055725   0.005596085945713704 
 0.001825  T17-2772    0.01524252    0.007772189711052156   0.005460624    0.002784382833239309    0.01489779    0.007596412191940745    0.02652129    0.009609812375892517    0.03549004   0.008907572748680755    0.0422706    0.00561546917476394   0.07327179   0.011776664643618965  0.007115747   0.0007235466172913119   0.02552259   0.002563061597823244  0.04183131   0.004200836357667049  0.05307873    0.00533033890008949  0.06118918    0.00614481669722395 
 0.001825  T17-2756    0.02761116     0.00859326277521641    0.01608311    0.008200808192345251    0.01446917     0.00737785899812981    0.03257346    0.010303710066924437    0.04679966   0.009383286356185716   0.06616161   0.007459239049469121   0.06464896    0.01134510141228438  0.008021193   0.0008156145829165452   0.03125641   0.003138870469127046  0.05266373   0.005288663247997533  0.06869546   0.006898621767577076  0.07090559   0.007120570223251377 
 0.001825  T17-2759    0.05043314    0.010282458146568845    0.04256083     0.01364603546157231     0.1062088    0.015651703525942473    0.09974457    0.014441506545570273     0.1568875     0.0174593898826697    0.2225127    0.02283189837121119    0.2379526   0.025697344342821907   0.03050398    0.003063309001863575    0.1221884   0.012270557010715081   0.1809572   0.018172311205257547   0.2296019   0.023057370441553912   0.2284111    0.02293778639820408 
 0.001825  T17-2778           0.0                    99.0   0.006849659   0.0034926539999553074   0.005370853   0.0027386079348734986   0.003620404   0.0018460510643089371    0.01749281  0.0072489049037242174   0.02312743   0.004741215497525186   0.02805443   0.009265922441637691  0.001725654  0.00019716224172580714  0.009716103  0.0010354505915520305  0.01985649  0.0020190566223117668  0.02662054  0.0027068418251967666  0.02903382   0.002952230065282733 
 0.001825  T17-2631   0.005048752     0.00257436849672906   0.004414119   0.0022507683819224067   0.009889065    0.005042454030909082    0.01258459    0.006416906998056462    0.01863797    0.00857814583220016   0.04421347   0.005608233147772835   0.03986599   0.009803590922591834  0.002276454  0.00026009314782094893   0.01205072   0.001250228009872775   0.0305233  0.0031036840587437375  0.04722686   0.004742675061628854  0.05530379    0.00555378666485398 
 0.001825  T17-2641   0.007857051    0.004006325146539034   0.007129794   0.0036354958733896756           0.0                    99.0   0.002945953    0.001502146693022386    0.01425401   0.007268149474856031   0.01915839  0.0043428014225937155   0.01629448   0.008308589109546096   0.00148186  0.00018406792428951333  0.008017172  0.0008543945610244076  0.01588925  0.0016484645706036393  0.02246891  0.0022846939254513483  0.02294753  0.0023807410568673698 
 0.001825  T17-2659   0.003027738    0.001543849514404639   0.002969317   0.0015140600422139442    0.01403038     0.00715411715973152   0.001380886   0.0007041165640627765    0.01281712   0.006535475479386714   0.02921547   0.004707662364194144   0.03452702   0.010971556246732002     0.002246   0.0002472718328285897   0.01206125  0.0012513204529180726  0.02308052  0.0023468838999663876  0.03421443  0.0034790071926137202   0.0372969  0.0037924403077793647 
 0.001825  T17-2630    0.01409926    0.007189239206141148      0.051349    0.014708199071184752    0.04361753    0.013177250800448058    0.03673905     0.01013404736590179    0.06128942   0.009595199306199585    0.1213315   0.012712961876627689    0.1470639   0.017195325813216332   0.01166261   0.0011711972703505418    0.0525917   0.005281429762768436  0.08529227   0.008565327471809917    0.121888    0.01224038984497226   0.1316681   0.013222539327578648 
 0.001825  T17-2618    0.01560077    0.007954861104545949    0.02740644    0.013109330862299418    0.01877145    0.009571599965423807    0.03000805    0.011109626171497626    0.05701906   0.009383176766151215   0.09757473    0.01033211714198639    0.1184563   0.015245802945601948  0.008954185   0.0008992084143720297   0.04321947   0.004340239902489839  0.08150942   0.008185441360704641   0.1114874   0.011195927733429197   0.1141201   0.011460312034029658 
 0.001825  T17-2643   0.003993951    0.002036523898823682           0.0                    99.0           0.0                    99.0    0.01465846    0.007474376377341256    0.01037403   0.005289737159879023   0.02282674   0.004279743270084317   0.03042314   0.010316313095281908  0.001523483  0.00018126688518218102  0.008293921  0.0008838878556462353  0.01899144  0.0019310962352669248   0.0267144  0.0027163857647812565  0.03083118  0.0031349900601166125 
 0.001825  T17-2705   0.004532914   0.0023113416939437924    0.01822376    0.009292332746264525    0.02267019    0.011556392151915796    0.02268266    0.009848165118706124     0.0401242   0.009386832625934906   0.03884698   0.005358562285327381   0.04273977   0.011829666764390661  0.007263614   0.0007385820947805667    0.0218598    0.00222275809335773  0.03265963   0.003279786387478412  0.04459614   0.004478489586558772   0.0460221   0.004679640070440308 
 0.001825  T17-2698    0.00675607   0.0034449332765198806     0.0243887    0.012435845721116034    0.02035473    0.010378911643487915    0.01901535    0.009695962109618312    0.04068645   0.009220733021066655   0.07242828   0.008143237096729592   0.07797172   0.012495571251992002  0.004939487   0.0005022591615878485   0.02715599   0.002727092937953126  0.05320174   0.005342691968129404  0.07417856   0.007449252530794754  0.07881856   0.007915216431916722 
 0.001825  T17-2723   0.006412753    0.003269874777994731   0.003008863   0.0015342246247823982           0.0                    99.0    0.01783116     0.00909214131783817    0.01398023   0.007128545576870853    0.0257622  0.0043780231210902715   0.03754154   0.010503952093518943  0.002585767   0.0002755666515311234   0.01047406  0.0010866540185352513  0.01817673  0.0018482545253784284  0.02462937   0.002504374774241086  0.02544124   0.002639456427644194 
 0.001825  T17-2628           0.0                    99.0    0.01082509    0.005519732553478474    0.01586877    0.008091516788671578    0.01862729    0.009498089558373831   0.008024181    0.00409154505966971   0.03341958   0.004849348771903811   0.05164883   0.010234836802153419  0.001945895    0.000214231987866001  0.009961745  0.0010335027617575535  0.02395692  0.0024359984055600877  0.03601097  0.0036616838087334307  0.04047629   0.004115728498650225 
 0.001825  T17-2650   0.008606579    0.004388510936337451   0.001195995   0.0006098403804320766    0.02630205    0.011673198458966805    0.03768093    0.009421316108573845    0.04883693   0.008944378431315281   0.05986534   0.007074280380106517   0.06723508   0.010922394247015304  0.007487295   0.0007613265357226556   0.02905817   0.002918116044964004  0.04876297   0.004896936229959092  0.06381488   0.006408498041670158  0.06303445   0.006330124722275104 
 0.001825  T17-2648    0.05705305    0.009695724511082244    0.05044229     0.01423685136638509    0.08506142    0.014717755503872321    0.08799819    0.012777431408432684      0.144386   0.017035740351320248    0.1982159   0.020262816380408822    0.2264783   0.024608457622471994   0.02920676   0.0029330379398489954    0.1024748   0.010290853069057092   0.1642971    0.01649924973354619   0.2053912   0.020626053095130173   0.2010549   0.020190587711177606 
 0.001825  T17-2671     0.0117167    0.005974370154652622   0.004369168    0.002227847289016516     0.0184386     0.00940187910091387   0.007933794    0.004045457042282535   0.009316019   0.004750255776709777   0.02464033   0.004423656328828563   0.01480453   0.007548859716537658  0.001667334  0.00019838253875923656   0.01044803  0.0010839534361286422  0.01887665  0.0019194240900419818  0.02563302  0.0026064283845103607  0.02750954  0.0028540366955871884 
 0.001825  T17-2699    0.02899957    0.010097969105332666    0.04305212    0.016460714828723085     0.0479351    0.014673473052297468    0.07219906    0.012852049838719737    0.09746137   0.013659038409913966    0.1734729   0.017853848383642224    0.2137625   0.023529230681105174   0.01531637   0.0015381197490865267   0.07456818  0.0074883794368345745    0.136718   0.013729666701342791   0.1904067   0.019121260753752617   0.1930704   0.019388758219265514 
 0.001825  T17-2701    0.02145997    0.008682859540278478    0.02273774     0.01159401799549992    0.04162539    0.015030704219544107    0.03133963    0.012142476165521963    0.05534798   0.010761738685465885   0.08456539   0.009495089522418681   0.07983237   0.013420185030384977   0.01258267    0.001263592685344989   0.04232318   0.004250231545561114   0.0668739   0.006715694780022369  0.08968909   0.009006870451981088  0.09006054   0.009044172672215807 
 0.001825  T17-2742    0.01249589    0.006371679675551573    0.01338155     0.00682327747663108   0.004708498   0.0024008723181712602    0.01510956    0.007704396089341462    0.03278441   0.008008552746163378   0.03793666   0.005372823550506009   0.04672351   0.010134282896378265  0.003196668   0.0003316452253772638   0.01550204  0.0015762854659266544   0.0293731  0.0029867288759011525  0.04194977   0.004212732500538088  0.04246936   0.004318388746396768 
 0.001825  T17-2800    0.00981001    0.005002143241854035           0.0                    99.0    0.02117093    0.010795103421994112    0.01138157    0.005803482791370884    0.01898398   0.007979660818118338   0.03468181  0.0050263031774641295   0.03879033   0.010839263580847594  0.002956474  0.00031507310333795557   0.01496547  0.0015217257268491718  0.02674685  0.0027196853511625273  0.03574251   0.003634386121870197  0.03890248   0.003955699626731789 
 0.001825  T17-2797    0.01746234     0.00890408222187986   0.004932572   0.0025151280880201386    0.01748838     0.00891735908811258     0.0116171    0.005923580978555201    0.02114239   0.007711487073523822   0.04693723    0.00585205578371994   0.06239411   0.011221233900570874  0.005239611    0.000543594763200355   0.01885805  0.0019175328008627678  0.03400633  0.0034150263896706584  0.04757701   0.004777838264696834  0.05036648   0.005121387283833849 
 0.001825  T17-2799    0.02015512    0.008282169631201718    0.02210841     0.01127311649754765    0.03288789    0.011929858513114101    0.02956187     0.01029666556894284     0.1050307   0.012989756755243881    0.1825371   0.018621664488670746    0.2608013   0.027613748969507728   0.01085092   0.0011033481873506477   0.06214934   0.006241239081610978    0.134053   0.013462038774876414   0.2199036   0.022083435544076224   0.2510097    0.02520721141249315 
 0.001825  T17-2589   0.003794573   0.0019348606675655719    0.01480367    0.007548421200859488    0.02709656       0.011071405499228   0.005102979   0.0026020194401357596    0.02614865   0.007770677426278483   0.03466387   0.004789191182044104    0.0316075    0.00934939344292452  0.002954658  0.00030653737862010956   0.01452527   0.001476965107579106  0.02975964   0.003026033242531617   0.0424763   0.004265608355701381  0.04445082  0.0045198684543478135 
 0.001825  T17-2544    0.04129554    0.010424252884430855    0.03786456    0.014579678836930395    0.08009227    0.013270139482523497    0.07759619    0.011794180540965192     0.1302652   0.014967775136173344    0.1963096    0.02017269400997321    0.2060565     0.0228005382595823   0.02596557   0.0026075470829616657    0.1016119    0.01020419788745692   0.1657221   0.016642352897819138   0.2220681    0.02230080170196643   0.2200867   0.022101823004363894 
 0.001825  T17-2534    0.02962245    0.008215149365050462    0.04178508    0.013342508500089629    0.03370196    0.012426725347351812    0.05087729    0.011435132185464277     0.1045398   0.013421374262146221    0.1565666    0.01605449991592438    0.1967061   0.021792916698841945   0.01753213   0.0017606335827203257   0.07656962   0.007689370563733243   0.1271061   0.012764408393975806   0.1640842   0.016477869611446774   0.1610807   0.016176248385288968 
 0.001825  T17-2878    0.01131529    0.005769687470615457           0.0                    99.0    0.02627481    0.011504480196069746    0.02764998    0.012335753429539844    0.01859314   0.008359915539734596   0.02839131   0.004643485870774455   0.03994417    0.01020868820108529  0.003911814   0.0004168842204715957   0.01629115  0.0016565241175666022  0.02725212   0.002771062441618875  0.03831492  0.0038959550939757525  0.04260615   0.004332297877537352 
 0.001825  T17-2872    0.01068923    0.005450461196689506    0.01015094    0.005175983133550282    0.02410496    0.012291166141437354           0.0                    99.0     0.0323712   0.007887841975756106   0.03587641   0.005384823464318677   0.03604801   0.010548032495166195   0.00643415   0.0006675247840383233   0.02208204  0.0022453560360066933   0.0352746  0.0035423901928583776  0.04649579   0.004669258622929876  0.05122803   0.005208991795401968 
 0.001825  T17-2829   0.005784335    0.002949443213525436  0.0007689843  0.00039210654610561513    0.01770806    0.009029372387625842    0.02129534    0.010297941186453533     0.0411848    0.00868007940968428   0.05371214  0.0063154240356800275   0.08462702    0.01283494039669059  0.006747298   0.0006860818153777873   0.02803034  0.0028148980155090876  0.04852871    0.00487341107929518  0.06270295   0.006296834415424019  0.07293891   0.007324762841202563 
 0.001825  T17-2891   0.002578036    0.001314545587074469    0.00426489   0.0021746757333326733   0.005918547   0.0030178781742212675   0.002024095   0.0010320904805269013   0.008915167   0.004545860559703508   0.02299655   0.004207356849432432   0.03756743   0.010738449775570447  0.003150858   0.0003357887265368657  0.005840412   0.000667288308647057   0.0168397  0.0017470710583040432  0.02503688  0.0025458114071385887  0.03139513   0.003257155566839472 
 0.001825  T17-2851    0.01126487    0.005743977233647257    0.04204795    0.013867585173869495    0.03262868    0.012445288529717742    0.02881761    0.010536705526967194    0.05797754   0.009619339281730165   0.09107134    0.00980231206825844    0.1001918   0.013617895201151904  0.009638218   0.0009800376530835384   0.04402068   0.004420700017984161   0.0723089   0.007261495186213936  0.09799723   0.009841200932505921   0.1050396   0.010548418619754812 
 0.001825  T17-2911   0.008669175   0.0044204297394654125    0.04117608    0.014658226393454429    0.03352107    0.012647857725838355    0.04105199    0.010041260772911438    0.07219709   0.010228646393303712    0.1283983   0.013330340733086345    0.1475101     0.0173508057506283  0.007813785   0.0007945248278444734   0.05166909   0.005188778258049097  0.09151183    0.00918991594189441    0.131204    0.01317593285029523   0.1420273    0.01426284394457501 
 0.001825  T17-2913   0.006366519   0.0032463009517562616  0.0006131045   0.0003126232299661887  0.0007497934  0.00038232111777630805   0.003471295   0.0017700196039533715   0.006890997   0.003513733307401273   0.01542158  0.0040542599872199865   0.03913709   0.010415190599682083  0.001676079  0.00019942302935982596  0.007599622  0.0008366752034266882  0.01358836  0.0014097537770022433  0.01826913  0.0018953703326152812  0.02109572  0.0022481828074625092 
 0.001825  T17-2889   0.007851947    0.004003722606979296   0.003604503    0.001837942623090038  0.0009863299    0.000502931589723036    0.02238579    0.009319857967669357     0.0188138   0.008633434450038061   0.03051682   0.004610200452423734   0.03933637    0.01002502079026338   0.00499087   0.0005177885821615227   0.01560785   0.001587044487806451  0.02537369  0.0025800590619288856   0.0322177  0.0032759747906523353  0.03515887   0.003575040200807421 
 0.001825  T17-2976    0.01035301     0.00527902196260349           0.0                    99.0           0.0                    99.0           0.0                    99.0   0.005679057   0.002895762736470909   0.02941935   0.004906123881582486   0.02925556    0.00959265043087884  0.001795815  0.00021366946277486635  0.008691082  0.0009262135455190288  0.01904329  0.0019363684501703415  0.02578952  0.0026223416638478216  0.02849863  0.0029566519036190596 
 0.001825  T17-2962    0.05715861    0.011485191422538243    0.06168085     0.01607783552843246     0.1033027    0.016322946349017386    0.09763273    0.015470508074055906      0.140498   0.019432502028302996    0.1982664   0.026410035465701292    0.1240637    0.03172377669957504   0.03817568   0.0038337260895824313     0.144716   0.014532851967781686   0.2065892    0.02074636015708416   0.2606266   0.026172971831398894   0.2885173   0.028973846663808103 
 0.001825  T17-2227   0.000440715  0.00022472143849330443           0.0                    99.0    0.02060063     0.01050429653332716    0.01671724     0.00852415231676071    0.02168777   0.008616764801038613   0.03792332   0.005278945743356812   0.05443945     0.0116842429345433  0.006442739   0.0006551135059494424   0.02072467  0.0021073352832766696  0.03465604  0.0034802723787964083  0.05148109   0.005169898680761538  0.05366473   0.005389186922722681 
 0.001825  T17-2198  0.0004019508  0.00020495549727042307    0.02663758    0.013582554021488889    0.01783713    0.009095186413068454    0.02752514    0.010519686476325993    0.03170431   0.008487480226166185   0.03366224   0.005165711011525132   0.04619527   0.012126966870298976  0.006080826   0.0006183133191123737   0.02064074   0.002098801101664532  0.02662934  0.0027077366485484446   0.0370524   0.003720922653634585  0.03686328  0.0037483487757097645 
 0.001825  T17-2369    0.01848431    0.008552894635738828    0.02471928    0.012604409108196385    0.01992613     0.01016037453120002    0.03113802    0.009504537586606725    0.04676003   0.008729924382729671    0.0534243    0.00639067661404487   0.07522728   0.012018899234621447  0.008677054   0.0008713780161398752   0.02680463  0.0026918082268276543  0.04633708   0.004653320454657307  0.06016235   0.006041699080905263   0.0611422   0.006140098803644137 
 0.001825  T17-2205    0.00126484   0.0006449444822153377    0.01765624    0.009002950249087073    0.03339432     0.01256050824947478    0.01241136    0.006328576683022494   0.007349074   0.003747307173283738   0.02800346   0.004602239109554392   0.03443458   0.009975642071975316  0.001896578   0.0002166909450306588   0.01028677  0.0010962669153025465  0.02081894  0.0021169209031602957  0.03448481   0.003506500097523164   0.0397395   0.004040809878442434 
 0.001825  T17-2194    0.04606555    0.010936293970942168    0.03439064    0.014489620889881696    0.04697103    0.013458871130578113    0.06411939     0.01214565484824186    0.08246978   0.011491975680547406    0.1104822   0.011877083019876599    0.1344503   0.017498023695932063   0.02156426   0.0021655532073624143     0.067794   0.006808094233187053   0.1058076   0.010625543713343616   0.1390429   0.013963140718460299   0.1356439   0.013621802066040163 
 0.001825  T17-2287    0.02009152     0.00969562683010686    0.01146722    0.005847158835246824    0.01520758    0.007754375698033014    0.01086573    0.005540457910523732    0.02392077   0.009832714592664276          0.0                   99.0   0.05389117     0.0120770628068123  0.002613526   0.0002785249510595049   0.01347453  0.0013979441948700994  0.03003842   0.003016555938460283   0.0467837   0.004698171487268046  0.05110767   0.005132398630781713 
 0.001825  T17-2318    0.00521848   0.0026609131351293678   0.008619126    0.004394909166411492    0.01559755     0.00795322020084324   0.008742215    0.004457671997412018     0.0199313   0.008434308396515091   0.02843816  0.0047574065100624945   0.02056932    0.00993217716188772  0.002972616  0.00030840046803182403   0.01400717  0.0014242834198836833  0.02508658   0.002550865023690123  0.03407553  0.0034648835237478404  0.03590929  0.0036513447213654387 
 0.001825  T17-2385  0.0001941032   9.897358083346687e-05           0.0                    99.0    0.01155109    0.005889925292488013           0.0                    99.0    0.01641166   0.007890310405116646   0.02356366    0.00417534070890173   0.04834597    0.01035841732239945  0.001805442  0.00021481491455455323   0.00735912  0.0008101973103781572  0.01725641  0.0017903035581465759  0.02982648   0.003032829690827497   0.0308874  0.0031407066095231247 
 0.001825  T17-2233    0.01984535    0.010113102182757822    0.03286827    0.015409899049378261    0.05349497    0.012970068842662672    0.03324977    0.011814267609269269    0.05595146   0.009895945982142385   0.06529339   0.007476576258994621   0.08041121    0.01276617407620161   0.01409505   0.0014154708154367015   0.04155991   0.004173581484706608    0.060277   0.006053212610381441  0.07850166   0.007883392307267539  0.07873925   0.007907251870086035 
 0.001825  T17-2361    0.02914278    0.008362032775111564    0.03230641     0.01647309659750956    0.04416188    0.012170114954241147    0.05272087    0.010446253940255234    0.07955851   0.011274598461241358    0.2132238   0.021654423391237392    0.2763623   0.029019125744275204   0.01230393    0.001235600715213681   0.06578785   0.006606630110982244   0.1426014   0.014320496967426235   0.2390148   0.024002644416189836    0.256296   0.025738078814245814 
 0.001825  T17-2358   0.007370814    0.003758392441706289   0.005514766    0.002811989944689803   0.009447027    0.004817057011553454     0.0157652    0.008038707224149974    0.05587793    0.00998281995051744   0.07478114   0.008449580215856702    0.1229374   0.015792848405760406  0.009315921   0.0009472657086233884   0.03497056   0.003511857507157806  0.06281325   0.006307911091352744  0.09064143   0.009102507547128496  0.09353826    0.00939341663987309 
 0.001825  T17-2415  0.0006272794   0.0003198509901074774   0.009632923    0.004911845744703339    0.01787434    0.009114161825839883   0.006962145   0.0035500108308559077    0.02978501   0.007829013714307186   0.05498473   0.006368627893508774    0.0604759    0.01127433648248091  0.007352373   0.0007627878292842972   0.01913892  0.0019460923487485404  0.03113655  0.0031660408269188903  0.04080011   0.004148655313695107  0.04776619  0.0048569834173307095 
 0.001825  T17-2197   0.009501881    0.004845028153773991    0.01753504     0.00894114915200166           0.0                    99.0   0.007021748    0.003580403007153111    0.01975683   0.008027097280070424   0.02035608  0.0042149767925814255   0.02482943   0.009474496972980572  0.002927825  0.00031201998670639673   0.01144283  0.0011871611275026698  0.02006309   0.002040064251277839  0.02901531  0.0029503479351581977  0.03026207  0.0030771215393713995 
 0.001825  T17-2327    0.01248485    0.006366049377427888    0.01320166    0.006731553175762411   0.005733419   0.0029234820263507027   0.006447566   0.0032876264849177376    0.02031944   0.008103809173717998   0.03634804   0.004952763248602239   0.06232483   0.011048789379854837  0.002572355   0.0002832016632330044   0.01319951  0.0013694116729872758  0.02695601    0.00274095324066373  0.04342835   0.004361216316273135  0.04958326   0.005041747578477353 
 0.001825  T17-2346    0.00372224   0.0018979774394275607    0.01109562    0.005657680250702402   0.002308125    0.001176916951190801    0.01252021    0.006384077549266613    0.02583056   0.008589269687893204   0.03533563   0.005067757877573178   0.04007786   0.011192402096038008  0.004630569  0.00047084762119469994   0.01398568  0.0014509745835795886  0.02567949  0.0026111535484015414  0.03988468   0.004005349436887655  0.04016793   0.004084373679178884 
 0.001825  T17-2418    0.02711113    0.010587614473674843   0.004443487   0.0022657422018492507    0.03652929    0.013108887275762234           0.0                    99.0    0.03489283   0.014165896320660018   0.06197095   0.016373874790700123   0.07109305   0.021489455263713063   0.01065853   0.0010703642844619877   0.04714868   0.004734823959029744  0.06777806   0.006806493478489274  0.08807897    0.00884517696371985  0.09099728   0.009138243153682047 
 0.001825  T17-2303    0.01115519    0.005688051187622172           0.0                    99.0   0.007213518     0.00367818690436528    0.01873416      0.0095525867022383    0.02522992   0.008201370200714512   0.04531153  0.0060428184946143305   0.06278921   0.012477033819151129  0.006096059   0.0006198622475322804   0.02090863   0.002126040829490509  0.03693633  0.0037092665211796542  0.05226199   0.005248319205611592  0.05211323  0.0052333802448040565 
 0.001825  T17-2343   0.006848241     0.00349193095898828           0.0                    99.0   0.003977071    0.002027916753884737    0.00512961   0.0026155981487120685    0.01887123    0.00846192056410535    0.0185669   0.004342408365751544   0.04013067   0.011155459883993532  0.001786043  0.00021250678490048266  0.008600531  0.0009165634816845475   0.0189238  0.0019242184113963364  0.02801139  0.0028482668658407766  0.03060819   0.003112315876552811 
 0.001825  T17-2365  0.0008544276  0.00043567430053522506    0.01436011    0.007322250071895251   0.008784211    0.004479085839761303           0.0                    99.0    0.01177483     0.0060040078133431   0.02883762   0.004558423125723741   0.03728467   0.010237581752743419    0.0032826   0.0003498285619560673    0.0109112  0.0011320060191331845  0.02245815   0.002283599805310983  0.03319577  0.0033754273458125213  0.04010434   0.004077907722914594 
 0.001825  T17-2387   0.003369826    0.001718280853141232   0.008335798   0.0042504396663367704    0.00709157   0.0036160053812009187   0.002597474   0.0013244570612049905    0.02485057    0.00789936777110985    0.0402724   0.005290160534792494   0.03836027   0.009524842258072834  0.002637902    0.000290418036147981   0.01505819   0.001562244438397721  0.02979411  0.0030295382075835073  0.04689424    0.00470927227298843  0.05306019   0.005395290350565483 
 0.001825  T17-2211    0.02773796    0.010439013761467891    0.02573986    0.013124804841714638    0.03749734    0.014377959925624219    0.04273952    0.012304778383506304    0.06238741   0.009925168627402257    0.0803848   0.008823040442829728    0.1007338     0.0135122804549758   0.01073237   0.0010777795421390518   0.04205229  0.0042230278887113466  0.07189999   0.007220431112579674  0.09420715   0.009460588760411533   0.0870897   0.008745831250368695 
 0.001825  T17-2240    0.01578371    0.008048144528688957           0.0                    99.0   0.003261262   0.0016629238576938632    0.01438996    0.007337470645143325    0.01760871   0.008352869138964526   0.02474101   0.004884119489764864   0.04377194   0.012033843531247031  0.002010378   0.0002296929989237809   0.01157004   0.001200358792561624  0.02484474  0.0025262741493860897   0.0412986   0.004147339888606387  0.04585647  0.0046627984268210925 
 0.001825  T17-2268   0.007407447   0.0037770721701807725           0.0                    99.0    0.01301411    0.006635919103623627    0.01696217    0.008649041621126471    0.01804977   0.008469146008086648   0.04902779   0.006225669987635146   0.05727883   0.011722506138645823  0.005858294   0.0005956857175850366   0.01789047  0.0018191468886789104  0.03260746   0.003315606554025758  0.04858682   0.004879246664355597  0.05061781  0.0051469431405224645 
 0.001825  T17-2285    0.02270024    0.011482825110776354    0.04412251    0.016617029240468977    0.03218412    0.012027298604335225    0.04002794    0.011089399143994953    0.06545987   0.010361059251142713    0.1091247   0.011615036774077644    0.1419315   0.016895617958412056   0.01040094   0.0010444962626483467   0.05193245   0.005215225732720335  0.09239616   0.009278723241785802   0.1293635   0.012991103905320132   0.1288864   0.012943191993065081 
 0.001825  T17-2232    0.04703196    0.011091477458752554    0.07423663     0.01738294022016037    0.07452607    0.013902213000776136    0.08657078    0.013344478917817811     0.1479996   0.016805470433327387      0.18716   0.019144751160566176    0.2232694    0.02446137678489273   0.03331555   0.0033456560145434496    0.1117576   0.011223062130803518   0.1728882    0.01736199597331139   0.2387716   0.023978221567869124    0.247567   0.024861484308892925 
 0.001825  T17-2221           0.0                    99.0   0.009190798    0.004686405834748954    0.01767418     0.00901209985125581    0.01118425    0.005702868938328672   0.009226013  0.0047043615416757344   0.02337927   0.004777607481203327   0.04447991     0.0102994275557643  0.002588852   0.0002758954267107175  0.006163123  0.0007041592287725341  0.01812847  0.0018433473268905242  0.02834729   0.002882422000978117  0.03353171   0.003409586559692335 
 0.001825  T17-2264    0.01583625    0.008074935757794052    0.02707574    0.013805972660496471    0.01315208    0.006706270275852666    0.00946002   0.0048236826578978015     0.0273846   0.008008457021625077   0.04907409  0.0064072043632152865    0.0706036   0.012298200229370962   0.00464404   0.0004818059723168239   0.01951101  0.0019839273819669432  0.03815282    0.00383143041838479  0.05845889   0.005870632085291386  0.06416042  0.0064431982898284675 
 0.001825  T17-2315     0.0294251    0.009437943634632493           0.0                    99.0     0.0358736    0.013461413611567694     0.0268525     0.01058794716320874    0.04267825   0.009495217909638778   0.06054379   0.007598521188619337   0.06833788    0.01357018867530382  0.008368544   0.0008509340955725361   0.03764906  0.0037808411989794666  0.05606655   0.005630385509597811  0.07552059   0.007584023557508057  0.08549731   0.008585918257327955 
 0.001825  T17-2324    0.01511815    0.007708772224780935   0.005937267   0.0030274235387507133   0.002391617   0.0012194896849136896   0.008999284    0.004588752472436333    0.01281535   0.006534573933513492    0.0320394  0.0050560289566299954   0.04245086   0.011478629163950546  0.002385348  0.00027253468091176946   0.01037981  0.0011061822339202027  0.02044869  0.0020792729848508203  0.03361016   0.003417563565899603   0.0372704  0.0037897457495634774 
 0.001825  T17-2522    0.02523458    0.008509699042121583    0.02773328     0.01414125358959325    0.05778841    0.013715230731773382    0.06530309    0.011090894864944172    0.07964918   0.011313004841091866    0.1164288   0.012212338380798701    0.1217471    0.01522672945839457    0.0164052   0.0016474636035148853    0.0590026   0.005925233208908828  0.09260545    0.00929974082211178   0.1198957   0.012040316569895492   0.1129887   0.011346693215167361 
 0.001825  T17-2557           0.0                    99.0    0.01106665    0.005642905449429487           0.0                    99.0    0.02546729    0.010617806100086825    0.03789832   0.008732847929723328   0.06045589   0.007048123398760624    0.1027703    0.01396696404370216  0.003719262  0.00039636387141328864   0.02157446   0.002193744050344454  0.05073253   0.005094725856633722  0.08140914   0.008175370917767023  0.09356852   0.009396455447153913 
 0.001825  T17-2596    0.02039017    0.009511763121511068    0.01737343    0.008858743897642487    0.03482499    0.011997806470263678    0.06337845    0.011566051873666702     0.0884803   0.011386660281290779     0.123983   0.014258967577177564    0.1360269   0.023927056951378287   0.01372567    0.001378376465343558   0.06256342   0.006282822351049579   0.1114215   0.011189309837313472   0.1555666   0.015622504484673417     0.16753    0.01682390806822434 
 0.001825  T17-2602      0.034547    0.009776404528672287    0.02598804    0.013251352308002983    0.04885384    0.012934021730287761     0.0537081    0.010974446756442395     0.1103265   0.013533688600400705    0.1503764   0.015546340502558022     0.198393   0.022067962586029555   0.01743983   0.0017513645175026358   0.07117499  0.0071476242424247955   0.1233031    0.01238249874402049   0.1753557   0.017609790402281795   0.1770498   0.017779917326965954 
 0.001825  T17-2614    0.01118827     0.00570492266649584    0.01796089    0.009158291878568679   0.008425252   0.0042960524354936636           0.0                    99.0    0.01796395  0.0074049432218342495   0.04096496   0.005597887439929103   0.04835282   0.010036677587084285  0.002937586   0.0003234115179188892   0.01486044  0.0015417284731951474  0.02910301  0.0029592654694110903   0.0407077   0.004087999785659393  0.04152962   0.004222833686099799 
 0.001825  T17-2687    0.02481011    0.009120430086414236    0.02666799     0.01359806504273314    0.01855732    0.009462414660579245    0.02261287    0.010234207834952982    0.03542453   0.008341344145146692   0.06817917   0.007794853888163523    0.0873755   0.013422691695874565   0.01027369   0.0010446540007169312   0.03266008   0.003279831583019813  0.05107027   0.005128642807122968  0.06804597   0.006833397878329386  0.06804227   0.006833026301116275 
 0.001825  T17-2636    0.01973975     0.00953328965973871    0.01239667    0.006321084262195688    0.03030819    0.012827359366462022   0.009454948    0.004821096435200507     0.0605677   0.010208897960627484   0.08865919   0.009725018686109812    0.1345485   0.017487920328675445  0.005333366   0.0005533215658866461   0.03064512  0.0030774827358813896  0.06692438  0.0067207641516793095   0.1063881   0.010683839440798744    0.117842    0.01183407735411701 
 0.001825  T17-2736           0.0                    99.0    0.01222976     0.00623597652749431   0.003873882   0.0019752999911355844    0.01549861    0.007902772462937106    0.00569755   0.002905191862967057   0.02556534   0.004375594736462348    0.0520072    0.01000448004077978  0.001665376  0.00019814959224383988  0.009754595  0.0010395527412166302  0.02073815   0.002151524215270179  0.03179007   0.003298129498274955  0.03272158   0.003327210543357257 
 0.001825  T17-2732   0.005686508   0.0028995615256201483   0.006762236   0.0034480773319519615    0.00401935    0.002049474408195916    0.01468208   0.0074864232031743964    0.03524956   0.010861310342768776   0.06020464   0.008335294944385892   0.07023616    0.01387788899573188   0.00588392   0.0005982914233930151   0.03321458  0.0033355162754442917  0.05765733  0.0057901368146521335  0.07840683   0.007972598862148903  0.07850233   0.007883459584343958 
 0.001825  T17-2743      0.029955    0.009118169282978685    0.01693033    0.008632806342995191    0.06300274    0.012721085265207367    0.05129871    0.012203951345426654    0.09033424     0.0128459467200192    0.1392552   0.014590832576565363    0.1568958   0.018867829694556817   0.01280792   0.0012862130302823444   0.06786341   0.006815064603165183   0.1201318    0.01206402654089525   0.1634819    0.01641738471987168   0.1746617    0.01754009666035327 
 0.001825  T17-2644   0.005320891   0.0027131331941603622           0.0                    99.0   0.002850603   0.0014535285225409545      0.024496    0.010491411449604863    0.04371502   0.008543304510739917   0.06685489   0.007793085645084429    0.1011251   0.013626022954760534  0.008402763   0.0008544135607180227   0.02954987   0.002967494166935524  0.05206533  0.0052285699685708864  0.07329656   0.007360679220750195  0.07603202   0.007635383019315577 
 0.001825  T17-2686   0.009333168    0.004759000575563974   0.007078221    0.003609199190342563    0.01207849   0.0061588446398928584    0.01177161    0.006002364948479058    0.02629109   0.009614858559912466   0.04842281   0.005862901352204556    0.0639566   0.011105230881342404  0.004618455   0.0004791515851471327   0.02369263    0.00240912476818291   0.0394993   0.003966648320698975   0.0540896     0.0054318537517968  0.05715048   0.005739237292883887 
 0.001825  T17-2649   0.009785189     0.00498948647522901  0.0002072848  0.00010569492400711776   0.001991237   0.0010153356319187955   0.006142263   0.0031319513991715595   0.006157823    0.00313988547353471   0.02552075   0.004509224017101945   0.02770165   0.009360203925569677  0.002042351  0.00023334603367586946   0.01018304   0.001085212334552552  0.01965544    0.00199861337901345   0.0279109   0.002838048813091283  0.02841392  0.0029478635146178932 
 0.001825  T17-2674      0.011219   0.0057205890117190735           0.0                    99.0    0.01295418    0.006605359699097998    0.01540768    0.007856408059080689    0.02470495   0.007603328549207972   0.04047025   0.005495588157260786    0.0501728   0.010205750442043152  0.002854702  0.00030422721009674665   0.01632992   0.001660466351785814  0.03237912  0.0032516166592234225  0.04429471   0.004448219011152369  0.04720399   0.004799817560947821 
 0.001825  T17-2647   0.008009957    0.004084293194894251    0.01255317    0.006400887839906117   0.007078727   0.0036094572007299504   0.006767944   0.0034509878522903203    0.03174237   0.009647539734348494   0.03823783   0.005265909926148947   0.04219922   0.010434518982712141  0.004867572   0.0005049967779776818    0.0158448   0.001611138166998228  0.02467837   0.002509357248305879  0.03697156   0.003759358953417682  0.03865029   0.003930056330702419 
 0.001825  T17-2697   0.001544024   0.0007873008505455586   0.007305372    0.003725023438205435           0.0                    99.0    0.02264229     0.01088779688559816    0.02015801    0.00807918623953935   0.02771906   0.004551457462573939   0.02161853   0.009996828320484152  0.001550105  0.00019254492921458617   0.01039827    0.00110814949495846  0.01735488  0.0018005195073180964  0.02400219  0.0024406015694948165  0.02584351  0.0026811908163426735 
 0.001825  T17-2692    0.01891209    0.008906362010590519    0.02495156     0.01272284913345812    0.03366252    0.012848326769179092    0.03143131    0.010647382775948323    0.05967269   0.009830126838670242   0.09310702   0.009995894930758326    0.1178762   0.015901822491566808   0.01124515   0.0011292745823164047   0.04182428   0.004200130377470876  0.06914361   0.006943626448519837  0.09300257   0.009339620904631253   0.0973959   0.009780813402510575 
 0.001825  T17-2726     0.0256116     0.00810466234311683      0.047952     0.01529122097969943    0.03472984     0.01096704703776983    0.03604815    0.010332929599195042    0.08709953    0.01169978501961694    0.1468163   0.015193574369930896    0.1910693   0.021699515167897185   0.01156372    0.001161266415521279   0.06300005   0.006326670156368089   0.1105222   0.011098999190161654   0.1504235   0.015106017700466393   0.1607232   0.016140347043407246 
 0.001825  T17-2733    0.02021119    0.009191220006596784           0.0                    99.0    0.01221643    0.006229179534482692   0.007190793   0.0036665998728109793    0.02295519   0.008223547020695268   0.02482811   0.004608135318807923   0.03748851   0.009994129306978222  0.003491011  0.00036218248181607863   0.01156718   0.001200062108899206  0.02086265  0.0021213654671516386  0.02919151   0.002968264397354582  0.03006303    0.00311895399640037 
 0.001825  T17-2573  0.0006332294   0.0003228849067180651    0.01340583    0.006835656915429416   0.008651846    0.004411593158259968    0.01075885    0.005485957628801101    0.03070067    0.00862127022414412    0.0169183   0.004340921355020038   0.03431353   0.011631664711940807  0.002378359   0.0002618438247984092   0.01313541  0.0013627614928989006  0.02293346   0.002331930486469528  0.03140691  0.0031935316743412086  0.04026718   0.004094465689461229 
 0.001825  T17-2567           0.0                    99.0    0.01132089     0.00577254292154307    0.01840616    0.009385335920450422   0.007849601    0.004002527357582083    0.01737741   0.008482370095651452   0.02437508  0.0043476363756442425   0.04344143    0.01037228781980933  0.001682207  0.00020015215750348534  0.007705099  0.0008482876239344885  0.02267425  0.0023055734001154768  0.03692231  0.0037543510777918736  0.04312254   0.004384805706236887 
 0.001825  T17-2448    0.01217608    0.006208605971326011   0.003491054   0.0017800952469006145    0.02196435    0.011199660022434832   0.002127619   0.0010848775701394191    0.01996939   0.007976341419561038   0.03272352  0.0052031540931808855   0.04439245   0.010325922031030691  0.002815866   0.0003000884255409562   0.01295333  0.0013438711982689004  0.02103836   0.002139232091563933  0.03466954   0.003525283924023079  0.03768054  0.0038314497807954415 
 0.001825  T17-2533    0.02500197    0.008420495358964638    0.01160412    0.005916962451226558    0.04395967     0.01172455207790852    0.03677705    0.011044212013499423    0.05670055    0.01011209551675245   0.07850869   0.008575152189309355    0.1139653   0.014701588804469437   0.01275794   0.0012811938697792815   0.04059866   0.004077049624229115  0.06296571   0.006323221620201869  0.08394912   0.008430443981650314  0.08793664    0.00883088372238662 
 0.001825  T17-2713   0.002547321   0.0012988844389288101    0.01027651    0.005240010541001802   0.008837907    0.004506466515522166  0.0009657693   0.0004924476016038507    0.02750802   0.007907309570548316    0.0129532   0.004093850578730983   0.02203175   0.009937946186695216  0.001778789  0.00021164368093815132  0.006881496  0.0007862359273719372  0.01262132  0.0013450612687163697  0.01764164  0.0018302700240120202  0.01832423  0.0019528236015977378 
 0.001825  T17-2731    0.04723763    0.010665261742470507    0.03223643    0.016437413658953435    0.06901695    0.015657805133179586    0.08331706    0.014597747302626387    0.09467304   0.013289632900299391     0.132625   0.014173207055600401    0.1253172   0.016790491600629207   0.02613148    0.002624208315695995   0.08412785   0.008448392624334538   0.1260607   0.012659425966952216   0.1667826   0.016748851800742193   0.1685486   0.016926199228760718 
 0.001825  T17-2734           0.0                    99.0   0.008756842    0.004465130823544887   0.002803261   0.0014293887443597034    0.02696348     0.01014689699428712    0.01847795   0.007870304731235888   0.03295558   0.004817048716960728   0.04532424   0.011287763127594235  0.003509139    0.000364063208971217   0.01380585  0.0014038126994213333  0.02622932   0.002667061622504364  0.03595687   0.003656182780506057  0.03766937   0.003830313998471829 
 0.001825  T17-2672    0.01097217    0.005594731874226414     0.0201343     0.01026651885925312           0.0                    99.0    0.02100478    0.009904501641649013    0.02464381    0.00842590360018924   0.04049858   0.005657468230032583   0.05070497   0.010686865572852033  0.003205488   0.0003416106961595319   0.01886664  0.0019184062651641232  0.03608724   0.003623998148537281  0.05124818   0.005146509107550305  0.05827164   0.005851827824734641 
 0.001825  T17-2693           0.0                    99.0    0.01006139    0.005130320433225395   0.003966333   0.0020224404461503657   0.008266342    0.004215023916403161    0.00829821   0.004231273471789078   0.02583795   0.004679182563323321   0.04017259   0.010414876657261476  0.002050016  0.00023422179574960567   0.01061796  0.0011015832338933994  0.02071024  0.0021058680254676197  0.03110391  0.0031627219027426426  0.03637378  0.0036985752367334657 
 0.001825  T17-2712   0.007804319    0.003979436996839956   0.007332514   0.0037388631969692285    0.01433761    0.007310774336247632    0.01283726     0.00654574490468709   0.006061644   0.003090844104045262   0.02406524   0.004511122052465439   0.02653682   0.009832710350860795  0.002913139  0.00031045487483563535   0.01005793  0.0010718792641078053  0.01907723  0.0019398195711592251  0.02685709  0.0027308948256591302  0.02760435  0.0028638729113846326 
 0.001825  T17-2679  0.0004674437   0.0002383504057515676     0.0195984    0.009993263384100361    0.01752938    0.008938267029279669    0.01571832    0.008014804001250935    0.02597925    0.00802044670496756   0.04024612     0.0055358774356595   0.06229334   0.011073108794952076  0.005448007   0.0005539667223367213   0.02179781  0.0022164548157792997  0.03985178   0.004002045513613789  0.05610597   0.005634344196957177  0.05928418   0.005953510394169162 
 0.001825  T17-2690   0.001436443    0.000732445088716376     0.0134102   0.0068378851869568555     0.0268003    0.011920086526988803    0.02378126     0.01163968923027913      0.012902   0.006578756937598774   0.02931042  0.0046024439610350505   0.05445736   0.010904014073181353  0.003157078   0.0003364516116234993   0.01610501  0.0016708490661952115  0.02900609  0.0029494104118217616  0.04031561   0.004099390150141093  0.04021574   0.004089235136741061 
 0.001825  T17-2684    0.01581452    0.008063856568971697    0.01155138    0.005890071202892542    0.01610561    0.008212282947412186    0.01631244     0.00831774498743115    0.05258721   0.009412584351458265   0.08556692   0.009318216935860851    0.1040026   0.014206560558118246  0.005457973   0.0005549800932064591   0.03078307   0.003091336117968289  0.06186485   0.006212669674038585   0.0875344   0.008790489468846804   0.1020804   0.010251246169699623 
 0.001825  T17-2856    0.06650223    0.011392773679247077    0.07252397    0.014951160410001928    0.06556084    0.013361295688575865    0.07647651    0.012283890671726529     0.1363189   0.015753963121208234    0.1889967    0.01918410056373092    0.2178031    0.02379172493379612   0.03079279    0.003092312238941503    0.1025892   0.010302341511299374   0.1561804   0.015684144342845898   0.1999921    0.02008385794333639   0.2064174   0.020729107380827474 
 0.001825  T17-2860    0.01069765    0.005454753590539265    0.01327859    0.006770778952299801   0.004415906    0.002251679086419146    0.01019311    0.005197487660000454   0.008627491   0.004399174986524952   0.01812722   0.004108490487065536   0.01527529  0.0077889021397402345  0.003213318  0.00034244512024591623  0.007261722  0.0007994743202542531   0.0138994  0.0014420233063969841  0.01794837  0.0018620924270347703  0.02067902  0.0022037749193960098 
 0.001825  T17-2741    0.03609871    0.008779267869598808    0.01587518    0.008094784279599117    0.02325667    0.011858626318022208    0.04657484    0.010432867568275368    0.06795017   0.010644635788223946    0.1040417   0.010980311767524455    0.1213256   0.014753784168355218   0.01643288   0.0016502433153719365   0.05543927   0.005567392015213422  0.08705355   0.008742200945423117   0.1131266   0.011360541480755045    0.118651   0.011915319753152076 
 0.001825  T17-2847           0.0                    99.0           0.0                    99.0    0.01415951    0.007219963740452579      0.018828    0.009600431979031153    0.02951811   0.008381637508069946   0.03022711   0.004832321708814719   0.05849578   0.010650150777754275  0.003889393  0.00040351348009069044   0.01732926  0.0017620816913180388  0.03101232   0.003153408797737458  0.04011342   0.004078831006884149  0.04641999   0.004720098519387854 
 0.001825  T17-2932           0.0                    99.0    0.03427656       0.016392465698129    0.01849763     0.00943197959368329    0.03394344     0.01127713365972205    0.02581301   0.009266540439243602    0.0414337   0.006209461265934509   0.03401129   0.010599736780799842  0.006661722   0.0006773802500332366   0.02797784  0.0028096257893230484  0.04148626   0.004166185315705815  0.05434125   0.005457125265836122  0.05694863   0.005790676542845232 
 0.001825  T17-2859    0.01696683    0.008651421686542508    0.02348679    0.011975964955069007   0.005564174   0.0028371831803025616   0.009914689   0.0050555187779300365    0.02874582   0.009246289556148077   0.05278824   0.006395254033281321   0.08623705   0.012666013575045978  0.004843704   0.0005025205400064857   0.02286337   0.002324803564257944  0.04581016  0.0046004054336934086  0.06689426   0.006717739404622154  0.07677732   0.007710228475157924 
 0.001825  T17-2753    0.04962724    0.009765416362624381    0.04895142    0.015061368966417495    0.06576603    0.013448423366893572    0.08594033    0.013026060170920176     0.1207653    0.01396464549763971    0.1824476   0.018725438895026304    0.2055947   0.023047637889755643   0.02844191    0.002856229205878471    0.1010764    0.01015042116385058   0.1581982    0.01588677833174118    0.208972   0.020985648746884526   0.2148947    0.02158042546658682 
 0.001825  T17-2818    0.01978964     0.00960622948637914     0.0291061    0.014841257186458295    0.02353569     0.01172594592432359    0.02688904    0.010767486731675872    0.04971772   0.012090677589183495    0.1094229   0.013846888984685187   0.09125437    0.01524632778346868   0.01009372   0.0010136442308908114   0.03528204   0.003543137339597233   0.0533222   0.005354788946444422  0.06634111   0.006662190280478833  0.07809725   0.007842780143189678 
 0.001825  T17-2813   0.002349521   0.0011980248523692694    0.01395273    0.007114526214950507    0.01708249    0.008710396946236721    0.01162042    0.005925272872453048    0.01150848   0.005868195428598557   0.03264775  0.0051185177131885555   0.05321638   0.010620850898500553  0.002614985   0.0002878949907561783   0.01501933   0.001527202336969365  0.02829328    0.00287693014992131  0.03822572   0.003886885005429629  0.04376021  0.0044496455539594845 
 0.001825  T17-2745   0.006110304    0.003115655932998405    0.02676453    0.013647290977117362   0.006271803   0.0031980040979506406    0.01428857    0.007285771686295008    0.01458496   0.007436897603335681   0.03373846  0.0048898987159874795   0.04554301   0.010489653800645758  0.003080915   0.0003283348597061543   0.01524526  0.0015501754385423606  0.02974672   0.003024719486237863  0.03834007   0.003898512429414467    0.043061   0.004378548169584183 
 0.001825  T17-2702           0.0                    99.0   0.005919472    0.003018350323816611    0.02233905     0.01139073008941591    0.01119238    0.005707016402354562    0.02874105   0.008973215074796434   0.02530294   0.004582649753240695   0.02822412   0.009984710267592145  0.004032953   0.0004184074199619911   0.01308488  0.0013575191743086688  0.02146681  0.0022877301967080582  0.02821096   0.002868559648564766  0.03229443   0.003555433528002598 
 0.001825  T17-2749   0.002214553   0.0011292053863788864    0.02076586    0.010588552535653587    0.01304774    0.006653070047989875    0.02276097    0.010710433132115107    0.01845163   0.008588079032701666   0.03874136   0.005420258345235216    0.0557504   0.011030534468962462  0.005684665   0.0005780306883024552   0.01427289   0.001480771777451326  0.02979694   0.003029825999630342  0.04066667  0.0041350868170946355  0.05348283   0.005438265419990555 
 0.001825  T17-2447   0.008956471    0.004566922530483127    0.01256275    0.006405771720019454    0.04402933    0.012006658871450833    0.03072685    0.010079541158111613    0.07951542   0.011103228941744335    0.1128841   0.012106632443289463    0.1598258   0.018287813864515244  0.009671219   0.0009712153018235216   0.04503654   0.004522715985444945  0.08580302   0.008616618651584217   0.1408459   0.014144203918609948   0.1526973    0.01533436005694845 
 0.001825  T17-2438   0.007247574    0.003695552125220771    0.01058089    0.005395218419279242    0.01114485    0.005682782723767819           0.0                    99.0    0.02440885   0.009265977061564203   0.03496391   0.005000681175128244   0.02847732   0.009548032845129147  0.005586215   0.0005680200535948182   0.01666964  0.0016950099017602257  0.02732655  0.0027786306755084767  0.03459567   0.003517772629485118  0.03610733   0.003671481908855231 
 0.001825  T17-2510   0.007988544    0.004073374174119456    0.03375469    0.017211577395624175    0.01041295    0.005309583524406599    0.03720518    0.012150408323230295    0.03696376    0.00893758225945988   0.03688179   0.005281252819328573   0.04843106   0.010273351847669044   0.00582503   0.0005923033425619005   0.01792352  0.0018225075112701867  0.02814508  0.0028618608002340456  0.04024113   0.004041145304163073  0.04128328   0.004197785221379627 
 0.001825  T17-2546   0.001439792    0.000734152652293411   0.005990504   0.0030545696792255634    0.02621927    0.012907670310254636    0.01934693    0.009865038340392044    0.02924984   0.008780677832467436   0.03187137   0.004844376763115974   0.04339034   0.010465977611874582  0.003145098   0.0003262949901013474    0.0141569  0.0014687382034583598  0.02655513   0.002700190775278897  0.03816409  0.0038806183459540256  0.03941256   0.004007565809163114 
 0.001825  T17-2478     0.0131864    0.006723770110823317    0.02146327    0.010944158352647728    0.01050109    0.005354528243560772   0.008576369    0.004373106798386887    0.02558638   0.009103067861254963   0.02192972   0.005037018970334338   0.03216525   0.009860427212865881  0.003015721   0.0003128724880128702   0.01279507    0.00132745219538099  0.02368901  0.0024087566927105445  0.03384667  0.0034416124695036037  0.03470796  0.0035291905598250845 
 0.001825  T17-2516   0.001815971   0.0009259670584537929     0.0100323    0.005115491307783056    0.01038213    0.005293867365685033    0.02363297    0.012050502422318705    0.01600165   0.007491726210327364   0.04489495   0.005850530733923718   0.05859697   0.010548617514343243  0.005186029   0.0005380357896000043   0.01843773   0.001874793628213316   0.0296777   0.003017701362417355  0.04044898  0.0040620182715967006  0.04031873   0.004099707422491421 
 0.001825  T17-2594    0.01205493    0.006146830369338168   0.007521271    0.003835111249892291    0.02906945    0.012267912886629291    0.02816647     0.01063494297358989    0.03027677   0.008218473350862008   0.03123075   0.004768522801206366   0.04766493   0.011167718739471772  0.006472629   0.0006581527955638037   0.01566039  0.0016247210048866113  0.02693874  0.0027391971892381187  0.03575942  0.0036361055914247613   0.0370111   0.003763379486038857 
 0.001825  T17-2591           0.0                    99.0           0.0                    99.0    0.02525989    0.011319988287172431    0.01331709    0.006790412138588497    0.03471203     0.0084027328979028   0.04395729   0.005685044823285917   0.05345295   0.012788634532217463  0.004061801  0.00042140031813099057   0.01963247  0.0019962777372152527  0.03573432  0.0035885567742093886   0.0483544    0.00485590629734144  0.05195087   0.005282491957783293 
 0.001825  T17-2585    0.03851593     0.01069034753399762    0.02242936    0.011436774431739745     0.0779608    0.014215045124321625    0.06330629    0.012424213781163014     0.1116808   0.013595660420957894    0.2140103    0.02172218496884777    0.2593235   0.027959431794764712   0.02049654   0.0020583292850931334   0.09058928   0.009097270466915865   0.1779633   0.017871654095620502   0.2572766   0.025836553890401584   0.2546925   0.025577050194667193 
 0.001825  T17-2607     0.0115273    0.005877791783323138    0.01497368    0.007635107670448728     0.0131334    0.006696744326820608    0.01531463    0.007808958740764674   0.008631607  0.0044012727623760715   0.02906361   0.004602227554572351   0.02806052    0.01020796928265681  0.002374143   0.0002530137707821037   0.01078804  0.0011496875198644195  0.02158915  0.0021952377656319173  0.02644418   0.002688909120494042  0.03451135   0.003509198752597415 
 0.001825  T17-2576           0.0                    99.0    0.01222941    0.006235800022972674     0.0048632    0.002479755169850443   0.008702892   0.0044376216132690546    0.01259361   0.006421508274819086    0.0206685   0.004273083725297224   0.03510375   0.011673254174630355  0.002453249  0.00026144413425481625   0.01201093   0.001246099867295812  0.02134372   0.002170281838680592  0.02714043  0.0027597055293730236  0.03001991  0.0031144804320543808 
 0.001825  T17-2550    0.04393193    0.011081564008155574     0.0640116     0.01614907236989481    0.09218919     0.01584813908699255    0.07898531    0.014733489427761537     0.1464285   0.016890778830854308    0.2050103   0.020804862132014625    0.2549828    0.02751386094578513   0.03064513    0.003077483731666668    0.1129695   0.011344764982125853   0.1885479    0.01893459411356317   0.2422428   0.024326810780612426   0.2781965   0.027937398329464323 
 0.001825  T17-2440     0.0176041    0.008558243842720362    0.01696923    0.008652644470645088    0.03942773     0.01240004925151223    0.02837317     0.01103580385324916    0.05979721   0.010603209379270504   0.08101102   0.009011159483547498    0.1044623   0.013816656769185375   0.01318636   0.0013242172108860427   0.04330276   0.004348604161980973  0.07059288   0.007089166863669338  0.09379855   0.009419555812923482  0.09449461    0.00948945642003678 
 0.001825  T17-2434    0.02716308    0.009539913926338801     0.0135943    0.006931762058524802           0.0                    99.0   0.006564412    0.003347206488326264   0.002305353   0.001175503502981633   0.02297286   0.004830510014194878   0.01003186   0.005115265970343771  0.002772467   0.0003052328585180993   0.01173145  0.0012171046688594248  0.02247491  0.0022853039976971578  0.02967939  0.0030178732001578945  0.03224851   0.003279107637721161 
 0.001825  T17-2451    0.01421424    0.007247870674250472    0.02215564    0.011297204069613685   0.002118268   0.0010801089867019161    0.01804618    0.009201783377161463    0.02085503   0.008787530599818016   0.03497815   0.005031431307125737   0.03360224    0.00954567149730311   0.00447133  0.00046388778787090313   0.01710092  0.0017388635157988563  0.02961167  0.0030109872912659134  0.03983652   0.004050675096656172  0.04450156   0.004525027828349457 
 0.001825  T17-2519    0.02180185    0.008569265772516394    0.05037214    0.015472382646942132    0.03875268    0.012770616042518232    0.07095702    0.012853768563748298     0.1497937   0.017025891782552125    0.2415101   0.024426942863510857     0.335188     0.0350412656639126   0.02117634    0.002126597015577161    0.1077869   0.010824311498419628    0.197307   0.019814211429431784   0.3104879   0.031180205881852368   0.3343427   0.033575782587767035 
 0.001825  T17-2520    0.09282127    0.013484872499892388    0.08664439    0.017780144163766533     0.1460242    0.019381814526542657     0.1495485    0.017596678040283174      0.233987   0.024869838954495245    0.3081299   0.031293053304970356    0.3288517    0.03468625261326741   0.06301184    0.006327854147482877    0.2001714   0.020101863795185984   0.2507566   0.025181794207232513   0.2979986    0.02992598977375955   0.2990037   0.030026925159769124 
 0.001825  T17-2230    0.02008046    0.009464161292892096    0.01917908    0.009779448356114367   0.009975669    0.005086612598923925    0.03843902    0.012682050678656192    0.07892895    0.01124831970747569     0.121946    0.01286237555200827    0.1865033   0.021532990024251162  0.008736594   0.0008773572173902146   0.04907809   0.004928581600699314  0.09645001   0.009685824055094112   0.1552352   0.015589224245733363   0.1722969   0.017302615708778515 
 0.001825  T17-2273    0.02008753    0.009644632490698338    0.02564924     0.01307859752688246    0.01438411    0.007334487718727873    0.03491579    0.010145953501314748    0.03299392   0.008173356080019272   0.05789807   0.006916405803907837   0.05447888    0.01102913810271469  0.008668179   0.0008814017212184522   0.02786157  0.0028330328162123027  0.04698229  0.0047181145433981804  0.06173636   0.006199766293219641  0.06269357   0.006295892435467415 
 0.001825  T17-2309    0.01219213    0.006216789897645327    0.01973682    0.010063841070465492    0.01326951    0.006766147081420119    0.01277067   0.0065117885725847246    0.02066756   0.008395354233492773   0.03862327   0.005455886793709891   0.05530588   0.011004447841138828  0.004077376   0.0004345282811888888   0.01909109   0.001941228906162795  0.03623421  0.0036387573504790566  0.05185678   0.005207626700018921  0.05243527   0.005265720550387183 
 0.001825  T17-2272    0.01381648    0.007045052074077806    0.03343639     0.01703279236257875    0.03087296    0.012276922511428342    0.02762103     0.01177102562224333    0.03238323   0.008994024608221728   0.05665431   0.006932434749196057    0.0749665   0.012390782138765736  0.008162436   0.0008299765191972121   0.02954401   0.002966905684141166  0.04977013   0.004998078508668011  0.06971167   0.007000672890182789  0.07274699   0.007305489614338395 
 0.001825  T17-3019    0.06086474     0.01308799541469877    0.06661925    0.019282382365922137     0.0939059     0.01746826186086355     0.1144544    0.015917222630949156     0.1780249    0.01999584114855039    0.2641574   0.026962326833442327    0.3159476    0.03359774379385021   0.03765728   0.0037816666681480125    0.1382553   0.013884047459532145   0.2154564   0.021636833260159145   0.2901014   0.029132927226354875    0.331381    0.03327835905442791 
 0.001825  T17-2999    0.01274915    0.006500815482591473    0.02269359    0.011571510727250829    0.04699757    0.015728213776393968    0.04429534    0.012250392605874148    0.05408475   0.010051400687323584    0.1624101    0.01672839429104506    0.2648069   0.028337605905203074  0.009986989    0.001002925953483847   0.06212499  0.0062387937819085105    0.131506   0.013206260717410703   0.1998785   0.020072449796751296   0.2349342    0.02359285734283527 
 0.001825  T17-1425    0.01315016    0.006264511799362501   0.001275749   0.0006505067084285142    0.01559074    0.007949748749135158    0.02186226    0.008671657579510678    0.02257639   0.007008573733245374   0.05206706  0.0062243318637697975   0.06766897   0.010396935312833007  0.003934803   0.0004082246320824479   0.02103639   0.002139031756973739  0.04082425    0.00409970411018308  0.06140915   0.006166906801003696  0.06393683   0.006420744657661525 
 0.001825  T17-1354    0.02848648    0.006975281649579464      0.029861    0.012317535598487224    0.05859487    0.011211749537903217    0.05944059     0.01024356767312761    0.08065464   0.011115462674396644    0.1002949   0.010551162627711745    0.1043379   0.013021748337201728   0.01874959   0.0018828948781912946    0.0588135   0.005906243168917048  0.08587408   0.008623754729375962    0.110523   0.011099079586705602   0.1069416   0.010739423710915474 
 0.001825  T17-1254   0.001189768   0.0006066648287486922           0.0                    99.0     0.0111086    0.005664298778031046           0.0                    99.0    0.01369166   0.006981403170767107   0.02330609   0.003921992878798354   0.04122129   0.009763542757475742  0.002215822  0.00023614141233322061  0.008606018  0.0009171482176060749  0.01887868  0.0019196305246299977  0.03034282   0.003085332384867162   0.0353236  0.0035917903444592975 
 0.001825  T17-1032   0.007960101    0.004058870542626607   0.001034527   0.0005275071399177266           0.0                    99.0    0.01217871    0.006209947013458086   0.006786269   0.003460331315258643   0.01900466   0.003973217227805698   0.02036429   0.008835635308656475  0.001111062  0.00013219625024785082  0.006887389  0.0007339929604279935  0.01325166   0.001374822098663536  0.01886924   0.001957630080544575  0.01965081  0.0020941979462236254 
 0.001825  T17-1083    0.03371171     0.00732840928385151    0.04727231    0.013296818295628508    0.06145787    0.011728798064695034    0.04743291    0.010585314443075417    0.06942263   0.009729845810143653   0.09845989   0.010600190705743032    0.1192506   0.014658170065948068   0.02036719    0.002045339542190108   0.05121887   0.005143565697793238  0.08050612   0.008084686711003057   0.1084996   0.010895883133834475   0.1069369    0.01073895173890918 
 0.001825  T17-0981    0.01693553    0.007070663850467578    0.02776181    0.011847089831395768    0.03971925     0.01113813766054384    0.05635696    0.010651077265887099    0.08473971   0.010929591145143993    0.1841028    0.01875245036834131    0.2733731   0.028611881923356598   0.01233964   0.0012391868295746572    0.0754145   0.007573369647388554   0.1583071   0.015897714515491497   0.2509684   0.025203063967514445   0.2782104   0.027938794302263103 
 0.001825  T17-0995   0.005137263   0.0026194999380554852    0.02042844    0.010416501419225939    0.02086047    0.010281751011102583    0.02025021    0.008807969269421075   0.009865089   0.005030227641142616   0.03675322     0.0048573775490114   0.05779072   0.010928325041082232  0.005034978   0.0005119689191445497   0.01407489   0.001431169365007444  0.02696416   0.002741781947493201  0.03759168  0.0037750789115647424  0.04570514   0.004647410785097879 
 0.001825  T17-1026           0.0                    99.0    0.02166855    0.011048840831029515    0.01012323    0.005161853750478116    0.01309977    0.006679596324196396    0.02998204  0.0076390535938269215   0.04664865   0.005701361395714711   0.04587867   0.009223407484551954  0.003255919   0.0003377923522152432   0.01771437  0.0018012406233387144  0.03800804  0.0038168911368946586  0.05357232    0.00537990681215172  0.05731905   0.005756165633181817 
 0.001825  T17-1152   0.006163967   0.0031430192917045368    0.01538492    0.007844802690667752   0.007331621   0.0037384073642363277    0.02567897    0.009473125025399909     0.0452376   0.008671689389850228   0.08084943   0.008751134334508756    0.1109437    0.01352267983113717  0.006141854   0.0006245187819189829   0.03048149  0.0030610504773814187  0.05911135   0.005936154235763451  0.09306562   0.009345952599004193  0.09958223    0.01000037179442028 
 0.001825  T17-0901   0.002836249   0.0014462084093504678    0.00993982    0.005068333614159984   0.001743297    0.000888910542098776           0.0                    99.0    0.00452239  0.0023059754858076875   0.02036823   0.004352372751542887   0.03208466   0.008981824180585591  0.002353808   0.0002508466510563584  0.009036644  0.0009630402928562491  0.02188424  0.0022252432122764135  0.03524041   0.003583331384076382  0.03828454  0.0038928660028090824 
 0.001825  T17-0876    0.07522422     0.01057628784969873    0.07220527     0.01260876267736565     0.1173386    0.016109981725936254     0.1204112    0.015308938107174385      0.202758   0.021612478781149212    0.2667638    0.02690753658006983    0.3844159   0.039398551714082346   0.04306383    0.004324610035838117    0.1448485   0.014546158015273862   0.2288755    0.02298442293247627   0.3116044    0.03129232841566642   0.3228554   0.032422190512506464 
 0.001825  T17-0939    0.01191421    0.006075080889065593    0.01704283    0.008690171293103779     0.0147844    0.007538592448514776    0.03477102    0.010163748911847438    0.02622101   0.008299197279613552    0.0314286   0.004862762105596469   0.05084126   0.009769506512579077  0.005707705   0.0005803734497840938   0.01752413   0.001781896544261187  0.02771382   0.002818009225566652  0.04177691     0.0041953733364335  0.03985578  0.0040526335220432115 
 0.001825  T17-1885    0.05461628    0.008932510083066237    0.05255052    0.012731556398928767     0.1084415     0.01463278690573074    0.09415259    0.012852929918557753     0.1716464   0.018715327985497906    0.2496112    0.02522865249312141    0.2933168    0.03038014966606985   0.03071273    0.003084272351208481    0.1148635   0.011534966685652976   0.1945123    0.01953355847651615   0.2574996     0.0258589482851465   0.2424505    0.02434766869203711 
 0.001825  T17-1812           0.0                    99.0           0.0                    99.0   0.009428141    0.004807427003300082    0.01477378    0.007533181212114042    0.02904689   0.008263193168137001   0.03381414   0.004909501356954696   0.03878436   0.009462801340975727  0.003393441  0.00036164093873040703   0.01257933  0.0013050697607182118  0.02469313  0.0025108580651608905  0.04116257   0.004133679311480596  0.04329232   0.004402069341855033 
 0.001825  T17-1853    0.02866152    0.007085543677632154    0.03299711    0.011575702202334033    0.04506744    0.010966676162474208    0.03820372    0.009860706947937607     0.0785409    0.01095885801079606    0.1157642   0.012088615913915208    0.1560137    0.01786750311792616   0.01426912   0.0014329514875987812    0.0488376   0.004904430811354037  0.08610044    0.00864648654197434   0.1268391    0.01273759549106204   0.1270838   0.012762168991187392 
 0.001825  T17-1478           0.0                    99.0   0.005152008   0.0026270189326186135    0.01680342    0.008568096647509528    0.00864714    0.004409193559676871    0.01072828   0.005470369926148048   0.01942645   0.004115142297121814   0.03139441    0.01022859585205032  0.001462363  0.00017399469200906706  0.007526983  0.0008021548513980204  0.01738137  0.0017673803636998715  0.02427139  0.0024679744957031564  0.02502755   0.002596537232059631 
 0.001825  T17-1592    0.02432769    0.006838608732407565    0.01657346    0.008450837633613607    0.01754313      0.0089452762199495    0.03599507    0.009335006999591645    0.05580138   0.008878497050983798   0.08565595   0.009210171010757022    0.1002693   0.013698352730752884   0.01146973    0.001151827631834299   0.03996215   0.004013129224240106  0.06601423  0.0066293639334942195  0.09030679   0.009068901903958973  0.09472222   0.009512313751348325 
 0.001825  T17-1776   0.002275778   0.0011604236430605161    0.01752561    0.008936344698923043    0.01338204    0.006823527328587246    0.02585944    0.009932202521500455    0.03113928   0.007979890027198684   0.04044895  0.0051732868748915325   0.05511067   0.010755707952250936  0.006236082   0.0006341001263693693   0.01877294   0.001908878622433642  0.03281227  0.0032951149963784026   0.0454911   0.004568364394291458  0.04584143  0.0046612690950005335 
 0.001825  T17-1862    0.01388051    0.007077699134861978           0.0                    99.0    0.01591871    0.008116981292122459   0.005461164   0.0027846581802930424    0.02693859   0.007500534002218909   0.02311755   0.004257989919263078   0.04937835   0.009797189230869688   0.00375662  0.00038973867260574745   0.01226136  0.0012720812855997884   0.0202377   0.002057818982010422   0.0318784    0.00324147394066268  0.03299697  0.0033552128796063836 
 0.001825  T17-1778   0.004148032    0.002115089611100731           0.0                    99.0    0.01063444    0.005422523668774531           0.0                    99.0   0.006657823  0.0033948374297950246   0.02323877   0.004344997375853062   0.02647241   0.008798586323136518  0.002105995  0.00023185809370228786   0.01132282  0.0011747104038208737  0.01804408   0.001834766330319379   0.0245554   0.002496853319078718  0.02543483  0.0026387914122986606 
 0.001825  T17-0496     0.0388475     0.00953855733405786    0.01874898    0.009560141487996084    0.04966901    0.012292260389037527      0.078381    0.012309911964023505     0.1313877   0.016516687090796994    0.2256362   0.022859898771007803    0.2797314   0.029787978254317633   0.01564577   0.0015711991709256373   0.08831592   0.008868972255160803   0.1519034   0.015254634042097634   0.2089787   0.020986321517648704   0.2031633   0.020402320096893613 
 0.001825  T17-0404    0.01725949    0.008388546584323293    0.02278633    0.011618799034219888    0.02112947    0.010084081534684755     0.0349296    0.010139423266383745    0.03186956   0.011405040862019567   0.05655876   0.006630216076395776   0.07539429   0.012132779771096235  0.008204779    0.000834282061728628   0.02553104   0.002596058815269146  0.04570346   0.004589690267066762  0.07392949   0.007424240103007681  0.07438703   0.007470187768863847 
 0.001825  T17-0410    0.02454039    0.009291108435440896    0.01601447    0.008165808522403952   0.006352389    0.003239096037183555     0.0270784    0.010546710961930264    0.03900704   0.010159460501100046    0.0898505   0.009819050923570006    0.1199496    0.01672287937527506  0.007388479   0.0007512786747240002   0.03380599   0.003394907594501961  0.06505934   0.006533470766964959   0.1032341    0.01036710444637947   0.1107327   0.011120138306059688 
 0.001825  T17-0492     0.0135168   0.0068922407349717545           0.0                    99.0    0.01322979    0.006745894756492796    0.02486058    0.010240207045473494    0.02437277   0.009846864188571558   0.07139599   0.008072672615436972   0.09000013   0.013476571711892048  0.004878566   0.0005061373808005095   0.02745367   0.002756986929705464   0.0555637   0.005579887677060567  0.07843037   0.007876233133812456  0.08122507   0.008156886004184394 
 0.001825  T17-0476    0.02483491    0.010424499530892648    0.02296617    0.011710489995345585    0.02167565     0.01105245132907741   0.008265001    0.004214340628176727    0.03374175   0.009679897313741815   0.04396695    0.00567523461022018   0.08437923   0.012978544549139938  0.006246091   0.0006351178529018452   0.01982286  0.0020156370391135035  0.03488226  0.0035029901311711188  0.05752071   0.005776416990932796  0.05684966   0.005709027964813108 
 0.001825  T17-0475           0.0                    99.0    0.01262939    0.006439749624896686   0.005085703   0.0025932093934434007    0.01626828    0.008295227717259122    0.02529629   0.009095376544168856   0.03769753  0.0054855641561620625   0.07302299    0.01289144423849791  0.002445143  0.00027936648006060067   0.01299286  0.0013479723357072283  0.03068917   0.003120550120470133   0.0492159   0.004942420931734066  0.05532808   0.005556225953158696 
 0.001825  T17-0516     0.0668619     0.01292108450578743    0.07974028    0.024960154690371692     0.1432771     0.01898723749438554     0.1387463     0.01764323524015366     0.2379343    0.02580019847820602    0.2997023    0.03025908352550561    0.3384965     0.0355783862234166   0.04373525    0.004392036208673291    0.1617439    0.01624284906144104   0.2470082    0.02480536776936194   0.3217137    0.03230753732186266   0.2933293   0.029457083357779062 
 0.001825  T17-0484           0.0                    99.0  0.0009168615    0.000467509517005229     0.0209464    0.010680610233951992     0.0230563    0.011415874617448283    0.03367589   0.009508890073658492   0.04704388   0.006719339103609818   0.03865535   0.013450237792553148   0.00594712   0.0006047177568452907   0.02444326   0.002454671755318517  0.04264742   0.004282792785724204  0.06241634   0.006268052094583013  0.06402071   0.006429168163746206 
 0.001825  T17-0214    0.03951752     0.01027868168225522    0.04328835     0.01642306198311767    0.06605609    0.012350344825055735     0.0587226    0.012734414067290258     0.1071375   0.015155844519029616    0.2030939   0.020909099349525413    0.2353248   0.027085409234687594   0.02304046   0.0023137980176381537    0.1085867   0.010904629942519829   0.1927217   0.019353740597360607   0.2626966   0.026380847934462322   0.2609979   0.026210258913080983 
 0.001825  T17-0230    0.03032753     0.00947519720212904           0.0                    99.0    0.06061509    0.012383915869367854    0.05068332     0.01089647866910375     0.1191485    0.01521822232740132    0.2203681    0.02234517909669547    0.2618222   0.028439723945729505    0.0168503   0.0016921619927503983   0.09744776   0.009786021366490592   0.1639861    0.01646801804731793   0.2300833   0.023105714210086992   0.2205067   0.022144000740480053 
 0.001825  T17-0277     0.0102908    0.005247297039886726    0.01372148   0.0069966113886986755           0.0                    99.0     0.0136501    0.006960212626249287    0.03413042   0.009918413197293861   0.06836016    0.00796577292633251   0.07817969    0.01297502294924217  0.008200982   0.0008338959812989447   0.03573575  0.0035887003729734193  0.05757234   0.005781601840906431  0.07797746   0.007830750441951077  0.08052631    0.00808671426050878 
 0.001825  T17-0283    0.03854381     0.00896368640233972    0.05365033    0.015677495901960523    0.06422937    0.011588202334799173    0.06366847    0.011363398836561622     0.1271724   0.015766552609113256    0.2129813    0.02158972468183409    0.2425226    0.02645554283531525   0.02926371   0.0029387570508074396    0.1070192   0.010747216507677185   0.1739672   0.017470352670584787   0.2421901   0.024321518418604315   0.2366371    0.02376386807921143 
 0.001825  T17-0332    0.02117645     0.00932931451392014           0.0                    99.0    0.03183884     0.01219253920172316    0.02604643    0.011641421255476027    0.04779305   0.012591073538246251    0.0450978   0.005870161258040617   0.05792585   0.012800412436508637  0.008471302   0.0008613827862105674   0.02499255  0.0025098332504545017   0.0383302   0.003849243492787855  0.05229108   0.005251240524662119  0.05103191   0.005189049862190164 
 0.001825  T17-0268    0.06720993    0.010861583964681442    0.09760321    0.019023268856427935     0.1307137    0.017560162887550333     0.1570283    0.018255764038193418     0.2446263    0.02713005119040139    0.3832441    0.03872816436696096    0.4365792   0.044822503050659726   0.04934841    0.004955728011697612    0.2035374   0.020439888474764266   0.3190728    0.03204232950697813   0.4204647    0.04222443425744186   0.3997167    0.04014085255248858 
 0.001825  T17-0326    0.03999023    0.009233855162347144    0.02761896    0.014082961598513858     0.0749035    0.013109445103241402    0.05802839     0.01155866137643741    0.08630959     0.0127073754671846    0.1351733   0.014049071816946344    0.1673989    0.01943380810218947   0.01953521   0.0019617894033042895   0.06682435   0.006710718814318627   0.1063952   0.010684552419006423   0.1412441   0.014184192408062436   0.1366116   0.013718981665077077 
 0.001825  T17-0320   0.006147616   0.0031346813946075223           0.0                    99.0    0.00900043    0.004589336820072591    0.00353087   0.0018003975029959357    0.02835218   0.009873736577519577   0.02693028   0.004769818037430045   0.05178518    0.01178513203543872  0.002785062   0.0002968056469622672  0.009584956   0.001021474193065689  0.02042736   0.002077104100480958  0.03470575  0.0035289658433594905  0.03709971  0.0037723895399447076 
 0.001825  T17-0204    0.01010592    0.005153028328280759    0.01061916    0.005414732366957761    0.01508678    0.007692777581147462    0.02344734     0.01095559293504263    0.02980765   0.009032801333041372   0.02995707   0.004667635692419129    0.0402413    0.01116943455562993  0.005146195   0.0005339031129796961   0.01417887     0.0014710174876855  0.02049567  0.0020840500258973247  0.02591032    0.00263462493723597  0.02768217   0.002871946556418815 
 0.001825  T17-0202    0.01782919    0.009091139752736012    0.04232143    0.017540313062786222    0.05695035     0.01144654400411906    0.07807135    0.012668701451792958    0.07912952   0.013437667845720255    0.1522602   0.015749126667891432    0.1760978    0.02100026499239712   0.01712699   0.0017199481026537286   0.07822397   0.007855505775056457   0.1333099   0.013387414180241867   0.1987741   0.019961542343512162   0.2103231   0.021121330599893656 
 0.001825  T17-0224    0.02981582    0.009001916664684693    0.02124049    0.010830562395923907     0.5262996     0.06224705572924715     0.0181497    0.009254565485424153    0.04114847   0.010215430819809267   0.05657219   0.006678890494080361   0.07666507   0.012425151061825889   0.01164134   0.0011690612680541983   0.03246376  0.0032601164869957167  0.04577871   0.004597247119097172  0.06015297  0.0060407571101201785  0.05922215   0.005947281141189094 
 0.001825  T17-0197  0.0006335276  0.00032303695947996045   0.008093161    0.004126718096274473      0.010683    0.005447282546371172   0.005387361    0.002747025396286538           0.0                   99.0   0.01988174   0.005052267323950703   0.02022478    0.01031265478781211  0.001835379  0.00021837681568758624  0.009614392  0.0010246112173258352  0.01794653  0.0018619015165668162  0.03070336   0.003121992996403778  0.03400375   0.003457584763795718 
 0.001825  T17-0219    0.01466207    0.007476218103966335    0.00239181   0.0012195885862806358    0.02156229    0.010994658649678078    0.01232263    0.006283331121717047     0.0205025   0.009455762907618613   0.02738252   0.004536301283991728   0.01826056   0.009311095176913186   0.00332443   0.0003542863831722157   0.01143596  0.0011864483911984078  0.01847969  0.0018790602363504077  0.02862582  0.0029107436308329205  0.02739344   0.002841991613371104 
 0.001825  T17-0272     0.0524693    0.011054308015579266    0.07635168    0.017942890664848964     0.1161521    0.015929112333350533     0.1089866     0.01533078473909604     0.2055744    0.02246974335865724    0.2521232   0.025569922440442483    0.2812278    0.02997086040358034   0.04005402    0.004022355103829996    0.1428866   0.014349137607701588   0.2224348   0.022337626870381735   0.2891567   0.029038057377082305   0.2666473   0.026777590157377285 
 0.001825  T17-0317    0.01489547   0.0075952311805749535           0.0                    99.0    0.01752553    0.008936302926186255    0.02317584    0.011534294624321678    0.03980618    0.01009948053412194   0.04293804   0.005621312885654471   0.05723478   0.012093903718902512  0.005447081   0.0005538725566940647   0.01863613  0.0018949674338059324  0.03407277   0.003421698507595934   0.0535771  0.0053803868421554565  0.05557964   0.005581488422586825 
 0.001825  T17-0270   0.004783002   0.0024388620531553317   0.003666403    0.001869506534459853   0.003938594    0.002008296766211946   0.008559875    0.004364697456181842    0.02175858   0.010887644161904998   0.02832515    0.00483489161535706   0.04372062   0.011020196931282308  0.003948849   0.0004096818632823523   0.01283521  0.0013316166305926832  0.01959748    0.00199271987532242  0.03264905   0.003319835524374407  0.03093913  0.0032098469270345296 
 0.001825  T17-0238    0.02228522    0.008650486468373268           0.0                    99.0    0.02361808    0.010645237612837208    0.02679863     0.01026809384465929   0.003431635  0.0017497968925624624   0.02790911   0.004794911330217692   0.04855271   0.011625375603697327  0.001935672  0.00022115756976526943   0.01011452  0.0010779101434782448  0.02103437  0.0021388263601872315  0.03547936  0.0036076283844516483  0.03626535  0.0036875497818571563 
 0.001825  T17-0256    0.00993264    0.005064672518149223           0.0                    99.0    0.00683941   0.0034874285051461626    0.01872222     0.00954649847293907   0.001772594  0.0009038490415096816   0.02820301   0.004831440620593096   0.06887495   0.011716447911156735  0.002132028  0.00023472416910867976  0.009652783  0.0010014488143651327  0.02271834   0.002310056567233212  0.03715359  0.0037310844834402826  0.04232618   0.004303829847734805 
 0.001825  T17-0113    0.02090156    0.008263107383579193           0.0                    99.0    0.03049021    0.010104178157673043    0.01948877    0.009937359891430823     0.0309694    0.00997061255996847   0.04154924   0.005846683507556827   0.04115459   0.011389222699095009  0.008926947   0.0008964730849194181   0.02491528   0.002502073543894991  0.03682218   0.003697803212028872  0.05051942   0.005073324657956083  0.04857855  0.0049395861713867305 
 0.001825  T17-0115    0.01963026    0.009036920329926838   0.005439305    0.002773511743247944   0.002932304   0.0014951875315786177    0.01090116    0.005558523736660392    0.02433051    0.00893187522907911   0.02710989   0.004600561247589798   0.03883808   0.011002459109365688  0.003664366  0.00039051355395120413   0.01249003   0.001295805099378533   0.0207494  0.0021098499006147334  0.03512354  0.0035714477601829996  0.03500272     0.0035591624655395 
 0.001825  T17-0225    0.04396086    0.009565575297434285    0.02245924     0.01145201030204636    0.05353879     0.01210733447519482    0.07657107     0.01220594664353179     0.1276582   0.015821848991641938    0.1869079   0.019109696884680012    0.2047931   0.023638382958201688   0.02807492    0.002819374884544473    0.1014135    0.01018427386130532   0.1555043   0.015616248189574989    0.204445   0.020531032594052936   0.1853349   0.018611934083756825 
 0.001825  T17-0217    0.01453904    0.007413484866890604           0.0                    99.0    0.00843927    0.004303200241047819     0.0127904   0.0065218508992463935    0.02198607   0.009016790672055885   0.03116719   0.004844917913119376   0.03126449   0.010179859883023194  0.004729769   0.0004907001180233912   0.01406198  0.0014298566465151988  0.02075493  0.0021104122287953606  0.03017139  0.0030679009902509504  0.02810258   0.002915562858226934 
 0.001825  T17-0151   0.008323728   0.0042442851497838645    0.01260904    0.006429372139605858   0.008489743    0.004328937012529115    0.01634686    0.008335293851435593    0.02472439   0.009077827956921027   0.06174375   0.007360167956813622   0.08118526   0.015025175986080028  0.004388194  0.00045526267260390454   0.02712863  0.0027243453571990854  0.04925423   0.004946270152174489  0.07800794    0.00783381133993844  0.08512738   0.008548768680468458 
 0.001825  T17-0148   0.002142493   0.0010924618517639368   0.001760437   0.0008976503596031419   0.009584114     0.00488695843064978    0.01217241   0.0062067375729065585    0.01643664    0.00838107480978997   0.02225014   0.004221708650105073   0.02480217   0.009592177110932064  0.002339809   0.0002575996858881043   0.01284022  0.0013321363955001945  0.02557638  0.0026006690807714255  0.03695661   0.003757838798767692  0.03712986   0.003775455287037484 
 0.001825  T17-0141    0.02650538    0.009701248682391767    0.01842426    0.009394565145770025    0.03428188    0.011619551727400847    0.01513666   0.0077182105099005945    0.01800848   0.009182558112433866   0.03139276    0.00491212428172018   0.04839019   0.010780245965244113  0.002873021   0.0002980677726496947   0.01254221  0.0013012186563975327  0.01880551  0.0019121904088105586  0.02900974  0.0029497815644668746  0.02785057  0.0028894175612266724 
 0.001825  T17-0168    0.03463983    0.011087883505624011    0.04002467    0.017789018086900945    0.03604471    0.012035779897735792    0.04117039    0.010249764336127197    0.05906997   0.010573280157556264    0.0937146    0.01010167268150384    0.1221455   0.016125224224903045   0.01437611   0.0014436957796295626   0.04519799  0.0045389293284500715  0.07386962     0.0074182277739519   0.1035407   0.010397894217590214   0.1010116   0.010143913739610598 
 0.001825  T17-0173    0.03073262    0.009593800564181434    0.02348362    0.011974343662979779    0.02995173    0.011377156321872747    0.03976288    0.011361687106580783    0.06012851   0.012129040942572542    0.1020005   0.010803583257242202    0.1286877    0.01633086666761443   0.01267994    0.001273360865574076   0.04658661    0.00467837907377106  0.08040314   0.008074345113160079   0.1201455   0.012065402322842823    0.123832   0.012435612663886932 
 0.001825  T17-0190  0.0002702728  0.00013781262811933602   0.006895722   0.0035161421038311064    0.01262317    0.006436580976501266  0.0005088847  0.00025948135057591497   0.009681462   0.004936596365810703   0.03033911   0.005152887455429431   0.04002495   0.010390590034869097   0.00319284   0.0003312480816590738   0.01250493  0.0012973509581143455  0.02321948  0.0023610137231777563  0.03598617   0.003659162089827812  0.03674215   0.003736031997623314 
 0.001825  T17-0215  0.0007534507   0.0003841860312120482    0.01974513    0.010068081297423308   0.001610948    0.000821425724854463           0.0                    99.0   0.003040216  0.0015502120709537002   0.02314674  0.0043764264865870876   0.04298256   0.011460909869025931  0.001871008   0.0002137694555803752  0.007297811  0.0008034475309469624  0.01563766  0.0016223628460714824  0.02439649   0.002480694965795072   0.0231013   0.002396694251858956 
 0.001825  T17-0206   0.004084284   0.0020825843815054793    0.01270738    0.006479518839244546           0.0                    99.0    0.02300849    0.010135275783869031    0.01782777   0.009090416672545764   0.03670386  0.0054960537765363976   0.04424155   0.010572804175288077  0.004384566  0.00045488626334893873   0.01518902  0.0015758176883401232  0.02471705   0.002513290305354519   0.0371928  0.0037818551811272323  0.03971585   0.004038405079181063 
 0.001825  T17-0246    0.02095667    0.010261455131085895    0.01042115    0.005313766681569111    0.01362463   0.0069472244429674935    0.02762845    0.011640014124172059    0.02478011     0.0096614569503195   0.03465249  0.0050432333226042595   0.04273604    0.01050777716918212  0.005518727   0.0005611577035833867    0.0194743  0.0019801946232767148  0.03111349  0.0031636960079501255  0.04077777   0.004095036436928665  0.04476477   0.004551791683881718 
 0.001825  T17-0252    0.02326074    0.009112978954158295    0.01622319    0.008272235257691659    0.02966777    0.011331200819601116    0.03479156    0.010759235859875737    0.06317507   0.011438991218222784   0.09306038   0.010082381817152384    0.1172245   0.021391954619889225   0.01142329     0.00114716397840708   0.04628339   0.004647928721155855  0.07672248   0.007704721263339773   0.1082441    0.01087022497740157   0.1210379   0.012155020100094489 
 0.001825  T17-0248    0.03353973    0.008918670424049204   0.003032909    0.001546486707685459    0.05000983    0.012016390644881225    0.04032516    0.010505808966649452    0.08161674    0.01280702978638236     0.112075   0.011970403879291793   0.07934505   0.020174844917865538   0.01152388   0.0011572655566624325   0.05614049  0.0056378108040027386   0.1001884   0.010061245347474072    0.140064   0.014065682934766056   0.1640066   0.016470076741312897 
 0.001825  T17-0361     0.0091814    0.004681613776210079    0.01482055    0.007557028345798434    0.01969582    0.010042939012782463    0.01115541   0.0056881663077934875    0.02886733   0.010534854240576326   0.06066703   0.007605969730850169    0.1082929   0.015949920498676474  0.005132135   0.0005324444258131172   0.02091858  0.0021270525543705425    0.053289   0.005351454901981145  0.09413693   0.009453537034790273  0.09802228   0.009843716533326729 
 0.001825  T17-0369    0.01007314    0.005136311781153866    0.03118791    0.015902771264914208     0.0107187    0.005465485065454026   0.008396759    0.004281523308903247    0.04165731   0.010436651190896531   0.07009327     0.0080398694880455    0.1069267   0.015203374533125863  0.005961377   0.0006061674393103362   0.02814126  0.0028260369620732775  0.05335941   0.005358525694267024  0.08673287   0.008709997222249471  0.09197143   0.009236070472935351 
 0.001825  T17-0350    0.01148533    0.005856390217843924    0.01167997     0.00595564047539851    0.02196587    0.011200444879207655   0.004566462   0.0023284478846079936    0.02528416   0.010822204154378902   0.04975704    0.00625528383456938   0.07393038   0.012764150307946238  0.009058432   0.0009096772366032788   0.02611282   0.002622334414522297  0.04135413   0.004152916387414555  0.05835874   0.005860574688449116  0.05790159   0.005814666197565076 
 0.001825  T17-0364           0.0                    99.0    0.01894568    0.009660439201828455  0.0003727992  0.00019009103954517793           0.0                    99.0    0.01984972   0.009547192855645056   0.04946139   0.006417154335940659   0.05370274   0.011363232069159549  0.003757597  0.00038984000814504667   0.01500033  0.0015252703690607414  0.02787146   0.002834038459210406  0.04871063  0.0048916800647387975  0.05067201  0.0051524543293742465 
 0.001825  T17-0382    0.03236392    0.009865073319837213    0.04775802      0.0185323737879637    0.04122652    0.011284890931130172    0.04873112    0.011910526628346204    0.06542524   0.011323981134976558   0.07633035   0.008522743914727756   0.07322872   0.013952538524884425   0.01549963   0.0015565233161975475   0.04361595   0.004380055722803289  0.06206372   0.006232640850616054  0.07859335   0.007892600115978083  0.07595981  0.0076281314540356145 
 0.001825  T17-0372   0.004643185   0.0023675686017317955           0.0                    99.0   0.009523137    0.004855866629652084           0.0                    99.0   0.007148244  0.0036449035643922544   0.03380104   0.005135744224715635   0.04762948    0.01163185305146192  0.003128965   0.0003334555660089362   0.01356689  0.0013795146793604482  0.02974596  0.0030246422075215175  0.04873286   0.004893912487858738  0.05307887   0.005397189760997867 
 0.001825  T17-0360     0.0132978     0.00678057318820474    0.01935768    0.009870518805788478   0.009288118    0.004736029492655239    0.01753389    0.008940563745338267   0.003968498   0.002023544874165394   0.01006855   0.003667350335469193   0.04099531   0.011952968867225456  0.001491239  0.00018523288669526264  0.003927726  0.0005339834922620455  0.01006009  0.0010721094643674639  0.01708792   0.001772823185943508  0.01843289   0.001964403496457833 
 0.001825  T17-0491    0.00188401   0.0009606605714965301   0.001237972   0.0006312445346442851           0.0                    99.0     0.0205584    0.009917767512777459   0.001446474  0.0007375598171323937   0.02207131   0.004352894797532557   0.04034968   0.010924025131398408  0.001098522   0.0001563782262558634   0.00666661  0.0007339558779631716  0.01625123  0.0016860189472758008  0.02761065   0.002807518639822826  0.03080349   0.003195774628004705 
 0.001825  T17-0319     0.0321595    0.012110581035231134    0.03278363    0.016716432006737232    0.07177563      0.0146061798003403    0.07327099    0.012957576016994885     0.1314628   0.016476346593818213    0.1930162   0.019862517557691826    0.2486302    0.02702433116186227   0.01967229   0.0019755554183503053    0.0926316   0.009302366894808328   0.1554245   0.015608234412375698   0.2144267   0.021533427423012553    0.200769     0.0201618767239263 
 0.001825  T17-0371   0.009215532    0.004699017749613874           0.0                    99.0     0.0145891   0.0074390085974143086   0.006890209   0.0035133315046636023    0.03935586   0.010741453692838786    0.1105882   0.011955877987632526    0.1959271    0.02193456414907734  0.006235453   0.0006340361656796717   0.03829686  0.0038458953789293868  0.08459098   0.008494901648323004   0.1423059    0.01429082186365417   0.1563172   0.015697882154900894 
 0.001825  T17-0041           0.0                    99.0    0.02181645    0.011124255329635553           0.0                    99.0    0.01589121    0.008102959969040757    0.02620528   0.010166435635660121   0.02380775   0.006209973796015648   0.04627309   0.011260444558008401  0.002546911   0.0002804004398844089   0.01078543  0.0011189577530028782   0.0208711  0.0021222246558543325  0.03232687   0.003287075466757861  0.03845715   0.003910417394242284 
 0.001825  T17-0025   0.007206377   0.0036745461848209622    0.01210127     0.00617046314808686           0.0                    99.0           0.0                    99.0     0.0283666   0.011942229613820026    0.0256327   0.005866663143963866   0.06089722   0.011955837976791254  0.001696629   0.0002018681029803867   0.00987864  0.0010248808475884453  0.02146281  0.0021823911987251875  0.03472352  0.0035307727341389182  0.03796182  0.0038600510089803544 
 0.001825  T17-0027    0.01830199     0.00933222237591936    0.01135631     0.00579060266807955   0.008753004     0.00446317381985557    0.02396251    0.012218525705562885    0.01413413   0.007207022428927081   0.02659898   0.005798651087589682   0.04204416   0.011266478711534317   0.00219995  0.00025135227183514775  0.009984726  0.0010358869783185808  0.01888592  0.0019203666936906218  0.03026617   0.003077538432942237   0.0343246    0.00349020956554277 
 0.001825  T17-0026    0.03032917    0.013516847817630745   0.008255912    0.004209705639050484    0.03307618    0.016063688054578997    0.01101345    0.005615780626778525    0.06963164   0.012601917507367518     0.082454    0.00991209430719669    0.1065318   0.014158088296178973  0.008520506   0.0008663859567898191   0.03991967   0.004008863240216693  0.07582147   0.007614238896976589   0.1100895    0.01105554607606264   0.1183364    0.01188372664933694 
 0.001825  T17-0033   0.007717761   0.0039353009037341995           0.0                    99.0           0.0                    99.0    0.02425787    0.012369140151723117    0.01914857   0.009763892228159066   0.02768128   0.005871713819135346   0.05323275   0.011323279256056923  0.001956637  0.00022355291237317844   0.00845085  0.0009006118758764178  0.01812075    0.00184256233973143  0.02887699   0.002936283226899308  0.03192961  0.0032466811130771743 
 0.001825  T17-0010    0.01739264    0.008868543036450802    0.02120431    0.010812114143323729  1.322318e-05   6.742526265755663e-06           0.0                    99.0    0.01476529     0.0075288482222243   0.01972438   0.006013977050911069   0.03030448   0.009776459118060282  0.002994525   0.0003191282370740797  0.007813004  0.0008326362707083148  0.01227964   0.001308648152903694  0.01966669   0.002040363264989262  0.01722681  0.0018358709107597433 
 0.001825  T17-0015           0.0                    99.0    0.01914516     0.00976215346250493   0.005087402   0.0025940762071490963   0.005510512   0.0028098208217887206   0.008894902   0.004535527886949549   0.02841949   0.005512713157892582   0.05036159   0.010920264458207275  0.001977105  0.00023523968901939142   0.01206403  0.0012516088395992417  0.02459433   0.002500811832036047  0.03435536  0.0034933373141835034  0.03862422   0.003927405474041019 
 0.001825  T17-0051    0.02578256    0.008542178720393995    0.02933472    0.012509686660711531    0.02842149    0.009681124597753351    0.01819245    0.008452168884589625    0.06913395   0.009921513431264102     0.148856   0.015364392901904356     0.211483   0.022647444774340462  0.008666952   0.0008703635397515598   0.05224062   0.005246173162918778   0.1142949   0.011477866022180474   0.1796193    0.01803795497807124   0.2054406    0.02063101400482497 
 0.001825  T17-0006      0.016261    0.008120981964532122    0.02813033    0.011590737176689367    0.01005032     0.00512467974094655    0.02176549    0.008058920341374893      0.100664    0.01253637318002699   0.09498603   0.010803533409433139    0.1774351    0.02178048359610273  0.003719931  0.00038593228092226236    0.0131264  0.0013618267457635022  0.02097214  0.0021324986645016243   0.0288508  0.0029336201340104838  0.03434697   0.003492484189246853 
 0.001825  T17-0007    0.01193141    0.006083851202628973           0.0                    99.0   0.002844514   0.0014504232392687866    0.01260071    0.006425125636931702     0.0157116   0.006188850064627193    0.0298531  0.0045955292324959705   0.04215737     0.0091554576165224  0.002014943  0.00023021453232263596   0.01067549  0.0011075517514076531  0.02149811  0.0021859805802927528  0.03099129  0.0031512704314725975  0.03214973  0.0032690634620834453 
 0.001825  T17-0013   0.001231203   0.0006277929102774657   0.004535058   0.0023124349237275067    0.02140185    0.009853139285153184   0.003960035   0.0020192300642413808   0.005757095   0.002935554464951085   0.01921567   0.007304356878913434   0.02562443   0.010340698460000127  0.003384461  0.00035112821527815167   0.01045988  0.0010851828592637464  0.01696078  0.0017596328007179341   0.0234946  0.0023889885822628476  0.02871209   0.002919515766707801 
 0.001825  T17-0014   0.006072945    0.003096606996287913   0.005295569    0.002700221456948043    0.01455153    0.007419853542263082    0.01594583    0.007669851045229627    0.04722294   0.007653260595036602   0.05488045   0.006183632263775799    0.1010731   0.013167067572963846    0.0032919  0.00034152527566507065   0.01934588  0.0019671365595856556  0.04242383    0.00426033914438574  0.06554915   0.006582659071331206  0.07504178   0.007535939889355547 
 0.001825  T17-0032   0.008368929    0.004267332737596918    0.02382111    0.011966984125765398    0.02130779    0.009215699870277733   0.006104307   0.0031125985412864426    0.02422349   0.006833000373756905   0.03032703   0.004344601815156137   0.03702862   0.009223550083442927  0.004744671  0.00048244978958479563   0.01569707  0.0015961166157238136  0.02395004  0.0024352988364863973  0.03245625  0.0033002311666458597  0.03261508   0.003316381362444556 
 0.001825  T17-0042           0.0                    99.0  0.0008775306   0.0004474545653174785   0.004260043   0.0021722037482840993    0.00923649    0.004709704274710462    0.03209195   0.007135525106460281   0.05908455    0.00696128991746939   0.08993458    0.01268208093811138  0.003545582  0.00036784406213595674   0.01774046  0.0018038935193713513  0.04247333   0.004265310094477005  0.06192942   0.006219154002615228  0.06635627   0.006663712703575403 
 0.001825  T17-0045   0.004627044   0.0023593387646252415           0.0                    99.0           0.0                    99.0    0.00590234    0.003009614683585924   0.006220461  0.0031718256925446285   0.02993164   0.004537232949708555   0.04383179   0.009522780834052887  0.002866207   0.0003054533183540326    0.0111859  0.0011605053530909886  0.02398328    0.00243867876064087  0.03595369   0.003655859444389685  0.04034253   0.004102127444573516 
 0.001825  T17-0053    0.00804116    0.004100203175192176   0.003981397   0.0020301216091456417   0.005803012    0.002958967142561309    0.01567334    0.007991867630898111   0.004325766  0.0022057165245236206   0.02140147   0.003969781849884575   0.04742558     0.0089521189319021  0.002224471   0.0002449016319155509  0.005915152  0.0006758276326302439  0.01724183  0.0017887908873357695  0.02813755   0.002861095150869927  0.03220032  0.0032742075589166975 
 0.001825  T17-0019  0.0002181559  0.00011123816813957385           0.0                    99.0    0.01080025    0.005507070511329413   0.002628823   0.0013404414871878182    0.03096538   0.007127035688857816   0.03028337   0.004676998836004239   0.03913954   0.009209866284251906   0.00342156    0.000354977135648819   0.01167321   0.001211062389129598  0.02128311   0.002164118861052082  0.03410996  0.0034683844462890345  0.03431993   0.003489734731050565 
 0.001825  T17-0016  0.0002710756  0.00013822197740588724   0.007022633   0.0035808537800897274           0.0                    99.0    0.01822597    0.009034918815630498    0.01491223    0.00645395657434918   0.01742591   0.003706608909739737   0.04918155   0.009519199860149277  0.001577621  0.00018024894577185855  0.007568659  0.0008065962861797097  0.01976578   0.002009833032250351  0.03197362  0.0032511561408258513  0.03728011  0.0037907330744522227 
 0.001825  T17-0017    0.01371422    0.006863570661713041   0.002122639   0.0010823372778409742    0.01171996   0.0059760324350140535    0.01185007    0.006042372836163373    0.02794083  0.0067753111638874566   0.05620227   0.006345979825064842   0.08966022   0.012182021008175122  0.004214408   0.0004372328644637775    0.0177844  0.0018083614455524759  0.03558128   0.003573187994551993  0.05498955   0.005522229666111439  0.06238511  0.0062649158798648375 
 0.001825  T17-0028   0.002759409   0.0014070285239886965    0.01219915    0.006220372351085906    0.01381333    0.007043443921769662           0.0                    99.0    0.01134914   0.005786948632249642   0.03276925   0.005948845884751512   0.02247294    0.01131851363790034  0.003765024  0.00039061053415354795   0.01676427  0.0017046321035149024  0.02635598   0.002679940728771443  0.03576885   0.003637064437579743  0.03837333  0.0039018943567083976 
 0.001825  T17-0030   0.007855406   0.0040054868481193846   0.001549202   0.0007899411228496968    0.01128812    0.005755832454016361   0.002149596   0.0010960831950340996    0.01948014   0.007225434817479983   0.04222844   0.005283699043940429   0.07479234   0.010747639735886433  0.002925806   0.0003118048147525147   0.01277326   0.001325189451850278  0.02619595  0.0026636684786686274  0.04078554   0.004095816728898852  0.04537377   0.004613716281317642 
 0.001825  T17-0018    0.02915306    0.007219883084909686    0.03036823     0.01116465845861077    0.03265825    0.010065282542657459    0.04521448     0.00939695771901912    0.06192606   0.009011716885195462    0.0792749   0.008617196936378151   0.09458297   0.013189920932214301   0.01634854   0.0016417736179605764   0.05042125   0.005063466104987237  0.07305123   0.007336042380831909   0.1010602    0.01014879434447666  0.09623061   0.009663791197165835 
 0.001825  T17-0022   0.008568024    0.004368852156893131   0.005388991   0.0027478565364672533   0.005336926   0.0027213089816600683   0.005613598    0.002862384574346543     0.0185488   0.006483965771695668   0.02499837     0.0039848522782373   0.04484353   0.009264925132780783  0.001613447  0.00019197097472776974  0.009297678  0.0009908588178674346   0.0184023  0.0018711910269644865  0.02763756   0.002810254932685519  0.03104741   0.003156976856486479 
 0.001825  T17-0024    0.02445313    0.008641423271990443    0.02251479    0.011480330452541035    0.03242356    0.009490221566152025     0.0453137     0.00888376336452632    0.06106281   0.008779496012674134     0.094252   0.010098860233174882    0.1376965    0.01621542939002591   0.01253367   0.0012586719555791174   0.04593802   0.004613245548091608  0.07213443   0.007243974343294452  0.09964112   0.010006285711081909   0.1029799   0.010341576888472861 
 0.001825  T17-0039    0.01091324    0.005564682371652132   0.007414884    0.003780863820702692    0.01174134     0.00598693315815343    0.01399819    0.007137705377078617    0.01558421   0.007431337934577461    0.0231574  0.0040982482307078474   0.04420481   0.010855335989442473  0.002398536   0.0002640652040838588  0.009364235  0.0009979518522602632  0.01865738  0.0018971281788067356  0.02869064  0.0029173346823422935  0.02888038  0.0029366279039501147 
 0.001825  T17-0012    0.01059043    0.005400082883895209    0.01365222    0.006961291657224829   0.005287188    0.002695947478403361   0.003119707   0.0015907451772595414    0.01262758   0.006438828663526077   0.02713975   0.004167225691950221   0.04303375   0.009205149051137085  0.003141512   0.0003458626375390091   0.01123907  0.0011660215785947576  0.02168658  0.0022051446641447926  0.03242709  0.0032972660785750975  0.03312942  0.0033686807171848386 
 0.001825  T17-0374   0.008922749    0.004549726636298714    0.03228906    0.016464254701556824    0.01633471    0.008329098542726579     0.0214692    0.010947186974122622    0.01134111   0.005782852158418889   0.03552961   0.008143805151325578   0.04093762    0.01162437553684257   0.00363744  0.00037737407671227237   0.01222841   0.001268662801250419  0.02078816   0.002113791133264214  0.03170684  0.0032240293263652068  0.03242311  0.0032968614031157932 
 0.001825  T17-0381    0.01330314    0.006783296064624999           0.0                    99.0   0.006411262    0.003269115004475591  0.0006861917    0.000349890437807507    0.02002316   0.010209848356379052   0.04362749   0.008390583430939829   0.05034285   0.012435169189187778  0.002262567  0.00024112304334561411   0.01408533    0.00143223090955568  0.03039509  0.0030523739056137617  0.04763022   0.004783181787786491  0.05538852   0.005562295528065945 
 0.001825  T17-0452    0.01161773    0.005923905158526594           0.0                    99.0    0.02311871    0.011788280244812684     0.0148576   0.0075759192325156165    0.01982961   0.010111158794854821   0.02906436   0.007710305226120234    0.0414348   0.012664033909086788  0.003038293   0.0003152142749381958   0.01165343  0.0012090102547390612  0.02218864   0.002256195359427911   0.0325993   0.003314776827510668  0.03468893  0.0035272555328596045 
 0.001825  T17-0453    0.04221599     0.02152601077666043    0.01024502    0.005223954709134163           0.0                    99.0           0.0                    99.0    0.01954888   0.009968010097727027   0.05364421   0.009442401269952575    0.0577164    0.01290595826740502  0.003518895  0.00036507536673801883   0.01122744  0.0011648150387406962  0.02570446  0.0026136925657308974  0.04296532   0.004314717332681139  0.04743741    0.00476381917479632 
 0.001825  T17-0474    0.02725496    0.013897357288219081   0.008410016   0.0042882835693627535    0.03760914    0.019176973874944294    0.03412303     0.01739939468038785     0.0498711   0.016759615339514807   0.04539203   0.009318971229609254   0.04307616   0.012772130677512502  0.004068432   0.0004220882598796726   0.01839154  0.0018700969249400125  0.03248331   0.003262079765123894  0.04768026   0.004788206959687308   0.0497813   0.004999200238318855 
 0.001825  T17-0544           0.0                    99.0    0.02589662    0.013204737071609718    0.01773513    0.009043179355771841    0.03141222    0.016017152274526953    0.06095179   0.016838975541253718   0.04621103   0.008392970263070043   0.06997197   0.013755735428947775  0.004431305   0.0004597353161901966   0.01880952  0.0019125981614426068  0.04074525  0.0040917706744986035  0.06686035   0.006714334054083737  0.07114759  0.0071448726510150795 
 0.001825  T17-0532           0.0                    99.0           0.0                    99.0    0.06184519      0.0258021564265753    0.02918249    0.014880203693619285    0.02649127   0.013507945364082171   0.08874399   0.011495441500200067    0.1160947   0.016323321620335122  0.004581978    0.000465906767127032   0.03091283    0.00310436704575704  0.05742236  0.0057665403670846055  0.09267335   0.009306559562843006  0.09692721   0.009733746035260206 
 0.001825  T17-0534    0.01106717    0.005643173540186231           0.0                    99.0           0.0                    99.0    0.01405061    0.007164432476207518    0.01715779   0.008748791582593394   0.03702762   0.007789177546920342   0.04222009    0.01267744998545374  0.002499042   0.0002663243284004944   0.01353946  0.0013767255258885882  0.02542657   0.002585436032712682   0.0426216   0.004280199849087465  0.04714324    0.00479364036206832 
 0.001825  T17-0487   0.002781582   0.0014183340896658445    0.05283658     0.02436233561897061           0.0                    99.0    0.03518774     0.01794229728992294    0.04890853   0.017539317002087308   0.07305736   0.010096556185360284   0.08293585   0.014140787181353273   0.01343353   0.0013490388252825642   0.03602186    0.00361743247348903  0.05607853   0.005631588585720265  0.07520082   0.007551911202859447  0.07437509   0.007468988712568591 
 0.001825  T17-0422    0.00340559    0.001736516986529645   0.003348109   0.0017072078027539031    0.03284678     0.01674863721786892           0.0                    99.0    0.01883807   0.009605568652842683   0.05595583   0.009372172879086791    0.1074449    0.01638076995004203  0.004792125    0.000497169360001137   0.02437909   0.002478925712804087  0.04670423   0.004690190846128571  0.06848441  0.0068774274432557335   0.0734576   0.007376851378869595 
 0.001825  T17-0442    0.01587187    0.008093099445882152    0.04507147    0.022982035406534575           0.0                    99.0           0.0                    99.0    0.05473065    0.01781487688936202   0.07577257   0.010451277185705534   0.09949333   0.014928872931262728  0.007551529    0.000767858000320958   0.03468833  0.0034835150455631296  0.05945387   0.005970551216256432   0.0832148   0.008356701170451147  0.08760083   0.008797160590986801 
 0.001825  T17-0535           0.0                    99.0    0.03615722     0.01843663703372673    0.06148347    0.025481790659190515           0.0                    99.0    0.02331829   0.011890036670458211   0.03064209   0.007818418122495752   0.01134092    0.00578275527704813  0.003306281   0.0003523522456463418   0.01175163  0.0012191982348901472  0.02035665   0.002069914120804023  0.02958772   0.003008551992015428  0.03116483  0.0031689164181617747 
 0.001825  T17-0212           0.0                    99.0    0.02980907     0.01519969805830198    0.01660179    0.008465285117056956    0.03156461    0.016094861135798003    0.03571168    0.01697790236186803   0.03527597   0.007829644156474162   0.03605935   0.012099642153928562  0.006131543   0.0006234703405907372   0.01853899  0.0018850899974806618  0.02808389   0.002855638861998548  0.04054822   0.004071984281570892  0.03725918  0.0037886048688117705 
 0.001825  T17-0193   0.009894012    0.005044976025572118           0.0                    99.0    0.04496545     0.02292796579584471    0.06522513    0.019528386510963187    0.05224394   0.016497276834172844    0.1263191   0.014466111552549427     0.157294    0.02043264350995485   0.01835822   0.0018435922239413902   0.06042169   0.006067742847260379   0.1014875   0.010191705194622562   0.1350395   0.013561106316967655   0.1300359    0.01305862849972098 
 0.001825  T17-0297    0.03274936      0.0166989625697675           0.0                    99.0    0.04054883    0.020675932445239055           0.0                    99.0    0.04055824   0.016367860064131046   0.03285823   0.007264782662866798   0.03626401   0.011079076203623703  0.003826091  0.00039694607703849404    0.0152432  0.0015499659630133819  0.02416921   0.002457584587097236   0.0338203  0.0034389310947372017  0.03357155  0.0034136375923026216 
 0.001825  T17-0303    0.01284813    0.006551284597156347   0.005674209   0.0028932897512300437    0.01132347    0.005773861410319614   0.005542428    0.002826094852468303    0.06451598    0.01629948225078343   0.05064171   0.008467514382627113   0.03667703   0.012526139366089978  0.003499968  0.00037299358170242024   0.01599885  0.0016268023117629136  0.03372703  0.0033869781694731605  0.04849604  0.0048701302425131305   0.0547496   0.005498133107747234 
 0.001825  T17-0286           0.0                    99.0           0.0                    99.0    0.01862659    0.009497735568749902    0.03911911    0.019946915427341668    0.04913804    0.01673159133386051    0.1150174   0.014047198299974306    0.1479036   0.019287823602760372  0.008262459   0.0008401471048017842   0.04849055   0.004869578924777301   0.0875082    0.00878785838053778   0.1339859   0.013455300375659994   0.1344999   0.013506917918762965 
 0.001825  T17-0325    0.01079541    0.005504601605304148           0.0                    99.0    0.03268516    0.016666226864490232    0.01035449    0.005279772695168799    0.03713971   0.015195247104711427   0.07791152   0.010742213195407545    0.1338462    0.01688827243790199  0.004795533   0.0004975229392411369   0.02615723  0.0026267941992920976   0.0628367   0.006310266009143932  0.09647222   0.009688054459128934   0.1099945   0.011046005865111109 
 0.001825  T17-0333    0.01837447    0.009369179088773199   0.004921415   0.0025094386216584874    0.04384296    0.022355610857366794    0.01308432    0.006671721280789913    0.04440159   0.016638791597149746   0.05895616   0.008847378766271511   0.07459191   0.013592738002602014  0.007052556   0.0007171212051792709   0.02447299   0.002488473694899273  0.04254829   0.004272837821103282  0.06313725   0.006340448230895697  0.06360282   0.006387202280912745 
 0.001825  T17-0315           0.0                    99.0    0.01148934    0.005858437866410891    0.04743891     0.02418919768226059    0.02291869    0.011686279850695045    0.04247388   0.016542129845489785   0.07983307   0.010505433331637205    0.1061947   0.015102244438523036  0.005958995   0.0006059252277302374   0.02923943   0.002973137017110898  0.06260588   0.006287086315987874  0.09706085   0.009747166601969892   0.1051024   0.010554725236065373 
 0.001825  T17-0345    0.01028958     0.00524667888182877     0.0197728    0.010082187342675398    0.03299283    0.016823113300768352           0.0                    99.0    0.01679399   0.008563289252688887   0.04113867   0.008832778634528832   0.03408937   0.010882857639373446  0.003393373   0.0003616336937337836   0.01343135   0.001393464447737724  0.02135223  0.0021711471636128884  0.02469012   0.002510551991236477   0.0322815  0.0032824621421987245 
 0.001825  T17-0233    0.03242372    0.016532918098326868    0.02712324    0.013830193003186036           0.0                    99.0    0.02194045    0.011187473365797345    0.04780229   0.017763437952098154   0.08196102   0.011193128495574417    0.1294067   0.017003297734336714   0.01093905   0.0010985350222595363   0.04272917   0.004291002382754995   0.0769701   0.007729588064106175   0.1151727   0.011566017571372614   0.1203096   0.012081881832655416 
 0.001825  T17-0305    0.02704531    0.013790461247020021   0.001497091   0.0007633694261462794    0.04813293    0.024543070028736198    0.03080618    0.015708131295925177    0.05830603   0.017882488890143593   0.06708129   0.010047700804321455    0.0861702    0.01436381208733949   0.01505384   0.0015117556308004946   0.04049098   0.004066236054379836  0.06264769   0.006291285022934867  0.08168184   0.008202756343396149   0.0848488   0.008520792771302896 
 0.001825  T17-0294           0.0                    99.0    0.02960127    0.015093740432809522    0.01167998    0.005955642632676007           0.0                    99.0    0.02122716   0.010823770305815621   0.07200724    0.01040265156439458   0.09731697    0.01550372473318296  0.004743392   0.0004921134609576129   0.01936679  0.0019692627258548717  0.04590559    0.00460998882110122  0.06278842   0.006305417581238477  0.07094247  0.0071242738350141685 
 0.001825  T17-0245   0.009786199    0.004990002456780558     0.0347608    0.017724599750809606    0.01842093    0.009392866191691331    0.01473941    0.007515654901465141   0.001474541   0.000751871529375398   0.04483227   0.008503826499149957   0.05924609   0.014208716573673395  0.004328897   0.0004491107869865742   0.01471654  0.0015267992578369988  0.02825441  0.0028729777550776914  0.04425012   0.004443741127988663  0.04453872   0.004528806364197189 
 0.001825  T17-0328    0.02920011    0.014889188166002236    0.01906185    0.009719673530937188    0.07715839    0.026917197416118956    0.02451197    0.012498706237563509    0.06114721    0.01545193753689941    0.1135233   0.013406424564383639    0.1283522   0.016731752409992803   0.01387214   0.0013930854653029763   0.04421322   0.004440035515483794   0.0767011   0.007702574206518639   0.1040144   0.010445464701336142   0.1062423   0.010669197699572695 
 0.001825  T17-0299    0.01857797    0.009472941194132792    0.04075781     0.02078248194922736           0.0                    99.0    0.02031599    0.010359167847699012     0.0224045   0.011424098269228956   0.03043815   0.007166248177801339   0.04747607    0.01158511971232706  0.005324309   0.0005413888045610309   0.01239553  0.0012860010277251765  0.02704691  0.0027501961685201227  0.03687029   0.003749061564464718  0.04501196  0.0045769265682570216 
 0.001825  T17-0177    0.00966603    0.004928727558897327   0.006620316    0.003375712047015053    0.01349314    0.006880177435383262    0.01827129     0.00931656838601263    0.01739454   0.008869511850158385   0.03424057   0.007414007575147061   0.04801791   0.013137118062184757  0.003929189  0.00040764220099673195   0.01406083  0.0014297396906391736  0.02591655  0.0026352584079033406  0.04303716   0.004321931742074093  0.04145578   0.004215325450618693 
 0.001825  T17-0171    0.06636974    0.021205847205371824    0.05635374    0.023624871626909974     0.1174823    0.027492511058428256     0.1117053    0.021334267931405568     0.1643315    0.02268025764748055    0.2540078    0.02642056230784805    0.3316327   0.035467817106624985   0.03917161    0.003933740627242754    0.1352012    0.01357734472886363   0.2171946   0.021811388926010557   0.3171798    0.03185222829913091   0.3229747   0.032434170934175825 
 0.001825  T17-0170           0.0                    99.0    0.01164876    0.005939726435496588    0.02582789    0.013169696413396211   0.008468572    0.004318141388026548    0.04330185   0.015073106835922214   0.03862755   0.008157886247352863   0.04646825   0.013205737629891221  0.004363258  0.00044366677918098504   0.01552343  0.0015784604684102293   0.0348359  0.0034983345082267724  0.05336055   0.005358640176798443  0.05748486   0.005772816816348152 
 0.001825  T17-0182    0.01184081    0.006037653105255136    0.03416802    0.017422340072082855     0.0307519    0.015680453818005397    0.04857988    0.020215695455864092     0.0202113   0.010305781309507786   0.01837838  0.0071596142714962655   0.02324032   0.011175569394868612  0.004195072    0.000435226802288933  0.007537957  0.0008298862699069856  0.01642966   0.001704530552312642  0.02072066  0.0021497096685254057  0.02210395   0.002293222074232681 
 0.001825  T17-0133    0.02422012     0.01234988645015589    0.02361313    0.012040385967603739    0.03188058    0.016255969952465584  0.0008821605  0.00044981540939111064   0.007581587  0.0038658664959904773   0.03618196   0.007826403810370188    0.0504224   0.012320486285861448  0.003908097   0.0004054539641539839   0.02032415  0.0020666094359946584  0.03943884   0.003960576726706607  0.05366194   0.005388906750720692  0.05576351   0.005599953246204991 
 0.001825  T17-0150           0.0                    99.0      0.032661    0.016653907633345396   0.002749396   0.0014019223854593948  0.0006797394  0.00034660044647578513    0.02457566   0.012531176989942164   0.04199891   0.007867640284658483    0.0491967   0.010801105398587684   0.00417975  0.00043363720494168863   0.01562551  0.0015888401982758523   0.0351872    0.00353361319878297  0.05502105   0.005525392996320149  0.05990584   0.006015939515550854 
 0.001825  T17-0146    0.02528335     0.01289203440480303    0.04746642    0.023091637370844104    0.02577555    0.013143008145262066           0.0                    99.0    0.01406225   0.007170368715502013   0.01491229   0.006908214646982027   0.04465751   0.011934035346608498  0.001212374  0.00017258553007364205  0.004270444  0.0005546854795894698  0.01648854  0.0017106392078924883  0.02835859   0.002883571021098882  0.02927467   0.002976720280564751 
 0.001825  T17-0125    0.01590987    0.008112474739453122    0.01596316    0.008139645453279706    0.01655484       0.008441347181602    0.01194264    0.006089575440381374    0.03428131   0.014418988620730686   0.05001992   0.008350299065928598    0.0713917   0.012953441114584187  0.003341749  0.00035613209420546477   0.01716856   0.001745741321553557  0.04298991   0.004317186742175266  0.07191523   0.007221961556987595  0.07917671    0.00795118303178975 
 0.001825  T17-0123    0.02615712     0.01333756652993881           0.0                    99.0           0.0                    99.0           0.0                    99.0    0.02707294   0.013804544935032664   0.02675044   0.006890058946480575   0.05256058   0.011616465818908262  0.002585722  0.00028467330525788683  0.007549522  0.0008045568566788367  0.01973045  0.0020062405735100392  0.02859023   0.002907124732730084  0.03523972  0.0035832612250434786 
 0.001825  T17-0234   0.002887387   0.0014722837753390785           0.0                    99.0    0.05881231    0.024807049806687232   0.004987777    0.002543277715535268    0.02510256    0.01279984432811337   0.03468237   0.007620884482395596    0.0389452   0.011437736854325684  0.002177454  0.00024878200990306753   0.01176121   0.001220192157941318  0.02746765   0.002792978041154332   0.0445504    0.00447389622507837  0.04717578   0.004737545438421567 
 0.001825  T17-0247    0.03703135    0.018752404577150234           0.0                    99.0    0.04080586    0.020806987640893528    0.05560657     0.02020327402757407   0.001904423  0.0009710692000296272    0.0310144    0.00706598700561613   0.04319087   0.011231685802014273  0.004363392  0.00045268953674857564   0.01674569  0.0017027428537069243  0.02376003   0.002415978155830431  0.03480242  0.0035387954631560217  0.03359742   0.003416268127715207 
 0.001825  T17-0187           0.0                    99.0    0.03961839    0.020201489467809572           0.0                    99.0    0.01380403    0.007038701833622021    0.01254924   0.006398880983495239   0.04201192   0.007199008974912033   0.05197511   0.012322763347379556  0.004452216   0.0004619047751204246   0.01548514  0.0015745670341735978  0.02553488  0.0025964492875933474  0.03666193  0.0037278750324223372  0.03622686  0.0036836360444875995 
 0.001825  T17-0165    0.03870573    0.018826475130473284           0.0                    99.0           0.0                    99.0    0.01674578    0.008538703937871836    0.02517809   0.012838362125402951   0.03623124   0.007197000730678856   0.04721146   0.010807620292291037  0.004596968  0.00047692237197205376   0.01553752  0.0015798931474876902  0.02312972  0.0023518866771641035  0.03507367  0.0035663768270918377  0.03432605  0.0034903570032920185 
 0.001825  T17-0184           0.0                    99.0    0.01032935    0.005266953760111626    0.05034811     0.02250077217037942    0.01652989     0.00842862218617355    0.01482518    0.00755939017241391   0.03748352  0.0075541541885246165   0.06309663   0.013162373467774305   0.00743982   0.0007564991470492548   0.02541738  0.0025524960597014226  0.03618924  0.0036342413156430654  0.05197634  0.0052196333055941815  0.05089949   0.005111492527288276 
 0.001825  T17-0179    0.05121238    0.018809479947809404    0.07550443     0.02366696652633685    0.07652818    0.022403597489269976    0.08189821     0.01789865873507121     0.1532357   0.020949153273796057    0.1824245   0.019292969906330882    0.2184759   0.024539678121691003   0.02577553     0.00258846265040293    0.1020601   0.010249207593183679   0.1684168   0.016912963436529274   0.2146161   0.021552447547507663   0.2101853    0.02110749229215875 
 0.001825  T17-0140    0.02620884    0.013363938658863112   0.001346493   0.0006865796043077452           0.0                    99.0   0.001714833   0.0008743966929552855    0.01657211   0.008450153188301973   0.02253919  0.0073504998316711095   0.04606795   0.011856880461893213  0.002902047   0.0003092728094405488   0.01307576  0.0013565729455831891  0.02594838  0.0026384949730510407  0.03762348  0.0038256477770717487  0.04153794   0.004223679691353009 
 0.001825  T17-0446     0.0691425    0.021989835283225748    0.01248569   0.0063664767144863575     0.0460752     0.02349383438926903    0.00853314    0.004351064737221914    0.09544046    0.01859690535590575    0.1497114   0.016648713356108815    0.1759837   0.021711959867524624   0.01235033   0.0012402603579852256   0.06662621  0.0066908209445583735   0.1115459   0.011201802511804786   0.1675318   0.016824088868732986    0.172793    0.01735243566322388 
 0.001825  T17-0438           0.0                    99.0    0.03604981     0.01838186356222788    0.03465287     0.01766956113029605    0.03827159    0.019514763325525653    0.05784237    0.01733555027220852   0.08266485   0.011822410408424544   0.07012625   0.013156083249004052  0.009037804   0.0009189860903356536   0.03420837  0.0034353158990939234  0.04831018   0.004851465579236262  0.06074147   0.006099856197694267  0.06311752   0.006338466872716654 
 0.001825  T17-0365    0.02170099     0.01106538205033161    0.03539076      0.0180458175840879    0.03209606    0.016365843624944483    0.02322744    0.011843716981080558    0.01483353   0.007563646873127076   0.03239889   0.007959073955726382    0.0421596   0.011735415016202027  0.003196787  0.00035194809779275695   0.01962573   0.001995592389392556  0.03505656   0.003564637054404346  0.04954284   0.004975253308459476  0.05044952   0.005066305072609356 
 0.001825  T17-0401    0.01556494    0.007936595239951449    0.01494046   0.0076181697082052455           0.0                    99.0    0.01572228    0.008016819290655616     0.0181289   0.009243962466577901   0.04394879    0.00894637513467136    0.0427243   0.011749550491933722  0.002862846  0.00032709055645501297  0.009796728  0.0010440428661290112  0.01824695   0.001893069208888014  0.02501771  0.0025955164104019836  0.02543238   0.002710343140191581 
 0.001825  T17-0399           0.0                    99.0    0.01627833    0.008300354193031644   0.003536387   0.0018032101417712497    0.02280513    0.011628385190905442    0.03017331   0.015385424745065084   0.04469942    0.00852467902218893   0.03685369   0.012097785069778724  0.008528016   0.0008671496030144798   0.02287612  0.0023261000040120717  0.03402115  0.0034593540349025917  0.04594381   0.004613826996188372  0.04511004   0.004586899565176216 
 0.001825  T17-0388    0.01008153    0.005140591819687107    0.01554886     0.00792839209425089    0.01646882    0.008397483454584713    0.02719463    0.013866599806396988    0.01725729   0.008799526826753641   0.03970709   0.008043274248064466   0.04676571   0.011591819524045439  0.004277714   0.0004558784070650858    0.0151422   0.001570960242129431  0.02360538   0.002400252992971635  0.03517972   0.003577160285194703  0.03565564  0.0036255529860170907 
 0.001825  T17-0451    0.01817531    0.009267627996721168           0.0                    99.0   0.003985323    0.002032124464787354    0.02921109     0.01489478688942816   0.006627452   0.003379350707339953   0.03213115   0.008571519029158658   0.04494315   0.011863941950196192  0.003502481  0.00037326139964380194   0.01959677   0.001992647676918278  0.03190325   0.003244000776112283  0.04532931   0.004552116910269722  0.04547203   0.004623707596346193 
 0.001825  T17-0435   0.002690931    0.001372111458163516     0.0124855    0.006366381794276951   0.005202303   0.0026526639609718923   0.006923509    0.003530311239643866    0.02726917    0.01390460789785131   0.03071585   0.007881258088228427   0.04453551   0.011708436992152325  0.004923955   0.0005108463488422522   0.01012562  0.0010790930632594022  0.02139752   0.002175752330687075   0.0305635    0.00310777169134096  0.03292155  0.0033475439866947664 
 0.001825  T17-0449   0.004331618    0.002208700470742975     0.0110598    0.005639415562804713     0.0169846     0.00866047872189546    0.01904744    0.009712324863237433    0.02581814   0.013164719966467042   0.02923905   0.007354765765117813   0.04812143    0.01366295593943159  0.002766505  0.00030457650138436483   0.01755833  0.0017853740864967095  0.03012126    0.00306280363591315  0.04391613   0.004410200770325003   0.0482484   0.004906015706934181 
 0.001825  T17-0481           0.0                    99.0    0.03805796    0.019405828068753368  0.0008036728   0.0004097943289743752           0.0                    99.0    0.05400563   0.016659594974652563   0.03548919   0.008144614843813366   0.04889098     0.0124702386149265   0.00212828  0.00024316372853616555   0.01498084  0.0015542196113692592  0.02414881   0.002455510243635681  0.03645638  0.0037069741987078835  0.03807401  0.0038714587968118027 
 0.001825  T17-0429    0.01837453    0.009369208702309603    0.04009788    0.020445987257370186    0.03829186      0.0195250941351763   0.001425965   0.0007271022380119663    0.00825454   0.004209006053573218   0.05794229   0.008798613748532493   0.06893867   0.013189812513822514  0.006470637   0.0006579502430274952   0.03038779  0.0030516408190985733  0.04229647   0.004247549241141416  0.05825544  0.0058502009686746455  0.06198551   0.006224786742318066 
 0.001825  T17-0318  0.0003388659   0.0001727883346300846           0.0                    99.0           0.0                    99.0   0.002683397   0.0013682688762812994    0.01991733   0.010155883471705355   0.02773829   0.006830777791786965   0.04956456   0.012371330348124893  0.001672235  0.00021720563637056016  0.007695033  0.0008471794381164182  0.01517039  0.0015738848696629276  0.02251892   0.002336273994884267  0.02240711   0.002324674004744416 
 0.001825  T17-0387    0.01201202    0.006124954398928044    0.01401848    0.007148051287671697    0.04980858     0.02426780887846622    0.02444608     0.01246510389508503    0.04558822     0.0163033226015001    0.0598992   0.009129203356395617   0.07563372   0.013363745055577947  0.004766652   0.0004945265939318127   0.02438016   0.002479034511195163   0.0456789   0.004587223872443032  0.07037586    0.00706737302037189  0.07092655   0.007122675099401509 
 0.001825  T17-0414           0.0                    99.0    0.03658794      0.0186562620022162     0.0375212     0.01913213309734176    0.04597093     0.01930481518511765    0.02593799   0.013225836618240866   0.01875115   0.007339042996955461   0.03938758   0.011694081033692386  0.002769003   0.0003048515014550199   0.01288892  0.0013371888740364279  0.01761827  0.0018278454627138174  0.02864735  0.0029129328726833787  0.02780322  0.0028845050875908403 
 0.001825  T17-0402    0.03465342    0.017669846479272645     0.0126693    0.006460101772936786           0.0                    99.0   0.003439721   0.0017539209403218295    0.05941333   0.015981065833569705   0.03667606   0.007981654863706899   0.03749995   0.011538776917699077  0.002471201  0.00027206518820497785   0.01285647   0.001333822232503376  0.02339856     0.0023792230215014  0.03536003   0.003595494624415762  0.03432829  0.0034905847606985798 
 0.001825  T17-0528    0.04994208     0.02210312277546691    0.06984453     0.02531002152758486   0.001906937   0.0009723510935353444    0.01769567    0.009023056663609844    0.04708511   0.016507422602960193   0.03352754    0.00862846221367817   0.02177214    0.01084144733595086  0.004163726   0.0004319747496495137   0.01387421   0.001410763723265792  0.02112439  0.0021479798093316338  0.03042069   0.003093250412351551  0.03059915   0.003111396671325731 
 0.001825  T17-0503    0.01576552    0.008038871373355093  0.0006090661  0.00031056404192581936    0.04968309    0.025293365744629183    0.09442672     0.02311521768388055     0.0606744    0.01702187899492004    0.1023041    0.01230836442924197   0.09155548   0.014217347524781265   0.01391731   0.0013976215901034302   0.04946121   0.004967055761738755  0.06321558   0.006348314380332231  0.08613875   0.008650333752501162  0.08123296   0.008157678346464652 
 0.001825  T17-0498    0.02809806     0.01432725562341009   0.006002053   0.0030604590271521505   0.007902182    0.004029338021796166   0.001748018    0.000891317887269211           0.0                   99.0  0.006130037   0.003125718318494917   0.03731857   0.011479307425160675  0.002044426  0.00022507969955378558  0.005319655  0.0006329425430818267  0.01030471   0.001098178779526016  0.01726897  0.0017916065836990108  0.01747557  0.0018623814546059596 
 0.001825  T17-0412    0.03411081     0.01739316367854224    0.06394296     0.02540088601663367    0.05174628    0.024703394676863423   0.007492435    0.003820406736642219           0.0                   99.0   0.02758929  0.0070387772535545545   0.02075767    0.01058438134157538  0.001164995  0.00015132052184568391  0.007501053   0.000799391475366788  0.01367024   0.001418248587050694  0.02106049  0.0021849660261800048  0.02370519  0.0024593461786342097 
 0.001825  T17-0425    0.01432501   0.0073043505522411775   0.009176039    0.004678880682139181   0.006827018   0.0034811098001649187    0.03241222    0.016527054225886233    0.03374407    0.01588009970860539   0.06315828   0.010159325147430266   0.05283694    0.01622235857124469   0.00919797   0.0009236900976059414   0.03275485   0.003289348689136482  0.04860842   0.004881415811883271  0.06160806   0.006186881988236841    0.066149   0.006642897968607002 
 0.001825  T17-0507    0.06350857     0.02439806618636914           0.0                    99.0           0.0                    99.0    0.05454581    0.020399304535362497    0.04620465    0.01859029168998499    0.0410615   0.008131132660023448   0.04946833   0.012102343415863269  0.006515325   0.0006624942315485773    0.0212609    0.00216186049797023  0.03228962  0.0032426287801360426  0.05014668   0.005035892890009477  0.05256977    0.00527922747918095 
 0.001825  T17-0464           0.0                    99.0     0.0191949    0.009787518927307573    0.03684757    0.018788652748751012           0.0                    99.0    0.02309282   0.011775073980388573   0.05336712   0.008648414896573128   0.05236047   0.013129455595195447  0.004415903  0.00045813739522865846   0.01950351  0.0019831647735437923  0.03622953  0.0036382873700433137  0.05187299   0.005209254561035716  0.05425443   0.005448406522568984 
 0.001825  T17-0455    0.02080899    0.010610549509719137    0.02015364     0.01027638036299241    0.02867688    0.014622397070895866    0.01246791    0.006357410657791189    0.05547161    0.01484455328615587   0.04964234   0.008948290190703753   0.07222299    0.01314609237180011  0.006491414    0.000660062912695184   0.01760299   0.001789915230767594  0.03241087   0.003254805104180593  0.04473696   0.004492631189473576  0.05084197   0.005105716170478363 
 0.001825  T17-0536           0.0                    99.0           0.0                    99.0    0.03583582     0.01827275454655986    0.03674951    0.018738651763400723    0.09828904   0.018003481872438342   0.08108151    0.01070129096593537    0.1014456   0.015040641854525359   0.01197711   0.0012027803887983417   0.04548403   0.004567654394268087  0.05932384   0.005957493172977145  0.09091401   0.009129880904104512  0.08771966   0.008809093889744848 
 0.001825  T17-0356   0.005305804    0.002705439813129865   0.003094427   0.0015778548559291792     0.0221479    0.011293257428510166           0.0                    99.0    0.01368596   0.006978497710225032   0.02461192   0.007440990362160403   0.04034929   0.011440084617040252   0.00300512   0.0003202573404081318   0.01192819   0.001237515851382361  0.02483982  0.0025257738771010856  0.04207741   0.004225550524229747  0.04572938   0.004649875582767747 
 0.001825  T17-0454     0.0170923    0.008715395162056853           0.0                    99.0           0.0                    99.0    0.04816218      0.0237552705290831           0.0                   99.0   0.05130387   0.008105959169930354   0.08893418   0.014765791889794601  0.002915561   0.0003107129784567262   0.01395076   0.001447351699509473   0.0370116  0.0037168253922951846  0.05942541   0.005967693163626649  0.06895835   0.006925022045964837 
 0.001825  T17-0436    0.01512657    0.007713068540953399    0.03866557     0.01971565449632218   0.008490058    0.004329097141353453   0.001033188   0.0005268245773209902    0.03443124   0.015707193842576593   0.03582595   0.007253432972713679    0.0609565   0.011716637166841005   0.00313908    0.000334533544458549   0.02020994   0.002054996287608481  0.03421326   0.003435806974450929  0.05062772   0.005084200489269306  0.04935831   0.004956722203550169 
 0.001825  T17-2075   0.008406835    0.004286661080965143   0.008384439    0.004275242297443177    0.01787085    0.008991108345766611    0.01933824    0.008935425665406265    0.02160416   0.007349459300116234   0.03268904   0.004830308404789492   0.06282146    0.01029093663723667  0.002911802   0.0003205728865863269   0.01371101  0.0014224783276984608  0.02817372   0.002864772991463863  0.04657249   0.004676961092809438  0.04933553  0.0049544345720069225 
 0.001825  T17-2129           0.0                    99.0    0.01105303    0.005635961565432645   0.002884392   0.0014707571092850919    0.01307472   0.0066668272026375475    0.02879843   0.007236483706184516   0.02970665  0.0042598517956081525   0.02649773   0.009112558262021593  0.003985288   0.0004247143925239643   0.01546321   0.001604264162333735  0.02098974   0.002134288274973203  0.02993986   0.003044358458929778  0.02946138    0.00299570540699281 
 0.001825  T17-0718    0.01551905     0.00791319191708087           0.0                    99.0  0.0009108189  0.00046442838347394543           0.0                    99.0   0.004997306  0.0025481360809394304   0.02258455   0.004230975086444495   0.03829398   0.009657135302115892  0.001880292  0.00022372067704226628  0.008313913  0.0008860184377723186   0.0200088  0.0020345439033713775  0.03406897   0.003464216494034501  0.03739612   0.003802529259004853 
 0.001825  T17-1147   0.005104972   0.0026030351844344786           0.0                    99.0    0.03000377    0.010941759989354044    0.01452823     0.00740797380737709    0.04490227    0.00898295840070397    0.0979867   0.010495751159600775     0.138416   0.015957038422063665  0.007412919   0.0007537637936426835   0.04256504   0.004274519913101149  0.08165218   0.008199777787665674   0.1289929   0.012953886987183577   0.1297903    0.01303396455348368 
 0.001825  T17-1140    0.01914137   0.0075787356973053225    0.02357497    0.011347677740978944    0.01476933    0.007530908226107791    0.03031232    0.009532820202439203    0.04285001   0.008828142802004111   0.05643619   0.006938038169267808   0.07272276   0.011271257414614929   0.01098521   0.0011170031217221418   0.04007325    0.00402428624168364     0.06092   0.006117784759585548  0.08418597   0.008454229223523275  0.08186861   0.008221512393541096 
 0.001825  T17-1111    0.01488499    0.007589883485802005           0.0                    99.0    0.00882238   0.0044985487776330714           0.0                    99.0    0.02215315   0.007232821700587469   0.02383072   0.004090491859464458   0.03961971   0.008557914721251024  0.001280051  0.00019968926619931277   0.01041432  0.0011098600203795252  0.01753457   0.001819161856392281  0.03137623   0.003190412065069534  0.03196116  0.0032498891994911096 
 0.001825  T17-1114    0.01109676    0.005658261538926952   0.009992797    0.005095346199546807    0.01992118     0.01015784953596011    0.01575095    0.008031440140762429    0.02246192   0.006950793378490904   0.03474782    0.00468901280155269   0.04864379   0.009133987331524497  0.004919076   0.0005103401695757154   0.01897313  0.0019292344082753167  0.02994016    0.00304438895891889  0.04138719   0.004156236380825688  0.04413956   0.004488218777493861 
 0.001825  T17-1435    0.08383215    0.011251834029931521    0.07917011    0.013817543047757114     0.1376474    0.017488742992465185     0.1385042    0.016162096761027017     0.2031324   0.021566841582267186    0.3023039    0.03045080872997274    0.3498491    0.03597655399013274   0.04886922    0.004907606201044338    0.1769845    0.01777335972825816   0.2622386   0.026334854113965567   0.3339759   0.033538947369783745   0.3132829   0.031460888891756765 
 0.001825  T17-2059    0.01343645    0.006851270113180037    0.02511795    0.012807686816241448    0.01494246    0.007619187550946623    0.01032573    0.005265107915047706    0.03380258   0.007761335739275038   0.03545275   0.005155979998288298   0.05550468   0.010083109092996317  0.007015605   0.0007133639300364788   0.02363943  0.0024037152399228765  0.03639757  0.0036551624934884905  0.04994763   0.005015903642552665  0.05000428   0.005021592613978653 
 0.001825  T17-1988   0.005824701     0.00297002689627468    0.01471617    0.007503805760696235   0.002915001   0.0014863642078239137    0.01546271    0.007884466982883307    0.01896361  0.0071783250840260085   0.03456566   0.004676123849933511   0.04642145   0.008687431434415699  0.002438998   0.0002685198220616869   0.01385539  0.0014374574048432497  0.02465396  0.0025068751340963833  0.03472117  0.0035305337964223332  0.03408927   0.003466280622523983 
 0.001825  T17-1341    0.04975754     0.00965367510343144    0.03588717    0.011881358496505734    0.04595371    0.010092441810103341    0.06048216    0.012438439351713543    0.08652923   0.011791125701513533    0.1163108   0.012133532007234993    0.1417482   0.016394647463611897   0.02415857    0.002426082257781661   0.07682637   0.007715154229707791   0.0945823   0.009498262539516321   0.1332103   0.013377412056023542   0.1249033   0.012543196094716212 
 0.001825  T17-1647    0.01330566    0.006784582978703776    0.01137899    0.005802168224917044    0.01178998    0.006011732827906193    0.02466767    0.008441215491642066    0.01372183   0.006878385325159169   0.02025755  0.0038565701336655345   0.03221537   0.008949145629889202    0.0025784  0.00028386719070031674  0.008584724   0.000914878903919076  0.01940719   0.001973370697816799  0.03137983  0.0031907781011706673  0.03504783   0.003563749368851998 
 0.001825  T17-1508  0.0003870118   0.0001973380720190668   0.004549263   0.0023196785712369054           0.0                    99.0    0.01084897    0.005531909012076934    0.04582095    0.00823844179761355   0.07134377   0.007977517583272255    0.1185048   0.014507935654317744   0.00416377   0.0004319793103258997   0.02494175   0.002504731747694551  0.05226663   0.005248785175391659  0.08756326   0.008793387692233992  0.09593025   0.009633628060421735 
 0.001825  T17-1333    0.01596104    0.008138567402884858           0.0                    99.0    0.02873665    0.010903411452399887           0.0                    99.0     0.0248528   0.008714198069271147   0.04554729   0.005936437917503222   0.04899727   0.011662830146106433   0.00385047   0.0003994753246281427   0.01934172  0.0019667135660169964  0.03526411  0.0035413367544122726  0.05142106  0.0051638702723969705  0.05183104   0.005205041803036577 
 0.001825  T17-1222   0.007537225    0.003843246225624277   0.006413157   0.0032700807783830796   0.008671007   0.0044213638798403015    0.01366422     0.00696741048064114   0.003436182   0.001752115907025628   0.02422306   0.003936297467930492   0.04942816   0.009498799772525842   0.00186176   0.0002127128686048167   0.01124119  0.0011662415817631825  0.02226164     0.0022636181949395  0.03430099   0.003487808845023873  0.04043135   0.004111158875645578 
 0.001825  T17-1368    0.01972383    0.008138945430229767   0.008316285    0.004240490439850237   0.006495072   0.0033118498870190116    0.01056373    0.005386464579471215    0.02550491    0.00745599562807577   0.03520644  0.0047959401676355385   0.03509993   0.009089373192698659  0.004106004  0.00042598626078756347   0.01440198   0.001464428657107488  0.02507733  0.0025499244594127195  0.03972856   0.003989671359824135  0.04041665   0.004109664176904275 
 0.001825  T17-1929    0.01831975    0.008430322362230343   0.008201311    0.004181864972894655    0.03408519    0.010168071071465326    0.02476979    0.008134135185407359    0.06525058   0.009494611070930078   0.09688881   0.010278547401189383    0.1354627   0.015764463273746938   0.01080147   0.0010847187850538188   0.04658877   0.004678595988523828  0.07160466   0.007190773102244727   0.1137354   0.011421679227388766   0.1127396   0.011321677809195994 
 0.001825  T17-1979    0.03099066    0.007709118007621365    0.04991374    0.012494609280416735    0.04297516    0.010315981125145392    0.05515402    0.009484267541035154     0.1154089   0.013836409814365465    0.1627277   0.016625782853403475    0.2092926   0.022493762491291338   0.02285576   0.0022952498376347815   0.08345491   0.008380813798952618   0.1223964   0.012291444979128534   0.2091738    0.02100591410065851   0.1873053   0.018809808154317154 
 0.001825  T17-1842   0.007704956    0.003928772099537381    0.01707144    0.008704760568512842    0.01798799    0.009172111202031187    0.02012321    0.008694654186535597    0.01779166   0.006586935160024881   0.04749573  0.0056996267301440895   0.05041385   0.009640039549314411  0.002875657  0.00029834124873434045   0.01581474   0.001608081560844238  0.02959732  0.0030095281547100386  0.04541194   0.004560414888469716  0.04466483   0.004541629532682357 
 0.001825  T17-1681   0.005905241   0.0030110943994371563    0.01484474    0.007569363854582498    0.01691935    0.008627207619569265   0.006091838    0.003106240083564604    0.03901766   0.007952995236373588   0.03208894   0.004505784589627538   0.05976393   0.010207325263402015  0.005936338   0.0006036214187588112   0.02019362   0.002053336816462416  0.03053328  0.0031046988607965204  0.04348045   0.004366448362530249  0.04234832   0.004306081091133217 
 0.001825  T17-1513   0.004008475   0.0020439297147652243    0.01695746    0.008646639982935567   0.006415016    0.003271029176400993           0.0                    99.0     0.0112101  0.0057160499037713095   0.01826451   0.003559760316050085   0.01931489   0.007851057063524694   0.00230094   0.0002628907399228052  0.005733481  0.0006550710170447553  0.01255445  0.0013024885206579903  0.01573381  0.0016767611058576622  0.01810112  0.0019290466339801145 
 0.001825  T17-1685           0.0                    99.0    0.01210145     0.00617055296927674    0.01967242    0.010031005345959297    0.01134711    0.005785915492449748    0.02312181   0.007077720885118458   0.03024916   0.004292552778974419   0.05289071   0.009666382022846863  0.002881027  0.00029889837136392764   0.01447418  0.0014717701351602565   0.0261522   0.002659219854050703  0.04129345   0.004146822702715646  0.04139687  0.0042093353485322315 
 0.001825  T17-1782   0.003857389   0.0019668906685421563   0.002067493   0.0010542182248313155   0.008699266    0.004435772708793425   0.006073101    0.003096685560411649    0.01861562  0.0068257951901430506   0.02312405   0.004310602416567086   0.03060618   0.008658807802718802  0.002919587  0.00032142992380812963   0.01358506   0.001409411380043811  0.01822492  0.0018531546041828917  0.02819774   0.002867215410397789  0.02696339  0.0027973751258263185 
 0.001825  T17-0852    0.01698946     0.00866295880654041    0.02846674    0.014515246274837228     0.0202182    0.010309299632972163    0.02104956     0.00950276734353404    0.02700614   0.008033759305712177   0.03491823   0.004951837356634909   0.04785807   0.008882513331451746  0.003603089  0.00038398323898641726   0.01739466  0.0017687317215502895  0.02992255   0.003042598310645802  0.04747883  0.0047679787067711876  0.05079698   0.005101198134900296 
 0.001825  T17-0894   0.007883812    0.004019971122949696    0.01838366     0.00937386312654484    0.01618315    0.008251820744720586    0.02895525    0.010356777761523418    0.03660832    0.00829416104671865   0.04995242   0.005985964120882116   0.06386043     0.0102874122716587  0.009206516   0.0009361411423693811   0.03139587   0.003152875498803892  0.04144711   0.004162253743836985  0.05897249   0.005922209466808472  0.05500533   0.005523814341500431 
 0.001825  T17-0948    0.02421125    0.010248421479486926    0.03504492    0.017054077805394932    0.01815637    0.009257970453762423    0.01659698    0.008462833469251595    0.03925093   0.009122318156963063   0.05560083   0.006975623654459364   0.07333947   0.011376999615908318  0.005682876   0.0005895822577685407    0.0287598   0.002924367045529684  0.05044829   0.005066181554638267  0.07510151   0.007541938176530701  0.07467558  0.0074991648954080385 
 0.001825  T17-0944   0.006950761   0.0035442070876223093    0.01954696    0.009967031085980418   0.009076644    0.004628198487393487    0.02076474    0.010463555751998265     0.0130644   0.006661562072757485   0.02811292   0.004371675042853482   0.04751744   0.009487785202941782  0.004439956   0.0004731686235322034   0.01446499  0.0015007016285293892  0.02018842   0.002052808101675422  0.03092857   0.003144892916118792  0.02885231  0.0029337736717575556 
 0.001825  T17-0934   0.008545332    0.004357281461812886   0.002767987   0.0014114024629274563    0.03949344    0.011973128463824147       0.02364    0.009101730792446071    0.04213434   0.009700934707966909    0.0839497   0.009410099589150797    0.1170014   0.014696090600279552  0.007711576   0.0007841319766429693   0.04286825   0.004304969251588035  0.07260617  0.0072913480022520705   0.1143575    0.01148415255769811   0.1159062    0.01163967804948642 
 0.001825  T17-0823   0.005065554   0.0025829358693157988   0.002517603   0.0012837311727383152   0.001358015   0.0006924545965332384   0.006651624   0.0033916760573082095    0.01842481   0.007515219312728338   0.04209816    0.00537839711191355   0.06943453   0.010762794178020594  0.002794554   0.0003076645352086587   0.01234506  0.0012807649185543615   0.0286101  0.0029091451777809663  0.04507431   0.004526508974162218  0.04918661  0.0050014152082287315 
 0.001825  T17-0963    0.01403031    0.007154083427756277     0.0107247    0.005468544477162182    0.03773035    0.010669885323442844    0.02950937     0.00878932899745925    0.04655639    0.00948137100625205   0.06064884   0.006874431499443209   0.06999964   0.011424275322621564  0.009562857   0.0009723747618243596   0.03721206  0.0037369562286024287  0.06034471   0.006060012266105003  0.08339701    0.00837499929964194  0.08185559   0.008220204875283696 
 0.001825  T17-1005    0.01799638     0.00710317506503993   0.007450112    0.003798826646645177    0.01453308    0.007410447812421865    0.01843305    0.008364776489974253    0.07412403   0.009954877385209374    0.1074882   0.011276666135042041     0.149005   0.016767152241994616   0.00717646   0.0007297200686962707   0.04168402  0.0041860450246222645  0.07514395   0.007546200131555397     0.12637   0.012690486902239844   0.1325357   0.013309666554557294 
 0.001825  T17-1037   0.003884771    0.001980852803774276    0.02077978     0.01059565037081651     0.0291904    0.009988869224083574    0.02387114    0.008527152575196307    0.03436293   0.008381092620288718   0.06014699   0.006751187296923186   0.07841278    0.01060029379004436  0.008888106   0.0009037644373935944   0.03138089  0.0031513711465866664  0.04879615   0.004900268273680293  0.06760945   0.006789561109192627  0.06833043   0.006861964271031383 
 0.001825  T17-1088   0.003967513   0.0020230421304529697   0.004317866   0.0022016882991078824           0.0                    99.0    0.01293627    0.006596231277471856    0.03386871   0.007942005383705177   0.06308929  0.0071825325943879305   0.06819251    0.01010461733363644  0.003780046   0.0004028416342251134   0.02271394  0.0023096091555573728  0.04314685   0.004332947170667194  0.06980743   0.007010289422821932  0.07517634    0.00754945284789011 
 0.001825  T17-1082    0.02690985    0.008864785652266217    0.02057068    0.010489029872787284    0.01035654     0.00528081897474975    0.02416113    0.009577260428950338    0.05188797   0.008955922522421573    0.1135241    0.01176554716923531    0.1604659   0.017777445094724495   0.00640165   0.0006509354914158853   0.04101167   0.004118525436662369  0.08079487   0.008113683918340192   0.1318933   0.013245154629388967   0.1433276   0.014393424285652668 
 0.001825  T17-0968    0.00899128    0.004584671217217654   0.008900281    0.004538270159255574   0.008457466    0.004312478416954752   0.005364694    0.002735467939045413    0.01866784   0.007610352461679551   0.02214816   0.003931801783683532   0.02652893   0.008409746925600675  0.001854286  0.00020414636584142884   0.00980101  0.0010168269544925579  0.01845981  0.0018770387716139057  0.03246147  0.0033007619208040876  0.03339397  0.0033955808120404328 
 0.001825  T17-0980           0.0                    99.0  1.088188e-06   5.548692827038185e-07           0.0                    99.0   0.009844581    0.005019770571924141    0.01748877   0.006918042900273531   0.03030878   0.004733541172172056   0.03271529   0.008183578889914668  0.004044554   0.0004112601769695111   0.01208538  0.0012538238355381869  0.02135565   0.002171494917836441  0.03426418   0.003484065925709237  0.03830533   0.003894979969082651 
 0.001825  T17-0983    0.01486357    0.007578965308326592    0.01597126    0.008143775659085715           0.0                    99.0    0.02284045    0.008754573104635599    0.06449664   0.009326656444441384    0.1418757   0.014582870185900442    0.1972007   0.021382677826388467  0.008107389   0.0008141704018090353   0.05102884   0.005124482270191302   0.1063193   0.010676930318156239   0.1768694   0.017761801021583624   0.1940387   0.019485998115710397 
 0.001825  T17-0993           0.0                    99.0   0.004455571    0.002271903857029476     0.0251971    0.011814704737580199   0.008335568    0.004250322388887958     0.0218642      0.008775208760015   0.04762529  0.0062028727361957865   0.05921124   0.010485084226983205  0.005144946   0.0005231507360906493   0.02093365  0.0021285848909002904  0.03327872   0.003341957418393132  0.04856005   0.004876558339366624  0.04633641   0.004711599899961147 
 0.001825  T17-0783           0.0                    99.0    0.02592238    0.012679021385290113    0.01271728    0.006484563926820986    0.02520489    0.009597432295407453    0.01454078   0.007073501358561615   0.02226444   0.004114055913399817   0.03773175    0.00904395656128008  0.003258217    0.000347230018240503    0.0105089   0.001090268499091967  0.01761887  0.0018279077167062592  0.03013054   0.003063747259247409  0.02784079  0.0028884029489884477 
 0.001825  T17-0825    0.03343013    0.009319188572182129    0.03980022    0.012572420522432582    0.04075826    0.010728350220201613    0.04040642     0.01008594232232606    0.09093995   0.011316035500594455    0.1982598   0.020422922261909535    0.2743392   0.029221836649033543    0.0148687   0.0014931632693840418   0.09350185   0.009389760233565298   0.1695183   0.017023579727442287   0.2676016    0.02687342403145539   0.2617923   0.026290035175771748 
 0.001825  T17-0882    0.01184181    0.006038163987787182    0.02232474    0.011383428489588537    0.04212796    0.011571758950704772    0.04290318    0.010300827965106688    0.04556776   0.008268456733828932   0.08354919   0.008893036020073516    0.1063502   0.013558087728526654    0.0135891   0.0013646616664082128   0.04347557   0.004365958301301565  0.06355597   0.006382497451771323  0.09015929   0.009054089475992927  0.09088429   0.009126896327804761 
 0.001825  T17-0986   0.003243037   0.0016536304043400056   0.007853502    0.004004515994803996           0.0                    99.0    0.01606007     0.00818906299312797   0.006772534  0.0034533283022470597   0.02805593   0.004619065675541971   0.03994555   0.009744349949452452  0.001739247  0.00019871528320477116   0.01068313  0.0011083443794477827  0.02093582  0.0021288055648551866  0.03049942   0.003101255879176694  0.03187726   0.003241358022588162 
 0.001825  T17-0878   0.007662665    0.003907207345822109    0.01564948    0.007979701370338679    0.03789915    0.011531929421572306    0.01878568     0.00957885685077233    0.03412783   0.008251226013329475   0.04340105   0.005342998938690611   0.05941019   0.009453260776987854  0.005574381    0.000566816741681842   0.02203046   0.002240111243919643  0.03497087  0.0035118886333040176  0.05145374   0.005167152114135818  0.05282063   0.005304419656662263 
 0.001825  T17-0798    0.01958789    0.007400251189801398   0.007195582   0.0036690413029656995    0.01276847   0.0065106687494530845     0.0091358    0.004658362247228096    0.01678476  0.0074584294214449735   0.03065555   0.004641868610009767    0.0383669   0.009404615812062714  0.002912201  0.00031035493141604823   0.01405029  0.0014286679673506403  0.02529304  0.0025718583770575317  0.03646292   0.003707639189049987  0.03636545  0.0036977282117946365 
 0.001825  T17-0829   0.005371529    0.002738952628592618   0.004859999    0.002478122483413806           0.0                    99.0           0.0                    99.0     0.0154397   0.007597078496101249   0.01563155  0.0037569448229573454    0.0273842    0.00856984503457933   0.00123868  0.00016840147428360004  0.004028664  0.0005232808073318283  0.01059783   0.001129416799706362  0.01661626  0.0017238897861817156  0.01904005   0.002029108951169197 
 0.001825  T17-0810    0.01096253    0.005589813477673294    0.01883846    0.009605768495184392    0.01603585    0.008176712187285365    0.01773253    0.008683087423875104    0.03384493   0.008718732193234175   0.04550725   0.005465826558272226    0.0689561   0.010713880701690496  0.006232408   0.0006337265409714825   0.02434859  0.0024451646895983182   0.0389175   0.003908222068089729  0.05360667   0.005383356353274739  0.05250481   0.005272703975632181 
 0.001825  T17-1157   0.005261394   0.0026827950674699996   0.001221231   0.0006227078738443091    0.02313909    0.010091431877081171    0.01327277    0.006767813284104253    0.02868773   0.007539146250708034   0.03646702  0.0049696171273956305   0.06268794   0.009625990487228418  0.004509334   0.0004678305978041732   0.01990483  0.0020239719601687295  0.02829179  0.0028767786334295865  0.04358961   0.004377410565099076  0.04516242   0.004592225714722085 
 0.001825  T17-1106   0.005845903    0.002980836856866724   0.003911635   0.0019945508097955916     0.0118155     0.00602474846744692   0.008094321     0.00412730958253805    0.02912274   0.006987329802875845   0.03037839   0.004473668109040053   0.04259524   0.008324784930667278  0.004969881   0.0005156110456594389   0.02171134  0.0022076623405397145  0.03139654   0.003152942775880311  0.04210033   0.004227852215996662   0.0428032  0.0043523344060051265 
 0.001825  T17-1047    0.00692155    0.003529311851430814           0.0                    99.0    0.02382038    0.010169382221921496    0.01135461   0.0057897368153429045   0.009216227   0.004699371641179732   0.02178257   0.003941189379397291   0.04623405   0.009157118571784521  0.002334087  0.00026667791925963797   0.00987869  0.0010527776058847189  0.01742334  0.0018076220326830384  0.03129144  0.0031817904078848686  0.03147082  0.0032000302061976245 
 0.001825  T17-1117     0.0113486    0.005786671324034569    0.01426822    0.007275394201004163   0.006869403   0.0035027215040829454    0.02154772      0.0090524233401529    0.02889146   0.008048441698699506   0.02987219  0.0044116573042747775   0.05274467    0.00968587430587931   0.00432801   0.0004490187389433653   0.01366901  0.0014181209477230638  0.02438022   0.002479040593077096  0.04264601    0.00428265118770225  0.04372299  0.0044458609362298205 
 0.001825  T17-1305   0.005184812   0.0026437457562310035   0.008934918    0.004555932123435142    0.02205141    0.009898599454068338    0.02489863    0.008810002739371482    0.03067539   0.007479284543498128   0.03987785   0.005190805889663088   0.04541454   0.008860663229869252  0.005423624   0.0005626855982250212   0.02055444  0.0020900258886169067  0.02879934  0.0029283875600349695    0.044078    0.00442645628482961  0.04210456   0.004281294998782973 
 0.001825  T17-1142     0.0113763    0.005800799530409925   0.006092077    0.003106361459840643       0.01272    0.006485953801870701    0.01457618    0.007432421644783415    0.02686946   0.007631338534216131   0.05225098   0.006262396890648581   0.06611136   0.010113429279046005  0.005842549   0.0005940847153190359   0.02124895   0.002160645397559035  0.03697671   0.003713321620191094   0.0590991  0.0059349240624935054  0.06066393   0.006092069384815742 
 0.001825  T17-1064    0.01906793    0.007237264517004889   0.008489117    0.004328617813907564    0.02332981    0.009835532081857952    0.01427609    0.007279406148780682    0.03064257   0.007425484677426317   0.04396286   0.005534025026508373   0.05457952   0.009794134581755551  0.005734127   0.0005948993988443172   0.02188457   0.002225276789438269   0.0351291   0.003527778609507831  0.04942083   0.004963000662727314  0.04938972   0.004959876498319208 
 0.001825  T17-1087           0.0                    99.0   0.009053891    0.004616596198003873    0.02099695    0.009877086207680581   0.004888208    0.002492506797850036    0.02165041   0.006943568396069633   0.03336693  0.0049322798980942885   0.03349606   0.008350041378654659  0.002372606  0.00027107883638779334   0.01238012  0.0012844022823921212   0.0217812   0.002214765846213852   0.0306349  0.0031150317938190234  0.03061074   0.003112575171749992 
 0.001825  T17-1042    0.01690256    0.008235439728360593    0.03930603    0.012489850095225682    0.04216728    0.010015288817248608    0.02414066    0.009330395364778334      0.076697   0.010012396333503834   0.09140532   0.009739658653936492    0.1130871   0.013558744445054675   0.01519049   0.0015254784693902305   0.05051788   0.005073170004667261  0.07264025  0.0072947704278845515   0.1041233   0.010456400866743407   0.1031232   0.010355967509728878 
 0.001825  T17-1015           0.0                    99.0   0.005102544    0.002601797142496578    0.01173095   0.0059816362574594915    0.02258666    0.009166762427784251   0.002719929  0.0013868966143683564   0.02175097   0.004346735107050463   0.03784385   0.010200580094262335  0.003260639   0.0003474881564315106  0.009020632   0.000961333851696449  0.01758046   0.001823922790271562  0.02451542  0.0024927880833333265  0.03260409    0.00331526388011441 
 0.001825  T17-0910   0.005772603   0.0029434610438320886           0.0                    99.0    0.01593175    0.008123632374729545    0.00814712    0.004154232385958205    0.02314074    0.00715651791482401   0.02324843   0.003961466173190173   0.03921786   0.008798315961472172  0.002176644   0.0002486894945690308   0.01305005   0.001353905604367679   0.0229771    0.00233636793077743  0.03323803  0.0033797244720546143  0.03231646   0.003286016963150592 
 0.001825  T17-1104    0.01357767    0.006759457814962529           0.0                    99.0    0.01942682    0.009594852638837139    0.02828866    0.008645685983873807     0.0603971   0.008702427470083793    0.1122902   0.011682434810817863    0.1692397    0.01833032863598741  0.007742783   0.0007873051711732751   0.04453825   0.004472676092204896  0.08559209   0.008595436377572943   0.1399726   0.014056504233116605   0.1467715   0.014739271892353604 
 0.001825  T17-1089           0.0                    99.0    0.02440014    0.012394751962193355   0.005525398   0.0028174112222366546           0.0                    99.0    0.01050253   0.005355262502370728   0.03019354   0.004559289325953882   0.04735422    0.00944031013311051  0.002328284  0.00025633082620808603   0.01280245  0.0013282178449155245   0.0216479  0.0022012116070961488  0.03813211  0.0038773665217538256  0.03926985   0.003993054727029891 
 0.001825  T17-1095    0.01614944     0.00725110685616065    0.01337629    0.006820597353528282   0.006640279   0.0033858917099603776   0.005503115   0.0028060495673448553    0.01303392   0.006646019280699387   0.03100238   0.004478010161556693    0.0238578   0.007898988599465378   0.00406617  0.00042185358416725583   0.01451648  0.0014760713220289357   0.0186382  0.0018951779290205342  0.02834935   0.002882631494622988  0.02639248  0.0027381448413762214 
 0.001825  T17-0812   0.009861504     0.00502840013293733    0.02801984    0.011559476960652503   0.008894893    0.004535523788122326    0.01873815    0.008408712796629993     0.0134693   0.006868024314604892   0.02671442   0.004332803709712684   0.04455102   0.008994856099892205  0.004690632   0.0004769549723817511   0.01389694  0.0014130749650726993  0.02220545  0.0022579046502421776  0.03291936    0.00334732130960041  0.03078783  0.0031305821323439845 
 0.001825  T17-0871           0.0                    99.0    0.00391658    0.001997071784654723    0.02323997    0.010064527975384886   0.007193151   0.0036678022216122845    0.02395891   0.007410837543031287    0.0365801   0.004747132641428508   0.05913343   0.009474036239730668  0.002214144  0.00024376467780498878   0.01265485  0.0013129047476926727  0.02774372   0.002821049516750745  0.04819662   0.004840061516679028  0.05229902  0.0052520378825548514 
 0.001825  T17-0799           0.0                    99.0  0.0007750775  0.00039521348067563753    0.01018015    0.005190880311291525   0.005163939    0.002633102082509945    0.01151238   0.005870186987950895   0.01633466  0.0037591077752732764   0.02929925   0.008137689984593048  0.002172587  0.00023918947584996295  0.006313497  0.0006950801652668417  0.01200644  0.0012795331636544988  0.01592784  0.0016974389138305506  0.01840456   0.001961384426864558 
 0.001825  T17-0779    0.01002278    0.005110634099464077           0.0                    99.0   0.006899753    0.003518198008887375    0.01694794    0.008641785716358628    0.01311097   0.006685307226051619   0.03395115   0.004996224933658012    0.0264432   0.008589768889880625  0.004612377    0.000478521020916929   0.01316606  0.0013659413191885515  0.02045685  0.0020801027294818013  0.03386348  0.0034433217603178712  0.02968904  0.0030801536026305977 
 0.001825  T17-0688    0.00648451   0.0033064643026087547           0.0                    99.0    0.01130062    0.005762210150731055     0.0163181     0.00832063201305652    0.03651989  0.0074255510732215025    0.0788394   0.008599196514121596    0.1036345   0.013418151930594804  0.008975996   0.0009127013094414623   0.04276286    0.00429438564258687  0.07462938   0.007494525342600957    0.111007   0.011147684460576063   0.1151339   0.011562121090448066 
 0.001825  T17-0925   0.006693741   0.0034131511075032716    0.01096401   0.0055905681325613054   0.003776692   0.0019257426204829762   0.009583787    0.004886792183002024    0.01449935   0.007063330388161452   0.03392659   0.004636228010135503   0.03311169   0.008743139684981877  0.002033881  0.00023237829062666332   0.01226509  0.0012724682721742024   0.0256372    0.00260685339933437  0.03983613   0.004050635473844158  0.04163607   0.004233657786700294 
 0.001825  T17-0880    0.01469802    0.007283393782263046    0.02651951    0.012906589694663769    0.01300818    0.006632895385052066    0.01985235    0.008134896932764792    0.03038512   0.007642288261660901   0.03347045   0.004690275670443476    0.0300338   0.008893795103027954  0.006345386   0.0006452144155376955    0.0203297   0.002067173767314746  0.02790371   0.002837317724342863  0.03748921  0.0038119948639556028  0.03577945   0.003638142278981986 
 0.001825  T17-0885   0.009799728     0.00499690042999016   0.002309257    0.001177495140780415   0.002745235   0.0013998001931494544  2.249756e-05   1.147154974482245e-05     0.0104254   0.005315932784281702   0.01619262   0.003518171512210995   0.01534502   0.007824454661066483  0.002007146  0.00022932373451991402   0.00544784  0.0006481942396959726  0.01195991  0.0012745744450055674  0.01621642  0.0017281931242994835  0.01912808  0.0020384903772461523 
 0.001825  T17-0862   0.004107921   0.0020946374242200986           0.0                    99.0     0.0104994   0.0053536645481016085    0.01192405    0.006080094401944266    0.03913905   0.007708043615095144   0.04190048   0.005265197767159369   0.05484897   0.009754271177062127  0.005602669   0.0005812610096091601   0.02323565  0.0023626578990395457  0.03340291  0.0033544289887916605  0.04859676    0.00488024487603535   0.0492018   0.004941004969857565 
 0.001825  T17-0782  0.0002973116  0.00015159976500174927   0.007460027   0.0038038818342025675   0.006386174   0.0032563225843198888           0.0                    99.0    0.03038924    0.00851508726807189   0.02386103   0.004371855731623929   0.03984331   0.008875523027166906  0.002874529  0.00030634020075884585   0.01415566   0.001468609520349807  0.02601113   0.002644875547461703  0.03918332   0.003984256133676594  0.03925657  0.0039917043888650925 
 0.001825  T17-0755           0.0                    99.0     0.0175264    0.008936743599141915    0.03341654    0.010472640870139681    0.01498472    0.007640738949153086    0.05330906   0.011961427748263833    0.1035677   0.013348625232146418    0.1299062    0.01819576808879746   0.01121791    0.001126539051872433   0.06358116  0.0063850271128157955   0.0938888   0.009428619008741675   0.1315892   0.013214615904776081   0.1307542    0.01313076254408254 
 0.001825  T17-0830   0.007509779   0.0038292504760865944    0.01937288     0.00987826931544914    0.02419427    0.011400641066621166           0.0                    99.0    0.02408567   0.007650708244965887   0.03900383   0.005160975083423093   0.05061656   0.009219428709238768    0.0041048   0.0004258613406169196   0.01765423  0.0017951254441230565  0.02859399   0.002907507083801111  0.04435778   0.004454552706267386  0.04408204   0.004482370031274716 
 0.001825  T17-2223           0.0                    99.0   0.001827907   0.0009320534442613524           0.0                    99.0    0.01167477    0.005952988985251443    0.01052627    0.00536736463295396   0.02391745   0.003993870293787844   0.04525907   0.008361260774044666  0.001452568  0.00018867319959941316  0.007348814  0.0008090626820161217  0.01578245   0.001637384372004338  0.02719331    0.00276508250015682  0.03025316  0.0030762155538255832 
 0.001825  T17-2226    0.01305008    0.006654259296233354    0.01112947    0.005674940431755915    0.02184779    0.010529221019735554   0.008313717     0.00423918003105847    0.02654986   0.008093469081143882   0.05859118   0.006725509716439937   0.08931419   0.012017483836709123  0.006025706    0.000625149885385353   0.02580271   0.002591192160277628  0.04047603   0.004064734726204528  0.06183272   0.006209443077409129   0.0632931    0.00635609919246868 
 0.001825  T17-2188   0.007897319    0.004026857878316369    0.00730096   0.0037227737507960377    0.01460768    0.007448482575670564    0.01045476     0.00533090350557361    0.01957202  0.0070283460913902075   0.03434454   0.004748453130624856   0.04764738   0.009408803013828487  0.005310683    0.000540003279476451   0.01671549  0.0016996720444178313  0.02055639   0.002090224183835861  0.02840389  0.0028881772440904666  0.02589551   0.002686585611938226 
 0.001825  T17-2202   0.009123037    0.004651854858913237    0.01313719    0.006698680777538962   0.006143417   0.0031325408066041043           0.0                    99.0    0.01924428   0.007173662424541108   0.03230308   0.004796663897710575    0.0502144    0.00912840254294255  0.003157498  0.00033649634589738114   0.01464606  0.0014892473250498592  0.02465804  0.0025072900245277593  0.03772659  0.0038361322809336434  0.03878456   0.003943709243818566 
 0.001825  T17-2053    0.01353627    0.006902169506545388    0.03351565    0.013868232550391019    0.06220924     0.01128085409700755    0.04098722    0.010584586211195408    0.08702956   0.011310428758708134    0.1789319    0.01820904343982201    0.2290204   0.024491445594353962   0.01387882   0.0013937562903542213   0.07379877   0.007411112781909896   0.1398312   0.014042304416079614   0.2003843   0.020123243825570195   0.1984269   0.019926675373411917 
 0.001825  T17-2119    0.02096353    0.008019627973619785    0.01459669    0.007442881694967145    0.03750562    0.010057706302254405     0.0439414    0.009026372431314864    0.07001252   0.009759382600537034    0.1137082   0.011837470249964729     0.137952    0.01571266947109908   0.01135472   0.0011402779514279138   0.05134484   0.005156216022100728  0.08505113   0.008541111406130295   0.1221698   0.012268689166796753   0.1245532   0.012508037962289848 
 0.001825  T17-2058   0.007202318    0.003672476002510056     0.0197751    0.010083364039486228    0.02341436    0.010240325214879506    0.04008473    0.008983352835836407    0.07056191   0.009795964410064075    0.1107627   0.011540963059237129     0.144015   0.016551705048087947   0.01295268   0.0013007503018588771    0.0525191   0.005274139031687868  0.08397301   0.008432843090026104   0.1229775   0.012349801013163127   0.1243007   0.012482680962721952 
 0.001825  T17-2154    0.01976506     0.00801374617519397  0.0002489461  0.00012693805314424868     0.0263151    0.010061833113179526    0.01316041    0.006710520700849525    0.03293635  0.0074133254594256825   0.04331437    0.00535493282158656   0.05384555   0.009908478614436932  0.007765812   0.0007896468146239116   0.02481054   0.002522796589034677  0.03154653   0.003168005263830458  0.04255472    0.00427348354974911  0.04263768   0.004335503924580048 
 0.001825  T17-2090    0.01382853    0.007051195412011001    0.01302897    0.006643498207782177    0.01089856   0.0055571970110061784     0.0187149     0.00834316385833432    0.01576854  0.0071070589883157715   0.04674417   0.005573329911272883   0.06049264   0.009899952551850943  0.005351297   0.0005551818690495304   0.01507316  0.0015326759061485928  0.02830214  0.0028778310732708134  0.04391706   0.004410294167106681  0.05152299   0.005174106423148203 
 0.001825  T17-1767           0.0                    99.0   0.001087567   0.0005545526335920244    0.01591159     0.00811335177080946    0.02090051    0.008763025092925501   0.005034471   0.002567086096671362   0.01931945  0.0037175504702222943   0.02219621   0.007326617802635129  0.003687798   0.0003930107269786539   0.01265261   0.001312672352318449  0.01649895  0.0017117192054659082  0.02459227   0.002500602356507066  0.02461653  0.0025538951013643865 
 0.001825  T17-1715   0.005032922   0.0025662967488390425           0.0                    99.0           0.0                    99.0    0.01779402    0.008886935100046867    0.01840764  0.0070098240001575645   0.04284475  0.0051288568781967395   0.07131197    0.01018190315754663  0.002389781  0.00026310132105685066   0.01289404  0.0013377200140018688  0.02846399   0.002894288344563651  0.04859054  0.0048796202423107855  0.05210029    0.00523208076620105 
 0.001825  T17-1331    0.01357607   0.0069224645847901604           0.0                    99.0   0.004454498    0.002271357222526003   0.007588244    0.003869260422990337    0.01261775   0.006433816327344214   0.02086672   0.003894060084223791   0.03397662   0.008563203524233672  0.003747291  0.00039935092868916683   0.01389307  0.0014413665347666293  0.02012602   0.002046463107566076  0.03167207  0.0032204938069765343  0.03015698  0.0030664357355813625 
 0.001825  T17-0514    0.02793938    0.014246344381768397    0.04448769    0.022684364845370057    0.01428002    0.007281409082868851   0.006020239   0.0030697321040395707    0.01802535    0.00919116310009533   0.02578255   0.006932688583860233   0.03719492    0.01794450536186952  0.002623933   0.0002888801270154283   0.01357526  0.0014083946802437486  0.02434268  0.0024752234541029704  0.03690781   0.003752876700299385  0.03614608   0.003675422139934983 
 0.001825  T17-0645    0.02290857     0.01168111964294729   0.003876356   0.0019765614885632475           0.0                    99.0   0.005201539     0.00265227537646173    0.03076942   0.013985135468556035   0.04224534   0.006926192458826999   0.06425698   0.017655688717920465  0.004508185  0.00046771140511205197   0.01177897  0.0012220347003395607  0.02312255  0.0023511576459028095  0.03406829   0.003464147336571326  0.04121121   0.004190456981124011 
 0.001825  T17-0654   0.008050052    0.004104737223343663    0.02812764    0.014342338523131297     0.0266307    0.013579045896063537    0.01132708   0.0057756982340413186    0.01787071    0.00911231088175645   0.04721431   0.011077985902169265   0.06890583    0.01888516370021687  0.006357987   0.0006464957308164842    0.0299314  0.0030058086499021456  0.04332679   0.004351017321408909  0.05713245   0.005737426658130935  0.06017662   0.006043132127047351 
 0.001825  T17-0661           0.0                    99.0     0.0288807    0.014726325286621914           0.0                    99.0   0.008901105    0.004538690318463494    0.02849381   0.014529054223563934   0.06385414   0.009112271041825139   0.05029859   0.016032641836702426   0.00689348   0.0006922657069434135   0.02700507   0.002745941778494564   0.0398359   0.004000450788656803  0.05451635   0.005474709384347871  0.05743175   0.005767483342826488 
 0.001825  T17-0655    0.03163234     0.01612939189206016    0.06319286    0.021455516539803834    0.03961232    0.020198399265868174    0.02022591    0.010313226074113812    0.06867873   0.014753967800714796   0.09212876   0.010931325100507486    0.1209385   0.020266910910745624   0.01400091   0.0014060169665692551   0.04777788   0.004798010276718283  0.07728946    0.00776165923386906   0.1038515   0.010429105777167944   0.1074147   0.010786933933939525 
 0.001825  T17-0686      0.112363    0.022729857836018247     0.1042443    0.023198971816168923     0.1818691    0.025667196558958282     0.2067789    0.026359267570905686     0.3075082    0.03329633983000083    0.4373227    0.04423530723226075    0.4569304    0.04853087064842027   0.06708764   0.0067371592542922725    0.2446291    0.02456645073843165   0.3582604    0.03597767588618809   0.4436014   0.044547897018130944   0.4265443    0.04283496746835258 
 0.001825  T17-0561           0.0                    99.0   0.006278322   0.0032013286390618883   0.001888747   0.0009630758789820509     0.0336279    0.015819851599815974    0.02979294   0.012864200384825168   0.03018847   0.007821463421988816   0.05032759   0.017432606766085816  0.004238116   0.0004516584064433762   0.01637583  0.0016989458900300506  0.02999514   0.003049979465858254  0.04093136   0.004162001133201221  0.04264669    0.00433642010698205 
 0.001825  T17-0664    0.00477568    0.002435128551067479     0.0325835    0.016614390232115053    0.05061754    0.018595143750939815    0.01921992    0.009800276674130583    0.03974478   0.013021071057381723   0.05945029   0.008864663186225691   0.05102848    0.01803117364770258   0.01102781   0.0011074485895729022   0.03314282   0.003328309905705731  0.04899085   0.004919820676761173  0.06066399   0.006092075405385016   0.0616476   0.006190852725906275 
 0.001825  T17-1396    0.04211947    0.019767266552389303    0.01781975     0.00908632333657316    0.03650764    0.017082107533574302    0.03218682    0.015158500673969177     0.1300807    0.01778922316334527    0.2177245   0.022767367098379843    0.3124131    0.03489083373376165   0.01232984   0.0012382026781185705   0.07585639   0.007617745674779555   0.1573519   0.015801790195301448   0.2595312   0.026062968197272565   0.2937979    0.02950414179047649 
 0.001825  T17-1383   0.005310895   0.0027080352336738994    0.02433619    0.012409075672553576           0.0                    99.0     0.0395795    0.015666748427960408    0.03742513   0.016322776755159307   0.08780397    0.01103532962650165   0.09100501     0.0211670158388801  0.005615369   0.0005825785948283459   0.01931369   0.001963863394451022   0.0297986  0.0030299947601981365  0.04238067   0.004256004878329108   0.0417644   0.004246706691336675 
 0.001825  T17-1872   0.007040258    0.003589841292272771    0.00557869    0.002844584917028493           0.0                    99.0           0.0                    99.0           0.0                   99.0   0.02531149   0.007418115674036433   0.04957308    0.01529640849717554   0.00430575  0.00044670934486787937    0.0186599  0.0018973844149470609  0.02803016   0.002850175471559618  0.03726981  0.0037896857692708724  0.03826109  0.0038904815247965243 
 0.001825  T17-2157    0.01095323    0.005585072370106318    0.02171174    0.011070858593405302     0.0500688    0.017453392041964222    0.03227579     0.01583135899096603    0.03714741     0.0136206934338741   0.08709914   0.010470350087738042    0.1030408   0.019211746649505868  0.006489165   0.0006516630780321669   0.03830717  0.0038469307464961485  0.06342109   0.006368952362133747  0.08382489    0.00841796840059611  0.08311354   0.008346532315119375 
 0.001825  T17-2102  0.0009158064   0.0004669714704273159    0.01006069    0.005129963501859442    0.02664177    0.013584685607761743    0.03159755     0.01611164750026902    0.01491882   0.007607137391139193   0.06209158   0.008553981753481123   0.07571587    0.01758350026981457  0.005563708   0.0005587256730570823   0.02661305  0.0026725691409800966  0.04620502   0.004640058551892121  0.06519761   0.006547356289326391  0.07291013   0.007321872657469769 
 0.001825  T17-2208   0.003955983   0.0020171629609537973           0.0                    99.0   0.002637579   0.0013449061886739201           0.0                    99.0    0.01418036  0.0072305942155577365   0.03314499   0.007284571630022043   0.07075045    0.01745435035539636  0.002793765   0.0002977331201150789   0.01826367  0.0018570947990308652  0.03257069  0.0033118676953377063  0.04754579   0.004774703045763936  0.05374177   0.005396923533618854 
 0.001825  T17-2219   0.008465048    0.004316344493549958           0.0                    99.0    0.01000249    0.005100289169451669    0.01574776    0.008029813553537591    0.04622297   0.014527100309707682   0.04986002   0.007963187578562557   0.04234529    0.01602917613368638  0.005826612   0.0005924642147990712   0.02350604  0.0023901518236346076  0.03538169  0.0035531445161141083  0.04656205   0.004675912669975808   0.0483697   0.004857442771490156 
 0.001825  T17-2087    0.03070676    0.015657436843921037    0.01515543    0.007727782350108277           0.0                    99.0    0.04044732     0.01585047477112985    0.03430006    0.01201112572915778   0.05565906    0.00930307530096258   0.08542389    0.01777151992912877   0.01387615   0.0013934881686622999   0.04593826   0.004613269648711746  0.06759792  0.0067884032377830954  0.08650924    0.00868753957025533    0.087112   0.008748070689843186 
 0.001825  T17-1638   0.006086156   0.0031033428206769806   0.007666129    0.003908974626762293    0.01536927    0.007836818802806275           0.0                    99.0    0.01637821   0.008351279277610705    0.0241487   0.005977883748299309   0.03317742   0.016652715395858535  0.004568485   0.0004739673454256738   0.01186951  0.0012314279382556498  0.02338529  0.0023778736849063282  0.03901991   0.003967640208092701  0.04186009   0.004256436689912698 
 0.001825  T17-1717    0.02134955    0.010886182108545906    0.02233667    0.011389516522771677    0.06147722    0.017952667517861627    0.04821987    0.016142311188506092    0.06798251   0.014086461431598108    0.1368585   0.015123382002432392    0.1528399    0.02152564024785558   0.01566753   0.0015733843794190567   0.06758269   0.006786873789160454   0.1107952   0.011126414700294116   0.1455373   0.014615329546527646   0.1398166   0.014040838188020117 
 0.001825  T17-1690    0.01264085    0.006445596043001299     0.0313085    0.015964265244131973    0.02770982    0.014129291289814362      0.066149    0.017031381461877954     0.1081989   0.016183307775365332    0.2082845   0.021699413377577494     0.273297    0.03315700858138593   0.01357559   0.0013633049511252574   0.08116819   0.008151173927923546   0.1548307   0.015548603000358232   0.2202508   0.022118302514176468     0.22941   0.023038099169574215 
 0.001825  T17-1367    0.01306391    0.006661312220801319    0.02229317     0.01136732598208079   0.005205481   0.0026542844293733123    0.02023945    0.010320130146535218   0.009081075   0.004630458353230299   0.03342165   0.007379123646262135    0.0162155   0.008268314111685706  0.001984161    0.000218444859438738   0.01057326  0.0011267983236075965  0.02007609   0.002041386110708871  0.03037252  0.0030501073506487347  0.03399163  0.0034563523468448946 
 0.001825  T17-1411    0.03588225    0.018296424391258122    0.03034989    0.015475473037442861   0.008779654    0.004476762706859295           0.0                    99.0   0.005853648   0.002984786537770338   0.04936176   0.007337787949578265   0.05042395   0.015806875302147007  0.003385554   0.0003512416133999161   0.01675906   0.001704102350926402  0.03123979   0.003176538496114381  0.04682762   0.004702582075012289  0.05192643   0.005214621179788712 
 0.001825  T17-2014    0.04288141    0.019110854712397898    0.01190864    0.006072237793454485   0.002227414    0.001135762745084976    0.02603454     0.01327506274874119    0.05169959   0.013831937449181911     0.117643   0.014919631356106926    0.1208108    0.02126090589245905   0.01432586    0.001438649503635962   0.04840522   0.004861009800843467  0.07269559     0.0073003278600281   0.0934673   0.009386290602477816  0.09736721   0.009777932263388973 
 0.001825  T17-2016    0.03595316     0.01728528453793735     0.0214505    0.010937651807632204     0.0249376    0.012715730902217144    0.01438882    0.007336888376338092           0.0                   99.0   0.02608906  0.0062620817496226435  0.006732671   0.003433002571050364   0.00215355   0.0002370936296299747   0.01090668  0.0011623310661552544  0.01778581   0.001845227314922755  0.02350053   0.002359999744962573  0.02516149  0.0025584820575623043 
 0.001825  T17-2052           0.0                    99.0           0.0                    99.0    0.04334622     0.01664656410851753    0.01245266     0.00634963465303296    0.03175229    0.01322342977842515   0.02985859   0.006571440252871893   0.05238864    0.01627803782067716  0.004486588  0.00046547076361296854   0.01811419  0.0018418952919021998  0.02728717  0.0027746264035095323  0.03559804  0.0035748710823351377  0.03802804  0.0038188996013927153 
 0.001825  T17-1998    0.02583353    0.013172562454595119    0.05132251    0.021898397357046497    0.03487567    0.017767684186215407    0.04576613    0.016592110323444965    0.07413776   0.015557537935990259    0.1365091   0.014793294493283097    0.1443067    0.02077227190249781   0.01614743   0.0016215774961474676   0.06181142   0.006207304069413911   0.1061386   0.010658783827383866   0.1451728   0.014578725285177748   0.1537839   0.015443479971097965 
 0.001825  T17-2126    0.01295006    0.006603258903058398    0.06440285    0.022787860676327758    0.04052653     0.01859174671049789    0.05017803    0.017317344145694195    0.05366737   0.013783935722962761    0.1068072   0.012627867414198014     0.144171   0.021730433856331537   0.01487474   0.0014937698230577427   0.05430143  0.0054531264168908725  0.08892002   0.008929637938073021   0.1153737   0.011586202620317884   0.1172946   0.011779105639900214 
 0.001825  T17-2155    0.06285291    0.028254782356330072     0.0390151    0.019893875622477384     0.1262567     0.03467019731918756     0.1770413     0.03828762597854952     0.2422657    0.04014519369679265    0.2694961   0.033725440843200255    0.2295145   0.035124759986804185   0.03365829     0.00338007507657145    0.1232157   0.012373721841660294   0.1828394    0.01836132788519853   0.2290561   0.023002559428709782   0.2185754    0.02195005339126345 
 0.001825  T17-2116    0.09258638    0.022698125378467802    0.05274107    0.020953239085629433     0.1190121    0.021886895240954118    0.09560313    0.018234251691209295      0.175923   0.022008204821302443    0.3313459    0.03402187869763557    0.4158751   0.044342424374863625   0.02691189   0.0027025796251774507    0.1451369    0.01457512015000978    0.259085    0.02601815930864674   0.3431454    0.03445977839696297   0.3461323    0.03475973258713185 
 0.001825  T17-2101    0.01723855     0.00878997028360449   0.009744566    0.004968773218549279    0.05613795     0.01699724508462842    0.03643818     0.01625002380015254    0.05429155   0.014510355783853993   0.09446925   0.011057559381083559    0.1030948   0.018039133518750285  0.009427478     0.00094673803764807   0.04329746   0.004348071910909765  0.06829318   0.006858223503381583  0.08716583   0.008753476474396787  0.08843437   0.008880867393075042 
 0.001825  T17-2127    0.02507956    0.012788116583232107    0.01180026    0.006016975600546839   0.008829588    0.004502224150898469           0.0                    99.0   0.006488454  0.0033084753559049157   0.02605166   0.006621773339720411   0.04814213    0.01624260014196831  0.001723522  0.00020506790667727606  0.007598738  0.0009869955834294296  0.01383313   0.001796777459289269  0.01872036  0.0019035321335230697  0.02106194   0.002185116468889567 
 0.001825  T17-2081    0.01031996    0.005262168722530379           0.0                    99.0           0.0                    99.0    0.02334357    0.011902936797595331    0.02798882   0.012981067945185557    0.0389148   0.007293583840875553   0.05283119   0.015690305053129495  0.004209664   0.0004280489672259173   0.01783715   0.001850553673739481  0.03267877   0.003390329629585214  0.04201426   0.004219208789460338  0.04695589   0.004715463374296214 
 0.001825  T17-2218    0.04579007     0.02049955227964867   0.006606854   0.0033688477469458545           0.0                    99.0   0.008964114   0.0045708192208070274    0.01479795   0.007545504561697713   0.04050741   0.007402673532440155   0.08740297   0.018252093976807403  0.002493412  0.00026572432810622064   0.01449666   0.001503987281279586  0.02544267   0.002587073125122808  0.03676873  0.0036924355883190775  0.04324035  0.0043423367389855754 
 0.001825  T17-2214    0.04045237    0.020626737497204183   0.008959418    0.004568424721243444     0.0369326    0.018277137342527137    0.03010785    0.015352046563329105    0.04420648   0.014973846135338911   0.08455327   0.010649769198393222    0.1235706   0.020435842600893657   0.01056785   0.0010612579076017526   0.03966918  0.0039837082277939095  0.06320428   0.006347179595414519  0.08668017   0.008704704906098967  0.09143933   0.009182635260381834 
 0.001825  T17-2220           0.0                    99.0    0.02875655     0.01466302586226407    0.01590001    0.008107444164470701    0.04358226    0.016540546105542463    0.02785832    0.01336620966695959   0.05147169   0.008537967173206805   0.06297752    0.01818887824934798  0.003198329   0.0003318175480457542   0.01798034  0.0018282850968867003  0.03601712  0.0036169564724840134  0.04873409   0.004894036005829827  0.05253141   0.005275375243870131 
 0.001825  T17-2231    0.08816725    0.021207137518432916    0.08529183    0.025222623534142695     0.1805779     0.02471199514583353     0.1502467    0.023107418532795916     0.2806106    0.03192718152552774    0.4440243    0.04533670363116317    0.4904588    0.05113282363492163   0.05875586    0.005900454780140108    0.2342136   0.023520492341840317   0.3206394    0.03219965258742405   0.4083529    0.04100812793738578   0.3950972   0.039676947244474854 
 0.001825  T17-2190    0.01132785     0.00577609183912453    0.04612804    0.022265112335310953           0.0                    99.0    0.01253785    0.006393075161430608    0.01840371   0.009384089602411627   0.03261291   0.006812090440665406   0.05378451    0.01633677253071429  0.006363479   0.0006470541588295141   0.01477296   0.001574362748908904  0.02553217   0.002720977851905636  0.02943549   0.002956007743778362  0.03523933   0.003583221547883798 
 0.001825  T17-2252     0.0292808    0.014930337057360762   0.009276497    0.004730103431788157    0.01844911    0.009407235228680635    0.02866847    0.014618103892581589    0.02218106   0.011310165777217237   0.05340684   0.008367009553757245     0.053805   0.017004029038801362  0.004588193  0.00046653872457027575   0.02073882   0.002108774134815507  0.03696389  0.0037120341918981566  0.05086574   0.005108103228544084  0.05310476    0.00533295291330445 
 0.001825  T17-2159    0.02486982    0.012681169747954012    0.04287519     0.01950866585472879     0.0524617    0.017943160604500533    0.04892256    0.016586098429661994    0.05923362   0.014301901534241662    0.1010912   0.011714704521543896    0.1537235    0.02036109935839664   0.01361898   0.0013676623128452286   0.05187801   0.005209758682488069  0.08388376   0.008423880316515663   0.1146558   0.011514108774228296   0.1198912   0.012039864706196703 
 0.001825  T17-2200    0.03416936    0.017423023340697678           0.0                    99.0    0.05516711     0.01599801801740206    0.05430701    0.017174501055628982     0.1014442   0.015622543130326126    0.1320094   0.014436067867669818     0.187483    0.02432829519671282   0.01397026   0.0014029390026593493   0.06342435   0.006369279748762258   0.1074395   0.010789424410840352   0.1482573   0.014888480791635527   0.1608767    0.01615576203273436 
 0.001825  T17-2250    0.01273634    0.006494284619175233    0.02843686    0.014500010404530613     0.0175101     0.00892843513907678           0.0                    99.0    0.01808925    0.00922374387362583   0.02497352   0.006279279912896462  0.008072368   0.004116116195290196  0.003002211   0.0003114708652304939   0.01197951  0.0012428401492702954  0.01656889  0.0017189752516170906  0.02265227  0.0022748147103623644  0.02670344   0.002715271305276187 
 0.001825  T17-0914    0.03707495    0.017058887696796792     0.0155678    0.007938049637209633    0.02577565    0.013143049329650444    0.01165007    0.005940391465310851           0.0                   99.0   0.03067957  0.0063199348500972705   0.01162919  0.0059297466737278075  0.003322664  0.00035409820092907845   0.01421229   0.001474484736774515  0.02289248  0.0023277635357847244  0.03121495  0.0031740127165821755  0.03259004  0.0033138352435476467 
 0.001825  T17-0897           0.0                    99.0   0.004853426   0.0024747713881778577           0.0                    99.0    0.03425226    0.015458469580119372    0.02023506   0.010317896579872081   0.06324489   0.009150726605824534   0.06680404    0.01609639289153989  0.005076204    0.000526641751535757   0.02459771  0.0025011555256330142  0.04656894   0.004676604589948315  0.06570774   0.006598585198465227  0.06785859   0.006814580562505773 
 0.001825  T17-1038           0.0                    99.0    0.01919827    0.009789233374560951    0.04101056     0.01912826018974899    0.04192208    0.019684174896897864   0.003378279  0.0017225915446264126   0.03930238   0.006647488005676505    0.0192428    0.00981193930845498  0.003762228  0.00039032047209630193   0.01864487  0.0018958561390438992  0.03086835  0.0031387695794181836  0.04262058   0.004280097416866116  0.04515489   0.004534601082962713 
 0.001825  T17-1074   0.008092299    0.004126278560792401    0.02340218     0.01193281724806108   0.008544038    0.004356621648687827    0.02253402    0.011490140769969006     0.0338576   0.013510246139578656    0.0915063   0.010941439388260761    0.1231687   0.019044076365539498  0.006702798   0.0006815569498450221   0.03843567  0.0038598351322718903  0.06903203   0.006932421229836026  0.09699631   0.009740685288263645  0.09990437   0.010032722140399878 
 0.001825  T17-1003    0.00570718    0.002910102218758647    0.04432827    0.020217206601665545    0.02885259     0.01471198703986586    0.08145699    0.018238527797829546     0.1057429   0.016009367739848443    0.2058609   0.021656593281490538     0.238578   0.028423493061988353   0.01721377   0.0017286628352651914   0.09792481   0.009833928272304698   0.1666284    0.01673336646443913   0.2196815   0.022061131503728022   0.2202113   0.022114335777991184 
 0.001825  T17-1131    0.04778674    0.017505240647528272    0.01443371    0.007359778855515293    0.01100206    0.005609971862971862           0.0                    99.0    0.02026109   0.010331164424762633   0.05621198   0.008331662694134948   0.05828737    0.01542816442671224  0.005975416   0.0006075949578460967   0.02467054  0.0025085610446049767  0.03943037   0.003959726142789601  0.05449743   0.005472809372640436  0.05517495   0.005540848128890108 
 0.001825  T17-1029           0.0                    99.0   0.002382624   0.0012149046269554495   0.006084682   0.0031025912252006776    0.01770158    0.009026070184142377   0.001362567  0.0006947757682738942   0.02678495   0.005799307250028145   0.06022431   0.015267536401180152  0.003497448  0.00036285029939026313   0.01509372  0.0015659305936081619  0.02299751  0.0023384432576928267  0.03060152  0.0030731042884116788  0.03212186   0.003266229533023814 
 0.001825  T17-1113    0.06305466    0.018426115273512105    0.09076502    0.020705505696852807     0.1368354     0.02113031382976836     0.1386241    0.021681712435730256     0.2245532   0.025463696508213413    0.3375622    0.03451510661975854    0.3865843   0.041761076496481746   0.04375556    0.004394075808489079     0.177819   0.017857162932826954   0.2849421   0.028614813512715682   0.3576792    0.03591930989430071   0.3545727     0.0356073450420433 
 0.001825  T17-0912    0.02157008    0.010998625882975744    0.03727712    0.019007676229053985    0.03825967    0.017289884680722685    0.03097751    0.015795487894348217           0.0                   99.0   0.04419726   0.007404967686723015    0.0413683   0.015207725937710082  0.003238567   0.0003359921350746099    0.0186801  0.0018994384009280245  0.02885545  0.0029340929653632313  0.03876968   0.003942196208852017  0.04084372  0.0041016593578283855 
 0.001825  T17-0863    0.08566516    0.021414810748775156    0.09104615    0.022729652803072577     0.1204262    0.022965558016013892     0.1394901    0.024070346069390028     0.1838593   0.022501789112712795    0.2951739    0.03019661330009271     0.318536   0.035420888395139107   0.04331531    0.004349864474783375    0.1550368   0.015569300210410262   0.2291086   0.023007831599866687   0.2980341   0.029929554710655573    0.296208    0.02974617180288879 
 0.001825  T17-0874   0.005951355   0.0030346070374414626           0.0                    99.0           0.0                    99.0    0.02394529    0.012209745193960479    0.01727137    0.00880670624622878   0.04298694   0.007439958460437263   0.09053052   0.018783780953759124  0.005295957   0.0005494405013718774   0.02258892    0.00229689680671863  0.04051915   0.004069064972433963  0.05727753   0.005751996060810478   0.0579934  0.0058969112525867305 
 0.001825  T17-0764    0.02274324    0.011596822456232399    0.03505319    0.017873685079464196           0.0                    99.0           0.0                    99.0     0.0151353   0.007717517043246746   0.03460556   0.006472473465973576   0.03974525   0.016611952746321698  0.002315905   0.0002646005472949933      0.01495  0.0015510200864073973  0.02860213   0.002908334770944963  0.04090262   0.004107574279446812  0.04409159  0.0044833410774253405 
 0.001825  T17-0793    0.04093607     0.02087338687688342           0.0                    99.0    0.03889606    0.019308586837281386    0.01033149    0.005268048872610238    0.02196899   0.011202025967489138   0.03575572    0.00799390100877369   0.05218916    0.01714480089659708  0.003534662  0.00036671114866896113   0.01546331  0.0016042745468768244  0.02642825   0.002687289308391765   0.0352991   0.003544850557741312   0.0373901   0.003801917129271917 
 0.001825  T17-0843     0.0213569    0.010889924984984976           0.0                    99.0    0.06897469    0.020046457430350658    0.07480606    0.019882617961858945     0.1013875    0.01727699297524312    0.1657299    0.01850017836094788    0.1942545    0.02469829503097127   0.01556895   0.0015634846507360056   0.07452962   0.007484507111559292   0.1294813    0.01300293376690003   0.1775596   0.017831113155074085   0.1844933    0.01852741791015186 
 0.001825  T17-0826           0.0                    99.0    0.06420624    0.025258400055976946    0.01627597    0.008299146902103734  0.0005151898   0.0002626962843403964    0.01854213   0.009454669249938097   0.03017657   0.006625430282054894   0.05086504   0.015869396835469708  0.001671921  0.00022730155127180724  0.006302626  0.0006938833416502015   0.0180151  0.0018690154436227246  0.02943896  0.0029563562253281336    0.034806  0.0035391594961176926 
 0.001825  T17-0869    0.01077836    0.005495906796452793    0.02658552    0.013556008525901126           0.0                    99.0    0.01983794    0.010115404316948285    0.02643242    0.01347794253714802   0.05468596    0.00790065741310538   0.07076851   0.017495697196130852  0.006469704   0.0006578553889671498   0.02351068  0.0023906236353017367    0.045233   0.004542445141692709  0.06438557   0.006465808594369356  0.06691914   0.006720237939520416 
 0.001825  T17-0903    0.02067985    0.010544690965913843    0.06240696     0.02082346175784699    0.04764213    0.018733849390722375    0.07086153      0.0199143047924729      0.137175   0.019820076890607666    0.2407307   0.025071764724766007    0.2701558   0.031062609727112434    0.0202266    0.002031221034938643    0.1097315   0.011019594486340958   0.2063264   0.020719968877449986   0.2736323    0.02747904658051129   0.2902325   0.029146092671610373 
 0.001825  T17-1065           0.0                    99.0    0.02257365    0.011510353087204796    0.02801683     0.01428583138499783    0.05338547     0.01717046472180672    0.04454044   0.013329582843511496      0.03541  0.0065548385047798086   0.03778043    0.01525083037481727  0.007088027   0.0007207279835159588   0.02042808  0.0020771773185707183  0.02922537  0.0029717073427426265  0.03834537  0.0038507669116697014  0.03939345   0.003956018520371134 
 0.001825  T17-1061   0.001130825   0.0005766099722039241    0.01074381    0.005478287722871992    0.02832444    0.014442687227158801    0.02607076    0.013293531397419423    0.03790314   0.013505751763563405   0.07330906   0.009092518208573245   0.07772393    0.01788203757493393  0.008636473   0.0008673027395084213   0.03268466  0.0032822999783856197  0.05250349  0.0052725714222214195   0.0723762   0.007268253675394816  0.07730997   0.007763718914477791 
 0.001825  T17-0997   0.004321458    0.002203519866917165    0.03034451     0.01547272976494455    0.04920361    0.018179828220110363    0.03857609    0.017127282068001362    0.03220471    0.01277161265658887   0.06697672   0.009503234160629107    0.1025112   0.018346718366053914  0.008173394   0.0008207988389653263   0.03680187   0.003695763621384604  0.05904202   0.005929191896268194  0.07721543   0.007754224904024462   0.0777168   0.007804574113013678 
 0.001825  T17-0998     0.0196521    0.010020645118888354           0.0                    99.0  0.0004484758   0.0002286786855574135     0.0290586     0.01481703684376873    0.04928801    0.01790494315192598   0.05903512   0.009531766385391167   0.07200348    0.01806812032662789  0.007849847   0.0007883071955336623   0.03472781   0.003487479753491769  0.05085321   0.005106844934826802  0.06532528   0.006560177327888448  0.06761337   0.006789954777112278 
 0.001825  T17-0994    0.08345107    0.020737897779665348    0.09233876     0.02270835265763186      0.123757    0.020312133540790343     0.1400833    0.021951568601760556     0.2514758   0.029333058077752484    0.4095091    0.04162823492480388    0.4951118    0.05276745318061883   0.05234332      0.0052564866311429    0.2171088   0.021802772633307814   0.3518183    0.03533073922185688   0.4519406   0.045385346555736214   0.4426216    0.04444950233851911 
 0.001825  T17-0987           0.0                    99.0   0.006651571   0.0033916495227951263   0.009238193    0.004710573128023966           0.0                    99.0    0.03837836   0.013671439517731702   0.03761917   0.007501745287122058   0.05663499   0.017968691963395695  0.005188298   0.0005382711932957586   0.02112536  0.0021480784470983014   0.0274415   0.002790319081355651  0.04199015  0.0042167875903780065  0.04989808   0.005010927667677402 
 0.001825  T17-1060    0.02263156    0.011539876606304593    0.04078479     0.02079623910387503    0.02909517    0.014835688861033348    0.08214003     0.01882184102017943    0.07651779   0.014648150313689474    0.1305508   0.014509831200009496    0.1480267    0.02290051319711853   0.01659864    0.001666889473754277   0.06012357   0.006037804674094961  0.09859536   0.009901267087270512    0.137364   0.013794540135813193   0.1402494   0.014084301443402331 
 0.001825  T17-1500    0.02148981    0.010957691150436802     0.0262243    0.013371821743031127    0.02281025    0.011630986083089646    0.01438106    0.007332932517776228    0.02357676   0.012021835930729382   0.05654704    0.01005919702441189   0.08656481   0.022143737198760307   0.01262986   0.0012683316646745402   0.04488185   0.004507181516316978  0.06959556   0.006989012747072182  0.08363896   0.008399296702621649  0.09105757   0.009144297672580353 
 0.001825  T17-1774    0.01354495    0.006906594474902519  0.0002025291  0.00010326993426800514           0.0                    99.0           0.0                    99.0   0.004558433   0.002324353391550194    0.0189989   0.006517325362879776   0.05758961    0.01521100196464457  0.001328638  0.00015808385582045026  0.008833847  0.0009414280729322343  0.01530181  0.0015875193830829407  0.02372131  0.0023821711860424074  0.02568537   0.002611751456883484 
 0.001825  T17-1615    0.03298168    0.015854606030230586    0.06064718     0.02069425897753104     0.1008487    0.019944732005141106      0.121782    0.019014276996288867     0.1830796    0.02177817795027169    0.2925958    0.02990470837606415    0.3855838    0.04134736509759721   0.03289888   0.0033038126447242798    0.1406203   0.014121548326812469   0.2284422   0.022940909520969305   0.3279246   0.032931256077164885   0.3311176      0.033251907569101 
 0.001825  T17-1728    0.03006162    0.015328478699021113    0.03243162    0.016536946323742602    0.03796658    0.016808405277389166   0.007789354    0.003971806804428202    0.05155832   0.012248965133117327   0.07757525   0.009423532073461045    0.1159485   0.020108691845731785   0.01247676   0.0012529568644478709   0.04406743   0.004425394815900634  0.06668047  0.0066962699147397765  0.08906796   0.008944494556623668  0.09514648   0.009554919333086819 
 0.001825  T17-1623    0.02277958    0.011615352293144794     0.0158288    0.008071135027095075           0.0                    99.0   0.008927942    0.004552375047422459  0.0005172751  0.0002637595338505323   0.02420121   0.006067885343162806   0.03171664    0.01572112760160021  0.002514235   0.0002608447421747742  0.008539807  0.0009100920749133574   0.0136255  0.0014520772467150674  0.01956414  0.0019646946430460282  0.02268505   0.002306671544650647 
 0.001825  T17-1203    0.05106138     0.02074618782511727    0.03631286    0.018515998173436292    0.06963447     0.01774884971703544     0.0592007     0.01870079422337458    0.09550797   0.015474708766167751    0.1542389    0.01650259458491652    0.2137525   0.025876172143245994   0.02170739   0.0021799267902104535   0.08307281   0.008342442079306046   0.1361912    0.01367676382240419   0.1778644   0.017861722226662918   0.1832604   0.018403606116994597 
 0.001825  T17-1541    0.01067524    0.005443323746067287    0.01055004    0.005379484021757105     0.0201302    0.010264428261252548           0.0                    99.0           0.0                   99.0   0.02977867    0.00649070362420077   0.02329003   0.011875636647119556  0.002468362  0.00027175264748982667   0.01051091  0.0011571915310535936  0.01971192   0.002170170313652788  0.03181959  0.0031954268403897924  0.03616131  0.0036769707370869586 
 0.001825  T17-1887    0.06424926    0.017190244970051356    0.07813279     0.02041249578305997    0.08440828     0.01946691863709262    0.08438523     0.01636192023272113     0.1780858    0.02102695894476422    0.2673317   0.027408517538165485    0.3551379    0.03811106628773984    0.0357332   0.0035884442924200466    0.1357902   0.013636494036763116   0.2130734   0.021397524571222813   0.2979295   0.029919050474898498   0.3066877   0.030798577436370402 
 0.001825  T17-1859    0.02175427    0.011092549626300033    0.01251554    0.006381698268315104    0.04834922    0.015993269407775384    0.06613429    0.015150207629565378    0.08379067   0.014588765199306247    0.1527051    0.01625660915001099    0.1330857   0.019916631060862174   0.02079304   0.0020881047836583777   0.07987819   0.008021627931112805   0.1124099   0.011288568137766143   0.1383054    0.01388907862448766   0.1348061   0.013537667500873261 
 0.001825  T17-1875    0.07563308    0.017384900084376785    0.06874413     0.01878243825318132     0.1089117    0.019904911587590637     0.1157637    0.018348330529159868     0.1917471    0.02298659810455214    0.3225517    0.03278766904185907    0.3795999    0.04010256958598164   0.04056345    0.004073513721022014    0.1548651   0.015552057575436765    0.253304    0.02543761246297018    0.355224    0.03567275073675643   0.3531015   0.035459602370820874 
 0.001825  T17-1984    0.04072604    0.016190477323195757    0.02139937    0.010911585423762625           0.0                    99.0   0.003237823   0.0016509717755656182    0.01700198   0.008669340817810083    0.0224648   0.005589347109528984   0.01884564     0.0096094276300338  0.003643119  0.00037044128026425847   0.01288499  0.0013367811183758397  0.01797055  0.0018643935241290021  0.02683239     0.0026945959783391   0.0292126   0.002970408863617263 
 0.001825  T17-1986     0.0266166    0.013571856278549371    0.03738982      0.0180409243944074   0.007454813     0.00380122320542818    0.02124917    0.010834988344861705    0.00143317   0.000730776277687645   0.05202505   0.007612437723695742   0.06897485    0.01703450331454736  0.007140861   0.0007171085130882688   0.02525217   0.002567702606682754  0.04352242   0.004370663130442987   0.0576463  0.0057890291543964785   0.0621809  0.0062444084507320054 
 0.001825  T17-2091    0.06405129    0.017297218522604754     0.0619762     0.01924922565384904    0.06871034    0.017316729687719794    0.07167426    0.016616103058270795     0.1306809    0.01718173162300587    0.1999795   0.020773651358391574     0.226224    0.02639929708307401   0.02897425    0.002909688528223647    0.1003682   0.010079301419649085   0.1603406    0.01610192509426376   0.2160198   0.021693411621241717   0.2202879    0.02212202815244516 
 0.001825  T17-2135  0.0004157294  0.00021198123229742205    0.00203746   0.0010389048298164755    0.03750755     0.01621887625202267     0.0518785     0.01623267431586675    0.06639261   0.013524314876403943   0.09992278   0.011381624352984288    0.1238204   0.018501964585462268   0.01170503   0.0011754572246331595   0.04779937   0.004800168378892688  0.07768444   0.007801324420720884  0.09804991   0.009846491220399782  0.09902143   0.009944054428616842 
 0.001825  T17-2096   0.009778362   0.0049860058648974175   0.009886953    0.005041376137407135    0.01733502    0.008839160524852119    0.02376705    0.012118870075956958    0.05077326   0.012449780000878569    0.0904974    0.01123948417140222   0.02972946   0.015159109666857615   0.00838433    0.000841981719619287   0.04871108   0.004891725260280197  0.09368118   0.009407769127799866   0.1286665   0.012921108951497506   0.1762766    0.01770227010524608 
 0.001825  T17-2107    0.05889346    0.016660668297199723    0.08703283    0.021953474352322665      0.119762    0.019644846049081167     0.1134521     0.01857936039567832     0.1724595   0.021737884205296983    0.3072259    0.03154093452032048    0.4796186   0.051016782718847534   0.03156176   0.0031695347032815796    0.1443411    0.01449520328508231   0.2651456   0.026626784477367164   0.3744048   0.037598949155571035   0.3891333    0.03907803303764661 
 0.001825  T17-1845    0.05397751    0.018190166177924297    0.02347307      0.0119689592944896     0.0335741    0.015520363112537025    0.01898464     0.00968030694301477    0.03630503   0.011088016044771444   0.05592458   0.008158433058302618    0.0664337    0.01588353967656454  0.008799084   0.0008836326662827229   0.03007375  0.0030201039011489737   0.0478418   0.004804429338132104  0.06406555  0.0064336711341438065  0.06667981   0.006696203633448634 
 0.001825  T17-1825   0.006505001   0.0033169131937843973   0.007871445    0.004013664675226899   0.006601294   0.0033660126920962968    0.02256737    0.011507141097143505    0.02983619    0.01294795870310301   0.06870191    0.00908027402017197   0.09036847   0.017925498256612257  0.004993676   0.0005077692324086272    0.0295061  0.0029630986352002257  0.05361257   0.005383948846724772  0.07846183    0.00787939245336549   0.0979757    0.00983903881050432 
 0.001825  T17-2086    0.02502349    0.012759521477916052    0.04083039     0.01916340695439934    0.02502896    0.012762315544493327    0.01129894    0.005761350573710733    0.04888965    0.01187147708639599   0.06082792   0.008417466449307654   0.08456517    0.01683744583433571  0.008981374   0.0009019388213706294   0.03033773  0.0030466136281126362  0.04725959  0.0047459619098086546    0.061462   0.006172214163991625  0.06449549   0.006476847118625795 
 0.001825  T17-2080    0.02700956    0.013772227349355513   0.001588265   0.0008098594227756444   0.001037808   0.0005291805204524067           0.0                    99.0    0.02540008    0.01064722083344588   0.05583453   0.008166507157851147   0.05628281   0.016848839437630745   0.00727523    0.000730602285202336   0.02434294   0.002444597292553702  0.03587282   0.003602465392234159  0.04664556   0.004684299020173483  0.04894261   0.004914976259511394 
 0.001825  T17-1183   0.002073833   0.0010574510032029332           0.0                    99.0   0.006082153   0.0031013021734560293    0.02578611    0.013148382904061662     0.0185417    0.00945444705035699   0.02400497   0.006272301681120975   0.06035372   0.016800993309899388  0.002798778   0.0003330038798273227   0.01614361   0.001720433693441209  0.02563764  0.0027322178295015663  0.03964552   0.004031253756978189  0.04487993   0.004656165226249279 
 0.001825  T17-1246   0.001997561   0.0010185600557430573   0.009841484    0.005018191895871117           0.0                    99.0    0.01827023     0.00931602592878283           0.0                   99.0   0.02779175   0.006661672299672583   0.02700522   0.013770014374886615   0.00197948  0.00021792950709820116   0.01248304  0.0012950799176023851  0.02088964  0.0021672408131308343  0.03051054   0.003063967776604749  0.03645853   0.003661284298634736 
 0.001825  T17-1374    0.01226177     0.00625230143069934   0.002083359   0.0010623093097722573           0.0                    99.0    0.02939706    0.014989618258225791     0.0472145   0.012672491551092074   0.08677453    0.01055803428976649    0.1251071    0.01840077793990515  0.006061741   0.0006163727019918794    0.0327879   0.003292667677590815  0.06147168   0.006173186265137642  0.09333492    0.00937299657778114   0.1106461   0.011111441616813007 
 0.001825  T17-1531           0.0                    99.0     0.0328213    0.016735644916148287    0.01901242    0.009694472019223532    0.01338268    0.006823855626997467    0.02851841   0.011512535208531656   0.06557713    0.00855720416996451    0.0945974   0.017901221372509754  0.006152655    0.000625617061031315   0.02807605  0.0028194883621190923  0.05051973   0.005073355784102295  0.07484992  0.0075166726830606535   0.0849087   0.008526808124400596 
 0.001825  T17-1431           0.0                    99.0    0.02802594    0.014290481494678058   0.004758085   0.0024261573165236523      0.014781    0.007536862704202857   0.008792082   0.004483099768310787   0.05289584   0.007622574989916268   0.08263538   0.016575356372203403  0.004857822   0.0004939552612340762   0.02396586   0.002436907450162759  0.04452356   0.004527264850496875  0.06338423   0.006365250760284554  0.06980512   0.007010057442888696 
 0.001825  T17-1109   0.006539391   0.0033344487218916427      0.030864     0.01573761382675277     0.0158744     0.00809438753665773    0.02849773    0.014531053039213263    0.03968379   0.013327089344269474   0.04761872   0.007428022262191263   0.08352022   0.017142935159458077  0.005251512   0.0005339866306241324   0.02261017  0.0022990575517194346  0.04247758    0.00431922459102557  0.06600469   0.006628405892571871  0.07520024   0.007551852961222699 
 0.001825  T17-1119   0.006768391   0.0034512162687529175           0.0                    99.0    0.02993326    0.015263027684544635   0.001079165    0.000550268143222502    0.03726212   0.013153461365961586   0.05059094     0.0087081615783551    0.0510352   0.015443157599415995  0.004863204    0.000494502519806615   0.02184942   0.002221702648807315  0.03696492   0.003712137629076305  0.05179134   0.005201054995229876  0.05627254   0.005651071701811127 
 0.001825  T17-1535    0.03925523    0.016788886489092388    0.01412007    0.007199851246329607    0.02711353     0.01382524675814175   0.009767283    0.004980356170887971    0.01974063   0.010065787719222872   0.04796927    0.00790949303541978   0.04539706    0.01526425830625373  0.008623762   0.0008660262606588349   0.02631385   0.002642522496681012  0.04060007   0.004077191222251068  0.05296917  0.0053193365175917395   0.0543592   0.005458927860934681 
 0.001825  T17-1434    0.01579135    0.008052039199016668   0.009784933    0.004989355940329462   0.003725894   0.0018998406211578275           0.0                    99.0           0.0                   99.0   0.02717334   0.006152721525525108   0.06205257   0.015895946716020064  0.002464596  0.00026265339431468405  0.007086179  0.0007801480556258344   0.0211314  0.0023264471368094745   0.0295989  0.0029724179115717918  0.03852937   0.003869244790554736 
 0.001825  T17-1458     0.0241104     0.01229394000805275    0.01683273    0.008583039912542525    0.04775213     0.01639160810879363    0.07003434     0.01569462802848019     0.0723525   0.013866830513834083    0.1066171   0.012262671828916405     0.165998    0.02328318397839093   0.01858148   0.0018660127200485239   0.05975163  0.0060004532384916424  0.09278349   0.009317620177805986   0.1230831   0.012360405652884902   0.1285162   0.012906015273200478 
 0.001825  T17-1447    0.05049071    0.017503656203988954    0.03790887    0.018350689956139768    0.05683677    0.016639589445188514    0.08451492    0.018048708969202312     0.0989249     0.0162706806545301    0.1675986    0.01753749491814609    0.2086194   0.027648451834162435   0.02498342    0.002508916385246356   0.08566275   0.008602532284607283   0.1354513   0.013602460630514944   0.1796509    0.01804112834867642   0.1841351   0.018491446313009405 
 0.001825  T17-1538    0.02169279    0.011061200854330466    0.02278131    0.011616229520617308      0.030869    0.015740163336509568     0.0368113     0.01521038380992735    0.04618196   0.011771983631424062   0.08043438   0.010115214458310066    0.1237066    0.01995094599575669  0.007837054    0.000787022481541235   0.03622344   0.003637675791585617  0.06663194   0.006691396381257385  0.09624967   0.009665705269096938   0.1053877   0.010583375980937853 
 0.001825  T17-1400    0.05555207    0.016534693704040877    0.03850909    0.019635855233166723    0.06905985    0.019509562063886134    0.07855671     0.01774002777434807     0.1227414   0.016858123919953255    0.2197638   0.022682721527725377    0.2994551    0.03288610050094872   0.02192959   0.0022022408342690404    0.1036111   0.010404964032433857   0.1843448   0.018512505032363503   0.2629025   0.026401525137093578   0.2793791   0.028056158950245293 
 0.001825  T17-1373    0.02667967    0.013604010891718258    0.02371682    0.012093252798036762    0.02551333    0.013009291849769879    0.03381975    0.015062194284387152    0.06783172   0.014286226852951202    0.1072395   0.012118981627397742     0.162898   0.022201786742568716  0.008226706   0.0008261526034428129   0.04798494  0.0048188039167654205  0.09012213   0.009050357743782798   0.1369878   0.013756760900445133   0.1595442   0.016021948023643567 
 0.001825  T17-1449    0.02102581    0.010721106450812855    0.03052378    0.015564134984861318    0.04791041     0.01599654441409397     0.0279796    0.014266852638252068    0.07096991   0.014714904157913534    0.1053141   0.011711236119651119     0.144332    0.01979610792056105   0.01460599    0.001466781071047145   0.05344717   0.005367338839272639  0.08854627   0.008892104752033385   0.1196676   0.012017410014043833   0.1284653   0.012900903711701016 
 0.001825  T17-1688    0.01789469    0.009124539311130726    0.05080093     0.01870742966792202    0.05836759    0.016922981998128493    0.06764443    0.014885269019441639     0.1563361   0.019880306390863297    0.2980863   0.030528752140390365    0.4376537    0.04605346175152743   0.02212374     0.00222173800141205    0.1339347   0.013450158757171789   0.2232478   0.022419271068706073   0.3743346    0.03759189940317729   0.4103298     0.0412066545878591 
 0.001825  T17-1819           0.0                    99.0    0.01461602    0.007452736138525568    0.02114551    0.010782141714390561    0.05012549    0.014891837058328332    0.02361609   0.012041895277379762   0.04755196   0.006975415202686647   0.07810197    0.01687876301758245  0.003902589   0.0003968248277199053   0.02121453  0.0021571454584716813  0.04034378   0.004051453747603201  0.05848375    0.00587312861027605  0.06597967  0.0066258933066214625 
 0.001825  T17-1939    0.03474111    0.017335540018699188    0.08613853    0.018600273486043397    0.04758315    0.017260477384152068    0.06090983    0.014791368876067183    0.09126207   0.013796818548014938     0.141136    0.01507823382926913    0.1626687    0.02144142721848991   0.02356259     0.00236623201281304   0.07802102   0.007835124869593592   0.1127366   0.011321376505586634   0.1478327   0.014845841050537387   0.1550353   0.015569149650320791 
 0.001825  T17-1961    0.02459183    0.012539427007399063    0.01513121    0.007715431544265686    0.02144929    0.010937029923367723    0.03436842    0.014772980813043925    0.05667322   0.012331315340923042    0.1167107   0.013063227366145166    0.1688059    0.02214974362144402  0.008954711   0.0008992612356621268   0.04831467   0.004851916474664341  0.08953055   0.008990949349631064   0.1360508   0.013662664409331915   0.1578982   0.015856651364270325 
 0.001825  T17-1954           0.0                    99.0    0.01091739   0.0055667994453309525           0.0                    99.0    0.05174546    0.013830935327237127    0.03191538   0.012094784165723836    0.0870704   0.010241882836936235    0.1243512    0.01865290598246021  0.007601731   0.0007633905791760408   0.03808422   0.003824541385706748  0.06613663   0.006641655735855467  0.09333598   0.009373103029829686   0.1134087   0.011388870951283495 
 0.001825  T17-2032    0.01010063    0.005150331927538748    0.02026686    0.010334111461925307   0.002651852   0.0013521845095160053    0.01792874     0.00914189951141315    0.02105623   0.010736607862366446   0.02226275   0.005505341419135601   0.04790324   0.014999774805945453  0.001519502  0.00017360864094881945   0.01089822  0.0011306593678465722   0.0198095   0.002014278561579644   0.0295371   0.002966211763426583  0.03621541  0.0036368693890816927 
 0.001825  T17-2073    0.02357821    0.012022580191462273    0.02534315    0.012922516735687558    0.03923467    0.015229358262388767   0.003892426    0.001984755612921591    0.06137049   0.012838290191100254    0.1034905   0.011694565062656285     0.162304   0.021051241385011004   0.01074377   0.0010789243702046926   0.04430795   0.004449548610944788  0.07828335   0.007861468907086683   0.1114182   0.011188978385000171   0.1222781   0.012279564961423878 
 0.001825  T17-2029    0.01732701    0.008835076210221731    0.02052414    0.010465299035971022    0.02626227    0.013391187623027653    0.02972444    0.015156549959061792    0.01992845    0.01016155456198514   0.03113718   0.006812924714147736   0.05240598   0.016386814376519433  0.005415461   0.0005506573669009887   0.02340478  0.0023798554543672627  0.02836857   0.002884585805035775  0.03550923   0.003565952499409297  0.04274376   0.004292467560000094 
 0.001825  T17-1666   0.006842224   0.0034888633692372883    0.04689979    0.019489583720986473    0.03457064    0.015662079878116315    0.03886543    0.014984377022610882    0.04519766   0.012667467796870693   0.04450496  0.0070585186001200706   0.04571237    0.01495801341990871  0.003545203   0.0003678047451998769   0.01673011   0.001701158640021853  0.02918873  0.0029679817037358384  0.04261634   0.004279671627014975  0.04713874    0.00473382576569303 
 0.001825  T17-1739    0.01209467    0.006167096814627205    0.02624021    0.013379939185980669    0.01630341    0.008313141553391051     0.0143777    0.007331218266638976    0.03419989   0.011559463889027077   0.02124726   0.005521129541435973   0.03186407   0.015636603269880867  0.003974216  0.00040410803539496417   0.01398459  0.0014219874371292772  0.02227966  0.0022654504872799495  0.03108927  0.0031220857275931486  0.03377771  0.0034346004456809183 
 0.001825  T17-1744   0.005671568   0.0028919435904668405           0.0                    99.0   0.006137811    0.003129682296264784    0.02601663    0.013265925501889004    0.02324268    0.01034715738687317   0.03678306   0.006750974441432288   0.05235347   0.015188726941232073  0.002440743    0.000260111368979866   0.01373597  0.0013967071362600714  0.02654951   0.002699619324275369  0.03987676   0.004004554088908522  0.04928501   0.004949361180522784 
 0.001825  T17-1740    0.03477197    0.017730290452702937           0.0                    99.0   0.004365638    0.002226047335128218    0.04642809     0.01657565060662721     0.0412862   0.012059822980226535   0.08915331   0.010346019771590281    0.1313773   0.019419687716152906  0.007012431   0.0007130411839924116   0.03764218   0.003780150283963759  0.07333979     0.0073650205123329   0.1060884   0.010653742603688832   0.1195224    0.01200282858856878 
 0.001825  T17-1750   0.005562149   0.0028361501385607236     0.0147163   0.0075038691062078765     0.0627028      0.0158105495830885    0.03062139    0.015613911417236906    0.07011583   0.014097442561613402    0.1442747   0.015383127967066907    0.2220226   0.026856351774664035   0.01241133    0.001246386164615626   0.05965348   0.005990596704607915   0.1089713   0.010943252791307938   0.1533373   0.015398630884200194   0.1665073   0.016721205242261124 
 0.001825  T17-1721    0.01494872    0.007622381498323474    0.01500636    0.007651770285638481    0.01099714    0.005607462164790503    0.03507089    0.014994915718813527    0.05022928   0.014067840019234794   0.06322301     0.0084043048231711   0.08465217    0.01646859164474877   0.01230515   0.0012357232282279719   0.03765682   0.003781620476821334   0.0556492   0.005588473866916944  0.07207028   0.007237532195388814  0.07473387   0.007505018569690841 
 0.001825  T17-1865    0.02467179    0.012580198767429749   0.006399059   0.0032628931612534925    0.02476299    0.012626692019586959    0.02531259    0.012906943937860776    0.01360779   0.006938636713525936   0.04765199   0.007310116416465404   0.06619208     0.0157299252087276   0.00722603    0.000734760465566541   0.02519867   0.002562262614665384  0.03834565   0.003850795032117037  0.05110559   0.005132189755683339  0.06375586    0.00640257106057014 
 0.001825  T17-1913  9.188242e-05  4.6851025253612795e-05     0.0283653    0.014463521820891341    0.02912834    0.014852597405856526    0.03653254    0.015009336194216452     0.0175163   0.008931596531175208   0.05294276   0.008288816527780128   0.08669294    0.01649469647117024  0.008776325   0.0008813471332257759   0.02816419  0.0028638039484526956   0.0432456   0.004342863965272789   0.0560577  0.0056294967648370005  0.05924468   0.005949543676326925 
 0.001825  T17-1895    0.01527577   0.0077891468926768875   0.007901768    0.004029126922388303    0.02535102    0.012926534566948096    0.02364231    0.012055264906544402    0.04809155   0.013103525266359621   0.07856849   0.009533011349877907    0.1361093   0.020601514586711823  0.006604185   0.0006715297413631134   0.03266549  0.0032803748702727696  0.06084417    0.00611016966591839  0.08646493   0.008683089807538959   0.1001862   0.010061024412894108 
 0.001825  T17-1934    0.03738038    0.017388821171475197           0.0                    99.0    0.01296199    0.006609344975080133    0.01801658    0.009186690279401227    0.02667847   0.011296078918182583   0.04595989   0.006771598047213155   0.04608597   0.014782916485744922  0.004563437    0.000464021472353901   0.01948414   0.001981195167846724  0.03563942  0.0035790266036543287  0.05065554   0.005086994270521546  0.05605868   0.005629595177231153 
 0.001825  T17-1941   0.001910488   0.0009741614611904179   0.008236342    0.004199726857862383           0.0                    99.0           0.0                    99.0           0.0                   99.0   0.03237482   0.006429020507704498   0.02710502    0.01382090258963227  0.001850125  0.00021138351490866076   0.01131386  0.0012057244818448366  0.02332818   0.002372066600870431  0.03315814   0.003329848389768045  0.03842505   0.003858768629387397 
 0.001825  T17-1861    0.01415743    0.007218903144393752    0.05066488    0.019731872363337545    0.01079835    0.005506097775299128    0.04629753    0.016262157589969694    0.05366467   0.012103350363518731    0.1365955   0.014552194338603509    0.1784729   0.022449681804330768  0.008882742   0.0008920338742494396   0.05280223   0.005302571866022303   0.1020039    0.01024356380812757   0.1589037   0.015957626948551875   0.1875148    0.01883084677453526 
 0.001825  T17-1882   0.003249274    0.001656811153100968    0.04866709     0.01818838892070106    0.04054162     0.01602163348620683           0.0                    99.0    0.03299248   0.012063916671032009   0.06016308    0.00823069206415621   0.08800671   0.015993551170116693  0.007736795   0.0007866962971879619   0.02796811  0.0028438660758674785  0.04837541   0.004858016189104047  0.06443766   0.006471039635669668  0.06808321   0.006837137631850865 
 0.001825  T17-1928    0.02227845    0.011359820225356783    0.03529689    0.017997957990817208        0.0212    0.010809921368816705    0.02708895     0.01381271336817734     0.0554691   0.013832421447056912   0.06814045   0.008625945196283652     0.115646   0.018435151424656106  0.005247898   0.0005336191470356575   0.02925618   0.002974840189811453   0.0549933   0.005522606258937026  0.07959891   0.007993581720828905  0.09138183    0.00917686092265704 
 0.001825  T17-1900     0.0110807    0.005650068591265419     0.0327801    0.016714636955752284           0.0                    99.0           0.0                    99.0    0.01184223   0.006038377166026067   0.05457444   0.008084838268871679   0.05991732   0.014572392241767445  0.003703003     0.00038417603245567   0.01970869  0.0020040279513539126  0.03878116  0.0038945303648177266  0.05822868  0.0058475136394709505  0.07063791   0.007093688928246124 
 0.001825  T17-0740    0.06162817    0.022178241371208607    0.08836377    0.023129973979419627     0.1903175    0.027933440418698875     0.1777745    0.025033826189028715     0.2799723   0.031209024270505478     0.374802    0.03808432103400518    0.4144837    0.04424866137465969   0.05596881    0.005620570142256766    0.2098441   0.021073227745846745   0.3130842   0.031440934799444875    0.385465    0.03870965043396409   0.3727169    0.03742944475381114 
 0.001825  T17-0737     0.0341937     0.01743543435419376           0.0                    99.0    0.05188811    0.019055433677316845     0.0459006    0.017634930825313717      0.133668    0.01914321644682523    0.1596229   0.017586031938192994    0.1811025   0.023983593392619466   0.02008918    0.002017420869704495   0.08813236    0.00885053856686037   0.1429299   0.014353485952324926   0.1744164   0.017515462862819953   0.1799166    0.01806781079063673 
 0.001825  T17-0720     0.0116282    0.005929242851376641    0.03643836     0.01857999086833188   0.004540803   0.0023153648007284058    0.01093448    0.005575514650260368    0.01160077   0.005915257221431541   0.06183543   0.008990376185675046     0.095337    0.01819753900323063  0.005388742   0.0005590666698691669   0.02002358   0.002036046759597628  0.04692565   0.004712426567757469  0.07478243    0.00750989511804363   0.0830301   0.008338152999619295 
 0.001825  T17-0739           0.0                    99.0    0.03331216    0.016985935387992503    0.01669152     0.00851103763857175    0.03038255    0.015492116629367498    0.03646914   0.013511489256314273   0.06725964   0.009211353724278806   0.07646773    0.01775730383711246  0.006865323   0.0006980828868741162   0.02485163   0.002526974720029508  0.04851374   0.004932996139562975  0.07188818   0.007219245111551287  0.07557029   0.007589014579220744 
 0.001825  T17-0753    0.02629815    0.013409482905042425     0.0079887    0.004073453718823868    0.02898456    0.014779283703290088   0.005184382    0.002643526498391919    0.01675537   0.008543596839327393   0.06566775   0.009488773064028089   0.04573578    0.01715785444528785  0.004077737  0.00043456675325667746   0.02337304  0.0023766280845060215  0.04600725  0.0046201978471903955  0.06689104   0.006717416046992363  0.07094165   0.007124191492757282 
 0.001825  T17-0776           0.0                    99.0           0.0                    99.0   0.002125884   0.0010839923999634684    0.02879417    0.014682208373674207    0.05537734   0.014437568588400056   0.07153519   0.009811359223500942   0.09081539   0.019077424337706622  0.005769688   0.0005866760389448336   0.03490037  0.0035048087872354234  0.05919988  0.0059450447074134785  0.07770918   0.007803808886223958  0.08389896   0.008425406750267905 
 0.001825  T17-0833    0.07078442     0.01941695710776959     0.0818562    0.021846310851592315     0.1439515    0.025947968335470892     0.1635619     0.02651140128357232     0.2475069    0.02850731859212648    0.3892483    0.03960326844827805    0.4663371    0.04943369099143317   0.05313799    0.005336289981809648    0.2050835   0.020595152769500014    0.298038   0.029929946460376843   0.3672469   0.036880129502647636   0.3652447    0.03667906205406136 
 0.001825  T17-0803           0.0                    99.0    0.02156422    0.010995637857540779           0.0                    99.0    0.02064835    0.010528638860252782    0.05380093   0.013749568807113515   0.09839934   0.011538806350438724    0.1258508   0.019368152992562303  0.006523623   0.0006551234635170948   0.03712566  0.0037282796568347725  0.07057923   0.007087796088162715   0.1027495   0.010318439366816283   0.1229338    0.01234541247026781 
 0.001825  T17-0815           0.0                    99.0    0.03829793      0.0195281843371177    0.03184085    0.016235706645034736    0.01629302    0.008307840730374409    0.04678434   0.013614456681383067    0.1029633   0.012281305872719724    0.1619502   0.022616201510874897   0.01466879   0.0014730876598431472   0.05670235   0.005694234612683201   0.0848448   0.008520391082071895   0.1147471   0.011523277426309757   0.1229254   0.012344568948562968 
 0.001825  T17-0722   0.005384416    0.002745524225330121    0.02319572    0.011827542891183445    0.01249074    0.006369052699921394    0.03301422    0.016834015200604516    0.02540065   0.012951836097890714   0.03909168   0.007194624007863649   0.05269771   0.015862042780135255   0.00371904  0.00037816111449825524   0.01325972  0.0013756582991717673  0.02620945  0.0026650411774534815  0.04037756   0.004054846042874747  0.04703287    0.00472319394628007 
 0.001825  T17-0791    0.02898814    0.014781109152275955    0.04371087    0.022288262811515143    0.03713118    0.017955268114442736    0.04574758    0.016924705576421825    0.07247799   0.015691980512239398    0.1087354   0.013202604425797548     0.132091   0.023515718592039662    0.0115075    0.001155620620551572   0.05761128   0.005785512327025521    0.100891   0.010131802728586466   0.1390499   0.013963843637928491   0.1436149    0.01442227587514065 
 0.001825  T17-0788    0.02387843    0.012175662955299356    0.04560943     0.01994060071335237    0.05489895     0.02104876942635662    0.08474528     0.01961702509023435     0.1078072    0.01691623105914849    0.1818192   0.020885932375244828     0.222196   0.028786345656621647    0.0316262    0.003176005985762875     0.116892    0.01173867524460171    0.171926   0.017265368733653183   0.2161688    0.02170837483858525   0.2132589   0.021416153129427073 
 0.001825  T17-0800    0.01255001    0.006399276549739822    0.02771137    0.014130076734935626    0.02274113     0.01159575146601845    0.01313536     0.00669774667638729    0.01874584   0.009558542357030178   0.04190636   0.007159310607700787    0.0553319    0.01636001003624692  0.003442747  0.00035006696331815946   0.01771939   0.001801751056248127  0.03219666  0.0032738354047018555  0.04437515   0.004456297050557676  0.04755276   0.004933463743551482 
 0.001825  T17-0785           0.0                    99.0     0.0344451    0.017563623704765483   0.006765664   0.0034498252758412215    0.03354654     0.01710544620735209    0.03028572   0.012152432240468736   0.04173736   0.007131001324848566   0.04998663   0.015553675349899425  0.005487276   0.0005579596975643671   0.02554176   0.002597148838551145  0.04518187   0.004537310502872947  0.05949962   0.005975145573522112  0.06261685   0.006288187964845776 
 0.001825  T17-0759    0.02589573    0.013204288161776424    0.02735936    0.013950591051940988    0.03080291    0.015706459013640886    0.02564733    0.013077618711252022    0.01644052   0.008383052248780573   0.03987199   0.006949468842654452   0.03034842   0.015143074693980215  0.006800359    0.000691477184500436   0.01963654  0.0019966915717292344  0.02893473   0.002942154333738509  0.03849219   0.003913980354563211  0.03765366  0.0038287165469896045 
 0.001825  T17-0787    0.01746262    0.008904224994426242    0.05085175     0.02513125573346117    0.04253969    0.018196375189376616    0.01266605    0.006458443611014189    0.00940815   0.004797234043680796   0.03103486   0.006057169986239118   0.02925889   0.014919160202703135  0.005477053   0.0005569202004841448   0.01481236  0.0015367402829471089    0.022005  0.0022829562632745203  0.02925411  0.0029377929801442937  0.02967821   0.003079030059222118 
 0.001825  T17-0749    0.02522818    0.012863898211243122    0.02156276    0.010994893400691796    0.04113836    0.018188467282093782    0.06714414     0.01672429716359692       0.11109    0.01825091558502203    0.1556935    0.01641138274289833     0.171837   0.022487196145593608   0.02296442   0.0023061618382212556   0.08518738   0.008554794083134148    0.125753    0.01262852573303725   0.1629176    0.01636071582096199   0.1609605   0.016164177517507688 
 0.001825  T17-0916    0.01210224    0.006170953830656976           0.0                    99.0           0.0                    99.0    0.01290006    0.006577763805490434    0.03963141   0.013134086026746629      0.04637   0.007459385342372453   0.03937045   0.015268781694455029  0.003488343  0.00036190567894901966   0.02156627  0.0021929112466566197  0.03951374   0.003968098432763607   0.0564719   0.005671092084585671  0.06049397   0.006075001447237936 
 0.001825  T17-0886    0.04492673    0.020425857108269142   0.008064827    0.004112271514965335    0.09548018     0.02219560349504433    0.05691685    0.019924297770833103     0.1302177    0.02117993016450479     0.232016   0.028832394256823348    0.2951412    0.04189615021215315   0.02293563   0.0023032706495316607    0.1167451   0.011723923068186008   0.2003469    0.02011948803859753   0.2609737    0.02620782875193115   0.2820357   0.028322943355006822 
 0.001825  T17-1079    0.03482566     0.01775767199137477     0.0289164     0.01474452878628544           0.0                    99.0    0.00442609   0.0022568719278917887    0.01261614   0.006432995385202526   0.01441494   0.005911162826830268   0.06491809   0.015858674936998395  0.001637087  0.00018704314638707937   0.01153126  0.0011963354592973328  0.02320128  0.0024070669330585742  0.03369222  0.0033834824370234644  0.04011272   0.004028249953827001 
 0.001825  T17-0978    0.04529302    0.019543030370751203           0.0                    99.0           0.0                    99.0   0.004612554    0.002351950285350045    0.03145556   0.014305874277444073   0.07058372   0.009566704395050994   0.06298303   0.018053596548297766   0.01070495   0.0010750259316442167   0.03366389   0.003380637448832071   0.0506474   0.005086176813492832  0.06406885   0.006434002540599514  0.06853175   0.006882181478594233 
 0.001825  T17-0999           0.0                    99.0    0.01845756    0.009411547822492324    0.03673619     0.01833456362651593    0.01851361    0.009440127826866011    0.03286415   0.013122064717559697   0.02960277  0.0066641376862601655   0.04915989   0.016516646454296374  0.004092266   0.0004245609809553982   0.01588566  0.0016929438601460624  0.02137265  0.0022776954023204597  0.02855015  0.0028670990257939405  0.03196218  0.0032499929175699815 
 0.001825  T17-1027           0.0                    99.0   0.007607219    0.003878936302807718    0.03457318     0.01762893194669558           0.0                    99.0    0.01107308   0.005646187060718765   0.06232431   0.008626564866426323   0.07027234   0.016412529713961097  0.008372503   0.0008407940129157973   0.03176565  0.0031900100013114003  0.05713172   0.005737353351313719  0.07446083   0.007477599003045107  0.07830437    0.00786357980380609 
 0.001825  T17-1053    0.02678735    0.013658917133840626    0.02550843    0.013006803136014974    0.01215444     0.00619757267367927    0.03498055    0.017836655607524215    0.06350313    0.01548105407889169   0.09796239   0.011585344273080408     0.130424   0.020334501876173413   0.01340625   0.0013462992750113958    0.0515368  0.0051754932687920925  0.08486912   0.008522833366903964   0.1161122   0.011660365209970441    0.121178   0.012169089364462775 
 0.001825  T17-1020    0.01432472    0.007304200719513943  9.244099e-06  4.7135836283680176e-06    0.06234682    0.020058247260005647    0.06053511      0.0204418075627749     0.1171816   0.016842602186363603    0.1849503   0.019636609344993883    0.2772423    0.03144611633084442   0.01702795   0.0017100021826439988   0.08890177   0.008927805212613526   0.1700134   0.017073299186207713   0.2372482   0.023825236782478554   0.2594937   0.026059202269016698 
 0.001825  T17-0703    0.04342597    0.020976029291372305   0.003649837   0.0018610594987336353    0.04292335      0.0184207219205634     0.0333679    0.017014357322761266    0.07243013   0.015937150432576364    0.1485548      0.016267936756187    0.2113071    0.02641003837760559   0.01703945   0.0017111570483546537   0.06872856   0.006901945780815404   0.1243493   0.012487561659303228   0.1937856    0.01946058091044975   0.2198966   0.022082732624608057 
 0.001825  T17-0733           0.0                    99.0  0.0008113597  0.00041371394331331273    0.01587801    0.008096228282702138    0.01002923    0.005113922967050344    0.05993445    0.01374589624504801    0.0824899   0.010206606651880978    0.1249406   0.019636587131352537  0.007079687   0.0007198799570074028   0.03981273   0.003998123982141429  0.07275371   0.007306164450045315   0.1103415    0.01108085273607537   0.1264059   0.012694092129123058 
 0.001825  T17-0761    0.02034266    0.010372762029838339    0.09064191    0.023243824206315128    0.09340886    0.019526198968191324     0.1083571      0.0187118608974121     0.1782776   0.022165259661048414    0.2644494   0.027150036479690578    0.3465672   0.038094684623511454   0.03750184    0.003766056882289232    0.1352529   0.013582536686907055   0.2291203   0.023009006573884844   0.2994821   0.030074967624692864   0.3069243   0.030822337563494905 
 0.001825  T17-0742    0.05285886     0.01930112318776024   0.006256993   0.0031904534306316855   0.007891217    0.004023746456609174   0.004034597    0.002057248392957955    0.01542789    0.00786671317751766    0.0197856   0.007482131790776209    0.0523781   0.015351441908127067  0.005672758   0.0005768199616698872   0.01815293  0.0018458344851804457  0.02269459  0.0023076416073474324  0.02807156  0.0028190374575194914  0.03012662  0.0030633486656700395 
 0.001825  T17-0818    0.02270612     0.01157789489579794    0.03644564    0.018583702954537776     0.0038977     0.00198744483581306           0.0                    99.0    0.06050768   0.013637512393388467   0.05957384   0.008130133387191135   0.08441422   0.017328391835646034   0.00586157   0.0005960188209442802   0.03033536  0.0030463756276101275  0.05542406   0.005565864567332855  0.07691523   0.007724077846589149   0.0823001   0.008264844017925665 
 0.001825  T17-0806    0.04040315    0.020319585800939077    0.05150722    0.022178266668479392    0.05316879    0.018376361741243585    0.07563446    0.017336777191811516    0.06078597   0.015683129522413856    0.1088552   0.012352941289131468    0.1029675   0.017407042473188833   0.01654342   0.0016613441010923204   0.05807238   0.005831817491528088  0.08494274   0.008530226530205883   0.1094126    0.01098756961796302   0.1107178   0.011118642021011425 
 0.001825  T17-0845   0.002793387    0.001424353972491982           0.0                    99.0    0.01330649    0.006785007177904088   0.007420383   0.0037836682618235563    0.02018758   0.010293686435221543    0.0303421    0.00674746638244823   0.04943839    0.01640233993884778  0.006045808     0.00061475259485345   0.02264976   0.002303083182768699  0.03471251  0.0035296531943216462  0.04472953    0.00449188504769152   0.0469733  0.0047172117384137015 
 0.001825  T17-0924  0.0005674996     0.00028936915343561    0.03086801    0.015739653630674373    0.02745544     0.01399958243142759    0.01499029    0.007643577141860805    0.04180943   0.013139839778100378   0.04258599   0.007100811792114054   0.08145768   0.016482207800738467  0.004896135   0.0004978510208201515   0.02278045   0.002316372062923174  0.03707481  0.0037698576604146797  0.04942973   0.004963894432272121   0.0537625   0.005399005304934123 
 0.001825  T17-0920           0.0                    99.0    0.03952235    0.020152518484401027    0.03751905    0.017120741342168132    0.02153688    0.010981697138190617     0.0364987   0.014266763444348548    0.1132404   0.013214064755938804    0.1698321   0.023216079477900657  0.009476572   0.0009636010964210503   0.05475733   0.005498909379890224   0.1028127    0.01032478611719817   0.1453014   0.014591639766379103   0.1642857   0.016498104908232007 
 0.001825  T17-1008    0.01273379    0.006492983388618594    0.05388436    0.019740247497498507    0.05475877      0.0162163886723749    0.03309333    0.016874348641073202     0.1161847   0.017745515374575627    0.1689089   0.018120239323539553    0.2407844   0.028558278042656916   0.01968813   0.0019771461234800933   0.08070201   0.008104358621399353   0.1539562   0.015460782903479402   0.1896562    0.01904589313309313   0.1968212   0.019765425755052687 
 0.001825  T17-0796   0.008270139    0.004216960504402812     0.0146206    0.007455073450624145           0.0                    99.0   0.005786024    0.002950304928211618    0.01292797  0.0065919971301142116   0.02167826   0.006685934271854981   0.04981228   0.015431992994765257   0.00188629  0.00024500913111384236   0.01106179  0.0012178402641912815   0.0205046   0.002257440061824369  0.03199493   0.003213035050350157  0.03888454   0.003953875455644512 
 0.001825  T17-0891    0.02191285    0.011173400071939829    0.02454538    0.012515737158855006           0.0                    99.0    0.00566741   0.0028898234181530887           0.0                   99.0   0.03089975  0.0069506551307653005   0.04678528    0.01620067136951997  0.004008772   0.0004158987220491186   0.01216672  0.0012622626276466561  0.02028383  0.0021043897854385245  0.02948542  0.0029610218794974296  0.03460084   0.003518298321447032 
 0.001825  T17-0922    0.02402384    0.012249802895143089           0.0                    99.0    0.02560584    0.013056467782193468           0.0                    99.0    0.01452379  0.0074057088621323755   0.04165432  0.0074846779700794746   0.06810595   0.016157941742527885   0.00295426   0.0003064960838268967   0.01978601   0.002011890041056392  0.03820259   0.003836428483966593   0.0590085  0.0059258257115303815  0.06821871   0.006850744982952383 
 0.001825  T17-1188     0.0183708     0.00936730774861171    0.09255754    0.021804867967805168    0.04076866    0.018800103773371997    0.07310276     0.01669225196829583    0.09412072   0.014632360018930098    0.1531328   0.016320408327785065    0.1896594    0.02350111557730824   0.02460266    0.002470679219752625   0.08248804   0.008283717574643948   0.1323229   0.013288296482025867   0.1724507   0.017318060755094407    0.175818   0.017656216079056576 
 0.001825  T17-1202    0.04017505     0.01996684445537464    0.06788601    0.021357650234489774     0.1091955     0.01989853794780159    0.08424817      0.0180366756314014      0.190259   0.022607083054246517    0.3754023    0.03810380644272891    0.5563457    0.05764009203035072   0.02879906    0.002892095374272227    0.1728234   0.017355488622443592   0.3189072   0.032025699437076095   0.5002748    0.05023922444535947   0.5494595    0.05517851209470206 
 0.001825  T17-1168    0.02528533     0.01289304401066672    0.01142011   0.0058231344125762715    0.04022373    0.016939854969509893    0.02794341     0.01424839438372903    0.01491504   0.007605206039440352   0.03953467   0.006667223103734418   0.05068797   0.015191087415564068  0.004231003   0.0004302187675012475    0.0199099  0.0020244875096221268  0.03338318  0.0033524476397841394  0.04853594   0.004874137140284294  0.05372131   0.005394868868622596 
 0.001825  T17-1191     0.0292087    0.014893573126667758    0.02003782    0.010217323518985978    0.03599077    0.016417476163720447    0.02064983    0.010529393515140793     0.0600425    0.01326340189783149   0.08798439   0.010308445461321605    0.1250293    0.01959810413853595   0.01473466   0.0014797025319169526   0.04901701      0.004922447745243  0.07589099   0.007621220321479511   0.1017647   0.010219542557322653   0.1038094   0.010424877953988335 
 0.001825  T17-1085    0.03375459    0.017211536211235796    0.03643197      0.0185767374977661    0.07390877    0.019763659370964907    0.06247851    0.017406932555697485    0.09961988    0.01646277187519295     0.202862   0.021334997576478044    0.2663678    0.03077293474364283    0.0219247   0.0022017497680835575    0.1026091   0.010304339953744005   0.1946545   0.019547838690097075   0.2820346   0.028322832901474124   0.2974606    0.02987196198521231 
 0.001825  T17-1148    0.01450449    0.007395869715632502     0.0310568     0.01583592292297484    0.02881666    0.014693671165656867    0.03887928    0.017008497225859905    0.05367426   0.014070642717654229   0.07926103   0.009942469856517795     0.111064   0.018115558038779817   0.01222264   0.0012274373095095693   0.04961667   0.004982667557511133  0.07725426   0.007758124335618758   0.1033606   0.010379808024225797   0.1072439   0.010769781598333635 
 0.001825  T17-1184    0.02803864     0.01429695724946032           0.0                    99.0           0.0                    99.0   0.002149391   0.0010959791554244133    0.02707555    0.01322692405904052   0.05485724   0.007616156874316666   0.07914279   0.016793624498667375   0.00456038   0.0004637106294577363   0.02681672  0.0026930223391318556  0.04848923   0.004869446362195018  0.07390478   0.007421758652375005   0.0865106   0.008687676143493289 
 0.001825  T17-1251    0.01019884    0.005200407437020392    0.01904121    0.009709152096403167    0.01340374   0.0068345941620930935    0.01440892    0.007347137405560413    0.04772585   0.012463181026312062   0.05134864   0.008720578575013243   0.04390372   0.016184130618012327  0.007961557   0.0007995254777387101   0.02888457   0.002900682578256925  0.04832538   0.004852992012988507  0.06555873   0.006583621132080752  0.06885556    0.00691469953312952 
 0.001825  T17-1228   0.009425654    0.004806159367437389   0.006733981   0.0034336705426066447    0.03408348    0.016689553572265016           0.0                    99.0   0.008925757  0.0045512604213684025   0.03183043    0.00722355347827155   0.06165581   0.015910244019120542  0.003496813   0.0003627844214609558   0.01454572  0.0015090771494975367  0.02714174  0.0027598387458712802  0.03816904  0.0038330592751868635  0.04156961   0.004174555595766224 
 0.001825  T17-1225    0.01562332      0.0079663593935491    0.01150299    0.005865399008627632           0.0                    99.0    0.04047222     0.01522773370924853    0.01398754   0.007132272960135289   0.02354723  0.0056000109778218295   0.02552391   0.013014696418222017  0.003766494  0.00039076306442494024  0.009267022  0.0009875917935761363  0.01666413  0.0017759057481735372  0.02431186  0.0024414761430159933  0.02263908  0.0023019972201132844 
 0.001825  T17-1267    0.04207568    0.019064797312445363    0.05097653    0.021162936019005228    0.01784878     0.00910112579022112    0.05065808    0.015865381432696914    0.04850249   0.014174573902886851   0.08698611    0.01063207166514043   0.08901884   0.016540598390214184   0.01215171    0.001220314277813175   0.05156877   0.005178703795284281  0.06486015   0.006513467450112959  0.08560216   0.008596447635348047   0.0976846   0.009809805603406755 
 0.001825  T17-1393    0.02136228    0.010892668257483288    0.03795629     0.01935399124026207    0.06709564     0.01738835902632839    0.04797018     0.01700938518630006    0.09725226     0.0153916849744489    0.1620122    0.01722803517009763    0.2342292   0.028432306058285176   0.02177475    0.002186691290789086   0.07945479   0.007979108729801437   0.1300575   0.013060797647248655   0.1770792    0.01778286988222092   0.1898815    0.01906851848447144 
 0.001825  T17-1365           0.0                    99.0    0.04158133    0.018415806322249078    0.02058381    0.010495719982505296    0.06156232    0.016159600039537612    0.07674586   0.014209336074971836    0.1084091   0.012350581747477525    0.1612848   0.021716131335320753   0.01500885   0.0015072375860509055   0.05571506  0.0055950877432054714  0.08155389   0.008189907184386757   0.1151158   0.011560303494369687   0.1222452   0.012276261038150013 
 0.001825  T17-1220    0.02441063    0.012447022968006006    0.01874121    0.009556181510995382    0.01577581    0.008044117283853897    0.03636783    0.016027297082851773    0.04171197   0.013575188822027818   0.04650211    0.00718596596445892    0.1000292    0.01994944879195413  0.002920194  0.00030296183528260385     0.016296  0.0016570172701681658  0.03931777    0.00394841848271292  0.06003631     0.0060290417310717  0.07166716   0.007197049569851315 
 0.001825  T17-1206   0.004597349   0.0023441977164699672   0.005571121   0.0028407259594489948    0.04138101    0.017162746690850536    0.01896503    0.009670305804587258    0.07440851    0.01506075802616193    0.1655418   0.017522158464408456    0.2186459   0.025542656537725285   0.01202189    0.001207277338626668   0.07015563   0.007045256796886884   0.1306139   0.013116673088863046   0.1974462    0.01982819033940337   0.2249685   0.022592069252456624 
 0.001825  T17-1395    0.07531909    0.019107620590863246    0.05139001    0.019403347553234234     0.1092078    0.019473274971213754     0.1195752     0.02067700076448468     0.2311283   0.025573416997691178    0.4246807   0.042981315195277925    0.6365966    0.06562847542125369   0.03024169   0.0030369689841976805    0.1919013   0.019271353373011352   0.3814159    0.03830302658993151   0.5802608    0.05827167889153016   0.6457451    0.06484782555052347 
 0.001825  T17-1420   0.008231537    0.004197276288695764    0.03567879     0.01819267974023456    0.04335916    0.017315944157020605     0.0134749     0.00687087878495182    0.02092448   0.010669433183178194   0.01938024   0.006308642474954576   0.04374258   0.015549245265113802  0.006194964   0.0006299191511243407   0.02246694   0.002284493590861154  0.02984703   0.003034919275225667  0.03645672   0.003661102529855377  0.03878214  0.0038946287863834005 
 0.001825  T17-1419   0.008640634    0.004405876137581328           0.0                    99.0    0.03863011      0.0162061594631955           0.0                    99.0   0.009158769   0.004670074675439207   0.02896489   0.006124244230858368   0.02611384    0.01331549797348398  0.002085911  0.00023832291501259378    0.0125594  0.0013030021294121665  0.02241274   0.002278982402009373  0.03086579  0.0030996431407794758  0.03165187  0.0032184398028796825 
 0.001825  T17-1358    0.08224141     0.01955699605323581     0.1029821     0.02082888244017427     0.1269713     0.02189293877593641     0.1390538     0.02081202734391823     0.2338931   0.026973735835679122    0.3796918   0.038557856509425226    0.5031835    0.05252869439065567   0.05469018     0.00549216594671829    0.1977362    0.01985731308379671   0.3148556    0.03161882453727414   0.4447847    0.04466672780245744   0.4430665   0.044494180674476254 
 0.001825  T17-1337    0.01195302     0.00609486724205581  0.0001578751   8.050083136684801e-05           0.0                    99.0    0.00754549   0.0038474600749619225    0.01962632   0.010007498866001633   0.02716203   0.005822139015823824   0.04675078   0.015557943446811471  0.003898898   0.0004044995881015085   0.01448389   0.001502662442860059  0.02646525  0.0026910515836172672  0.03569168  0.0035842747292202316  0.03756575  0.0037724749295747336 
 0.001825  T17-1407  0.0004798636   0.0002446833860262883   0.005138975   0.0026203738707768877    0.01318872    0.006724955044511822           0.0                    99.0    0.02625136    0.01154725573582295   0.02933751    0.00609101346199678   0.05064836   0.013854019149943312  0.003875877   0.0004021112230498547   0.01540991  0.0015987344209441295  0.02483604  0.0025253894866588186  0.03325918   0.003339995145221755  0.03670587   0.003686122978953802 
 0.001825  T17-1372    0.01012764    0.005164105359825649    0.05740864    0.019656614144518785    0.02559182     0.01304931895683541    0.04830828     0.01569772612233963    0.03448724   0.011763806002016356   0.05682551   0.007727080498089626   0.05711323   0.016684883716562994  0.007987255   0.0008121636948502071   0.02662987   0.002707790510727342  0.04094407   0.004111736826292077  0.05479372   0.005502563776284418    0.058799   0.005904787036283141 
 0.001825  T17-1091   0.003307049   0.0016862702480504156           0.0                    99.0           0.0                    99.0     0.0202457    0.010323321936634542    0.03766673   0.013433236003455348   0.03116162   0.005947393403036746    0.0542395   0.014592349004259049  0.003117073   0.0003233874730942096   0.01899024  0.0019309741990786956  0.03623656  0.0036389933410679665  0.05725087   0.005749318781174776  0.06575498   0.006603329202578776 
 0.001825  T17-1112  0.0007185257   0.0003663776075027579     0.0140152     0.00714637586752922           0.0                    99.0    0.01884178    0.009607458427920884    0.04606362    0.01308748623218164   0.04860896   0.007159448579430192   0.07340959   0.016161776686493382  0.004162512   0.0004232544364996735   0.02464762  0.0025062304831189827  0.04365425   0.004383901928373313  0.06462969   0.006490323917058629  0.07021534   0.007051253074148441 
 0.001825  T17-1151    0.02797423    0.014264109561869924    0.05206809    0.019312317105189138      0.109858     0.01979047391505317     0.1072342    0.018472974664208795     0.1669367   0.020713663677256616    0.2901337     0.0300477551484775    0.3589016   0.038968120685115154   0.02883289   0.0028954926943277706     0.147602    0.01482267338934836   0.2281027   0.022906815909028388   0.2944632   0.029570953324125956    0.289299   0.029052347548516003 
 0.001825  T17-1069    0.03148745    0.016055517101231122           0.0                    99.0   0.007828742     0.00399189082248834   0.006622598   0.0033768756432680552     0.0352545   0.013854271143102405   0.06046752   0.008205183153900954   0.06131216    0.01530812594216405  0.005999826    0.000610077035823813   0.02797908  0.0028097503214224587  0.04735449   0.004755492071192193  0.06575676   0.006603507947316215  0.06824192   0.006853075809294953 
 0.001825  T17-1101    0.02651763    0.013521396185326757   0.009073847    0.004626772781925874           0.0                    99.0    0.02229604    0.011368794303584527    0.01487314   0.007583843108839739   0.02829887   0.006165551670878527   0.04133572   0.014310384468325232  0.002375403   0.0002615183562195587   0.01297106   0.001345710609324401  0.02259685  0.0023443590416094146  0.03198674   0.003212212586880489  0.03575195  0.0036353460239425747 
 0.001825  T17-1149    0.01727671    0.008809429122649039   0.007853875    0.004004705697941517           0.0                    99.0           0.0                    99.0           0.0                   99.0   0.02342963   0.005955104700780499   0.04304776    0.01720257099891397  0.002324306   0.0002477026074955775     0.014377  0.0014915729034985887  0.02563796   0.002606930714282495   0.0377706    0.00379304663925663  0.04269179   0.004287248559838327 
 0.001825  T17-1137     0.0181057    0.009232130780145014     0.0667504     0.01969696493054704    0.04040744    0.017938123841183505     0.0437133    0.019723694469976967    0.07954936   0.013665796535500445    0.1338288    0.01457087966278289    0.1704637   0.022274491230025884   0.02003592    0.002012072321830843   0.06812299   0.006841132470140438      0.1078   0.010825627037988377   0.1435352   0.014414272147509358   0.1493458   0.014997791464146482 
 0.001825  T17-1192   0.002104373   0.0010730234087974458    0.03236903    0.016505026657703675    0.01164743    0.005939047285320601     0.0235381    0.012002123121289832    0.02582824   0.011398335546801383   0.04882935   0.007375101406954755    0.0987951    0.01736892790791936  0.005054797   0.0005565044354145706   0.02641523  0.0029081666542144727  0.04918608   0.005415108148345054  0.06358287   0.006385198841198684  0.07379679   0.007410913947207993 
 0.001825  T17-1215    0.01209704     0.00616830626283261           0.0                    99.0           0.0                    99.0    0.03507764    0.016386456968234347           0.0                   99.0   0.03304796   0.006685617921930029   0.04886165   0.016683848559110245  0.004387782  0.00046760839731390617   0.01708936  0.0017729725582391175  0.02393561   0.002483251588751764  0.03521687  0.0035365927502987236  0.03940769   0.004007070635306202 
 0.001825  T17-1243    0.05714123    0.017518581549016147   0.003465312    0.001766969350868724    0.05785545    0.016655847554535464    0.07408089    0.017752044398795904     0.1353471   0.018429397481551046    0.2563096   0.026392198864396584    0.3529757    0.03825720093087052   0.02545746     0.00255652102835193    0.1253728   0.012590344790095147   0.2159905    0.02169046929898512    0.321621   0.032298228067544524   0.3380204   0.033945109208834326 
 0.001825  T17-1176   0.001136511   0.0005795093727574214    0.02562241    0.013064911954624149    0.01584716    0.008080499768664066    0.05693773    0.020104733433508364    0.03963997    0.01350723554123526    0.1133858   0.012808414293421689    0.1412983    0.02209691833052292   0.01424569   0.0014305985797211916   0.05240664   0.005262845431834855  0.08258951   0.008293907515725459   0.1169877   0.011748285710813983   0.1237819   0.012430581407216198 
 0.001825  T17-1255      0.001672   0.0008525558665565794     0.0588275     0.01982670372854247     0.0048758   0.0024861799344375697    0.02719632    0.013867456637791372    0.03947052   0.012270617940087778   0.05042168    0.00750246733869785   0.07475273    0.01837001642086716  0.006152251   0.0006255759889203709   0.02320592   0.002359634906279192  0.03926518   0.003943137221087209  0.05236351   0.005258514180648622  0.05979964  0.0060052745600780826 
 0.001825  T17-1319    0.03759346    0.018155535183279947   0.003571627   0.0018211800671178262    0.03488478     0.01670305070478097           0.0                    99.0    0.02591679   0.011700266175751772   0.04401915   0.007219218874583731   0.03698519   0.014403063104887134   0.00346426   0.0003594071355166184   0.01521624   0.001578641708317657  0.02943434  0.0029929559306806305  0.04317386   0.004335659596276305  0.04805621   0.004825961089478427 
 0.001825  T17-1406    0.03777856    0.018886537517034084   0.003756401   0.0019153957096976098    0.02225285     0.01134677654120874     0.0152494     0.00777569685589684    0.05384315   0.014797679195563912   0.04792004   0.007284640973341102   0.09442404    0.01742684062189174  0.007056251   0.0007174969282937804   0.02889769   0.002938388034118199  0.04977445   0.004998512347345068  0.07053061    0.00708291351006913  0.07790182    0.00782315441494854 
 0.001825  T17-1364           0.0                    99.0    0.01282623    0.006540120686163597    0.01716009     0.00874996337650084    0.04304034    0.015664344338233757    0.02491537   0.011591068692608503   0.04902364   0.007777131996620092   0.05855743   0.016620038010971845  0.006836067   0.0006951080677922606   0.02745303  0.0027914914636661976  0.04307519   0.004325750832153583  0.05771379   0.005795806719413501  0.05757662    0.00578203165058477 
 0.001825  T17-1257           0.0                    99.0    0.03206604    0.016350536368364678    0.03632387     0.01852161709682416    0.03471809     0.01657308512203087    0.02160591    0.01101690057279637   0.03577559  0.0067482962942008555   0.06659295   0.015809951448360775   0.00695507   0.0007072085819342197   0.02374021  0.0024139628273235304  0.02995803   0.003046206028438615  0.04187209   0.004204931618264373  0.04654183  0.0046738821147712115 
 0.001825  T17-1321    0.01569621    0.008003527127364346    0.03485971    0.017775039055721958    0.01016947    0.005185432597289642           0.0                    99.0     0.0504153   0.012598631842616878   0.05546134  0.0077892628101635525   0.08547266   0.016837487085894262  0.003737995  0.00038780636250248656   0.02147871  0.0021840079336547203  0.04199806   0.004217581933400341  0.06166235   0.006192333964117119  0.07258044   0.007288764110226525 
 0.001825  T17-1343    0.02169936    0.011064546007247473    0.02568954    0.013099146575522238    0.01618421    0.008252358299047007    0.03048257    0.015373249366940907      0.043516   0.014618154775651405   0.09629039   0.011154547966338439    0.1237734   0.018663297007956554  0.006703475   0.0006816257941561559   0.03649207  0.0036646524932861455  0.07344299   0.007375384191710898   0.1079133   0.010837004980840352   0.1236197   0.012414292839195472 
 0.001825  T17-1162    0.02727223    0.013906168197822468   0.005079882    0.002590241744474874           0.0                    99.0    0.01776219     0.00905697338025292    0.02468417   0.010860115503197421   0.04812487  0.0075511904955376415   0.06943721   0.015693824106961345  0.004295285  0.00043675511753257524   0.02332149   0.002371386333359938  0.04470533   0.004489454803997997  0.06519952  0.0065475480893306985  0.07365273   0.007396446967578277 
 0.001825  T17-1163    0.05641586     0.01830652545946106    0.08357371    0.023446907674653836     0.1317477    0.020829899553521616     0.1282825    0.020320917963175287     0.2321082   0.026766364402834017     0.312359    0.03245455756087039    0.4018569   0.043291445704061446   0.04925253    0.004946099428748401    0.1751138    0.01758549792319936    0.271676     0.0272825884901705    0.345157    0.03466178986293403   0.3459494    0.03474136522598017 
 0.001825  T17-1253           0.0                    99.0   0.005772819   0.0029435711826535827    0.04705659    0.018941078169995525   0.005564207    0.002837199516776621     0.0505129   0.012177052232281013   0.09624659   0.011281793674524322    0.1494344   0.020208962168644387  0.008245456   0.0008384181992722785   0.04558007   0.004577299038183043  0.08574025   0.008610315086830135   0.1280752   0.012861728595249398   0.1451906   0.014580512824267363 
 0.001825  T17-1273    0.01119935   0.0057105684577941985     0.0476329    0.021707268608192047    0.04510795    0.016485366278761442    0.07158505    0.017326632640920884    0.09173022   0.014818213889942472    0.1286915   0.014097206301701198    0.1908055   0.025534724496171876   0.01803849     0.00181148390746302   0.06662985    0.00669118649203069   0.1134983   0.011397868852424298   0.1519998    0.01526431485528584   0.1587385   0.015941037076921818 
 0.001825  T17-1283    0.03689122    0.017648901882887334    0.01008241    0.005141038572242966    0.01493131    0.007613505085930987    0.02836917    0.014465500044346515    0.04806992   0.012877280840028456   0.06280173    0.00834646152605342   0.07606533   0.017475999199407424   0.01185046   0.0011900617824576337   0.03782349  0.0037983580220717532  0.05618773   0.005642554798944766  0.07741887   0.007774655015684403  0.07868845   0.007902150367326083 
 0.001825  T17-1230    0.04878341    0.019148931397453516    0.04782894     0.02030877065496915    0.03427505      0.0164579395749111    0.03171553     0.01448830468964223     0.0756013    0.01606124955535216    0.1251153   0.013644297842429452    0.1641497   0.022018623465023875   0.02031276   0.0020398734969146394    0.0695713   0.006986576473637865   0.1088782   0.010933903338717833   0.1483491    0.01489769969155695   0.1519844   0.015262768322397613 
 0.001825  T17-1313    0.01239447    0.006319962477902697    0.02238531    0.011414308347879034     0.0549771    0.016436354905321922    0.08970499     0.01809549094550908     0.1294135   0.017298322948037476    0.2960246   0.030340651627354682    0.4934405    0.05124197288663757   0.02087689   0.0020965252748726616    0.1306653   0.013121834898202463   0.2514837   0.025254812063286097   0.4055185   0.040723488149148876     0.45213    0.04540436686366174 
 0.001825  T17-1287    0.03788308    0.017563821926646947    0.04622126    0.018880811279602793     0.1023646     0.01948081484434622     0.1352178    0.019622207018630704      0.248872    0.02801431259064552    0.4424919   0.045005351797605016    0.6967489    0.07214764175733675   0.03288028    0.003301944782462899    0.2056567   0.020652715437954498   0.3574408    0.03589536905838279   0.6201885    0.06228134856176534   0.6601775    0.06629717412313425 
 0.001825  T17-1496    0.02958207    0.015083960121150182    0.02058308    0.010495352656984138    0.02684447    0.013688052539109024    0.02378158     0.01212627404840679    0.06078084   0.014692919497195103   0.09508562   0.010648965705618785    0.1393836   0.019431584140571247   0.01419753   0.0014257621929542844   0.05303757   0.005326205478648361  0.08645876   0.008682470198598389   0.1202906   0.012079973698749887   0.1280662   0.012860824776136598 
 0.001825  T17-1551    0.01283504    0.006544613902935757    0.02595973    0.013236921886663417    0.02748028    0.014012248395899351    0.03981056    0.016801151426540265    0.06759495   0.013758418740052398    0.1097298    0.01239731551060152     0.150869     0.0210145791673043   0.01097865   0.0011025117804982448   0.04850076   0.004870604242776069  0.08766077   0.008803179954740177     0.12211   0.012262683744037273    0.131307   0.013186276476394844 
 0.001825  T17-1553    0.01046594    0.005336605189970493    0.01839198    0.009378105510780149    0.01210895    0.006174378214492614     0.0165694    0.008448767431691087   0.006956275  0.0035470177064014286   0.02215531   0.005980740586171749    0.0593485    0.01635262737437015   0.00492512   0.0005007982879432432   0.01533368  0.0015908257782862617  0.02201573  0.0022386134680055956  0.02822915   0.002834863162345762  0.02898989  0.0029477631769031175 
 0.001825  T17-1693    0.04055259    0.017521055266366835    0.05333403     0.01917519678289923    0.02605997    0.013288024652460914    0.04949444    0.014931156617982949      0.039753   0.012977449517455268    0.0739848    0.00923897961702027   0.09724676    0.01668068558690188   0.01265725   0.0012710822602989785   0.03802237  0.0038183301944345006  0.05722649   0.005746870466601909   0.0754846   0.007580409313528224  0.07972537   0.008006281251333472 
 0.001825  T17-1686    0.02953354    0.015059209676547305     0.0111274    0.005673883954135915     0.0289051     0.01473876689423508    0.02961076    0.015033136244798555    0.02480967   0.012183106632033104     0.077283   0.009894982483340989    0.1288663   0.020760149939229727  0.005576875   0.0005670703302627373   0.03467999   0.003482677516912993  0.06570907   0.006598718766004308  0.09769653   0.009811003654745213   0.1152425   0.011573027125494392 
 0.001825  T17-1719    0.06625069     0.01811164771594128    0.07822807     0.01999486390153354     0.1171314    0.022203328183396293     0.1117081    0.018395345299028774     0.2005337   0.022850748010936096    0.3524284    0.03602295954357781     0.474507    0.05001488447264974   0.04075071    0.004092318986535557    0.1689978   0.016971309329280666   0.2947715    0.02960191385544888   0.4147399   0.041649531233507495    0.422214    0.04240010469161869 
 0.001825  T17-1737    0.02141125    0.010917643058944776    0.05098637    0.018897031346160408    0.02636826    0.013445227227948808   0.004455004    0.002271615232913391    0.03190957    0.01183248584980557   0.02301533   0.006621325790217923   0.05046795    0.01623085219377359  0.003613604  0.00037490115220696987   0.01418177   0.001471318373104625  0.02406462   0.002446949622661016  0.03355036   0.003369236391973713  0.03710836  0.0037265423380705557 
 0.001825  T17-1783   0.006835459   0.0034854133922460058           0.0                    99.0     0.0191556    0.009767475858296452    0.00706515   0.0036025337716460064    0.03465912   0.011715475658945478   0.05109219   0.007620555348938947   0.09042739    0.01685047705840167  0.004302197  0.00044634072402022646   0.02440826  0.0024818917843286883  0.04626389  0.0046459704769831935  0.06943781   0.006973170981280168  0.08042543   0.008076583556849292 
 0.001825  T17-1754    0.02147272    0.010948981828991407    0.01033794     0.00527133577903514    0.04385948    0.016031930911811716    0.01547941     0.00789298136489033    0.05131319      0.013105624455014   0.06853317      0.008892055684823   0.07427829   0.016539189384901575  0.007209041   0.0007330329731041914   0.03159961   0.003173335731653246  0.05719322   0.005743529378269515  0.07828376   0.007861510082800886  0.08579302    0.00861561442850671 
 0.001825  T17-1613    0.01307865    0.006668829156145028    0.01249096    0.006369165858931372    0.01899323    0.009684687000776949    0.02749199    0.014018214444846426    0.05265895   0.012844244780314061   0.04721061   0.007146413330982333   0.07476887    0.01585404270410765  0.008612394   0.0008648846484549524   0.02733041  0.0027790231509721344   0.0438557   0.004404132200374553  0.05730273   0.005754526735983273  0.06107198   0.006133047087194399 
 0.001825  T17-1616    0.03426223     0.01740388493801683    0.02199713    0.011216374608400389    0.07930699     0.01823130236678118    0.05766685    0.017939729350066155     0.1163485   0.016324236817058246    0.1940821    0.02030980050135737    0.2802337    0.03129694977464897   0.02009392    0.002017896870709512   0.09475459    0.00951556445776944    0.168265   0.016897719198142806   0.2433052     0.0244335004418969   0.2641335   0.026525146080174207 
 0.001825  T17-1598    0.03441068    0.017546072879599698    0.03165963    0.016143312019216163           0.0                    99.0    0.00862586    0.004398342846151946   0.001080016   0.000550702462015379   0.03751462    0.00677331442622207   0.03085037   0.014639873468314846  0.001783203  0.00021216882301926455   0.01010894  0.0010773154364275117   0.0195015  0.0020232252897446324   0.0271773  0.0027292329600766664   0.0289645  0.0029451814414731122 
 0.001825  T17-1648    0.05222559    0.019341785341536622      0.113742      0.0250451730173321     0.1342988      0.0235066012817017     0.1650605    0.025259562571748943     0.1594109   0.022383655485145853     0.282727    0.03212823590248304    0.3782388   0.042775273582035686   0.02823208   0.0028351574037429406    0.1214371   0.012195108993511663   0.1949027   0.019572763741671745   0.2767078   0.027787898267856267   0.2976616   0.029892147125872796 
 0.001825  T17-1714    0.02770134    0.014124967321266836           0.0                    99.0           0.0                    99.0           0.0                    99.0    0.01831587   0.009339299815004228   0.03386114   0.006701007549418595   0.05778606   0.014746492206543088  0.002692534  0.00028694487768730843  0.005806323  0.0007212272161973508  0.02215642   0.002752140242480386  0.03234345  0.0032480345646896435   0.0344779   0.003505797469392619 
 0.001825  T17-1746   0.007892787   0.0040245479832534846           0.0                    99.0           0.0                    99.0   0.005664868    0.002888527247392733    0.01896951   0.009672589184748673   0.04796613   0.007493409006906937   0.05462748   0.016392472926084214   0.00303361   0.0003232935322926984   0.01975811    0.00200905310728757   0.0406808   0.004085298396232031  0.06276318  0.0063028828954100075  0.07541847   0.007573768330920682 
 0.001825  T17-1720    0.01446105    0.007373715652542753    0.05164567    0.021507244093560408    0.05870594      0.0172009107759687    0.04175636    0.016041823479582863     0.1129317   0.016136136882692834    0.2075673   0.021735599032112644    0.2929482   0.033377807152724995   0.01479648   0.0014859106991472807   0.08869497   0.008907037692271646   0.1680731    0.01687844792616312   0.2545571   0.025563452801418453   0.2815398   0.028273143499697447 
 0.001825  T17-1743  7.937007e-05  4.0470958475425916e-05   0.008478968    0.004323442328712879    0.01790463    0.009129606755946556    0.02247513    0.011460117546956881    0.01083539   0.005524986504738812   0.03034866   0.006012077778688496   0.03463725   0.015409988203257166  0.002716366   0.0002894846593944488   0.01555133    0.00161340629671822  0.03001961  0.0030524676257179025   0.0446392   0.004482813821390454  0.05314797   0.005337292194973556 
 0.001825  T17-1742           0.0                    99.0   0.006645133      0.0033883657934516    0.01308583    0.006672489271575115    0.02203262    0.011234475931557467    0.00557983   0.002845166205253043   0.03549834   0.006754742699623725   0.09216649   0.017108888062314306  0.003118941   0.0003323873018796146   0.02050133  0.0020846255556433275  0.04105967   0.004123345753292009  0.06276595    0.00630316106666992  0.07682323   0.007714838902560871 
 0.001825  T17-1477     0.0206384    0.010523560432933335   0.005482091   0.0027953284081388024    0.01099022    0.005603932662706432    0.01317936     0.00672018138166642   0.008710242  0.0044413693926115445   0.04007039   0.006859827783564978   0.05334561    0.01422404267903893  0.002939276  0.00031324030193027527   0.01474365   0.001529611822857489  0.02734161   0.002780161992352604  0.04171025   0.004188679118630163  0.04736343   0.004756389860564196 
 0.001825  T17-1499    0.03054814     0.01557655619639643  0.0008441064  0.00043041150051485565   0.006096705   0.0031087222666522094    0.01808861     0.00922341753637696    0.02470427   0.012596760382809899   0.08477791   0.009920209816062613    0.1122307     0.0188278903444677   0.01167398    0.001172339089965851   0.04205472    0.00422327191895465  0.06859075   0.006888106449780653  0.09458671    0.00949870540446153   0.1025944    0.01030286368528803 
 0.001825  T17-1455    0.02844187    0.014502560110403576    0.05973915    0.020095688294042704    0.07893904    0.017950703824187952     0.1101136    0.018328680542581348     0.1969584   0.023524162614267485    0.3426473    0.03500977487310885    0.4985166    0.05226742200957686   0.03137834    0.003151115075204814    0.1588204   0.015949261711618503   0.2944673   0.029571365081267995   0.4289436   0.043075913044573866   0.4694238    0.04714106649841738 
 0.001825  T17-1470    0.04924267     0.01862152400145834   0.004544829    0.002317416685403902    0.02918866    0.014883354691562519   0.004339956    0.002212952033213409    0.04192414   0.013666461570146678   0.09577018   0.011002691950704292    0.1285524   0.019982831047366638   0.00671679    0.000682979683104732    0.0416649   0.004184124922950366  0.08476844   0.008512722762380463    0.130559   0.013111159911504742   0.1552765   0.015593371690712085 
 0.001825  T17-1529    0.02574735    0.013128619104426977   0.009538499    0.004863699743428865           0.0                    99.0           0.0                    99.0    0.02892655   0.011569376155844576   0.03714348   0.006746023497755178   0.05961921   0.014705537601143353  0.004580243  0.00047518720838920955   0.01845064  0.0018761063648214515   0.0393542   0.003952076908105832  0.05532079  0.0055554938624287845   0.0617155   0.006197671457465981 
 0.001825  T17-1558     0.0347518    0.016738074524508487           0.0                    99.0    0.02399232    0.012233730785636245    0.03677681    0.014132506391215997    0.05876051    0.01404496760803317   0.08211338   0.010342990592298004   0.07435136   0.015640541966853196   0.01008292   0.0010125596562098216    0.0350755   0.003522395920617569  0.05679092  0.0057031291041604254  0.07840832   0.007874018799914902  0.08433089   0.008468782565237075 
 0.001825  T17-1488   0.008230562    0.004196779624583526    0.01038293    0.005294274306665457  0.0009958213   0.0005077712731041673    0.01899769    0.009686959202318652    0.01847743    0.00942167565194313   0.04462301    0.00708285369015039   0.05748852    0.01579044296451192  0.002714792  0.00028931691327711904   0.01594658  0.0016544123989308379  0.03276837  0.0033319682647246747  0.04957138   0.004978119391572132  0.05789747   0.005814252458024003 
 0.001825  T17-1480  0.0003083773  0.00015724213799587214    0.01210077    0.006170204274788478   0.006948607   0.0035431077782384058    0.02751623    0.014030574468147376    0.01533307   0.007818362313328412   0.03489639   0.006613944160427271   0.03745179    0.01452553993758721  0.004423975  0.00045897483229416844   0.02045156   0.002079564819408352  0.03797488    0.00386137900464099  0.05239162   0.005261337068961954  0.05736981  0.0057612631252860905 
 0.001825  T17-1471   0.008827777    0.004501301208754896           0.0                    99.0    0.02866522    0.014616451614143017   0.008137226    0.004149187416051456    0.02190724   0.011170318891431705   0.03693387   0.007648506379998189   0.06267089    0.01525201753986734  0.003452274   0.0003679108091548956    0.0165559   0.001717627663081717  0.02962487   0.003073496142708847  0.04162747   0.004180366084421225  0.04433789   0.004452555287122599 
 0.001825  T17-1481     0.0181619    0.009260786289230737    0.02152444    0.010975353957915707    0.03908686      0.0165723581146135    0.02198784    0.011211642522175599    0.06721519    0.01260282750383663    0.0886811   0.010450997894889702    0.1179816   0.019221379312005685   0.01119561   0.0011242996123979408   0.04427258   0.004445996637600421  0.07569693   0.007601732189776173   0.1064027   0.010685305623000643   0.1154633   0.011595200613173927 
 0.001825  T17-1526           0.0                    99.0    0.03035278     0.01547694175117888    0.02160868    0.011018308098298214   0.006145015   0.0031333546493417003   0.009957617   0.005077407848897987   0.04781959   0.007598323190481042    0.0647563   0.015484575362175741  0.003167443   0.0003375561945704744   0.01931401  0.0019638959338113718  0.03722998  0.0037856357382303123  0.05531154   0.005554564946910569  0.06581699   0.006609556445645246 
 0.001825  T17-1547    0.02037901    0.010391301868673675   0.001083299   0.0005523761759474877    0.01922632    0.009803537104877249    0.02772955    0.014139356558218094    0.01434574   0.007314922780854218   0.03946048   0.007461994575668425   0.05003114   0.016815788263709077  0.005912401   0.0006011874523459885   0.02114177  0.0021497470410672716   0.0351865   0.003577849675528095   0.0472535   0.004745350331350957  0.05082089   0.005103599253189684 
 0.001825  T17-1559    0.03373798    0.016242916835153224   0.001206157   0.0006150219060037211           0.0                    99.0           0.0                    99.0    0.02563586   0.012184615640790479   0.03493319   0.006728566682401386   0.04279123   0.016034181507602094  0.004164427   0.0004320474845732238   0.01663335  0.0017256628746532621  0.02693159   0.002738470161116283   0.0375275   0.003768633739617184  0.04149321   0.004166883256247595 
 0.001825  T17-1595   0.009944547    0.005070743430393722   0.009618475   0.0049044796618907755    0.03827285    0.018233408082726197    0.03645454    0.016559337287893376    0.02935072   0.013212888046073954   0.07653597   0.010718915866002727   0.06881059   0.017212888428066946  0.005142607   0.0005229129001007648   0.01693137  0.0017565815510046782  0.02897735  0.0029464880599675354  0.04151446    0.00416901724863034  0.04675851   0.004695641826223573 
 0.001825  T17-1805    0.09565748    0.019787106478389004    0.08734349    0.020884907140377735     0.1366986    0.021641129952673453     0.1540887    0.021549791778968538     0.2881738    0.03137137944696248    0.4468619    0.04531592818110863    0.5868816   0.060578005885866704   0.04803497     0.00482382809288096    0.2145034    0.02154112984703451   0.3708255    0.03723950415562137   0.5464399   0.054875273988680084   0.5563548   0.055870960567127266 
 0.001825  T17-1784   0.006128761   0.0031250676836049826    0.03339926    0.017030347847955894    0.01039891     0.00530242646217088    0.03949833     0.01560475928324077    0.06820236   0.014802481772263596   0.06127044   0.008381493003551635    0.1196027   0.018552784996679072  0.006512856   0.0006622431740658412   0.03017169   0.003067931490240063  0.05411112    0.00543401485967008   0.0761428   0.007646507905656099  0.08422069   0.008457715920533302 
 0.001825  T17-1813   0.009644936    0.004917971687135354   0.003305434   0.0016854472466893053     0.0336503    0.015978061678154205    0.05689639    0.017558312076575613    0.05162263   0.012878304620778661    0.1160672   0.012949147286071041    0.1579482   0.021536752448008498   0.00882233   0.0008859671058840102   0.04650012    0.00466969345739221  0.08653338   0.008689963775036535   0.1298831   0.013043283857369817   0.1463389   0.014695828827822574 
 0.001825  T17-1946    0.05131468     0.02079202058861822    0.07407396     0.02021332250332231    0.08365948    0.017921793001100753    0.07605961    0.018322168807497135     0.1321652   0.018171749181036482    0.1567547   0.016670655160327355    0.2228079   0.027175234468482513   0.02309843    0.002319619551646425   0.07832601    0.00786575296198944   0.1236202   0.012414342995320212   0.1677816   0.016849174621680316   0.1756846   0.017642819585452465 
 0.001825  T17-1956    0.01689194    0.008613234148824528           0.0                    99.0     0.0401273    0.015793703468360423    0.01606966    0.008193950991680143     0.0578516   0.012673046359423611   0.04940951   0.007507173897674277    0.0980894   0.018129581871794507   0.00359137   0.0003827343536841187   0.02320901  0.0023599490833408863  0.04245347   0.004263315690202616  0.06495522   0.006523014695762082   0.0752719   0.007559049299736311 
 0.001825  T17-1818           0.0                    99.0           0.0                    99.0   0.003807359   0.0019413792933349757    0.03767988     0.01374292745131997           0.0                   99.0      0.02725  0.0063719927720110444   0.06291183   0.016093038279069275  0.002216399   0.0002532316273124272   0.01497973  0.0016491832431933815  0.02892138   0.003184079754290869  0.04545471   0.004564709988725742    0.055129  0.0055362336908314855 
 0.001825  T17-1890  0.0004180116  0.00021314493053081418    0.01925151    0.009816380554451321    0.02240185    0.011422742126154515    0.01848672    0.009426414602232602    0.02494722    0.01272063615898922   0.04417952   0.007252170722454072   0.06700852   0.016945751738356253  0.004025451  0.00042899460020333596   0.02162018   0.002243032272830188  0.04332746   0.004495100960116469  0.05562143   0.005585685110448699  0.06384389   0.006411411321066291 
 0.001825  T17-1732    0.02134803    0.010885397251773083    0.04709229    0.020636406745953642    0.04435791    0.015891618438528564    0.05748007    0.017194231866298915    0.09734396    0.01544006393774702    0.1596795   0.017433971390683794    0.2065055   0.025008092757995364   0.01987129   0.0019955396501946435   0.08015885    0.00804981272454826   0.1335166   0.013408171687701833    0.191343   0.019215287081320333   0.1930017    0.01938185911867644 
 0.001825  T17-1831     0.0647852    0.018215641315089622    0.03654772    0.018244689457110087     0.0605959    0.017058402097139696    0.06742358     0.01605523335894449     0.1087371   0.018251455865286474    0.1881558   0.019919686491965582     0.257548   0.029400964673432062   0.02175465   0.0021846727858945585   0.09625646   0.009666387139501452   0.1633678    0.01640592641716185   0.2452111   0.024624897126862968   0.2814169   0.028260801385295593 
 0.001825  T17-1794    0.03292197    0.016786981648495035    0.02687606     0.01370415543884905    0.01623933     0.00828046409460593    0.01176759    0.006000318084376611    0.05626208    0.01422191994957657   0.06214752   0.008786881760450007    0.1008772   0.018750197838809594  0.007831896   0.0007963663957008734   0.03189139    0.00320263722995555  0.05411762   0.005434667613841981  0.07685416  0.0077179449960896335  0.08500582   0.008536561230277696 
 0.001825  T17-1814    0.07895576    0.018661140612571785    0.07682451     0.01913440225624519     0.1137752     0.02076153172634428     0.1377624    0.022018309379468717     0.2294662    0.02554013018371872    0.3600801    0.03661772299306848    0.5063411   0.053649394115390533   0.03887508   0.0039039621138071113    0.1688582    0.01695729031275233   0.2945993    0.02958462097263543   0.4145609    0.04163155543864665   0.4338978    0.04357342986041053 
 0.001825  T17-1806    0.03535672     0.01644417115808772    0.01376183    0.007017182010113319    0.02001266     0.01020449438588978    0.01304727    0.006652826471750034    0.02788835   0.011137668985780867   0.08387883      0.010038700733391    0.1185943   0.018509780103658717  0.006105145   0.0006207861215741377   0.03072849   0.003124548292471256  0.05770923   0.005795348780116307  0.08348306   0.008383640716264669  0.09580654   0.009621204709606528 
 0.001825  T17-1801    0.02094125    0.010677979335999158    0.04962072     0.01922361270934223    0.03731545    0.016652405142558988    0.01774609    0.009048767881158737    0.07811321    0.01490555079471876   0.08984559   0.010678454223103736    0.1295193   0.020680037685115567   0.01185024   0.0011900396825795727   0.04482965   0.004501939420491872  0.07265446   0.007296197444285846  0.09853963   0.009895670498497879    0.104089   0.010452956322889811 
 0.001825  T17-1840    0.02090898    0.010661529702932127    0.02647692    0.013500633173983508   0.001955587   0.0009971578234689732    0.02259251    0.011519960032200675   0.006155805   0.003138856491396867   0.02901934   0.006284283020906363   0.06935962   0.015242182436745862  0.003321805  0.00034462783298766297   0.01233935   0.001280172515111319  0.02518078  0.0026124344357442712  0.03814769  0.0038309152424076467  0.04669759   0.004689524040904523 
 0.001825  T17-1944   0.009626638    0.004908641501229382           0.0                    99.0    0.03581158    0.016736650637504027    0.01484956    0.007571820601407366    0.03953312   0.012070047638772764   0.05243741  0.0075346547680153865   0.09371455    0.01743246808232056  0.006701223   0.0006813968022573192   0.02784843   0.002831696699298497  0.04734873   0.004754913647137349  0.06488841   0.006516305412778279  0.07051585   0.007081431266901488 
 0.001825  T17-1891   0.002615874   0.0013338392571100011           0.0                    99.0    0.01935905     0.00987121737146184    0.01519001    0.007745413779005612    0.03084337   0.011507237797228707   0.06555215   0.008684531148504565   0.09714861   0.017844993613487816  0.006478796   0.0006587798711972005   0.03294866  0.0033088117152628815   0.0597092   0.005996192288423747  0.08331221   0.008366483410903902  0.09304781   0.009344164054957778 
 0.001825  T17-1933           0.0                    99.0    0.00321697   0.0016403392804642581    0.06211733     0.01612711871400744    0.03423812    0.015669088991190395    0.06356981   0.013498633278890164    0.1352484    0.01460460547975607    0.1826295   0.022522389377119825   0.00992235   0.0009964346952910502   0.05802425   0.005826984119631579   0.1112927   0.011176375256976163   0.1688671    0.01695818399058192   0.1976082   0.019844458900003324 
 0.001825  T17-1893   0.002692515   0.0013729181622737935    0.04256531     0.01997237865690667    0.02034821    0.010375587082765052    0.02753739    0.014041363993438137    0.02554506   0.012042475252224353   0.03742976    0.00723040912069822   0.04601094    0.01608443524923508  0.006056431   0.0006158327706630836   0.01773574  0.0018034135683351615  0.02775509    0.00282220567467084  0.03566091  0.0035811847058287347  0.03804577  0.0038206801057847346 
 0.001825  T17-1509    0.02156643    0.010996769643756706  0.0008459033   0.0004313276943022195    0.03091026     0.01576120189102265    0.01442234    0.007353977348005635    0.01641056   0.008367778528059882   0.06611179    0.00897253302507943   0.06475644   0.016130396043654228  0.007730993   0.0007861063495001997   0.03002659  0.0030531773735318897  0.04950327   0.004971279565091166  0.06896431   0.006925620569155666  0.07554223   0.007586196715691408 
 0.001825  T17-1528    0.01998105    0.010188375404626639           0.0                    99.0    0.01211634     0.00617814540933248    0.03222214    0.016430132062971864     0.0460491   0.015446191587187439   0.07913548   0.009739845787063828   0.09725388   0.018856369570257794  0.006791881    0.000690615133431653   0.03813435   0.003829575593047236  0.06706559  0.0067349449203947176  0.09173294   0.009212120528205575  0.09080569    0.00911900306287769 
 0.001825  T17-1417           0.0                    99.0   0.008519689    0.004344205555783843    0.02965456    0.015120918010700805     0.0461766    0.015286746561816219    0.04215117   0.013275733379504464    0.1389705   0.015044839994556972    0.2171903   0.026630405711836235   0.01023929    0.001028262846187497    0.0563742   0.005661280727900301   0.1065974   0.010704857989395434   0.1627221   0.016341083131395425   0.1917903    0.01926020642347885 
 0.001825  T17-1433    0.02490947    0.012701392263228825     0.0233254    0.011893666976235714    0.03041771    0.015510054587784048    0.01401453    0.007146038155544512           0.0                   99.0    0.0387261   0.006993654543631748   0.03898734    0.01471537702007176  0.003640707   0.0003879922111801344   0.01968981  0.0020021081834409346  0.03865037   0.003930064470071479  0.05584811   0.005608449054150088  0.06116279   0.006142166523907262 
 0.001825  T17-1441   0.008215019    0.004188854708843888   0.009882811    0.005039264123524605     0.0194543    0.009919785532328812    0.04340984     0.01501023418473729    0.05561224   0.013729530225691481   0.08996633   0.010567850595607085     0.113729   0.018936329088366097   0.01358606    0.001364356388829286   0.04899708   0.004920446315442537   0.0807427   0.008108444837385483   0.1093884   0.010985139273382745   0.1154671    0.01159558222161199 
 0.001825  T17-1398      0.014265    0.007273752316720786    0.01500129    0.007649187043906431   0.009687249    0.004939547658693558    0.01333921     0.00680168724742986    0.01019729   0.005199619050157136   0.02930385  0.0070144331561592345   0.04069593    0.01638553570927875  0.002622034  0.00028867103790018494   0.01597222  0.0016570725135790557  0.02558279  0.0026541418459371554  0.03561193    0.00357626596763342  0.04045217  0.0040623386326991365 
 0.001825  T17-1416           0.0                    99.0    0.02150512    0.010965502652215447    0.03762504    0.016655463528716816    0.05928764      0.0183638119559256    0.09020643   0.015648834411579958    0.1657947   0.017570743338134444    0.3085578    0.03397741153909167   0.01251451    0.001256747843251545   0.07841838   0.007875029061904725   0.1456392   0.014625562719094574   0.2286128     0.0229580417941253   0.2621553   0.026326488785316987 
 0.001825  T17-1672     0.0308584     0.01573475837582516    0.02759102     0.01406871493799288    0.03662742    0.018676392931255864    0.05306708    0.016877421871902238    0.09190631   0.015616254778523596    0.1788789   0.018868522210517203    0.2189722   0.026420566328004783   0.01781573    0.001789113622509761   0.08480049   0.008515941328527045    0.157707   0.015837450439266574   0.2388064   0.023981716249504414   0.2592638     0.0260361150043716 
 0.001825  T17-1628    0.03050613    0.015555130312516478    0.02507925    0.012787953610723842    0.05338841    0.016486250629020566    0.07029906    0.017646777726690953    0.06834435   0.016094851167169112    0.1545994   0.016648892493831804    0.2098769   0.025627148573684512   0.01167193   0.0011721332113948314    0.0732252  0.0073535130125975175   0.1399704   0.014056283326051201   0.2178627     0.0218784817558486   0.2386975   0.023970780157469326 
 0.001825  T17-1614    0.01116483    0.005692967623013941   0.001173506    0.000598373195447958    0.02336825    0.011915511371948122    0.05116239    0.017492861764377518     0.1227827   0.017842798157267824    0.1829547   0.019465069047552953    0.2945661    0.03260244278511198   0.01469858   0.0014760792616689696   0.08565708   0.008601962886820589   0.1667665   0.016747235012593245   0.2571796   0.025826812871520638   0.2977758    0.02990361547815061 
 0.001825  T17-1602    0.01574918      0.0080305385948892           0.0                    99.0   0.008856067     0.00451572633495885    0.05193847     0.01579955743655527    0.05398169   0.012902417486927052   0.09301586   0.011466547149181048    0.1526874    0.02184069000919156  0.008382969   0.0008524008616546619   0.04455106   0.004473962515541033  0.08514829   0.008550868531834593   0.1231079     0.0123628962031579   0.1465304   0.014715059901530304 
 0.001825  T17-1370    0.02611492     0.01331604866759145    0.03234706    0.016493829014735662    0.04598204    0.018531747973518743    0.06472678     0.01598419125549003     0.1321607   0.018795686773347763    0.2239368   0.023143944270660195    0.3424375   0.036755829105910534   0.01782047   0.0017895896235147768   0.09898802     0.0099406992892323   0.1905906   0.019139728610584217   0.2882099   0.028942976578597117   0.3243618    0.03257346815535136 
 0.001825  T17-1412    0.03438603    0.017533508699402095    0.04897458      0.0191642613838406     0.1032231    0.021775341940509223    0.09662015     0.02038110405913097     0.2030315    0.02356004274738482    0.3922571    0.03989950141644123    0.5921354    0.06186582056846898   0.02521163    0.002531833977279768    0.1638939   0.016458759040839745   0.3128821     0.0314206392052517   0.5095376    0.05116942493254957   0.5789182   0.058136850701509084 
 0.001825  T17-1465    0.02435423    0.012418264497949342    0.04272533     0.01857573082078035    0.07955923    0.018884091654922906    0.04358834    0.013934820330454786    0.07586318   0.013654199110882484    0.1047615    0.01230835002523555    0.1468344   0.020125368587832124   0.01573946   0.0015806078242516833   0.06517633   0.006545219282073249    0.100704   0.010113023546092103   0.1315011   0.013205768655439942   0.1313488   0.013190474169213515 
 0.001825  T17-1525    0.04182169     0.01699051667731623    0.03521585    0.017956625730872297    0.04442458    0.017966810424409334    0.03113161    0.015874073590859433     0.1305483   0.018470967580841564    0.2643629   0.028003843087758794    0.4102919   0.044726671391393524   0.03106289   0.0031194365592332597    0.1665371    0.01672419790407289    0.264629    0.02657490582892683   0.4271959   0.042900403220054485   0.4594009    0.04613453427404705 
 0.001825  T17-1516    0.03487567    0.017783177090865653    0.02399114     0.01223312910133364    0.06077265    0.019534227980883324    0.07104048     0.01924264019163441    0.07781638   0.015870677068201722    0.1566126    0.01723562652231711    0.1698482   0.022459874119015004   0.02378923    0.002388991936687232    0.1003733   0.010079813635784952   0.1495248   0.015015767259007315   0.2063873    0.02072608475374218   0.1968952   0.019772857115884494 
 0.001825  T17-1569    0.01537111    0.007837758983558119           0.0                    99.0    0.03421191    0.016178420360498148    0.03226267    0.014857165467372604    0.04143137   0.012871457439512008   0.08628787   0.010465313192807227    0.1327196   0.020550603355658444  0.006190596   0.0006294749951961237   0.04141112   0.004158639509028675  0.07913323   0.007946816625458587   0.1186919   0.011919427091574035   0.1425714    0.01431748420647849 
 0.001825  T17-1580    0.05296812      0.0188319365808656    0.06496786     0.02172660118909297    0.09554142      0.0178671361703062     0.1010664     0.01794098219139911     0.1803179   0.022803422125553877    0.2130025   0.022248677198658355    0.3013704    0.03441817144142321   0.03045581    0.003058471610139869    0.1183229   0.011882370874810129   0.1987581   0.019959935604931194   0.2744076   0.027556904659728546   0.2844546    0.02856585717911115 
 0.001825  T17-1588    0.04491865    0.017987359794564766    0.04006289    0.019089892370163352    0.06780446     0.01641309381211586     0.0646007     0.01617584140684187     0.1895852   0.022142971961127987    0.3119616    0.03195749331233013    0.4267548    0.04606589229126469   0.02533321    0.002544043437384128    0.1346122   0.013518195420964146     0.25488   0.025595879560800873   0.3753221    0.03769106744094846   0.4111679   0.041290819393445186 
 0.001825  T17-1617    0.05482497    0.018053420230732153    0.06162265     0.02030268585282068     0.1152755     0.02075795789399574    0.08043065     0.01691536870619807     0.1541913   0.019381394675538705    0.2199111    0.02296819577610547    0.2564273    0.03036484871330335   0.03186414     0.00319990069455478    0.1118881   0.011236167370366285   0.1795245   0.018028434774540497    0.243359   0.024438903165722496   0.2499757    0.02510337371906854 
 0.001825  T17-1550    0.01343111    0.006848551159082481    0.02006242    0.010229867106989417    0.03252002     0.01658202165624276    0.02415443    0.012316395893874515    0.06381432   0.017380858437681494    0.1031863   0.012544041309975865    0.1674071   0.022583984243257433  0.007181189   0.0007302009229568051   0.04847032   0.004867547364615905  0.09607549   0.009648213533238546   0.1467603   0.014738147257890629   0.1730524   0.017378485532691966 
 0.001825  T17-1475           0.0                    99.0           0.0                    99.0    0.02372052    0.012095139435256792           0.0                    99.0    0.04086591   0.012734053850262335   0.05243271   0.007939096344491922   0.06948639   0.016027722140464034  0.007605111   0.0007733063465140449     0.026435  0.0026879756940159706   0.0400968   0.004026651218214342  0.05382401   0.005405182346018241   0.0557779   0.005601398333485628 
 0.001825  T17-1556    0.01456536     0.00742690548625038    0.05017573    0.018679808445656743           0.0                    99.0    0.03351606    0.016771111430648716    0.02458667   0.012536786107523292   0.05174342   0.007985007368311503   0.07848392   0.015380981613527273  0.008795008   0.0008832233402971981   0.02920833   0.002969974671622688  0.04815422   0.004835803572310008  0.06586047   0.006613922842804889  0.07148092  0.0071783467365591205 
 0.001825  T17-1573     0.0552408    0.017992033619543955    0.09884125    0.021472883966370822       0.13397    0.021820804462771303     0.1321975    0.020254852522516673     0.2196783   0.025590285854255324     0.332451    0.03419069940793256    0.4292718    0.04655290673583015   0.04829274   0.0048497142002483775    0.1758865   0.017663095080509672   0.2821244    0.02833185081003571   0.3823681    0.03839864960651221   0.3855487    0.03871805586916943 
 0.001825  T17-1579    0.01277542   0.0065142106068536805           0.0                    99.0    0.03618536    0.016771363752116165           0.0                    99.0    0.01589661    0.00810571245899742   0.03715002   0.006573358417644667   0.04454929   0.017350418830179317  0.005595815   0.0005689961981735379   0.01910813  0.0019429615591668406  0.03329895  0.0033859189512419653  0.04430718   0.004449471284300377  0.05129481   0.005151191845985188 
 0.001825  T17-1610     0.0249264     0.01271002000036192    0.02392471    0.012199251411801504    0.02734495    0.013943238461918559    0.01977111    0.010081328550119622    0.03031932   0.012346232843998366   0.05269627   0.008226207436258461   0.07248171   0.016158646568365215  0.007788781   0.0007919823761926146   0.02837354  0.0028850911757488723  0.04552135   0.004571402187443959  0.06057801   0.006083441014288362  0.06575824   0.006603656580035764 
 0.001825  T17-1584           0.0                    99.0    0.01941153    0.009897978987030535    0.01962022     0.01000438944467902    0.03258064     0.01648113353869193    0.07963807   0.014095259158584103     0.137005   0.014753027660793698    0.2038882    0.02461963836836967  0.009200463   0.0009239404517398631   0.05561305   0.005584843561971366   0.1072509    0.01077048463703158   0.1638523    0.01645458144715705    0.193222   0.019403982450231217 
 0.001825  T17-1708    0.05979644     0.01698687901031664    0.05116497    0.022300971251517476    0.08876327    0.019035250595435538    0.09304117    0.018335230618186645     0.1816806   0.022292648359629682     0.276258   0.028372971799526414    0.3702316    0.03956033888103715   0.03181027    0.003194490890173982    0.1343431    0.01349117156883775   0.2386282   0.023963820851187506   0.3326216     0.0334029441140293    0.348071    0.03495442314580379 
 0.001825  T17-1724    0.03721755     0.01617476385168034    0.05096839    0.018927237086189336    0.07584086    0.018363703010501338    0.08066324     0.01918141056551827     0.1489903   0.019976499634202685    0.2356921    0.02422503101232007    0.3565711    0.03888746216921464   0.02324801   0.0023346408638823682    0.1106815    0.01111499659585625   0.1984369   0.019927679688204646   0.2896524   0.029087837133255696    0.314493    0.03158241112600088 
 0.001825  T17-1711    0.04262305    0.017099761329150913    0.05453838    0.019178659222944757    0.05247951     0.01743311962874118    0.06288212    0.017201980736515316     0.1114858   0.016538810183625664    0.2014942    0.02112713232647195    0.2777295    0.03152784837614042    0.0195226    0.001960523060761092     0.090405   0.009078764467583496   0.1635707   0.016426302316183763   0.2409564    0.02419762622890312   0.2592141    0.02603112394597283 
 0.001825  T17-1698   0.001832328     0.00093430781884638   0.008278802    0.004221377294717097    0.02283429    0.011643244126000322           0.0                    99.0     0.0235096   0.011987590915676093   0.02810492  0.0070603307183842315   0.06184368   0.015851776640374543   0.00652533   0.0006635115646995161   0.02993937  0.0030443086211456886  0.03578829  0.0036390411629602503  0.05622956   0.005646755497462317  0.06392619   0.006419676154034952 
 0.001825  T17-1700    0.02847272    0.014518295488506356    0.04055849    0.019834379755457463    0.04305493    0.018033207053354348    0.06902591      0.0167810302826996    0.08790889   0.015344555259583805    0.1515277   0.016314407424602495     0.222938   0.028434227758054202   0.01278102   0.0012835116408549828   0.07874336    0.00790766461384183   0.1411629     0.0141760381203417   0.2259174   0.022687360908439216   0.2521548    0.02532220610501826 
 0.001825  T17-1718     0.0256458    0.013076843464169784   0.005180798   0.0026416990097982477    0.03851382    0.016219856163074444     0.0380929    0.014704527085445488    0.06250748   0.014683586618462943    0.1182802   0.013500071001914362    0.2014196   0.025248607371387836  0.007770183    0.000790091283704168    0.0505953   0.005080944767235717  0.09945974   0.009988070947447842   0.1534248   0.015407417927843588   0.1760456   0.017679072387068277 
 0.001825  T17-1772    0.01521068    0.007755957374662911    0.01073264    0.005472593098655974   0.009918564    0.005057495138281891   0.009067984    0.004623782736494715     0.0121919   0.006216675561938551   0.03281789   0.006875516345532894    0.0583821   0.017566002186297256  0.003061487   0.0003262643908031951   0.01673879  0.0017366019713051693  0.03114401   0.003166799374715457  0.04588744    0.00460816614520972  0.05122349  0.0051440296576597076 
 0.001825  T17-1786    0.04055828    0.017727603918005503     0.0313546    0.015987771724089633    0.05476204    0.016972080267265887    0.06140379    0.016332550285014923    0.04920935    0.01267201014339576   0.09925908   0.011742902032863298    0.1282228   0.018262930954696183   0.01576938   0.0015836124905158964   0.05490767  0.0055140070138137804   0.0873595   0.008772925440299518   0.1152514   0.011573920895039202    0.118422   0.011892322842903695 
 0.001825  T17-1820           0.0                    99.0    0.01660079    0.008464773253944255   0.002004785   0.0010222442738461537    0.03741392     0.01516202377267837    0.08059615   0.013674221134844391   0.08503989   0.010498215440436057    0.1594365   0.021032145069747404  0.006868509   0.0006984068492945714   0.04274608   0.004292700544890128  0.08256376   0.008291321613786316   0.1228179   0.012333773367049357   0.1409725    0.01415691740845146 
 0.001825  T17-1764   0.008138619    0.004149897219179363    0.03918367    0.018388976901999986    0.04794824    0.017456245862824456    0.07940155    0.018830190505847916     0.1304821    0.01733005255634558    0.1922867   0.019990072040084024    0.2621058    0.02980036099735203   0.01399326   0.0014052487340806576   0.07865272   0.007898562243051509   0.1504413   0.015107805239556009   0.2321071   0.023308950714485736   0.2663575   0.026748487420404712 
 0.001825  T17-1749   0.009589424    0.004889666010011497   0.001106254   0.0005640812694151438    0.01086423    0.005539691096435342   0.005109762   0.0026054776147814897    0.00159791  0.0008147772309803705   0.03145566   0.006370832284287273   0.03907406    0.01572512362983948  0.003999705   0.0004149580280257993   0.01367093  0.0014183201818053074  0.02194961   0.002231890219683585  0.02949392   0.002961875478284832  0.03173212  0.0032265998271375153 
 0.001825  T17-1816   0.009377601    0.004781656558678384   0.008146039    0.004153681672239125    0.02387537    0.012174092849521439    0.04530773     0.01574340142876148    0.03094345   0.011763164890174115   0.04969966  0.0077915001362338435   0.06632708   0.016832816999960643  0.005196106   0.0005283528082654619     0.020796  0.0021145883204189532  0.03500594  0.0035594898803983474   0.0470742   0.004727344442815264  0.05454609  0.0054776959705612185 
 0.001825  T17-1697    0.01562627    0.007967863604305611           0.0                    99.0    0.04055931    0.016177191453304277    0.02095689    0.010685964008325173    0.02750711   0.012014465810893176   0.05453719   0.007935035425242978    0.1023912    0.01764782436490119  0.004904191   0.0005087958898277874   0.03193122  0.0032468448114486535  0.05830714   0.005855392853345877  0.09417821    0.00945768250654147   0.1031972   0.010363398833874602 
 0.001825  T17-1730    0.02224297     0.01134173870992931           0.0                    99.0    0.03729058    0.016442982858042028    0.00473333   0.0024135342034274135    0.05118182   0.012674696391141842   0.05639176   0.008450970128208713   0.08469659   0.016748360178175086  0.008206022   0.0008344084535795944   0.02678423  0.0027234862295144233  0.04339943   0.004358312081488195  0.06050271   0.006075879137473955  0.05991449   0.006016808170347202 
 0.001825  T17-1736    0.02173031    0.011080322569738708    0.05987718    0.019528626535625183    0.06064713    0.020180113760580463    0.07027565    0.016285344474383248     0.1152988   0.017690802334165062    0.1535198    0.01657117547380466    0.1829419    0.02453340713094086   0.02524003    0.002534685990997236   0.09459017   0.009499052862711459   0.1410784   0.014167552288592409   0.1810329    0.01817991331703001   0.1743887   0.017512681150220834 
 0.001825  T17-1734    0.07962732    0.020713140422174613    0.08381508     0.02319966990297414     0.1233673    0.020608981094234136     0.1232993     0.01956453088799729     0.2054364   0.024154668401979773     0.253723   0.026058491005334597    0.2977358    0.03282223777858542   0.04467697    0.004486606800936206    0.1458281   0.014644532687464936    0.217499   0.021841957799327426   0.2949545   0.029620291266168556    0.289412   0.029063695397693132 
 0.001825  T17-1704           0.0                    99.0    0.02434611    0.012414124094104303    0.01202895     0.00613358409722252    0.01567147    0.007990913133668391    0.02315466   0.011806606317060632    0.0427693   0.006745305874912197   0.07060479    0.01680706780505871  0.008519999    0.000866334410902424   0.02355682  0.0023953152582628368  0.03480582  0.0035391411961242254  0.04465795  0.0044846967488323015  0.04545984   0.004565225155531364 
 0.001825  T17-1747           0.0                    99.0   0.005854374   0.0029851567265870246    0.03973427    0.015821142683381913           0.0                    99.0     0.0380305    0.01654254519697921   0.07424232    0.00978722642313056    0.1046766   0.017578041370050305  0.005321081   0.0005410605757652776   0.03371137   0.003385405544394237  0.06388685   0.006415725497158459  0.09676563   0.009717519646159732   0.1100247   0.011049038633479613 
 0.001825  T17-1761    0.01112822   0.0056743030543167155  0.0008903745   0.0004540036459615082    0.02685963     0.01369578265269163   0.004641575    0.002366748640170783    0.02815682   0.012041845024996127   0.03304792   0.006468282246325372    0.0573151    0.01630957817181364  0.002278975   0.0002509022119008519   0.01484482  0.0015401079416280405  0.02736964  0.0028395224358238854   0.0422295   0.004240823897191866  0.04891126   0.004911827985311629 
 0.001825  T17-1738    0.03604666    0.018309048240188676    0.03825811    0.019507880041414575    0.03268292    0.015385776955580242    0.03238996    0.015718116327375745    0.06024653   0.013928318263714002    0.0823083   0.010394006755207973    0.1057355    0.01747114101861982   0.01300259   0.0013057624276643473   0.04568774   0.004588111621418565  0.07201582  0.0072320631352429466  0.09588117   0.009628699291001472  0.09851439    0.00989313582184093 
 0.001825  T17-1753           0.0                    99.0           0.0                    99.0    0.02793765    0.014245467154295957    0.04911752     0.02112461721653446     0.0852499   0.016506006098087448    0.1373222    0.01537965714759679    0.1395816    0.02241513624592097  0.009738228    0.000977944564187435   0.05427506   0.005450478253487784  0.09740478   0.009781705162141784   0.1409636   0.014156023730621853   0.1545306   0.015518466075034607 
 0.001825  T17-1799           0.0                    99.0   0.001008228   0.0005140973265569955    0.02475434     0.01262228627061104     0.0246607    0.012574539051885759    0.04235808   0.011861602389768595   0.04966267   0.007933454219398383   0.06077609   0.017082043368604385  0.005238261   0.0005326392332433267   0.02429965  0.0024708480475748016  0.04284235   0.004302368284468423  0.05978394   0.006003697924343484  0.06260515   0.006287013009170658 
 0.001825  T17-1910    0.01881525    0.009593933670893343    0.04828903    0.019637215074350768    0.06066011    0.016257380734365577    0.03945687    0.015174062978321561    0.06538652   0.012875549653009149    0.1345888    0.01462966269838184    0.1837829    0.02387767186073634   0.02008126   0.0020166255217253628   0.06953423    0.00698285378603893   0.1173463   0.011784297506228406   0.1551702    0.01558269670401436   0.1611515    0.01618335834337546 
 0.001825  T17-1867  0.0008368274  0.00042669992421091147    0.01543379    0.007869720618449996   0.002974142   0.0015165208094195873    0.02921995    0.014670400707261715    0.03876419    0.01400734671313454   0.06777816   0.009142156585661395    0.1259688   0.019027149238622164  0.009666604   0.0009707518490212131   0.03565494   0.003580585168509585  0.06121066   0.006146973785270034  0.08390957    0.00842647223902408  0.09120347   0.009158949426688302 
 0.001825  T17-1884     0.0389967    0.017230514008737523    0.02892899    0.014750943548949708    0.03378639    0.016414186936376744    0.04930145    0.014640147991858725    0.04674116   0.012295813531403932    0.1235382   0.013615704535187888    0.1582701   0.020965549612356933   0.01045857   0.0010502836547228564   0.05632819   0.005656660250929363   0.1013542   0.010178318814787098   0.1469209   0.014754275124538684   0.1672814   0.016798942818377707 
 0.001825  T17-1957    0.05699864    0.017553456034963485    0.02694511     0.01373936907149382    0.05753366    0.015955383148356417    0.07784583    0.017058818581202773     0.1599768     0.0190367927370789    0.2663964   0.027333758521221354    0.3980571    0.04270082595908655   0.02358022   0.0023680024768085884    0.1231043   0.012362534602140615   0.2290171   0.022998642848649244   0.3331725   0.033458267287980174   0.3664619    0.03680129725734164 
 0.001825  T17-1947           0.0                    99.0           0.0                    99.0   0.008343108    0.004254167049601207    0.04831207    0.014756715008715489    0.02378832   0.010918490743881409   0.07578238   0.009439361942992757   0.09685777   0.017154911562993525  0.004382286  0.00045464971948408814   0.02748939   0.002795188623939222  0.05017626   0.005102045280359339   0.0736436  0.0073955301023701315  0.09044606   0.009082887848628155 
 0.001825  T17-1864    0.01351443    0.006891036189669737    0.02835595    0.014458759140549544    0.04791643    0.016839781666691794    0.02149157    0.010958588577871194    0.06657738   0.013453625760394258    0.1009414   0.011449758264734197     0.128004   0.019514350703072343    0.0111576   0.0011204825230605297   0.04525921   0.004545077234958532  0.07865174   0.007898463830657359   0.1041135   0.010455416660258182   0.1122604    0.01127355494772829 
 0.001825  T17-1948    0.01969635     0.01004320533849398           0.0                    99.0    0.02279715    0.011624316173333595    0.02051987    0.010463116851735385    0.02263363   0.011540937006247327   0.05509762  0.0075939256443031495   0.06455473   0.015583678791996741  0.007524985    0.000765158951865173    0.0287237   0.002884527486060067  0.04697262   0.004717143447208962  0.06290021   0.006316643894843549  0.06855129  0.0068841437609371324 
 0.001825  T17-1640    0.04526655     0.02101700523568058    0.06482563    0.021031816006102967    0.08426002     0.01817023060221317    0.08745529    0.017648500499553525     0.1401155   0.018860151670254403    0.1777984    0.01869099455536853     0.291222   0.032761161051112035   0.03097573   0.0031106836657779913    0.1067989   0.010725093322866761   0.1667133   0.016741892402745158   0.2239412    0.02248890451322663   0.2258448   0.022680070149844096 
 0.001825  T17-1664    0.02042709    0.010415808148688272    0.03685349     0.01879167136830306    0.01948251    0.009934170846957335    0.05009672     0.01590279167378118    0.09091272   0.015858520226931135    0.1763779    0.01853348564791297    0.2785569   0.030827940851185634   0.01427945   0.0014339888650791402   0.08400925   0.008436482430411353    0.156243   0.015690430786648307   0.2365967   0.023759810988629435   0.2714645   0.027261348970307762 
 0.001825  T17-1762    0.02294675    0.011700587699450187    0.01214959    0.006195099649215176           0.0                    99.0           0.0                    99.0    0.04198637   0.014067502315626928   0.05013879   0.007887594601301782   0.05571174   0.015403645012719423  0.003978391  0.00041274676839172234   0.02238735   0.002276400684695258  0.04131976   0.004149464845549461  0.05981289   0.006006605173998822  0.06994761   0.007024366754359191 
 0.001825  T17-1773     0.1009264    0.021465418163699956    0.09953036    0.020507358928672312     0.1529241     0.02135513684605416     0.1609291    0.022364920639810014     0.2532492    0.02795661319968497    0.4147378    0.04196407132136263    0.5536818    0.05783296889277258   0.04602762    0.004622243467575459    0.2002025   0.020104986917951206   0.3402366    0.03416766723305273   0.4881086    0.04901745492063941   0.4972299    0.04993344563293974 
 0.001825  T17-1748    0.02771718    0.014133044168176368           0.0                    99.0    0.02163437    0.011031412382332056    0.02143217    0.010928300401960453    0.05099867   0.012414326444982386   0.08548564   0.010237596769290144   0.07535874   0.017399576392092882  0.004861108    0.000494289391525295   0.02736846   0.002782892203333367  0.05053895    0.00507528591699914  0.07318161   0.007349135570084604  0.08403663   0.008439232021078992 
 0.001825  T17-1652   0.009127346    0.004654051536131305    0.04888565     0.01885961349974132   0.002262948   0.0011538816010245765    0.01610908    0.008214053287764086      0.038958   0.012133050572222139   0.05694517   0.008473301391210985   0.09283327   0.017442240388030116  0.004262359  0.00044220763521416053   0.02486026   0.002527852244957448  0.04583742   0.004603142964879458  0.06754291   0.006782878950870879  0.07680346   0.007712853533726154 
 0.001825  T17-1843   0.008790661    0.004482375687928245    0.01946526     0.00992537405771571    0.01211409    0.006176999110522601     0.0237606     0.01211557630546727    0.01744792   0.008896727474579908    0.0479183   0.008475177939898135   0.07417471   0.018294451891058147  0.004874343   0.0005056992527600768   0.02605998   0.002649842726242212   0.0444526   0.004464074837168051  0.06104449   0.006130286460345012   0.0646152   0.006488868771038479 
 0.001825  T17-1846    0.01272763    0.006489844353759572    0.03556028    0.017947062708821855    0.03520337     0.01694411922956366    0.05416723    0.014577817081742005    0.05814699   0.011913226653623318    0.1529364    0.01680971618173549    0.2208786   0.026589510569389952   0.01275436   0.0012808343612192795   0.06826963   0.006855858536022404   0.1243549   0.012488123884819529   0.1891186   0.018991905634533072   0.2195979   0.022052736209805898 
 0.001825  T17-1811    0.05168146    0.019942902318103452           0.0                    99.0    0.03283636    0.016743324039535757    0.01655722    0.008442557806504198    0.02830566   0.011183654005322053   0.06041817   0.008044948361193687   0.06850239    0.01591429929017363  0.007631927   0.0007760330688246346   0.03012883   0.003025635213587263   0.0528684   0.005309216877628565  0.07263208   0.007293949974328481  0.07833097   0.007866251062872517 
 0.001825  T17-1052    0.03710515    0.018696876211424327    0.01330986   0.0067867226057381335    0.04815205     0.01999306779597681    0.05320585     0.01714043721524702    0.06077912   0.013612932397442662    0.1136447   0.012944756354355574    0.1486332    0.02110763007343079   0.01483271   0.0014895490345757303    0.0600324   0.006028649077280368  0.09149359   0.009188084221391717   0.1184482   0.011894953995413392    0.119849   0.012035626815106058 
 0.001825  T17-1105    0.02059087    0.010499319890281893    0.01270666    0.006479149748678216           0.0                    99.0           0.0                    99.0    0.02350882    0.01187425179125085   0.02859922  0.0063710813909907005   0.02541717   0.012960269483933928   0.00358691  0.00037213172882569434   0.01221529  0.0012673016435631298  0.02084154    0.00216225058858704  0.02727158  0.0027387008599962597  0.03000726  0.0030512118284614083 
 0.001825  T17-1103    0.01452242    0.007405008335297672    0.01973813    0.010064510022602443    0.01449705    0.007392073103372355    0.03074965    0.014923384323729152    0.01822537   0.009293151727244854   0.04382211   0.007142982207736835   0.05055325   0.015062736083478492  0.003535372  0.00036678480435236807   0.01841346   0.001872325807718371  0.03480808  0.0034955407269745323  0.05281858   0.005304213787262766  0.06088511    0.00611428099665298 
 0.001825  T17-1123   0.003420796   0.0017442705556020143    0.01607662    0.008197501870422966           0.0                    99.0     0.0178139     0.00908334433248041   0.009473146   0.004830375630911344   0.02950372   0.007324743280730663   0.03052872    0.01465063576058336  0.002557882  0.00027259493517756806   0.01434519  0.0014586541305478282  0.02451189  0.0024924291125679706  0.03652268   0.003667726446540376  0.04133687   0.004151183079306013 
 0.001825  T17-1021   0.005779985    0.002947226120617699   0.009306568    0.004745437183657817    0.01989868    0.010146374780893174    0.02632879    0.013425106300832072    0.05740409   0.014615488622258957   0.09978849   0.011373933913577395    0.1375555   0.020026816257832897  0.008022363   0.0008056318138874644   0.04479429   0.004498388452104304  0.08203179   0.008237899456499664   0.1164034   0.011689608457464477   0.1364498   0.013702733295328345 
 0.001825  T17-1024    0.02509683    0.012796917687028739    0.01495157    0.007623833738304175  0.0005866484  0.00029913316392179854     0.0133202    0.006791994011334521    0.03667549   0.014647098549453438   0.06899959   0.008977953441467717   0.09298151   0.016660554348892506  0.006956856   0.0006986301317248349   0.03088594  0.0031016666612864773   0.0555839   0.005581916222351564  0.07748226   0.007781020841902431   0.0836338   0.008398778520945628 
 0.001825  T17-1045           0.0                    99.0   0.004130783    0.002106293822051399    0.01938003    0.009881916094982035   0.006263896    0.003193972793511579    0.03663929    0.01154327392755803   0.03098609  0.0062656166497086305   0.07193517   0.015900357091452034  0.005080203   0.0005165675071751167   0.01452962  0.0014774074208268517  0.02526217  0.0025687194662226648  0.03399155   0.003413542136589417  0.04255627   0.004273639207994733 
 0.001825  T17-1030           0.0                    99.0     0.0204596    0.010432389964030295    0.02918027    0.014879081517094024    0.03943055    0.017077202077492817    0.07961052   0.014723625640758598    0.1475389   0.015912146015398553    0.2026381   0.025935996796007284   0.01166347   0.0011712836416061484    0.0665253   0.006680687244371532   0.1221767   0.012269382036696917   0.1720892    0.01728175779735383   0.1910997    0.01919085409171643 
 0.001825  T17-1165    0.01226764    0.006255294555153818    0.02762422     0.01408564368277801           0.0                    99.0    0.03572842      0.0158400016160657    0.03106515   0.013049815901158338   0.05544968   0.007659892469881872   0.07517114   0.016360820146859877  0.006813293   0.0006927923538613428   0.02929232  0.0029785150075803146  0.04965887   0.004986905421087212   0.0687928  0.0069083969733322375  0.07508408   0.007540187793328095 
 0.001825  T17-1223    0.03757688    0.016279175756402534    0.01536349     0.00783387451126944    0.04422547     0.01791592188494103    0.03717038    0.014500630043909954    0.08295166   0.015769267458688625    0.1640994   0.017953651294200883    0.2383495    0.02827521134342589   0.01389453   0.0013953339402171404   0.07408226    0.00743958176717454   0.1260187    0.01265520817499756   0.1831939    0.01839692792347092   0.1983854    0.01992250782929722 
 0.001825  T17-1244    0.01039069    0.005298231145808004    0.01621321    0.008267147416797765           0.0                    99.0   0.009780419    0.004987055223501702    0.03135939   0.011593189138960902    0.0344817   0.006401829321182267   0.03051547   0.014127445622504056  0.003049329  0.00032496871181141425    0.0161314   0.001719132409085106  0.02903967   0.003094774126880668  0.04264268   0.004282316775547667  0.04663195   0.004682932264494058 
 0.001825  T17-1232     0.0425156    0.017512382350931013    0.03835946    0.019559563507088186    0.01458899    0.007438953488780328    0.04504215    0.017564922857055906    0.09312044   0.015590347264318266    0.1606074   0.017346472158323405    0.2085728   0.025249990215413947   0.02381813   0.0023918941707300953    0.0839878   0.008434328348064145   0.1316365   0.013219365956973464   0.1845562   0.018533734594373474   0.1891924   0.018999316896228906 
 0.001825  T17-1221    0.01082214    0.005518230303883301   0.005375459   0.0027409565432614594           0.0                    99.0   0.001315845   0.0006709519331863497           0.0                   99.0   0.03042034    0.00700586803891966   0.02191202   0.011172981756223537  0.002552387   0.0002720093344989955   0.01323713  0.0013733146467573118  0.02423769  0.0024645478109373412  0.03459016   0.003473656501765804  0.04107162  0.0041245458145440644 
 0.001825  T17-1218    0.05199648     0.01921581355098982    0.01135161    0.005788209070650178     0.0376107     0.01650306083300307    0.04888468    0.015343917950899112    0.04774279   0.013252839553467061   0.08122603   0.010321695660525407    0.1316475    0.01923069037627355   0.01404903   0.0014108493426804862   0.05038895   0.005060222424092196  0.08257983   0.008292935414579443   0.1094549   0.010991817466906417    0.111112   0.011158228802889868 
 0.001825  T17-1252    0.02482489    0.012658264756182855    0.06008028    0.019935515922553496     0.0663903     0.01716531988176742    0.05519214    0.015247086624201229      0.114542    0.01676825811381731    0.1473709    0.01581311744661046    0.2165336   0.025612256659234462   0.02033386    0.002041992433288439   0.07650398   0.007682778778151255     0.11995   0.012045769541561054   0.1651394   0.016583836254127092   0.1708789   0.017160215555688953 
 0.001825  T17-1019    0.01985036    0.010121739260345526    0.01469243    0.007491700688370966   0.005165694    0.002633997450724917   0.002817318   0.0014365559457996198    0.02425814   0.011717570132113398   0.03604532   0.006974255347535248   0.04563676    0.01497090406497136  0.004738985   0.0004818716249604857   0.02049511   0.002083993086545685  0.03399832   0.003414221997080332  0.04656934  0.0046766447607057195   0.0493774   0.004958639290351668 
 0.001825  T17-1009    0.01928461    0.009833261250783333    0.02947803    0.015030909922130763    0.01504922   0.0076736276250157585    0.01531651    0.007809916375852561   0.003252289  0.0016583480171939815   0.02698784   0.006548842846065021   0.05971222    0.01594199948357119   0.00174758   0.0001923986258375054   0.01131825   0.001174236325576334  0.02192614  0.0022295037204156805   0.0335129  0.0033654745385741725  0.03966334    0.00398312175491315 
 0.001825  T17-1050    0.02581499     0.01316310887241692    0.04409179    0.018272129387757217    0.04958117    0.017103432771399692     0.0572989    0.017080784750523027    0.08902736   0.016262688001129948    0.1800095   0.018946469841565446    0.2867262   0.032581681663617364   0.01481339   0.0014876088612824137   0.08607016    0.00864344572477992    0.150971   0.015160999464251194   0.2375109   0.023851617920829526   0.2787441   0.027992390142817104 
 0.001825  T17-1041           0.0                    99.0    0.04091421    0.019853406971140772           0.0                    99.0           0.0                    99.0    0.01932238   0.009852520247486172   0.02394383   0.005870531631174896   0.04832935    0.01600634849109331  0.001794421  0.00020501911431774477   0.01120425  0.0011940432409913346  0.02252588   0.002400595825451842  0.03111751  0.0031249216711733497  0.04038582   0.004106529272348323 
 0.001825  T17-1004    0.05563734     0.01890411284011117    0.03096022     0.01578667659251256   0.007705244    0.003928918951299373           0.0                    99.0    0.03804755   0.011783792370562417   0.04514165   0.007297969842373219   0.07230674   0.015464905524418053  0.008094275   0.0008230457544879629   0.02394013   0.002434291154117059  0.03450755  0.0035088123771315786  0.04987874   0.005008985484470487   0.0533254   0.005355110303332137 
 0.001825  T17-1014    0.03868051     0.01935244137317566    0.01761436    0.008981595555364147   0.007918102    0.004037455660861805    0.04811159    0.016290470608284497    0.06908904   0.014488213838058712    0.1475467   0.015806862744158344    0.1901879   0.023982311792954826   0.01207585    0.001212696178447137   0.06447297   0.006474585579273242   0.1118609   0.011233435813891893   0.1725847    0.01733151754610646   0.1897697   0.019057291230110227 
 0.001825  T17-1160    0.00307061   0.0015657100308633142   0.002501392   0.0012754646619144883     0.0156385    0.007974101666332075   0.001080168   0.0005507797709958491    0.03722912   0.011767952204667727    0.0572983   0.008128016663757771   0.05979983   0.016047177504134147  0.008615447   0.0008651912407320881   0.02801141   0.002812996998844855  0.04562833    0.00458214546534642  0.06136708   0.006162681992694486  0.06447639   0.006474929026867495 
 0.001825  T17-1098    0.04542922     0.01724878985732576  0.0004048042  0.00020641045149843163    0.04531532    0.017227934615194705    0.01968497    0.010037404615448857    0.06100421   0.012638886006402662   0.07385395   0.010279515889546988    0.1120197   0.017984375886888598   0.01802382   0.0018100106905635253   0.05954842   0.005980046231666562  0.08123312   0.008157694407430397  0.09949051   0.009991160970839337   0.1006539   0.010107992362793526 
 0.001825  T17-1217    0.01346092    0.006863747413929798           0.0                    99.0    0.02086416    0.010638675897472203     0.0348536    0.016967087607839475    0.05260712    0.01400669208128186   0.08067124   0.010043688370663488     0.105292   0.018892782669538123  0.006286726   0.0006392497331281415    0.0339371  0.0034080740905718713  0.06467969    0.00649534507830377   0.0980823   0.009849743936734497   0.1172556   0.011775189151554892 
 0.001825  T17-1139     0.0308656    0.015738429669874945    0.03027532    0.015437444746026591    0.04404209     0.01690919768141827     0.0348749     0.01683890355516356    0.03395436   0.013032885065333615   0.06268048   0.008101837418329252    0.1073371    0.01794134804541175  0.004430776  0.00045053217919132754   0.02703974   0.002715418734618851  0.05027596   0.005048875607386431  0.07593849   0.007625990426955274  0.09055371   0.009093698412778557 
 0.001825  T17-1138     0.0329446    0.016798515826750883    0.01494363    0.007619785116810381    0.03330431    0.016042545779500237    0.03019274    0.015395337042883341     0.0625852   0.014082888004471952    0.0773433   0.009903231118628102     0.114264   0.019153463384884207   0.01455966   0.0014621284629731958   0.04618722   0.004638271021974029  0.06819106  0.0068479682767942085  0.08968776   0.009006736893613526   0.0939975   0.009439535019983823 
 0.001825  T17-1118    0.00633363    0.003229530296187667    0.00668987    0.003411177767339896    0.03631138    0.017277059563014303     0.0226826    0.011565902001901971    0.06040823    0.01387519802776627    0.0975267    0.01195530863544848    0.1520104    0.02705219012365727  0.009931485    0.000997352062060444   0.04988424  0.0050095378163346384  0.09010445   0.009048582255003254   0.1347367   0.013530698145023449   0.1491761   0.014980749728817615 
 0.001825  T17-1146    0.02198186     0.01120859330850647    0.01710911    0.008723966613859201   0.002587166    0.001319200991890379   0.007277632   0.0037108787580747288     0.0515823   0.013913302754450506   0.05880944    0.00872821181979654    0.1058986   0.019250346423584176  0.007205765   0.0007326998697449455   0.03203123   0.003257014064215567  0.04756612   0.004836639813368791  0.06844967   0.006873938745503632  0.07501696   0.007533447384198079 
 0.001825  T17-1334           0.0                    99.0   0.007514405   0.0038316102630942587   0.006100082     0.00311044371525161    0.05394863    0.015745774278887303    0.05971714    0.01323121174052838    0.1023405   0.011820408538155525    0.1448503   0.020280313702134886  0.009984815    0.001002707634543017   0.05057179   0.005078583819703733  0.08636379   0.008672933002517256   0.1201929   0.012070162424608216   0.1233563    0.01238784135386856 
 0.001825  T17-1314    0.06351962     0.01786373010214675    0.04584898    0.019653469741664042    0.07613153     0.01763741291962937    0.05384802    0.015733215455211436     0.1199974   0.018367983926963788    0.1885588   0.019810507374849743    0.2381434   0.028076300517548607   0.02654864    0.002666100873369198   0.09918629   0.009960610205087901   0.1631983   0.016388904689253764    0.222927   0.022387055258536258   0.2287606   0.022972884324937718 
 0.001825  T17-1371    0.01115014    0.005685476182767808    0.01680558    0.008569199996885823    0.01866495    0.009517292465862023    0.02936861    0.014975116450613031    0.06713094   0.012543228544714315   0.08289879   0.010053972091283375    0.1050696     0.0165111154459564  0.009618716   0.0009659427805705069   0.03870221   0.003886601953917247  0.06795318   0.006824079597743099  0.09545285   0.009585685999462702   0.1016463   0.010207652435020888 
 0.001825  T17-1397    0.03254576     0.01659514653247075    0.04283924    0.020110926215551984    0.09101754    0.016787420717114823    0.08763484    0.017632676948377862     0.1850137    0.02232213724362656    0.3428815      0.034963827491874    0.4930866    0.05124321908315772   0.02978591    0.002991198071508398    0.1595438    0.01602190782537161    0.290807   0.029203785801018352   0.4398878    0.04417496517018046   0.4816654   0.048370407802775496 
 0.001825  T17-1445    0.05460562    0.017382915640845296    0.05396085    0.021277778711125486    0.02471809    0.012603797421970927    0.08763571     0.01962149663700863     0.1287921   0.017799233703398584     0.230648   0.023902597097221468    0.3037606    0.03365303284359376   0.02407721   0.0024179118265514753    0.1092866   0.010974916150383837   0.1868029   0.018759355443949133   0.2649588    0.02660802545820943   0.2770887     0.0278261494660591 
 0.001825  T17-1444    0.02474427    0.012617146655057514    0.03541561     0.01805849355048258    0.05373182    0.015634872569404715    0.04201649     0.01864752204233048    0.09111727    0.01489248397632272    0.1387468   0.014925617996686938    0.1709499   0.022700899643252028   0.01810053   0.0018177141562283658   0.07155378   0.007185663578173424   0.1245748   0.012510207018102298    0.171875   0.017260247122585733   0.1830819   0.018385680569973716 
 0.001825  T17-1453    0.02588136    0.013196955967831976  0.0002511917  0.00012808318702428863    0.02025159     0.01032632035622472    0.02303076    0.011743429465287218    0.05317307    0.01342766400133132   0.08304274   0.010094231354017005      0.12794    0.01980708950945595    0.0132342   0.0013290214573784165   0.04771308   0.004791502852478301  0.07437612   0.007469092149746739   0.1026161   0.010305042854869138    0.111339   0.011181024905208826 
 0.001825  T17-1391           0.0                    99.0    0.03397068    0.017321716021001615    0.03464514     0.01703399170654653    0.02609625    0.013306533701062986    0.03937995    0.01172635238834417    0.1006835    0.01138538577752748    0.1372146   0.020599824705945922  0.008518287   0.0008554341177792473   0.04084548   0.004101836101823748  0.07723098   0.007755786483750115   0.1146779    0.01151632816959594   0.1278946   0.012843592190731104 
 0.001825  T17-1403    0.01799438    0.009175370456081052           0.0                    99.0    0.01874041    0.009555770647692263    0.02503984    0.012767863277724117    0.04136475   0.012170595783022499   0.06206551   0.008408362643977839   0.09866659   0.017239778709275275  0.004039047  0.00041903965956826807   0.02698282  0.0027436793366702387  0.05293604   0.005316009498654533  0.08155493   0.008190011617350184    0.094369   0.009476842255831019 
 0.001825  T17-1327     0.0087122    0.004442367780632306    0.03391167    0.017291621803948554     0.0750667      0.0182479903767456    0.04220207     0.01481793336705389     0.1072594    0.01661296282556486    0.1754705   0.018626042796474514     0.215765   0.025818183850813366   0.01235394    0.001240622881415622   0.07590465   0.007622592111114454   0.1447392   0.014535181724966807   0.2188099   0.021973602660890545   0.2439535   0.024498604833000696 
 0.001825  T17-1353   0.008563575    0.004366583112821196   0.007472225    0.003810101618205248           0.0                    99.0    0.01307176    0.006665317892861525    0.02744653    0.01243094428416478   0.03716872   0.006446303228943548   0.03938283   0.013551524854336099  0.003016753  0.00032149708427259494   0.01836804  0.0018677074028470332   0.0340754  0.0034648702859506877  0.04874833   0.004895466027929996    0.053361   0.005358685363168322 
 0.001825  T17-1347    0.03246764    0.016555312992030564    0.04068405    0.019366876862750095    0.06464574    0.016304126975066037    0.04620261    0.015321490525915584      0.144683   0.018131272815014945    0.1939854   0.020286111527910815    0.2802499   0.031628522867136875    0.0197777   0.0019861410372650676   0.09474471    0.00951457227583048   0.1662604   0.016696410651639952    0.244465   0.024549971320334287   0.2626775   0.026378929934419253 
 0.001825  T17-1338    0.02712117    0.013829132603243378    0.01285762    0.006556123566674747           0.0                    99.0   0.004375407   0.0022310290575813865    0.01661144   0.008470207632048933   0.02615616   0.006178544819522798   0.04098204    0.01588217341197407  0.003703529  0.00038423062106201274   0.01320977  0.0013704761736451896  0.02426774   0.002467603361173933  0.03223996    0.00323764175990751  0.03463863  0.0035221408982139555 
 0.001825  T17-1369    0.01747764    0.008911880779993638    0.01169559    0.005963606124459429    0.03802195    0.018290246517759814    0.03715521    0.015655123297305614     0.1176277   0.016743655544071014    0.1747164   0.018504026958580555    0.2647803   0.029825883403611034   0.01367713   0.0013735019269043637   0.07805757   0.007838795345296575   0.1474653   0.014808945626861355   0.2249799    0.02259321407777081   0.2508224   0.025188402145495458 
 0.001825  T17-1426    0.02870245    0.014635430360888777   0.007282726    0.003713476198614953    0.07891553    0.018841869532737695    0.06941734    0.017864296725680413    0.07646694   0.013659906603386278    0.1316984   0.014372491800142417    0.1646096   0.022876374665617365    0.0212496   0.0021339540187773494   0.07242968  0.0072736243048034865   0.1128074   0.011328486371957908   0.1527156   0.015336197752162824   0.1567346   0.015739798877394875 
 0.001825  T17-1456      0.035087    0.017890929767343005    0.01829471    0.009328510289713465           0.0                    99.0   0.006229918   0.0031766473450082935    0.02765837    0.01185220603143014    0.0676402   0.009097556709319487   0.05585605   0.014762548832082657  0.009423464   0.0009463349387260918   0.03155255  0.0031686098075905606  0.05008574    0.00502977309477683  0.06598156   0.006626083105883693  0.07027615    0.00705735981411422 
 0.001825  T17-1566    0.01315572    0.006708128280116966    0.01071816    0.005465209718400292           0.0                    99.0    0.03970164    0.016279386039080097    0.03665488   0.011915456760050954   0.07893629   0.009508284133943938   0.08549823     0.0176628240608185   0.01077137   0.0010816960469931104   0.03815343  0.0038314916748919364  0.05951869   0.005977060641238492  0.07773897   0.007806800497221302  0.08057512   0.008091615914438507 
 0.001825  T17-1506     0.0369371     0.01767875821375755   0.008361003   0.0042632922353111205    0.03089222     0.01575200325982013    0.04397968     0.01560388885398201    0.06614551   0.016519001818088193    0.1514235   0.017791551625497677    0.1818651    0.02658659255485178   0.01538205   0.0015447155544957136   0.06912837   0.006942096004111916    0.120269   0.012077804551222213   0.1689458   0.016966087314248507   0.1782623    0.01790168056741143 
 0.001825  T17-1280    0.03266191    0.016028353721143074    0.02489828    0.012695681557489695    0.03358042    0.015475495013299704    0.07338037    0.016594333612765803    0.07726959    0.01575404594033485    0.1073381   0.012289594137738034    0.1688874    0.02217353832476224   0.01844316    0.001852122182074617   0.06323157  0.0063499201506424865  0.09905664   0.009947590331823943   0.1338146   0.013438097847243263   0.1334117   0.013397637394956021 
 0.001825  T17-1339   0.007216425   0.0036796686990475448           0.0                    99.0           0.0                    99.0   0.004673124   0.0023828350465438766   0.006108386   0.003114677941055698   0.04434914   0.007087454515491229   0.05890218   0.015686819841778766  0.003527848  0.00036600421226166453   0.01973034   0.002006229411315904   0.0368648  0.0037020832562759533  0.05364928   0.005387635392565021  0.05867678    0.00589251331397276 
 0.001825  T17-1532           0.0                    99.0    0.01981934     0.01010592210181436           0.0                    99.0    0.03096965     0.01579148006501053    0.05834678   0.014337992176664207    0.1211491   0.013992948916976899    0.2048611   0.026032456385231884   0.01065092    0.001069600063546218   0.06024827  0.0060503274514326424   0.1107535   0.011122227057043433   0.1674549   0.016816366345575044   0.1955132    0.01963407214753091 
 0.001825  T17-1590    0.01348396    0.006875495554889116     0.0603555    0.021612926880702668   0.008530863    0.004349903200188332    0.01531367     0.00780847119605272    0.04203937   0.013270926391961828   0.04299281  0.0070298580845977975   0.07622948    0.01680057560026751  0.006979073   0.0007096492746489494   0.02472678   0.002514279651498616  0.04040123  0.0040572230697155185  0.05229349   0.005251482535820303  0.05521447  0.0055448168566459444 
 0.001825  T17-1577     0.0062281   0.0031757203432607227    0.02918671    0.014882365285660778   0.005671662   0.0028919915212502678    0.01812646    0.009242716344655235    0.02365473   0.011356203373743753    0.0402025  0.0071326579878211605   0.07007697    0.01533293089615645  0.004203894  0.00043614207016151287   0.02360774   0.002400492950373837   0.0422975   0.004247652678319563  0.06286206  0.0063128127544539924  0.07079575  0.0071095397386493325 
 0.001825  T17-1735           0.0                    99.0    0.02522543      0.0128625008837803    0.02436964    0.012426126989923127    0.01711868    0.008728848336695053    0.03648056   0.012466085797423986   0.07008084    0.00879196798874177    0.1191726    0.01835077954182056  0.004440542  0.00046069362132390116   0.02955954  0.0030056865613969533  0.05778592  0.0058030502450390695   0.0893447   0.008972285691310995   0.1075069   0.010796192922074663 
 0.001825  T17-1632    0.01927012    0.009825872771508138    0.01866276    0.009516177741749888     0.0553262    0.018158679248791748    0.05250368     0.01635724435409351     0.1000241   0.014769361079647285    0.1528316   0.016289310946717452    0.1982279    0.02418657098797182   0.01705178   0.0017123952704505142   0.07413971  0.0074453510801153365   0.1259482    0.01264812836561505   0.1874218   0.018821507371513155   0.1962422   0.019707280670230712 
 0.001825  T17-1576           0.0                    99.0    0.01042759    0.005317049469555178   0.004767233   0.0024308209189940113    0.01400026    0.007138761854698614     0.0296234    0.01184921138807136   0.04133865   0.006785565855572105   0.08980073   0.016746864299615288  0.003653479  0.00038935331738052523   0.02129724   0.002165555618872016  0.03960937   0.003977701910135882  0.05675534   0.005699556045066318  0.05993927   0.006019296664848994 
 0.001825  T17-1874           0.0                    99.0   0.009997221    0.005097602986360296    0.02462523    0.012556447926767704    0.05829269    0.016406566372012793    0.05379812     0.0128128920903067    0.1041753   0.012095591100374921    0.1645467   0.022395671325365536   0.01444954   0.0014510698579238148   0.05619998   0.005643784990557755   0.0919366   0.009232572730572056   0.1254263   0.012595717456931978   0.1329878   0.013355067909118582 
 0.001825  T17-1850   0.002641859   0.0013470885690257377     0.0319874    0.016310437678909783           0.0                    99.0    0.02573513    0.013122397908388124    0.01602978   0.008173614140698593    0.0486214   0.007099698931436531   0.05391132   0.014534341417536744  0.004940575   0.0005023697899782714   0.02204065  0.0022411473869068583  0.03913274    0.00392983717582126  0.05586837   0.005610483629181881  0.06087145   0.006112909216189558 
 0.001825  T17-1695           0.0                    99.0   0.004977187    0.002537876873289697    0.01831558    0.009339151943438333    0.01312523    0.006692582350200705    0.03346708    0.01181500239726019     0.042221   0.006663426016790161   0.07219966   0.015945258931144894  0.002747802   0.0002850766539752509   0.01747226  0.0017766222718706445  0.03544668   0.003604305435880596  0.05283075   0.005305435939221361  0.06416455   0.006443613043497861 
 0.001825  T17-1248           0.0                    99.0    0.02160265    0.011015228486628182           0.0                    99.0    0.02648852    0.013506548036619275    0.04648836   0.012935344269283906    0.0718083   0.009236072561531552   0.07527432   0.017061499691724758  0.009630797   0.0009792830675681725   0.03254898   0.003268674556404758  0.05311992   0.005334475327229498  0.07218957  0.0072495116763020145  0.07451938   0.007483478787861646 
 0.001825  T17-1378   0.009348353    0.004766742946405028    0.03335388     0.01700720849740321     0.0173559    0.008849807277596503    0.01809209    0.009225190034006346    0.01333436   0.006799215203546435   0.03399579   0.006403723564807119   0.07636046   0.016509968851445966  0.005255522   0.0005343943741982359   0.01866747  0.0018981541430536561  0.02687844    0.00273306574940023  0.03561452  0.0035765260680139894  0.03855353    0.00392021755185121 
 0.001825  T17-1375    0.03888818    0.017181352145801097     0.0107402    0.005476446976827586     0.0664136     0.01686779804692954    0.06294797    0.018774156220168967      0.139418    0.01861153865567272    0.2747684   0.028297566535415094    0.4384454    0.04689454680678874   0.01813895   0.0018215724212799806    0.1237742   0.012429808140772084   0.2412658    0.02422869721375873   0.3912315    0.03928874110114913   0.4233396    0.04251314109411353 
 0.001825  T17-1446    0.02495506    0.012724633790287876           0.0                    99.0    0.03751137    0.016760558521504258    0.02262424    0.011536144124020643    0.01183423  0.0060342959892538415   0.05231179   0.008255687984781523   0.06009636     0.0176462821664337  0.004519998   0.0004596044893067447   0.02454382   0.002495675838340076  0.04371154   0.004444696657056552  0.06295498   0.006322144081135627  0.07072969    0.00710290577239634 
 0.001825  T17-1479      0.016987    0.008661706408901423    0.04609864    0.020773457378553913    0.01403648    0.007157230503376848    0.03668191    0.017166543106140533    0.04235283   0.012335401390752917     0.067537   0.008696116243731795   0.07883317   0.017000735003901712    0.0102025   0.0010245682689472239   0.03664887  0.0036803988523828844   0.0612726   0.006153194002810431  0.08204412   0.008239137678595528  0.08646509   0.008683105877676225 
 0.001825  T17-1474    0.03302896    0.016841531155367555    0.03902258    0.019897689689073555    0.01088765    0.005551633980716849   0.004418328    0.002252914068945338    0.02444407   0.012464083895066215   0.02913676   0.006048612169349346   0.04910504   0.016157864532122306  0.004173917   0.0004244141234644791   0.01510183   0.001535591138319377  0.02340802  0.0023801849267132357  0.03308248  0.0033222503620234296  0.03548474   0.003608175435463886 
 0.001825  T17-1286    0.05348306    0.020054431261986364   0.005476646   0.0027925524823039873    0.03661575    0.016115453013847456    0.05886884    0.016596006039959012    0.06458835   0.013892077671090996    0.0972684    0.01123385772637739    0.1348267    0.01962823897495137   0.01462732   0.0014689231030842835   0.05257691  0.0052799444955588725  0.09042041   0.009080311987085482    0.124939   0.012546781130748237   0.1288224   0.012936764855310777 
 0.001825  T17-1399           0.0                    99.0    0.03817591      0.0194659759068196           0.0                    99.0    0.02063994    0.010524345681938425     0.0139446   0.007110377770343922   0.02966529   0.006466776684493211    0.0518976    0.01579894164273354  0.003154151   0.0003272342121781682   0.01718024  0.0017469289448007208   0.0345954   0.003474182713924695  0.05149626   0.005171422108814907  0.05933036   0.005958147937062644 
 0.001825  T17-1432    0.08393298    0.020388163944956007    0.08921985     0.02229653470810711     0.1479032    0.021404748812805536     0.1444606     0.02312927816880587     0.2415754   0.027449157626630367    0.4088971    0.04186670229676712    0.5574679     0.0579282083999376   0.04881852    0.004902514738680858    0.2134279   0.021433124609495206   0.3713315    0.03729031828357625   0.5430592    0.05453577312318952   0.5402041   0.054249054725252085 
 0.001825  T17-1609    0.02146234    0.010943689046736297   0.001061715   0.0005413703541712826           0.0                    99.0   0.007262314    0.003703068079983807   0.007299662  0.0037221118980631735   0.02406439  0.0054748851930992125   0.01759151    0.00896994723751762  0.001836499   0.0002098266951503073  0.008736083  0.0009617931195746517  0.01522299  0.0016759648137738574  0.02025469  0.0020595465909340432  0.02198433  0.0022808118183092725 
 0.001825  T17-1530           0.0                    99.0           0.0                    99.0    0.03881215    0.016613394726699444    0.02207187    0.011254484680244982    0.02522792    0.01131187636319298   0.04815556   0.007159058716229181   0.07362865   0.017391889280346313  0.004970798   0.0005054429391095204   0.02301619  0.0023403427043569925  0.04050305  0.0041184495143445285  0.05716981   0.005741178471134003  0.06415885   0.006443040621669248 
 0.001825  T17-1707    0.02660131    0.013564054974809746    0.01883652    0.009604778304818077           0.0                    99.0    0.01891407    0.009644320220565314    0.01551463    0.00791093815045586   0.02949493   0.007094223461188265   0.04823084   0.015955994711679872  0.004237848  0.00043091478579116143   0.01534432  0.0015602481110297299  0.01961553  0.0019945552267197214  0.02748103  0.0027597345104595043  0.02921487    0.00297063968008068 
 0.001825  T17-1629    0.03303873     0.01684651780033574    0.01513804     0.00771891711633549    0.01816695    0.009263364235827121    0.01693781    0.008636621390172027    0.03363923   0.011833465359628556   0.02548229   0.006172902810166543    0.0574286   0.016844960252363313  0.004331758  0.00044046378394878836   0.01695558  0.0017240849809835046  0.03060591   0.003112084040403776  0.04730198   0.004750218849220875  0.05502788   0.005526078886551861 
 0.001825  T17-2146   0.001195357    0.000609514964929041           0.0                    99.0   0.003849249   0.0019627400666580915    0.01894095    0.009658025404437182    0.03286754   0.011960187370631615   0.03169005   0.006417399038522149   0.06170273    0.01654691477974456  0.003373869   0.0003854768045047847    0.0149704  0.0015954039870478074  0.02742841  0.0029230612380312868  0.04162445   0.004232476245335068   0.0473863   0.004818355275700041 
 0.001825  T17-2160   0.004071473     0.00207605153731628    0.01813088    0.009244972072441593           0.0                    99.0    0.01848702    0.009426565611656664   0.009915639   0.005056003184783827   0.02351813    0.00607749280896473   0.05003176   0.015997930325469478  0.002789866  0.00030714840901292323  0.008735026  0.0009616767401110417  0.01544575  0.0017004892667033832  0.02261102   0.002299144007606344   0.0257547  0.0026188010822628355 
 0.001825  T17-2204  0.0004156047  0.00021191759849505397   0.008303847     0.00423414827937923           0.0                    99.0    0.01752566    0.008936367252278579     0.0240712   0.012036695904478936   0.04001213   0.007187713625946571   0.08537575     0.0165520293904743  0.003366537   0.0003492686507518183   0.01992541    0.00202606456739198  0.04087864   0.004105166135631351  0.06446892  0.0064741788652582415  0.07622639   0.007654902286336646 
 0.001825  T17-2177    0.01523082    0.007766225819382604    0.02389437     0.01218379079240402    0.04455595    0.017965761853150703     0.0495501    0.014883741810210228     0.1116122   0.015904761766379904    0.1823014   0.019193575009707392    0.2366614   0.027598960328035913   0.01255181   0.0012604936356853415   0.07499602   0.007531344517961547   0.1403575   0.014095157138893486   0.1928225    0.01936386331639482   0.2079487   0.020882885531798137 
 0.001825  T17-2112   0.007851699    0.004003597131876035           0.0                    99.0   0.003069569   0.0015651797132222901    0.02109486     0.01075631027765079    0.03456244   0.013372894163909918   0.06108353    0.00887090723305531    0.0887663   0.017712335148333775  0.006217166   0.0006321766912113417   0.03992742   0.004009641522273282   0.0674239  0.0067709275812334905  0.09425923   0.009465818796755048   0.1015919   0.010202189432130387 
 0.001825  T17-2162    0.01171626    0.005974144817213339   0.003336086   0.0017010767613023698    0.03135574    0.015988353012314185    0.02684547    0.013688562441060384    0.03023166   0.011790789117801063   0.04019958   0.007168602194290668   0.05526639   0.015029727879413552  0.006713363   0.0006826312223476011   0.02183831  0.0022205729483656352  0.03186864    0.00324048151734584  0.04337626   0.004355985265801298  0.04385602   0.004404164331477564 
 0.001825  T17-2151    0.02277609    0.011613567832431212    0.01895316      0.0096642542490053    0.01099876    0.005608289186532378    0.01509657    0.007697768540670602    0.01138282   0.005804120168810084   0.02683415   0.005883378254482198   0.03843215    0.01491809482604012  0.001910817  0.00021831776568628124   0.01207501  0.0012868405995744617  0.02303681   0.002342439372206822  0.03315558   0.003329591304257872  0.03745335   0.003761187359462516 
 0.001825  T17-2104   0.006427594     0.00327744272314519           0.0                    99.0   0.004538201    0.002314038035850969           0.0                    99.0    0.03422446    0.01176129529651458   0.03053463   0.006086552824760005    0.0451573   0.015343049562384917  0.003216531    0.000342787541403666   0.01269303  0.0013168658269645242  0.02145894  0.0021819976673441337   0.0311482  0.0031280036640819737  0.03452783   0.003510874502481603 
 0.001825  T17-2070    0.03550187    0.016660215703542647    0.00651279   0.0033208843297931954    0.03642351    0.015411520035791439    0.03810642    0.014874335734313113    0.05157933   0.012183729402666042   0.08368817   0.009962665366208483   0.09616118   0.016304548374377746  0.008040536   0.0008175814427087982   0.03680768  0.0036963470702234447  0.06767969  0.0067966148447274844  0.09132366   0.009171019298684307   0.0994286   0.009984943758997817 
 0.001825  T17-2170    0.04429769    0.017103873966787787    0.03097832    0.015795905817832166   0.009628982   0.0049098367114033675    0.04101301    0.014764458059295675    0.05111995   0.013415673572788844   0.09219098   0.010601413491315438   0.09025574    0.01689205147394407   0.01253762   0.0012590686291976464   0.04608538  0.0046280439158339895  0.07392302   0.007423590372877699  0.09893339   0.009935213163163892   0.1058158    0.01062636720928465 
 0.001825  T17-2171    0.03855046     0.01650741338259014    0.03472197    0.017704795355134976    0.04104608     0.01602129729235632    0.02077943    0.010595476808036956     0.0469295   0.011682912945434458   0.05847181   0.007623545134759943   0.06470798   0.016727684416870257  0.006062279   0.0006164274052815141   0.03116727  0.0031691644968171485  0.04973189  0.0049942383328387815  0.06734111   0.006762613532896231  0.07147905   0.007178158947210487 
 0.001825  T17-2179    0.01650749    0.008417200382463103    0.01717516    0.008757648579488504     0.0365885     0.01511992793054914    0.03485203    0.014420854479125327    0.05268024    0.01349900622691078   0.08387928   0.010254737586027641   0.09082942    0.01734775743978927   0.01150813   0.0011556838869723157   0.04369549   0.004388043380297315  0.07107927   0.007138011738784372  0.09196469   0.009235393618143312  0.09325418     0.0093648884080149 
 0.001825  T17-2217     0.0386489    0.018203997910684347    0.01841302    0.009388834828417422    0.07760546    0.017210138087316907    0.04291699    0.015022694423138649    0.06694504    0.01304257686326272    0.1241807      0.013738420813756    0.1902633   0.024079872010992917  0.009202905   0.0009241856860970214   0.05280756    0.00530310712279239   0.1012371    0.01016655925432554   0.1516356   0.015227740650924713    0.176434    0.01771807675257924 
 0.001825  T17-2079    0.01424652     0.00726433030924035    0.02054841    0.010477679259233937   0.007860117    0.004007888505921902           0.0                    99.0     0.0184693     0.0094175330908206   0.02476124   0.005779931468613188   0.04153552     0.0161511832921803  0.004425772   0.0004591612784739149   0.01688061  0.0017513153586185587  0.02733103  0.0027790862084374856  0.03558373   0.003573434034708895  0.03668427   0.003683953840597648 
 0.001825  T17-2130    0.01877085    0.009571294024252991    0.02949984    0.015042025980786498    0.04231334    0.017381549621424897    0.05768591     0.01496102615736571    0.06612656   0.013003011464089232   0.09446012   0.010725475688973847    0.1110036    0.01863442923554408    0.0150975    0.001516140108011001   0.05091105   0.005112653413568205  0.07845033   0.007878237578483315   0.1053835   0.010582954229256954   0.1099034   0.011036857312165634 
 0.001825  T17-2131    0.03524386      0.0164606782903833    0.06124338    0.020776664128984806     0.1071844    0.018634657704535387    0.08693287    0.017151558801250952     0.1964168   0.022986091168898205    0.2859293    0.02926262831047478    0.3057824   0.033825305719867485   0.03720436    0.003736182971329836    0.1481055   0.014873236553249061   0.2081731   0.020905420528779733   0.2574228   0.025851235719841346   0.2517178   0.025278321042926013 
 0.001825  T17-2143    0.01476925    0.007530869395113023           0.0                    99.0    0.03829411    0.014699817431332982   0.006908744    0.003522782047041707    0.03978164   0.012107966510496138    0.1312318   0.014245371482579212    0.1841239   0.023227771136831016  0.007221983   0.0007252550492754359   0.04042218   0.004059326931737329  0.09782702   0.009824107889351178   0.1551216     0.0155778161908635    0.174154   0.017489111781457744 
 0.001825  T17-2193           0.0                    99.0    0.02981296    0.015201686479796115  0.0003329357   0.0001697646121362014   0.002523997   0.0012869905052346308    0.02334701   0.011564521854335397   0.03763682   0.006556987366821748   0.04688861   0.015916204412303236  0.001870965  0.00020598262216781033  0.008947672  0.0009535584788817098  0.01973465  0.0021031328641973527  0.02932525  0.0029449370884189106   0.0344647  0.0035044552705968783 
 0.001825  T17-2144    0.02391938    0.012196538537304099           0.0                    99.0    0.05195941    0.015680629277649575    0.02064553    0.010527200936749949    0.03615288   0.012473915468422254   0.09418282   0.011235847225002127    0.1215452    0.01860002731254178  0.008273542    0.000830856026561869    0.0454855  0.0045678020220308365  0.07905532   0.007938992647521534    0.109215   0.010967725887468605   0.1160463   0.011653747313854717 
 0.001825  T17-2148     0.0133322    0.006798112834750833    0.02804341    0.014299394384671716           0.0                    99.0           0.0                    99.0    0.04223133    0.01130815294097975   0.03798311   0.007115815981718611   0.06758327    0.01496004606846279  0.005821973   0.0005919925014773245   0.02340951  0.0023803364250890697  0.03262807  0.0033177022203058613  0.04467157   0.004486064518640048  0.04747195    0.00476728779175548 
 0.001825  T17-2169    0.01779776    0.009075111573243439   0.009487898    0.004837897704497795    0.02095464     0.01068481182603119       0.05294     0.01551335155309774    0.04798026   0.012056961227534739   0.09204904   0.010775589203783568    0.1356322   0.021566059038936623  0.007453352   0.0007484898769565345   0.04062902   0.004080098481077927  0.07467899   0.007499507338045494    0.107088     0.0107541256761773   0.1191824   0.011968684728787912 
 0.001825  T17-2207   0.001294329   0.0006599810789170399    0.01777541    0.009063718206372593           0.0                    99.0           0.0                    99.0           0.0                   99.0    0.0261235  0.0058939517260411965   0.03986022   0.014267196299532155  0.002372481  0.00024613816924292015  0.009138027  0.0009738447409633889   0.0162324  0.0016840654394115482  0.02049559  0.0020582338783978584    0.022835  0.0023219188320762725 
 0.001825  T17-2013    0.02687215    0.013702156819315891    0.04192615    0.020278205160731682    0.07041336    0.016609873769998854    0.06890362    0.017597735590897598     0.1659903    0.01970175933212311     0.265649   0.027128411903286933    0.3554442    0.03843366983191301   0.02801183    0.002813039179515858    0.1256463    0.01261781054806756   0.2263776   0.022733575727716594   0.3125713    0.03138942770987461   0.3350795    0.03364977442647894 
 0.001825  T17-2031   0.005667873   0.0028900590124662315    0.03876661      0.0184803323084684    0.02457018    0.012528382727248717     0.0564689     0.01533266712205349    0.06029129   0.012946995896679702   0.09461191   0.010591872361908918    0.1488539   0.020628948143426994   0.01566515   0.0015731453739597494   0.05149201   0.005170995314006966  0.07951032   0.007984685228609605   0.1109605   0.011143014713207373   0.1147542   0.011523990487061155 
 0.001825  T17-2109    0.02643978    0.013481695415510024           0.0                    99.0   0.007154434   0.0036480598574711687    0.01232647    0.006285291106371606    0.03341042   0.011253679860821705   0.04809881   0.007361522505783502   0.04530341    0.01563182697187955  0.003492784  0.00036236642025832416   0.02359546  0.0023992442728007837  0.03684392  0.0036999864106086935  0.04916407   0.004937215991795967  0.05231078   0.005253218858799242 
 0.001825  T17-1971    0.02244147    0.011442954247274128     0.0052212    0.002662300068437065    0.00854823    0.004358759157667926   0.009603102   0.0048966404489021904    0.03208128   0.012590328801583539   0.03991983   0.006836291127116297   0.06106815   0.015914967179803577  0.002838642  0.00030251567719045573  0.008327575  0.0009168187044379331  0.02752966   0.003030859318757636  0.03941522  0.0039582047338213525  0.05172512  0.0051944049680111406 
 0.001825  T17-1964    0.04610084    0.018369790356320238   0.003998867   0.0020390295962358887    0.09387287    0.017850084482636742    0.06487225     0.01569941760120499     0.1096618   0.015393314612584258    0.1235569   0.013826025549272973    0.1727189   0.022642502547468114   0.02260726   0.0022702946648706993   0.07751729   0.007784538665058667   0.1117951    0.01122682796734416   0.1419461   0.014254689565139046   0.1479304   0.014855652416394274 
 0.001825  T17-1972    0.06207605    0.019672368331752153     0.1029516       0.021209244584532     0.1473987    0.020779582603589516     0.1309897    0.019379023256018348     0.2181941   0.025056459889132385    0.3513744   0.035659221074243394    0.4958431     0.0521064097545801   0.04972301    0.004993346573207573    0.1955174    0.01963449395424094   0.3003902   0.030166161991821497   0.4217516    0.04235366887356071   0.4600236    0.04619706781004911 
 0.001825  T17-2018    0.04445879    0.018656929896516763    0.05824002    0.018186093844429704     0.1152897    0.020209938802623822     0.1041122     0.01737755853619259     0.1428995    0.01854137854536442     0.229061    0.02366427497725263    0.3268101   0.035766423218557934   0.02891319   0.0029035566826809303     0.120367   0.012087646065783074   0.2031388   0.020399859787039815   0.2855341   0.028674264032509292   0.2976438    0.02989035958678318 
 0.001825  T17-2064    0.03593721     0.01832445840831158    0.06937895    0.018452844013794323    0.07449632     0.01685519227855393    0.08281864    0.016147347457319296     0.1403165   0.018382320699699483    0.2027915    0.02139528724237691    0.2368455   0.028340718339212926   0.03029675   0.0030424982867223705      0.11211   0.011258451219863281   0.1728899   0.017362166724252046   0.2302305   0.023120496535206682   0.2379792   0.023898646204822984 
 0.001825  T17-2006      0.032052    0.015813807099379962   0.003433168   0.0017505790625442314    0.03745369    0.014739874186513976    0.04568791     0.01415297049259204     0.0488992   0.013457972527661809   0.09416894   0.010823083478182179    0.1016329    0.01795160019682368   0.01300395    0.001305899000902306   0.04377891  0.0043964206858837975  0.06923543   0.006952847321668772  0.09205634   0.009244597407026661   0.0959408   0.009634687528608637 
 0.001825  T17-2069           0.0                    99.0   0.005272171   0.0026882907710901382   0.006941561   0.0035395159896698036           0.0                    99.0    0.06342823   0.012418608286206188   0.04140775    0.00668921875833419   0.06203264   0.014454897416536584  0.008082806   0.0008117016976189713   0.02724711  0.0027362435099837225   0.0412054   0.004137980432305896  0.05432981   0.005455976429866263  0.05613283   0.005637041557385821 
 0.001825  T17-2072    0.06173992     0.01847923857301929    0.06642741    0.020873656913295787     0.1341676    0.020281665216645796     0.1660134    0.021854293935803557     0.2914254    0.03163114644607748    0.4187602    0.04246531759613986    0.5706064   0.058808623703284366    0.0492276    0.004943595878237663    0.2064979   0.020737191505002698    0.332273    0.03336793654169237   0.4930781   0.049516508403226744   0.5232039    0.05254183925247666 
 0.001825  T17-2118           0.0                    99.0    0.01810943    0.009234035656165618           0.0                    99.0    0.01341277     0.00683919563497185    0.03190165   0.012069672577200468   0.03962564  0.0071599660967924285   0.06393628   0.016056815713047963  0.007667139   0.0007699590635175689   0.02270645  0.0023088475668198386  0.03463697  0.0034783573110800294  0.04523463   0.004542608830421203  0.04629692   0.004649287455523929 
 0.001825  T17-2225    0.01125423    0.005738555799207497   0.006318685   0.0032219103018149417    0.03322731    0.016942675110323074    0.01300417    0.006630849697646449    0.04336044     0.0115596714428584   0.05144095   0.007671793203611592   0.06927854   0.015995400441946302   0.01056632   0.0010611042638554906   0.03568662    0.00358376657876916  0.05661931  0.0056858954679405264  0.07405734   0.007437079221620602  0.07517585   0.007549403641693034 
 0.001825  T17-2184   0.002682178   0.0013676477960929269    0.03764979    0.019197696486363696    0.01501465   0.0076559973728152495           0.0                    99.0     0.0155058   0.007906439638548061   0.01130448   0.005764174449940599   0.06391584   0.017665375318162816  0.002826055   0.0002931951857798658  0.005914667  0.0006511712478212932  0.01214949  0.0013375898825215597  0.01679839  0.0017081015244972532  0.01976268  0.0020503219012097617 
 0.001825  T17-1909    0.01130152    0.005762666120745241    0.03245649     0.01654962268236956    0.02862623     0.01459657543996293           0.0                    99.0    0.02942991    0.01238192593638732   0.03728244   0.006652814998446297   0.04464845    0.01427677626460627  0.009023004   0.0009061194418466936   0.02514445   0.002525087538408958  0.03543242  0.0035582389933479864   0.0452691   0.004546070431025812  0.04752325   0.004772439505669307 
 0.001825  T17-2035    0.08347532     0.02160254105830895    0.08895621    0.024293919110175307     0.1270742    0.021202603364653124      0.101591    0.018963369704870493     0.1910051   0.022293515513630863    0.2975345   0.030566454082816018    0.4067163    0.04307392584475439   0.03744734   0.0037605838114876913      0.15207   0.015271364607679598   0.2390742    0.02400860964067734   0.3440632    0.03455194683846514   0.3544491    0.03559493276409592 
 0.001825  T17-1854   0.001314647   0.0006703409725905542     0.0137373    0.007004676076407816    0.02211415    0.011276043334748452    0.03337655    0.014729552189914837    0.03015236   0.012060228648914414   0.02821518   0.006283034510227363   0.04810146   0.015976918540138333   0.00407537  0.00041439362316858606   0.01654325  0.0016821582726571837   0.0257597  0.0026193094939169007  0.03507032   0.003521875729027951  0.03852896  0.0038692036240120537 
 0.001825  T17-1925    0.01433618    0.007310046157037862           0.0                    99.0    0.01507089    0.007684675239140363    0.01642521    0.008375248591647295    0.03517026   0.012600561413408371   0.04085722   0.006831972283403087   0.05786768   0.015659140504341994   0.00658861   0.0006616496694433964   0.02483738   0.002494250570914737  0.04011284    0.00402826200413707  0.05612973    0.00563673025923762  0.05727742   0.005751985015457209 
 0.001825  T17-1966    0.01300084    0.006629154665890441    0.01131658    0.005770344263552046   0.001681489   0.0008573944242310944    0.02959097    0.014908781545260801    0.03363879   0.012609169706171814   0.05216985   0.007778311883378938   0.04516985    0.01583720411759364  0.007487304   0.0007613274389470014   0.03124233   0.003137456507992621   0.0473181    0.00475183768396952  0.06208744   0.006235022893069299  0.06394946   0.006422013000946798 
 0.001825  T17-1822           0.0                    99.0    0.02047176    0.010438590371758823   0.009724237   0.0049584079120704345    0.05802534      0.0168302672432156    0.01980105   0.010096594033962642   0.06017812   0.007731942861026911   0.07814416    0.01786492169468302  0.004743141   0.0004920874032117161   0.02507178   0.002517789781802317  0.04593742   0.004613185296541263  0.06781463   0.006810165964105854  0.07509886   0.007541672055580859 
 0.001825  T17-1978      0.007216   0.0036794524810085535    0.02190014    0.011166924121041389           0.0                    99.0   0.007357183    0.003751441477916974    0.02817503   0.012240760242857017    0.0203475  0.0062839705595367805    0.0525351   0.017299027446665897  0.003663054   0.0003800314455704554   0.01228012   0.001274027593529783  0.01813091   0.001881030389357429  0.02412493    0.00242270402273378  0.02500732   0.002542805658454307 
 0.001825  T17-1977   0.003198128   0.0016307317078967467           0.0                    99.0    0.00721632   0.0036796156496329883    0.03379857    0.015237035598926352           0.0                   99.0   0.01632211   0.005566256315539377   0.05777114    0.01685124859971498   0.00338702   0.0003513937101791222   0.01025016  0.0010923653191941282  0.01597715  0.0017026939266647455  0.02010314  0.0020188227805288507  0.02141337  0.0022215763415876326 
 0.001825  T17-0551   0.008183853    0.004172963104627825    0.03408634    0.017380691280695828    0.03713206    0.018933709851989812           0.0                    99.0   0.004541118   0.002315524929552744   0.02875391  0.0072936317121621245   0.02492906   0.012711376339552535  0.004983893   0.0005067744710612207   0.02115154  0.0021507405021856173  0.03411326  0.0034687200005169417  0.04896359   0.004917083136403603   0.0522866   0.005316629794496895 
 0.001825  T17-0557     0.0220434     0.01123997267459312    0.01368272    0.006976843666741286    0.01860133    0.009484855445458566           0.0                    99.0   0.006811193  0.0034730401114943213   0.05502647   0.014683322915273947   0.03894075    0.01985595950949047   0.00582202   0.0005919972867533769    0.0325806  0.0033128753595911575  0.05353682   0.005376341783540486  0.06945015   0.006974410199161307  0.09167174   0.009205974622439191 
 0.001825  T17-0554    0.02522873    0.012864183560219785    0.02795541    0.014254513207145342    0.02311209    0.011784894888087928    0.01937679    0.009880264012659632    0.01807513   0.009216544058072634   0.08587611   0.011325620376587324   0.07117811    0.01705946853029487  0.005717236   0.0005813425911406458   0.02735559  0.0027815835273518144  0.04663522   0.004683260646907846  0.05994026  0.0060193960821999445  0.06641569   0.006669679846261304 
 0.001825  T17-0594     0.0452806    0.019903033743520107     0.0446082    0.022130248328303955    0.02959732       0.015091731223005    0.02391301    0.012193295364777357    0.04131909   0.014767152427613828   0.05716734   0.008497943094537172   0.07274773   0.017120265977195827   0.01166005     0.00117094018484037   0.03380124  0.0033944305885401462  0.04863847   0.004884433533414353  0.05990754   0.006016110238976944  0.06471266    0.00649865602710371 
 0.001825  T17-0635    0.03495447    0.017823357364632766    0.02250951    0.011477647976044615    0.00959701    0.004893534126214509    0.02195352    0.011194142687204948    0.01447909  0.0073829152643259425   0.04214874   0.007534704396564273   0.04468291   0.015614867148672159  0.003337638   0.0003674549810053607  0.007457606  0.0008520586305783892  0.01576055   0.001635112314344495  0.02330217  0.0023694218442068546  0.02150167  0.0021863425738831875 
 0.001825  T17-0627   0.003890692    0.001983871442937934   0.001249202   0.0006369707335580497    0.02278053    0.011615831797095246    0.02367941    0.012074172463133075           0.0                   99.0   0.01620593   0.006703381479225094   0.04870582    0.01499085643224976  0.001965747  0.00022459374500090158   0.01132962   0.001207404027128434  0.02121844   0.002201352884923817  0.03106278  0.0031585396930053377  0.03350625   0.003406997722694779 
 0.001825  T17-0526    0.01264809    0.006449285771967776   0.004496241    0.002292641569391258    0.03743998    0.019090718860852358    0.03756317    0.017184067454610073    0.04393604    0.01478393207063723   0.07514447    0.00970028641101746    0.1056746   0.019312130686073972   0.01465692   0.0014718956290739641     0.046121   0.004631620994755293  0.07137682    0.00716789267526984  0.09578497    0.00961903857694925  0.09226611   0.009265663197764437 
 0.001825  T17-0545           0.0                    99.0    0.02228468    0.011363001817417086   0.007939072     0.00404814830478181   0.001068696   0.0005449300777517883    0.04589164   0.013751620071006035   0.06458865   0.009167664867099473   0.07837116   0.017684238438503818  0.006614991   0.0006726285122023672   0.03315414    0.00332944669136552  0.05300964    0.00532340065204285  0.06877858   0.006906968951974145   0.0682441   0.006853294733961321 
 0.001825  T17-0589    0.04010726     0.02040511634448517    0.08707584    0.024356085735738737    0.09564684    0.019739582510059733    0.08665392     0.01838976840935644     0.1417314    0.01891003007647529     0.210158   0.021915421213716358    0.2323959     0.0280354493003162   0.03217845    0.003231464727994915    0.1177693   0.011826776545953889   0.1829484    0.01837227402680161    0.229157   0.023012692105596772   0.2247757   0.022572707717795425 
 0.001825  T17-0587   0.005121094   0.0026112558236942927    0.01415728    0.007218825678520365    0.03793733     0.01917943779977372  0.0002578479  0.00013147719639292624   0.005134927    0.00261830880709711   0.02893643  0.0066988440197846815   0.01386333   0.007068938038756953  0.002200722  0.00024228699433077294   0.01265489  0.0013129089228163392  0.02476178  0.0025178385511929555  0.03401959  0.0034163579993766757  0.03659624  0.0037211955037707023 
 0.001825  T17-0537           0.0                    99.0     0.0141093    0.007194358621732794           0.0                    99.0           0.0                    99.0           0.0                   99.0   0.02526082   0.005992387441692001    0.0446581    0.01457553838345946  0.002095902   0.0002307468991117012   0.01092042   0.001132962579135675  0.02122958   0.002158675773746081   0.0284204  0.0028540691029619886  0.03032571  0.0030835926121796703 
 0.001825  T17-0519           0.0                    99.0  0.0009446534  0.00048168061201817703    0.02068454     0.01054708730896905    0.04531179    0.016786206784632465    0.04485168   0.013318582297328947   0.06005523   0.008472445028589622   0.09475185   0.018558211491658486  0.008706603   0.0008743454232699446   0.03873973    0.00389036982788606   0.0631388   0.006340603879969797  0.07991557   0.008025381754029472  0.08214599   0.008249367799605965 
 0.001825  T17-0522    0.00976406   0.0049787132471890766   0.006650863    0.003391288512213564   0.005184071   0.0026433684091753855           0.0                    99.0    0.01609796   0.008208380236322936   0.02035284   0.006183302573530184   0.05516503    0.01651169200951583  0.001688536  0.00019292137840520035  0.008951478  0.0009539640801633991  0.01629713  0.0016907810048351177  0.02390532   0.002400650079055763  0.02744609  0.0027907857945946857 
 0.001825  T17-0529           0.0                    99.0    0.02008171    0.010239698212727804   0.002495306   0.0012723613986385157    0.04483258    0.018113986128477186    0.03279823   0.011660223257936746   0.04604933   0.007389188774061331   0.05547578    0.01661541411550383  0.007205735   0.0007326968106880909   0.02200276  0.0022372946495155285  0.03244213   0.003298795410395655  0.04224296   0.004242175587690826  0.04633479   0.004653090475466151 
 0.001825  T17-0560           0.0                    99.0    0.02086051    0.010636819658253166    0.02071885    0.010564577142016853           0.0                    99.0    0.01829528   0.009328800933825739   0.03944339    0.00747255876952266   0.05471425   0.015279989324951277  0.007083552   0.0007202729423138704   0.02084109   0.002119173166244326  0.03494802   0.003509593967063176  0.05520594   0.005543960252159664    0.057291   0.005753348765437758 
 0.001825  T17-0525   0.006560667    0.003345296415228087           0.0                    99.0   0.008478776    0.004323344427538218   0.003348723   0.0017075208825520379    0.02594545   0.012584972367924573   0.05627859    0.00886377017795165    0.0711513   0.017686439688467545  0.004160437  0.00044338014592010104   0.02036537   0.002070800804786641   0.0499425   0.005015388475747043  0.08302207   0.008337346597115372  0.09335112   0.009374623433841135 
 0.001825  T17-0512   0.007629245   0.0038901674031883576           0.0                    99.0   0.005590947   0.0028508342949559676    0.02961952    0.015103051046325176    0.01102051   0.005619377592813104   0.03162847    0.00671332691103785    0.0707592   0.017104873421785384  0.005405009   0.0005495945788025328   0.01466137  0.0015210755545358161  0.02675326   0.002720337121823367  0.03019001  0.0030317791094400482  0.03968608   0.003985405375800721 
 0.001825  T17-0510           0.0                    99.0    0.04270785    0.021776811150456002    0.02501919    0.012757328899525206    0.02568734    0.013098024791229249    0.04429328   0.014430230057365129   0.04938937    0.00836501490990572   0.08407248    0.01691306671404107    0.0107712   0.0010816789764848055   0.03705594  0.0037212781515389096  0.05665953    0.00568993448764318  0.07469035   0.007500648143532481  0.07651091   0.007683474708779437 
 0.001825  T17-0513    0.01034018   0.0052724759982448475   0.008901549    0.004538916714929898   0.005493383   0.0028010872015542267    0.01077666    0.005495039963135482    0.01016647   0.005183902891435564   0.05205931     0.0126435498883526   0.09946631   0.021915456536040063  0.003244653  0.00034578450066891374   0.02044465  0.0020788621912778056  0.04383267   0.004401819444911324  0.05950036   0.005975219885296127  0.07707099  0.0077397197727224615 
 0.001825  T17-0707           0.0                    99.0   0.006504115    0.003316461420655493   0.007307971    0.003726349163667357    0.01797941    0.009167737223869203    0.04493193   0.013266577889028089   0.03718486   0.006853756294648725   0.01041964   0.005312992807299855   0.00567727   0.0005772787503465201    0.0194717    0.00197993024776733   0.0296815   0.003018087774114969  0.03496541   0.003511340321267065  0.03922491   0.003939093185772081 
 0.001825  T17-0675   0.005730181   0.0029218309638322014    0.01090223    0.005559069331748346    0.01377266    0.007022707189988558    0.02973559    0.015162240268722859    0.00349101  0.0017800728112147548   0.04328534   0.007104043662553039   0.07530011   0.016309100646087784  0.003275081   0.0003490272268121357   0.01687122  0.0017155070615851047  0.03792194  0.0038082446863164153  0.05840631   0.005865351828622475  0.06556152   0.006583901313254263 
 0.001825  T17-0680     0.0433756    0.018585515050880352     0.0596411    0.023885625372045423     0.0529152    0.018823692577175182     0.0691298    0.018169612168122906    0.07889738   0.014603646927745274    0.1010449   0.011630021545034043    0.1053246   0.019294618230680283   0.01551692    0.001558259630004965   0.06064909   0.006090579101993705   0.0909207   0.009130552743284075   0.1133161   0.011379571654818163   0.1138987   0.011438078340657404 
 0.001825  T17-0719     0.0357594    0.018233787839436983    0.02808606    0.014321136799993778    0.04449432    0.017892956339038108    0.02034666    0.010374801637643778    0.02843805   0.012274816723704065   0.05954679   0.008213698354670814    0.0776634   0.018674891509395712   0.01395775   0.0014016827005126232   0.03895554   0.003912042172297538  0.05599336   0.005623035531923696  0.07019985   0.007049697514992061  0.07579685   0.007611766481783584 
 0.001825  T17-0652    0.03400579    0.017339623581417246    0.01399553    0.007136350018468685    0.02533994    0.012920884853327035   0.005449164   0.0027785393568767313    0.07627508   0.014303236918881823    0.1192282   0.013703636264825807    0.1415361    0.02004834140402143  0.006667873    0.000678005697792821   0.04300795   0.004318998372713498  0.08374024   0.008409467567867016   0.1257582   0.012629047943711988     0.14534   0.014595515964737252 
 0.001825  T17-0695           0.0                    99.0    0.01877626    0.009574051613229165    0.03132901    0.015974728236057757    0.02224441    0.011342472968739269    0.02552453    0.01242441244796747   0.05114368   0.007460592467684118   0.06246413    0.01676696049278667  0.005827698   0.0005925746410639592   0.02253755   0.002291673409913684  0.03945795   0.003962495823421703  0.05338006   0.005360599435099423  0.05362422   0.005385118777615893 
 0.001825  T17-0650    0.05137184    0.020622342982005125    0.01909508    0.009736618553361531    0.02825083      0.0144051484416159    0.01515983    0.007730026899274931    0.01227151    0.00625726493396356   0.05549553   0.008713529484564391   0.05970623    0.01659787074440963   0.01469004   0.0014752216522258919   0.05505574  0.0055288766784597765  0.08061333    0.00809545308456886   0.0988887   0.009930725248775236  0.09684634   0.009725624810227098 
 0.001825  T17-0736   0.003632182   0.0018520566894920467           0.0                    99.0    0.01361096    0.006940254083292412    0.04310415    0.019760100957480584    0.02082815   0.010620319231107178   0.04181093   0.007273246689055033   0.03546479     0.0166236764838089  0.005461666    0.000555355601514309   0.01932229  0.0019647378784379966  0.03393147  0.0034502351463738877  0.04407157  0.0044258105561837836  0.04798024  0.0048183319264160805 
 0.001825  T17-0710           0.0                    99.0  0.0003578012  0.00018244353007869146   0.001906799   0.0009722805309499208           0.0                    99.0    0.01711028   0.008724565160303635   0.04244999   0.007769304577775414   0.04777479   0.014765514267476123   0.00313693  0.00032544757801520805   0.01641474  0.0017029826592810627  0.03324906   0.003380845996895457  0.04452402   0.004471247065890003  0.04992317   0.005013447288325406 
 0.001825  T17-0859    0.00188942   0.0009634190429953157    0.01033609    0.005270392460425125     0.0238072    0.012139337736400616    0.02577653    0.013143498043367641    0.04269485   0.014045323044616134   0.05176118   0.007714384623527985   0.04645006    0.01576234986453911   0.01029802    0.001034160700049075    0.0334743  0.0033615982026432146  0.05157956  0.0051797873640913195  0.07203506   0.007233995278053391  0.07909251   0.007942727385430538 
 0.001825  T17-0861           0.0                    99.0           0.0                    99.0    0.05185575    0.026441343211295543    0.08626368    0.035844767943311116     0.1460937   0.035329506476333636    0.1769002   0.028449600499838305    0.1738559    0.03312514771785478   0.03346313     0.00336047647299237     0.138507   0.013909323970840892   0.1698979   0.017061700281261215   0.2088584   0.020974240600299433   0.2212203   0.022215662913722043 
 0.001825  T17-0771   0.008202738    0.004182592112688905   0.009605493    0.004897860114758228     0.0207286     0.01056955358894594    0.07741321    0.027569256145776603     0.1417799    0.02783115797635808    0.2931516   0.034046349207895996    0.3388755   0.043256025918137694   0.02444288   0.0024546336036462327    0.1459642   0.014658200244259182   0.2377655   0.023877185686179622   0.3085325   0.030983838329338733   0.3176488    0.03189932674666989 
 0.001825  T17-0794   0.006346827   0.0032362599625300943    0.01271765    0.006484754551704328           0.0                    99.0   0.008362045    0.004263823553144436    0.01604012   0.008178887507456316   0.05726009   0.008234441144829746   0.04033024   0.015635259912459915  0.002657126  0.00028317142665272495   0.01692182  0.0017206521962198668  0.03375132  0.0034319170677750595  0.04891093   0.004911794849251818  0.05470518   0.005493672299677593 
 0.001825  T17-0909           0.0                    99.0    0.02517225    0.012835374492200256     0.0233045    0.011883010025452305    0.02526585    0.012883101314847486    0.02826199   0.012580842264796941   0.04692451   0.007389143868798401   0.06755641    0.01691561379207036   0.01098543   0.0011031926551174822   0.03328058   0.003342144202784967   0.0486842   0.004889025889937955  0.06135807    0.00616177717779641  0.06289914   0.006316536447009726 
 0.001825  T17-0905    0.01489145    0.007593179413569128    0.01817598    0.009267968650447897    0.04096579    0.016923036500038666    0.02829143    0.014425850460841088    0.02224639   0.011343482574602961    0.1013729   0.012122719983912686    0.1260905     0.0195374850209258  0.008232996   0.0008371512398216465   0.04468086   0.004486997444813939  0.08251103   0.008286026301108458    0.125241   0.012577108997863698    0.135831   0.013640591325617082 
 0.001825  T17-0936    0.04824651     0.01921524721068925    0.04082466     0.02081657379757908    0.02350002    0.011982706054982072           0.0                    99.0    0.03035376   0.012374221680856376   0.05263707   0.007593281330537543   0.05831459    0.01684665975808798  0.006566315   0.0006676790252271296   0.02712041  0.0027576698615014183  0.04296371   0.004314555653866243  0.05905091   0.005930084660856201  0.06354002   0.006380895701288265 
 0.001825  T17-0935   0.006619522    0.003375307184865674  0.0001068516  5.4483839345861084e-05   0.001837101   0.0009367413847440819    0.02684769    0.013689684617585645    0.04279471   0.012586873638892266   0.02954836   0.006487136482977446   0.03603301    0.01570667659530497  0.004631486   0.0004709408636855342   0.01877607    0.00190919687823781  0.03085459  0.0031373704231549156  0.04124655   0.004142112857961748  0.04316901   0.004335172549918019 
 0.001825  T17-0950    0.03921029     0.01827343517948503    0.01666503    0.008497531316460917    0.03464903    0.016608361691253865           0.0                    99.0    0.01813387   0.009246495698695479   0.03960241   0.006843157453492503   0.07758418   0.016708523026995055  0.002580073  0.00027495984726122854   0.01390221  0.0014423148244208997  0.03238659   0.003293147945988762   0.0492221   0.004943043555545034  0.05967196  0.0059924525257307485 
 0.001825  T17-0811     0.0043654   0.0022259259784637945   0.007388819    0.003767573716630852           0.0                    99.0           0.0                    99.0           0.0                   99.0   0.02539436   0.006352645050379016  0.007691978   0.003922154592012641   0.00324184   0.0003363316978447461  0.009543738  0.0010170815768191506  0.01407563  0.0015000478211110605    0.019084  0.0019405079599228885  0.02010308  0.0020856374614131672 
 0.001825  T17-0717    0.04303219     0.01889499023986149   0.004191232   0.0021371173753994516    0.07028803     0.01831757286166508    0.07505225    0.017521242117984247    0.08859428    0.01486486611865657    0.1389491    0.01514623685150196    0.1476301   0.021456723488384708   0.02071125     0.00207989115762887   0.07845545   0.007878751749503659   0.1182678   0.011876837598315851   0.1492824   0.014991424623800138   0.1476392   0.014826409260615464 
 0.001825  T17-0744    0.02147488     0.01095008321720634    0.04898001     0.02013973641832487     0.0355515     0.01812777922374939    0.05751924    0.020374834307747784    0.05870825   0.013580406047063726   0.09969673   0.012106087797587213    0.1238156   0.018678858521914556   0.01578615   0.0015852965832558398   0.05577181   0.005600786764199452    0.084406   0.008476325357043818    0.111193   0.011166363174905068    0.115972   0.011646285804318948 
 0.001825  T17-0828           0.0                    99.0           0.0                    99.0           0.0                    99.0    0.01136075    0.005792867613324251    0.03983256   0.012948656368690768   0.05943706   0.008291777845294999   0.06521386    0.01700827338144281  0.005558059   0.0005651570738450063   0.02471655  0.0025132394660007016   0.0445537   0.004530329577904036  0.06653736   0.006681898341805336  0.07996917   0.008030764442919735 
 0.001825  T17-0866   0.009203299    0.004692780609333235    0.01507437    0.007686451659092445           0.0                    99.0    0.03780086    0.017629136535219078    0.01701201   0.008674458076124237   0.02176982   0.007528916421308248   0.07251493   0.016999095292439804  0.005028436   0.0005113037139957897   0.02441025    0.00248209414017423  0.04183477   0.004201183825088502  0.05841228  0.0058659513567701025  0.06217068   0.006243382127776438 
 0.001825  T17-1110    0.05540788    0.019829766687093017    0.09742117    0.022021499927084645     0.1028132     0.02081961512791483     0.1118478    0.019471727084069867     0.1704789   0.020623857177555317    0.2607085    0.02672175615483573    0.3241485    0.03641168672894185   0.04002744    0.004019685854677165    0.1356088   0.013618277235700887   0.2177926   0.021871442053022844   0.2984543   0.029971752637622917    0.297766   0.029902631262493876 
 0.001825  T17-1002    0.03387428     0.01727256147289058    0.03829452    0.019526450474366918     0.1101483    0.019351758002977403    0.07456139    0.018686146659001715     0.1314566   0.019218516915204462    0.2426465   0.025157394371062933    0.3082992   0.033924359204801496   0.04121002    0.004138444392172365     0.146146   0.014676457151878174   0.2324855     0.0233469508569192   0.3156011    0.03169369013811008   0.3177437    0.03190885690805343 
 0.001825  T17-1136    0.03010508    0.015350639037827187    0.01616826    0.008244227324084169    0.03480111    0.017745158801372306    0.02164086    0.011034716743092955   0.002481279  0.0012652085136764652   0.02305491  0.0060956180646698985   0.04182388   0.014294752351508018  0.004318823   0.0004391485198656743   0.01512804  0.0015694911704197672  0.02377015  0.0024170071972500953    0.030934  0.0031064930076569125  0.03719077  0.0037816487465392183 
 0.001825  T17-1097    0.01802946    0.009193257816534735   0.004342179   0.0022140860355416205   0.009895897    0.005045937681040768   0.003747928    0.001911075800754078    0.04557549   0.013801080148778247    0.0696441   0.009572701439093565   0.09300928   0.018499569038028532  0.004075279   0.0004143843712032905   0.02721748   0.002767540160027357  0.05144834   0.005166609822668139  0.07905839    0.00793930093997086  0.08750988    0.00878802709405027 
 0.001825  T17-1326    0.01206364    0.006151271615334508     0.0265538     0.01353983443600401    0.04143505     0.01736829225701321    0.07120712      0.0178339177362279    0.03896413   0.012831316531621726   0.09697795   0.011006346771914149    0.1274043   0.019878951883298576   0.01555412   0.0015619953728707682   0.05128189    0.00514989437729578  0.08164313   0.008198868952940398   0.1065117    0.01069625174626068    0.108663   0.010912292259985022 
 0.001825  T17-1415    0.01843419    0.009399631413889059  0.0003537568    0.000180381282626614    0.04753023    0.017735171062003577      0.032472     0.01655753616453849    0.02390314   0.012064671059697234   0.05975762   0.008265634767170214   0.04318147   0.016062015227735562  0.007139699   0.0007169918214861964   0.02736488   0.002782528170371693  0.05206527   0.005228563948001612  0.07886895    0.00792027676813399  0.08998133   0.009036218150781592 
 0.001825  T17-1308    0.02682556    0.013678405390305405           0.0                    99.0           0.0                    99.0    0.01901911    0.009697882282697445           0.0                   99.0   0.03038035   0.006278870049067268   0.06780286    0.01603850246658634  0.002514549   0.0002608773198110629   0.01165305   0.001208970857394623  0.01854624  0.0019241197263237676  0.02580155  0.0025910756678326112  0.02912555  0.0029615574096548006 
 0.001825  T17-1170    0.01063085    0.005420689198446449   0.001460755   0.0007448418249578227     0.0161259    0.008222625916263247     0.0220503    0.011243490998057498   0.003365534  0.0017160923539659978   0.02460054   0.006142604109951414   0.02597555   0.013244978729727163  0.002167137   0.0002309530179091906  0.009379629  0.0009995923871635379  0.01821029  0.0019406809181697646  0.02574225  0.0025851205662852576  0.02695244   0.002740590245503565 
 0.001825  T17-1193    0.06400471     0.02173678248112726   0.003294248   0.0016797434834614005           0.0                    99.0    0.02372233    0.012096057454885414    0.03947419   0.014027218886050113   0.06150346   0.008070934584925839    0.0960919    0.01731289341388377  0.004774749   0.0004855081985642978   0.02700609  0.0027460454965734364  0.04740292   0.004760355582621157  0.06954541   0.006983976520646574  0.07839806   0.007872988457132137 
 0.001825  T17-1379     0.0105083   0.0053582026754687056    0.01145628    0.005841580507898954    0.01593476    0.008125163257280434           0.0                    99.0   0.008644079   0.004407632259513424   0.03653234   0.006810448475318274   0.03209821   0.014345374418523937  0.003181106    0.000330030713116522  0.007815981  0.0008329535393319186  0.01403546   0.001495766956589913  0.01640157  0.0016677518739407853   0.0190408   0.001975428949277154 
 0.001825  T17-1452    0.03916245     0.01996900477210682    0.02260384    0.011525742124212915    0.05005223    0.019472803634357046     0.0327496    0.016699084946235825    0.07363256     0.0161746855654642    0.1158808   0.015110898180546416     0.154635   0.024654078344273994   0.02178063   0.0021872817834970417   0.09086587   0.009125046536422725   0.1231897   0.012371110788286597   0.1597525    0.01604286614076101   0.1633138   0.016400503594200273 
 0.001825  T17-1514           0.0                    99.0    0.03790947     0.01933011763089943    0.01368129    0.006976117448692861    0.04025452     0.01844552478653573    0.03595246   0.012021864906199702   0.04244547   0.007245452830790702   0.06629993   0.015237412626166196  0.008467825   0.0008503665587131544   0.03102539  0.0031156706860065234  0.04914788   0.004935590140692771  0.06488362   0.006515824386989267  0.06816404   0.006845254846228298 
 0.001825  T17-1454      0.057799    0.021512811720516684     0.0858236    0.023253784054525408    0.06307383    0.018513438113046128    0.06865774    0.017506531205809334     0.1399729   0.018614045008997913    0.1914512   0.020185593901695734    0.2607889    0.03061274147266298   0.02532989    0.002543710030186344    0.1006248   0.010105070066300762   0.1728289    0.01735604089010708   0.2386137      0.023962364672696   0.2481782   0.024922862970012817 
 0.001825  T17-1491   0.006782218   0.0034582661927440228   0.006587569   0.0033590137975235547           0.0                    99.0    0.02594735     0.01323060930050559    0.01758392   0.008966076101126121   0.06173497    0.00817207372727596    0.1101037   0.018710298027369846   0.00574164   0.0005838240428142798   0.02819959   0.002831894647011757  0.05120232   0.005141903695759835  0.07541435   0.007573354582208088   0.0909027   0.009128745123401522 
 0.001825  T17-1710   0.002490767   0.0012700474439716375    0.01922443     0.00980257240960851           0.0                    99.0    0.04161195     0.01659058453146317    0.03676617    0.01222678758271317   0.07962511   0.010168626761670919    0.0899856   0.018840839028960468  0.005793379   0.0005890849971781747   0.03069498  0.0031211408911527468  0.06592428    0.00662033085886544   0.0937121    0.00941087421637183   0.1012261   0.010165454563082668 
 0.001825  T17-1639    0.06599235    0.019231138380588004    0.03872777     0.01974736059188997    0.09176172    0.019015708070066282    0.09217555    0.019619724674432234     0.1403954   0.019063703330182202    0.2292891    0.02382011134347789    0.3449763   0.037554035017096365    0.0230122   0.0023109600549728335     0.113086   0.011356464382752276   0.2035637   0.020442529585126712    0.299929    0.03011984676857942   0.3178626    0.03192079731488124 
 0.001825  T17-1156    0.03128636    0.015952976014928875    0.02945337    0.015018325934203488   0.001471855    0.000750501932734047     0.0137573    0.007014872154273662    0.04162188   0.013487539475195022   0.02657522   0.006329695633611856   0.01576858   0.008040431673326251  0.003158097  0.00033656019273831247  0.007044157  0.0007755216656855242  0.01393365   0.001534015636746448  0.01898717  0.0019306620613882407  0.02303848   0.002390176903369757 
 0.001825  T17-1115    0.01936021    0.009871806896564073    0.01539164    0.007848227270619524   0.001056511   0.0005387170205325427           0.0                    99.0    0.01201475   0.006126346431255255   0.02685519   0.006300657474128395   0.05082551   0.015639185258036974  0.003389257    0.000351625792419071   0.01155599  0.0011989011225429268  0.01672409  0.0017350768550224772  0.02279957   0.002289607057535472  0.02280555   0.002318924299933795 
 0.001825  T17-0611    0.01733567    0.008839492941701181    0.04140479    0.021112378313717785    0.08055274     0.01956685863905282    0.06321354    0.018374354382013427     0.1393852   0.018880303914590463    0.2253576   0.023432060502226452    0.3035754   0.034174162698806534   0.02546313    0.002557090426138624    0.1191085   0.011961263417524086   0.2059678    0.02068395708203556   0.2822914    0.02834862157388962   0.2816667   0.028285887138242916 
 0.001825  T17-0644     0.0624437    0.018078989675139483   0.007110077    0.003625441646324388    0.02921769     0.01489815224230713           0.0                    99.0     0.0444056   0.012493890243254901   0.04786141   0.008194813756095803   0.04866592    0.01640690556001844   0.01082031   0.0010866107653612277   0.02987387   0.003000031297306955  0.04967822  0.0049888486092509255  0.06553096   0.006580832375612508  0.06654109   0.006682272924717324 
 0.001825  T17-0670     0.0157673    0.008039777037667152    0.04801756     0.02188701002987014    0.06113695     0.01973193821699797     0.1096133     0.02049147187801062     0.1770846   0.021789977297640768    0.2396441   0.024934264754949344    0.2591396   0.030634320725702407   0.03421917   0.0034364004728577604    0.1251712   0.012570099535457149   0.1997823   0.020062789082699067   0.2487088   0.024976147549104707   0.2498059   0.025086321842456478 
 0.001825  T17-0542    0.05419729     0.02078092573157031    0.05635309    0.023623710185285904     0.0754464    0.020917042662135583    0.08580069    0.021042493712905348     0.1243811   0.018580119257103813    0.1905169   0.020066686006219362    0.2322961   0.027845404387011514   0.03407267    0.003421688467199463   0.09939111     0.0099811788998994   0.1534971    0.01541467853773474   0.1957885    0.01966171870601197   0.1926526    0.01934680139021477 
 0.001825  T17-0598    0.04092913    0.020634072409257194    0.01688631    0.008610361439677024    0.01191733    0.006076667860831132   0.006875557    0.003505860421272286    0.03994533    0.01340692395027618   0.05286003   0.008484356757669377   0.03635294   0.016427199361867376  0.006987974   0.0007105543388545312   0.02440591  0.0024816528466121046  0.04003547   0.004020492257181089   0.0533332   0.005355893601001201  0.05691951  0.0057160425345473605 
 0.001825  T17-0671    0.01145144    0.005839112582454374     0.0192876    0.009834782915875877    0.01887023    0.009621967099598398    0.02830395    0.014432244239078863    0.04349401   0.013480321474030247   0.04201039   0.008086897219923412   0.05957604   0.016607323360024517  0.008754447   0.0008791500726621906   0.02587901  0.0026314412689292174  0.03762457    0.00377838182988181  0.04568317   0.004587652686336092  0.04654239  0.0047325444352300855 
 0.001825  T17-0726    0.03780301    0.019275833469157722     0.0620859    0.025968800907862494    0.06479954     0.02102360111504725    0.05898417    0.017706176092956633     0.1345531   0.018270434785702283    0.1991663    0.02107766377049231    0.2551444   0.029796514641106938   0.02599257   0.0026102585127854984    0.1119561    0.01124299612397941   0.1866643     0.0187454368313855   0.2664046    0.02675321737346611   0.2697962   0.027093812908146112 
 0.001825  T17-0760    0.03061794    0.015612147352601307   0.003611953   0.0018417413926276648   0.005011266   0.0025552543121804064           0.0                    99.0    0.01964405   0.010016540408179911   0.05081139   0.008463336308840975   0.04993786   0.015115877516022547  0.004459697   0.0004534729348191715   0.02187023  0.0022238186725680132  0.03964762  0.0039815431000934315  0.05356953    0.00537962663097821  0.05735255    0.00575952981717755 
 0.001825  T17-0584    0.01943401    0.009909441582897091           0.0                    99.0    0.02030688    0.010354517738018704    0.02049518    0.010450532275459659    0.04044278   0.013936599994739894   0.02923684   0.006829267548485709    0.0316407   0.016133654672373522  0.003446577  0.00036730367152650414   0.01313673  0.0013628984197226292  0.02439982   0.002481033579079834   0.0342491  0.0034394061440787722  0.03750499   0.003813599435121268 
 0.001825  T17-2917   0.005035142   0.0025674287311710604     0.0436455    0.022254925618051386           0.0                    99.0           0.0                    99.0           0.0                   99.0   0.05294086    0.01014054801273738   0.04612928   0.012438508271223041   0.00296885   0.0003163920384226664   0.01189473  0.0012340444804357581    0.024548  0.0024961008893958614  0.04270928   0.004289004963610208    0.043204  0.0043930887501367885 
 0.001825  T17-2879           0.0                    99.0   0.008607269    0.004388863749264564    0.04477633      0.0228315429446104    0.02821836     0.01438859682815861    0.03523933   0.017355531673463334   0.07876508   0.011825039067767726    0.1129503   0.016333132417935024   0.01075133   0.0010796835681707697   0.04349942  0.0043683533898501575  0.07610276   0.007642486966004311   0.1153632    0.01158514814940042   0.1145966   0.011508163648876784 
 0.001825  T17-2837    0.02101587    0.010716028219609586           0.0                    99.0           0.0                    99.0    0.02380903    0.012140265954068263    0.04063778   0.018031554827825688   0.03338573    0.00872507971047285   0.05260334   0.012415350609868253  0.004865172   0.0004947026269090279   0.01634168  0.0016616621144020347  0.02700155  0.0027455838636466032  0.03940366   0.004006660825187029  0.03735162  0.0037980043753562003 
 0.001825  T17-2737   0.006686593   0.0034095063283549553    0.01585475    0.008084368943894199           0.0                    99.0    0.03480811     0.01774872811503182    0.02230119   0.011371425201537447   0.03485135   0.009006592545411722   0.05946838   0.013942204011584539  0.002945526   0.0003055899612768227   0.01265812  0.0013132439866753208  0.03187533  0.0032411617848563334  0.04971099   0.004992139477257923  0.05485476   0.005577766613979112 
 0.001825  T17-2821           0.0                    99.0    0.03090274     0.01575736742834843           0.0                    99.0   0.006580277   0.0033552965730749185    0.02490483    0.01269901651236776   0.07873864   0.011027192538645184    0.1060125   0.015194999640279693  0.006333589   0.0006440148692151525    0.0274961   0.002761247888944881  0.05659579   0.005683533515451744  0.08801721   0.008838974826230316   0.0966291   0.009703808857880065 
 0.001825  T17-2795           0.0                    99.0   0.002791018   0.0014231455244788707    0.04607233     0.02349237587357203    0.01097667    0.005597027413588217    0.03263329   0.016639783153176636   0.04427411   0.008838011891934576   0.06988352   0.013061195441000185  0.004187572  0.00043444870728251683   0.02246533   0.002284329892489675  0.04026753   0.004043796473265038  0.06091074   0.006116854839110534  0.06098257    0.00612406824354669 
 0.001825  T17-2740    0.02646882    0.013496502968177497           0.0                    99.0    0.03929455    0.020036362819881384    0.05577308     0.02405786837043889    0.08462634   0.019243394689140894   0.09069641   0.012478611668667714   0.08491245   0.015567744768733363    0.0116136   0.0011662755264563514   0.04910462    0.00493124583423967  0.07891509   0.007924910291200276  0.09971416   0.010013620623575557  0.09503886   0.009544111774635294 
 0.001825  T17-2718    0.01050425     0.00535613855314638           0.0                    99.0    0.03373542     0.01720175648792483           0.0                    99.0    0.02949267   0.015038365080891906   0.03606643   0.008333440835372744   0.03702954   0.012180942501207204  0.002916992   0.0003108655085992012  0.008853152  0.0009434854445405504   0.0174238  0.0017716947340180361  0.02797332  0.0028443958465718673  0.02896619  0.0030051599366098785 
 0.001825  T17-2715    0.01425861   0.0072704920820902495           0.0                    99.0           0.0                    99.0           0.0                    99.0    0.02262901   0.011538581259232046    0.0455326   0.009459764904829507   0.06837084   0.013673581823101655  0.003418293   0.0003642894368708075    0.0208821  0.0021233431941018767  0.04222997   0.004240871093475344  0.06777933  0.0068066210162875595  0.07982977   0.008016765433812162 
 0.001825  T17-2843   0.008925463    0.004551111490775379    0.04018799    0.020491929619303816   0.001282687   0.0006540445062251115     0.0335547    0.017109607007275183   0.009925398    0.00506097980821748   0.03128141   0.008256448379546862   0.04530538   0.012132030682946033  0.002901556  0.00030922047952658307   0.01238612  0.0012850247690504686  0.02123896   0.002159629575820634  0.03043321  0.0030945234718000054  0.03252095   0.003373956233461159 
 0.001825  T17-2810           0.0                    99.0    0.04178799    0.021307772741478662    0.01094654    0.005581664067793762   0.006594439    0.003362516823929393    0.01684495   0.008589272875549479   0.03817665   0.008551998857293304   0.07288747   0.014126220696920638   0.00425984   0.0004419462967937281   0.01954666  0.0019875523619517148  0.03409132   0.003423561363416361  0.05157793   0.005179623675362825  0.05508428   0.005601104786315285 
 0.001825  T17-2826  0.0004384658  0.00022357456702430713           0.0                    99.0     0.0240551     0.01226574243014258    0.01088919    0.005552421190883307    0.02044243   0.010423630044622123   0.03644118   0.009206582382852664   0.05306325   0.011793544512792792  0.004381896  0.00045460927835873523     0.014328  0.0014864892979661308  0.02745386  0.0027915758620659843  0.03935104   0.004001310329997537  0.03835836  0.0039003721808030596 
 0.001825  T17-2988    0.03048805     0.01554592109104266   0.007270128   0.0037070524538317285           0.0                    99.0           0.0                    99.0    0.01757245   0.008960227525744031   0.03689017   0.008590155483557326   0.03699871   0.012507795338073814  0.002916361  0.00030256417500056353   0.01515149  0.0015406407123602214  0.02582065   0.002625507068392885  0.04140075   0.004157598120892639  0.04152899   0.004222769627064718 
 0.001825  T17-2945    0.02891759    0.014745130666704211    0.02799736     0.01427590849690821    0.02750236    0.014023507030985366    0.05470287    0.022415355520864908    0.05165651   0.017734518838544818   0.01029253   0.005248179170262578   0.02696227    0.01170826772514316  0.001903366   0.0002264660456002401  0.005365681  0.0006384187999713433  0.01417819   0.001470946910078773  0.01869424  0.0019394743350859276  0.02608808   0.002706564254388977 
 0.001825  T17-2986    0.04366585    0.021446305349573033           0.0                    99.0    0.04455428    0.022718314313407675    0.05787372    0.021793943343433375     0.1023981    0.01897268997837945    0.1649238   0.018420273569831804     0.242606    0.03536799020939132    0.0162282   0.0016296886807841064   0.07738488   0.007771241625491593   0.1302975   0.013084899184539254   0.2010027   0.020185345688724682   0.1959072   0.019673638921988583 
 0.001825  T17-2936    0.03676227     0.01874514830649331   0.002951433   0.0015049419362965105           0.0                    99.0    0.03585655     0.01828332971691494     0.0514204   0.018122337715165224   0.02729019   0.008180006711058983   0.04668324    0.01263779432696133  0.006980496   0.0007097939664933833   0.02060186   0.002094847687135294  0.02963601  0.0029761446189979224  0.03979742  0.0040466993577386616  0.04023056   0.004090742071709788 
 0.001825  T17-2924     0.0267032    0.013616013787537086    0.03539411      0.0180475208527216   0.006209137   0.0031660515628474358   0.004258436   0.0021713848261386004    0.03926715    0.01656930402990195   0.03122178    0.00846667564065407   0.03699958   0.011706248631575532  0.002130985  0.00023460933317253518  0.007367981  0.0007852099007504745  0.01729863    0.00175896716235857   0.0292765  0.0029769063576721728   0.0327734  0.0033324797354355945 
 0.001825  T17-2954    0.03145439    0.016038659742719185    0.01334874   0.0068065505353490175    0.04549557    0.023198284824106047    0.06528709      0.0221895506799097    0.06632768   0.018463083833539944    0.1106994   0.014318527471047993    0.1572871    0.01946018261666884   0.01377588   0.0013834187215099594   0.05312672   0.005335158211762332  0.08617876   0.008654351686454075   0.1212118    0.01217248364213335   0.1283264   0.012886954950433405 
 0.001825  T17-2949           0.0                    99.0    0.02009368    0.010245806641988906    0.03829897     0.01952871463514711    0.04993848    0.021692668910210287    0.08963586   0.019553802312322687    0.1186653   0.014234787637662215    0.1738222   0.021373151068993082   0.01608699   0.0016155079212402178   0.06206038   0.006232305442676193   0.0970617   0.009747251959097173    0.148349   0.014897689641988955     0.14727   0.014789332944715562 
 0.001825  T17-2942    0.04467414    0.020158084243295443    0.02171418    0.011072102754166617    0.05203599     0.02653324793900854           0.0                    99.0           0.0                   99.0   0.04743028   0.009111698507974953   0.04030539   0.012797496040980868  0.007187829   0.0007308760920392047   0.01955969   0.001988877280439605  0.03062114   0.003075074582894407  0.04041347   0.004109340804556123  0.04915039   0.004997732269206701 
 0.001825  T17-2950   0.004028525   0.0020541532488899776   0.003397606   0.0017324459293499928    0.01592768    0.008121553151464811    0.01926948    0.009825544473097915    0.01631476   0.008318926979377628   0.02793323   0.008208979440275935   0.06117382   0.012877139520247655  0.004395636   0.0004560347509672591   0.01114417  0.0011561759687690669  0.01972296   0.002005478984772506  0.02807198   0.002854427804098049  0.03088745   0.003204485212831835 
 0.001825  T17-2992    0.01889546    0.009634831925831191    0.02348151     0.01197327267276583     0.0853161    0.042670843893338924    0.03818554     0.01947088135970778    0.09793505   0.028828986754756487   0.09827007     0.0152771106403714    0.1144899    0.01889478866270274   0.01257026    0.001262346441937775   0.04968237   0.004989265363662395  0.07960882   0.007994576917638262   0.1083396     0.0108798153628209   0.1078031   0.010825938317793533 
 0.001825  T17-2893    0.02220971    0.011324779371027101   0.008181721    0.004171875993667526           0.0                    99.0    0.03141957    0.016020895150966098    0.05084135     0.0168214921557698   0.02693155   0.008027286034439099   0.04498063   0.011686627823900658  0.003585044   0.0003719381364870036   0.01819385   0.001849995317751537  0.03084935  0.0030979921749278196  0.04177427   0.004195108220440456  0.04757428    0.00483746955799977 
 0.001825  T17-2898    0.03366458     0.01716563503369054    0.04167106    0.021248154809209576    0.01832067    0.009341746363790069    0.02730687    0.013923831201417552    0.01190364   0.006069690244859041   0.03579052   0.008423654490465525   0.04810289   0.012257396139063183  0.004560911   0.0004731815584001241   0.01819599  0.0018502129145336894  0.02836619   0.002884343826378222   0.0365316  0.0037146227522547965  0.04022903   0.004090586512707371 
 0.001825  T17-2965           0.0                    99.0    0.02341035    0.011936988049907104           0.0                    99.0    0.06133417     0.02602695150837856    0.04104241   0.019713532159906833   0.08015605   0.012491491504532236   0.08023178   0.015838566201136516  0.008721155     0.00088678844112923     0.037659  0.0037818394014876994  0.05383584   0.005406370347788705  0.07987943   0.008021752454040694  0.08189564   0.008224226829063807 
 0.001825  T17-2547   0.004863104    0.002479706219263113    0.06006059     0.02812728220758417           0.0                    99.0    0.04531857    0.023108032178715456    0.07485582     0.0194110295510265   0.08378491   0.011506660406250025   0.09173705   0.014671048707117874   0.01853355   0.0018611994381164771   0.05325277   0.005347816566552694  0.07954424    0.00798809158410482   0.1024117    0.01028451634990016  0.09944562   0.009986652975657742 
 0.001825  T17-2531   0.006073107   0.0030966886198233574    0.01994201    0.010168471774187605    0.02829055    0.014425401747123891           0.0                    99.0   0.005322649  0.0027140286212101765   0.02267974   0.007829682108541828   0.05411724   0.013594726492201894  0.002260879  0.00024890992484370727  0.008185429  0.0008723257991838256  0.02146295   0.002182405419976181  0.03480728  0.0035392896535590933  0.04064991   0.004133382606592571 
 0.001825  T17-2499   0.003694468    0.001883816442434411           0.0                    99.0   0.005716593   0.0029149024161171312    0.02141354    0.010918805831509963    0.01510065   0.007699848940632148   0.04734923    0.00965778488083111   0.06440654    0.01342749224344278  0.003051187   0.0003251667367793022   0.01764969  0.0017946637930803333  0.03809674  0.0038257986744672295   0.0584192   0.005866646291613008  0.05939438  0.0059645770388729365 
 0.001825  T17-2465   0.002973347   0.0015161159276585977    0.00622244    0.003172834298216029           0.0                    99.0  0.0006271851  0.00031980295538249816    0.07532163   0.017936067885561457   0.03463069   0.009319454653797346   0.06404899   0.012938485067495384  0.006041572   0.0006143218734131564   0.01884795  0.0019165058169302303  0.03290488  0.0033044151877423046  0.05634182   0.005658029016522387  0.05887874   0.005912794792913153 
 0.001825  T17-2429    0.02008978    0.010243818024378607   0.003385527    0.001726286333389189    0.03131304     0.01596658019899114    0.05651847    0.022068089745066497   0.004723677   0.002408611629600606   0.05815856   0.010277059090378727   0.08076276   0.013718427751305032  0.009205032   0.0009243992863266559    0.0282094  0.0028328798034246423  0.04793417    0.00481370543804739  0.06766692   0.006795332441218544  0.06754708   0.006783297715195947 
 0.001825  T17-2497    0.09029494    0.022957281824208545    0.03749839      0.0191204973309279    0.09148434    0.026756232437121188    0.08431576    0.027426154416676354    0.09509552   0.020483140050724744     0.146006    0.01739445749952786    0.1571806    0.02228597907260303    0.0281539     0.00282730631031535    0.1105515   0.011101941604133442   0.1743704   0.017510843363291246   0.2306683   0.023164461810412432   0.2455162    0.02465553625544056 
 0.001825  T17-2506     0.0392807     0.02002930558075841    0.08241998     0.02590943864512707    0.09224215    0.028107322262190416    0.05541768     0.02516090267232525     0.1248701   0.025744976473512263    0.1640252   0.018612170117413927     0.216127    0.02571258960583512   0.02215557   0.0022249344768520913   0.09148119   0.009186838973769783   0.1545495   0.015520363975941706    0.212683    0.02135831939778243   0.2267562   0.022771595969286035 
 0.001825  T17-2538    0.02610508    0.013311031232390073    0.02207239    0.011254759635066445       0.01271     0.00648085380177643   0.002223361   0.0011336956221857832    0.02122953   0.010824983676343767   0.02759523     0.0082905496921124   0.05511876   0.013288698290719676  0.001881155  0.00022382339109889746   0.01185934  0.0012303728316259914   0.0240759   0.002448096603410546  0.03221909    0.00327611614651965  0.03835782  0.0039003172808226567 
 0.001825  T17-2493           0.0                    99.0     0.0135846    0.006926812087273915           0.0                    99.0    0.01210454    0.006172126605145102    0.01643816   0.008381851821917398   0.05607491   0.009803623235525577   0.08681859   0.014786853185582828  0.007277993   0.0007400441920479142   0.03174979  0.0031884172954395355  0.05719482   0.005743690052127612  0.06917456   0.006946734551962198  0.07239768  0.0072704107634409005 
 0.001825  T17-2792    0.07010613     0.01950524498466679    0.02387646    0.012174653545551759    0.02667069    0.013599441778001807    0.05364561     0.02189689490066619    0.06728508   0.017056491401623724    0.1269578   0.014642659289244015    0.1542613    0.01875742688482085   0.02050457    0.002059135687597058   0.06500906  0.0065284214852724815   0.1023264   0.010275950250008244    0.128664   0.012920857804012897    0.133597   0.013416245762309067 
 0.001825  T17-2767    0.02036728    0.010385315815880806   0.002742324    0.001398316358859382           0.0                    99.0           0.0                    99.0     0.0283143   0.014437516821372018   0.02415379   0.008747893701164983   0.05532587    0.01192394954329181  0.003083727  0.00032863453686577136   0.01285337   0.001333500604631119  0.02192022    0.00222890176942304  0.02802646  0.0028497992386023003  0.03016004  0.0031290184857144516 
 0.001825  T17-2761           0.0                    99.0    0.03524087    0.017969393283502062           0.0                    99.0    0.02218188    0.011310583896817354    0.07002667    0.01828808469554122   0.05471481   0.009855450949410939   0.07158047   0.013929983448899319  0.007203762    0.000732496199177634   0.02319482   0.002358506207407242  0.04028185  0.0040452345350196015  0.06306141  0.0063328321231002176  0.06540081   0.006567762291194673 
 0.001825  T17-2746    0.08114104      0.0213058333276433    0.04196644     0.02139876964760208     0.1046791     0.03090128076359619     0.1261313    0.025266591132491537     0.2598766   0.031366648205308774    0.3668538    0.03765000612437083    0.4453065    0.04573073874097597   0.04722431     0.00474241898107548      0.18748   0.018827352092899974   0.3218313   0.032319347084306574    0.395936    0.03976118230532168   0.4027399   0.040444452076097426 
 0.001825  T17-2730    0.01293979    0.006598025151759957    0.03699056     0.01886155872587247           0.0                    99.0           0.0                    99.0    0.03206368   0.016349332999759467   0.01819751   0.008275865950528984   0.04062286   0.012228897539737422   0.00341184   0.0003636017153235667   0.01687094  0.0017154785828513396  0.02541979  0.0025847466423792897  0.03791104   0.003854887574352125  0.04548917   0.004625450446206429 
 0.001825  T17-2728     0.0579415    0.022054958949973134           0.0                    99.0    0.01217938   0.0062102906089268484    0.03490638    0.017798831276888492    0.09096587    0.01925686604826105    0.1112582   0.014222370260228217    0.1256451    0.01675124061323519   0.01432276   0.0014383381963162386   0.05122595  0.0051442766936018874  0.08766645   0.008803750366655193   0.1116846    0.01121573117393641   0.1155736     0.0116062773074457 
 0.001825  T17-2615     0.0218452    0.011138910107833709    0.07236942    0.025214148768875067    0.07408599     0.02681006832656159    0.07281128    0.023986813486857397     0.1082716    0.02115925278854856    0.2649302    0.03030826444932801    0.3341463    0.03900513542985077   0.01871542   0.0018794634171191416   0.09450045    0.00949004289291754    0.136318   0.013689497411381653   0.1823184   0.018309007422627394   0.1960692   0.019689907482588535 
 0.001825  T17-2620           0.0                    99.0     0.0178896    0.009121943910198308    0.02406366    0.012270107190846214    0.03122568    0.015922035164520395    0.03439882   0.017540025442456572   0.07167549   0.010088785975900271   0.08875416   0.015079992343613973   0.00636345   0.0006470512162339315   0.03041176  0.0030540479671287563  0.05373731    0.00539647564388965  0.06801828   0.006830617152344014  0.07520569   0.007552400268302854 
 0.001825  T17-2608    0.07128517     0.01971205642191826    0.07115616     0.02807806950005388     0.0726388    0.026848456803324844    0.07536612     0.02217258494733178    0.08781952    0.01762863821939755    0.1226526   0.014382220581693913    0.1357896   0.016915821113182773    0.0183923   0.0018470146587453928   0.06542919   0.006570612304170062  0.09880795   0.009922616074052197   0.1161467   0.011663829834616973   0.1181805   0.011868070653808436 
 0.001825  T17-2639    0.01413177   0.0072058180797411895    0.05803552    0.024103033852708334    0.02733006    0.013935650924766162   0.007326075   0.0037355794480140895   0.008517934   0.004343311168149544   0.01712518    0.00873216466054025   0.03290852   0.011205783376221584  0.005735182   0.0005831673885320063    0.0208044   0.002115442465041224  0.02498329   0.002540362219834764  0.03468669   0.003527027757337155  0.03403238  0.0034604958991081396 
 0.001825  T17-2579    0.05022589    0.020664889208892968   0.008714886    0.004443737377273657     0.0408861    0.020847902173470597    0.03941265    0.020096582240336912    0.02662243   0.013574824104022453   0.07147261   0.010703587544586208   0.07048164    0.01263423104093779  0.007336639   0.0007460074613903135   0.03439044   0.003453599968061051  0.05744639  0.0057689535356840625  0.06813258   0.006842095535846784  0.07257974   0.007288693818279708 
 0.001825  T17-2706           0.0                    99.0    0.01429354    0.007288305898993264  0.0007833271    0.000399419967813571    0.02025852     0.01032985887965097   0.009718502   0.004955483134089051    0.0435801   0.008719933220677151   0.05892475   0.012173611001905926  0.003619121   0.0003754735252003928   0.01872356   0.001903857527126568  0.03266291  0.0033212448412620835  0.04481444    0.00450041199095435  0.04596352   0.004673683509283924 
 0.001825  T17-2722           0.0                    99.0    0.08976402     0.02508731582713671    0.01504463    0.007671286194478342     0.0287829    0.014676456875778976    0.05981426   0.018600643907560725    0.1354251    0.01584361547400179    0.1304327    0.01781444747053638   0.01962579   0.0019708857351822913   0.07096012   0.007126046299751795   0.1099218   0.011038705056947986   0.1290329    0.01295790397120881   0.1323907   0.013295105136503022 
 0.001825  T17-3096  0.0006725357   0.0003429273148178122   0.006668042    0.003400047627545626   0.008659185    0.004415334838390657  0.0009440664  0.00048138129957272916   0.004566786  0.0023286130928402335   0.03080136    0.00480647339770356   0.04740937    0.01038575095386453  0.003179606   0.0003298750914519351  0.008565166  0.0009127946117398592  0.02243842   0.002281593617742871  0.03624462  0.0036854419155814087  0.04131261   0.004200767553526461 
 0.001825  T17-3031    0.01994601    0.009681672739433511    0.01736491    0.008854399533016906           0.0                    99.0           0.0                    99.0    0.02224821   0.008573677563468898   0.01865766   0.004442261585618298   0.03322434   0.009919584341472228  0.001720449  0.00019656755103343075   0.01061005  0.0011007625303006822  0.02146278  0.0021823881396683315  0.03189746   0.003243412026685016  0.03601468  0.0036620610432604767 
 0.001825  T17-3066   0.005521485   0.0028154154856106497   0.000837468  0.00042702656740095223    0.01601578    0.008166475513379562    0.01670526    0.008518043691383427     0.0197675   0.007790065588337496   0.04311827    0.00561057117754779   0.07165733   0.012131662017374412  0.003331869  0.00034567195011211494    0.0167028  0.0016983817046615289  0.03182655   0.003196125785888372   0.0440695   0.004425602686042208  0.04631029   0.004708943962987544 
 0.001825  T17-3026    0.01373527     0.00700364293660792    0.01211797    0.006178975568932523   0.009431222   0.0048089985015025575   0.008041462    0.004100357165581486  7.376465e-05  3.761274387923759e-05   0.01493837   0.003717222592886926   0.01619111   0.008255879564253407  0.001167777  0.00015168187515215653  0.007071299  0.0007785098727795107  0.01540039   0.001597746760578459  0.02374883  0.0024148393325658522  0.02378983  0.0024681273144350336 
 0.001825  T17-2998    0.01384655    0.007060383845174495    0.01187454    0.006054849156332468     0.0147932    0.007543081546848078    0.01259096    0.006420155073486622   0.005680381   0.002896437846654509    0.0192597   0.004521902827184592   0.01559813   0.007953514963394361  0.003772883  0.00039142589582046055   0.01102847  0.0011441724779914085  0.01459655  0.0015143505950839951  0.01820426  0.0018886402874240744  0.01908984   0.002034415123457757 
 0.001825  T17-3054    0.01101912    0.005618672751423418   0.009748133    0.004970592529100116    0.00111386    0.000567959387541046           0.0                    99.0    0.01483582   0.007357551387418235   0.02168617  0.0041346564089782606   0.02197105   0.009364119134393474  0.004193785    0.000435093295972496   0.01032336  0.0010710192668070963   0.0205557   0.002090154024802957  0.02790753  0.0028377061391799347  0.03212948  0.0032670043776743874 
 0.001825  T17-3132    0.01245062     0.00634859543363286   0.006531453    0.003330400139621077   0.004007017   0.0020431852971394666           0.0                    99.0    0.01687697   0.008605601897193362   0.02813511   0.004475484451126716   0.04153165    0.00983403240513402   0.00404109   0.0004192516282869394   0.01194573  0.0012393355637656373  0.02268874  0.0023070467579223443  0.03817328  0.0038815527921177164  0.04065639   0.004134041515052741 
 0.001825  T17-3141    0.00568331    0.002897930859179701   0.006084347    0.003102419917756636           0.0                    99.0           0.0                    99.0   0.002267764  0.0011563372888223227   0.02948305   0.004753758441527504   0.03708538   0.009216932747878765  0.002038267  0.00023287941707744373   0.01200467  0.0012454504021318716  0.02001341  0.0020350126378657603  0.03242469   0.003297022042430417  0.03681233  0.0037431680607736863 
 0.001825  T17-3156   0.004917451   0.0025074173703232994           0.0                    99.0    0.01331656    0.006790137968231574    0.01540696    0.007856037987933676    0.01824592    0.00919419699611407    0.0269636   0.004298042332644014     0.047745   0.010221770990953035  0.002505473  0.00026700968482958157   0.01281461    0.00132947935892866  0.01960645   0.001993631960866057  0.03170664   0.003224008968884611   0.0321925  0.0033398804809359403 
 0.001825  T17-3106    0.01330128    0.006782349608156822           0.0                    99.0    0.01128206    0.005752746370513826    0.01310797    0.006683780461939561    0.04012254   0.008817397329328649   0.07386901   0.008331434083085397   0.08825659   0.013246259365586235  0.005842108   0.0005940398776176564   0.03280822   0.003294708282363404  0.06043479   0.006069058396000653  0.08412774   0.008448381578981269  0.08578192   0.008614499724381938 
 0.001825  T17-3127    0.01371045   0.0069909861895944975  0.0005363837   0.0002735030462782762    0.01791766    0.009136251758953448   0.001494856   0.0007622301875172618    0.02067926    0.00849924214039299   0.01803619   0.004126098480580656   0.01639141   0.008358012925110668  0.003764187   0.0003905237050149197   0.00926883  0.0009877844699886155  0.01607919  0.0016681703232887374  0.02469545  0.0025110939619365103  0.02490256  0.0025835699014461057 
 0.001825  T17-3126    0.04426233    0.010549895595608993    0.04557808    0.017231653314971375    0.06131486    0.013971706485057436    0.07838982    0.013532559735261617     0.1292514   0.015556538444381802    0.1898068     0.0197245820994924    0.1937062   0.021915757684216625    0.0259279    0.002603764143812385    0.1080319   0.010848915138077453   0.2056947    0.02065653152233511   0.1940205    0.01948417037834881   0.2604044   0.026150657741482695 
 0.001825  T17-3093    0.01033568    0.005270184381205747           0.0                    99.0    0.00370755   0.0018904869797620929    0.01449077    0.007388870919117819    0.02523299   0.008136032184942854    0.0223582   0.004238184810142309   0.01691663   0.008625821666842238  0.002774218  0.00029564999839546763   0.01507421  0.0015327826651684315  0.02542287  0.0025850597997553655  0.03547622  0.0036073091089618603  0.03724526  0.0037871894338103824 
 0.001825  T17-3150   0.009415532   0.0048009981398857305    0.01173008    0.005981188720439108   0.003356154    0.001711309473662248    0.03081511    0.009851979090690459    0.03665296   0.011266045740507892    0.0744841   0.009891393083663241   0.08771063     0.0142292469948894  0.006746576   0.0006860084005972595   0.03760215  0.0037761303400972485  0.05561909   0.005585450115645068  0.07564914   0.007596932958896275  0.07619697   0.007651947831226309 
 0.001825  T17-3080    0.03208657    0.008967875396417704    0.03578778    0.013427098282119038    0.08154772    0.013470569009306326    0.07978613    0.012036843551920496     0.1314581    0.01547394386453124    0.2082294     0.0211100963396089    0.2754062   0.029209450984666336   0.02357578   0.0023675565878214636   0.09912087   0.009954040510212453   0.1643471    0.01650427084893374   0.2338065   0.023479609991127817   0.2367195   0.023772142961748084 
 0.001825  T17-3113    0.02642058    0.007822105254430485           0.0                    99.0   0.006428929   0.0032781229519599185    0.01315387    0.006707183980926273     0.0214122    0.00980452793702991    0.0296477   0.004434637027187231   0.05561984   0.011111216588654908  0.005216432   0.0005411899969625548   0.01548005  0.0015740494815807444  0.02366306  0.0024061179998130103  0.03130452  0.0031831204066849646  0.03230474  0.0033515250340587356 
 0.001825  T17-3070    0.02117651     0.00813065255432164    0.03615339    0.013758248367889024   0.005154195    0.002628134578476576     0.0297565    0.010647292393064068    0.03976714   0.008434470050418402   0.05426309  0.0068898161529540106   0.05405797   0.010928353421463501    0.0069918   0.0007109433799956859   0.02705579  0.0027170305346699013  0.04444564   0.004463375891669472  0.05819776    0.00584440856007051  0.06057208    0.00608284549679641 
 0.001825  T17-3074    0.01337897    0.006821964871338609   0.001839739   0.0009380863099756334           0.0                    99.0    0.02075904     0.00947286253480124    0.03139102    0.00813954445175091   0.04137305   0.005477253848808634   0.04625159   0.009850286695902917  0.005853059   0.0005951533976666016   0.02010607   0.002044434523146134  0.02674051  0.0027190406820692403  0.04058999  0.0041272898061128546  0.04186924   0.004257367057333916 
 0.001825  T17-3092    0.02412586    0.008708333663995942    0.01578828    0.008050474780606668    0.04254374     0.01100701947213577   0.003331112   0.0016985405089963088    0.04166877   0.008661922729682192   0.04969695   0.006064884343001851   0.06324739    0.01043873681856392  0.008900127   0.0009049867558336145   0.02592925   0.002636549767345263  0.04037228  0.0040543158108886585  0.06480614   0.006508043594680014  0.06445748   0.006473030020116862 
 0.001825  T17-3072  0.0004267848   0.0002176184023304794   0.001756608   0.0008956979450313873   0.006282634    0.003203527336276149    0.01121771    0.005719933199363171    0.01982083   0.007626686987776147   0.03121329   0.004692931408065752   0.02445863   0.009127474456112929  0.003111396   0.0003315832504783226   0.01397812  0.0014501902525207132   0.0215696  0.0021932498780572727  0.03129234  0.0031818819078522085    0.032295   0.003350514570311135 
 0.001825  T17-3061   0.001302431   0.0006641119122946825           0.0                    99.0     0.0148739    0.007584232595484134           0.0                    99.0    0.01681601   0.007450987784730425   0.03437016   0.004814506997558213   0.02909678   0.009949452890534886  0.005377499   0.0005579002553428794   0.01882375    0.00191404507988695  0.03211669   0.003265703859177787  0.04488432   0.004507429557215957  0.04848907    0.00493048764033862 
 0.001825  T17-3155   0.009887391   0.0050416004550425065    0.00414816   0.0021151548785505046   0.004497053   0.0022930565903564373           0.0                    99.0    0.02311245   0.008501825536306542   0.03521056  0.0047471007379380524   0.04522962   0.010335067221034415  0.004130351   0.0004285121842581025   0.01592151  0.0016189382189209722  0.02909878   0.002958835356158989   0.0380098  0.0038649297649662735  0.04098147   0.004167096448167784 
 0.001825  T17-3164   0.007868979    0.004012407257014847    0.01334478    0.006804529362460273    0.01189571    0.006065647702965447    0.01553332    0.007920468217926765    0.02521181   0.008778901675409345   0.02802794   0.004561191491414497   0.04628836    0.00925966554777531  0.005256688    0.000534512936209006   0.01627236  0.0016546134905924131  0.02500829  0.0025429042962209743  0.03300444  0.0033559724652044588  0.03338587  0.0033947572036390544 
 0.001825  T17-3128           0.0                    99.0    0.01022047    0.005211435635647628    0.02025036    0.010325698079727878   0.008881507     0.00452869824060143   0.005238144  0.0026709398471008966   0.02095729   0.004513212637032073   0.03712471   0.010626436069482798  0.002667396   0.0002842659061132903   0.01070089  0.0011101869218460285  0.01998245   0.002031864549860322  0.03415952   0.003473423841589576  0.03521611   0.003580860486408692 
 0.001825  T17-3136   0.002094823   0.0010681538451619646   0.003206508   0.0016350046862491374   0.007421514   0.0037842444706402043     0.0133252   0.0067945474434140205    0.02511884    0.00863603754946098    0.0158719   0.003816051801888439   0.05360859   0.010302252987631492  0.001822723  0.00020825273217427428   0.01026732  0.0010652052872269504  0.01683017  0.0017113329912168582  0.02695105    0.00274044892586803  0.02751474   0.002854576132533881 
 0.001825  T17-3138    0.02743658    0.008762520302400958   0.002754063     0.00140430258815673   0.001401797   0.0007147789276515152           0.0                    99.0    0.01379571   0.007034459449386711   0.03051388  0.0045945389757869074   0.05113035   0.009624014002344396  0.002792145  0.00029756046992033397   0.01225742  0.0012716725127913241  0.02161495  0.0021978611632451697  0.03155497   0.003208586766545703  0.03280548  0.0033357417021443133 
 0.001825  T17-3140    0.01081275    0.005513442324560038   0.009859968   0.0050276169235400426    0.02962967    0.012578728850384246      0.018342    0.009352623552993246    0.02676017   0.009087192855519795    0.0505619   0.006064465678221372   0.04701296   0.011170019473126087  0.006230655   0.0006335482900810799   0.02448273   0.002489464078844875  0.04159873  0.0041774799113441065  0.05640381  0.0056642542588467805   0.0580942   0.005834008729762303 
 0.001825  T17-3144    0.00615636   0.0031391399772702075    0.02047796    0.010441751763857251           0.0                    99.0    0.00284856   0.0014524863025639862    0.01990121  0.0071660189402164565   0.02347474  0.0038741173107335047   0.02602114   0.008969125969633663  0.002181182  0.00024013573051432808     0.010495  0.0010888264325209277  0.01783062   0.001813061207882635  0.02933407   0.002982760220435302  0.02911939  0.0030210540355848072 
 0.001825  T17-3170   0.001579528   0.0008054046055427545   0.007150092   0.0036458458631983665    0.01988084    0.010137279110661599    0.01526983     0.00778611415276311    0.03144876    0.00818523308380867   0.04473018    0.00563361132818843    0.0534594   0.010146643042106144  0.003681626   0.0003819582476045909   0.01842395  0.0018733924325788124  0.03440507  0.0034550691559618258  0.04758745   0.004778886678358943  0.04772286   0.004852577510813429 
 0.001825  T17-3163           0.0                    99.0    0.03760044    0.015270755949003834   0.002473699   0.0012613434568851617     0.0184084    0.009386481042563502     0.0247884   0.007846772515419062   0.03801164   0.004942388728966187   0.05310969   0.010295713670577529  0.004054522   0.0004206451495277225   0.01624998  0.0016523378472027112  0.02895086   0.002943794503321378  0.04038873   0.004106825185648326  0.04048751   0.004116869361286043 
 0.001825  T17-3032   0.005679112   0.0028957902907878947           0.0                    99.0   0.007627715   0.0038893862726221023   0.009406452    0.004796368230167387    0.03311688   0.008277787080580957   0.06018375   0.008095308535679786   0.06614026    0.01462943731081876  0.006101856   0.0006204516853772339   0.03032779  0.0030456154256044035  0.04854217  0.0048747627697941385   0.0717204   0.007202396098639848  0.07538655   0.007570562820040967 
 0.001825  T17-2989           0.0                    99.0     0.0176465    0.008997984784661508  0.0008737553  0.00044552948345147813     0.0125909    0.006420122518208201    0.03537252   0.008773364148566956   0.04946108    0.00608687665372258   0.06801252   0.011535933197067328  0.003842841   0.0003986838367571101   0.02129655  0.0021654854779550015  0.04016649   0.004033649717811328  0.06440683   0.006467943582537377  0.07019276   0.007048985514226615 
 0.001825  T17-3057           0.0                    99.0   0.003625228   0.0018485108313222942   0.002060739   0.0010507743470518347           0.0                    99.0    0.01976949   0.007643610635117215   0.02692627  0.0044147854043186515   0.03891338   0.009959723505184268  0.002423172   0.0002667774753109415   0.01370903  0.0014222729640959082  0.02591372  0.0026349706520882848   0.0431725   0.004335523023038347  0.04666128   0.004744633455909977 
 0.001825  T17-3051    0.02558567    0.008293971932464747    0.02013912    0.010268976586658672    0.02444364    0.011144714244295185    0.01822487     0.00884653184576131      0.038448   0.008671125305035386    0.0431201   0.006092777303145505   0.05503588   0.011270663648837765   0.01104021   0.0011086938371948362   0.04017153   0.004034155849177278  0.05355013  0.0053776784272020215   0.0715548   0.007185766010394773  0.07055315    0.00708517705016376 
 0.001825  T17-3104    0.02239711    0.009027343017843178    0.01799661    0.009176507537432581           0.0                    99.0   0.002561971   0.0013063535219355478    0.02084677   0.007981210959206253   0.01960854   0.004089146367099129   0.03889821   0.009376341687456255  0.004339313  0.00045019138952211206   0.01640945  0.0016685531398379974  0.02054277  0.0020888392488235875  0.03224594   0.003278846321268632  0.03027167  0.0031405997676969286 
 0.001825  T17-3137    0.01653727    0.008202797214972036    0.01331293     0.00678828898530948    0.01369358    0.006982384143675067    0.01692955    0.008632410580634473     0.0484129   0.009503031946370644   0.09151277   0.009733961765834609    0.1179217   0.014492614139930174  0.006522643   0.0006632383432874943   0.03808682  0.0038248024818725948  0.07161761   0.007192073594976053    0.110475   0.011094259187532264    0.115904   0.011639457050705803 
 0.001825  T17-3095   0.007552348    0.003850956982544344    0.01083759    0.005526110250193168    0.01128972    0.005756649277719202    0.01875495     0.00877129961518098     0.0277891   0.008330511124607181   0.04040951   0.005233147017182395   0.04356609   0.009721087824790855  0.002896092   0.0003086381783588025   0.01653833  0.0016816580003721805  0.03013425   0.003064124493774455  0.04387828   0.004406399751124858  0.04349212   0.004422385486768806 
 0.001825  T17-3091   0.004906288   0.0025017258251306116   0.009734037     0.00496340397061308           0.0                    99.0    0.01475108   0.0075216025154954845   0.007252569  0.0036980985951774745   0.02337739   0.004037367812788055   0.04753163   0.010721133245836142  0.003663253  0.00038005209163540995  0.009464147  0.0010085994982945857  0.02033218   0.002067425942828485  0.03184783   0.003238365493585145  0.03622876   0.003683829241278462 
 0.001825  T17-3086  0.0006675295   0.0003403745456108498           0.0                    99.0    0.03243312     0.01077531619553431    0.02098876    0.008876291857800304    0.06125848   0.009681482979540893   0.09944765   0.010437246505294106    0.1387159   0.016493217268281075  0.005986208   0.0006086923156181949   0.03741757  0.0037575942195754667  0.07126667   0.007156831055350064   0.1105602   0.011102815274542262   0.1125785    0.01130549960299274 
 0.001825  T17-2532   0.008018543   0.0040886712130486225    0.01355529    0.006911866861079574           0.0                    99.0    0.02289692     0.01167518418811729   0.003749195  0.0019117223368167906   0.02144882   0.005767098149045584   0.02024113   0.010320986781813502  0.001881624  0.00020715610702714245   0.01009692  0.0011116134347245047  0.01793506  0.0018607115706752646    0.026178   0.002628879999606085  0.03174366  0.0032277732653654607 
 0.001825  T17-2535    0.01729594    0.008819233556592998  0.0001899762   9.686923509182056e-05     0.0102701    0.005236744030654926           0.0                    99.0    0.01338074   0.006822863475469812   0.02385092  0.0058621430363368825   0.02299783   0.011726633491125618  0.001827978  0.00020124999952973938  0.009985601  0.0010641711556782678  0.01756492  0.0018223105556857098  0.02394662  0.0024843938136845877  0.02491576  0.0025334956487377595 
 0.001825  T17-2495    0.04693915    0.011423425417851907    0.06450032    0.017058517502090385    0.06226714     0.01395527985494723    0.08096813    0.014419854297442431    0.08923729   0.014726473091471732    0.1510035    0.01666170134823635    0.1301619    0.02141791967293042    0.0289229   0.0029045317986973467   0.09330502   0.009369993921430527    0.144024   0.014463359033782576   0.1822073   0.018297850423526912   0.1859935    0.01867807293835732 
 0.001825  T17-2556    0.01433244    0.007308138143159104     0.0196816    0.010035685265292102    0.02074653    0.010578701033837236    0.02134339    0.010883031306718777     0.0275467   0.009685934865473544   0.04725768   0.007271505140584927   0.05459284   0.015445276842810426  0.007491929   0.0007523639051554629   0.02362034  0.0024017741491913517  0.03765844   0.003781783169764551  0.05079231   0.005100729150249831  0.05359923   0.005382609206535882 
 0.001825  T17-2473   0.007788861    0.003971554932475844   0.009373471    0.004779551644199947    0.01078728    0.005500457083020283    0.03160812      0.0111965827585136    0.05306239   0.010982722150230424   0.04815404   0.006468109085359956   0.05024441   0.014231171541812046   0.00755944   0.0007686624055045232   0.03071819   0.003084820663245434  0.04922438   0.004943272520607871  0.06683262    0.00671154931744269   0.0654078    0.00656846425156365 
 0.001825  T17-2616    0.01822694    0.009293951292727814           0.0                    99.0    0.01702657    0.008681881267955351   0.002673043   0.0013629893514769255    0.04256534   0.010694180789854124   0.03042376   0.005897396131860229   0.06571646   0.017311329549740424  0.002828664  0.00030145231713854845   0.01191901  0.0012365634665035396   0.0253967    0.00258239876435367  0.03921296   0.003987270021729937  0.04206987   0.004277767618763362 
 0.001825  T17-2610           0.0                    99.0    0.01510484    0.007701986410389011    0.01808399    0.009221059828200335    0.02475483     0.01105937083295831    0.02302574   0.009712530236323643   0.02153257   0.005243458322736436   0.01695873   0.008647291480736497  0.003196672   0.0003406711331972963   0.01117376  0.0011592458733736169  0.02126059   0.002161828960179609  0.03431604  0.0034893391784141608  0.03416429  0.0034739088367061913 
 0.001825  T17-2541    0.01021378      0.0052080253721737    0.01554011    0.007923931432757164  0.0007137822   0.0003639589366255188    0.01685786    0.008595853748580184    0.02103437   0.010243509323536001   0.03047841   0.005930277891921255   0.02697751   0.013755889894717863  0.005238936   0.0005327078718057472   0.01671374  0.0016994940885635822  0.02551406  0.0025943322441470294  0.03522973  0.0035822454033050785  0.03540928  0.0036005024819256827 
 0.001825  T17-2595           0.0                    99.0    0.02559134    0.013049074203898758           0.0                    99.0    0.02213158     0.01128493582866398    0.01508738   0.007693085483479629   0.03442213   0.006357313014072691    0.0433101   0.013966255499689242  0.004003434   0.0004153449182120326   0.01518943   0.001544498511947862  0.02231125   0.002268662634320469  0.03468951  0.0035273144934665933  0.03327478  0.0034521639574774604 
 0.001825  T17-2228           0.0                    99.0   0.009498242    0.004843172130282656    0.04295797    0.013963006709090597    0.01312486    0.006692392705898018    0.01756266   0.008955234605059545   0.02233671   0.005147688567815364    0.0329737    0.01443818599205939  0.003867177   0.0004012086466915936   0.01061109  0.0011308299543171113  0.01541652  0.0015994202053758388  0.01998335   0.002031956049827663  0.01998365  0.0020732469574280556 
 0.001825  T17-2258    0.03680219     0.01167369607348337    0.02719773    0.013868180502446203    0.00516997    0.002636177791468929     0.0235803    0.012023640983637195    0.03485572   0.010688870437763011   0.04884791   0.006978881606287428   0.07501312      0.017336910258894  0.009744812     0.00097860575174208   0.03131357   0.003144610656663708  0.04640379   0.004660019688073119  0.05749224   0.005773557942517734  0.06079316   0.006105047077408699 
 0.001825  T17-2470      0.100707    0.014388507577660723     0.1205704    0.018619079965564892     0.1666664    0.020540059218609862     0.1660711    0.020650799621024365     0.2723321   0.028894814097422675    0.4190707   0.042321585216485505    0.4496426    0.04705197883801701   0.06222116    0.006248451481090335    0.2296988   0.023067101410866864   0.3501494   0.035163142862287285   0.4365141   0.043836167224158055   0.4187554    0.04205278080729026 
 0.001825  T17-2411    0.01945019    0.009917691796470084           0.0                    99.0    0.01886451      0.0096190514410173   0.008144905    0.004153102462845607    0.04221937   0.010796851405349339   0.03800119   0.006209090505374358   0.02516043    0.01282934745113519  0.004465637   0.0004632971561921139   0.01929729   0.001962195802051783  0.03318738  0.0033745742389917595  0.05475722   0.005498898334536955  0.05740508   0.005837089477346138 
 0.001825  T17-2419    0.01641681    0.008370963454094516     0.0353766    0.015331130509120976           0.0                    99.0    0.02113659    0.010777583583177678    0.03314839   0.011404045918814122    0.0378244   0.006216056493308358     0.054616   0.015316013708432753  0.006614469   0.0006725754367865438   0.01956668  0.0019895880298233227  0.02744108   0.002790276345139114  0.03940005   0.004006293769400278  0.03765023   0.003828367773080434 
 0.001825  T17-2488   0.006952588    0.003545138188197103           0.0                    99.0      0.010971    0.005594136269524009           0.0                    99.0    0.00498545   0.002542090683404115   0.04576189   0.006705550260461628   0.04191263   0.014222882726482314  0.002309549  0.00025426824201952555   0.01410858   0.001463725122266558  0.02724644   0.002770484890617525  0.04469477    0.00448839434002582  0.04917105   0.004999833033914897 
 0.001825  T17-2526   0.008865417     0.00452049391820406    0.01778988    0.009071096487608761   0.009046669    0.004612913686111156   0.001412911   0.0007204462721131257   0.005062091   0.002581170569148581   0.02094523   0.005112648664237452          0.0                   99.0  0.003051333   0.0003251823033976173   0.01025966  0.0010644105982580267  0.01561884   0.001620410275455991  0.02075054    0.00215280957644615  0.02201704   0.002346368443356092 
 0.001825  T17-2552    0.01150331    0.005865562177252067    0.01575229    0.008032122428796576    0.01730363    0.008823153722018279    0.03295961    0.013904751729334149    0.04298041   0.012356789517580244   0.08861449   0.010239164297286473   0.08802276   0.015928799794845686  0.006711516   0.0006824434190209837   0.03767312  0.0037832573824493213  0.06623854   0.006651889867521579  0.09027916   0.009066127207714398  0.08886691   0.008924304464551357 
 0.001825  T17-2333    0.01825633    0.009308939272239615           0.0                    99.0   0.005379365   0.0027429482202834692   0.003416049   0.0017418495607485769    0.02945613   0.009801791065769255   0.03088929   0.005927209010013482   0.04653657   0.014548800131837299  0.004946007   0.0005131341760930858   0.01617628   0.001644843851088489  0.03043431  0.0030946353292479376   0.0492275   0.004943585837841192  0.04969564   0.004990597978325212 
 0.001825  T17-2409           0.0                    99.0           0.0                    99.0           0.0                    99.0    0.02881146    0.011241938112897436     0.0166206   0.008474877353342703   0.03265204   0.005785285360548518   0.05210894   0.014122305650552816  0.003825253   0.0004076593742284605   0.01531766    0.00158916370854681  0.02627757   0.002671967783190763  0.04249831   0.004321332439185429   0.0470376   0.004782898602380481 
 0.001825  T17-2345           0.0                    99.0    0.01905585    0.009716613138648364   0.004336466   0.0022111724754031647   0.001558977   0.0007949252183080998    0.01688518   0.008609787211633338    0.0273782   0.005932940697515946   0.04565938   0.013588161376118698    0.0042481   0.0004407283019826274   0.01376447  0.0014280246896836064  0.02318322  0.0023573267235291423  0.03903525   0.003969200021786482  0.04265131   0.004336889879277942 
 0.001825  T17-2462    0.01367302    0.006971897617813101    0.02110825    0.010763132961876157    0.01885381    0.009613594509557077     0.0260429    0.012660303140391228     0.0239253   0.011301678317037695    0.0556073   0.007504288622181319    0.0836899    0.01634086120521804  0.007693203   0.0007822637546173862   0.02795305  0.0028423347227915716  0.04079382   0.004096648236979714  0.06721441  0.0067498899109430495  0.06622689   0.006650719936630458 
 0.001825  T17-2483           0.0                    99.0   0.000123685   6.306720324225897e-05   0.005537876   0.0028237737787857155    0.01229183   0.0062676261416151815   0.002056937   0.001048835699832767   0.03233081   0.005650527016277773   0.05052469   0.014457165652698353  0.001966453   0.0002339722722454522  0.009516587  0.0010141880723523078   0.0235024  0.0023897817087910017  0.03817301  0.0038815253511854607  0.04465898   0.004541034683257269 
 0.001825  T17-2955    0.03125252    0.012709692944957562   0.008430204    0.004298577469956795    0.03412723     0.01585216106646753    0.02124543    0.010833091117370379    0.04187928   0.011457893010727757   0.04925663   0.007403184697079562   0.07199342    0.01624484203486953  0.006700535   0.0006813268399151835   0.02936711  0.0029491408109783785  0.04758514   0.004778654707597229  0.07010765   0.007040438490170842  0.07071712   0.007101643458851862 
 0.001825  T17-2952   0.006426133   0.0032766972661039183    0.02024488     0.01032290381703443    0.03414976    0.015522674714670665    0.04644539    0.012888211557082736    0.05475205   0.013717887299858714   0.07494802   0.011230268685558197   0.07119937    0.02350963780896824   0.01388593    0.001394470301033267   0.05973397  0.0059986797687972175  0.09412954    0.00945279490366389   0.1312059   0.013176123700371859   0.1335581   0.013412339323531749 
 0.001825  T17-2886   0.001389312   0.0007084128998468619    0.02806667    0.014311254704060333   0.007210263   0.0036765276638039447    0.02245856    0.011451663568719437    0.02165803   0.010663087025210335   0.05302781   0.007534599377351525      0.06256    0.01638998337044916  0.004554163  0.00047248148697714076   0.01975002  0.0020082304823400353  0.04135917   0.004153422518780506  0.05622997   0.005646796682348041  0.06192656   0.006218866795915642 
 0.001825  T17-2901   0.008508012    0.004338251920988158    0.01256358    0.006406191996897065           0.0                    99.0     0.0245443     0.01251518646474754    0.02226727   0.010218128322518023   0.03387078  0.0064217395192309856   0.03995095   0.015361056617714324   0.00197896   0.0002261033892403208   0.01210451  0.0012558084970317092  0.02566294  0.0026094707150656894  0.04241846   0.004313213111772893  0.04897881     0.0049802855974221 
 0.001825  T17-2943    0.07998397    0.015060257313446176     0.0566406     0.01901206727965426     0.1184928     0.01797064775667533      0.127231    0.017759386714568722     0.1920717   0.022261283527876378    0.3150021    0.03205069423225282    0.3653681   0.039705351538917265   0.04267648    0.004285711080732813     0.163724   0.016441697206374898   0.2593519   0.026044962253707744   0.3412165    0.03426607196223255   0.3404496    0.03418905740472015 
 0.001825  T17-2925   0.001984019   0.0010116553557500203    0.01781686    0.009084851681095074   0.005960011   0.0030390207487324284           0.0                    99.0   0.006786991  0.0034607004450482003   0.02863866   0.005819936199689478   0.05124049      0.015770583798896  0.002014191  0.00022175099077080784   0.01022779    0.00108998134985529  0.02184287  0.0022210366387795948  0.03228757  0.0032830793341279787  0.03492647   0.003551409192343986 
 0.001825  T17-3006    0.03973793    0.013413633477057922    0.03434218    0.017511144595931585    0.07195613    0.016564868976175724    0.05191634    0.014388252828292114    0.06625616   0.012354329530146748   0.09350133   0.010945069909651788   0.09776318   0.018339871580390743   0.02185014   0.0021942622122146866   0.07304943   0.007335861617009349   0.1085537   0.010901316015535569   0.1450307   0.014564455121164816   0.1426232   0.014322686122374672 
 0.001825  T17-3007           0.0                    99.0   0.002916628   0.0014871943085891096    0.02665942    0.013593690280106577     0.0387073    0.012346037594216213    0.05877471    0.01255049887438109   0.08304722   0.010270438435961924   0.08845227   0.018450944796579632   0.01060775   0.0010652647962013952   0.04712975   0.004732922951537031  0.07670625   0.007703091392409381   0.1062518   0.010670151739010892   0.1124266   0.011290245223323054 
 0.001825  T17-2969    0.01194128    0.006088881973727526           0.0                    99.0    0.01724099    0.008791212483204464   0.006209961   0.0031664717220553557    0.02499962   0.010290921780547552   0.04538881   0.006978447062501084   0.04833863   0.016381470863886704  0.003031426  0.00032306080344475405   0.01881908  0.0019135702272788525  0.03727399  0.0037431754411860274  0.06240148   0.006266559801847378  0.06770669   0.006799326274551317 
 0.001825  T17-2985   0.008415938   0.0042913032087187036           0.0                    99.0     0.0157081    0.008009592803308043   0.007273073    0.003708554605368821    0.03813367   0.010806889074548187   0.05424678   0.007540529501545897   0.09790301   0.017665144086327206  0.004927709   0.0005112358085312198   0.02641333  0.0026857721946827433  0.05044963   0.005066316108791105  0.07495317   0.007527041387222648  0.07768158   0.007801037204849779 
 0.001825  T17-2982           0.0                    99.0    0.03106707     0.01584115471311195    0.03008518    0.013473239508701091    0.02710582    0.011930625208077906    0.03720528   0.011369727680836689   0.04668401   0.007313306367280193   0.07393581   0.017747131327230357   0.01051647   0.0010560981567849898   0.04609733   0.004629243977086044  0.06329076   0.006355864206836569  0.08905711   0.008943404967247357  0.08983583   0.009021606558259525 
 0.001825  T17-2980    0.02161741    0.011022764445237001   0.005804722   0.0029598390748981334    0.04305285    0.014938892416646055    0.04296917    0.012731440560792364    0.09730992   0.016035513130927992    0.1226178    0.01323625599967759    0.1340801    0.02098233817285862   0.02151116   0.0021602207296260285    0.0997109   0.010013293246118568   0.1408253   0.014142135175046975    0.207578   0.020845658655808796   0.2037381   0.020460043375005565 
 0.001825  T17-2858    0.02539454    0.012948725499871252   0.007929304    0.004043167582520933    0.02555804    0.013032094468918494    0.02462662    0.012557161593383435    0.03236093   0.010864043900824823   0.09017608   0.010638651084427247    0.1080085    0.01851199474915926   0.01145061    0.001164326138627236   0.04279247   0.004297359173533351  0.07793606    0.00782659291988981   0.1143455   0.011482947434975962   0.1265515   0.012708713661154857 
 0.001825  T17-2806    0.01810619    0.009232383573843215           0.0                    99.0   0.009749957    0.004971522590259395    0.02385761    0.012165046796672054    0.00631605   0.003220566219882771   0.04216257   0.006587791485564339   0.07232274   0.016641350320075472  0.004444263   0.0004610796605055791   0.01898689   0.001930633582654474  0.02917144   0.002966223612938991  0.04123798   0.004193179016503934  0.04850749   0.004932360611408478 
 0.001825  T17-2777    0.01396726    0.007121932148561723    0.01910716    0.009742777188353277    0.00123144     0.00062791365898187    0.01823783     0.00929950706672015           0.0                   99.0   0.03364916   0.005820941867324994   0.02072722   0.010568849924253065  0.003472369   0.0003700523353254915   0.01303446  0.0013522882307763571  0.02341044   0.002380431002229153  0.03159593   0.003212751714091048  0.03581519   0.003641776418021436 
 0.001825  T17-2784    0.01216013    0.006200472054621165    0.01871695    0.009543807367332704    0.02878592    0.013637985710337286    0.02600418    0.012226927725913979    0.02046059   0.010029745741445393   0.06386462   0.008362515821542222    0.1006503   0.017034407235959226   0.01124846   0.0011437710197650971   0.03475378  0.0034900877461374533  0.05844653  0.0058693908483251275  0.07809588   0.007842642555823398  0.08449662   0.008485425717920539 
 0.001825  T17-2770           0.0                    99.0    0.02332698    0.011894472621318862    0.02553844     0.01302210039067185    0.02525956     0.01274426448088849    0.03872531   0.010573397301127108    0.0701502   0.008402041144657708   0.08856216    0.01612274708897513   0.01054481   0.0010722221812032664   0.03740763   0.003756596007895712  0.05684983   0.005709045039907173  0.07321604   0.007352593141690494  0.07427154   0.007458589887217183 
 0.001825  T17-2809           0.0                    99.0    0.01521758    0.007759474717546608   0.009012353    0.004595416871328987    0.03537436     0.01212487840427672    0.01777054   0.009061233022708113   0.04765459   0.007147472887035389   0.02481741   0.012654450689586687  0.004026849   0.0004291435843970757   0.01680915  0.0017091956265217272  0.02716252   0.002761951674343344  0.03622438    0.00368338386897386  0.03807826  0.0038718909132033617 
 0.001825  T17-2958    0.01595568    0.008135832367264213    0.05066805    0.017022406222788392    0.05120401     0.01411986832848313    0.03540293     0.01160453046193378    0.05022287   0.010810381838550803   0.07889964   0.009344629562053276     0.102439   0.017681866970498335    0.0153648   0.0015429832513439703   0.04132228   0.004149717902060915  0.06276242  0.0063028065828939165  0.08668304   0.008704993126926873  0.08121855   0.008156231249270417 
 0.001825  T17-2862   0.006919677    0.003528356314785581    0.02229175    0.011366611727116617    0.02341109     0.01193736537735111    0.02670439    0.012359666330674991    0.04565193   0.011742676434733652   0.06650871   0.008638193665405806   0.07044106   0.016395330498030103  0.008592967   0.0008737539725505002   0.03469502  0.0034841868755711727  0.05324015   0.005346549219052698  0.07248436   0.007279115446484371  0.07220082   0.007250641436435732 
 0.001825  T17-2905    0.01399217   0.0071346328255894155    0.00793666    0.004046918421275131           0.0                    99.0    0.01688706    0.008610742885559875     0.0261722   0.010467399100769971    0.0271203  0.0057000649283955535   0.03840717   0.015240627731054552  0.002155045  0.00025641131646840395   0.01126512  0.0012005302143808336  0.02137291  0.0021732499495764313  0.03220822  0.0032750108641851497  0.03518254    0.00357744702132414 
 0.001825  T17-2895   0.007489993   0.0038191615560769997    0.02052284    0.010464636163434255    0.02965909    0.014819720382189436           0.0                    99.0    0.05196417   0.011353914339922114   0.07403589   0.008969973613605393    0.1112524    0.01857968539776979  0.005238561   0.0005434858320300999   0.03012341  0.0030250909213775062  0.06059671   0.006085318926117734   0.1012613   0.010168989479676014   0.1107575   0.011122628764617472 
 0.001825  T17-2904    0.01328327    0.006773167254593526   0.008995336    0.004586739379532366    0.01001323    0.005105766496989948    0.01359387    0.006931541820105033    0.01685188   0.008592805515491724   0.04524117   0.006448191158234222   0.09032786    0.01712992408770967  0.003340498   0.0003559987704645762   0.01757106  0.0017866685049954874  0.03385731   0.003400061309157865  0.05597418   0.005621109418854048  0.06209406  0.0062356876975512695 
 0.001825  T17-2914     0.0200137     0.01020502468391919    0.03891881      0.0141703496038228  0.0008649192    0.000441023987848106    0.04013133    0.012414225183417168    0.08958855   0.013103769010044744    0.1677774   0.017357850656336486    0.2620228   0.029413184003628374   0.01148962    0.001153825050979086   0.06910604   0.006939853549767027   0.1350863    0.01356580612132508    0.229548    0.02305195757644511   0.2491395    0.02501939985527431 
 0.001825  T17-2804   0.007795334     0.00397485601809733           0.0                    99.0    0.01886471    0.009619153421407572   0.002812543   0.0014341206736915447   0.007666735   0.003909283627344817   0.03269487  0.0059996137227566575   0.06536432     0.0163938991939753  0.002269586   0.0002593084730546999   0.01320558  0.0013700414394789999  0.02590675  0.0026342619239599165  0.04514289  0.0045902398484027876  0.04746334   0.004826188886668756 
 0.001825  T17-2817           0.0                    99.0    0.02254884    0.011497697516888153    0.04167767    0.014196273463704797    0.01792187    0.009138398446168672    0.03586937    0.01119974041119119   0.04355398   0.007093996610853715   0.06626037   0.018917306687046363  0.006253652   0.0006358866777840923   0.02316873   0.002355853329490493  0.03958359   0.003975113002497862  0.05580395   0.005604014365785706  0.05551582   0.005644984785368779 
 0.001825  T17-2691    0.03140131     0.01091483284899778    0.02863525     0.01460117475556419    0.03225985    0.013517031618115162     0.0579871    0.012815071211292587     0.1057179   0.013852999512185656    0.1934214    0.02031135827333881    0.2977892   0.034257702141108355   0.01480219   0.0014864841167611716   0.08658824   0.008695473005939806   0.1586593   0.015933083505415266   0.2729952    0.02741506691558569   0.2897889   0.029101544980037145 
 0.001825  T17-2890    0.01474642     0.00751922637240215    0.02229635     0.01136895727609287    0.03023613    0.011901001883193239    0.03954545    0.011615882600867013    0.04558948    0.00976508593819348   0.08196881   0.009438104146126489    0.1013016   0.017192537813830743   0.01396007   0.0014019156854026566    0.0490977   0.004930550908568288  0.07605308   0.007637497935862179   0.1034487    0.01038865526439042   0.1023002   0.010273319180042258 
 0.001825  T17-2883   0.001685759   0.0008595717055633986   0.008729693    0.004451287005177097    0.02974759    0.012735864506364733     0.0168421    0.008587820635568783    0.01632195   0.008322593174407901   0.03470109   0.005544565291025979    0.0363901   0.014901839995658256  0.004023533   0.0004174301175063678   0.01717293  0.0017461856741725404  0.02971417   0.003021409739232184  0.04311334   0.004329581990886183   0.0434299   0.004416058810768816 
 0.001825  T17-2831  0.0008960999   0.0004569230385938206    0.01065891    0.005434999988943606   0.009093759    0.004636925949581339    0.01448006    0.007383412810960797    0.01432101     0.0073023089832744   0.03980199   0.006359456839046948   0.06620344    0.01783179202498829  0.003348843   0.0003568880876231372   0.01868299  0.0018997322929726838  0.03579894  0.0035950461275700276  0.05877505   0.005902381898166557  0.06469723   0.006497106497688125 
 0.001825  T17-2852   0.007940361     0.00404880605868745           0.0                    99.0   0.009835936    0.005015362959844976    0.01722842    0.008784803015675878     0.0166189   0.008474007578283371   0.03669869   0.005816705293773873   0.04908899   0.014503247086949219  0.002165173   0.0002383732563558597    0.0122255  0.0012683609253164537  0.02772784  0.0028194348393083394  0.04645261   0.004664922356131167   0.0521429   0.005302018035225765 
 0.001825  T17-2869   0.002513733    0.001281756871605879    0.01329713    0.006780234495639366   0.008591363    0.004380753248826245    0.02672892    0.011557885019698198    0.02713224    0.00945712301017281   0.03469444   0.006070641054290395    0.0349599   0.014481101158164734  0.006410476    0.000651832926095215   0.02702126  0.0027135629134960185   0.0343874  0.0034532946721390805  0.04933446  0.0049543271150015765   0.0469629   0.004775302909442735 
 0.001825  T17-2848    0.02561781    0.010309003267053609    0.04371577    0.014300088311508046    0.01830252    0.009332488701630878    0.01402743   0.0071526139295556845     0.0400113   0.010895739145505456   0.05146699   0.007097515069973787   0.05903981   0.014230092225606306  0.008161746   0.0008299063601643079   0.02854246  0.0028663267734781463  0.04909926   0.004930707562599186   0.0671626   0.006744686980918549  0.06812179   0.006841011967039746 
 0.001825  T17-2966    0.03381457    0.011458781991247979     0.0166854    0.008507918999790783    0.02908829    0.014832170929801242     0.0329349    0.011205937079088924     0.0578261   0.011778996542426694   0.09102087    0.01018195401113583    0.1222645    0.01862631052781522    0.0107879   0.0010833560418643726   0.04418645   0.004437347181323301  0.07269733   0.007300502584938342  0.09682274    0.00972325481808392  0.09647068   0.009687899805840111 
 0.001825  T17-2967    0.02930481    0.011315560424983865    0.02595843    0.013236249208319893           0.0                    99.0    0.01122079    0.005721504677954043     0.0155488    0.00792836542245651    0.0248763   0.005938795316723839   0.01445283   0.007369528180825283  0.002559928   0.0002728129759922142  0.009498291  0.0010122382743735837  0.01918418   0.001950694511113539  0.03105092  0.0031573337516488196   0.0339564  0.0034527700849607697 
 0.001825  T17-2944           0.0                    99.0    0.01455796    0.007423132211810322    0.01276868    0.006510776809443555    0.01042992    0.005318238521682532           0.0                   99.0   0.02226066    0.00556480483607296   0.04591361    0.01425529496951645  0.002197896   0.0002419758435679066   0.01308677  0.0013577151971490523  0.02185454  0.0022222232423411378  0.03030825   0.003081817241074973  0.03111537  0.0032281313023356487 
 0.001825  T17-2787           0.0                    99.0    0.02546033    0.012982276852154594    0.00883885    0.004506946862771958   0.008964299   0.0045709140429583675           0.0                   99.0   0.02297395   0.005108180539216091   0.05184879   0.013968710831738947  0.002356583  0.00025944637820569016   0.01118879  0.0011608051680961626  0.02495518   0.002537503945131507  0.04302422   0.004320632263471087  0.04615201     0.0046928496325072 
 0.001825  T17-2782    0.02029486    0.010348388716563368    0.01563808    0.007973885546351164    0.01559796    0.007953429260643298    0.02465659    0.011509381417486388    0.03945859   0.009801737199340585   0.07096622    0.00854984080196725   0.09935141   0.016516386942003417  0.008990847    0.000902890131833881   0.03654791   0.003670260127412047  0.05149955  0.0051717525011422925  0.08179186    0.00821380490804906  0.08154811    0.00818932673207527 
 0.001825  T17-2785    0.01166202    0.005946488715952297    0.02675461     0.01311116932033985   0.004914987   0.0025061609719151503     0.0173081    0.008825435925482888    0.01021875   0.005210559584871955   0.02875645   0.005341992040861348   0.04862226   0.013568362621833778  0.005589599   0.0005683641405733212   0.01524684  0.0015503361322046552  0.02348848   0.002388366273789615  0.03097169   0.003149277427353972  0.03170736  0.0032895485604381783 
 0.001825  T17-2773   0.001341979    0.000684277808841241    0.01238347    0.006314353556437745    0.02811881    0.012824296250908312    0.01578519     0.00804890114473833    0.02342873    0.00975078440956511   0.04817777   0.006845374419230113   0.07270458    0.01561952136245743  0.004925899   0.0005110480294060139   0.02355238   0.002394863804076301  0.04087512   0.004104812638469104  0.05487965  0.0055111931425970775  0.05668992   0.005692986359362391 
 0.001825  T17-2888    0.01221962    0.006230809063449545           0.0                    99.0           0.0                    99.0    0.00738606   0.0037661664068567124    0.03243325   0.009050067805345218   0.05958319   0.007545431682069953   0.07647398    0.01546534998239626  0.004661502   0.0004836176071282455   0.02502657  0.0025447630641557283  0.04366862   0.004385345005740351  0.07113993   0.007144103413569684  0.07256985   0.007287700631383949 
 0.001825  T17-2849    0.01711582    0.008727388055952823     0.0293492    0.013532924625224216    0.01538832    0.007846534396141013    0.03157087    0.010642906168075946     0.0515342    0.01047715575652863    0.0818107   0.009255641094936429   0.09822285   0.017084412273289502   0.01174208   0.0011791779114900178   0.04252357  0.0042703553563422855  0.06845393   0.006874366545268371  0.09760118   0.009801428297820273  0.09569584   0.009610087844577356 
 0.001825  T17-2838     0.0202537    0.010327401152245418    0.01527289    0.007787674452734269    0.01924605    0.009813600412119601    0.01042457    0.005315507604500722    0.02734397   0.011182234632273148   0.06332342   0.007707254148575095   0.09204018    0.01663042614928505   0.00440954  0.00045747725635708934   0.02765499  0.0027772041464398348  0.05093705   0.005115264421084287  0.07313772   0.007344727988039237  0.07567867   0.007599898459359882 
 0.001825  T17-2840    0.01666427     0.00849714281039721    0.02121026    0.010815152962837651    0.01633488     0.00832918522605831     0.0107375    0.005475071222139581    0.01735354   0.008848603908991294   0.04331061   0.006021542588619381    0.0841299    0.01744173210148866  0.005301631   0.0005390828524382182   0.02022023   0.002056042627451885  0.03589572  0.0036047650832589967  0.04922072   0.004942904972393477  0.04863832   0.004945663749045723 
 0.001825  T17-2664    0.01143808    0.005832300292384215    0.03524048    0.015517602647600047    0.03060764    0.012562277737484393    0.03464533    0.013391401410550315    0.06077377   0.010812366571529565   0.09415854   0.010468370520503228    0.1293092   0.020067703031139365   0.00818273   0.0008320400576143915    0.0444994      0.004468774650697  0.08159898   0.008194435260361295   0.1246172   0.012514465008328923   0.1287167   0.012926150166021012 
 0.001825  T17-2654    0.02822251    0.013879271421692171    0.02524573    0.012872851893392892    0.02921973    0.012511156782581256    0.04126514    0.012625684182736237    0.08622497   0.013074262155100953    0.1335144   0.014536840636050498    0.1807505   0.022574185192493663   0.01809305   0.0018169629988338343   0.06790847   0.006819589673440845  0.09598595    0.00963922163432397   0.1532648   0.015391350266888251   0.1469193   0.014754114514881232 
 0.001825  T17-2710     0.0120945    0.006167009150714793   0.003447211     0.00175774010593751    0.01594913    0.008132491528902136     0.0162951     0.00830890328759458    0.02365165    0.00964222923887552    0.0380302   0.005986260270400545   0.04023082    0.01570345383588031  0.003469313  0.00035993137536555344   0.01548951  0.0015750113867925813  0.02990209   0.003040517885302312  0.04271163    0.00428924096337064   0.0428483   0.004356920307747894 
 0.001825  T17-2801    0.01527991    0.007791257886755515    0.02946697    0.015025270406548729   0.001307213   0.0006665503614841492    0.01753422    0.008940732993562888    0.03847044   0.010197216150888241   0.06644252   0.008004056891371588   0.09472171    0.01679975657553826  0.004998442   0.0005082538486364172    0.0250471  0.0025153113460400405  0.05182702   0.005204638103891976  0.09177919   0.009216765105796651  0.09749654   0.009790920014721446 
 0.001825  T17-2780    0.01482258    0.007558060505017673    0.01272295    0.006487456051465859   0.002748282   0.0014013543546855804    0.01378778    0.007030413965751092    0.02689901    0.00964498287097582   0.03093996   0.005758776180634302   0.05057386   0.015541382805049749  0.003186068  0.00033954108164263423   0.01267894  0.0013154039818221665  0.02161654  0.0021980228222454132   0.0336445   0.003421055329386118  0.03476328  0.0035348156273801454 
 0.001825  T17-2769    0.01370127   0.0069863052896810204           0.0                    99.0   0.005820033   0.0029676456933850595           0.0                    99.0    0.02553029   0.008856109790060759   0.02846635   0.005314359239222166   0.05221264   0.015303120834659706   0.00308997  0.00032929985670614864   0.01153656  0.0011968853340531874  0.02667318  0.0027121944141051614  0.04553952   0.004573226882420579   0.0470667   0.004785857554221643 
 0.001825  T17-2835   0.002961503   0.0015100766489466982           0.0                    99.0           0.0                    99.0    0.02132943    0.010875922881284559   0.004160267   0.002121327771185276   0.02167338   0.005345561806179496   0.04469757     0.0130548766314182  0.001912891  0.00021855476957710165  0.009523073  0.0009879917754263595  0.01835452  0.0018663326465750525  0.02835734  0.0028834439227143384  0.02960597  0.0030715353550112186 
 0.001825  T17-2836    0.01645292    0.008389377974719461    0.01570679     0.00800892090942906    0.02353312    0.011733202658172405    0.02213162    0.011052950259109283    0.02094278   0.009232236323942754   0.03585552   0.006201027343039216   0.03481501   0.014024773346525106  0.005561901    0.000565547742859973   0.01779983  0.0018099303820691584  0.02627167   0.002671367889685247  0.03702344  0.0037646342454938433  0.03657912  0.0037194546751658153 
 0.001825  T17-2788   0.004884659    0.002490697646115002    0.03651237    0.014178128918745557    0.02188116    0.011157246182004591     0.0184396     0.00940238900286523    0.03740788   0.009847845250274804   0.08585843   0.009913707171661517    0.1485366   0.020806762377361836  0.006136723   0.0006239970522382699   0.03576187   0.003591323430799571  0.06898967  0.0069281673052942055   0.1169383   0.011743324892834398   0.1267157   0.012725203220535419 
 0.001825  T17-2802    0.01206128    0.006150068246729299    0.00487955   0.0024880920667551673   0.001139603   0.0005810858915329557   0.005473222    0.002790806578022533   0.006253874  0.0031888625561550567   0.02051816   0.004811939554062582   0.03040231   0.014974678682010542  0.002199832  0.00025133880002514535   0.01127777  0.0012018783516910352  0.01861822  0.0019315874520290715  0.03099786  0.0031519384989874472  0.03268485  0.0033234757452957906 
 0.001825  T17-2765    0.04190635    0.011386051967895851    0.04457142    0.014921880311936697    0.06267459     0.01508770443901858    0.04956363    0.011715071915672092     0.1225573   0.015101629813757983    0.2013894   0.020667396351466846     0.235649    0.02694578942717396   0.02804516    0.002816386279246006    0.0993938   0.009981449040676443    0.162458    0.01631456129909257   0.2228051   0.022374813639814327   0.2181755   0.021909894059155104 
 0.001825  T17-2828   0.007844554    0.003999953392143233    0.01204852    0.006143563858991294           0.0                    99.0    0.01380408    0.007038728309300267    0.02819675   0.009491839934479985   0.04328294   0.006204652334423018   0.07259417   0.015319014995993998  0.003299785  0.00035165997066514417   0.01679587  0.0017078452883569285  0.03465798  0.0034804672028426356  0.05568706   0.005592275891073886   0.0609712   0.006122926433102905 
 0.001825  T17-2830   0.001227448   0.0006258779342759097    0.02843017    0.013175617200540892    0.00846762   0.0043176559613688536    0.02450459    0.012494933355355724    0.03900147   0.010724202970855455     0.106923   0.011794405177209066    0.1698909   0.021716900976672525    0.0083781   0.0008519057680272449   0.04684014   0.004703839382115815  0.08669155   0.008705847730671075    0.152899    0.01535461545286967   0.1599851   0.016066224652026655 
 0.001825  T17-2887   0.009718267     0.00495536379742082    0.02451015    0.012497778216012036  0.0008563778  0.00043666871132076593     0.0289316    0.011033539422438295    0.03865394   0.009980500091576573   0.03807415   0.005905989581148023    0.0311839   0.013151969298055712  0.003862116  0.00040068356649131494   0.01660277   0.001688210394407489   0.0261473  0.0026587216392528214  0.04217378   0.004235228313376034  0.04182884   0.004253259103487877 
 0.001825  T17-2717    0.01122989    0.005726143805130727    0.03180036     0.01459058266806696    0.01764367    0.008996541762139161    0.01765667    0.009003170487506831    0.04061619    0.01011216347804969   0.04713703   0.007052869943583889   0.05730344   0.014736168590757777  0.008276268   0.0008415512430318727    0.0270504  0.0027164892481590206  0.04512156   0.004531253974061044  0.06159887   0.006185959102459421  0.06297668   0.006324323269059772 
 0.001825  T17-2695           0.0                    99.0   0.002148717   0.0010956345009285214    0.00703513    0.003587226515066201    0.02505577    0.010491153170959283    0.01310032   0.006679880692592346    0.0270764   0.006008416103028817   0.04910829   0.015395669994181514  0.005503614   0.0005596209751591251   0.01859711  0.0018909997799098127  0.02692217  0.0027375122984151434  0.04133576  0.0041510716116449934  0.04067354   0.004135785348366818 
 0.001825  T17-2632           0.0                    99.0   0.006838204   0.0034868135633928233    0.01484899    0.007571528976714413    0.01339332    0.006829280003179251    0.02124566   0.009710543492260616   0.02422822   0.005502741854443837   0.04875195   0.015262858921058171  0.003308584    0.000352597661880861   0.01245194  0.0012918534141349166  0.01935015  0.0019675707334643423  0.02975893  0.0030259610441274753   0.0305146   0.003165803117627526 
 0.001825  T17-2748           0.0                    99.0    0.01354499    0.006906615851561241    0.01415058   0.0072154093354462575    0.01104785    0.005633320273324605    0.01469338   0.007492182153482722   0.03073004   0.005034553001153628   0.06345116   0.014267831143641139  0.002137524   0.0002442198686777347   0.01199355  0.0012442967755080818  0.02376095   0.002416071695169007  0.03808506  0.0038725823791397698  0.04087412    0.00415618082948406 
 0.001825  T17-2771   0.005845566    0.002980665510199452           0.0                    99.0   0.002078703   0.0010599352062867285    0.01296321   0.0066099641137187725   0.009797886  0.0049959611905957555   0.02564031  0.0050774095670801465   0.04995667   0.014885239950531164  0.003644179  0.00038836221962577666   0.01201191  0.0012462015452657288  0.01842919  0.0019119761241135546  0.02799062   0.002846154938938443  0.02793182  0.0028978470392060102 
 0.001825  T17-2716    0.06154694    0.011898562259518417    0.02829213    0.014208046203453485    0.08567927     0.01491461074647706    0.06750033    0.012958392993777776     0.1255548   0.015954813370167135    0.1841558   0.019062339434566367    0.1815196   0.022816211045351066   0.02594039   0.0026050184268739908    0.1009912   0.010141865122698174   0.1401076   0.014070061428093377   0.1826544   0.018342749574834224   0.1687424    0.01694566125910184 
 0.001825  T17-2774   0.005113582    0.002607425440235682   0.005423996    0.002765706144564921    0.02741289    0.012480214784466693    0.01120583    0.005713874583600343    0.02414716   0.010501723814510453   0.03112824   0.005479829241319478   0.01215963   0.006200217103645485  0.005538035   0.0005745554165429215   0.01892216  0.0019240516720838894  0.02434818  0.0024757826869949632  0.03497213   0.003556052015322505  0.03123552  0.0032405965324181223 
 0.001825  T17-2670    0.02357775    0.010801783662572817     0.0230893     0.01177327912551979    0.04089016    0.013712782437268376     0.0372329    0.011708040676462481    0.05209809   0.011486652803757977   0.06987585   0.008260791620730124   0.07423444   0.015950852022498234   0.01133527   0.0011383247228677282   0.03706941  0.0037226308561661885  0.06243962   0.006270389955623178  0.08556169   0.008592383510068455  0.08401826   0.008437387245309428 
 0.001825  T17-2612    0.02476899    0.012198796983813652    0.01850637     0.00943643417557681    0.01855212    0.009459762189851497   0.006924064   0.0035305937449365307           0.0                   99.0   0.04333458   0.006740019200050768   0.04606742   0.015926472478344472  0.002637954  0.00029042376327437463   0.01450105  0.0015044427312658633  0.03172382  0.0032257558793714323  0.04662917   0.004682653079105824  0.04783706   0.004864189657629876 
 0.001825  T17-2646    0.01055779    0.005383439684202842    0.01430473    0.007294007779506271      0.021894    0.011163793323060044      0.020563    0.010485113825800843    0.03604169    0.01017799449001703   0.04657343    0.00698651183709539   0.07684891   0.016624334195473243   0.00411855   0.0004272878570063629   0.02230244  0.0022677668275149477  0.03817847  0.0038340062707559425  0.05521053   0.005544421197155736   0.0567183   0.005767255993364609 
 0.001825  T17-2583    0.02728018    0.012295854356506668    0.03341913    0.014864737876584605    0.03754168    0.013409727052487832    0.04292021    0.012091882264347474    0.08392824   0.014373681571016383    0.1110597   0.012442495806282757    0.1495538   0.020466118629747558   0.01118771   0.0011235062651608846   0.04131307   0.004148793006369896  0.06970843   0.007000347522639399   0.1004758   0.010090107004873089    0.106869   0.010732132943148818 
 0.001825  T17-2570   0.009041267    0.004610159195769912  0.0007989749   0.0004073988115680507    0.01511636    0.007707859500288001           0.0                    99.0    0.02321596   0.011078858112712519   0.03139486   0.006084127291608879   0.04817934    0.01511503364602461  0.003907907  0.00040543426548176714    0.0130458    0.00135346471404815  0.02045735  0.0020801535688356183  0.03032071  0.0030830842186414954  0.02888033   0.002996252258528412 
 0.001825  T17-2560   0.006675765   0.0034039860906063127           0.0                    99.0           0.0                    99.0    0.01390928    0.007092367052841245    0.01827755   0.009319759391647458   0.04332089   0.007084116149980955   0.07060014   0.017055977649970584  0.004361497   0.0004524929254351387   0.02530649  0.0025732260136460696  0.04473842   0.004492777812279527  0.07406529   0.007437877584470134  0.07735807   0.007768549280675424 
 0.001825  T17-2191   0.008822535   0.0044986283027258715    0.02250575    0.011475730744707502           0.0                    99.0    0.02214023     0.01128935138344666    0.01383891   0.007056487213685432   0.02474159   0.005587672485032118   0.04865481    0.01527178710437521  0.001849816  0.00021134819891288406   0.01149873  0.0011929605474160702  0.02366076   0.002405884142408626  0.03327953   0.003342038764864741  0.03714013  0.0037297327929413245 
 0.001825  T17-2181    0.01950247    0.009944349470487147    0.01777615    0.009064094553235917    0.02389928    0.012186289508081776           0.0                    99.0           0.0                   99.0   0.04068662   0.007259958999604612   0.03584778   0.016220726230097838  0.001891444  0.00021610437427634362   0.01004472  0.0010704715617622404   0.0184901  0.0019182953355675032  0.02647586   0.002658792062237768  0.02769265   0.002815856619934909 
 0.001825  T17-2313   0.003119673   0.0015907278405931952   0.001466408    0.000747724496804993           0.0                    99.0    0.01368687    0.006978963682162131    0.01488618  0.0075904932108661425   0.03167108   0.006484401580413801    0.0282178   0.014146200592968417  0.004914967   0.0005099138820450469   0.02345514   0.002384976189010733   0.0453738   0.004556584743865436  0.06905332   0.006934559242045969  0.07074918  0.0071048630299552435 
 0.001825  T17-2389    0.01969309    0.010041546980455254   0.002471374   0.0012601584251385855    0.01702119    0.008679139956618396    0.03448345    0.014222663819728884    0.04560263   0.012461545598149893    0.0545078   0.008208116864342516    0.0849157   0.017624236270936677  0.003483943  0.00037128578241393784   0.01949288   0.001982083891200582  0.02975168  0.0030252238553812334  0.04088174   0.004156955656018747  0.04398269    0.00447226787848385 
 0.001825  T17-2380           0.0                    99.0           0.0                    99.0    0.03351303     0.01392428259906804    0.02504609    0.012049136219886512    0.05079689   0.011247286555397305    0.1136264   0.012521314258029147    0.1477625    0.02062739422068139  0.008307336   0.0008447103146565692    0.0447664   0.004495587654497511  0.09000612   0.009038707641068662   0.1306446   0.013119756105071505   0.1366838    0.01372623222540024 
 0.001825  T17-2295    0.00619786    0.003160300908251618    0.03083406    0.015722347362329074    0.02304879    0.011752627900373644    0.02183914    0.011135820102008474    0.04854396   0.012463019782031801   0.07262738   0.009737068364181492    0.1821205   0.025335927369885238   0.00825824   0.0008397181095806855   0.03195806  0.0032093324435441654  0.05153649   0.005175462133474359  0.06376551    0.00640354014684576  0.07143391   0.007173625837280431 
 0.001825  T17-2398    0.01077629    0.005494853260574845    0.02128129    0.010851366395539365    0.02308988    0.011773574868651578    0.01379164    0.007032386109606042    0.02228577   0.010920386548553537   0.02770189   0.005768344018291732   0.04974357    0.01605547231525591  0.003037143   0.0003343721909606868   0.01532061  0.0015894697862374769  0.02465554   0.002507035809642782  0.03956444   0.004023009352436458  0.04023991   0.004091692778495712 
 0.001825  T17-2463   0.005672256   0.0028922944030093756     0.0243447    0.012413410035256228   0.006779361    0.003456809893159329     0.0647153    0.014635945702020762    0.07891607   0.012899347224047774    0.1149032   0.012593941640266601     0.117171    0.01857933392504694   0.01273525   0.0012789152736757039   0.05458248   0.005481350366955413   0.0913966   0.009178344170781482   0.1233388   0.012386083871767702   0.1166673    0.01171611009891615 
 0.001825  T17-2430           0.0                    99.0   0.003157978   0.0016102591445496717  0.0001223528    6.23879216684648e-05   0.007074159   0.0036071279686161416    0.03584241   0.011591410971132074   0.04130129  0.0075571521407314535   0.06963787   0.015854955000559574   0.00575713    0.000585399097444675   0.01661242  0.0016891916555301946  0.03023372   0.003074238864676855  0.04906545  0.0049273122524572405  0.05043107  0.0051279549550375505 
 0.001825  T17-2222     0.0153925    0.007848665786297695   0.001730604   0.0008824383566301727   0.005711009    0.002912055123620741    0.00841638    0.004291528585381204   0.002243527  0.0011439783049368945   0.02800728   0.005831349103604157  0.001539555  0.0007850221967830018  0.004005703  0.00041558032190778724   0.01113965   0.001155707029529993  0.01918258  0.0019505317961959017   0.0270205   0.002747510751243023  0.02761934   0.002865428057616551 
 0.001825  T17-2189    0.01645663    0.008391266769216971    0.01190186    0.006068779677643604    0.04175731    0.014545128388912936    0.02814293    0.013965513226156388    0.04023446    0.01094966905362057    0.0759656   0.009265200355403222    0.1224863   0.020800266780832403  0.006471289   0.0006580165562404719   0.03698434  0.0037140878519376142  0.07394183   0.007425479339231862   0.1033245   0.010376182689035094   0.1076612   0.010811688243745064 
 0.001825  T17-2201           0.0                    99.0           0.0                    99.0    0.01280627    0.006529940101472447    0.01179236   0.0060129454139697626    0.03786237   0.011740164830915664   0.04367563   0.008070269110448424   0.04511839   0.015624129204916381  0.005884984    0.000598399613595898   0.02742516  0.0027886575708383435  0.05133298   0.005155024996288345  0.07299887   0.007330784224041057  0.07394709   0.007426007561304351 
 0.001825  T17-2195   0.008051622    0.004105537769407296           0.0                    99.0   0.002894267   0.0014757928813451061   0.006738457    0.003435952863740929    0.01311281  0.0066862493679648236   0.02228165   0.005162032996685125   0.05310481     0.0151138706322193  0.003147721   0.0003354544047618097   0.01186706  0.0012311738099134541  0.02283146   0.002321558877857075  0.03625914   0.003686918350561023    0.041783    0.00424859798051589 
 0.001825  T17-2286    0.01218298    0.006212126255951742    0.01654318    0.008435401724849148    0.02427334     0.01237702343200723    0.01662765    0.008478469220357764    0.03817241   0.010758744588295652   0.04783828   0.006891322119409309   0.03859037   0.016867089691389236  0.005014051   0.0005201935411756859   0.02582497   0.002625946322583775  0.04484693   0.004503674738514012  0.06313984   0.006340708331276267  0.06276041   0.006302604724150095 
 0.001825  T17-2271    0.05096857    0.013357975040976421    0.04760681    0.018085277054481666     0.1777063    0.022991995941268346     0.1314133     0.01896685934674742     0.2641388   0.029533507570610372    0.4423229    0.04487132591378229      0.51781    0.05362325947204627   0.03991477    0.004008371169074411    0.2369087    0.02379114307882242   0.3530812   0.035457563775961876   0.5616331    0.05640102464544704    0.524177   0.052639561161324296 
 0.001825  T17-1090    0.03781506    0.019281972884768194    0.03481512    0.017752297624807442    0.04592709     0.02341830790834985    0.03207347    0.016354320036959927    0.06777195    0.02222489627360328   0.09438325   0.015051620257584398   0.06723548    0.01615331653900226   0.01493745   0.0015000673672425516    0.0576939   0.005793809300268714  0.07512962  0.0075447610740155555  0.09402182   0.009441977313987417  0.09651567     0.0096924178505897 
 0.001825  T17-1187     0.0424683    0.021654669040911248    0.07244759    0.030079565424603147      0.077031     0.02859060267230476    0.06577747    0.027827046806991735    0.06999889   0.020669414743865414    0.1976931    0.02174224634670367    0.2065539     0.0256579019900108   0.02234342   0.0022437989889591823     0.100687   0.010111316357688816   0.1460942   0.014671255235981992   0.1887663    0.01895652650332608   0.1925263   0.019334117865646837 
 0.001825  T17-0834           0.0                    99.0           0.0                    99.0    0.06070727    0.030954760337597982    0.06001709    0.026415324760280367    0.07565472   0.021224120325358222    0.1309784   0.016612490289176995    0.1731671   0.023269489645116843   0.01525666   0.0015321234809964929   0.07000682  0.0070303128112953524   0.1144579   0.011494234986745138   0.1497349   0.015036866176633383   0.1637645   0.016445764346524883 
 0.001825  T17-0931           0.0                    99.0    0.01819867     0.00927953734514356           0.0                    99.0    0.04244966    0.021645164468537908    0.03108455    0.01585007760502847   0.03811562    0.00950487271439276   0.06559522    0.01577386956198396   0.00253724    0.000270395101847518   0.01537246  0.0015948490316514475  0.02760269  0.0028067092707883302  0.03681893  0.0036974768395286826   0.0399255   0.004009448708140654 
 0.001825  T17-0896    0.04943301    0.021992673688821945     0.0692444    0.028048478051575277    0.04528653     0.02309168511438715      0.105724      0.0271407102280412     0.1630361    0.02676989316251001    0.1856109   0.020676249016971647    0.1963815   0.024019320798627924   0.02994017   0.0030066893550085632     0.108439   0.010889797452103873   0.1606778   0.016135787841286494   0.1949603   0.019578548165650616   0.1918483   0.019266030954014475 
 0.001825  T17-0974     0.0497693    0.021148273967418713    0.01282292   0.0065384299689625796           0.0                    99.0   0.006129186   0.0031252839016439704    0.02300793   0.011731783500834347   0.03659218   0.010365692362005977   0.05430096   0.014806909101946835  0.002693282   0.0002870245899351289    0.0165411   0.001681939638073522  0.03456924  0.0035150851728367838  0.05290941   0.005313335233889227  0.06040724   0.006066291739410469 
 0.001825  T17-1070           0.0                    99.0    0.02836768    0.014464735387535576    0.07700335    0.027924436705864364    0.01064659   0.0054287150551608435    0.03435844   0.017519435601660686   0.05079895   0.009735681321638769   0.03107651    0.01537236534950627  0.008649069   0.0008794585548839128   0.03084388  0.0030974428579340673  0.04844207   0.004864710397735862  0.06738098  0.0067666174157969975  0.06601936   0.006629879091128321 
 0.001825  T17-1923    0.03239292       0.016517213118225    0.01569139    0.008001069399958797    0.03175398      0.0161914163654235    0.03544021    0.018071027332679263    0.02263665   0.011542476910140431   0.07810332   0.011537452897257047    0.1013609   0.017438547758944836   0.01097896   0.0011025429158159784   0.04189268   0.004206999338527499  0.06785185   0.006813903716885256  0.09061946   0.009100301234542293  0.09622743    0.00966347185019172 
 0.001825  T17-1424    0.04308731    0.019284745122711916    0.05134334    0.025034448283668166           0.0                    99.0    0.02249553    0.011470509740957854     0.0876365   0.020825432669716613    0.1549431   0.018458006770640217    0.1729422   0.023016811051952874   0.01111321   0.0011300184491966668   0.06323203   0.006349966341969164   0.1169192   0.011741406801076097    0.170022   0.017074162898763765   0.1648904   0.016558830806008496 
 0.001825  T17-1904    0.01871825    0.009544472201030814    0.04364733    0.022255863641525774           0.0                    99.0    0.01191247    0.006074190717928192    0.04839488   0.018506791718475787    0.0441179   0.009467048259612339   0.08078969   0.015810596570017876  0.002830442  0.00030164179824575043   0.01650407   0.001678174340022943  0.03214956  0.0032285634989088507  0.05116061   0.005137715047552355   0.0553449   0.005557915070682635 
 0.001825  T17-1380   0.001790043    0.000912746418717017   0.005879245    0.002997838988309621    0.00186685   0.0009519105559531369           0.0                    99.0           0.0                   99.0   0.08232827   0.011771682009774558    0.1043648   0.016526830860537058  0.004447292   0.0004613939121562833    0.0257219  0.0026154658974643584  0.05975443   0.006000734424621954  0.09839016   0.009880660231615206   0.1088665   0.010932728456414895 
 0.001825  T17-1219    0.01909364    0.009735886255712933    0.03604641    0.018380129895593258           0.0                    99.0      0.034329     0.01750442408821267    0.05143774   0.020622039113918293   0.05986338   0.011165914659239879   0.08447871   0.017498740103605772  0.005597159    0.000580689348619251   0.02183278   0.002220010638300898  0.04037502   0.004054590976449695  0.07166113   0.007196444011962892  0.07372292   0.007403495678329139 
 0.001825  T17-1601    0.03381298    0.017241304483272255    0.06432514    0.026965171856492887    0.06329279     0.03167514473498647     0.0123323    0.006288262854167358    0.08731299   0.019140515994815838    0.1215946   0.014791451886508268    0.1412148   0.020180677465308244  0.008426188    0.000856795471400643   0.05241928   0.005264114780076928  0.08896308    0.00893396216373318   0.1286981    0.01292428223038746   0.1262917   0.012682623776845233 
 0.001825  T17-1247    0.01743894    0.008892147574476032    0.07085418    0.024885670907112873    0.03330853     0.01698407954100572    0.02722227    0.013880683690525803    0.02608263   0.013299579030678715   0.05744352   0.010267699132664922    0.1011988   0.016713913640272884  0.009265845   0.0009421738642111072   0.03321745  0.0033358044871006757  0.05054848   0.005076242952964692  0.07185591   0.007216004454698164  0.07186468   0.007216885168976104 
 0.001825  T17-1410   0.004574644    0.002332619902374015           0.0                    99.0           0.0                    99.0    0.08007683     0.02551081392529429    0.01369893   0.006985110157953488   0.03339688   0.009465644395756317   0.04946702    0.01364172226074494  0.003860793   0.0004005462972369736   0.01978335   0.002011619583665073  0.03146165   0.003199097763173394  0.04345048   0.004363438680653561  0.04422848  0.0044972603873062195 
 0.001825  T17-0775    0.04950865     0.02292921351036326    0.03678056    0.018754479316087022     0.0152241    0.007762798297688792   0.001268131   0.0006466225695372611    0.04101981   0.020767833633153966   0.04582673   0.009749312042436892   0.04262213   0.016287210534473635   0.01147507   0.0011668132969171589   0.03998476   0.004015399799032332  0.05859635   0.005884436261181209  0.08153819   0.008188330539480636  0.07517158  0.0075489748369714955 
 0.001825  T17-1007   0.008410888    0.004288728203864339  0.0006859599  0.00034977234059324944    0.04076714    0.020787244237336897           0.0                    99.0    0.05586699   0.019851923001782498   0.03140088   0.008846890769537511   0.06101403   0.016306232915437858  0.004510803  0.00046798300505435027   0.01838031  0.0018689550245026873  0.02899345   0.002948125134261774  0.04490442   0.004509448062110485  0.04683567   0.004762365880370176 
 0.001825  T17-0990   0.003491871   0.0017805123270852156           0.0                    99.0           0.0                    99.0    0.05794663    0.027070069914790926    0.05519669   0.020385228107197156    0.0623022   0.011114850309675071   0.08268804   0.015961290162202303  0.005320361   0.0005409873649218736   0.02977974  0.0029905784533963073  0.05467063   0.005490202677761634   0.0774337   0.007776144293549641  0.07797859   0.007830863919525697 
 0.001825  T17-0768    0.02514641    0.012822198625777133    0.02678286    0.013656632576982365           0.0                    99.0           0.0                    99.0    0.01588636   0.008100486944576666   0.06658417    0.01194853814780444   0.05284688   0.015563984622189268  0.004627108  0.00048004931166446845   0.01857407   0.001888657018428174  0.02967192   0.003017113632675709  0.04495277   0.004514303533885055  0.04426256   0.004500725729546098 
 0.001825  T17-0817     0.0659987    0.022329384573796476    0.02781078    0.014180770990823596    0.03548762    0.018095206687096556    0.04259883    0.021721231445525572    0.03367044   0.017168623059125504   0.09249513   0.013269247927234233    0.1118243   0.017989251439526326   0.01881978    0.001889943588942157    0.0522928   0.005251413248830285  0.07347207   0.007378304505804626  0.09665006   0.009705913724858677  0.09642421   0.009683233137542492 
 0.001825  T17-0732   0.004939602   0.0025187126987381947    0.02810119    0.014328846713614498           0.0                    99.0    0.01887777    0.009625810779730973    0.03788502   0.018127688865823575   0.07519543   0.011959497638855614   0.09498456   0.016205357984519688  0.004275235  0.00044354348977192757    0.0226785   0.002306005516507038  0.04743773  0.0047638513058993305  0.07865484   0.007898775137977081  0.08852022   0.008889488728904826 
 0.001825  T17-0804           0.0                    99.0    0.04309974    0.021976641529077547    0.01951739    0.009951957207601428    0.02062324    0.010515830319350727    0.06558611   0.018474906307825244   0.07558254   0.012607602864328176    0.1174745    0.01993066124941418  0.008331527   0.0008471701122437276   0.03925406   0.003942020525391882  0.06837565   0.006866505411444311  0.09095407   0.009133903872012942  0.09426337   0.009466234546209717 
 0.001825  T17-0873    0.01572958    0.008020542555481206           0.0                    99.0    0.02463474     0.01256130199722847           0.0                    99.0           0.0                   99.0   0.04840428    0.01020246077134693   0.06628556    0.01463034205181943  0.003208425  0.00034192365828286875   0.01611007  0.0016381114437118008   0.0340219  0.0034165899701383896  0.05438203   0.005461220526433446  0.06009432   0.006034867284907168 
 0.001825  T17-0918    0.07078516    0.026105173069166886    0.01819866    0.009279531265543373     0.1014773     0.02789095997833169    0.06119796    0.024902364852037968    0.09688031   0.021441893081578896    0.1837188   0.020263770297210958    0.2312968   0.026805690310715745   0.02111789    0.002120727271157093   0.08709981   0.008746846527970992     0.15109   0.015172949737216558   0.2004587    0.02013071529295877   0.1926741   0.019348960488174447 
 0.001825  T17-0988   0.006617131   0.0033740875190096374    0.04129353     0.02105564662260955   0.004936446   0.0025171034481797044    0.03305153    0.016853034739506383    0.04532631   0.019794702349241352   0.03693676    0.00899957480192681   0.03504819   0.013841905653787739  0.006281663   0.0006387349083242124   0.01828202    0.00185896066853317  0.02922988   0.002972165952844383  0.04334949   0.004353296940812327  0.04246364   0.004317807116652944 
 0.001825  T17-0908   0.004895233   0.0024960883687679992   0.006030259    0.003074840341011515           0.0                    99.0   0.008107081     0.00413381691201807    0.01677699   0.008554619938935101   0.05084332   0.010350472774334948   0.08596149    0.01709115368469317  0.007891546   0.0008024317552483327    0.0256102   0.002571859677648392  0.03976632   0.003993463343584609  0.06001109    0.00602650906432835  0.05662176   0.005686141508097428 
 0.001825  T17-0809    0.01430874    0.007296052486331222   0.007579026    0.003864560146802707   0.003483747   0.0017763689030516972           0.0                    99.0           0.0                   99.0    0.0295109    0.00853551025788734   0.06525608   0.017392513959107923  0.002171742    0.000248129420600722   0.01241508  0.0012880292616867987  0.02877049  0.0029254540278707167  0.04686579  0.0047064152344869666  0.05325607    0.00534814796383688 
 0.001825  T17-0841    0.01117963    0.005700517113636096    0.04137183     0.02109558175120774    0.07322195    0.027336779547489223           0.0                    99.0    0.03830408   0.019316302270117953   0.02448996   0.008429804233998854   0.04321184   0.014874716223520231  0.002181993   0.0002402250387880914    0.0103641   0.001104508037192016  0.01905748  0.0019378113442198755   0.0251005  0.0025522804224597344  0.02773378  0.0028773009375220536 
 0.001825  T17-0805    0.02222571     0.01133293780224885           0.0                    99.0           0.0                    99.0           0.0                    99.0    0.04931129    0.02011013321016897   0.04066482   0.009379983579094635   0.04414307   0.014722015423410919  0.002663987  0.00029328982194904075   0.01275277  0.0013230636351433025  0.02544078  0.0025868809299016762  0.03951525    0.00401800759492436   0.0428398  0.0043560559843853295 
 0.001825  T17-0728    0.01419874     0.00723996621342372   0.004631381   0.0023615497190979506    0.01672803     0.00852965611997723    0.02805427    0.014304931919863479    0.05429988   0.018124734151237748   0.03745632   0.009932021429853694   0.07872559   0.015073715467729945  0.002332565   0.0002665040294958783   0.01304323  0.0013531981136010388  0.02481927  0.0025236842927029144  0.03712742   0.003775207190266219  0.03986279   0.004053346310798164 
 0.001825  T17-1194    0.03976351    0.020000195602546015    0.02486823    0.012680354100948008           0.0                    99.0    0.04933317    0.024582143631981915    0.05585274   0.020394577786006653   0.08852109   0.011770433653898443    0.1416858   0.019652122964435675  0.005019471    0.000520755861403422   0.03211723  0.0032253168123149325   0.0667848   0.006706747071692393   0.1109632   0.011143285868112736   0.1183233   0.011882411073082098 
 0.001825  T17-1094    0.01703968    0.008688568043699031   0.004618354   0.0023549077166679293           0.0                    99.0    0.01761646    0.008982668310623353    0.01878893   0.009580510109791546   0.07403527   0.011145701899516467     0.112374   0.017325842873837337  0.004388322   0.0004552759424473031   0.02673637    0.00268495333516622  0.05751248   0.005775590516807452  0.09363929   0.009403562408713043    0.106374   0.010682423442236152 
 0.001825  T17-0285    0.01000994    0.005104088919569976    0.01950937    0.009947865832790167    0.04235484    0.021596815565510023    0.04062604    0.020715297072000104           0.0                   99.0   0.06691466   0.013214020867213582   0.05453254    0.01906123474539139   0.01694622   0.0017017945955268075   0.04446859   0.004465680607478306  0.07565533   0.007597554577750442   0.1064852   0.010693590500076159   0.1045892    0.01050318805282026 
 0.001825  T17-0282    0.00511474   0.0026080159066953564   0.002382811     0.00121499948833002           0.0                    99.0           0.0                    99.0    0.02786627   0.014209070353007933   0.04268733   0.011272569467024322   0.06012917   0.018773254235653684  0.002441279    0.000278924971378344   0.01509827   0.001566402637556947  0.03034195    0.00308524396207257  0.04684908   0.004704737162316297  0.04819827  0.0049009183888281595 
 0.001825  T17-0338           0.0                    99.0    0.08830953     0.04211072106733283    0.01853976    0.009453458821152023   0.005286082   0.0026953835268451578     0.1230142    0.03047359455911462    0.2262279   0.025671729361219517     0.252986    0.03393437741519505   0.01837022   0.0018447973099774402    0.1034634   0.010390131496160308   0.2019539   0.020280868209625446   0.3154885    0.03168238239548971   0.3447036   0.034616257863988836 
 0.001825  T17-0302      0.049428    0.025203433651786417           0.0                    99.0           0.0                    99.0    0.04717659    0.024055440202380023    0.01602258   0.008169945788390826   0.04674483   0.011917534815039937   0.08742367    0.01970663741310498  0.004707593   0.0005016908466170178     0.019264   0.001958810797585106  0.03736821   0.003799691305550414  0.04892853   0.004913562298376969  0.05225761   0.005247879346365262 
 0.001825  T17-0324   0.006591798    0.003361170663166189    0.03742413     0.01908264181782672    0.06644476    0.033880312781598934    0.08248423     0.03599638831809282    0.00274775  0.0014010830868474576   0.02578861    0.01314965765894006   0.01830436    0.00933342692122138  0.006188761   0.0006420663850058263   0.02361057  0.0024007807243047858  0.03209304   0.003263299059916416  0.03962125  0.0040287859364832425  0.04629464    0.00470735261150314 
 0.001825  T17-0391           0.0                    99.0    0.04204036    0.021436461599846555    0.03507511    0.017884871936044745    0.01697637    0.008656282228835771    0.02744566   0.013994595590343295   0.08227019   0.015023526221109378   0.07119381    0.01789948732439175  0.007476707   0.0007602499106967984   0.03291938   0.003305871329547732  0.05821042    0.00584567991822618  0.08052495   0.008086577678099298  0.08519904   0.008555965018982068 
 0.001825  T17-0400    0.03642992    0.018575687295862408           0.0                    99.0     0.1046473    0.038707596159433616           0.0                    99.0    0.03329381   0.016976583590088468   0.02646722   0.011468068280498856   0.04796307   0.016690546478193846  0.001956144   0.0002327457128426859   0.01191763  0.0012364202769943118  0.02403261   0.002443694757519851  0.03379992   0.003436858808762771  0.03659765  0.0037213388808933667 
 0.001825  T17-0119    0.04625208    0.021452905949256945           0.0                    99.0    0.03201379    0.016323889088502807    0.01358863    0.006928869933879911    0.06464319    0.02211151662536654   0.02009007   0.009985475633517414   0.06467575   0.017110142783060726  0.002557497   0.0002815658969664118   0.01370254   0.001421599598503042  0.02592117  0.0026357281620833454   0.0401781  0.0040348156197037325   0.0458196   0.004659049371276853 
 0.001825  T17-0222    0.02561764    0.013062484625219507           0.0                    99.0           0.0                    99.0   0.007258069   0.0037009030559099505    0.09051893   0.030255279046572173   0.08902225    0.01450338639696002    0.0897896   0.021335892959613856   0.01843706   0.0018515095986601207   0.05446937   0.005469991490768059  0.08136327   0.008170764501019752   0.1129988   0.011347707487812858   0.1053595   0.010580544038841807 
 0.001825  T17-0273    0.06083047    0.028991627821098785    0.05515124    0.028121724895883892     0.1362432    0.036658487731919605     0.1129546    0.031127905084147568     0.1982057   0.030665736310628515    0.3175464   0.033687750630341885    0.3661829   0.040076365157366754   0.03907663    0.003924202417033302    0.1715534   0.017227951007587207   0.2784251   0.027960355133155947   0.3613197   0.036284900735816125   0.3573644   0.035887696691349585 
 0.001825  T17-0308    0.09653098     0.02704877885450846    0.04724371     0.02408966482135526     0.1165093    0.034358665763188474    0.09437233    0.027398419494720657     0.2465827   0.032723933113507304    0.3399639    0.03580096562572859    0.3970328    0.04243316173847172   0.03246304     0.00326004417596378    0.1569643   0.015762866134619205    0.263054    0.02641673922677606   0.3551777   0.035668101088523745   0.3823337   0.038395195031433675 
 0.001825  T17-0289   0.006542232    0.003335896863045115           0.0                    99.0    0.05463895    0.027860502322318688    0.01096521   0.0055911829566449535    0.04582321   0.023365339293642647   0.05887882    0.01170018024619809   0.07122481    0.01784241719893807   0.01156494    0.001161388937707093   0.03496318   0.003511116380988224  0.05151227   0.005173029879867238  0.06766225     0.0067948634657396  0.06956098   0.006985540110285824 
 0.001825  T17-0188    0.03481492     0.01775219564441717    0.02327436    0.011867641580638338     0.1004606     0.03248941586419338    0.03155608    0.016090506769249502    0.01241551   0.006330690814959297    0.0563223   0.012017115599552167    0.1153766   0.020404516243008555    0.0102699   0.0010442686268208243   0.03888194    0.00390465101890922  0.06664491   0.006692698865559266  0.09105096   0.009143633882226703  0.09908192   0.009950129028308089 
 0.001825  T17-0156    0.02245093    0.011447768113927228           0.0                    99.0           0.0                    99.0    0.00967478     0.00493318920097172    0.04034825   0.020573656311835407   0.05925968    0.01217497869191663    0.0561692   0.017344612791622072  0.004562801   0.0004733776611396233   0.02753115   0.002764767731186237  0.05155519   0.005177340045303732  0.07513376   0.007545176823470226  0.09356803   0.009396406240956836 
 0.001825  T17-0259    0.06272462    0.023488914545085813           0.0                    99.0    0.08155834     0.03275025140936259    0.00681805    0.003476536999465129   0.009744894  0.0049689404663893245    0.0483057   0.011219968804970004   0.02408476   0.012280866122019896  0.004831846   0.0005012902924998648   0.01889562  0.0019213530170096385  0.02995304  0.0030456986002383906  0.03933129   0.003999302103058187  0.04272372   0.004344252716381036 
 0.001825  T17-0269    0.02923042    0.014904648197051281           0.0                    99.0           0.0                    99.0    0.02471429    0.012601859794555763    0.06312364    0.02328301656290473   0.04525737   0.010695610789793074   0.05830745   0.016133898297950963  0.007380412   0.0007504584022997411   0.02427957  0.0024688062797053744  0.03856876   0.003873200463043704  0.05310174   0.005332649636467599  0.05667704  0.0056916929105001795 
 0.001825  T17-0237           0.0                    99.0    0.02598537    0.013249985966889512           0.0                    99.0           0.0                    99.0    0.02418875   0.012333885923038407   0.05653107   0.012098194625374854    0.0826423   0.018544764647571023  0.002610394   0.0002873895575068273   0.01288561  0.0013368454066640465  0.03367652   0.003424311214212904  0.05294522   0.005316931388646674  0.06347606  0.0063744726292187665 
 0.001825  T17-0354    0.06435078    0.024681108682951904    0.08885677    0.030537429268272222     0.1751527      0.0363267024545485     0.1342799      0.0326219397132436     0.2434037    0.03371142618370513    0.3659516    0.03820947050988407    0.3883311   0.041817982435891146   0.05082515   0.0051040270529544235    0.1900146   0.019081884829371575   0.2879575   0.028917629720312418   0.4110703   0.041281018077156284   0.4111804    0.04129207467229207 
 0.001825  T17-0363           0.0                    99.0    0.02130887     0.01086543929716461           0.0                    99.0   0.007993925    0.004076117466229384    0.04109042   0.020952085340172323   0.04554217   0.011843852753457762   0.05973609   0.017836811891514724  0.002945254   0.0003138774023356891   0.01044606  0.0010837490364078947  0.02758152  0.0028045566470406976  0.04324278    0.00434258076922888  0.04835947  0.0048564154435777876 
 0.001825  T17-0342    0.06250825    0.027347109475047357           0.0                    99.0           0.0                    99.0    0.03066634    0.015636826607047096     0.0506757    0.02033135898067318   0.07282309   0.012672021317180657    0.1144703   0.019089235734669946  0.006252408   0.0006357601875877414   0.02991785  0.0030044479147919943  0.06132751   0.006158708240154655  0.08958728   0.008996646360711446  0.09324842   0.009364309965617011 
 0.001825  T17-0389    0.03994505    0.020368054039240593    0.02187613    0.011154686278092673     0.1078898     0.03417034992950467     0.0291969     0.01488755628364172     0.1738226    0.03178751896371436    0.2863714   0.030227584968362923    0.4068573   0.044280234886830715    0.0183099   0.0018387397762087384    0.1092325   0.010969483369569464   0.2217419    0.02226804367370113   0.3433823    0.03448356867279145   0.3797294   0.038133662790408286 
 0.001825  T17-0199    0.05590958    0.023819311097936145    0.07206904     0.03111505066448255      0.097836     0.03212615515421041     0.1615338    0.031819256944757526      0.200553    0.03054427151525471    0.3696538   0.038904189359245105    0.4615963   0.049382718341181873   0.02787416   0.0027992139087047725    0.1926742    0.01934897053774244    0.299424   0.030069133044589254   0.4620754    0.04640311626746618   0.4897819   0.049185493186055015 
 0.001825  T17-0138    0.08665887    0.024070684004690625     0.1207272    0.030058946273593824     0.1789015     0.03857296030699355     0.1608191    0.032342588957819995     0.2951676    0.03611158796201712    0.3871343    0.04007647070258183    0.4352874    0.04628498900295538   0.05421979    0.005444927865213354    0.2257921   0.022674777879551192   0.3229409   0.032430776748220445   0.5088061   0.051095965354080404   0.4518936    0.04538062674395801 
 0.001825  T17-0203     0.0292768    0.014928297449555324           0.0                    99.0   0.005850798    0.002983333317208964    0.02009655    0.010247265157685976    0.04994351    0.02326147133203962   0.04911055   0.011801272480962594   0.07465474   0.018143378654726244  0.003095273  0.00034077197986344187   0.01475968  0.0015312749097448214  0.03099508  0.0031516558053687038   0.0523521   0.005257368350377639  0.05698008   0.005722125164721479 
 0.001825  T17-0174     0.0112272    0.005724769227139553           0.0                    99.0           0.0                    99.0           0.0                    99.0    0.02226715    0.01135406813911318    0.1048644   0.015481108576171153    0.1215764    0.02225165809995291   0.01856072   0.0018639279338628547   0.08334491   0.008369767244213306   0.1161496   0.011664121088658332   0.1528924   0.015353952639958255   0.1688706    0.01695853554203122 
 0.001825  T17-0240    0.00934994    0.004767552651092172    0.03935466    0.020067017929080944    0.04449404    0.022687597819857793     0.0370932     0.01891389506215999    0.03471731    0.01770241921204164   0.04075904   0.013523554983853766   0.06401097   0.017656190636810905   0.00505527   0.0005244699158791569   0.02115245  0.0021508330399544638  0.04273674    0.00429176258476072  0.05853804    0.00587858058615633  0.06285054   0.006311655869658218 
 0.001825  T17-0227  0.0009519552   0.0004854038140866122           0.0                    99.0  6.163195e-05  3.1426256473980874e-05           0.0                    99.0    0.05869546   0.023990931003854684    0.1472952   0.018106540805631538    0.2122469   0.028292082524639293  0.008470413   0.0008612923861583417   0.04448359   0.004467186951266088   0.0982487   0.009866454366494378   0.1624254   0.016311287524522673   0.1780754   0.017882911498685695 
 0.001825  T17-0242    0.01925573    0.009818535282428077    0.03387925    0.017275100588492243    0.01140463     0.00581524113036923    0.01388509    0.007080033505218531     0.1181308   0.024666125040443625     0.117121    0.01556019885623574    0.1027766   0.018358668672537232    0.0148659   0.0014928820832537312   0.04202586   0.004220373704738984  0.06647694   0.006675830767640162  0.08798044   0.008835282259820795   0.0870854   0.008745399430776757 
 0.001825  T17-0267     0.0430913    0.021972337956608076           0.0                    99.0           0.0                    99.0    0.02207959    0.011258430929116233   0.002695789  0.0013745875812625438   0.04172687   0.010597252861751389   0.07571454   0.017979691309411183  0.002498609  0.00028547514544010656   0.01443437   0.001497524880316414  0.03198401   0.003252212641293661   0.0520171   0.005223726556277907  0.05763173   0.005787565987064978 
 0.001825  T17-0152    0.04042742     0.02061402034642112    0.03402394     0.01734887339893101    0.08508196     0.03285416519608002     0.1386451     0.03072461667805963     0.1852756    0.02779760766102184     0.260252   0.027805835267575203     0.329694   0.037091001142876966    0.0407655    0.004093804244573599    0.1448465   0.014545957207344452   0.2308789   0.023185610884163245   0.3222724    0.03236364381182566   0.3283448    0.03297345400413223 
 0.001825  T17-0183   0.005061181   0.0025807055777921687    0.03943507     0.02010801424208639           0.0                    99.0           0.0                    99.0    0.01761677   0.008982825399647596   0.03093326   0.010166680967970866   0.05401422   0.017155270536618885   0.00368366   0.0003821692689305225   0.01581568   0.001608177139554051  0.02397462   0.002437798212887853  0.03560004  0.0036198994397282644  0.03756899  0.0038201071079164727 
 0.001825  T17-0181    0.04189292    0.021361281656138147      0.010876    0.005545694603564191           0.0                    99.0    0.04694477     0.02393722492620916           0.0                   99.0   0.04127126   0.010858215463140156   0.03371999   0.014746737325171322  0.002502238  0.00027548218281720144   0.01022918  0.0010612483830787635  0.01858731  0.0018900032959663878   0.0301038  0.0030610282648084533  0.03155656  0.0032087484617777206 
 0.001825  T17-0300           0.0                    99.0           0.0                    99.0    0.04108662    0.020950147712757158    0.06886428     0.02547365019246523    0.09545573    0.02364703157359141   0.09945336   0.014010346053225133    0.1116545    0.02018402884070968   0.01107638   0.0011262734905107905   0.04453759   0.004472609810913754  0.07259557   0.007290283518452695   0.1009965   0.010142397401283944   0.1017402   0.010217082128239073 
 0.001825  T17-0395     0.0618202    0.028273644708646954    0.03954836    0.020165785937059234    0.01482343    0.007558497843999031    0.08776706     0.03295944036512963   0.002755236   0.001404900212855333   0.00628432   0.003204387030966141   0.03178469   0.015819235333632945  0.002031721   0.0002523683827378144   0.01021112  0.0010882048687882995  0.02280958  0.0023193340557053034  0.03380814   0.003437694635275683  0.03848924    0.00391368039875251 
 0.001825  T17-0398           0.0                    99.0    0.01510383    0.007701473370579489    0.02248306     0.01146415616652774   0.006401388    0.003264080232607869    0.07818116   0.023644125576875456    0.1226189   0.016297870443251167    0.1325975   0.020443630766576175   0.01224095   0.0012292760555383361   0.05070323   0.005091783451833454  0.08914368   0.008952098604937559   0.1161453   0.011663689140665102   0.1162316     0.0116723556812078 
 0.001825  T17-0201     0.1147188    0.023628608406050917     0.1557766     0.03189266898469302     0.1928035      0.0352128476528809     0.1604286    0.030385533923431397     0.2944359    0.03714098117380584     0.403958    0.04171925798948131    0.4502373    0.04772880694005456   0.07048626    0.007078459745868606    0.2523074   0.025337530648233443   0.3464379    0.03479042196354941   0.4903317    0.04924070590647319   0.4569726   0.045890676432557946 
 0.001825  T17-0249     0.0735473     0.03750191178720626           0.0                    99.0    0.04624803     0.02358196564642585           0.0                    99.0   0.005074924   0.002587713650600035   0.09197189    0.01900690067033868   0.09120443   0.024766148618894073  0.009925043   0.0009967051348036744   0.03998441   0.004015364643887401  0.05739918   0.005764212555612431  0.07495926   0.007527652965680345  0.07913077   0.007946569580344887 
 0.001825  T17-0385    0.07893952     0.03241470734704239    0.04288243    0.021865839638931066    0.07293022     0.03718726149106148    0.03894214     0.01985667317610621    0.08535224    0.03170838904409645    0.1656628   0.022283207581012657     0.160512    0.02666159039049246   0.02845108    0.002857150090913813   0.08987998   0.009026040250838628   0.1346142   0.013518396228893574   0.1796919   0.018045245644951167   0.1717978    0.01725249454243905 
 0.001825  T17-0423     0.0200735    0.010235516820610477  0.0006745952  0.00034397740885760275    0.06980553    0.035593971059765285     0.0526407     0.02684159565091837    0.01190218   0.006068945788010057   0.06210064   0.014942935477080668   0.06729168   0.024627474289263283  0.008418511   0.0008560148580201749   0.02690914  0.0027361873980431407  0.04512645    0.00453174504941805  0.06435217   0.006462454450770091  0.06508722   0.006536270568786474 
 0.001825  T17-0433    0.02710376    0.013820260113173558    0.03201216     0.01632306285122544           0.0                    99.0           0.0                    99.0    0.03208089   0.016358103509439014   0.05467364     0.0166352445357108   0.08898255    0.02395257442057377   0.00607137   0.0006173518072820716   0.02015544  0.0020494545987675868  0.02974169   0.002986757353403221  0.04403276   0.004421913134503084  0.04177207   0.004247486580067677 
 0.001825  T17-0352    0.01840674    0.009385633624743563           0.0                    99.0    0.09382524    0.044465420879130066     0.1153286    0.037137305545078256      0.101689   0.038992573623351665    0.2050607   0.025467071429029684    0.2472014    0.03472120219104892   0.02921148    0.002933511940111935     0.112006   0.011248007189798955   0.1709199    0.01716433285196369   0.2303075   0.023128229107932607   0.2305935     0.0231569501447519 
 0.001825  T17-0337    0.04146026     0.02114066747786304    0.04269753    0.021771558768124734    0.02790708    0.014229874548739493     0.1320193     0.04144429611354739     0.2428554      0.047665161702901    0.3910343    0.05457300426048487    0.3166041    0.05876592147646542   0.04577186    0.004596559228123385    0.1975137    0.01983496884517654   0.2954322    0.02966826347583156   0.3728538    0.03744319270714933    0.356287    0.03577950069544886 
 0.001825  T17-0322    0.04187752    0.021353429166087214     0.0542059    0.027639694185185915    0.05622445    0.028668951866198823    0.09359858    0.040179043084138576      0.133577    0.03577890036127578     0.175984    0.02461129926802118    0.1853916   0.027703320528109983   0.02527971   0.0025386707980618603   0.09825936    0.00986752488003455    0.163619    0.01643115277234586   0.2157909   0.021670424852276524   0.2059358   0.020680743604873614 
 0.001825  T17-0406    0.05842727     0.02979217408269207     0.0209086     0.01066133594019061    0.01245885    0.006352791926692547    0.02582341    0.013167402246847364           0.0                   99.0   0.01985671   0.010124973215413955   0.07435904   0.023447548083217914  0.005854883    0.000607427487881352   0.01967235   0.002000332830452125  0.02911082  0.0029600595975089756  0.04253225   0.004271227035180553  0.04061755   0.004130092143034201 
 0.001825  T17-0390    0.04019085     0.02049339774469146  0.0002550405  0.00013004559959661267    0.05358302    0.027322086457723247    0.04837441    0.024666201151950434    0.01367026   0.006970493230169369   0.02197704   0.011206135581100918   0.06961991   0.022210795245667835   0.00247806   0.0002728203382689971   0.01280377   0.001328354771739252  0.02834063   0.002881744828756259  0.04590373   0.004609802036709385  0.05055732    0.00514079238100549 
 0.001825  T17-0220    0.01486828    0.007581364985356133           0.0                    99.0    0.01671156    0.008521256073676991    0.01164804    0.005939360286672295    0.06506698    0.03192474965278199    0.1107901   0.018222695149208858    0.1184613   0.024761877899571752   0.01158164   0.0011630660049209633   0.04394973   0.004413574985545687  0.07014629   0.007044318845928998   0.1035628   0.010400113594614806   0.1126006   0.011307718906645142 
 0.001825  T17-0235    0.01979295    0.010092465789317991    0.05059691    0.025799468044653186    0.06814289      0.0347461876793573    0.09473251     0.03998347237683842     0.1110056    0.03127945235603878    0.1595024   0.021415634563059296    0.2003694   0.030214070429579663   0.02391621   0.0024017436882592716   0.08635993     0.0086725453643384   0.1323702   0.013293046442508052   0.1698248    0.01705435936654133   0.1605857   0.016126538884376308 
 0.001825  T17-0136        0.0445     0.02269063683548789    0.00160921   0.0008205393191468645    0.04145395     0.02113744509364661    0.00692393    0.003530525418075049    0.02732589    0.01393351973072565   0.06364299   0.015543184950372978   0.04004798   0.020420543149997358  0.007224093   0.0007345635031852455   0.03757962  0.0037738678049594175  0.07227102  0.0072576911521433935   0.1017972   0.010222806245638474   0.1050137    0.01054581768932128 
 0.001825  T17-0130    0.04617677     0.02354562022756523    0.02580878     0.01315994728420232           0.0                    99.0    0.05896248     0.03006508360898243           0.0                   99.0   0.03287359   0.015059588177735173   0.07496977    0.02310926291551786  0.004132545  0.00042873979954654315   0.01855419  0.0018866355718075605  0.04370167   0.004388663994194684  0.07564504   0.007596521220097278  0.08141451   0.008175910185192783 
 0.001825  T17-0114    0.01728233    0.008812294771615678    0.02956709    0.015076311984112063           0.0                    99.0    0.07329854     0.03737506857778613    0.07348588   0.034702696298671724    0.1202491     0.0194629228817385    0.1226491    0.02693940882514314   0.02032678   0.0020412814374797905   0.06659195  0.0066873804480465475  0.09432003   0.009471924531764027   0.1368789   0.013745824808410044   0.1354899   0.013606336920588288 
 0.001825  T17-0167           0.0                    99.0     0.1007698      0.0431290495143401   0.005333654    0.002719640582475221    0.06123513    0.031223907375835733  1.639502e-05  8.359851709993725e-06   0.08174855   0.018208191169886288    0.1177095   0.025600346552642605   0.01568729    0.001575368743296975   0.04795444  0.0048157410088644605  0.07344198   0.007375282764446348   0.1161164    0.01166078692496527   0.1040496   0.010448999645444046 
 0.001825  T17-0185    0.02995664    0.015274949192167415    0.03447886    0.017580837994643373      0.035897    0.018303950347944017    0.02992452    0.015258571141489756    0.01551869   0.007913008352378379   0.06904197   0.017466827582569452    0.1599887   0.026494255819616827  0.006221443   0.0006326115897394942   0.03593743   0.003608953731466477  0.07261702   0.007292437591628383   0.1148746   0.011536081362263183   0.1226654   0.012318458873402143 
 0.001825  T17-0210    0.04133566    0.021077133694723676   0.007996608    0.004077486023455217    0.03409722    0.017386239013926618           0.0                    99.0    0.05693121    0.02902933016934151   0.08945782   0.017530863774601183   0.05129562    0.02475589718408008  0.007982119   0.0008116414553266854   0.02902803  0.0029150892879932513  0.05288712  0.0053110967993715355  0.08202233   0.008236949455231712  0.08512259   0.008548287654679444 
 0.001825  T17-0031    0.06679272    0.034057738264593906           0.0                    99.0           0.0                    99.0    0.05212877     0.02658056644786241    0.09490603    0.03746945490747909    0.1704364   0.023778740303254078    0.1773131   0.030471619885043853   0.03074135   0.0030871464648040093    0.1169268   0.011742169926237016   0.1659258   0.016662809101669774   0.2153413   0.021625274553484612   0.2040858   0.020494960592945772 
 0.001825  T17-0127     0.0456043    0.023253721560373943           0.0                    99.0           0.0                    99.0    0.06605251     0.03368030864408165    0.08874715   0.035532339703025814    0.1077426   0.019016739971816937   0.08288548    0.02306528000335578  0.005464304   0.0005669060247436518   0.03182337   0.003195806429742734  0.06134519   0.006160483719762678  0.09379111   0.009418808657013104  0.09437768   0.009477713934669287 
 0.001825  T17-0143           0.0                    99.0    0.05582301    0.028464256826845155    0.02508441    0.012790584704792858     0.0332154    0.016936597275178978    0.04163487   0.021229706360493282   0.08753448   0.016953324488276748    0.1374966    0.02889615154952645   0.01202666   0.0012077563545020826   0.04908576    0.00492935184310151  0.08661289   0.008697948436003208   0.1237226   0.012424626324011883   0.1288812    0.01294266978239034 
 0.001825  T17-0293    0.05770817     0.02942550358946961    0.08096911    0.041286312091727465     0.1498994     0.05387869693481832     0.1479212     0.04785183936398788     0.2414729    0.03883917351325206    0.3246115   0.035345612996050865     0.409992    0.04607348904391766   0.03435435   0.0034499756928562685    0.1605794    0.01612590622016887    0.269926   0.027106847892448157   0.3639043    0.03654445477110569    0.346033    0.03474976061161751 
 0.001825  T17-0253    0.02885903     0.01471528061423937    0.03626594    0.018492073573878515     0.1279001     0.04707932297187482    0.05102857    0.026019562515170177    0.08475536   0.029996296212820944     0.085076   0.019186575132693694    0.1360515    0.02997476069673618   0.01502453   0.0015088122210434273   0.06567778   0.006595576521545338   0.1032476   0.010368460193391712   0.1468705   0.014749213810879175   0.1501847   0.015082036574561275 
 0.001825  T17-0307    0.07194339     0.03650446495522187           0.0                    99.0           0.0                    99.0   0.006401283   0.0032640262026126404    0.06238933    0.03181243620809461    0.1306514    0.02153356368553984    0.1930293    0.02770155043345047  0.009763074   0.0009927333298026264   0.05537469   0.005560906672508458    0.100201    0.01006251064837439   0.1406375   0.014123275660209319   0.1408078   0.014140377784661342 
 0.001825  T17-0396           0.0                    99.0    0.05946166    0.030319616465061955     0.1028935     0.05246561604379958    0.05486995     0.02797828967308268     0.1033777   0.033465658121689466    0.1138187   0.018671863102660644    0.1703491    0.02764722108430068   0.01058357   0.0010761633776209634   0.05310589   0.005333066390879069   0.1012685   0.010169712489108647   0.1546725   0.015532716139911558    0.167432   0.016814066645378684 
 0.001825  T17-1696   0.002625274   0.0013386323354527784   0.009904783    0.005050468669780547   0.006639778   0.0033856357587924075    0.01387329    0.006481546624723532    0.01569254   0.005576841747937717   0.03090121    0.00392403158800869   0.03713416   0.008288150487674558  0.004131034  0.00042858305102937746   0.01224855  0.0012707522454235682  0.02013609  0.0020474870505576464  0.02816464   0.002863849707494309   0.0274397  0.0028467909274469457 
 0.001825  T17-1870  0.0003380465  0.00017237061902920838   0.009281581    0.004732696753889543           0.0                    99.0           0.0                    99.0    0.00465791   0.002375077398255897   0.01929615   0.003304123184880673   0.02041072   0.006941306972395617  0.001564767  0.00018617889099607939   0.00829544  0.0008840497494655434   0.0178277  0.0018127642748970122  0.02685678  0.0027308632878685108  0.02791745   0.002896356154629254 
 0.001825  T17-1542    0.01162155    0.005925852003400102   0.002912449   0.0014850639186247204     0.0154392    0.007520035491405609     0.0209768    0.006611792103998734    0.01574094   0.005624734866727497    0.0472166   0.005410891928122849   0.06001897   0.009041653385184206  0.005215866   0.0005303620548904306    0.0192212   0.001954458789478499  0.03648432   0.003663874211229556  0.05168535   0.005190411134678366  0.05093552   0.005115110772752263 
 0.001825  T17-1731   0.006428437   0.0032778730607805253    0.00814781    0.004154584218304643    0.02823126    0.007547978035932538    0.03711382    0.006951789695829988    0.04800831    0.00714627804754454   0.08199576   0.008612172305281926    0.1067497   0.013205883631366022  0.007643152   0.0007771744594191514   0.03724743  0.0037405082019467957  0.06899152   0.006928353084729239  0.09703338    0.00974440797586258  0.09752731    0.00979401003811294 
 0.001825  T17-1927    0.01255007    0.006399305182695539           0.0                    99.0    0.01053554    0.005372094365785099    0.03039729    0.007066144220880083    0.01560434  0.0051467309141757156    0.0381156   0.004738000764488014   0.03297297   0.007729121145397127  0.005360641    0.000545083133264978   0.01912078   0.001944247856412451  0.02664842   0.002709676755826128  0.04074652   0.004091898212296891  0.03841342   0.003905970808995593 
 0.001825  T17-1936    0.01285884    0.006556747608216745   0.001718572   0.0008763031182933505    0.03290696    0.008527514000954792    0.03346205    0.007876380360177763    0.06804204   0.008481816855937472     0.118362    0.01207524475750351    0.1716514   0.018393680845105585   0.01124989   0.0011297505833214206   0.04717535   0.004737502261965287  0.09553567   0.009594003053498838   0.1452185   0.014583314636002476   0.1532259   0.015387443736395725 
 0.001825  T17-1537    0.01985896   0.0073549665211281555    0.01666146    0.008495712927655925    0.01255609    0.006402372831281383    0.01701795    0.006210661924937954    0.03582151   0.006689455450408277   0.08173282   0.008587351280314787    0.1073539   0.012700143478504487  0.006249248   0.0006354388727267164   0.03181419   0.003194884558093635  0.06328295   0.006355079904210708   0.1001756   0.010059959919923214   0.1034074   0.010384507846926272 
 0.001825  T17-1847    0.04970184     0.00906405357731032    0.04444073     0.01674411188798704    0.05159716    0.008970006566446873    0.05778309     0.00900320665594798     0.1005786   0.011488636156805386    0.1382922   0.014165754172611638    0.1748563   0.019218839315653505   0.02393514    0.002403644695751983   0.07130225   0.007160404114444171    0.116692   0.011718590599621142   0.1563357   0.015699740040966442   0.1512014   0.015184136885021028 
 0.001825  T17-0887           0.0                    99.0           0.0                    99.0    0.01173366    0.005983018091747675    0.02011757    0.006406533255409981    0.02132479   0.005685870743870458   0.03873367   0.004591897082929124   0.04688287   0.008231742138138499  0.002990659  0.00031871624518183884   0.01695466  0.0017239914235290413  0.03211377  0.0032249693540650024  0.04527811   0.004546975236752367  0.04817009   0.004898052976325574 
 0.001825  T17-0975    0.02802959    0.007857169668250839    0.03755177      0.0173676256448983    0.04142922    0.008403665925079363    0.03102058   0.0069896171050566145    0.06231624   0.008564339141621203    0.1019008   0.010576757606140174    0.1205266   0.013996456034902585    0.0123237    0.001237586074876879   0.04589655   0.004609081000504267   0.0810387   0.008138170124796852   0.1159639   0.011645472431318062   0.1186347    0.01191368286586713 
 0.001825  T17-1011           0.0                    99.0  1.194652e-05  6.0915528793719755e-06   0.002191766   0.0011175857603229204    0.01082694   0.0055206768526691544    0.02003895   0.005471303237703153   0.02212353   0.003357842464564709   0.03339538   0.008381856651395798  0.001204878   0.0001565009115386952  0.007169419  0.0007893122885390927   0.0159183  0.0016514784306351717   0.0256574   0.002608907385315334  0.02957337  0.0030070928373436634 
 0.001825  T17-0836   0.007661902    0.003906818780923559    0.01093904    0.005577836861416529   0.005088568    0.002594670752824381    0.00884218    0.004508644836269985     0.0315229  0.0057743843745740545   0.05603685   0.006660705206241304   0.04771421    0.00892989301826405  0.002661323   0.0002836187056784565   0.01559673  0.0015859138039109346  0.03637951  0.0036533488530366615  0.05006994    0.00502818640947424    0.065984   0.006626328131912275 
 0.001825  T17-0769   0.009769223    0.004981346361254284           0.0                    99.0   0.006748845    0.003441249725211649    0.01135707   0.0057909931353045995    0.01398215   0.005616738960670061   0.03075789  0.0038817505356275794   0.02843988   0.007877942292663993  0.001768269  0.00020203115464865714   0.01068415   0.001108450205908326  0.02059787  0.0020944419557585954  0.02946692  0.0029962687367431668  0.03004015   0.003054556154198677 
 0.001825  T17-0713   0.006532418    0.003330892685294475           0.0                    99.0   0.009908072    0.005052145247008229    0.01806378    0.006799505969441309    0.02642343   0.006049613163466322   0.02540352    0.00363609550670826   0.04170793   0.008178169847910045  0.003858587   0.0004003174453912545   0.01206934   0.001252159731502978  0.02337949   0.002377283915793444   0.0367832  0.0037402060498756703  0.03898056   0.003963638995150613 
 0.001825  T17-0734           0.0                    99.0    0.00422418    0.002153917624892837   0.005614185    0.002862683396501655           0.0                    99.0    0.01056682   0.004729372258949384   0.03156819   0.004013724009792652   0.03780749   0.007800634775379309  0.001874731  0.00020639723707938437  0.007720155  0.0008227412943819279  0.02388955  0.0024291480769694216  0.03896404    0.00391289577108494  0.04442565   0.004517309097653752 
 0.001825  T17-0822    0.01254159    0.006352582644474765    0.01716998    0.008755006306799784    0.03401669    0.008159247360334285    0.02448774    0.006611463201559546    0.03929877   0.006290534361618098   0.05314462  0.0059280447395899435   0.05574363   0.008923829202328898  0.009930856   0.0009972888961353801   0.03082818   0.003095866213027947  0.04839452   0.004859935276647623  0.06302782   0.006329458903664812  0.06185915   0.006212097261381493 
 0.001825  T17-0850    0.01066424    0.005437715805182999  0.0005362527  0.00027343634718071577   0.008039033   0.0040991181234512975    0.01384817    0.006981419651997579    0.01197222   0.005049923283318272   0.02606461  0.0034978434731888735   0.03003281   0.007580381761432401  0.003376581   0.0003503106883043492   0.01201292   0.001246306327945357  0.02083075   0.002118121782320497  0.02971274  0.0030212643227382823  0.03195187   0.003248944538355343 
 0.001825  T17-0904    0.00771665    0.003934734892956576    0.01079847   0.0055061599441139555     0.0129839    0.006620514965673063    0.01951085    0.006906513463018877    0.02688191     0.0055521526301676   0.05718897  0.0063640165207461555   0.06865046   0.009309931165238549   0.00413702  0.00042920408172105026   0.02137969  0.0021739393399098235  0.04357072   0.004375513577433561    0.061413   0.006167293434225754  0.06296013   0.006322661257854848 
 0.001825  T17-0949   0.009462703    0.004825051215123638   0.005579631   0.0028450642444743865   0.006597186    0.003363918014880113   0.001181973   0.0006026903391539804    0.01872629   0.005565920820203697   0.04074894  0.0048417930522959155    0.0549815    0.00905894973753078  0.003993827   0.0004143482062487299   0.01700373   0.001728980999161382   0.0327777   0.003291643364548845  0.04493077   0.004512094224771497  0.04691213   0.004770140512616014 
 0.001825  T17-0947    0.01615586    0.007328990469390788           0.0                    99.0     0.0124938    0.006370613980473233    0.01494073    0.006563970772449402    0.02674435   0.006104617623506406   0.04447074   0.005072264433650616   0.05310471   0.008375916274677356  0.004656969   0.0004735320369020682   0.01908289  0.0019403951009052283  0.03381136   0.003395446871099243  0.04804416   0.004824750978658381  0.05153882   0.005175696123321191 
 0.001825  T17-0808   0.008501751    0.004335059915161036    0.01474241   0.0075171826461578675   0.001212656   0.0006183354646114033   0.003848829    0.001962524927257845   0.009188481   0.004685223901637318   0.02006893  0.0030697844940400947   0.03193683   0.007052165230141023  0.002223472  0.00024479165005353027  0.007168613  0.0007892235599093137  0.01317429   0.001366795157440207  0.01935273   0.002007790789246601  0.02045465  0.0021221118671449464 
 0.001825  T17-0792     0.0113236    0.005773925736411925           0.0                    99.0    0.02615427    0.008830007701610743    0.01591948    0.007921587055333862     0.0468947   0.007267349390962567    0.0585384  0.0068324444879108975   0.07011538   0.010368704251619102  0.008675246   0.0008821202968191865   0.03027226  0.0030400389176247137  0.04567639   0.004586971811716856  0.05993381   0.006018748352812039  0.06096225   0.006122027647945623 
 0.001825  T17-0780    0.01585711    0.006936387905944274    0.03924457     0.01590974844055521    0.05278502    0.009691641254987103     0.0455983    0.008072237025441523    0.08660115   0.010248272688602164    0.1356894   0.013869244091825083    0.1701169    0.01814034766885522   0.01475016   0.0014812590960301309   0.05859975   0.005884777698861867  0.09792186   0.009833632020993922   0.1309398   0.013149401060139582   0.1434155   0.014402251527568044 
 0.001825  T17-0723    0.02517309    0.007386726637479216    0.01473033    0.007511025972327483    0.02677772    0.007776401542792463    0.03858917    0.007547547191579129     0.0425459   0.006570000469938264   0.09740636   0.010515647210886499   0.07539393   0.010434170883484944   0.01101169   0.0011058297639957788   0.03144987   0.003158298349280036  0.04542244   0.004561469322701097  0.05752845   0.005777194268032585  0.06076805   0.006102525456018619 
 0.001825  T17-0721   0.007111492    0.003626163647875898           0.0                    99.0   0.004059612    0.002070004080561543   0.009458037    0.004822671032037919     0.0152641   0.005420193517493264   0.03592909   0.004423876708601405   0.04197203   0.008503740441871036   0.00235504  0.00025927652683758323   0.01507901  0.0015332707555736822  0.02861742   0.002909889486210652  0.04002815  0.0040197571515807815  0.04462704   0.004537786955915433 
 0.001825  T17-0831   0.009871782    0.005033640905193401           0.0                    99.0   0.004533607   0.0023116955462864244   0.009900687    0.005048379130807104    0.01691197  0.0056902638973103875   0.02391598  0.0035132596323397447   0.02115025   0.007327826383324457  0.002407549  0.00026505745742178244   0.01119123  0.0011610583591895975  0.02128408   0.002164217480702861   0.0301892  0.0030697119416569626  0.03032821   0.003083846827064647 
 0.001825  T17-0848   0.004202416   0.0021428201188234534    0.01564111     0.00797543054926378   0.003409598   0.0017385606735506932   0.002686559   0.0013698821668321733           0.0                   99.0   0.01496022    0.00294394921890392  0.008145247   0.004153276849312972  0.001010134   0.0001312056998222501  0.006068024  0.0006680550029796724  0.01251953  0.0013342134444640258  0.01774126  0.0018406053687959948  0.02201528  0.0023461808932600256 
 0.001825  T17-0849   0.002345957   0.0011962075618146251    0.01578941    0.008051052930973067    0.01017269    0.005187074481573019    0.01466141    0.006984161675276568    0.03363961   0.006215786866177524   0.04041939   0.004927892828178186   0.04850378   0.008365711382867867  0.005064686   0.0005149897012051422   0.01816275  0.0018468330084951076  0.03293692    0.00330763275810361  0.04624393   0.004643966023140812  0.04685744   0.004764579504096034 
 0.001825  T17-0774    0.01707815    0.008081610525286777   0.003252552    0.001658482611697524    0.01702026    0.007350363538897719   0.006971596   0.0035548304044885405    0.01573221   0.005474069465374092   0.01991124  0.0032934515831558844   0.02505184   0.007235775553076532  0.002315656   0.0002549405722425719  0.008976062  0.0009312409566783885  0.01759441   0.001789042804267749   0.0259341   0.002637042938062716  0.02584123   0.002680954219211744 
 0.001825  T17-0741    0.00561207    0.002861605444164866    0.01622356    0.008272426863155696   0.002253699   0.0011491660081667965    0.01680991    0.006723985157989642    0.01674984   0.005453858989619736   0.03241258   0.004233177387813201   0.04586782   0.007992491096299325   0.00287334  0.00030621348986751055   0.01443166  0.0014674465876715274  0.02512604  0.0025548774169422373  0.03775261  0.0037912400243308732  0.03798371  0.0038622768508177452 
 0.001825  T17-0750   0.004411605     0.00224948648841669    0.01361432    0.006941966373268311   0.003154645   0.0016085591510554562   0.001231842   0.0006281185415082491    0.01710384  0.0057226555330143715   0.02412488  0.0035832777890240385   0.02203778   0.006596676795903601  0.005097122   0.0005182878727076705   0.01422155  0.0014460821178907822  0.02179966    0.00221664291414207  0.02803559  0.0028507276028840586  0.02875009   0.002982740192164495 
 0.001825  T17-0743   0.001949183   0.0009938923133144002    0.04703731    0.017143812698710313     0.0131014    0.006680427464377111   0.007969413    0.004063618749597665    0.02250208   0.005402676258357982   0.02310936   0.003565669863235378    0.0277953   0.007608613075225997  0.004989053   0.0005072991542070493   0.01305978  0.0013549150776004377  0.01948655  0.0019814402417929135  0.02461397   0.002502808878665371  0.02619571  0.0027177305541435655 
 0.001825  T17-0807    0.02316974    0.007564837007325736     0.0217992    0.011115454618071185    0.02956159    0.007921990677098591    0.03519505    0.006851713807905363     0.0623354   0.008057463131187695   0.09592038    0.00995500091355596    0.1075306   0.013050439433374496   0.01187209   0.0011922339356841844   0.04858694   0.004879258714665666  0.07351705  0.0073828215364258945  0.09876884   0.009918688512839042  0.09658128   0.009699006621301291 
 0.001825  T17-0715     0.0230517    0.007350643590517839   0.008759625    0.004466550370965858    0.02274015   0.0077497303420163595    0.03385655   0.0069470656585895315    0.04645729  0.0070917518594255675   0.08707606   0.009243286697431654    0.1129484   0.013060811664358728  0.007711264   0.0007841002421615811   0.04005002   0.004021953414598991  0.06456034    0.00648335955847825  0.09044749    0.00908303145656371  0.09291231   0.009330556703856262 
 0.001825  T17-0795   0.000772988  0.00039414808957730595    0.02300586     0.01173073290669837           0.0                    99.0  0.0003671586  0.00018721488659834078    0.01249173  0.0062011480534380084   0.01868965   0.004209217738549646   0.02196249   0.008223047830269566  0.002785609  0.00029686392300879203    0.0119724  0.0012421025220222726  0.02029187   0.002063327129921235  0.02886386    0.00293494811155523   0.0282578    0.00293166652256112 
 0.001825  T17-0824    0.01880559   0.0069316329940903535    0.03703912    0.016496715699939914    0.02140866    0.007851339633313541    0.01497837    0.006473135279400393    0.03397446   0.006117989303544098   0.06858116   0.007329011778627798    0.1041736   0.012151627604238865  0.005905171   0.0006004522848550916   0.02857396   0.002869490103686857  0.05206986   0.005229024892997684  0.07678717   0.007711217642226486  0.09459365   0.009499402340046509 
 0.001825  T17-0813   0.001099486   0.0005606302530083441    0.02109745    0.010757635826608233   0.009974716   0.0050861271526546166    0.01376909    0.007020884878860855    0.01993973   0.005539738293306733   0.02183541   0.003629505546458085   0.01979267   0.006966210476201893  0.001737807   0.0001985507615196993   0.01003392  0.0010409906680759872  0.01831553  0.0018623680517357896   0.0258216  0.0026256036486724268  0.02746951  0.0028498836354334278 
 0.001825  T17-0860    0.02656204    0.008135393638314007    0.05473019     0.01774655825071332    0.05348922     0.00898510292746327    0.05189381     0.00844413280864542    0.08301925   0.009928164394061271    0.1284045   0.013494089240649034    0.1290066   0.014768461998512948   0.01574035   0.0015806972012061642   0.06329204   0.006355992740420134   0.1050899   0.010553469911360887   0.1374069   0.013798848373879792   0.1381719   0.013875672081315557 
 0.001825  T17-0853     0.1077547    0.012959183764171106       0.10465    0.021117171154262118     0.1342613    0.016519376839077317     0.1385333     0.01618626652416684     0.2160925   0.023196226425954803    0.2239515   0.024192712774341037    0.1918803   0.020921479213951127   0.03800091   0.0038161751163020142    0.1460175   0.014663552811960034   0.2112971    0.02121914277142279   0.2591287   0.026022547851542056   0.2582484    0.02593414524658054 
 0.001825  T17-0767           0.0                    99.0           0.0                    99.0    0.00478052    0.002437596476512058    0.01655531    0.006108116852212718    0.02185996  0.0056817994335788555   0.04294026   0.004890236571963058   0.06090912   0.008995592420768351  0.003403158  0.00036267648925542446   0.01833108  0.0018639492063640037  0.03551236  0.0035662668215994176  0.05066432   0.005087875980584762  0.05203673  0.0052912224133590344 
 0.001825  T17-1028    0.02088469     0.00723948095332787    0.01112974   0.0056750761441214164    0.01855944    0.008524323982582783   0.008665388    0.004418498250485275    0.03593904  0.0059862590026861515   0.04766211   0.005896972141953021   0.04596918    0.01150067037605739  0.007810114   0.0007941515555986275   0.02324651  0.0023637621979202056  0.03531244   0.003546190207101723  0.04352246   0.004370667141098662  0.05012601  0.0050338171392634795 
 0.001825  T17-1076    0.01342067    0.006843226802129607    0.01383779   0.0070559151429192375   0.008329323    0.004247137560911383    0.01936611    0.007477594500022383    0.02540991   0.006308230435415703   0.03072948   0.003959438026409809   0.04125611   0.007929980549282704  0.005329704    0.000541937383290107   0.01640724   0.001668328441488294   0.0253066  0.0025732372120719866   0.0332014  0.0033759998165016672  0.03613725   0.003674524257526448 
 0.001825  T17-1141     0.0130577   0.0066581486714254135  0.0005932714    0.000302510244545651   0.008906846    0.004541618155856584    0.02584815   0.0072642839148294586    0.02753192   0.006304389890474177   0.04827444   0.005465255041782771   0.06106529   0.009207684222502257   0.00643087   0.0006539066432526895   0.02395205   0.002435503231703175  0.03892942   0.003909419114471386  0.05289391   0.005311778678947571  0.05491577  0.0055148204326722575 
 0.001825  T17-1302    0.02303241    0.007212963794614319           0.0                    99.0    0.01198991    0.006113680466783491    0.01770749    0.007473915685596206    0.02971089  0.0056706685995925555   0.03129059   0.004139921920539323   0.04720194   0.007925882964734024  0.006242068   0.0006347088036639164    0.0191529  0.0019475138837477515  0.02760665   0.002807111924992285  0.03737319   0.003753137431333023  0.03551367   0.003611117125113086 
 0.001825  T17-1051    0.01435847    0.007321409910372318    0.00746892   0.0038084168825463422   0.001603181   0.0008174652183401873   0.009841937    0.005018423371745422    0.01862923    0.00615043414720896   0.04636184   0.005629421803832522   0.06435004    0.00975302790552616  0.003037242  0.00031510523672654525   0.01708727  0.0017374755398456149  0.03587045  0.0036022273825601294  0.05174082   0.005195981622088781  0.05589611   0.005613269370779728 
 0.001825  T17-1129    0.01655245   0.0077018211085967195   0.008451248    0.004309307846621199    0.01029726    0.005250591006492507    0.01589232    0.006987195749479543    0.02696099   0.005963404188810448   0.03678831   0.004437734908113598   0.04453426   0.008003425818990079  0.005757176   0.0005854037843753404   0.01892806  0.0019246516018211815  0.02950328  0.0029628154391563174  0.04056474   0.004073643277905419  0.04297093   0.004369389603895799 
 0.001825  T17-1886    0.02492182    0.007592023182667779   0.008893306    0.004534714083435179    0.03919692    0.008942559940328497    0.03773771    0.007678521808533528    0.08797038   0.010263688029572412    0.1528276   0.015576357321199365    0.2492595   0.026053573195535466  0.009497348   0.0009537546108758563   0.06000451   0.006025848279673576    0.124346   0.012487230206989901   0.2092722   0.021015795721776132   0.2299379   0.023091112685475965 
 0.001825  T17-1959     0.0145183   0.0074029095004194126           0.0                    99.0    0.01734747    0.007393711749519655   0.005468711    0.002788505920029615    0.01117315   0.005697209026668585   0.02227359  0.0035299184336237857    0.0221104   0.007207145567677956  0.002226484  0.00023727767028635123   0.01196561  0.0012413980294331912  0.02228999   0.002266500869634047  0.03138769  0.0031915773458125315  0.03226602   0.003280888107253951 
 0.001825  T17-1473    0.01202825    0.006133226185275902    0.01471548   0.0075034539283497965    0.02637691    0.009368700625361928    0.02928479   0.0071660937684541225    0.03092227  0.0062046691017092126   0.05939736   0.006609009959919944   0.08639667   0.010886794522055149  0.004786104   0.0004866627997821327     0.023267  0.0023658456460887746  0.04845863  0.0048663734138975874  0.07191579   0.007222017797882265  0.07631327   0.007663627059344579 
 0.001825  T17-1694    0.02084669    0.008124560331039275    0.01337574    0.006820313965713015    0.06318552    0.010278343945281895    0.06283114     0.00902563514327363     0.1022799   0.011456191117980007    0.1650711   0.016764970361013737    0.2000088   0.020942848484828896   0.01600944   0.0016077200942333713   0.07836825   0.007869994845392714   0.1281663   0.012870877239910108    0.170059   0.017077878579179674   0.1629203   0.016360986975867346 
 0.001825  T17-1792   0.005721909   0.0029176120743098816   0.003199026   0.0016311895998490675    0.01044662    0.005326751923108866     0.0173618    0.007138108538850401    0.02329173   0.006159948648268506    0.0480493   0.005711208540771472   0.06952689   0.011515904140480938   0.00286939  0.00030579250963658347   0.01933432   0.001965961081986477  0.03861307  0.0038776502165885525  0.06036528   0.006062077976454529  0.06755682   0.006784275836911239 
 0.001825  T17-1849           0.0                    99.0   0.003490848   0.0017799902070986346   0.003996263   0.0020377027921352248           0.0                    99.0    0.01165309   0.005107740423184895    0.0198166  0.0031801093418436103   0.02721772   0.007324883494405082  0.001984785    0.000218513555674935  0.005168504    0.00061495834799261  0.01370503  0.0014218579552349806  0.02159597  0.0021959312347077835  0.02528699  0.0026234534241320467 
 0.001825  T17-1018     0.0213193    0.007390713292241081    0.02117155    0.010795419561203954    0.02885653    0.008211176498700354    0.02888824    0.006760782528916308    0.09039336   0.010317678009311252    0.1380632   0.014112744136107478     0.156883   0.016907874219757965   0.01012152   0.0010164359912236286   0.05503297   0.005526590042701808   0.1037229    0.01041619135099573   0.1405136   0.014110833233557966   0.1478236   0.014844927181856604 
 0.001825  T17-0971    0.02183246    0.007928327887576107    0.01323722    0.006749683327991396     0.0379118    0.009197253299707255    0.03474423    0.008158353583380044    0.06154403   0.008559418700439534   0.08994154   0.009509945132535993   0.09742294    0.01280279320458489   0.01336076   0.0013417310191079321   0.04624619   0.004644192978290051  0.07450661   0.007482196384352706  0.09907293    0.00994922622332361   0.1013741   0.010180317193031072 
 0.001825  T17-1116    0.00450851   0.0022988980467228207     0.0184119    0.009388261777070557   0.009329925    0.004757347453826055    0.02108683   0.0070330209773020015    0.03293029   0.006718591355912414   0.03580355   0.004288761524968485   0.03515534   0.007855903796836873  0.003871617   0.0003936755179033139   0.01651071   0.001678849527221234  0.02509051   0.002551264618837223  0.03617465   0.003678327175249581  0.03696781   0.003758977658264051 
 0.001825  T17-1127   0.008104255   0.0041323749485228526    0.01964563    0.010017343111521039   0.005955185   0.0030365599619151685  0.0003432471  0.00017502241511744746    0.01422577   0.005352227846836306   0.03144326   0.004127416217523501   0.04060683   0.008211712655095342  0.002146291  0.00022873145304626142   0.01110729  0.0011523498086582218  0.02287694   0.002326183418958017  0.03329062   0.003385071962534918  0.03433681  0.0034914511234323837 
 0.001825  T17-1100   0.006118123    0.003119643346646422           0.0                    99.0    0.01157138    0.005900267280758389  6.213791e-05  3.1684246465290624e-05    0.01847723    0.00546216843287215    0.0322571  0.0042117344776274775   0.05069587   0.008711076948498675  0.002069861  0.00022058626291195018   0.01071035  0.0011111683994253123  0.02440822   0.002481887723702104  0.03753393   0.003769279459091491  0.04569188  0.0046460624863043165 
 0.001825  T17-1169   0.006742826   0.0034381801350760787   0.002355995   0.0012013269381830453   0.008784997    0.004479487603275747    0.00521752   0.0026604236292560625    0.01722959   0.005417321416758008   0.02195665  0.0036462771947269727   0.02476291   0.007119789807024151  0.001753517  0.00020863674159756713   0.01043962  0.0010830809163526473  0.02276836  0.0023151427050292087  0.03081733   0.003133581762914555  0.03720296  0.0037828882831734815 
 0.001825  T17-0969   0.005583902   0.0028472425259989777  0.0005798405  0.00029566185145617365           0.0                    99.0   0.003562323   0.0018164349587817038    0.01102603   0.005622193232165273   0.01713484   0.003932515128024938   0.02577783   0.009046828050686606  0.001494313  0.00017779617795614982   0.01050869  0.0010902467128579155  0.01907782  0.0019398795514518317   0.0263149  0.0026757636174622305  0.02952011   0.003001677227201694 
 0.001825  T17-1132   0.002994952   0.0015271318690273739   0.007275635   0.0037098609741682033           0.0                    99.0     0.0102901    0.005246943050262792     0.0159837   0.005308265160081587   0.02365506  0.0034257351853225607   0.02711407   0.006750779118088372  0.002357723  0.00025957192800287555  0.008224992  0.0008765420661877273  0.01744417  0.0018097831248768703  0.02812099  0.0028594112616166793  0.02956377   0.003067157232582687 
 0.001825  T17-1241     0.0336488     0.00778422566180195    0.03604905    0.016447302056064546    0.03631785    0.007953975347656354    0.03796268    0.007138365571587099    0.06554013   0.008803958507400237    0.1107233   0.011380142514202052    0.1244932   0.014335465776055168    0.0141815    0.001424152411988355   0.05499832   0.005523110371217856  0.08411129   0.008446729617344335   0.1110418    0.01115117914221133   0.1096517   0.011011580709141672 
 0.001825  T17-1309    0.02177481      0.0074575393206779    0.03160352      0.0159776740724019    0.04350913    0.008428539360254837    0.04812741    0.007841024868955652    0.09181493    0.01058464048253435    0.1341794   0.013729507671424349    0.1610496    0.01788118112179942   0.01730294   0.0017376175782927612   0.06354913   0.006381810556582811   0.1096423   0.011010636783472107   0.1448235   0.014543647457580095   0.1470665   0.014768896840000914 
 0.001825  T17-1242    0.01747007    0.007382771227045099    0.01731675    0.008829843635620113    0.01079068    0.005502186827332203    0.01413465    0.006164098257501173    0.03304271   0.006113047954503956   0.03442471   0.004262002450572031   0.04481673   0.007489083047041874  0.006932459   0.0007049094417775734   0.02005191  0.0020389274311527154  0.03186427  0.0031999137498216483  0.03911479   0.003928034580722701   0.0427689   0.004348846721261085 
 0.001825  T17-1271           0.0                    99.0    0.01341725    0.006841479995713939   0.002511971    0.001280858424367584   0.009364732    0.004775095120756679    0.01722957   0.005449576505139643   0.02483674   0.003689003828667707   0.03142376   0.007426225630513794  0.002272255  0.00024215550622785952   0.01163652  0.0012072558744249042  0.02307112   0.002345928112868261  0.03343237  0.0033994854265870893  0.03459342    0.00351754383427705 
 0.001825  T17-1572    0.01501831    0.007657867536279927           0.0                    99.0    0.01359881    0.006934057794002729    0.01192488    0.006080517620563894    0.01523654   0.005883120916500442   0.01486854    0.00305889172740259   0.02518122   0.007289517056585093  0.002033495  0.00021671072212162834  0.008356748  0.0008905833881400663    0.014713  0.0015264319965678425  0.02082313   0.002160340626557849  0.02088976  0.0021672533118687926 
 0.001825  T17-1916   0.002032701   0.0010364777161396236           0.0                    99.0           0.0                    99.0    0.01712976    0.006955138544817134   0.004898495  0.0024977516689333326    0.0210434  0.0034318918540713083    0.0355803   0.008072819345370984  0.001318908  0.00015692613842477644  0.006286296  0.0006920854697400604  0.01601161  0.0016611590913506269   0.0215278  0.0021889995305424096  0.02338468   0.002426094181145343 
 0.001825  T17-1960   0.002689622   0.0013714435062188452           0.0                    99.0   0.009528297    0.004858496743140423   0.002823901   0.0014399121400550834   0.002596808  0.0013241174665053852   0.02924811  0.0039049209749681237   0.02738936   0.007172565080258039  0.003673789  0.00038114516627586926   0.01721853  0.0017508223971532378  0.02527783  0.0025703117830450147  0.03562435  0.0036223713389656837   0.0366405  0.0037256959511962878 
 0.001825  T17-1922    0.05102176     0.00869092497159307    0.05373897     0.01909354497877775    0.09999718      0.0123180588140345      0.107032    0.012659372028315189     0.1608855    0.01712139461137033    0.2413842   0.024295788911307573    0.2892335   0.029831255664377068   0.03382325    0.003396640902610503    0.1142574    0.01147410018563983    0.186389   0.018717790272904437   0.2585563   0.025965065579631495   0.2543838   0.025546049556787524 
 0.001825  T17-1894    0.01522968    0.007765642569996703    0.01257895    0.006414033112212159           0.0                    99.0   0.001062897    0.000541973254393923     0.0100406   0.005119719571656635   0.01379312  0.0029580872041946294  0.004512965  0.0023011691696257905  0.001208656  0.00014380816923027564  0.006772138  0.0007455739347661572  0.01267695  0.0013151976010717325  0.01694317  0.0017578057552352024  0.01827384  0.0019474534886337106 
 0.001825  T17-0946  0.0002946581  0.00015024678920285152           0.0                    99.0   0.009531538    0.004860149825655115    0.01479907   0.0062405075097072835    0.02022056   0.005570288269763065   0.03537196   0.004423622308572128    0.0494341   0.008412186009010737   0.00290063   0.0003091218004011364   0.01736911  0.0017661337436139456  0.03054437  0.0031058265218669636  0.04440735  0.0044595306818847255  0.04252432   0.004323977213964894 
 0.001825  T17-1096    0.05207066     0.00914463547528167    0.04804421    0.019494721293471753     0.1303401      0.0157490734678901     0.1219708    0.014436521385530659     0.2440073   0.025966118608997172    0.4317038    0.04440241653859507    0.5978693    0.06169788116730834   0.03669688   0.0036852201739693237    0.2070837   0.020796019501872088   0.3694346   0.037099825417722984   0.5539484   0.055629302113585036    0.599171     0.0601707028064137 
 0.001825  T17-0952    0.02058762    0.007621222204760402    0.02577919    0.013144864188365012     0.0370512    0.008071903741729333    0.03642352    0.007043597466847463    0.05188353   0.007635537522703493   0.07253922   0.007744796646843931   0.09792582   0.012317594324004547  0.009078525   0.0009116950407795033    0.0376191  0.0037778325220595792  0.06261384   0.006287885692965725  0.08856499   0.008893984673776355  0.09386163   0.009425890503823777 
 0.001825  T17-0917   0.008061765    0.004110709214609597   0.004575945    0.002333282794522398           0.0                    99.0   0.006449948   0.0032888410713658753    0.01297225   0.005918577541283125   0.01993569   0.003346741319176312    0.0243575    0.00679494270710828   0.00164961  0.00019627370850292203    0.0093718  0.0009987580569116878  0.02023654  0.0020577010607964437  0.02893274  0.0029419520322406362   0.0324368  0.0032982534215797326 
 0.001825  T17-0921    0.06924314    0.009594314887081672    0.09859512    0.020294467803789386     0.1399623    0.015890911632667776     0.1657733    0.017713598448118355     0.2672566   0.027533095273663388    0.3872952    0.03896222838132342    0.4213471    0.04274067907377351   0.04747729    0.004767824053482364    0.2047058   0.020557222974042482   0.3203661    0.03217220692858762   0.4102303   0.041196662513208776   0.3897245   0.039137403252611495 
 0.001825  T17-0967   0.005835072    0.002975314599121888   0.002071412   0.0010562170208690258    0.01751945    0.008203054881687006   0.006900558     0.00351860798966788    0.00992944  0.0050630408319048735   0.01945714  0.0033183963703218152   0.03469158   0.007561157932124748  0.002390693   0.0002632017274311474   0.01129034  0.0011713407108441846  0.01865353  0.0018967367230286972  0.02690613  0.0027358813422346173  0.02933563   0.002982918874726358 
 0.001825  T17-0895    0.05022742      0.0085336922626055    0.06113316    0.017719840014115706    0.09279132    0.011574172595158281    0.08320497    0.010278172404561914     0.1489852    0.01594601775207541    0.1912258   0.019368478545756993    0.2281677   0.023781393635826077   0.03074755   0.0030877690886149762     0.100305   0.010072954733467846   0.1639514    0.01646453341525061   0.2187288   0.021965458331022574   0.2161679     0.0217082843924733 
 0.001825  T17-0985    0.06381595    0.009588729812939824    0.03393178    0.016421882145164848    0.08390809    0.011518554929986054    0.09300202    0.011534079201460904     0.1632307   0.017379525142222848    0.2380567    0.02419400477202772    0.2601858    0.02774181578358506   0.03589142     0.00360433326366706    0.1289729   0.012951878541028557   0.1967397   0.019757241318627963   0.2608207   0.026192463918728783    0.253531   0.025460408565289153 
 0.001825  T17-2793    0.04314547    0.019728819716415096  0.0008689543   0.0004430815422410698           0.0                    99.0    0.03787086    0.019310425413654044     0.0322997   0.016469680058319287    0.0670931   0.011937942403622158    0.1027742    0.01709256191354883  0.004933304   0.0005118162750763208    0.0239811  0.0024384571032321323  0.05086735     0.0051082649165305  0.08059412   0.008093523947457291  0.09020581   0.009058761159903016 
 0.001825  T17-2864    0.02705785    0.013796845611683308    0.02566533    0.013086806752183246   0.009632869    0.004911818209997964    0.05234646     0.02456654807583304     0.1023769   0.028492945951033216    0.0864751   0.013490433130025885    0.1463774   0.019983210735127127  0.005162645   0.0005249504142760187   0.02905921  0.0029182204870989515  0.05882262   0.005907159029168395  0.09283907    0.00932320170139815   0.1071876   0.010764127782052572 
 0.001825  T17-2623   0.008414146   0.0042903894644218685           0.0                    99.0    0.01762993    0.008989536689908163           0.0                    99.0    0.03585812   0.018284125360075173   0.04105193    0.01008945988176622   0.06087415   0.014502799536869598   0.00468234   0.0004857794704275182   0.01585385   0.001612058373795034    0.026648  0.0027096340558413717  0.03961943    0.00402860087906144  0.04146056   0.004215811501652706 
 0.001825  T17-2827           0.0                    99.0    0.01929681    0.009839482054589916    0.02197909     0.01120717597719787    0.07178917     0.02712158911615964    0.02519462   0.012846785901755507    0.1658888   0.019684703721278105    0.1829081   0.022572208887614433   0.01273516    0.001278906238236033   0.07270696   0.007301469670471885   0.1324315   0.013299202425356984   0.1815586   0.018232705742435924    0.189099   0.018989937294934808 
 0.001825  T17-2875   0.008770582   0.0044721368763565635    0.05494587    0.028017011235036634           0.0                    99.0           0.0                    99.0           0.0                   99.0   0.05247095   0.010858421617950236   0.08592091   0.015265481435142522  0.003248723   0.0003462182621209488   0.01397918  0.0014503002008388506  0.03184913  0.0032384977085136704  0.05115387   0.005137038192760315  0.05794731   0.005892224709937836 
 0.001825  T17-2747   0.004116314   0.0020989165410075176   0.008102771    0.004131618254027036    0.03116615    0.015891685604259385    0.02308576    0.011771474072611978           0.0                   99.0    0.0274214   0.009339290001028773   0.06117424    0.01524803198658358  0.002321636   0.0002555989408018938   0.01458804  0.0015134677440309888   0.0274188    0.00278801086237382  0.03837985  0.0039025573257951526  0.04153678   0.004223561733907253 
 0.001825  T17-2839    0.01979513    0.010093576394991272   0.009007352    0.004592866361379899           0.0                    99.0           0.0                    99.0    0.02452039   0.012502999611993956   0.08440202   0.013228878189994192    0.1409646    0.01956639867987208  0.007478339   0.0007604158632461714   0.03867946  0.0038843173189013537  0.07888445   0.007921833323075647    0.130674   0.013122708568611285   0.1461151   0.014673354128248934 
 0.001825  T17-2554           0.0                    99.0   0.008113568    0.004137124155686198    0.03422742    0.017452628247993596   0.002457225   0.0012529433321384691    0.00395815   0.002018268408772728   0.05799613   0.011329571434818265   0.09773349   0.015876200139324934  0.005760351   0.0005857266287647933   0.02309306   0.002348158998786079  0.04857088   0.004877645918829337  0.07038468  0.0070682587410907825  0.08161184    0.00819572670848143 
 0.001825  T17-2587   0.005831953    0.002973724705225938           0.0                    99.0           0.0                    99.0    0.02991519    0.015253818659186983    0.03931387   0.020046223931388402   0.05272603   0.010018197526871688   0.06803933   0.014009535411475605  0.008388888   0.0008530027143019185   0.02546832  0.0025896812817994496  0.04131961   0.004149449771197473  0.05659702   0.005683657033422833  0.06438311   0.006465561540084132 
 0.001825  T17-2468    0.04599514    0.020346011440235554     0.0506606    0.025831938797031863     0.0391999    0.019988105503088584    0.05658095     0.02408839920211854      0.151477    0.02666840740762185    0.1801295    0.02003968289563857    0.2072544   0.024412943111278083    0.0270957    0.002721038419054821   0.09743964   0.009785205928546998   0.1515079   0.015214916707550522   0.1950043   0.019582966765534685   0.2044762   0.020534165766386153 
 0.001825  T17-2527           0.0                    99.0     0.0562422        0.02711353567959    0.06487431    0.029965374150440052    0.02802385     0.01428942070250313           0.0                   99.0   0.04259213     0.0103117828593669   0.07928427    0.01513961824004585  0.003776285  0.00039177884346530256   0.02065632  0.0021003852972337144  0.03880611  0.0038970359252420614  0.05216068   0.005238145334667347   0.0598684   0.006012179662893391 
 0.001825  T17-2455    0.05677822    0.023661718847617218    0.05439661    0.027736942489233037    0.06521818     0.03325487724610067    0.06932717    0.026289665608601586    0.09312939   0.026543970890620733    0.1633301   0.018853525651279766    0.2197348   0.027025816954817483   0.02502974    0.002513567988363506   0.07690236   0.007722785393512215   0.1286134   0.012915776391217408   0.1830935   0.018386845494423886   0.2123878   0.021328674442714343 
 0.001825  T17-2446   0.006871772   0.0035039299520960515    0.03219599    0.016416803029847226           0.0                    99.0   0.002172109   0.0011075631079553933    0.04251073    0.02167630908361082   0.02991426   0.010294997278284826   0.04839372   0.014241266364705213  0.004956451   0.0005142177171950126   0.01638674  0.0016662439192864412  0.02739536  0.0027856274402786605   0.0368945  0.0037515233030777297  0.04201005   0.004271684978908052 
 0.001825  T17-2452    0.01563652    0.007973092060468387    0.02363455    0.012051298261595096     0.0444589    0.022669679865287028    0.01407123    0.007174949596186583    0.03729892   0.019018792091593618   0.05798646    0.01134606330774886   0.06968299   0.016690240870454835  0.006728623   0.0006841828966723226   0.02526689   0.002569199381027072  0.03990497   0.004007387017618325  0.05004359   0.005025540255984748  0.05518847   0.005611699035790319 
 0.001825  T17-2436   0.003643495   0.0018578257005581148    0.03121253     0.01591532505095667    0.01592996    0.008122719650236613    0.04755775    0.024249784624353368           0.0                   99.0    0.0507686    0.01086540496029674   0.03816662   0.014980154229724874  0.004701422   0.0004877591856919253    0.0158654  0.0016459902007848774   0.0240162  0.0024420261635508824  0.03067504  0.0030804874021456027  0.03241197   0.003362649875540094 
 0.001825  T17-2425    0.01647638    0.008401336352175647   0.004765051   0.0024297083129361454    0.06566091    0.030200694581634727   0.008266179    0.004214940312094753    0.03363707   0.017151612533912054   0.03626769   0.010133722010168081   0.04339663   0.014539579200897424  0.003705836   0.0003844699538389964   0.01455959  0.0015105161379918987  0.02589634   0.002633203402236759  0.03359566  0.0034160891702912266  0.03543354  0.0036029693008508986 
 0.001825  T17-2456    0.02088892    0.010651301069787858    0.02285436     0.01165348276106744    0.02501981    0.012757645038735048    0.07436987    0.027759809258022093     0.1294088    0.02920262533980293     0.168097   0.019701686110797725    0.1789826    0.02265376673231187   0.02560553   0.0025713907021694487   0.09395324   0.009435090282051448   0.1410299   0.014162681733294337   0.1727001    0.01734310640148497   0.1705082     0.0171229885879844 
 0.001825  T17-2491   0.005183793    0.002643225675852232     0.0156553     0.00798266605795357    0.04045352      0.0206273287873516    0.01106487    0.005641996843375402    0.07445264   0.027536468977561304   0.05021466   0.011373007883825456   0.05737176   0.016929456494261003   0.00941488   0.0009573281040250777   0.02534357   0.002576996392008852  0.03713182   0.003728898269990064  0.04771539   0.004791734832411535  0.04985459   0.005069337063666339 
 0.001825  T17-2486   0.005342684   0.0027242449970959954           0.0                    99.0           0.0                    99.0           0.0                    99.0   0.004763712   0.002429026044513611   0.05208156   0.010610125400221998   0.05850294   0.014837785908417604  0.003315972  0.00034402268159167934   0.01922389  0.0019547323059266736   0.0365511   0.003670580479342963  0.05206617   0.005228654329912893  0.06026659   0.006052167202418209 
 0.001825  T17-2513    0.01197728    0.006107236482815121     0.0482407    0.024598027064937546    0.01209021    0.006164819710182123    0.04684579    0.023886764636870374       0.06969   0.026030403151486147    0.0454309   0.011593479595690848   0.07122933   0.014810873771742469  0.007379514   0.0007503670990231714   0.02250583   0.002288448043191901  0.03344985  0.0033591428533727547  0.04905731   0.004926494804600046  0.04727618  0.0047476279316692556 
 0.001825  T17-2512   0.002355527    0.001201088304069809           0.0                    99.0           0.0                    99.0    0.05771508    0.027901130658504934     0.0121627  0.0062017854443781745   0.04159055    0.01021900356058975   0.07773374   0.015367105772573964  0.003562588   0.0003696083881744077   0.01941298   0.001973959447244064  0.03910667   0.003927219133607583  0.05231157   0.005253298195357252  0.05682774   0.005706826686182422 
 0.001825  T17-2617   0.005683889    0.002898225602119202    0.02070351    0.010556765051889759    0.04693274    0.023931095708637665           0.0                    99.0    0.03410128   0.017388309215849135   0.07925877   0.014157894478488989    0.1151231    0.01861021922803974     0.008045    0.000818035347763995   0.04124865   0.004142323742973721  0.06936691   0.006966050964454169  0.09495759   0.009535950378844778  0.09847863   0.009889544682695957 
 0.001825  T17-2619    0.02617148     0.01334488872196033     0.0359014        0.01830619391653    0.04038724    0.020593532486015503    0.03169362    0.016160638683639456    0.03822716    0.01949210347892336   0.07463065   0.011495138539331921   0.08960739    0.01575507822710573   0.01022618   0.0010269462897389686   0.03560858   0.003575929545565238  0.05511308   0.005534634955218826  0.07138473   0.007168687027463696  0.07751765  0.0077845748159888735 
 0.001825  T17-2599    0.04556043     0.01983540409275165    0.01176406    0.005998518130488313    0.06290057    0.029743487806100498           0.0                    99.0   0.003191853   0.001627532563442308   0.03127365   0.011679361929494479   0.06169857   0.015131334412088348  0.006769935   0.0006883836030938637   0.03170544  0.0031839635220674897  0.04280986  0.0042991055277372394  0.05156334  0.0051781584981177246  0.05867073   0.005891905746170738 
 0.001825  T17-2603     0.0610262    0.022584739755170967    0.06205545     0.02677276629230952    0.07740885    0.029939223604215675    0.09408466      0.0258347461937534       0.12402   0.029735886204140614    0.1469946    0.01826903895928026    0.2071403     0.0244371743129397   0.02483605   0.0024941170033756553   0.09563438   0.009603915828277236    0.152056    0.01526995858531283   0.2005204   0.020136911474079658   0.2279445   0.022890928865151282 
 0.001825  T17-2592    0.01334567   0.0068049821946163085           0.0                    99.0           0.0                    99.0           0.0                    99.0    0.04246682   0.021653914386023237    0.0434512    0.01020907447036454   0.05173752   0.014701643962411278  0.003497904   0.0003727735995056651   0.01637119  0.0016646627827741122  0.03049388  0.0031006925675422276  0.03952168   0.004018661404956436  0.04293429   0.004365663983004901 
 0.001825  T17-2682    0.04555647    0.020052446464175113    0.02297216    0.011713549210937563     0.0309505     0.01578172034554535    0.03285271     0.01675165603353713     0.0154247    0.00786508266797012   0.03630067    0.01069534679406839   0.04263608   0.013451832833133335  0.006542921   0.0006653002719467505   0.02014174   0.002048061542502141  0.03769243   0.003785196550785839  0.05279591   0.005301937191901267  0.05477246   0.005569398151993804 
 0.001825  T17-2569    0.01150597    0.005866917535861996    0.04598436    0.023447514896007556    0.01641352     0.00836928489609387           0.0                    99.0    0.03731028   0.019024584577761062   0.05052445   0.010591164542562115   0.03917984   0.013357420755383728   0.00374417   0.0003884469954781991    0.0174521  0.0017745723465162674  0.03928107   0.003944732960172515  0.06239627   0.006266036604558883  0.07324857   0.007355859899905833 
 0.001825  T17-2597    0.06189094    0.023716408910139326     0.1123524    0.029998905430673635     0.1045011    0.029922529891513186     0.1318894    0.029956078231257177     0.2665874   0.037223703920045356    0.3596623   0.037420376693681215    0.4273395     0.0450044912134178   0.05118232    0.005139895231261778    0.1986302     0.0199470914707058   0.3182761    0.03196232237936918   0.3886232     0.0390268071525497    0.396034    0.03977102381988254 
 0.001825  T17-2688   0.005733567    0.002923557491839504           0.0                    99.0    0.01839414    0.009379208860156436    0.01215806    0.006199416557581851    0.05176187   0.026393483421908694    0.0481096   0.011038659572010046   0.06514715     0.0147695088691576   0.00894876   0.0008986636178495694    0.0281433   0.002826241826515976   0.0477322   0.004793422944978676  0.06418679   0.006445846444060036  0.06891516   0.006920684765037808 
 0.001825  T17-2739    0.04022253     0.02050955143851052    0.05910458    0.029817479243594083    0.03020589     0.01540203735064037     0.0154893    0.007898023314608598    0.07688746   0.025601515313647277    0.1378454   0.016826660578147287    0.1863029   0.022713003962598167   0.01424104   0.0014301316049843244   0.06698717    0.00672706972634699   0.1231077   0.012362876104021911   0.1687462    0.01694604277582472   0.1874379    0.01882312425137732 
 0.001825  T17-2834    0.01717621     0.00875818103479541           0.0                    99.0    0.02947122    0.015027432586938595           0.0                    99.0    0.05854678   0.026143033952175175    0.1019745   0.014777019887396105     0.159465    0.02228120459470044  0.008548853   0.0008585036538093217    0.0401978   0.004036793963012375  0.09296695    0.00933604383488147   0.1495048   0.015013758812852296   0.1639098   0.016460355821567924 
 0.001825  T17-2808    0.04021601      0.0205062170719809    0.02425352     0.01236691717533129    0.04059265     0.02069827634874762    0.01967133    0.010030450533412994    0.01966337   0.010026388772138153   0.08654766    0.01354689132043422    0.1204633      0.018423319693565  0.008425537   0.0008461198597716127   0.05244447   0.005266644441121402  0.09585778   0.009626350393779558   0.1350737   0.013564540701195008   0.1411358   0.014173316613435297 
 0.001825  T17-2791    0.05948551     0.02189861443195895    0.04670628    0.023815623312732844    0.04473019    0.022808016068574685    0.07976596    0.025680837777549547    0.08319146    0.02880540776263749    0.1807521   0.022495800125145585    0.2490066    0.03011017662526243   0.01407183    0.001413138984137332   0.08568893   0.008605161363002708   0.1649378   0.016563590907773863   0.2473429   0.024838979368900085   0.2604656    0.02615680367476365 
 0.001825  T17-2704    0.01288738    0.006571300209908539     0.0824333    0.029522183619280263    0.05584702    0.028476504475600652    0.07310231     0.02802717163208341     0.1274049   0.028604578189102878    0.1702988   0.019438492788475373    0.2078226   0.024865044228725996   0.02813811    0.002825720629969559   0.09784992   0.009826407580376015   0.1540456   0.015469760705484234   0.1905745   0.019138111822435258   0.1900178    0.01908220614040169 
 0.001825  T17-2796    0.04115715    0.020986106194483174    0.02609875    0.013307808455941383    0.05372518     0.02739457411912848    0.05510178    0.026309516931190206    0.08270537   0.027788519691794827    0.1702085    0.02020303242156731    0.2769923     0.0311784380436689   0.01181855   0.0011868572673631992   0.07064638   0.007094539512163128   0.1436935   0.014430169149239244   0.2428766   0.024390458993224708   0.2653489   0.026647200482945842 
 0.001825  T17-2783           0.0                    99.0    0.02408251    0.012279713939725998           0.0                    99.0           0.0                    99.0    0.02562283   0.013065135919250476   0.03848579    0.00963591557494341   0.06172642    0.01447975499260136   0.00332503  0.00035435032384768616   0.01998747   0.002032375000885624  0.03833083   0.003849306759208599  0.05260589   0.005282854769256131  0.05655192   0.005750338036366992 
 0.001825  T17-2558    0.08734954    0.023699766305831288           0.0                    99.0    0.04134913    0.021084006976911884    0.02673603    0.013632758771503623     0.0737631   0.027349378870286982   0.07059424   0.012983755112515639   0.07374793    0.01575204646811801   0.01552378   0.0015589485351070733   0.04351038  0.0043694540337512605  0.06280846   0.006307430065563731  0.08015004   0.008048927990443126  0.08157775   0.008192303287063671 
 0.001825  T17-2549    0.01162758    0.005928926712166798    0.08114927     0.02833147830821627           0.0                    99.0    0.04328678    0.022072013590059787    0.05689762    0.02484758054888934    0.0486735   0.010511596134413699   0.04408745   0.013753671198742719   0.01006637     0.00101089765509357   0.02853656  0.0028657342708565915  0.03978897   0.003995737929032509  0.04945806   0.004966739429635036  0.04811506   0.004892457389074007 
 0.001825  T17-2562    0.05262057     0.02583184994381256    0.02694585    0.013739736593131071    0.03940853     0.02009449125010407   0.009778097     0.00498587025058997    0.07394942   0.025119848965974377    0.1007481   0.013668781440850571    0.1357141   0.019404155105237127   0.01276844   0.0012822483223537046   0.05019297   0.005040541487427751  0.08375022    0.00841046979937397   0.1134246   0.011390467732011711   0.1179091   0.011840815753333426 
 0.001825  T17-2529    0.04965314     0.02408342107007839    0.09993683     0.03062893987947655     0.1370299     0.03420721625567623     0.1633568    0.032335088939571516     0.2566161    0.03562761169659987    0.3528422    0.03682787812845046    0.4525007   0.047736479799283485   0.06053991    0.006079614889511279    0.1971326    0.01979669754783772   0.3071201    0.03084200040176545   0.3998538    0.04015462060496276   0.4036648    0.04053733367006618 
 0.001825  T17-2537    0.08090418    0.028014253067878216    0.08564303     0.02827595434019352     0.1042774     0.03187469430818906     0.1010188     0.02800111817414619     0.2000777   0.031919042488386146    0.2241971   0.025991432966825823    0.2694885    0.03252995518614343   0.03410392   0.0034248266918312366    0.1290346    0.01295807463043426   0.1942871   0.019510943266421055   0.2442221   0.024525578437287143   0.2378931   0.023889999763416263 
 0.001825  T17-2606   0.007201377   0.0036719966750641654     0.0230401    0.011748191949512913           0.0                    99.0    0.05714215    0.024556802879540835    0.04505085   0.022971511422490792   0.02360373   0.009987585496606525   0.04604918    0.01623980866110263  0.003317531  0.00035355114195389045  0.009788458  0.0010431615199486845  0.01889948  0.0019607674047800775  0.03340329  0.0033965284960012763  0.03407103   0.003534772607304223 
 0.001825  T17-2789           0.0                    99.0    0.03495796    0.017825132019539603     0.0293872    0.014984590624985387    0.01708406    0.008711197492300355    0.05724347    0.02810776490389282    0.0698773   0.012095383392331804   0.06631003   0.014148178492898265  0.008570705   0.0008714903143497867   0.03096494   0.003109600096970953  0.05254848   0.005277089466971008  0.07242202   0.007272855067358091  0.07806355   0.007839395878401002 
 0.001825  T17-2424    0.00263936   0.0013458148143396253   0.005139293     0.00262053601959742    0.02426642    0.012373494910503822   0.006173246   0.0031477501816208607    0.01327425   0.006768567938992265   0.02062662   0.009806550947393685   0.03911978   0.013054372738132002  0.005034539   0.0005119242817571165   0.01692408  0.0017208819929976638   0.0257566  0.0026189942971695857  0.03488474   0.003503239177026897  0.04125644   0.004143106035685985 
 0.001825  T17-2484    0.03931387    0.020046214125581642   0.008764832   0.0044692049401362476    0.07235964     0.03530529522439511           0.0                    99.0    0.03106257   0.015838869960137593   0.02682983    0.01101587304759768    0.0445532   0.015080905565492412  0.001600317  0.00019040870056625563  0.009798241  0.0010442041278012505  0.02098599   0.002133906979819573  0.03118364   0.003170829048275421  0.03523246   0.003582522980379839 
 0.001825  T17-2514    0.03652065     0.01862195560281264    0.04790777    0.024428260505368143     0.0327587    0.016703725053993198    0.01376486   0.0070187309353486405    0.01817976   0.009269895099243357   0.06376481   0.011004504376496473   0.07639446   0.015154201125094519   0.00450195  0.00045776932373067596   0.02512306   0.002554574383958792   0.0472697   0.004746977187410953    0.069568     0.0069862450855252   0.0807824   0.008112431645192184 
 0.001825  T17-2494    0.04821426    0.021269873188093435    0.07992212    0.030592355555887553     0.1799561     0.03784277210368844     0.1479485     0.03141760502462592     0.2708771     0.0371106700735112     0.351907   0.036539653922934144     0.387338    0.04112673129007945   0.05161464    0.005183310212031552    0.1921263   0.019293948575685695   0.2898942    0.02911211947105494   0.3615396    0.03630698386909892   0.3524685    0.03539603446303731 
 0.001825  T17-2482           0.0                    99.0    0.01316981    0.006715312798611617           0.0                    99.0    0.06831905     0.03060340275027313     0.0235331   0.011999573611533037   0.06058649   0.012622513941430248    0.0535885    0.01490402591471848  0.003587268  0.00037216887246497676   0.01936142  0.0019687167126441426  0.03792744  0.0038087970181805647  0.04962811   0.004983816402652515  0.05311777  0.0054011452330142325 
 0.001825  T17-2487    0.07312434    0.020865738496560718     0.1248645    0.028067986668434203     0.1189597     0.03157397242672198     0.1543277    0.027837628568098252     0.1802362    0.02834090380928068    0.3201278    0.03352418732467649    0.4143604    0.04376387945398009   0.05358783    0.005381464372050178    0.1742785   0.017501614413801832   0.2737005   0.027485895433260403   0.3635603    0.03650990911203555   0.3695741    0.03711383456811377 
 0.001825  T17-2453    0.02073825    0.010574479045679982           0.0                    99.0     0.0441405     0.02250732708397423    0.02721971     0.01387938814733708    0.05766031    0.02262831393001832    0.1294019   0.015765809528419054    0.1737152   0.021393641192391722   0.01102573    0.001107239705303007   0.05941577   0.005966725091479349    0.105017   0.010546149068262426   0.1440964   0.014470629693241723   0.1567163   0.015737961182180526 
 0.001825  T17-2432    0.05008906     0.02090420785331116           0.0                    99.0     0.0401629    0.020479141082247566           0.0                    99.0     0.0522579   0.026581013476383853   0.03831361    0.00998765246265713   0.05210849   0.013459211525408946  0.002625118  0.00027976031878810994   0.01558351  0.0016167449425977991  0.03090578  0.0031425755743140628  0.04228491   0.004246388345689966  0.04590393   0.004609822117502328 
 0.001825  T17-2524    0.03174723     0.01618796962434848           0.0                    99.0    0.04849473     0.02472755255473798     0.0716576       0.026396570019351    0.04905007   0.025010731310212607   0.09579178   0.013425617365139118   0.09238272   0.014874168126456148   0.01706248   0.0017134697946463604   0.06080319   0.006106054324528125  0.08783195   0.008820370414503795   0.1127832    0.01132605611909287   0.1141931    0.01146764289918155 
 0.001825  T17-2580    0.01021526    0.005208782968803749  0.0002435145   0.0001241685677633132           0.0                    99.0    0.01929157    0.009836811148945475    0.06557046   0.025083151076563646   0.01350109   0.006884234097638604   0.04286773   0.014572798030386237  0.002878631  0.00030677734518523363   0.01271068  0.0013545844339904437  0.02094098  0.0021293302371314816  0.03208352  0.0032623310365908664  0.03373807  0.0034305697524353363 
 0.001825  T17-2581   0.002486062   0.0012676478650001505    0.02907319    0.014824471410335716    0.04203391    0.021433167829356933           0.0                    99.0    0.01652715   0.008427225054826825   0.05224414   0.010220188066278429   0.04289804    0.01459557694040616  0.003429252   0.0003557751540634596   0.01708852  0.0017376026563460474  0.03034362  0.0030854137423259806  0.04722868   0.004742857826193491  0.05319437   0.005408934068395173 
 0.001825  T17-2633   0.001569415    0.000800247770992522           0.0                    99.0    0.04477458    0.022830645713292123           0.0                    99.0    0.04065286   0.020728972642335558   0.04509994    0.00984762653481335   0.06984212   0.014376152890569994  0.004417747  0.00045832871788237316   0.02350489  0.0023900348858744724  0.04255734   0.004273746655828555  0.05880283     0.0059051716595916  0.06212125   0.006238418203211245 
 0.001825  T17-2994   0.009514949    0.004851690571893679    0.03408369    0.017379335137621375     0.1090316     0.03143496221686929           0.0                    99.0    0.01136686   0.005795983114247056   0.05784013   0.010898133273473673   0.08457922    0.01676364532820007   0.00469369   0.0004869570241132682   0.01991307  0.0020248098260528796  0.03860241   0.003876579703048383  0.05882552   0.005907450264866697  0.07054524   0.007084382707141426 
 0.001825  T17-2946     0.0674355     0.02317320058357498    0.01240592    0.006325801835826428    0.03528612    0.017992461443897663           0.0                    99.0    0.03107319    0.01584427531305427   0.03226048   0.010080979145028772   0.05185737   0.014124994389735843  0.002708629   0.0002982046776383798   0.01577262    0.00163636456749457  0.03154388   0.003207459123591148  0.04643359   0.004663012294855742  0.05680032   0.005775595831689057 
 0.001825  T17-3011     0.0027679   0.0014113576111673468   0.009336165    0.004760528261421862    0.01417673    0.007228742290893624    0.03978935     0.02028867211122071    0.07968992    0.02502302485169337   0.09852845   0.013802168848225448    0.1160182    0.01794402231230501   0.01056736   0.0010745151049008105   0.04258906   0.004276932076743806  0.07699932   0.007732522429252049   0.1053212   0.010576697842443304   0.1112002    0.01116708619350921 
 0.001825  T17-2983    0.03623504    0.018476317603581514     0.0737373    0.028404637400174643    0.09675869     0.03163036919088301     0.1389604     0.02984137636892776     0.2020303    0.03224560966303785    0.3882102    0.04033965675241673    0.5563671   0.058027730593648075   0.03412739   0.0034271836287075442    0.1932758     0.0194093851740568   0.3492275    0.03507056266364308   0.5382389   0.054051702957081706   0.5949239    0.05974419512532997 
 0.001825  T17-2987           0.0                    99.0    0.03108016    0.015847834232558592    0.01043742    0.005322062786317727   0.008798559    0.004486401912959405    0.06050551    0.02596542860806463   0.04426684   0.010377110287477917   0.06624485    0.01451263097323242  0.004323586   0.0004485597720616173   0.01630416   0.001657846978567371   0.0313767  0.0031509503815195204  0.05297643   0.005320065593451251   0.0564052   0.005735419129138166 
 0.001825  T17-2993   0.003539655   0.0018048774819289673    0.02203674    0.011236576727597068    0.02641007    0.013466551131438553    0.04649649    0.023708646079453822    0.04147992   0.021150692150226764   0.03134918    0.01047427540524637   0.07033369   0.015552183889031823  0.003963829   0.0004224275219429009   0.01768969  0.0017987310863128514  0.03640498   0.003701747706614303  0.05758568  0.0057829414902668425  0.06263139   0.006368513470166331 
 0.001825  T17-2915    0.01263109    0.006440618419375347           0.0                    99.0    0.04445303    0.022666691643735946           0.0                    99.0    0.04556177   0.023232030527479276   0.03777681   0.009691644870436082   0.05310582    0.01390325023443166  0.002814639   0.0002999576649582738  0.009881085   0.001053032830274066  0.02312239  0.0023511413671646886  0.03780676   0.003844284147706526  0.04320842   0.004393538201183866 
 0.001825  T17-2894    0.05631778     0.02401081432274391    0.08196901    0.029573622331486568     0.1040722    0.037176824876592136    0.07490725     0.02732530146195143     0.1554931   0.037132576111724325    0.1496237   0.020245455553701427     0.267839    0.03799585752710419  0.003295339  0.00034188206399287226   0.01460357  0.0015150788815698542  0.02243138   0.002280877751815173  0.03270479  0.0033255033100301145  0.03560189  0.0036200875562069227 
 0.001825  T17-2920    0.02028449    0.010343105936231197           0.0                    99.0    0.01539104     0.00784792132944871    0.05253827    0.026553789380584253    0.04947716    0.02522850043171524    0.1537863   0.018797638846030636    0.2774878    0.03063928114823845   0.01312292   0.0013178463598840194   0.07785294    0.00781824573549274   0.1528851    0.01535321957178611   0.2476368   0.024868493771299478   0.2702456   0.027138943107802044 
 0.001825  T17-2978   0.009087982   0.0046339797557179985   0.006987164   0.0035627685580673016    0.04375802    0.022312299785618335   0.006214556   0.0031688142312315125           0.0                   99.0   0.04556194    0.01058503832417082   0.05413723   0.014510554377060478  0.005359534   0.0005560364352845235   0.01996368  0.0020299559803732595  0.03070313  0.0031219696160981066  0.04707217   0.004727140583329366  0.04573389   0.004650334174753612 
 0.001825  T17-2959     0.0020512    0.001045910882628152           0.0                    99.0           0.0                    99.0           0.0                    99.0   0.003517493  0.0017935760543022674   0.05597822   0.010792340639086778    0.0651574   0.016026642857133244  0.002267592  0.00024964901098720584   0.01345371  0.0013957841997232561  0.02870474    0.00291876841733715  0.04374217   0.004392731143516193  0.05214898   0.005302636264956525 
 0.001825  T17-2871    0.01218849     0.00621493385454238           0.0                    99.0    0.05705871    0.029094342668139813     0.0515779     0.02629967185701373     0.1595819   0.029974314905815612    0.1830345   0.021564424275982885    0.2345273   0.027468120887547076   0.02589816   0.0026007775575990367    0.1098691    0.01103341278665509   0.1600749   0.016075242744018673   0.2294774   0.023044867717494606   0.2366049   0.023760634502913516 
 0.001825  T17-2876    0.01617656     0.00824845951028045   0.003030061    0.001545033526347312    0.00553463   0.0028221186370516035    0.03266515    0.016656018823540186    0.02103394   0.010725247050773982   0.04205315   0.010136477785570735   0.05823853   0.014427226205563875  0.005193143   0.0005280515250518673    0.0163064   0.001658074754089818  0.02865039  0.0029132419694328673  0.03893863   0.003959375482302158  0.04744568   0.004824393176199354 
 0.001825  T17-3201   0.004270301   0.0021774343225011428   0.003803131   0.0019392234278846287   0.001868191   0.0009525941383537745   0.002126999   0.0010845614309295763   0.009990415   0.005094131613098669   0.03657671   0.005443255812065514    0.0486933   0.010334733065534929  0.005033538   0.0005222152765533386   0.01857648  0.0018889020742584724  0.03341215   0.003397429401234888  0.04472177   0.004491105760678131  0.04626003    0.00470383338896848 
 0.001825  T17-3204           0.0                    99.0   0.006083259    0.003101865144433557    0.02289356    0.011673470917560724    0.03240297     0.01314331551265163    0.01676187   0.008405610976573327   0.01788394   0.004168655631897651   0.03039047   0.010178454907980533  0.001749604  0.00021732550124529796  0.008009375  0.0008817867134445892  0.01854013   0.001923485864607494   0.0258058   0.002623997056251415  0.02722928  0.0028249604817348934 
 0.001825  T17-3181    0.03116418    0.011089297816490637   0.004109502   0.0020954430889148575           0.0                    99.0   0.008526409    0.004347633077477653    0.02876454   0.009140174059622553   0.03326538   0.005600011002890978   0.01848649   0.009426299285945147  0.006289211    0.000639502418484692   0.01673835  0.0017019965059060023  0.02634356   0.002678677829947396  0.03236262  0.0032907106254829294   0.0359696  0.0036574772171207243 
 0.001825  T17-3178    0.01181777   0.0060259030031344675           0.0                    99.0    0.02531161    0.012568757001804952   0.005315031    0.002710144188144721   0.009453428   0.004820321384234441   0.01627499   0.004358156327472662   0.03511024   0.009348807870896963  0.002207354   0.0002521982250246222  0.005515753  0.0006562746492115781  0.01135494  0.0012101023512892165  0.01588338  0.0016927008095254429  0.01750182  0.0019268509270974365 
 0.001825  T17-3192    0.02373191    0.009357025262845133    0.02306742    0.011762122470824048   0.009848565    0.005021803001879031    0.02160917      0.0110185628531578    0.02509534   0.009490742841420001   0.03733228   0.005719144460503948     0.049432   0.010390643249681128   0.01081791   0.0010863697481540173   0.02939458  0.0029518994370856897  0.04594513   0.004613959558770655  0.05704852  0.0057289981364337765  0.05950346   0.006050457798923318 
 0.001825  T17-3195    0.01694676    0.008641184032056024    0.02799291    0.014273634530321317           0.0                    99.0    0.01029579    0.005249842431204674   0.006251636   0.003187721395587914   0.01912369   0.004382767965188438   0.03110421   0.009819866881727115  0.003461789  0.00036892481235911744   0.01230461   0.001276568312565544  0.02380591  0.0024206433575448927  0.03244111  0.0032986916742008933  0.03611209  0.0036719659205180053 
 0.001825  T17-3167   0.001839103   0.0009377620123345688    0.01348064   0.0068738066027333065    0.01345919    0.006862866264134615           0.0                    99.0           0.0                   99.0   0.03540965   0.005597085283933505   0.04648631   0.011160800359573727  0.002861924   0.0003150815882117043   0.01403195   0.001455774968069382  0.03609335   0.003624611736908577  0.05696974   0.005721086791455842  0.06224112  0.0062504559349327166 
 0.001825  T17-3173    0.01440355    0.007344399232081614    0.02413278    0.012305351613724168     0.0324426    0.013810019879753974   0.007506871   0.0038277686617927175    0.04269697   0.010206812813969795   0.06700345   0.007804503504064881   0.09161753   0.013435321478369247    0.0114396   0.0011488018798203458    0.0358331   0.003598476583685381  0.05834599   0.005859294294853773  0.07675733   0.007708221015616667  0.08019041   0.008052982075326247 
 0.001825  T17-3189   0.006530519    0.003329923891198507    0.02946641    0.014663907126781764    0.01646903     0.00839759249515586    0.01266099     0.00645586448772099    0.02557617   0.009017140032344734   0.04906074   0.006253265972574411   0.06307804   0.010826438019747815   0.00662064   0.0006732029239173654   0.02349229   0.002388753705172846  0.03844235  0.0038605059664946566  0.05120079    0.00514175004742781  0.05165901   0.005252814909451485 
 0.001825  T17-3183    0.01640679    0.008365854236541898    0.01738046    0.008862328508360542           0.0                    99.0           0.0                    99.0     0.0127579  0.0065052771246658665   0.02588219   0.004694149329094889   0.04367377    0.00973811581591398  0.004283481   0.0004443990033996588   0.01577872  0.0016044189793028006  0.02229496  0.0022670062584630333   0.0319765      0.003251448995069  0.03505911   0.003564896331485638 
 0.001825  T17-3162    0.01462244    0.007456008728472628    0.01812484    0.009241891284074705   0.005845784    0.002980776668824848   0.002488468   0.0012688746890951212    0.02810575   0.008508841795782197   0.01908596   0.004485420719222669   0.03308338   0.009633691001354985  0.003890173   0.0004035944156074759   0.01160533  0.0012040200301952663   0.0202865  0.0020627810985946156  0.02992901  0.0030432551797347344  0.03252586  0.0033744656404586255 
 0.001825  T17-3175    0.01956266    0.008969668787521477   0.005750383   0.0029321320030535614   0.005578604   0.0028445410654606763    0.00139494   0.0007112827260871798    0.02081949   0.008187816385703943   0.02442788   0.004624388483893735   0.04641542   0.009878303602566993  0.003613511  0.00038509393104033725   0.01065913  0.0011359495494248897  0.01893969  0.0019649390665590623  0.03088109  0.0031400650176025805  0.03292064  0.0034154228980324886 
 0.001825  T17-3174  0.0009773024   0.0004983284008281061   0.003948196    0.002013192844748898      0.010124    0.005162245394399999    0.01077792     0.00549568440075556    0.01825774   0.008567856394173049    0.0366778   0.005542243283981767   0.05094348    0.01027060886246502  0.002393952   0.0002635604903115981   0.01215177  0.0012607116299053643  0.02618312  0.0026623639176613333  0.04113125   0.004182326437169672     0.04987   0.005070903978927671 
 0.001825  T17-3120     0.0266891    0.011619944960807689    0.01650257    0.008414693626023767    0.03320852     0.01332753148241654    0.04162921    0.012769672818668495    0.06612297   0.010391545924926571    0.1092863   0.011688885378568652    0.1296698   0.015390645731183603   0.01988403    0.001996819038833186   0.06139978   0.006165965835175412  0.09675811   0.009716764459766481   0.1324113   0.013297173880065984   0.1299117   0.013046155924365652 
 0.001825  T17-3171           0.0                    99.0   0.002332972   0.0011895869752665586    0.01654531    0.008436483893682841   0.001853345   0.0009450241339838947    0.02172151   0.008294106179718343   0.03695298   0.005449986969303046    0.0512382   0.009983455412101815  0.004869863   0.0005052344620116288   0.01869241  0.0019006901013261578  0.02990053  0.0030403592491271493  0.04461544   0.004536607417689666   0.0472291   0.004802370817644062 
 0.001825  T17-3123           0.0                    99.0   0.003184634   0.0016238510909651045    0.01644589    0.008385791402840044    0.01142154    0.005823866514108733    0.01897891   0.009677381282510781   0.02809055   0.004860928388472823   0.03074696   0.009396319635101394  0.003179468  0.00035004136147925434   0.01433609  0.0014873286031840745  0.02434192  0.0024751461753866255  0.03735336  0.0037981813115248323  0.04432087   0.004506654813538446 
 0.001825  T17-3146    0.03140951      0.0095099844460244    0.03958701    0.015154525553873371    0.04719944     0.01308678031922046     0.0405468     0.01164908772127672    0.05674433   0.009928321133669328   0.07580239    0.00871756313010379   0.08415876   0.012068623200825562   0.01867774    0.001875679463841541   0.05016737   0.005037970641497551  0.07402632   0.007433964092652168  0.09032148   0.009070377121600543  0.08972175   0.009010150274634816 
 0.001825  T17-3159    0.01873643    0.008795346908274453    0.01565632      0.0079831881191053    0.01536773    0.007836033553801183   0.009710884    0.004951598701023595    0.03172256   0.008657781025215236   0.04671176    0.00599813060476979   0.07991272   0.012019489437327403  0.006382512   0.0006489894808311457   0.02498684  0.0025407232299713583  0.04229587   0.004247488980419547  0.05921951   0.005947016016024528   0.0621469   0.006240994055582397 
 0.001825  T17-3152   0.003730008   0.0019019383577857196    0.00627103   0.0031976104340325764           0.0                    99.0   0.005479002   0.0027937538113013897    0.00160689  0.0008193565427358471   0.02147638   0.004498078265953584   0.02903637    0.00869711845709796  0.003000209  0.00033030595629340387   0.01044095   0.001112697999627127  0.01888852  0.0019596303188527194  0.02575805   0.002619141753034725  0.02730346  0.0028326564809568354 
 0.001825  T17-3143   0.006891958     0.00351422283288619           0.0                    99.0    0.02150054     0.01096316730127822    0.02304501    0.011750690665190747    0.02416002   0.008276421685470419   0.03336781   0.005059851439688917    0.0438262   0.010596618757674734  0.006130902   0.0006234051635246535   0.01696216  0.0017247540500680816  0.03043044  0.0030942418159827715  0.04151983   0.004221838221841994  0.04695789   0.004774793496218941 
 0.001825  T17-3122   0.004147549    0.002114843818748564    0.02043731    0.010421029152437918    0.01767212    0.009011048472655332    0.02028751      0.0103446458401243    0.02011077   0.008684363522834186   0.02729244   0.004870693524471849   0.02740042    0.00881853020721781  0.005373737   0.0005575099446493577   0.01675466   0.001703654957366453  0.02322075   0.002361142842817647   0.0339849  0.0034556680368237054  0.03616688  0.0036775371077782818 
 0.001825  T17-3121    0.01560702    0.007958048972322614     0.0224168    0.011430370063230675   0.001251744   0.0006382666101442015    0.01340848    0.006837010116761859    0.03564859    0.00827401750333186   0.05341556  0.0070698534278679365   0.05919772   0.011392918142114777  0.003852869  0.00039972421757669376    0.0239748   0.002437816494765431  0.04341173   0.004359547279542136  0.05957817    0.00598303382283671  0.06458877   0.006486214596237637 
 0.001825  T17-3206   0.006571859   0.0033510042184483756   0.002375701   0.0012113740854558554  0.0003600452   0.0001835877500575417   0.005950051     0.00303394212529689   0.003278679  0.0016718053102710287    0.0146737  0.0045994827299812744   0.03360757   0.009434217835214217  0.002540572    0.000279702561084324  0.006858587  0.0007836185382887838  0.01234211  0.0013153056578077242  0.01507087  0.0016061112178679439   0.0179024  0.0019709525135854517 
 0.001825  T17-3193    0.01981649    0.009071934309502962   0.005768272   0.0029412531487710875    0.03997883    0.012967917054025639    0.02299221     0.01172376784215898    0.04206387   0.008820401090031734   0.06796218   0.008208349861296423   0.08043104   0.013287150728896547  0.007565617   0.0007692905008235381   0.03778634   0.003794627303989947  0.06305011  0.0063316973473540265  0.08962849   0.009000784806936571  0.09130673   0.009169319126635577 
 0.001825  T17-3186   0.006703871   0.0034183173948512165    0.01794501    0.009150196596742445    0.01306917    0.006663993324484802    0.02873795    0.013293798538928783    0.01262484      0.006437429571018   0.04209982   0.005581264666391301   0.04748252   0.010246216891063746  0.004289686   0.0004450427410850783   0.01780567   0.001810524211808627  0.03536312  0.0035512796503800836  0.05458647   0.005481751051229617  0.06208656   0.006234934521071617 
 0.001825  T17-3187    0.02059249    0.010002561923208324           0.0                    99.0           0.0                    99.0   0.007681092    0.003916603799370142     0.0219531    0.00882326944143156   0.03939141   0.005579646626516953   0.04533594   0.009594739037923909  0.003108277   0.0003312508597144014   0.01551069  0.0016091900453232492  0.03052123  0.0031034735635291372   0.0414117   0.004210843285070687  0.04581705   0.004658790076079672 
 0.001825  T17-3112   0.007578572     0.00386432865131679    0.01106357    0.005641333970838634           0.0                    99.0   0.001548859   0.0007897661284223134   0.005897468  0.0030071304412789017   0.01398587   0.004181855188426543   0.03253457   0.009457300717174748  0.002272233   0.0002596109127671254   0.01351216  0.0014018482390540854  0.02253612   0.002291527975303893  0.03122836   0.003175376292544128  0.03449375  0.0035074091421258354 
 0.001825  T17-3133           0.0                    99.0    0.01255423    0.006401424413651855     0.0210288    0.010722626154743996    0.00631001   0.0032174864120965607    0.01228979  0.0062665869222150745   0.01559375   0.004151085802546847   0.04339042   0.008799347426855017   0.00469363    0.000486950788060806   0.01413755  0.0014667306586837986  0.02864919  0.0029131199332446396  0.04252389   0.004323933494294519  0.04512861   0.004588787813414463 
 0.001825  T17-3147    0.03409379     0.01442274247867031    0.06332463    0.019632026265326483    0.07604887     0.02134659744040649    0.09669877    0.020139427758504684     0.1329939   0.019894607067547226    0.1773283     0.0195719311101282    0.1710377   0.022727862299587263   0.02658863    0.002670116797408512    0.1112352    0.01117060097428048   0.1673537    0.01680620342826886   0.2194198   0.022034850769341755   0.2266423    0.02276015776571219 
 0.001825  T17-3199  4.280766e-05   2.182770936712453e-05   0.004281324    0.002183055462001312           0.0                    99.0   0.009058025    0.004618704132670791    0.01743327   0.008889257410992495   0.03745721  0.0068388783026143984    0.0442338   0.012608944136306578  0.006923792   0.0007040281693750897   0.01879816  0.0019114430413240179  0.03018258  0.0030690388119458006  0.04683675   0.004703498940220437  0.04612805   0.004690413313571097 
 0.001825  T17-3188    0.01823162    0.009296340575602207  7.609876e-05  3.8802906220021406e-05           0.0                    99.0    0.02955002    0.015067612860705706   0.008389484   0.004277814262497444   0.02610407   0.006038551236393462   0.03172623   0.011757824101003086  0.004460986   0.0004628146313120621   0.01180976   0.001225229086295963  0.02202485   0.002239540794485845  0.02991403  0.0030417319841437775  0.03698797  0.0037610275473866513 
 0.001825  T17-3184    0.02596628    0.013240256841541407   0.007950103    0.004053773523497593    0.02278831    0.011619798834276822    0.03934195    0.018464806431978238    0.04058571   0.013474231812375836    0.1161226   0.014341727058833919    0.1105761    0.01862130331542344   0.01619276   0.0016261296819136662   0.05744484  0.0057687978866099625  0.09398102   0.009437880043476492   0.1251546   0.012568432407753006   0.1262635   0.012679791816406136 
 0.001825  T17-3182     0.0125386    0.006393458568474813    0.02761504    0.014080962782864529    0.02536221    0.012932245272687222    0.01635706    0.008340497793081478    0.07344296   0.015823513387045747   0.08629386   0.011011819990492989    0.1222217    0.01755006076894892   0.01143577     0.00114841726568341   0.05807403  0.0058319831901701815  0.09237548   0.009276646486083005   0.1218508   0.012236654157135603   0.1347639   0.013533429609782622 
 0.001825  T17-3202   0.004692636    0.002392784253418799    0.02646634    0.013495238411338128    0.03633033     0.01852491106342994    0.04072587    0.016447445885005033    0.06773421   0.013925638036328571     0.119315   0.012917636420671393    0.1640475   0.020136326742606264   0.01086511   0.0010911097278546095   0.05148559  0.0051703505903179375  0.09981878   0.010024126905932308   0.1469701   0.014759216026812703   0.1604592    0.01611383535238759 
 0.001825  T17-3203     0.0430684    0.012763904814013616    0.02958842    0.015087193095637903     0.1152397    0.021014253691846875    0.09190322    0.020245390523686718     0.1590896   0.019695669219747268    0.2578927      0.026263821149675    0.2982495     0.0329789696177746   0.03306152    0.003320145495044819    0.1265407   0.012707629133248619   0.2113541   0.021224866897993706   0.2783286   0.027950664270399748   0.2820939    0.02832878798467843 
 0.001825  T17-3205     0.0170419    0.008689697084289015    0.03303103     0.01684258174950352    0.00116035   0.0005916649253758752    0.02896429    0.014768952893639447    0.06826387   0.014901066072109372     0.111705   0.013234922169813656    0.1243238   0.018501754116645265   0.01482028   0.0014883007720833984   0.05928765   0.005953858866547413  0.09182119   0.009220982879408268   0.1241611   0.012468661946193586   0.1223206   0.012283832909503288 
 0.001825  T17-3148           0.0                    99.0           0.0                    99.0    0.02959031    0.015088151907422626           0.0                    99.0    0.05133789   0.014014501661212252   0.09414916    0.01073930073304738    0.1255377    0.01747088410650417  0.006587128   0.0006697953440239787    0.0381259  0.0038287270190438295  0.07304741   0.007335658762480249   0.1028931   0.010332860118433236   0.1077597   0.010821579960288284 
 0.001825  T17-3139    0.02337099    0.011916908503294845    0.04014607      0.0189607936224344    0.04273812     0.01867402827467721    0.03334221    0.016334699094288238    0.07918986   0.015802438364689038    0.1320044   0.014625887027655588    0.1503568   0.019536474757386506   0.02327187   0.0023370369573877605   0.07530079   0.007561950519650854    0.112361   0.011283657475911302    0.150149   0.015078451446814061    0.144131   0.014474104367456248 
 0.001825  T17-3166           0.0                    99.0           0.0                    99.0    0.03468869     0.01768782581819374           0.0                    99.0    0.05557868   0.015043153478228027    0.0771277   0.011956533323975473   0.07993842   0.015808289254722156  0.005590402   0.0005684457930682926   0.03442651   0.003457222233352234  0.05837147   0.005861853081302381  0.08059429   0.008093541031722877  0.08510242   0.008546262115087322 
 0.001825  T17-3168   0.007515776   0.0038323088483792327    0.01725894    0.008800366203812032   0.004157247    0.002119788847872846     0.0115232    0.005875704127064603    0.04351968   0.012726301173421287     0.058524   0.007763364462707905   0.06847287   0.014191106534462669  0.007631251   0.0007759643228588864   0.02686225   0.002697594614862517  0.04400985   0.004419612438521447  0.05349899    0.00537254277425394  0.06315751  0.0063424827967559685 
 0.001825  T17-3185           0.0                    99.0   0.003237678    0.001650898330073006           0.0                    99.0    0.02402201     0.01224887467747552    0.01070027   0.005456088553071147   0.02663936   0.006023249217509184   0.03567246   0.011864876293957556  0.002830913  0.00030169200947950214   0.01037486  0.0010763622728524073  0.01737412  0.0018025156504016934  0.02175959   0.002257495680292011  0.02502292   0.002596056891129592 
 0.001825  T17-3207    0.02448208    0.012483460365333965    0.03120465    0.015911316829386717     0.0210597    0.010738382125040998    0.04174704     0.01805545723396713    0.07922837   0.015864101196395242    0.1245791   0.014010262485345128   0.08233962   0.018610119266096712   0.01667491   0.0016745487580060367   0.05618697   0.005642478486428676  0.08571788   0.008608068621829569   0.1053208    0.01057665768085742   0.1199518   0.012045950342069695 
 0.001825  T17-3194           0.0                    99.0   0.006763343   0.0034486422837024557           0.0                    99.0    0.02779372    0.014172072063533407    0.05942707   0.015323241500751367    0.1177191   0.013185931722437705    0.1551102   0.019592118217548606  0.009945011     0.00101123312984614   0.04712823   0.004732770317333329   0.1029961    0.01034320375370438   0.1578807    0.01585489397388469   0.1749296   0.017567000009378976 
 0.001825  T17-3157           0.0                    99.0    0.01981192    0.010102134707012572           0.0                    99.0           0.0                    99.0    0.01042627   0.005316374437818033   0.02426495   0.006273176048776967   0.04113645    0.01221710477258933  0.001996877  0.00022815045711884954   0.01045697  0.0010848809566967427  0.02240385   0.002278078437718906  0.03216908   0.003271031010293385  0.03562236   0.003622168983120143 
 0.001825  T17-3151    0.01884952    0.009611406049605073   0.007645898   0.0038986583100940045    0.02122966    0.010825045060694021   0.007790423    0.003972351399323868    0.02892048   0.012848386677058097    0.0558476    0.00835052939418909   0.07198699   0.014563354590924475  0.004480167  0.00046480460809833853   0.02445671  0.0024868182843797897  0.04670568   0.004690336463977722  0.06851393   0.006880391938762541  0.08107525   0.008141840600499835 
 0.001825  T17-3134    0.03035196    0.012926713919914682      0.040336    0.017950479174005357    0.05764422     0.01870035855970906    0.08060852    0.017600087302704043    0.09683875   0.015491432064458244    0.1761373   0.018453591378674125    0.2298481   0.026039789251384123   0.02178323   0.0021875428796628905    0.0858383   0.008620161589488912   0.1476059   0.014823065047354412   0.2025527   0.020341001641466457     0.21039    0.02112804880825887 
