{
    "id": "gaia_xp_spectrum_6136303858376256512-Ref",
    "F0352_uJAVA": 16.190921783447266,
    "F0378": 16.06399154663086,
    "F0395": 16.01984214782715,
    "F0410": 15.384345054626465,
    "F0430": 15.324710845947266,
    "F0475_gSDSS": 14.909656524658203,
    "F0515": 14.738325119018555,
    "F0626_rSDSS": 14.363962173461914,
    "F0660": 14.312797546386719,
    "F0769_iSDSS": 14.196435928344727,
    "F0861": 14.15207290649414,
    "F0883_zSDSS": 14.129378318786621
}