{
    "id": "gaia_xp_spectrum_6088161054561299328-Ref",
    "F0352_uJAVA": 15.543527603149414,
    "F0378": 15.321202278137207,
    "F0395": 15.215289115905762,
    "F0410": 14.79712963104248,
    "F0430": 14.714797973632812,
    "F0475_gSDSS": 14.45950698852539,
    "F0515": 14.322232246398926,
    "F0626_rSDSS": 14.079569816589355,
    "F0660": 14.059741020202637,
    "F0769_iSDSS": 13.979759216308594,
    "F0861": 13.963641166687012,
    "F0883_zSDSS": 13.951557159423828
}