{
    "id": "gaia_xp_spectrum_6136198717578531072-Ref",
    "F0352_uJAVA": 16.417757034301758,
    "F0378": 16.296707153320312,
    "F0395": 16.201459884643555,
    "F0410": 15.626771926879883,
    "F0430": 15.54358196258545,
    "F0475_gSDSS": 15.0717191696167,
    "F0515": 14.85060977935791,
    "F0626_rSDSS": 14.417574882507324,
    "F0660": 14.33279037475586,
    "F0769_iSDSS": 14.157094955444336,
    "F0861": 14.06234359741211,
    "F0883_zSDSS": 14.026246070861816
}