{
    "id": "gaia_xp_spectrum_6136315575047043840-Ref",
    "F0352_uJAVA": 16.72065544128418,
    "F0378": 16.537939071655273,
    "F0395": 16.430593490600586,
    "F0410": 15.943333625793457,
    "F0430": 15.888053894042969,
    "F0475_gSDSS": 15.549198150634766,
    "F0515": 15.383084297180176,
    "F0626_rSDSS": 15.055848121643066,
    "F0660": 15.01580810546875,
    "F0769_iSDSS": 14.88810920715332,
    "F0861": 14.838836669921875,
    "F0883_zSDSS": 14.817527770996094
}