{
    "id": "gaia_xp_spectrum_6136217409276250368-Ref",
    "F0352_uJAVA": 16.34982681274414,
    "F0378": 16.15407943725586,
    "F0395": 16.03835105895996,
    "F0410": 15.551856994628906,
    "F0430": 15.497559547424316,
    "F0475_gSDSS": 15.103699684143066,
    "F0515": 14.928372383117676,
    "F0626_rSDSS": 14.547300338745117,
    "F0660": 14.482417106628418,
    "F0769_iSDSS": 14.351776123046875,
    "F0861": 14.303128242492676,
    "F0883_zSDSS": 14.265482902526855
}