{
    "id": "gaia_xp_spectrum_6136220639091664128-Ref",
    "F0352_uJAVA": 16.607379913330078,
    "F0378": 16.489381790161133,
    "F0395": 16.44402313232422,
    "F0410": 15.74616527557373,
    "F0430": 15.729116439819336,
    "F0475_gSDSS": 15.271105766296387,
    "F0515": 15.093185424804688,
    "F0626_rSDSS": 14.683323860168457,
    "F0660": 14.611115455627441,
    "F0769_iSDSS": 14.48808479309082,
    "F0861": 14.428187370300293,
    "F0883_zSDSS": 14.40219783782959
}