{
    "id": "gaia_xp_spectrum_6088265714324543616-Ref",
    "F0352_uJAVA": 16.66830825805664,
    "F0378": 16.6912784576416,
    "F0395": 16.500144958496094,
    "F0410": 15.781039237976074,
    "F0430": 15.713920593261719,
    "F0475_gSDSS": 15.201286315917969,
    "F0515": 15.015420913696289,
    "F0626_rSDSS": 14.564085006713867,
    "F0660": 14.492425918579102,
    "F0769_iSDSS": 14.376115798950195,
    "F0861": 14.328563690185547,
    "F0883_zSDSS": 14.295475959777832
}