{
    "id": "gaia_xp_spectrum_6136202256631844992-Ref",
    "F0352_uJAVA": 15.8779935836792,
    "F0378": 15.665315628051758,
    "F0395": 15.5986967086792,
    "F0410": 15.072949409484863,
    "F0430": 15.00949764251709,
    "F0475_gSDSS": 14.6910982131958,
    "F0515": 14.522112846374512,
    "F0626_rSDSS": 14.249387741088867,
    "F0660": 14.215599060058594,
    "F0769_iSDSS": 14.126935958862305,
    "F0861": 14.112874984741211,
    "F0883_zSDSS": 14.090716361999512
}