{
    "id": "gaia_xp_spectrum_6136221085768266112-Ref",
    "F0352_uJAVA": 16.77773094177246,
    "F0378": 16.644685745239258,
    "F0395": 16.51006317138672,
    "F0410": 15.910486221313477,
    "F0430": 15.847084999084473,
    "F0475_gSDSS": 15.424098014831543,
    "F0515": 15.233973503112793,
    "F0626_rSDSS": 14.829233169555664,
    "F0660": 14.772700309753418,
    "F0769_iSDSS": 14.634099960327148,
    "F0861": 14.576560020446777,
    "F0883_zSDSS": 14.547870635986328
}