{
    "id": "gaia_xp_spectrum_6088157481148442880-Ref",
    "F0352_uJAVA": 16.640718460083008,
    "F0378": 16.423187255859375,
    "F0395": 16.257356643676758,
    "F0410": 15.842382431030273,
    "F0430": 15.808788299560547,
    "F0475_gSDSS": 15.52418041229248,
    "F0515": 15.371672630310059,
    "F0626_rSDSS": 15.13438892364502,
    "F0660": 15.118736267089844,
    "F0769_iSDSS": 15.023653030395508,
    "F0861": 15.019436836242676,
    "F0883_zSDSS": 14.999532699584961
}