{
    "id": "gaia_xp_spectrum_6136271422785006848-Ref",
    "F0352_uJAVA": 16.644433975219727,
    "F0378": 16.58502197265625,
    "F0395": 16.4307804107666,
    "F0410": 15.809394836425781,
    "F0430": 15.75407886505127,
    "F0475_gSDSS": 15.334267616271973,
    "F0515": 15.164904594421387,
    "F0626_rSDSS": 14.75486946105957,
    "F0660": 14.710973739624023,
    "F0769_iSDSS": 14.56980037689209,
    "F0861": 14.5183687210083,
    "F0883_zSDSS": 14.488302230834961
}