{
    "id": "gaia_xp_spectrum_6136317877150204672-Ref",
    "F0352_uJAVA": 16.500391006469727,
    "F0378": 16.377887725830078,
    "F0395": 16.2312068939209,
    "F0410": 15.737320899963379,
    "F0430": 15.657180786132812,
    "F0475_gSDSS": 15.303949356079102,
    "F0515": 15.120383262634277,
    "F0626_rSDSS": 14.798311233520508,
    "F0660": 14.741557121276855,
    "F0769_iSDSS": 14.635486602783203,
    "F0861": 14.605144500732422,
    "F0883_zSDSS": 14.576020240783691
}