{
    "id": "gaia_xp_spectrum_6088257055670336768-Ref",
    "F0352_uJAVA": 16.5111083984375,
    "F0378": 16.502023696899414,
    "F0395": 16.462732315063477,
    "F0410": 15.681525230407715,
    "F0430": 15.660164833068848,
    "F0475_gSDSS": 15.153063774108887,
    "F0515": 14.975184440612793,
    "F0626_rSDSS": 14.560445785522461,
    "F0660": 14.494202613830566,
    "F0769_iSDSS": 14.374464988708496,
    "F0861": 14.326319694519043,
    "F0883_zSDSS": 14.296133995056152
}