{
    "id": "gaia_xp_spectrum_6136221154487745792-Ref",
    "F0352_uJAVA": 15.786528587341309,
    "F0378": 15.510584831237793,
    "F0395": 15.289708137512207,
    "F0410": 14.850662231445312,
    "F0430": 14.737308502197266,
    "F0475_gSDSS": 14.509296417236328,
    "F0515": 14.375274658203125,
    "F0626_rSDSS": 14.14732837677002,
    "F0660": 14.155710220336914,
    "F0769_iSDSS": 14.078137397766113,
    "F0861": 14.091377258300781,
    "F0883_zSDSS": 14.068957328796387
}