{
    "id": "gaia_xp_spectrum_6136222460157599232-Ref",
    "F0352_uJAVA": 15.882062911987305,
    "F0378": 15.68475341796875,
    "F0395": 15.60671329498291,
    "F0410": 15.011191368103027,
    "F0430": 14.944976806640625,
    "F0475_gSDSS": 14.564563751220703,
    "F0515": 14.38486385345459,
    "F0626_rSDSS": 14.033602714538574,
    "F0660": 13.993256568908691,
    "F0769_iSDSS": 13.872764587402344,
    "F0861": 13.841110229492188,
    "F0883_zSDSS": 13.812207221984863
}