{
    "id": "gaia_xp_spectrum_6136214935374845312-Ref",
    "F0352_uJAVA": 16.17327117919922,
    "F0378": 15.882210731506348,
    "F0395": 15.87899398803711,
    "F0410": 15.282082557678223,
    "F0430": 15.204774856567383,
    "F0475_gSDSS": 14.86662483215332,
    "F0515": 14.687312126159668,
    "F0626_rSDSS": 14.362960815429688,
    "F0660": 14.322920799255371,
    "F0769_iSDSS": 14.205438613891602,
    "F0861": 14.17287540435791,
    "F0883_zSDSS": 14.144614219665527
}