{
    "id": "gaia_xp_spectrum_6088255234604236544-Ref",
    "F0352_uJAVA": 16.61496353149414,
    "F0378": 16.479164123535156,
    "F0395": 16.51934242248535,
    "F0410": 15.892807006835938,
    "F0430": 15.876455307006836,
    "F0475_gSDSS": 15.4424409866333,
    "F0515": 15.268338203430176,
    "F0626_rSDSS": 14.892019271850586,
    "F0660": 14.841667175292969,
    "F0769_iSDSS": 14.699715614318848,
    "F0861": 14.643268585205078,
    "F0883_zSDSS": 14.619524002075195
}