{
    "id": "gaia_xp_spectrum_6136221188847487360-Ref",
    "F0352_uJAVA": 16.926679611206055,
    "F0378": 16.461515426635742,
    "F0395": 15.911603927612305,
    "F0410": 15.68303394317627,
    "F0430": 15.637669563293457,
    "F0475_gSDSS": 15.481942176818848,
    "F0515": 15.373091697692871,
    "F0626_rSDSS": 15.275189399719238,
    "F0660": 15.30437183380127,
    "F0769_iSDSS": 15.233861923217773,
    "F0861": 15.217283248901367,
    "F0883_zSDSS": 15.197460174560547
}