{
    "id": "gaia_xp_spectrum_6088252314026364544-Ref",
    "F0352_uJAVA": 16.0839786529541,
    "F0378": 15.814841270446777,
    "F0395": 15.61584186553955,
    "F0410": 15.21522331237793,
    "F0430": 15.114065170288086,
    "F0475_gSDSS": 14.910243034362793,
    "F0515": 14.77938175201416,
    "F0626_rSDSS": 14.588663101196289,
    "F0660": 14.594985961914062,
    "F0769_iSDSS": 14.526336669921875,
    "F0861": 14.534420013427734,
    "F0883_zSDSS": 14.524502754211426
}