{
    "id": "gaia_xp_spectrum_6088257811584617600-Ref",
    "F0352_uJAVA": 16.57560157775879,
    "F0378": 16.255762100219727,
    "F0395": 16.13655662536621,
    "F0410": 15.765172004699707,
    "F0430": 15.668669700622559,
    "F0475_gSDSS": 15.405570030212402,
    "F0515": 15.2529878616333,
    "F0626_rSDSS": 15.002509117126465,
    "F0660": 14.999716758728027,
    "F0769_iSDSS": 14.88940715789795,
    "F0861": 14.878392219543457,
    "F0883_zSDSS": 14.85411548614502
}