{
    "id": "gaia_xp_spectrum_6136202016113679488-Ref",
    "F0352_uJAVA": 16.380767822265625,
    "F0378": 16.17144012451172,
    "F0395": 16.05990219116211,
    "F0410": 15.635120391845703,
    "F0430": 15.567026138305664,
    "F0475_gSDSS": 15.245719909667969,
    "F0515": 15.086938858032227,
    "F0626_rSDSS": 14.799676895141602,
    "F0660": 14.758621215820312,
    "F0769_iSDSS": 14.654318809509277,
    "F0861": 14.631231307983398,
    "F0883_zSDSS": 14.605379104614258
}