{
    "id": "gaia_xp_spectrum_6136299632129343616-Ref",
    "F0352_uJAVA": 16.14302635192871,
    "F0378": 16.042163848876953,
    "F0395": 15.97916030883789,
    "F0410": 15.335980415344238,
    "F0430": 15.249062538146973,
    "F0475_gSDSS": 14.834354400634766,
    "F0515": 14.654417037963867,
    "F0626_rSDSS": 14.277070045471191,
    "F0660": 14.216517448425293,
    "F0769_iSDSS": 14.110079765319824,
    "F0861": 14.073543548583984,
    "F0883_zSDSS": 14.045040130615234
}