{
    "id": "gaia_xp_spectrum_6088161879194958720-Ref",
    "F0352_uJAVA": 16.468339920043945,
    "F0378": 16.643949508666992,
    "F0395": 16.322967529296875,
    "F0410": 15.518147468566895,
    "F0430": 15.405084609985352,
    "F0475_gSDSS": 14.791122436523438,
    "F0515": 14.62544059753418,
    "F0626_rSDSS": 14.049110412597656,
    "F0660": 13.962240219116211,
    "F0769_iSDSS": 13.812250137329102,
    "F0861": 13.73301887512207,
    "F0883_zSDSS": 13.69874095916748
}