{
    "id": "gaia_xp_spectrum_6088252588904290304-Ref",
    "F0352_uJAVA": 16.41962432861328,
    "F0378": 16.20581817626953,
    "F0395": 16.151872634887695,
    "F0410": 15.624691009521484,
    "F0430": 15.599418640136719,
    "F0475_gSDSS": 15.276800155639648,
    "F0515": 15.112166404724121,
    "F0626_rSDSS": 14.84860897064209,
    "F0660": 14.82542896270752,
    "F0769_iSDSS": 14.722289085388184,
    "F0861": 14.713201522827148,
    "F0883_zSDSS": 14.690827369689941
}