{
    "id": "gaia_xp_spectrum_6136203390503202048-Ref",
    "F0352_uJAVA": 16.90343475341797,
    "F0378": 16.73076057434082,
    "F0395": 16.64531135559082,
    "F0410": 16.12560272216797,
    "F0430": 16.03122901916504,
    "F0475_gSDSS": 15.733208656311035,
    "F0515": 15.579833984375,
    "F0626_rSDSS": 15.288678169250488,
    "F0660": 15.266674041748047,
    "F0769_iSDSS": 15.159202575683594,
    "F0861": 15.141743659973145,
    "F0883_zSDSS": 15.117939949035645
}