{
    "id": "gaia_xp_spectrum_6136313272945406464-Ref",
    "F0352_uJAVA": 16.871414184570312,
    "F0378": 16.709922790527344,
    "F0395": 16.603971481323242,
    "F0410": 16.01996421813965,
    "F0430": 15.926436424255371,
    "F0475_gSDSS": 15.542390823364258,
    "F0515": 15.363385200500488,
    "F0626_rSDSS": 15.004372596740723,
    "F0660": 14.94466495513916,
    "F0769_iSDSS": 14.845416069030762,
    "F0861": 14.808550834655762,
    "F0883_zSDSS": 14.785213470458984
}