{
    "id": "gaia_xp_spectrum_6136202909466621184-Ref",
    "F0352_uJAVA": 15.656532287597656,
    "F0378": 15.479290962219238,
    "F0395": 15.300857543945312,
    "F0410": 14.963377952575684,
    "F0430": 14.87397289276123,
    "F0475_gSDSS": 14.61702823638916,
    "F0515": 14.463260650634766,
    "F0626_rSDSS": 14.222031593322754,
    "F0660": 14.196708679199219,
    "F0769_iSDSS": 14.099096298217773,
    "F0861": 14.079874992370605,
    "F0883_zSDSS": 14.064823150634766
}