{
    "id": "gaia_xp_spectrum_6136216344124342144-Ref",
    "F0352_uJAVA": 16.04652214050293,
    "F0378": 15.804451942443848,
    "F0395": 15.66310977935791,
    "F0410": 15.206932067871094,
    "F0430": 15.102102279663086,
    "F0475_gSDSS": 14.7661714553833,
    "F0515": 14.57616138458252,
    "F0626_rSDSS": 14.268492698669434,
    "F0660": 14.226051330566406,
    "F0769_iSDSS": 14.107222557067871,
    "F0861": 14.077648162841797,
    "F0883_zSDSS": 14.048165321350098
}