{
    "id": "gaia_xp_spectrum_6136269636078601856-Ref",
    "F0352_uJAVA": 15.707210540771484,
    "F0378": 15.3442964553833,
    "F0395": 15.023327827453613,
    "F0410": 14.722071647644043,
    "F0430": 14.631653785705566,
    "F0475_gSDSS": 14.44615364074707,
    "F0515": 14.315701484680176,
    "F0626_rSDSS": 14.141276359558105,
    "F0660": 14.141796112060547,
    "F0769_iSDSS": 14.081571578979492,
    "F0861": 14.094832420349121,
    "F0883_zSDSS": 14.0728120803833
}