{
    "id": "gaia_xp_spectrum_6136217409275989504-Ref",
    "F0352_uJAVA": 16.711570739746094,
    "F0378": 16.358909606933594,
    "F0395": 16.093769073486328,
    "F0410": 15.802266120910645,
    "F0430": 15.690271377563477,
    "F0475_gSDSS": 15.464656829833984,
    "F0515": 15.339692115783691,
    "F0626_rSDSS": 15.058984756469727,
    "F0660": 15.042988777160645,
    "F0769_iSDSS": 14.932327270507812,
    "F0861": 14.910624504089355,
    "F0883_zSDSS": 14.892492294311523
}