{
    "id": "gaia_xp_spectrum_6136314441176359680-Ref",
    "F0352_uJAVA": 16.877235412597656,
    "F0378": 16.722551345825195,
    "F0395": 16.599842071533203,
    "F0410": 16.06132698059082,
    "F0430": 15.997127532958984,
    "F0475_gSDSS": 15.572569847106934,
    "F0515": 15.38012409210205,
    "F0626_rSDSS": 15.00740909576416,
    "F0660": 14.93561840057373,
    "F0769_iSDSS": 14.818687438964844,
    "F0861": 14.768983840942383,
    "F0883_zSDSS": 14.741663932800293
}