{
    "id": "gaia_xp_spectrum_6088161535597573760-Ref",
    "F0352_uJAVA": 16.393692016601562,
    "F0378": 16.36516761779785,
    "F0395": 16.343168258666992,
    "F0410": 15.684281349182129,
    "F0430": 15.549511909484863,
    "F0475_gSDSS": 14.940378189086914,
    "F0515": 14.727829933166504,
    "F0626_rSDSS": 14.134978294372559,
    "F0660": 14.029581069946289,
    "F0769_iSDSS": 13.838314056396484,
    "F0861": 13.727876663208008,
    "F0883_zSDSS": 13.676396369934082
}