{
    "id": "gaia_xp_spectrum_6136206311080754816-Ref",
    "F0352_uJAVA": 16.850194931030273,
    "F0378": 16.814035415649414,
    "F0395": 16.721973419189453,
    "F0410": 16.152305603027344,
    "F0430": 16.102659225463867,
    "F0475_gSDSS": 15.689596176147461,
    "F0515": 15.502964973449707,
    "F0626_rSDSS": 15.158482551574707,
    "F0660": 15.125129699707031,
    "F0769_iSDSS": 14.988619804382324,
    "F0861": 14.937588691711426,
    "F0883_zSDSS": 14.921320915222168
}