{
    "id": "gaia_xp_spectrum_6136211361962005632-Ref",
    "F0352_uJAVA": 16.27128791809082,
    "F0378": 16.43890380859375,
    "F0395": 16.187156677246094,
    "F0410": 15.346150398254395,
    "F0430": 15.26053524017334,
    "F0475_gSDSS": 14.722261428833008,
    "F0515": 14.582330703735352,
    "F0626_rSDSS": 14.034454345703125,
    "F0660": 13.961148262023926,
    "F0769_iSDSS": 13.818867683410645,
    "F0861": 13.758399963378906,
    "F0883_zSDSS": 13.723468780517578
}