{
    "id": "gaia_xp_spectrum_6088257536707277440-Ref",
    "F0352_uJAVA": 16.206092834472656,
    "F0378": 16.072948455810547,
    "F0395": 15.940327644348145,
    "F0410": 15.334076881408691,
    "F0430": 15.215445518493652,
    "F0475_gSDSS": 14.815052032470703,
    "F0515": 14.645379066467285,
    "F0626_rSDSS": 14.271055221557617,
    "F0660": 14.225902557373047,
    "F0769_iSDSS": 14.122406005859375,
    "F0861": 14.094067573547363,
    "F0883_zSDSS": 14.067842483520508
}