{
    "id": "gaia_xp_spectrum_6136271182266834432-Ref",
    "F0352_uJAVA": 15.824178695678711,
    "F0378": 15.568464279174805,
    "F0395": 15.399751663208008,
    "F0410": 14.997438430786133,
    "F0430": 14.933306694030762,
    "F0475_gSDSS": 14.624568939208984,
    "F0515": 14.450263023376465,
    "F0626_rSDSS": 14.153144836425781,
    "F0660": 14.124435424804688,
    "F0769_iSDSS": 14.002198219299316,
    "F0861": 13.958333969116211,
    "F0883_zSDSS": 13.941635131835938
}