{
    "id": "gaia_xp_spectrum_6136317293033853696-Ref",
    "F0352_uJAVA": 16.369426727294922,
    "F0378": 16.062641143798828,
    "F0395": 15.953919410705566,
    "F0410": 15.577990531921387,
    "F0430": 15.461284637451172,
    "F0475_gSDSS": 15.21311092376709,
    "F0515": 15.05649185180664,
    "F0626_rSDSS": 14.795568466186523,
    "F0660": 14.774266242980957,
    "F0769_iSDSS": 14.673189163208008,
    "F0861": 14.652324676513672,
    "F0883_zSDSS": 14.634057998657227
}