{
    "id": "gaia_xp_spectrum_6136198923736962560-Ref",
    "F0352_uJAVA": 16.79316520690918,
    "F0378": 16.759916305541992,
    "F0395": 16.623109817504883,
    "F0410": 15.911686897277832,
    "F0430": 15.873441696166992,
    "F0475_gSDSS": 15.423842430114746,
    "F0515": 15.253244400024414,
    "F0626_rSDSS": 14.865346908569336,
    "F0660": 14.82196044921875,
    "F0769_iSDSS": 14.709639549255371,
    "F0861": 14.68091869354248,
    "F0883_zSDSS": 14.651721000671387
}