{
    "id": "gaia_xp_spectrum_6136301590634211456-Ref",
    "F0352_uJAVA": 15.924580574035645,
    "F0378": 15.667960166931152,
    "F0395": 15.483209609985352,
    "F0410": 15.09745979309082,
    "F0430": 15.048737525939941,
    "F0475_gSDSS": 14.799428939819336,
    "F0515": 14.667983055114746,
    "F0626_rSDSS": 14.408975601196289,
    "F0660": 14.391724586486816,
    "F0769_iSDSS": 14.292327880859375,
    "F0861": 14.272854804992676,
    "F0883_zSDSS": 14.252208709716797
}