{
    "id": "gaia_xp_spectrum_6136300903439438592-Ref",
    "F0352_uJAVA": 16.712881088256836,
    "F0378": 16.663280487060547,
    "F0395": 16.449846267700195,
    "F0410": 15.802757263183594,
    "F0430": 15.69269847869873,
    "F0475_gSDSS": 15.236885070800781,
    "F0515": 15.05411148071289,
    "F0626_rSDSS": 14.632378578186035,
    "F0660": 14.573256492614746,
    "F0769_iSDSS": 14.455472946166992,
    "F0861": 14.408222198486328,
    "F0883_zSDSS": 14.386636734008789
}