{
    "id": "gaia_xp_spectrum_6088162222792346368-Ref",
    "F0352_uJAVA": 16.071638107299805,
    "F0378": 15.890388488769531,
    "F0395": 15.884140968322754,
    "F0410": 15.318521499633789,
    "F0430": 15.284976959228516,
    "F0475_gSDSS": 14.95903205871582,
    "F0515": 14.808910369873047,
    "F0626_rSDSS": 14.517740249633789,
    "F0660": 14.48398494720459,
    "F0769_iSDSS": 14.394767761230469,
    "F0861": 14.379955291748047,
    "F0883_zSDSS": 14.356440544128418
}