{
    "id": "gaia_xp_spectrum_6136201088400738304-Ref",
    "F0352_uJAVA": 16.14217758178711,
    "F0378": 15.870262145996094,
    "F0395": 15.853339195251465,
    "F0410": 15.326711654663086,
    "F0430": 15.261763572692871,
    "F0475_gSDSS": 14.961288452148438,
    "F0515": 14.803510665893555,
    "F0626_rSDSS": 14.54748821258545,
    "F0660": 14.512541770935059,
    "F0769_iSDSS": 14.435404777526855,
    "F0861": 14.418996810913086,
    "F0883_zSDSS": 14.405173301696777
}