{
    "id": "gaia_xp_spectrum_6136313272945254016-Ref",
    "F0352_uJAVA": 16.703325271606445,
    "F0378": 16.7018985748291,
    "F0395": 16.52727699279785,
    "F0410": 15.862600326538086,
    "F0430": 15.773147583007812,
    "F0475_gSDSS": 15.301417350769043,
    "F0515": 15.129190444946289,
    "F0626_rSDSS": 14.68248462677002,
    "F0660": 14.613158226013184,
    "F0769_iSDSS": 14.50003719329834,
    "F0861": 14.450520515441895,
    "F0883_zSDSS": 14.42680549621582
}