{
    "id": "gaia_xp_spectrum_6136313479103691264-Ref",
    "F0352_uJAVA": 15.783113479614258,
    "F0378": 15.536360740661621,
    "F0395": 15.443830490112305,
    "F0410": 14.965354919433594,
    "F0430": 14.8767671585083,
    "F0475_gSDSS": 14.580558776855469,
    "F0515": 14.428020477294922,
    "F0626_rSDSS": 14.14997673034668,
    "F0660": 14.124889373779297,
    "F0769_iSDSS": 14.031328201293945,
    "F0861": 14.015788078308105,
    "F0883_zSDSS": 13.993654251098633
}