{
    "id": "gaia_xp_spectrum_6088158099623732864-Ref",
    "F0352_uJAVA": 16.858491897583008,
    "F0378": 16.497909545898438,
    "F0395": 16.38763427734375,
    "F0410": 15.941988945007324,
    "F0430": 15.845913887023926,
    "F0475_gSDSS": 15.50919246673584,
    "F0515": 15.322125434875488,
    "F0626_rSDSS": 14.966824531555176,
    "F0660": 14.90499210357666,
    "F0769_iSDSS": 14.75478458404541,
    "F0861": 14.68873405456543,
    "F0883_zSDSS": 14.657078742980957
}