{
    "id": "gaia_xp_spectrum_6136304064534654336-Ref",
    "F0352_uJAVA": 16.251699447631836,
    "F0378": 16.127986907958984,
    "F0395": 15.964627265930176,
    "F0410": 15.425825119018555,
    "F0430": 15.359707832336426,
    "F0475_gSDSS": 14.98890495300293,
    "F0515": 14.81291675567627,
    "F0626_rSDSS": 14.485556602478027,
    "F0660": 14.434555053710938,
    "F0769_iSDSS": 14.34156322479248,
    "F0861": 14.316828727722168,
    "F0883_zSDSS": 14.295263290405273
}