{
    "id": "gaia_xp_spectrum_6088258739297556992-Ref",
    "F0352_uJAVA": 16.244997024536133,
    "F0378": 16.000391006469727,
    "F0395": 15.972702026367188,
    "F0410": 15.480591773986816,
    "F0430": 15.422881126403809,
    "F0475_gSDSS": 15.08271312713623,
    "F0515": 14.926213264465332,
    "F0626_rSDSS": 14.622878074645996,
    "F0660": 14.597065925598145,
    "F0769_iSDSS": 14.480297088623047,
    "F0861": 14.460051536560059,
    "F0883_zSDSS": 14.43026351928711
}