{
    "id": "gaia_xp_spectrum_6136218921104879360-Ref",
    "F0352_uJAVA": 15.785660743713379,
    "F0378": 15.602462768554688,
    "F0395": 15.534140586853027,
    "F0410": 15.017558097839355,
    "F0430": 14.933736801147461,
    "F0475_gSDSS": 14.601287841796875,
    "F0515": 14.446151733398438,
    "F0626_rSDSS": 14.110437393188477,
    "F0660": 14.061012268066406,
    "F0769_iSDSS": 13.95673656463623,
    "F0861": 13.923871994018555,
    "F0883_zSDSS": 13.90018081665039
}