{
    "id": "gaia_xp_spectrum_6136202668948709376-Ref",
    "F0352_uJAVA": 16.908884048461914,
    "F0378": 16.77452278137207,
    "F0395": 16.712148666381836,
    "F0410": 16.183937072753906,
    "F0430": 16.177961349487305,
    "F0475_gSDSS": 15.822921752929688,
    "F0515": 15.668663024902344,
    "F0626_rSDSS": 15.363129615783691,
    "F0660": 15.30454158782959,
    "F0769_iSDSS": 15.208905220031738,
    "F0861": 15.169785499572754,
    "F0883_zSDSS": 15.150445938110352
}