{
    "id": "gaia_xp_spectrum_6088162600749472896-Ref",
    "F0352_uJAVA": 16.126691818237305,
    "F0378": 15.963050842285156,
    "F0395": 16.040054321289062,
    "F0410": 15.305619239807129,
    "F0430": 15.242242813110352,
    "F0475_gSDSS": 14.721687316894531,
    "F0515": 14.520347595214844,
    "F0626_rSDSS": 14.048381805419922,
    "F0660": 13.966739654541016,
    "F0769_iSDSS": 13.798166275024414,
    "F0861": 13.707962989807129,
    "F0883_zSDSS": 13.672481536865234
}