{
    "id": "gaia_xp_spectrum_6136200091968078976-Ref",
    "F0352_uJAVA": 16.733936309814453,
    "F0378": 16.529531478881836,
    "F0395": 16.500652313232422,
    "F0410": 16.012184143066406,
    "F0430": 15.91933536529541,
    "F0475_gSDSS": 15.553853034973145,
    "F0515": 15.373051643371582,
    "F0626_rSDSS": 15.041548728942871,
    "F0660": 14.983954429626465,
    "F0769_iSDSS": 14.87476921081543,
    "F0861": 14.84229850769043,
    "F0883_zSDSS": 14.811609268188477
}