{
    "id": "gaia_xp_spectrum_6136202290991586688-Ref",
    "F0352_uJAVA": 16.092735290527344,
    "F0378": 15.903640747070312,
    "F0395": 15.816631317138672,
    "F0410": 15.259086608886719,
    "F0430": 15.18754768371582,
    "F0475_gSDSS": 14.832220077514648,
    "F0515": 14.654644966125488,
    "F0626_rSDSS": 14.349135398864746,
    "F0660": 14.322196006774902,
    "F0769_iSDSS": 14.210243225097656,
    "F0861": 14.186774253845215,
    "F0883_zSDSS": 14.167536735534668
}