{
    "id": "gaia_xp_spectrum_6136300250603683072-Ref",
    "F0352_uJAVA": 16.666460037231445,
    "F0378": 16.44605255126953,
    "F0395": 16.230762481689453,
    "F0410": 15.888175964355469,
    "F0430": 15.783744812011719,
    "F0475_gSDSS": 15.556572914123535,
    "F0515": 15.415936470031738,
    "F0626_rSDSS": 15.184459686279297,
    "F0660": 15.163270950317383,
    "F0769_iSDSS": 15.074243545532227,
    "F0861": 15.066359519958496,
    "F0883_zSDSS": 15.043741226196289
}