{
    "id": "gaia_xp_spectrum_6136216619002257920-Ref",
    "F0352_uJAVA": 16.40233612060547,
    "F0378": 16.12847328186035,
    "F0395": 16.138437271118164,
    "F0410": 15.502981185913086,
    "F0430": 15.41054630279541,
    "F0475_gSDSS": 15.061626434326172,
    "F0515": 14.898963928222656,
    "F0626_rSDSS": 14.547881126403809,
    "F0660": 14.502806663513184,
    "F0769_iSDSS": 14.389131546020508,
    "F0861": 14.371988296508789,
    "F0883_zSDSS": 14.334558486938477
}