{
    "id": "gaia_xp_spectrum_6136302346547748608-Ref",
    "F0352_uJAVA": 16.853775024414062,
    "F0378": 16.660505294799805,
    "F0395": 16.617706298828125,
    "F0410": 16.069629669189453,
    "F0430": 15.989595413208008,
    "F0475_gSDSS": 15.659924507141113,
    "F0515": 15.485091209411621,
    "F0626_rSDSS": 15.170734405517578,
    "F0660": 15.12297248840332,
    "F0769_iSDSS": 15.015548706054688,
    "F0861": 14.978530883789062,
    "F0883_zSDSS": 14.958828926086426
}