{
    "id": "gaia_xp_spectrum_6088254650488659200-Ref",
    "F0352_uJAVA": 16.208555221557617,
    "F0378": 16.05618667602539,
    "F0395": 15.941022872924805,
    "F0410": 15.441454887390137,
    "F0430": 15.395243644714355,
    "F0475_gSDSS": 15.076422691345215,
    "F0515": 14.91237735748291,
    "F0626_rSDSS": 14.632318496704102,
    "F0660": 14.581356048583984,
    "F0769_iSDSS": 14.497607231140137,
    "F0861": 14.472270011901855,
    "F0883_zSDSS": 14.45508861541748
}