{
    "id": "gaia_xp_spectrum_6136318942302093056-Ref",
    "F0352_uJAVA": 16.569072723388672,
    "F0378": 16.373371124267578,
    "F0395": 16.420635223388672,
    "F0410": 15.609206199645996,
    "F0430": 15.51228141784668,
    "F0475_gSDSS": 14.899292945861816,
    "F0515": 14.654292106628418,
    "F0626_rSDSS": 14.08846378326416,
    "F0660": 13.985174179077148,
    "F0769_iSDSS": 13.775622367858887,
    "F0861": 13.661273956298828,
    "F0883_zSDSS": 13.614282608032227
}