{
    "id": "gaia_xp_spectrum_6136219780098216064-Ref",
    "F0352_uJAVA": 16.676050186157227,
    "F0378": 16.5738582611084,
    "F0395": 16.537912368774414,
    "F0410": 15.946213722229004,
    "F0430": 15.903791427612305,
    "F0475_gSDSS": 15.506892204284668,
    "F0515": 15.32115650177002,
    "F0626_rSDSS": 14.964590072631836,
    "F0660": 14.906377792358398,
    "F0769_iSDSS": 14.765028953552246,
    "F0861": 14.703165054321289,
    "F0883_zSDSS": 14.678182601928711
}