{
    "id": "gaia_xp_spectrum_6136201191479956864-Ref",
    "F0352_uJAVA": 16.256752014160156,
    "F0378": 16.114017486572266,
    "F0395": 15.991609573364258,
    "F0410": 15.526117324829102,
    "F0430": 15.491400718688965,
    "F0475_gSDSS": 15.171089172363281,
    "F0515": 15.003499031066895,
    "F0626_rSDSS": 14.742061614990234,
    "F0660": 14.708052635192871,
    "F0769_iSDSS": 14.613057136535645,
    "F0861": 14.596911430358887,
    "F0883_zSDSS": 14.577717781066895
}