{
    "id": "gaia_xp_spectrum_6136204386935389568-Ref",
    "F0352_uJAVA": 16.08121681213379,
    "F0378": 15.923924446105957,
    "F0395": 15.867097854614258,
    "F0410": 15.302116394042969,
    "F0430": 15.267538070678711,
    "F0475_gSDSS": 14.865960121154785,
    "F0515": 14.693530082702637,
    "F0626_rSDSS": 14.337100982666016,
    "F0660": 14.282069206237793,
    "F0769_iSDSS": 14.160574913024902,
    "F0861": 14.110920906066895,
    "F0883_zSDSS": 14.084145545959473
}