{
    "id": "gaia_xp_spectrum_6088162875627380096-Ref",
    "F0352_uJAVA": 15.845358848571777,
    "F0378": 15.580151557922363,
    "F0395": 15.385676383972168,
    "F0410": 15.047550201416016,
    "F0430": 14.954648971557617,
    "F0475_gSDSS": 14.727511405944824,
    "F0515": 14.579882621765137,
    "F0626_rSDSS": 14.371435165405273,
    "F0660": 14.35412883758545,
    "F0769_iSDSS": 14.276809692382812,
    "F0861": 14.275473594665527,
    "F0883_zSDSS": 14.258662223815918
}