{
    "id": "gaia_xp_spectrum_6136203527941925504-Ref",
    "F0352_uJAVA": 16.82735252380371,
    "F0378": 16.590105056762695,
    "F0395": 16.679811477661133,
    "F0410": 16.054819107055664,
    "F0430": 15.987434387207031,
    "F0475_gSDSS": 15.650519371032715,
    "F0515": 15.502152442932129,
    "F0626_rSDSS": 15.167189598083496,
    "F0660": 15.134778022766113,
    "F0769_iSDSS": 15.019256591796875,
    "F0861": 14.982177734375,
    "F0883_zSDSS": 14.963499069213867
}