{
    "id": "gaia_xp_spectrum_6136222185279682944-Ref",
    "F0352_uJAVA": 16.505369186401367,
    "F0378": 16.21921157836914,
    "F0395": 16.0942440032959,
    "F0410": 15.654643058776855,
    "F0430": 15.58359432220459,
    "F0475_gSDSS": 15.289185523986816,
    "F0515": 15.12696647644043,
    "F0626_rSDSS": 14.837936401367188,
    "F0660": 14.826827049255371,
    "F0769_iSDSS": 14.700389862060547,
    "F0861": 14.669793128967285,
    "F0883_zSDSS": 14.64487361907959
}