{
    "id": "gaia_xp_spectrum_6088254959727553024-Ref",
    "F0352_uJAVA": 16.690797805786133,
    "F0378": 16.547414779663086,
    "F0395": 16.465633392333984,
    "F0410": 15.867666244506836,
    "F0430": 15.828201293945312,
    "F0475_gSDSS": 15.420025825500488,
    "F0515": 15.241652488708496,
    "F0626_rSDSS": 14.900299072265625,
    "F0660": 14.838521003723145,
    "F0769_iSDSS": 14.74858570098877,
    "F0861": 14.723626136779785,
    "F0883_zSDSS": 14.695198059082031
}