{
    "id": "gaia_xp_spectrum_6088258326981041792-Ref",
    "F0352_uJAVA": 16.058368682861328,
    "F0378": 15.915984153747559,
    "F0395": 15.871964454650879,
    "F0410": 15.293360710144043,
    "F0430": 15.240705490112305,
    "F0475_gSDSS": 14.846782684326172,
    "F0515": 14.704634666442871,
    "F0626_rSDSS": 14.349438667297363,
    "F0660": 14.314125061035156,
    "F0769_iSDSS": 14.203409194946289,
    "F0861": 14.185454368591309,
    "F0883_zSDSS": 14.160701751708984
}