{
    "id": "gaia_xp_spectrum_6088253997653600896-Ref",
    "F0352_uJAVA": 16.012954711914062,
    "F0378": 15.800366401672363,
    "F0395": 15.775152206420898,
    "F0410": 15.257404327392578,
    "F0430": 15.1945161819458,
    "F0475_gSDSS": 14.856941223144531,
    "F0515": 14.69012451171875,
    "F0626_rSDSS": 14.391030311584473,
    "F0660": 14.355297088623047,
    "F0769_iSDSS": 14.246655464172363,
    "F0861": 14.218083381652832,
    "F0883_zSDSS": 14.197015762329102
}