{
    "id": "gaia_xp_spectrum_6136221669883588224-Ref",
    "F0352_uJAVA": 16.416038513183594,
    "F0378": 16.135557174682617,
    "F0395": 16.0927734375,
    "F0410": 15.546607971191406,
    "F0430": 15.456497192382812,
    "F0475_gSDSS": 15.08723258972168,
    "F0515": 14.899876594543457,
    "F0626_rSDSS": 14.550223350524902,
    "F0660": 14.503107070922852,
    "F0769_iSDSS": 14.377985000610352,
    "F0861": 14.334548950195312,
    "F0883_zSDSS": 14.307671546936035
}