{
    "id": "gaia_xp_spectrum_6088255818719716480-Ref",
    "F0352_uJAVA": 16.874526977539062,
    "F0378": 16.675832748413086,
    "F0395": 16.75020408630371,
    "F0410": 16.0806827545166,
    "F0430": 16.01768684387207,
    "F0475_gSDSS": 15.635161399841309,
    "F0515": 15.433876037597656,
    "F0626_rSDSS": 15.122002601623535,
    "F0660": 15.051185607910156,
    "F0769_iSDSS": 14.959790229797363,
    "F0861": 14.929716110229492,
    "F0883_zSDSS": 14.900301933288574
}