{
    "id": "gaia_xp_spectrum_6088158305782165760-Ref",
    "F0352_uJAVA": 16.353843688964844,
    "F0378": 16.006710052490234,
    "F0395": 15.765826225280762,
    "F0410": 15.48015022277832,
    "F0430": 15.425786018371582,
    "F0475_gSDSS": 15.236740112304688,
    "F0515": 15.10761547088623,
    "F0626_rSDSS": 14.966791152954102,
    "F0660": 14.966805458068848,
    "F0769_iSDSS": 14.905147552490234,
    "F0861": 14.922901153564453,
    "F0883_zSDSS": 14.903565406799316
}