{
    "id": "gaia_xp_spectrum_6136269532999183360-Ref",
    "F0352_uJAVA": 16.285486221313477,
    "F0378": 16.11429214477539,
    "F0395": 16.07059669494629,
    "F0410": 15.477025032043457,
    "F0430": 15.433086395263672,
    "F0475_gSDSS": 15.020745277404785,
    "F0515": 14.825047492980957,
    "F0626_rSDSS": 14.446187019348145,
    "F0660": 14.376566886901855,
    "F0769_iSDSS": 14.24828815460205,
    "F0861": 14.194197654724121,
    "F0883_zSDSS": 14.162423133850098
}