{
    "id": "gaia_xp_spectrum_6136301075238120832-Ref",
    "F0352_uJAVA": 16.640567779541016,
    "F0378": 16.29174041748047,
    "F0395": 16.28810691833496,
    "F0410": 15.808954238891602,
    "F0430": 15.726754188537598,
    "F0475_gSDSS": 15.434025764465332,
    "F0515": 15.269876480102539,
    "F0626_rSDSS": 14.96999454498291,
    "F0660": 14.91629409790039,
    "F0769_iSDSS": 14.815939903259277,
    "F0861": 14.768133163452148,
    "F0883_zSDSS": 14.75665283203125
}