{
    "id": "gaia_xp_spectrum_6136200293823559936-Ref",
    "F0352_uJAVA": 15.548354148864746,
    "F0378": 15.173172950744629,
    "F0395": 14.977862358093262,
    "F0410": 14.729192733764648,
    "F0430": 14.645054817199707,
    "F0475_gSDSS": 14.484391212463379,
    "F0515": 14.377198219299316,
    "F0626_rSDSS": 14.207988739013672,
    "F0660": 14.20290756225586,
    "F0769_iSDSS": 14.150063514709473,
    "F0861": 14.155319213867188,
    "F0883_zSDSS": 14.128118515014648
}