{
    "id": "gaia_xp_spectrum_6136314612975066240-Ref",
    "F0352_uJAVA": 16.638587951660156,
    "F0378": 16.46856689453125,
    "F0395": 16.430316925048828,
    "F0410": 15.79361629486084,
    "F0430": 15.75754165649414,
    "F0475_gSDSS": 15.348819732666016,
    "F0515": 15.17203426361084,
    "F0626_rSDSS": 14.807600021362305,
    "F0660": 14.763492584228516,
    "F0769_iSDSS": 14.643022537231445,
    "F0861": 14.596770286560059,
    "F0883_zSDSS": 14.574918746948242
}