{
    "id": "gaia_xp_spectrum_6088258361340466688-Ref",
    "F0352_uJAVA": 16.021997451782227,
    "F0378": 15.849689483642578,
    "F0395": 15.795332908630371,
    "F0410": 15.177947998046875,
    "F0430": 15.138428688049316,
    "F0475_gSDSS": 14.747732162475586,
    "F0515": 14.567646980285645,
    "F0626_rSDSS": 14.245828628540039,
    "F0660": 14.202646255493164,
    "F0769_iSDSS": 14.100667953491211,
    "F0861": 14.077322006225586,
    "F0883_zSDSS": 14.053789138793945
}