{
    "id": "gaia_xp_spectrum_6088256402835910272-Ref",
    "F0352_uJAVA": 16.31144142150879,
    "F0378": 16.285263061523438,
    "F0395": 16.160669326782227,
    "F0410": 15.437864303588867,
    "F0430": 15.342442512512207,
    "F0475_gSDSS": 14.852754592895508,
    "F0515": 14.671000480651855,
    "F0626_rSDSS": 14.252955436706543,
    "F0660": 14.19521713256836,
    "F0769_iSDSS": 14.083882331848145,
    "F0861": 14.041759490966797,
    "F0883_zSDSS": 14.01554012298584
}