{
    "id": "gaia_xp_spectrum_6136308496940927744-Ref",
    "F0352_uJAVA": 16.995386123657227,
    "F0378": 16.611629486083984,
    "F0395": 16.39881134033203,
    "F0410": 15.990789413452148,
    "F0430": 15.897279739379883,
    "F0475_gSDSS": 15.679332733154297,
    "F0515": 15.539534568786621,
    "F0626_rSDSS": 15.318689346313477,
    "F0660": 15.294340133666992,
    "F0769_iSDSS": 15.225617408752441,
    "F0861": 15.22032356262207,
    "F0883_zSDSS": 15.202909469604492
}