{
    "id": "gaia_xp_spectrum_6136198923736962944-Ref",
    "F0352_uJAVA": 16.606306076049805,
    "F0378": 16.52052879333496,
    "F0395": 16.4616641998291,
    "F0410": 15.76091480255127,
    "F0430": 15.709378242492676,
    "F0475_gSDSS": 15.340474128723145,
    "F0515": 15.177667617797852,
    "F0626_rSDSS": 14.83981704711914,
    "F0660": 14.78333854675293,
    "F0769_iSDSS": 14.695645332336426,
    "F0861": 14.665242195129395,
    "F0883_zSDSS": 14.637602806091309
}