{
    "id": "gaia_xp_spectrum_6136303136821735808-Ref",
    "F0352_uJAVA": 16.398120880126953,
    "F0378": 16.339447021484375,
    "F0395": 16.11770248413086,
    "F0410": 15.379416465759277,
    "F0430": 15.266156196594238,
    "F0475_gSDSS": 14.776079177856445,
    "F0515": 14.589319229125977,
    "F0626_rSDSS": 14.109819412231445,
    "F0660": 14.03963565826416,
    "F0769_iSDSS": 13.922836303710938,
    "F0861": 13.874407768249512,
    "F0883_zSDSS": 13.845938682556152
}