{
    "id": "gaia_xp_spectrum_6136304408132046720-Ref",
    "F0352_uJAVA": 16.606983184814453,
    "F0378": 16.613935470581055,
    "F0395": 16.475448608398438,
    "F0410": 15.776250839233398,
    "F0430": 15.683396339416504,
    "F0475_gSDSS": 15.223653793334961,
    "F0515": 15.045465469360352,
    "F0626_rSDSS": 14.604684829711914,
    "F0660": 14.538105964660645,
    "F0769_iSDSS": 14.408863067626953,
    "F0861": 14.35682487487793,
    "F0883_zSDSS": 14.323813438415527
}