{
    "id": "gaia_xp_spectrum_6136204833611998208-Ref",
    "F0352_uJAVA": 16.906837463378906,
    "F0378": 16.702838897705078,
    "F0395": 16.638978958129883,
    "F0410": 16.089527130126953,
    "F0430": 16.012752532958984,
    "F0475_gSDSS": 15.674529075622559,
    "F0515": 15.49089241027832,
    "F0626_rSDSS": 15.18216323852539,
    "F0660": 15.133246421813965,
    "F0769_iSDSS": 15.024048805236816,
    "F0861": 14.983148574829102,
    "F0883_zSDSS": 14.964491844177246
}