{
    "id": "gaia_xp_spectrum_6136217203117535744-Ref",
    "F0352_uJAVA": 16.377910614013672,
    "F0378": 16.184823989868164,
    "F0395": 16.04288673400879,
    "F0410": 15.554378509521484,
    "F0430": 15.469062805175781,
    "F0475_gSDSS": 15.140408515930176,
    "F0515": 14.943632125854492,
    "F0626_rSDSS": 14.650867462158203,
    "F0660": 14.630345344543457,
    "F0769_iSDSS": 14.499027252197266,
    "F0861": 14.460052490234375,
    "F0883_zSDSS": 14.440019607543945
}