{
    "id": "gaia_xp_spectrum_6136200435565703168-Ref",
    "F0352_uJAVA": 15.889200210571289,
    "F0378": 15.767464637756348,
    "F0395": 15.754639625549316,
    "F0410": 15.299531936645508,
    "F0430": 15.242990493774414,
    "F0475_gSDSS": 14.892266273498535,
    "F0515": 14.721757888793945,
    "F0626_rSDSS": 14.384157180786133,
    "F0660": 14.309470176696777,
    "F0769_iSDSS": 14.219326972961426,
    "F0861": 14.180606842041016,
    "F0883_zSDSS": 14.142013549804688
}