{
    "id": "gaia_xp_spectrum_6136200401205963904-Ref",
    "F0352_uJAVA": 16.58523178100586,
    "F0378": 16.36406707763672,
    "F0395": 16.201292037963867,
    "F0410": 15.815640449523926,
    "F0430": 15.735433578491211,
    "F0475_gSDSS": 15.454110145568848,
    "F0515": 15.290085792541504,
    "F0626_rSDSS": 15.016613960266113,
    "F0660": 14.982605934143066,
    "F0769_iSDSS": 14.87424373626709,
    "F0861": 14.849844932556152,
    "F0883_zSDSS": 14.82532787322998
}