{
    "id": "gaia_xp_spectrum_6136314647334103168-Ref",
    "F0352_uJAVA": 15.89990234375,
    "F0378": 15.849474906921387,
    "F0395": 15.669798851013184,
    "F0410": 15.06214427947998,
    "F0430": 14.99958610534668,
    "F0475_gSDSS": 14.595376968383789,
    "F0515": 14.419160842895508,
    "F0626_rSDSS": 14.051304817199707,
    "F0660": 14.009758949279785,
    "F0769_iSDSS": 13.888148307800293,
    "F0861": 13.84569263458252,
    "F0883_zSDSS": 13.823933601379395
}