{
    "id": "gaia_xp_spectrum_6136300422402384384-Ref",
    "F0352_uJAVA": 16.36233139038086,
    "F0378": 16.188793182373047,
    "F0395": 16.071428298950195,
    "F0410": 15.557480812072754,
    "F0430": 15.49759292602539,
    "F0475_gSDSS": 15.160528182983398,
    "F0515": 14.992928504943848,
    "F0626_rSDSS": 14.690632820129395,
    "F0660": 14.645910263061523,
    "F0769_iSDSS": 14.548516273498535,
    "F0861": 14.519343376159668,
    "F0883_zSDSS": 14.501481056213379
}