{
    "id": "gaia_xp_spectrum_6088254409971731840-Ref",
    "F0352_uJAVA": 15.46032428741455,
    "F0378": 15.178757667541504,
    "F0395": 14.986247062683105,
    "F0410": 14.641410827636719,
    "F0430": 14.555680274963379,
    "F0475_gSDSS": 14.354321479797363,
    "F0515": 14.22945785522461,
    "F0626_rSDSS": 14.034354209899902,
    "F0660": 14.044768333435059,
    "F0769_iSDSS": 13.964983940124512,
    "F0861": 13.961791038513184,
    "F0883_zSDSS": 13.954407691955566
}