{
    "id": "gaia_xp_spectrum_6136204524374341632-Ref",
    "F0352_uJAVA": 16.73409652709961,
    "F0378": 16.1113338470459,
    "F0395": 15.409212112426758,
    "F0410": 15.300802230834961,
    "F0430": 15.294605255126953,
    "F0475_gSDSS": 15.296048164367676,
    "F0515": 15.288047790527344,
    "F0626_rSDSS": 15.414569854736328,
    "F0660": 15.542020797729492,
    "F0769_iSDSS": 15.563355445861816,
    "F0861": 15.647048950195312,
    "F0883_zSDSS": 15.610737800598145
}