{
    "id": "gaia_xp_spectrum_6136300559841335296-Ref",
    "F0352_uJAVA": 16.59893035888672,
    "F0378": 16.422651290893555,
    "F0395": 16.401262283325195,
    "F0410": 15.790103912353516,
    "F0430": 15.67216682434082,
    "F0475_gSDSS": 15.319137573242188,
    "F0515": 15.144444465637207,
    "F0626_rSDSS": 14.771260261535645,
    "F0660": 14.717730522155762,
    "F0769_iSDSS": 14.590001106262207,
    "F0861": 14.538413047790527,
    "F0883_zSDSS": 14.515214920043945
}