{
    "id": "gaia_xp_spectrum_6088255062805557120-Ref",
    "F0352_uJAVA": 16.120553970336914,
    "F0378": 15.987702369689941,
    "F0395": 15.956069946289062,
    "F0410": 15.295453071594238,
    "F0430": 15.22338581085205,
    "F0475_gSDSS": 14.811490058898926,
    "F0515": 14.635025024414062,
    "F0626_rSDSS": 14.285638809204102,
    "F0660": 14.242055892944336,
    "F0769_iSDSS": 14.139683723449707,
    "F0861": 14.10983943939209,
    "F0883_zSDSS": 14.089601516723633
}