{
    "id": "gaia_xp_spectrum_6136220570371933696-Ref",
    "F0352_uJAVA": 16.74911880493164,
    "F0378": 16.496309280395508,
    "F0395": 16.30668067932129,
    "F0410": 15.947901725769043,
    "F0430": 15.896958351135254,
    "F0475_gSDSS": 15.5838623046875,
    "F0515": 15.420228958129883,
    "F0626_rSDSS": 15.120776176452637,
    "F0660": 15.093742370605469,
    "F0769_iSDSS": 14.969503402709961,
    "F0861": 14.932245254516602,
    "F0883_zSDSS": 14.909454345703125
}