{
    "id": "gaia_xp_spectrum_6136269395560219264-Ref",
    "F0352_uJAVA": 16.208120346069336,
    "F0378": 15.86146354675293,
    "F0395": 15.600529670715332,
    "F0410": 15.259028434753418,
    "F0430": 15.175573348999023,
    "F0475_gSDSS": 14.985748291015625,
    "F0515": 14.862029075622559,
    "F0626_rSDSS": 14.685308456420898,
    "F0660": 14.691051483154297,
    "F0769_iSDSS": 14.629878997802734,
    "F0861": 14.64924144744873,
    "F0883_zSDSS": 14.625299453735352
}