{
    "id": "gaia_xp_spectrum_6136223112992848384-Ref",
    "F0352_uJAVA": 16.87792205810547,
    "F0378": 16.694921493530273,
    "F0395": 16.60599708557129,
    "F0410": 16.175493240356445,
    "F0430": 16.1199893951416,
    "F0475_gSDSS": 15.751521110534668,
    "F0515": 15.583878517150879,
    "F0626_rSDSS": 15.18363094329834,
    "F0660": 15.119527816772461,
    "F0769_iSDSS": 14.960953712463379,
    "F0861": 14.883700370788574,
    "F0883_zSDSS": 14.85997486114502
}