{
    "id": "gaia_xp_spectrum_6136201466357874688-Ref",
    "F0352_uJAVA": 16.779088973999023,
    "F0378": 16.43060874938965,
    "F0395": 16.430343627929688,
    "F0410": 15.876677513122559,
    "F0430": 15.69815731048584,
    "F0475_gSDSS": 15.230066299438477,
    "F0515": 14.980864524841309,
    "F0626_rSDSS": 14.481207847595215,
    "F0660": 14.376273155212402,
    "F0769_iSDSS": 14.167193412780762,
    "F0861": 14.046304702758789,
    "F0883_zSDSS": 14.0065336227417
}