{
    "id": "gaia_xp_spectrum_6136300388042643072-Ref",
    "F0352_uJAVA": 16.404369354248047,
    "F0378": 16.17721176147461,
    "F0395": 16.02543830871582,
    "F0410": 15.590547561645508,
    "F0430": 15.500116348266602,
    "F0475_gSDSS": 15.2277193069458,
    "F0515": 15.085416793823242,
    "F0626_rSDSS": 14.8057861328125,
    "F0660": 14.793423652648926,
    "F0769_iSDSS": 14.680954933166504,
    "F0861": 14.65596866607666,
    "F0883_zSDSS": 14.643265724182129
}