{
    "id": "gaia_xp_spectrum_6088254787927628416-Ref",
    "F0352_uJAVA": 16.563642501831055,
    "F0378": 16.312047958374023,
    "F0395": 16.167705535888672,
    "F0410": 15.766474723815918,
    "F0430": 15.702001571655273,
    "F0475_gSDSS": 15.45395278930664,
    "F0515": 15.350265502929688,
    "F0626_rSDSS": 15.091886520385742,
    "F0660": 15.090202331542969,
    "F0769_iSDSS": 14.998641967773438,
    "F0861": 14.993192672729492,
    "F0883_zSDSS": 14.974300384521484
}