{
    "id": "gaia_xp_spectrum_6136210262450348800-Ref",
    "F0352_uJAVA": 16.576692581176758,
    "F0378": 16.46042823791504,
    "F0395": 16.415367126464844,
    "F0410": 15.757704734802246,
    "F0430": 15.703570365905762,
    "F0475_gSDSS": 15.297090530395508,
    "F0515": 15.107818603515625,
    "F0626_rSDSS": 14.760211944580078,
    "F0660": 14.699385643005371,
    "F0769_iSDSS": 14.599596977233887,
    "F0861": 14.577653884887695,
    "F0883_zSDSS": 14.544609069824219
}