{
    "id": "gaia_xp_spectrum_6136218852385399936-Ref",
    "F0352_uJAVA": 16.84012794494629,
    "F0378": 16.596290588378906,
    "F0395": 16.568235397338867,
    "F0410": 15.997516632080078,
    "F0430": 15.936434745788574,
    "F0475_gSDSS": 15.565852165222168,
    "F0515": 15.395430564880371,
    "F0626_rSDSS": 15.034723281860352,
    "F0660": 14.971105575561523,
    "F0769_iSDSS": 14.86788558959961,
    "F0861": 14.828775405883789,
    "F0883_zSDSS": 14.799159049987793
}