{
    "id": "gaia_xp_spectrum_6136299048012854528-Ref",
    "F0352_uJAVA": 16.191463470458984,
    "F0378": 15.858949661254883,
    "F0395": 15.472311019897461,
    "F0410": 15.202678680419922,
    "F0430": 15.140506744384766,
    "F0475_gSDSS": 14.981498718261719,
    "F0515": 14.868766784667969,
    "F0626_rSDSS": 14.74284839630127,
    "F0660": 14.744714736938477,
    "F0769_iSDSS": 14.703633308410645,
    "F0861": 14.731162071228027,
    "F0883_zSDSS": 14.713085174560547
}