{
    "id": "gaia_xp_spectrum_6136315368888609024-Ref",
    "F0352_uJAVA": 16.601852416992188,
    "F0378": 16.45085906982422,
    "F0395": 16.29355239868164,
    "F0410": 15.726893424987793,
    "F0430": 15.637985229492188,
    "F0475_gSDSS": 15.25859546661377,
    "F0515": 15.084969520568848,
    "F0626_rSDSS": 14.721141815185547,
    "F0660": 14.671485900878906,
    "F0769_iSDSS": 14.562126159667969,
    "F0861": 14.528239250183105,
    "F0883_zSDSS": 14.497041702270508
}