{
    "id": "gaia_xp_spectrum_6088252245306887296-Ref",
    "F0352_uJAVA": 16.833890914916992,
    "F0378": 16.69623374938965,
    "F0395": 16.610483169555664,
    "F0410": 15.966170310974121,
    "F0430": 15.925871849060059,
    "F0475_gSDSS": 15.485475540161133,
    "F0515": 15.301342964172363,
    "F0626_rSDSS": 14.925567626953125,
    "F0660": 14.869558334350586,
    "F0769_iSDSS": 14.750356674194336,
    "F0861": 14.707615852355957,
    "F0883_zSDSS": 14.685415267944336
}