{
    "id": "gaia_xp_spectrum_6111431462248000896-Ref",
    "F0352_uJAVA": 16.06233024597168,
    "F0378": 15.958375930786133,
    "F0395": 15.859559059143066,
    "F0410": 15.261455535888672,
    "F0430": 15.197031021118164,
    "F0475_gSDSS": 14.799919128417969,
    "F0515": 14.636863708496094,
    "F0626_rSDSS": 14.290128707885742,
    "F0660": 14.23591423034668,
    "F0769_iSDSS": 14.139369010925293,
    "F0861": 14.11135196685791,
    "F0883_zSDSS": 14.085539817810059
}