{
    "id": "gaia_xp_spectrum_6111426651884592256-Ref",
    "F0352_uJAVA": 16.237083435058594,
    "F0378": 15.938413619995117,
    "F0395": 15.822021484375,
    "F0410": 15.442779541015625,
    "F0430": 15.37559986114502,
    "F0475_gSDSS": 15.142404556274414,
    "F0515": 14.996745109558105,
    "F0626_rSDSS": 14.77939510345459,
    "F0660": 14.759757995605469,
    "F0769_iSDSS": 14.677801132202148,
    "F0861": 14.68086051940918,
    "F0883_zSDSS": 14.654014587402344
}