{
    "id": "gaia_xp_spectrum_6111493034899247232-Ref",
    "F0352_uJAVA": 16.658510208129883,
    "F0378": 16.513601303100586,
    "F0395": 16.533506393432617,
    "F0410": 15.873319625854492,
    "F0430": 15.816239356994629,
    "F0475_gSDSS": 15.422690391540527,
    "F0515": 15.248234748840332,
    "F0626_rSDSS": 14.883692741394043,
    "F0660": 14.833816528320312,
    "F0769_iSDSS": 14.707926750183105,
    "F0861": 14.664749145507812,
    "F0883_zSDSS": 14.635019302368164
}