{
    "id": "gaia_xp_spectrum_6111449810348392320-Ref",
    "F0352_uJAVA": 16.174001693725586,
    "F0378": 16.078235626220703,
    "F0395": 16.06730079650879,
    "F0410": 15.24884033203125,
    "F0430": 15.179031372070312,
    "F0475_gSDSS": 14.651078224182129,
    "F0515": 14.452797889709473,
    "F0626_rSDSS": 13.980302810668945,
    "F0660": 13.910051345825195,
    "F0769_iSDSS": 13.753579139709473,
    "F0861": 13.682465553283691,
    "F0883_zSDSS": 13.648871421813965
}