{
    "id": "gaia_xp_spectrum_6111444789526915840-Ref",
    "F0352_uJAVA": 16.57699966430664,
    "F0378": 16.43480110168457,
    "F0395": 16.312524795532227,
    "F0410": 15.797539710998535,
    "F0430": 15.743420600891113,
    "F0475_gSDSS": 15.323592185974121,
    "F0515": 15.153770446777344,
    "F0626_rSDSS": 14.768781661987305,
    "F0660": 14.697410583496094,
    "F0769_iSDSS": 14.566936492919922,
    "F0861": 14.513062477111816,
    "F0883_zSDSS": 14.482306480407715
}