{
    "id": "gaia_xp_spectrum_6111493859533341056-Ref",
    "F0352_uJAVA": 17.020587921142578,
    "F0378": 16.624181747436523,
    "F0395": 16.13658332824707,
    "F0410": 15.871010780334473,
    "F0430": 15.872978210449219,
    "F0475_gSDSS": 15.744781494140625,
    "F0515": 15.665804862976074,
    "F0626_rSDSS": 15.61032772064209,
    "F0660": 15.681440353393555,
    "F0769_iSDSS": 15.620110511779785,
    "F0861": 15.654498100280762,
    "F0883_zSDSS": 15.64443588256836
}