{
    "id": "gaia_xp_spectrum_6108426600048454144-Ref",
    "F0352_uJAVA": 16.254758834838867,
    "F0378": 16.057918548583984,
    "F0395": 15.94510269165039,
    "F0410": 15.448625564575195,
    "F0430": 15.376503944396973,
    "F0475_gSDSS": 15.076945304870605,
    "F0515": 14.938072204589844,
    "F0626_rSDSS": 14.665507316589355,
    "F0660": 14.643954277038574,
    "F0769_iSDSS": 14.555779457092285,
    "F0861": 14.546682357788086,
    "F0883_zSDSS": 14.526044845581055
}