{
    "id": "gaia_xp_spectrum_6111419779936799872-Ref",
    "F0352_uJAVA": 16.3054256439209,
    "F0378": 15.951200485229492,
    "F0395": 15.855047225952148,
    "F0410": 15.512556076049805,
    "F0430": 15.418466567993164,
    "F0475_gSDSS": 15.138594627380371,
    "F0515": 14.939011573791504,
    "F0626_rSDSS": 14.599763870239258,
    "F0660": 14.525494575500488,
    "F0769_iSDSS": 14.371511459350586,
    "F0861": 14.290459632873535,
    "F0883_zSDSS": 14.262003898620605
}