{
    "id": "gaia_xp_spectrum_6111433729990741120-Ref",
    "F0352_uJAVA": 16.673707962036133,
    "F0378": 16.512990951538086,
    "F0395": 16.30385398864746,
    "F0410": 15.88503646850586,
    "F0430": 15.804893493652344,
    "F0475_gSDSS": 15.50977611541748,
    "F0515": 15.344534873962402,
    "F0626_rSDSS": 15.075145721435547,
    "F0660": 15.038497924804688,
    "F0769_iSDSS": 14.941360473632812,
    "F0861": 14.915810585021973,
    "F0883_zSDSS": 14.89550495147705
}