{
    "id": "gaia_xp_spectrum_6111453315041728128-Ref",
    "F0352_uJAVA": 16.535457611083984,
    "F0378": 16.457735061645508,
    "F0395": 16.296571731567383,
    "F0410": 15.70103931427002,
    "F0430": 15.660728454589844,
    "F0475_gSDSS": 15.244412422180176,
    "F0515": 15.069661140441895,
    "F0626_rSDSS": 14.714475631713867,
    "F0660": 14.654467582702637,
    "F0769_iSDSS": 14.556087493896484,
    "F0861": 14.519148826599121,
    "F0883_zSDSS": 14.494661331176758
}