{
    "id": "gaia_xp_spectrum_6111428541670234240-Ref",
    "F0352_uJAVA": 15.915371894836426,
    "F0378": 15.737954139709473,
    "F0395": 15.667739868164062,
    "F0410": 15.125316619873047,
    "F0430": 15.043747901916504,
    "F0475_gSDSS": 14.701350212097168,
    "F0515": 14.536897659301758,
    "F0626_rSDSS": 14.239255905151367,
    "F0660": 14.19693660736084,
    "F0769_iSDSS": 14.10382080078125,
    "F0861": 14.081921577453613,
    "F0883_zSDSS": 14.056426048278809
}