{
    "id": "gaia_xp_spectrum_6111441495291643264-Ref",
    "F0352_uJAVA": 16.235031127929688,
    "F0378": 16.176259994506836,
    "F0395": 16.079326629638672,
    "F0410": 15.449764251708984,
    "F0430": 15.411687850952148,
    "F0475_gSDSS": 14.984177589416504,
    "F0515": 14.816718101501465,
    "F0626_rSDSS": 14.446640014648438,
    "F0660": 14.400209426879883,
    "F0769_iSDSS": 14.271320343017578,
    "F0861": 14.230606079101562,
    "F0883_zSDSS": 14.203277587890625
}