{
    "id": "gaia_xp_spectrum_6111453967876753920-Ref",
    "F0352_uJAVA": 16.260482788085938,
    "F0378": 16.11006736755371,
    "F0395": 16.00717544555664,
    "F0410": 15.369991302490234,
    "F0430": 15.311562538146973,
    "F0475_gSDSS": 14.873867988586426,
    "F0515": 14.67982006072998,
    "F0626_rSDSS": 14.30085563659668,
    "F0660": 14.24306869506836,
    "F0769_iSDSS": 14.11609172821045,
    "F0861": 14.063773155212402,
    "F0883_zSDSS": 14.033555030822754
}