{
    "id": "gaia_xp_spectrum_6111451970712411008-Ref",
    "F0352_uJAVA": 16.603172302246094,
    "F0378": 16.426427841186523,
    "F0395": 16.416156768798828,
    "F0410": 15.769220352172852,
    "F0430": 15.69371509552002,
    "F0475_gSDSS": 15.299117088317871,
    "F0515": 15.121221542358398,
    "F0626_rSDSS": 14.775078773498535,
    "F0660": 14.725714683532715,
    "F0769_iSDSS": 14.615763664245605,
    "F0861": 14.588362693786621,
    "F0883_zSDSS": 14.556947708129883
}