{
    "id": "gaia_xp_spectrum_6111432183802519296-Ref",
    "F0352_uJAVA": 16.540409088134766,
    "F0378": 16.372045516967773,
    "F0395": 16.325395584106445,
    "F0410": 15.679530143737793,
    "F0430": 15.622228622436523,
    "F0475_gSDSS": 15.245709419250488,
    "F0515": 15.083742141723633,
    "F0626_rSDSS": 14.748011589050293,
    "F0660": 14.71086597442627,
    "F0769_iSDSS": 14.601234436035156,
    "F0861": 14.582446098327637,
    "F0883_zSDSS": 14.5540189743042
}