{
    "id": "gaia_xp_spectrum_6111526810521546240-Ref",
    "F0352_uJAVA": 16.836719512939453,
    "F0378": 16.499059677124023,
    "F0395": 16.305862426757812,
    "F0410": 15.926766395568848,
    "F0430": 15.833501815795898,
    "F0475_gSDSS": 15.655829429626465,
    "F0515": 15.529208183288574,
    "F0626_rSDSS": 15.361239433288574,
    "F0660": 15.352693557739258,
    "F0769_iSDSS": 15.295575141906738,
    "F0861": 15.307302474975586,
    "F0883_zSDSS": 15.288871765136719
}