{
    "id": "gaia_xp_spectrum_6111451184737921280-Ref",
    "F0352_uJAVA": 16.261173248291016,
    "F0378": 16.13665771484375,
    "F0395": 16.03561782836914,
    "F0410": 15.504191398620605,
    "F0430": 15.475666999816895,
    "F0475_gSDSS": 15.094037055969238,
    "F0515": 14.92396354675293,
    "F0626_rSDSS": 14.60598373413086,
    "F0660": 14.555526733398438,
    "F0769_iSDSS": 14.452197074890137,
    "F0861": 14.418683052062988,
    "F0883_zSDSS": 14.397608757019043
}