{
    "id": "gaia_xp_spectrum_6111427407798852736-Ref",
    "F0352_uJAVA": 16.544445037841797,
    "F0378": 16.40750503540039,
    "F0395": 16.3242244720459,
    "F0410": 15.717239379882812,
    "F0430": 15.661824226379395,
    "F0475_gSDSS": 15.257922172546387,
    "F0515": 15.079911231994629,
    "F0626_rSDSS": 14.743646621704102,
    "F0660": 14.71509075164795,
    "F0769_iSDSS": 14.58763599395752,
    "F0861": 14.548787117004395,
    "F0883_zSDSS": 14.528573989868164
}