{
    "id": "gaia_xp_spectrum_6111492760021676544-Ref",
    "F0352_uJAVA": 16.668672561645508,
    "F0378": 16.536048889160156,
    "F0395": 16.40904998779297,
    "F0410": 15.817337036132812,
    "F0430": 15.733059883117676,
    "F0475_gSDSS": 15.236801147460938,
    "F0515": 15.023636817932129,
    "F0626_rSDSS": 14.564495086669922,
    "F0660": 14.486188888549805,
    "F0769_iSDSS": 14.318992614746094,
    "F0861": 14.233954429626465,
    "F0883_zSDSS": 14.194964408874512
}