{
    "id": "gaia_xp_spectrum_6111431324809047808-Ref",
    "F0352_uJAVA": 16.308095932006836,
    "F0378": 16.22132682800293,
    "F0395": 16.22221565246582,
    "F0410": 15.568865776062012,
    "F0430": 15.554207801818848,
    "F0475_gSDSS": 15.135279655456543,
    "F0515": 14.956562995910645,
    "F0626_rSDSS": 14.603083610534668,
    "F0660": 14.550352096557617,
    "F0769_iSDSS": 14.42641544342041,
    "F0861": 14.378440856933594,
    "F0883_zSDSS": 14.353468894958496
}