{
    "id": "gaia_xp_spectrum_6111530005977224704-Ref",
    "F0352_uJAVA": 16.299352645874023,
    "F0378": 16.166248321533203,
    "F0395": 16.046106338500977,
    "F0410": 15.439600944519043,
    "F0430": 15.358585357666016,
    "F0475_gSDSS": 14.976176261901855,
    "F0515": 14.784780502319336,
    "F0626_rSDSS": 14.460633277893066,
    "F0660": 14.405688285827637,
    "F0769_iSDSS": 14.316739082336426,
    "F0861": 14.279790878295898,
    "F0883_zSDSS": 14.266119956970215
}