{
    "id": "gaia_xp_spectrum_6108521673444009344-Ref",
    "F0352_uJAVA": 16.452489852905273,
    "F0378": 16.253496170043945,
    "F0395": 16.18975257873535,
    "F0410": 15.703350067138672,
    "F0430": 15.62946605682373,
    "F0475_gSDSS": 15.306694984436035,
    "F0515": 15.163919448852539,
    "F0626_rSDSS": 14.857171058654785,
    "F0660": 14.827216148376465,
    "F0769_iSDSS": 14.719478607177734,
    "F0861": 14.69017505645752,
    "F0883_zSDSS": 14.67164134979248
}