{
    "id": "gaia_xp_spectrum_6111418680425703168-Ref",
    "F0352_uJAVA": 16.363676071166992,
    "F0378": 16.052810668945312,
    "F0395": 15.88056468963623,
    "F0410": 15.509676933288574,
    "F0430": 15.403972625732422,
    "F0475_gSDSS": 15.206270217895508,
    "F0515": 15.073248863220215,
    "F0626_rSDSS": 14.890702247619629,
    "F0660": 14.895941734313965,
    "F0769_iSDSS": 14.82328987121582,
    "F0861": 14.826976776123047,
    "F0883_zSDSS": 14.815601348876953
}