{
    "id": "gaia_xp_spectrum_6111443075839956992-Ref",
    "F0352_uJAVA": 15.756834030151367,
    "F0378": 15.463961601257324,
    "F0395": 15.310473442077637,
    "F0410": 14.959871292114258,
    "F0430": 14.880558967590332,
    "F0475_gSDSS": 14.65453815460205,
    "F0515": 14.518877029418945,
    "F0626_rSDSS": 14.293108940124512,
    "F0660": 14.282247543334961,
    "F0769_iSDSS": 14.188094139099121,
    "F0861": 14.18040943145752,
    "F0883_zSDSS": 14.160346031188965
}