{
    "id": "gaia_xp_spectrum_6111446232636068352-Ref",
    "F0352_uJAVA": 16.489452362060547,
    "F0378": 16.42809295654297,
    "F0395": 16.292858123779297,
    "F0410": 15.61039924621582,
    "F0430": 15.524850845336914,
    "F0475_gSDSS": 15.032535552978516,
    "F0515": 14.837779998779297,
    "F0626_rSDSS": 14.399036407470703,
    "F0660": 14.325990676879883,
    "F0769_iSDSS": 14.182764053344727,
    "F0861": 14.116185188293457,
    "F0883_zSDSS": 14.08253002166748
}