{
    "id": "gaia_xp_spectrum_6108428764711985280-Ref",
    "F0352_uJAVA": 15.74331283569336,
    "F0378": 15.419560432434082,
    "F0395": 15.107816696166992,
    "F0410": 14.68546199798584,
    "F0430": 14.583662033081055,
    "F0475_gSDSS": 14.381258010864258,
    "F0515": 14.25681209564209,
    "F0626_rSDSS": 14.070667266845703,
    "F0660": 14.06907844543457,
    "F0769_iSDSS": 14.023778915405273,
    "F0861": 14.038252830505371,
    "F0883_zSDSS": 14.021681785583496
}