{
    "id": "gaia_xp_spectrum_6108424023068063872-Ref",
    "F0352_uJAVA": 16.68964385986328,
    "F0378": 16.562850952148438,
    "F0395": 16.387691497802734,
    "F0410": 15.992624282836914,
    "F0430": 15.918107032775879,
    "F0475_gSDSS": 15.612935066223145,
    "F0515": 15.460607528686523,
    "F0626_rSDSS": 15.14834213256836,
    "F0660": 15.112786293029785,
    "F0769_iSDSS": 14.99142837524414,
    "F0861": 14.942411422729492,
    "F0883_zSDSS": 14.923327445983887
}