{
    "id": "gaia_xp_spectrum_6111453001504623232-Ref",
    "F0352_uJAVA": 16.521011352539062,
    "F0378": 16.422298431396484,
    "F0395": 16.41144561767578,
    "F0410": 15.722257614135742,
    "F0430": 15.693364143371582,
    "F0475_gSDSS": 15.267097473144531,
    "F0515": 15.103528022766113,
    "F0626_rSDSS": 14.742552757263184,
    "F0660": 14.690567970275879,
    "F0769_iSDSS": 14.590673446655273,
    "F0861": 14.55949878692627,
    "F0883_zSDSS": 14.532950401306152
}