{
    "id": "gaia_xp_spectrum_6111424933897660160-Ref",
    "F0352_uJAVA": 16.556856155395508,
    "F0378": 16.625123977661133,
    "F0395": 16.374242782592773,
    "F0410": 15.685417175292969,
    "F0430": 15.58246898651123,
    "F0475_gSDSS": 15.06417465209961,
    "F0515": 14.903034210205078,
    "F0626_rSDSS": 14.3889799118042,
    "F0660": 14.308568954467773,
    "F0769_iSDSS": 14.175034523010254,
    "F0861": 14.112638473510742,
    "F0883_zSDSS": 14.074759483337402
}