{
    "id": "gaia_xp_spectrum_6111450257024997120-Ref",
    "F0352_uJAVA": 16.15712547302246,
    "F0378": 16.074743270874023,
    "F0395": 15.91603946685791,
    "F0410": 15.326926231384277,
    "F0430": 15.282544136047363,
    "F0475_gSDSS": 14.869384765625,
    "F0515": 14.692212104797363,
    "F0626_rSDSS": 14.343907356262207,
    "F0660": 14.30314826965332,
    "F0769_iSDSS": 14.184988975524902,
    "F0861": 14.142013549804688,
    "F0883_zSDSS": 14.124848365783691
}