{
    "id": "gaia_xp_spectrum_6111428640449666304-Ref",
    "F0352_uJAVA": 16.565990447998047,
    "F0378": 16.42142105102539,
    "F0395": 16.258678436279297,
    "F0410": 15.75352954864502,
    "F0430": 15.685175895690918,
    "F0475_gSDSS": 15.327274322509766,
    "F0515": 15.144889831542969,
    "F0626_rSDSS": 14.821036338806152,
    "F0660": 14.783912658691406,
    "F0769_iSDSS": 14.661709785461426,
    "F0861": 14.618814468383789,
    "F0883_zSDSS": 14.597138404846191
}