{
    "id": "gaia_xp_spectrum_6111447370806906624-Ref",
    "F0352_uJAVA": 15.493270874023438,
    "F0378": 15.08788776397705,
    "F0395": 14.599409103393555,
    "F0410": 14.381879806518555,
    "F0430": 14.319926261901855,
    "F0475_gSDSS": 14.227106094360352,
    "F0515": 14.155842781066895,
    "F0626_rSDSS": 14.132000923156738,
    "F0660": 14.199654579162598,
    "F0769_iSDSS": 14.16652774810791,
    "F0861": 14.210159301757812,
    "F0883_zSDSS": 14.200616836547852
}