{
    "id": "gaia_xp_spectrum_6108419212704672000-Ref",
    "F0352_uJAVA": 16.357887268066406,
    "F0378": 16.17835235595703,
    "F0395": 16.14521026611328,
    "F0410": 15.58509635925293,
    "F0430": 15.517095565795898,
    "F0475_gSDSS": 15.137676239013672,
    "F0515": 14.977842330932617,
    "F0626_rSDSS": 14.647090911865234,
    "F0660": 14.594229698181152,
    "F0769_iSDSS": 14.505809783935547,
    "F0861": 14.482203483581543,
    "F0883_zSDSS": 14.456365585327148
}