{
    "id": "gaia_xp_spectrum_6111499735048268416-Ref",
    "F0352_uJAVA": 16.10666847229004,
    "F0378": 15.951898574829102,
    "F0395": 15.875760078430176,
    "F0410": 15.243745803833008,
    "F0430": 15.170760154724121,
    "F0475_gSDSS": 14.756612777709961,
    "F0515": 14.574873924255371,
    "F0626_rSDSS": 14.198097229003906,
    "F0660": 14.139204978942871,
    "F0769_iSDSS": 14.018827438354492,
    "F0861": 13.98214340209961,
    "F0883_zSDSS": 13.947538375854492
}