{
    "id": "gaia_xp_spectrum_6111452834005398016-Ref",
    "F0352_uJAVA": 16.72125244140625,
    "F0378": 16.493879318237305,
    "F0395": 16.417078018188477,
    "F0410": 15.99551010131836,
    "F0430": 15.920268058776855,
    "F0475_gSDSS": 15.635049819946289,
    "F0515": 15.471210479736328,
    "F0626_rSDSS": 15.201495170593262,
    "F0660": 15.157988548278809,
    "F0769_iSDSS": 15.049606323242188,
    "F0861": 15.025553703308105,
    "F0883_zSDSS": 14.991886138916016
}