{
    "id": "gaia_xp_spectrum_6111432630479133056-Ref",
    "F0352_uJAVA": 16.410053253173828,
    "F0378": 16.236738204956055,
    "F0395": 16.15157699584961,
    "F0410": 15.638073921203613,
    "F0430": 15.572586059570312,
    "F0475_gSDSS": 15.232707977294922,
    "F0515": 15.067155838012695,
    "F0626_rSDSS": 14.777058601379395,
    "F0660": 14.729395866394043,
    "F0769_iSDSS": 14.63028621673584,
    "F0861": 14.5989408493042,
    "F0883_zSDSS": 14.578130722045898
}