{
    "id": "gaia_xp_spectrum_6111435929014034176-Ref",
    "F0352_uJAVA": 16.601396560668945,
    "F0378": 16.58881187438965,
    "F0395": 16.49942970275879,
    "F0410": 15.720023155212402,
    "F0430": 15.652852058410645,
    "F0475_gSDSS": 15.185868263244629,
    "F0515": 14.999322891235352,
    "F0626_rSDSS": 14.592253684997559,
    "F0660": 14.548028945922852,
    "F0769_iSDSS": 14.429859161376953,
    "F0861": 14.384795188903809,
    "F0883_zSDSS": 14.36410903930664
}