{
    "id": "gaia_xp_spectrum_6111526329485209984-Ref",
    "F0352_uJAVA": 16.6655330657959,
    "F0378": 16.549184799194336,
    "F0395": 16.51072120666504,
    "F0410": 15.80394172668457,
    "F0430": 15.751080513000488,
    "F0475_gSDSS": 15.324538230895996,
    "F0515": 15.145669937133789,
    "F0626_rSDSS": 14.782950401306152,
    "F0660": 14.731281280517578,
    "F0769_iSDSS": 14.63463306427002,
    "F0861": 14.595208168029785,
    "F0883_zSDSS": 14.578736305236816
}