{
    "id": "gaia_xp_spectrum_6111443350717866624-Ref",
    "F0352_uJAVA": 16.107135772705078,
    "F0378": 15.874951362609863,
    "F0395": 15.763181686401367,
    "F0410": 15.311777114868164,
    "F0430": 15.25561809539795,
    "F0475_gSDSS": 14.959473609924316,
    "F0515": 14.793961524963379,
    "F0626_rSDSS": 14.53215217590332,
    "F0660": 14.509963035583496,
    "F0769_iSDSS": 14.401485443115234,
    "F0861": 14.381073951721191,
    "F0883_zSDSS": 14.36106014251709
}