{
    "id": "gaia_xp_spectrum_6111530177775916672-Ref",
    "F0352_uJAVA": 16.635643005371094,
    "F0378": 16.463376998901367,
    "F0395": 16.37575340270996,
    "F0410": 15.855940818786621,
    "F0430": 15.780719757080078,
    "F0475_gSDSS": 15.453327178955078,
    "F0515": 15.293208122253418,
    "F0626_rSDSS": 15.007417678833008,
    "F0660": 14.973280906677246,
    "F0769_iSDSS": 14.88395881652832,
    "F0861": 14.862869262695312,
    "F0883_zSDSS": 14.841819763183594
}