{
    "id": "gaia_xp_spectrum_6108521913962179072-Ref",
    "F0352_uJAVA": 15.895203590393066,
    "F0378": 15.752142906188965,
    "F0395": 15.641850471496582,
    "F0410": 15.153645515441895,
    "F0430": 15.1277437210083,
    "F0475_gSDSS": 14.821907997131348,
    "F0515": 14.679444313049316,
    "F0626_rSDSS": 14.419394493103027,
    "F0660": 14.381539344787598,
    "F0769_iSDSS": 14.304139137268066,
    "F0861": 14.288834571838379,
    "F0883_zSDSS": 14.269817352294922
}