{
    "id": "gaia_xp_spectrum_6111499700688528000-Ref",
    "F0352_uJAVA": 16.398605346679688,
    "F0378": 16.15496063232422,
    "F0395": 16.2148494720459,
    "F0410": 15.588830947875977,
    "F0430": 15.491800308227539,
    "F0475_gSDSS": 14.954774856567383,
    "F0515": 14.716242790222168,
    "F0626_rSDSS": 14.213754653930664,
    "F0660": 14.122065544128418,
    "F0769_iSDSS": 13.908670425415039,
    "F0861": 13.795546531677246,
    "F0883_zSDSS": 13.753559112548828
}