{
    "id": "gaia_xp_spectrum_6111447130288753408-Ref",
    "F0352_uJAVA": 16.61870765686035,
    "F0378": 16.466520309448242,
    "F0395": 16.38914680480957,
    "F0410": 15.838711738586426,
    "F0430": 15.780165672302246,
    "F0475_gSDSS": 15.4142427444458,
    "F0515": 15.217531204223633,
    "F0626_rSDSS": 14.921934127807617,
    "F0660": 14.872825622558594,
    "F0769_iSDSS": 14.76542854309082,
    "F0861": 14.73220157623291,
    "F0883_zSDSS": 14.709800720214844
}