{
    "id": "gaia_xp_spectrum_6111453005804071680-Ref",
    "F0352_uJAVA": 16.216556549072266,
    "F0378": 16.0004825592041,
    "F0395": 15.919047355651855,
    "F0410": 15.413445472717285,
    "F0430": 15.340246200561523,
    "F0475_gSDSS": 15.016814231872559,
    "F0515": 14.853955268859863,
    "F0626_rSDSS": 14.544572830200195,
    "F0660": 14.50425910949707,
    "F0769_iSDSS": 14.400139808654785,
    "F0861": 14.367378234863281,
    "F0883_zSDSS": 14.347662925720215
}