{
    "id": "gaia_xp_spectrum_6108426496969236864-Ref",
    "F0352_uJAVA": 16.853473663330078,
    "F0378": 16.65873908996582,
    "F0395": 16.487390518188477,
    "F0410": 16.075428009033203,
    "F0430": 16.00885009765625,
    "F0475_gSDSS": 15.688456535339355,
    "F0515": 15.537663459777832,
    "F0626_rSDSS": 15.252057075500488,
    "F0660": 15.232508659362793,
    "F0769_iSDSS": 15.125468254089355,
    "F0861": 15.095215797424316,
    "F0883_zSDSS": 15.078307151794434
}