{
    "id": "gaia_xp_spectrum_6111426651884589568-Ref",
    "F0352_uJAVA": 16.39834213256836,
    "F0378": 16.104257583618164,
    "F0395": 15.910555839538574,
    "F0410": 15.560644149780273,
    "F0430": 15.52669906616211,
    "F0475_gSDSS": 15.289679527282715,
    "F0515": 15.164715766906738,
    "F0626_rSDSS": 14.963082313537598,
    "F0660": 14.950210571289062,
    "F0769_iSDSS": 14.874608039855957,
    "F0861": 14.866861343383789,
    "F0883_zSDSS": 14.854329109191895
}