{
    "id": "gaia_xp_spectrum_6111494340569332480-Ref",
    "F0352_uJAVA": 16.68414306640625,
    "F0378": 16.57796287536621,
    "F0395": 16.404529571533203,
    "F0410": 15.76823616027832,
    "F0430": 15.668692588806152,
    "F0475_gSDSS": 15.094015121459961,
    "F0515": 14.84836196899414,
    "F0626_rSDSS": 14.330570220947266,
    "F0660": 14.235654830932617,
    "F0769_iSDSS": 14.032085418701172,
    "F0861": 13.9236421585083,
    "F0883_zSDSS": 13.881406784057617
}