{
    "id": "gaia_xp_spectrum_6111440430139730304-Ref",
    "F0352_uJAVA": 15.565680503845215,
    "F0378": 15.32426929473877,
    "F0395": 15.297128677368164,
    "F0410": 14.806368827819824,
    "F0430": 14.733784675598145,
    "F0475_gSDSS": 14.431388854980469,
    "F0515": 14.274978637695312,
    "F0626_rSDSS": 14.005986213684082,
    "F0660": 13.96849250793457,
    "F0769_iSDSS": 13.887064933776855,
    "F0861": 13.868592262268066,
    "F0883_zSDSS": 13.850327491760254
}