{
    "id": "gaia_xp_spectrum_6111445584100534784-Ref",
    "F0352_uJAVA": 16.53963279724121,
    "F0378": 16.386693954467773,
    "F0395": 16.24666976928711,
    "F0410": 15.696558952331543,
    "F0430": 15.61773681640625,
    "F0475_gSDSS": 15.237386703491211,
    "F0515": 15.040160179138184,
    "F0626_rSDSS": 14.711410522460938,
    "F0660": 14.659602165222168,
    "F0769_iSDSS": 14.542313575744629,
    "F0861": 14.50135612487793,
    "F0883_zSDSS": 14.476508140563965
}