{
    "id": "gaia_xp_spectrum_6111452112450862848-Ref",
    "F0352_uJAVA": 15.69568920135498,
    "F0378": 15.381351470947266,
    "F0395": 15.271233558654785,
    "F0410": 14.881388664245605,
    "F0430": 14.809228897094727,
    "F0475_gSDSS": 14.493325233459473,
    "F0515": 14.31849193572998,
    "F0626_rSDSS": 14.06682014465332,
    "F0660": 14.039453506469727,
    "F0769_iSDSS": 13.943957328796387,
    "F0861": 13.926905632019043,
    "F0883_zSDSS": 13.908549308776855
}