{
    "id": "gaia_xp_spectrum_6111444278430449920-Ref",
    "F0352_uJAVA": 16.5676326751709,
    "F0378": 16.305423736572266,
    "F0395": 16.26056671142578,
    "F0410": 15.763665199279785,
    "F0430": 15.710250854492188,
    "F0475_gSDSS": 15.438387870788574,
    "F0515": 15.295902252197266,
    "F0626_rSDSS": 15.058124542236328,
    "F0660": 15.032010078430176,
    "F0769_iSDSS": 14.951159477233887,
    "F0861": 14.944662094116211,
    "F0883_zSDSS": 14.929099082946777
}