{
    "id": "gaia_xp_spectrum_6111423422069176448-Ref",
    "F0352_uJAVA": 16.702226638793945,
    "F0378": 16.66767120361328,
    "F0395": 16.48200225830078,
    "F0410": 15.883874893188477,
    "F0430": 15.844639778137207,
    "F0475_gSDSS": 15.398748397827148,
    "F0515": 15.209184646606445,
    "F0626_rSDSS": 14.859874725341797,
    "F0660": 14.812821388244629,
    "F0769_iSDSS": 14.699737548828125,
    "F0861": 14.663396835327148,
    "F0883_zSDSS": 14.6342191696167
}