{
    "id": "gaia_xp_spectrum_6108426531328974336-Ref",
    "F0352_uJAVA": 16.831628799438477,
    "F0378": 16.611000061035156,
    "F0395": 16.397281646728516,
    "F0410": 16.01191520690918,
    "F0430": 15.971382141113281,
    "F0475_gSDSS": 15.692310333251953,
    "F0515": 15.552048683166504,
    "F0626_rSDSS": 15.307125091552734,
    "F0660": 15.28654670715332,
    "F0769_iSDSS": 15.1959810256958,
    "F0861": 15.181204795837402,
    "F0883_zSDSS": 15.165897369384766
}