{
    "id": "gaia_xp_spectrum_6111427923194926336-Ref",
    "F0352_uJAVA": 16.48118019104004,
    "F0378": 16.446962356567383,
    "F0395": 16.306264877319336,
    "F0410": 15.683724403381348,
    "F0430": 15.586623191833496,
    "F0475_gSDSS": 15.175533294677734,
    "F0515": 14.99223518371582,
    "F0626_rSDSS": 14.633910179138184,
    "F0660": 14.595783233642578,
    "F0769_iSDSS": 14.477922439575195,
    "F0861": 14.440261840820312,
    "F0883_zSDSS": 14.419829368591309
}