{
    "id": "gaia_xp_spectrum_6111499219652178176-Ref",
    "F0352_uJAVA": 16.5448055267334,
    "F0378": 16.58234977722168,
    "F0395": 16.37307357788086,
    "F0410": 15.680665969848633,
    "F0430": 15.612948417663574,
    "F0475_gSDSS": 15.112259864807129,
    "F0515": 14.938738822937012,
    "F0626_rSDSS": 14.4849271774292,
    "F0660": 14.424882888793945,
    "F0769_iSDSS": 14.297453880310059,
    "F0861": 14.249728202819824,
    "F0883_zSDSS": 14.220072746276855
}