{
    "id": "gaia_xp_spectrum_6111450738055397888-Ref",
    "F0352_uJAVA": 15.675171852111816,
    "F0378": 15.426651000976562,
    "F0395": 15.32155990600586,
    "F0410": 14.847953796386719,
    "F0430": 14.780734062194824,
    "F0475_gSDSS": 14.495643615722656,
    "F0515": 14.361068725585938,
    "F0626_rSDSS": 14.095898628234863,
    "F0660": 14.063826560974121,
    "F0769_iSDSS": 13.984115600585938,
    "F0861": 13.985319137573242,
    "F0883_zSDSS": 13.948014259338379
}