{
    "id": "gaia_xp_spectrum_6111440292700765056-Ref",
    "F0352_uJAVA": 16.282733917236328,
    "F0378": 16.053298950195312,
    "F0395": 15.964004516601562,
    "F0410": 15.484208106994629,
    "F0430": 15.41208553314209,
    "F0475_gSDSS": 15.108094215393066,
    "F0515": 14.957913398742676,
    "F0626_rSDSS": 14.68105697631836,
    "F0660": 14.656664848327637,
    "F0769_iSDSS": 14.563697814941406,
    "F0861": 14.546268463134766,
    "F0883_zSDSS": 14.52969741821289
}