{
    "id": "gaia_xp_spectrum_6111433661271262720-Ref",
    "F0352_uJAVA": 16.541704177856445,
    "F0378": 16.486276626586914,
    "F0395": 16.416688919067383,
    "F0410": 15.747406005859375,
    "F0430": 15.676004409790039,
    "F0475_gSDSS": 15.230376243591309,
    "F0515": 15.056193351745605,
    "F0626_rSDSS": 14.646531105041504,
    "F0660": 14.596227645874023,
    "F0769_iSDSS": 14.479839324951172,
    "F0861": 14.448415756225586,
    "F0883_zSDSS": 14.398210525512695
}