{
    "id": "gaia_xp_spectrum_6111445790258967296-Ref",
    "F0352_uJAVA": 15.875210762023926,
    "F0378": 15.615772247314453,
    "F0395": 15.331099510192871,
    "F0410": 15.00783634185791,
    "F0430": 14.912450790405273,
    "F0475_gSDSS": 14.69502067565918,
    "F0515": 14.558181762695312,
    "F0626_rSDSS": 14.347681045532227,
    "F0660": 14.342763900756836,
    "F0769_iSDSS": 14.256019592285156,
    "F0861": 14.241421699523926,
    "F0883_zSDSS": 14.229804039001465
}