{
    "id": "gaia_xp_spectrum_6111428850907846528-Ref",
    "F0352_uJAVA": 15.843423843383789,
    "F0378": 15.543099403381348,
    "F0395": 15.338417053222656,
    "F0410": 14.973583221435547,
    "F0430": 14.89234447479248,
    "F0475_gSDSS": 14.669882774353027,
    "F0515": 14.54080867767334,
    "F0626_rSDSS": 14.327988624572754,
    "F0660": 14.323036193847656,
    "F0769_iSDSS": 14.247004508972168,
    "F0861": 14.245405197143555,
    "F0883_zSDSS": 14.231895446777344
}