{
    "id": "gaia_xp_spectrum_6111423318989955968-Ref",
    "F0352_uJAVA": 16.5119686126709,
    "F0378": 16.49557876586914,
    "F0395": 16.279373168945312,
    "F0410": 15.582464218139648,
    "F0430": 15.447548866271973,
    "F0475_gSDSS": 14.954926490783691,
    "F0515": 14.76911735534668,
    "F0626_rSDSS": 14.333436965942383,
    "F0660": 14.269539833068848,
    "F0769_iSDSS": 14.170937538146973,
    "F0861": 14.140351295471191,
    "F0883_zSDSS": 14.10867977142334
}