{
    "id": "gaia_xp_spectrum_6108427145505685120-Ref",
    "F0352_uJAVA": 16.650758743286133,
    "F0378": 16.459197998046875,
    "F0395": 16.230566024780273,
    "F0410": 15.875999450683594,
    "F0430": 15.790740966796875,
    "F0475_gSDSS": 15.550872802734375,
    "F0515": 15.411005020141602,
    "F0626_rSDSS": 15.189935684204102,
    "F0660": 15.17518138885498,
    "F0769_iSDSS": 15.094661712646484,
    "F0861": 15.095087051391602,
    "F0883_zSDSS": 15.077408790588379
}