{
    "id": "gaia_xp_spectrum_6111439708585193472-Ref",
    "F0352_uJAVA": 16.88363265991211,
    "F0378": 16.656986236572266,
    "F0395": 16.33484649658203,
    "F0410": 16.01040267944336,
    "F0430": 15.911657333374023,
    "F0475_gSDSS": 15.762521743774414,
    "F0515": 15.660143852233887,
    "F0626_rSDSS": 15.501626968383789,
    "F0660": 15.485217094421387,
    "F0769_iSDSS": 15.446372032165527,
    "F0861": 15.457908630371094,
    "F0883_zSDSS": 15.447856903076172
}