{
    "id": "gaia_xp_spectrum_6111449363671936640-Ref",
    "F0352_uJAVA": 16.22654914855957,
    "F0378": 16.01544761657715,
    "F0395": 16.03564453125,
    "F0410": 15.441272735595703,
    "F0430": 15.426457405090332,
    "F0475_gSDSS": 15.06698989868164,
    "F0515": 14.897651672363281,
    "F0626_rSDSS": 14.609339714050293,
    "F0660": 14.574319839477539,
    "F0769_iSDSS": 14.471334457397461,
    "F0861": 14.447440147399902,
    "F0883_zSDSS": 14.42745304107666
}