{
    "id": "gaia_xp_spectrum_6111439261908598400-Ref",
    "F0352_uJAVA": 16.33917808532715,
    "F0378": 16.274906158447266,
    "F0395": 16.113882064819336,
    "F0410": 15.4199800491333,
    "F0430": 15.337471008300781,
    "F0475_gSDSS": 14.90482234954834,
    "F0515": 14.725221633911133,
    "F0626_rSDSS": 14.349858283996582,
    "F0660": 14.294533729553223,
    "F0769_iSDSS": 14.19244384765625,
    "F0861": 14.155118942260742,
    "F0883_zSDSS": 14.12807559967041
}