{
    "id": "gaia_xp_spectrum_6108425466177074304-Ref",
    "F0352_uJAVA": 15.595196723937988,
    "F0378": 15.319924354553223,
    "F0395": 15.232662200927734,
    "F0410": 14.793185234069824,
    "F0430": 14.727439880371094,
    "F0475_gSDSS": 14.428494453430176,
    "F0515": 14.268472671508789,
    "F0626_rSDSS": 14.006965637207031,
    "F0660": 13.981998443603516,
    "F0769_iSDSS": 13.884431838989258,
    "F0861": 13.873075485229492,
    "F0883_zSDSS": 13.845444679260254
}