{
    "id": "gaia_xp_spectrum_6108422511239572480-Ref",
    "F0352_uJAVA": 16.414714813232422,
    "F0378": 16.346710205078125,
    "F0395": 16.260051727294922,
    "F0410": 15.625594139099121,
    "F0430": 15.616432189941406,
    "F0475_gSDSS": 15.227617263793945,
    "F0515": 15.048151016235352,
    "F0626_rSDSS": 14.729007720947266,
    "F0660": 14.679944038391113,
    "F0769_iSDSS": 14.573661804199219,
    "F0861": 14.53307819366455,
    "F0883_zSDSS": 14.514355659484863
}