{
    "id": "gaia_xp_spectrum_6111441495291638528-Ref",
    "F0352_uJAVA": 15.925849914550781,
    "F0378": 15.732399940490723,
    "F0395": 15.72250747680664,
    "F0410": 15.108077049255371,
    "F0430": 15.047590255737305,
    "F0475_gSDSS": 14.647411346435547,
    "F0515": 14.474370002746582,
    "F0626_rSDSS": 14.132204055786133,
    "F0660": 14.086448669433594,
    "F0769_iSDSS": 13.979649543762207,
    "F0861": 13.951522827148438,
    "F0883_zSDSS": 13.925146102905273
}