{
    "id": "gaia_xp_spectrum_6111490969014697984-Ref",
    "F0352_uJAVA": 15.760201454162598,
    "F0378": 15.526289939880371,
    "F0395": 15.45095157623291,
    "F0410": 14.927790641784668,
    "F0430": 14.85997200012207,
    "F0475_gSDSS": 14.525973320007324,
    "F0515": 14.352781295776367,
    "F0626_rSDSS": 14.056450843811035,
    "F0660": 14.017197608947754,
    "F0769_iSDSS": 13.908828735351562,
    "F0861": 13.877555847167969,
    "F0883_zSDSS": 13.856030464172363
}