{
    "id": "gaia_xp_spectrum_6111422803593882368-Ref",
    "F0352_uJAVA": 16.789825439453125,
    "F0378": 16.57021141052246,
    "F0395": 16.323286056518555,
    "F0410": 16.05156135559082,
    "F0430": 15.978090286254883,
    "F0475_gSDSS": 15.769979476928711,
    "F0515": 15.642050743103027,
    "F0626_rSDSS": 15.414687156677246,
    "F0660": 15.388525009155273,
    "F0769_iSDSS": 15.29874038696289,
    "F0861": 15.284098625183105,
    "F0883_zSDSS": 15.267156600952148
}