{
    "id": "gaia_xp_spectrum_6111430534535057280-Ref",
    "F0352_uJAVA": 16.189464569091797,
    "F0378": 15.84111213684082,
    "F0395": 15.726882934570312,
    "F0410": 15.33576488494873,
    "F0430": 15.218673706054688,
    "F0475_gSDSS": 14.877164840698242,
    "F0515": 14.68361759185791,
    "F0626_rSDSS": 14.276446342468262,
    "F0660": 14.209487915039062,
    "F0769_iSDSS": 14.027813911437988,
    "F0861": 13.935957908630371,
    "F0883_zSDSS": 13.907415390014648
}