{
    "id": "gaia_xp_spectrum_6111423731306820480-Ref",
    "F0352_uJAVA": 16.28964614868164,
    "F0378": 16.399131774902344,
    "F0395": 16.120241165161133,
    "F0410": 15.418832778930664,
    "F0430": 15.283454895019531,
    "F0475_gSDSS": 14.771796226501465,
    "F0515": 14.594062805175781,
    "F0626_rSDSS": 14.132704734802246,
    "F0660": 14.07687759399414,
    "F0769_iSDSS": 13.96340560913086,
    "F0861": 13.930293083190918,
    "F0883_zSDSS": 13.893987655639648
}