{
    "id": "gaia_xp_spectrum_6108420277856571264-Ref",
    "F0352_uJAVA": 17.110719680786133,
    "F0378": 16.474191665649414,
    "F0395": 16.315853118896484,
    "F0410": 16.130615234375,
    "F0430": 16.11526870727539,
    "F0475_gSDSS": 15.986103057861328,
    "F0515": 15.90075969696045,
    "F0626_rSDSS": 15.661569595336914,
    "F0660": 15.54619312286377,
    "F0769_iSDSS": 15.546507835388184,
    "F0861": 15.497383117675781,
    "F0883_zSDSS": 15.476673126220703
}