{
    "id": "gaia_xp_spectrum_6111434932581610496-Ref",
    "F0352_uJAVA": 17.002412796020508,
    "F0378": 16.646154403686523,
    "F0395": 16.31056785583496,
    "F0410": 16.0389347076416,
    "F0430": 15.962862014770508,
    "F0475_gSDSS": 15.818964004516602,
    "F0515": 15.728464126586914,
    "F0626_rSDSS": 15.600923538208008,
    "F0660": 15.634774208068848,
    "F0769_iSDSS": 15.570576667785645,
    "F0861": 15.593169212341309,
    "F0883_zSDSS": 15.574145317077637
}