{
    "id": "gaia_xp_spectrum_6111422872313363072-Ref",
    "F0352_uJAVA": 16.36229133605957,
    "F0378": 16.19552993774414,
    "F0395": 16.04085350036621,
    "F0410": 15.488598823547363,
    "F0430": 15.408340454101562,
    "F0475_gSDSS": 15.055081367492676,
    "F0515": 14.902799606323242,
    "F0626_rSDSS": 14.581987380981445,
    "F0660": 14.533292770385742,
    "F0769_iSDSS": 14.45164680480957,
    "F0861": 14.425503730773926,
    "F0883_zSDSS": 14.406339645385742
}