{
    "id": "gaia_xp_spectrum_6108425908555027200-Ref",
    "F0352_uJAVA": 16.731006622314453,
    "F0378": 16.62331199645996,
    "F0395": 16.430368423461914,
    "F0410": 15.958050727844238,
    "F0430": 15.893633842468262,
    "F0475_gSDSS": 15.553187370300293,
    "F0515": 15.392298698425293,
    "F0626_rSDSS": 15.09675407409668,
    "F0660": 15.053909301757812,
    "F0769_iSDSS": 14.953822135925293,
    "F0861": 14.922487258911133,
    "F0883_zSDSS": 14.904006004333496
}