{
    "id": "gaia_xp_spectrum_6111446133856369408-Ref",
    "F0352_uJAVA": 16.221534729003906,
    "F0378": 15.91626262664795,
    "F0395": 15.657158851623535,
    "F0410": 15.361411094665527,
    "F0430": 15.260191917419434,
    "F0475_gSDSS": 15.070267677307129,
    "F0515": 14.928924560546875,
    "F0626_rSDSS": 14.752182006835938,
    "F0660": 14.756285667419434,
    "F0769_iSDSS": 14.667988777160645,
    "F0861": 14.669041633605957,
    "F0883_zSDSS": 14.650201797485352
}