{
    "id": "gaia_xp_spectrum_6108428730352245888-Ref",
    "F0352_uJAVA": 16.653907775878906,
    "F0378": 16.73199462890625,
    "F0395": 16.41490364074707,
    "F0410": 15.770297050476074,
    "F0430": 15.647377967834473,
    "F0475_gSDSS": 15.175768852233887,
    "F0515": 14.993552207946777,
    "F0626_rSDSS": 14.565258979797363,
    "F0660": 14.509551048278809,
    "F0769_iSDSS": 14.39125919342041,
    "F0861": 14.348393440246582,
    "F0883_zSDSS": 14.322113990783691
}