{
    "id": "gaia_xp_spectrum_6108427218523746432-Ref",
    "F0352_uJAVA": 16.08759880065918,
    "F0378": 15.76984691619873,
    "F0395": 15.550193786621094,
    "F0410": 15.278578758239746,
    "F0430": 15.204910278320312,
    "F0475_gSDSS": 15.024394035339355,
    "F0515": 14.910515785217285,
    "F0626_rSDSS": 14.723543167114258,
    "F0660": 14.705577850341797,
    "F0769_iSDSS": 14.647173881530762,
    "F0861": 14.638469696044922,
    "F0883_zSDSS": 14.629536628723145
}