{
    "id": "gaia_xp_spectrum_6111494271849854720-Ref",
    "F0352_uJAVA": 16.428884506225586,
    "F0378": 16.255569458007812,
    "F0395": 16.13178062438965,
    "F0410": 15.613851547241211,
    "F0430": 15.540645599365234,
    "F0475_gSDSS": 15.14577865600586,
    "F0515": 14.97371768951416,
    "F0626_rSDSS": 14.598438262939453,
    "F0660": 14.546796798706055,
    "F0769_iSDSS": 14.415938377380371,
    "F0861": 14.37095832824707,
    "F0883_zSDSS": 14.340062141418457
}