{
    "id": "gaia_xp_spectrum_6108522871733940096-Ref",
    "F0352_uJAVA": 15.720266342163086,
    "F0378": 15.495625495910645,
    "F0395": 15.432361602783203,
    "F0410": 14.985034942626953,
    "F0430": 14.922372817993164,
    "F0475_gSDSS": 14.631186485290527,
    "F0515": 14.4913969039917,
    "F0626_rSDSS": 14.223730087280273,
    "F0660": 14.199064254760742,
    "F0769_iSDSS": 14.104437828063965,
    "F0861": 14.084514617919922,
    "F0883_zSDSS": 14.072952270507812
}