{
    "id": "gaia_xp_spectrum_6111490904595787264-Ref",
    "F0352_uJAVA": 16.590524673461914,
    "F0378": 16.392847061157227,
    "F0395": 16.32159423828125,
    "F0410": 15.744625091552734,
    "F0430": 15.675105094909668,
    "F0475_gSDSS": 15.337569236755371,
    "F0515": 15.169248580932617,
    "F0626_rSDSS": 14.858102798461914,
    "F0660": 14.815032958984375,
    "F0769_iSDSS": 14.706663131713867,
    "F0861": 14.666173934936523,
    "F0883_zSDSS": 14.647988319396973
}