{
    "id": "gaia_xp_spectrum_6111432630479130752-Ref",
    "F0352_uJAVA": 15.902303695678711,
    "F0378": 15.481660842895508,
    "F0395": 14.890881538391113,
    "F0410": 14.651165962219238,
    "F0430": 14.613720893859863,
    "F0475_gSDSS": 14.565509796142578,
    "F0515": 14.532914161682129,
    "F0626_rSDSS": 14.604283332824707,
    "F0660": 14.708084106445312,
    "F0769_iSDSS": 14.721678733825684,
    "F0861": 14.812482833862305,
    "F0883_zSDSS": 14.794233322143555
}