{
    "id": "gaia_xp_spectrum_6111442182486756736-Ref",
    "F0352_uJAVA": 16.761287689208984,
    "F0378": 16.56770133972168,
    "F0395": 16.411773681640625,
    "F0410": 16.05855369567871,
    "F0430": 15.963318824768066,
    "F0475_gSDSS": 15.697047233581543,
    "F0515": 15.55075740814209,
    "F0626_rSDSS": 15.266053199768066,
    "F0660": 15.226966857910156,
    "F0769_iSDSS": 15.12010669708252,
    "F0861": 15.091859817504883,
    "F0883_zSDSS": 15.06857967376709
}