{
    "id": "gaia_xp_spectrum_6111426926762502912-Ref",
    "F0352_uJAVA": 16.077390670776367,
    "F0378": 16.016035079956055,
    "F0395": 15.853086471557617,
    "F0410": 15.257885932922363,
    "F0430": 15.186429977416992,
    "F0475_gSDSS": 14.763786315917969,
    "F0515": 14.57809066772461,
    "F0626_rSDSS": 14.219785690307617,
    "F0660": 14.178971290588379,
    "F0769_iSDSS": 14.049126625061035,
    "F0861": 14.008244514465332,
    "F0883_zSDSS": 13.98242473602295
}