{
    "id": "gaia_xp_spectrum_6111447233367971840-Ref",
    "F0352_uJAVA": 16.446136474609375,
    "F0378": 16.395793914794922,
    "F0395": 16.32388687133789,
    "F0410": 15.568943977355957,
    "F0430": 15.477788925170898,
    "F0475_gSDSS": 14.907673835754395,
    "F0515": 14.684858322143555,
    "F0626_rSDSS": 14.166760444641113,
    "F0660": 14.07557487487793,
    "F0769_iSDSS": 13.884358406066895,
    "F0861": 13.785834312438965,
    "F0883_zSDSS": 13.74203109741211
}