{
    "id": "gaia_xp_spectrum_6108428799071723904-Ref",
    "F0352_uJAVA": 16.702245712280273,
    "F0378": 16.58238410949707,
    "F0395": 16.442106246948242,
    "F0410": 15.85285758972168,
    "F0430": 15.791732788085938,
    "F0475_gSDSS": 15.380474090576172,
    "F0515": 15.203564643859863,
    "F0626_rSDSS": 14.856082916259766,
    "F0660": 14.804789543151855,
    "F0769_iSDSS": 14.69882583618164,
    "F0861": 14.657792091369629,
    "F0883_zSDSS": 14.64366340637207
}