{
    "id": "gaia_xp_spectrum_6111442354285457024-Ref",
    "F0352_uJAVA": 15.611371994018555,
    "F0378": 15.288224220275879,
    "F0395": 15.206981658935547,
    "F0410": 14.809391975402832,
    "F0430": 14.73022747039795,
    "F0475_gSDSS": 14.5048189163208,
    "F0515": 14.367637634277344,
    "F0626_rSDSS": 14.162968635559082,
    "F0660": 14.158895492553711,
    "F0769_iSDSS": 14.072492599487305,
    "F0861": 14.067501068115234,
    "F0883_zSDSS": 14.054177284240723
}