{
    "id": "gaia_xp_spectrum_6111443075839959936-Ref",
    "F0352_uJAVA": 16.377578735351562,
    "F0378": 16.1444149017334,
    "F0395": 16.141952514648438,
    "F0410": 15.579069137573242,
    "F0430": 15.506805419921875,
    "F0475_gSDSS": 15.191750526428223,
    "F0515": 15.02886962890625,
    "F0626_rSDSS": 14.730828285217285,
    "F0660": 14.694381713867188,
    "F0769_iSDSS": 14.600395202636719,
    "F0861": 14.569937705993652,
    "F0883_zSDSS": 14.55377197265625
}