{
    "id": "gaia_xp_spectrum_6111436066453005440-Ref",
    "F0352_uJAVA": 16.719839096069336,
    "F0378": 16.54697608947754,
    "F0395": 16.532365798950195,
    "F0410": 15.918638229370117,
    "F0430": 15.903221130371094,
    "F0475_gSDSS": 15.508176803588867,
    "F0515": 15.321783065795898,
    "F0626_rSDSS": 14.997462272644043,
    "F0660": 14.942374229431152,
    "F0769_iSDSS": 14.836190223693848,
    "F0861": 14.795915603637695,
    "F0883_zSDSS": 14.770674705505371
}