{
    "id": "gaia_xp_spectrum_6111440533218949376-Ref",
    "F0352_uJAVA": 16.675464630126953,
    "F0378": 16.345056533813477,
    "F0395": 16.123353958129883,
    "F0410": 15.936235427856445,
    "F0430": 15.832439422607422,
    "F0475_gSDSS": 15.622471809387207,
    "F0515": 15.480175971984863,
    "F0626_rSDSS": 15.25145435333252,
    "F0660": 15.208110809326172,
    "F0769_iSDSS": 15.116168022155762,
    "F0861": 15.08265495300293,
    "F0883_zSDSS": 15.074044227600098
}