{
    "id": "gaia_xp_spectrum_6108523180973287680-Ref",
    "F0352_uJAVA": 16.609703063964844,
    "F0378": 16.423513412475586,
    "F0395": 16.362117767333984,
    "F0410": 16.00399398803711,
    "F0430": 15.942793846130371,
    "F0475_gSDSS": 15.699359893798828,
    "F0515": 15.572437286376953,
    "F0626_rSDSS": 15.342658042907715,
    "F0660": 15.32380199432373,
    "F0769_iSDSS": 15.245699882507324,
    "F0861": 15.237534523010254,
    "F0883_zSDSS": 15.212606430053711
}