{
    "id": "gaia_xp_spectrum_6111436238251693440-Ref",
    "F0352_uJAVA": 16.724109649658203,
    "F0378": 16.637149810791016,
    "F0395": 16.54709815979004,
    "F0410": 15.890713691711426,
    "F0430": 15.834189414978027,
    "F0475_gSDSS": 15.409411430358887,
    "F0515": 15.243524551391602,
    "F0626_rSDSS": 14.838153839111328,
    "F0660": 14.783533096313477,
    "F0769_iSDSS": 14.657947540283203,
    "F0861": 14.60142993927002,
    "F0883_zSDSS": 14.581579208374023
}