{
    "id": "gaia_xp_spectrum_6111525814089130240-Ref",
    "F0352_uJAVA": 16.42633819580078,
    "F0378": 16.333593368530273,
    "F0395": 16.22443962097168,
    "F0410": 15.580033302307129,
    "F0430": 15.518879890441895,
    "F0475_gSDSS": 15.086617469787598,
    "F0515": 14.907845497131348,
    "F0626_rSDSS": 14.527467727661133,
    "F0660": 14.468254089355469,
    "F0769_iSDSS": 14.367079734802246,
    "F0861": 14.321823120117188,
    "F0883_zSDSS": 14.298223495483398
}