{
    "id": "gaia_xp_spectrum_6111438402915134976-Ref",
    "F0352_uJAVA": 16.52320098876953,
    "F0378": 16.378339767456055,
    "F0395": 16.281726837158203,
    "F0410": 15.730161666870117,
    "F0430": 15.673670768737793,
    "F0475_gSDSS": 15.29884147644043,
    "F0515": 15.145920753479004,
    "F0626_rSDSS": 14.816010475158691,
    "F0660": 14.775299072265625,
    "F0769_iSDSS": 14.667206764221191,
    "F0861": 14.643078804016113,
    "F0883_zSDSS": 14.618233680725098
}