{
    "id": "gaia_xp_spectrum_6111445309222617984-Ref",
    "F0352_uJAVA": 16.762754440307617,
    "F0378": 16.603830337524414,
    "F0395": 16.437721252441406,
    "F0410": 15.934355735778809,
    "F0430": 15.878268241882324,
    "F0475_gSDSS": 15.503607749938965,
    "F0515": 15.327225685119629,
    "F0626_rSDSS": 14.991533279418945,
    "F0660": 14.941596984863281,
    "F0769_iSDSS": 14.818482398986816,
    "F0861": 14.783577919006348,
    "F0883_zSDSS": 14.758123397827148
}