{
    "id": "gaia_xp_spectrum_6111493962612523904-Ref",
    "F0352_uJAVA": 16.333173751831055,
    "F0378": 16.144304275512695,
    "F0395": 16.07561492919922,
    "F0410": 15.579237937927246,
    "F0430": 15.515116691589355,
    "F0475_gSDSS": 15.167819023132324,
    "F0515": 15.00189208984375,
    "F0626_rSDSS": 14.672094345092773,
    "F0660": 14.631340980529785,
    "F0769_iSDSS": 14.507262229919434,
    "F0861": 14.479896545410156,
    "F0883_zSDSS": 14.44804859161377
}