{
    "id": "gaia_xp_spectrum_6111431187370083968-Ref",
    "F0352_uJAVA": 15.914810180664062,
    "F0378": 15.811558723449707,
    "F0395": 15.6995267868042,
    "F0410": 15.082840919494629,
    "F0430": 15.020881652832031,
    "F0475_gSDSS": 14.601873397827148,
    "F0515": 14.422119140625,
    "F0626_rSDSS": 14.061480522155762,
    "F0660": 14.01249885559082,
    "F0769_iSDSS": 13.900106430053711,
    "F0861": 13.858738899230957,
    "F0883_zSDSS": 13.838647842407227
}