{
    "id": "gaia_xp_spectrum_6108522772955650560-Ref",
    "F0352_uJAVA": 16.1406307220459,
    "F0378": 15.886114120483398,
    "F0395": 15.670304298400879,
    "F0410": 15.299663543701172,
    "F0430": 15.241943359375,
    "F0475_gSDSS": 14.973800659179688,
    "F0515": 14.827913284301758,
    "F0626_rSDSS": 14.599210739135742,
    "F0660": 14.567843437194824,
    "F0769_iSDSS": 14.503700256347656,
    "F0861": 14.49382209777832,
    "F0883_zSDSS": 14.481294631958008
}