{
    "id": "gaia_xp_spectrum_6111453967876753664-Ref",
    "F0352_uJAVA": 16.073196411132812,
    "F0378": 16.113670349121094,
    "F0395": 16.003292083740234,
    "F0410": 15.299696922302246,
    "F0430": 15.190598487854004,
    "F0475_gSDSS": 14.739371299743652,
    "F0515": 14.555753707885742,
    "F0626_rSDSS": 14.139939308166504,
    "F0660": 14.082456588745117,
    "F0769_iSDSS": 13.970895767211914,
    "F0861": 13.935182571411133,
    "F0883_zSDSS": 13.902653694152832
}