{
    "id": "gaia_xp_spectrum_6138029232635072128-Ref",
    "F0352_uJAVA": 16.28124237060547,
    "F0378": 16.085285186767578,
    "F0395": 15.992451667785645,
    "F0410": 15.460184097290039,
    "F0430": 15.420233726501465,
    "F0475_gSDSS": 15.043514251708984,
    "F0515": 14.873620986938477,
    "F0626_rSDSS": 14.535991668701172,
    "F0660": 14.491777420043945,
    "F0769_iSDSS": 14.382126808166504,
    "F0861": 14.349926948547363,
    "F0883_zSDSS": 14.318825721740723
}