{
    "id": "gaia_xp_spectrum_6137257306752635904-Ref",
    "F0352_uJAVA": 17.13187026977539,
    "F0378": 16.88819122314453,
    "F0395": 16.85331916809082,
    "F0410": 16.341354370117188,
    "F0430": 16.282516479492188,
    "F0475_gSDSS": 15.903674125671387,
    "F0515": 15.710761070251465,
    "F0626_rSDSS": 15.366271018981934,
    "F0660": 15.314300537109375,
    "F0769_iSDSS": 15.188368797302246,
    "F0861": 15.13740348815918,
    "F0883_zSDSS": 15.1148042678833
}