{
    "id": "gaia_xp_spectrum_6137241776150837120-Ref",
    "F0352_uJAVA": 16.762378692626953,
    "F0378": 16.931989669799805,
    "F0395": 16.650503158569336,
    "F0410": 15.897462844848633,
    "F0430": 15.784221649169922,
    "F0475_gSDSS": 15.245855331420898,
    "F0515": 15.084319114685059,
    "F0626_rSDSS": 14.561086654663086,
    "F0660": 14.49296760559082,
    "F0769_iSDSS": 14.344839096069336,
    "F0861": 14.282583236694336,
    "F0883_zSDSS": 14.249881744384766
}