{
    "id": "gaia_xp_spectrum_6138022360686953728-Ref",
    "F0352_uJAVA": 17.324176788330078,
    "F0378": 17.0283260345459,
    "F0395": 17.09394073486328,
    "F0410": 16.558191299438477,
    "F0430": 16.50018882751465,
    "F0475_gSDSS": 16.07123565673828,
    "F0515": 15.854843139648438,
    "F0626_rSDSS": 15.481407165527344,
    "F0660": 15.402195930480957,
    "F0769_iSDSS": 15.256952285766602,
    "F0861": 15.172585487365723,
    "F0883_zSDSS": 15.142435073852539
}