{
    "id": "gaia_xp_spectrum_6137274207446632320-Ref",
    "F0352_uJAVA": 17.389511108398438,
    "F0378": 17.134496688842773,
    "F0395": 17.066129684448242,
    "F0410": 16.641096115112305,
    "F0430": 16.603044509887695,
    "F0475_gSDSS": 16.346220016479492,
    "F0515": 16.204809188842773,
    "F0626_rSDSS": 15.969221115112305,
    "F0660": 15.94469928741455,
    "F0769_iSDSS": 15.854179382324219,
    "F0861": 15.842534065246582,
    "F0883_zSDSS": 15.816606521606445
}