{
    "id": "gaia_xp_spectrum_6138021845290875136-Ref",
    "F0352_uJAVA": 17.02168846130371,
    "F0378": 16.996294021606445,
    "F0395": 16.890907287597656,
    "F0410": 16.172298431396484,
    "F0430": 16.0983829498291,
    "F0475_gSDSS": 15.577564239501953,
    "F0515": 15.400731086730957,
    "F0626_rSDSS": 14.920915603637695,
    "F0660": 14.836167335510254,
    "F0769_iSDSS": 14.707246780395508,
    "F0861": 14.654573440551758,
    "F0883_zSDSS": 14.617026329040527
}