{
    "id": "gaia_xp_spectrum_6137266961839136896-Ref",
    "F0352_uJAVA": 16.86914825439453,
    "F0378": 16.545944213867188,
    "F0395": 16.593732833862305,
    "F0410": 15.92684555053711,
    "F0430": 15.806364059448242,
    "F0475_gSDSS": 15.278349876403809,
    "F0515": 15.036863327026367,
    "F0626_rSDSS": 14.536741256713867,
    "F0660": 14.444686889648438,
    "F0769_iSDSS": 14.25343132019043,
    "F0861": 14.156644821166992,
    "F0883_zSDSS": 14.107961654663086
}