{
    "id": "gaia_xp_spectrum_6138020161663692416-Ref",
    "F0352_uJAVA": 16.630008697509766,
    "F0378": 16.486221313476562,
    "F0395": 16.44501304626465,
    "F0410": 15.796866416931152,
    "F0430": 15.738298416137695,
    "F0475_gSDSS": 15.2937593460083,
    "F0515": 15.096840858459473,
    "F0626_rSDSS": 14.708745956420898,
    "F0660": 14.647117614746094,
    "F0769_iSDSS": 14.515488624572754,
    "F0861": 14.460884094238281,
    "F0883_zSDSS": 14.432148933410645
}