{
    "id": "gaia_xp_spectrum_6137261876597867136-Ref",
    "F0352_uJAVA": 16.774150848388672,
    "F0378": 16.688135147094727,
    "F0395": 16.564287185668945,
    "F0410": 15.888397216796875,
    "F0430": 15.830206871032715,
    "F0475_gSDSS": 15.333911895751953,
    "F0515": 15.152327537536621,
    "F0626_rSDSS": 14.685635566711426,
    "F0660": 14.621125221252441,
    "F0769_iSDSS": 14.473634719848633,
    "F0861": 14.416585922241211,
    "F0883_zSDSS": 14.378756523132324
}