{
    "id": "gaia_xp_spectrum_6137276616925637376-Ref",
    "F0352_uJAVA": 16.46331214904785,
    "F0378": 16.267385482788086,
    "F0395": 16.209461212158203,
    "F0410": 15.629745483398438,
    "F0430": 15.57397174835205,
    "F0475_gSDSS": 15.211861610412598,
    "F0515": 15.046835899353027,
    "F0626_rSDSS": 14.72158432006836,
    "F0660": 14.686638832092285,
    "F0769_iSDSS": 14.581480026245117,
    "F0861": 14.55834674835205,
    "F0883_zSDSS": 14.530970573425293
}