{
    "id": "gaia_xp_spectrum_6137996693962517376-Ref",
    "F0352_uJAVA": 16.51862907409668,
    "F0378": 16.415485382080078,
    "F0395": 16.175838470458984,
    "F0410": 15.648139953613281,
    "F0430": 15.53239917755127,
    "F0475_gSDSS": 15.02785873413086,
    "F0515": 14.825228691101074,
    "F0626_rSDSS": 14.327961921691895,
    "F0660": 14.246609687805176,
    "F0769_iSDSS": 14.069403648376465,
    "F0861": 13.977071762084961,
    "F0883_zSDSS": 13.943363189697266
}