{
    "id": "gaia_xp_spectrum_6137272802994666624-Ref",
    "F0352_uJAVA": 17.241863250732422,
    "F0378": 16.981229782104492,
    "F0395": 16.93378257751465,
    "F0410": 16.5445499420166,
    "F0430": 16.467941284179688,
    "F0475_gSDSS": 16.15134048461914,
    "F0515": 15.976560592651367,
    "F0626_rSDSS": 15.682982444763184,
    "F0660": 15.640996932983398,
    "F0769_iSDSS": 15.527441024780273,
    "F0861": 15.48927116394043,
    "F0883_zSDSS": 15.466225624084473
}