{
    "id": "gaia_xp_spectrum_6137252255871059456-Ref",
    "F0352_uJAVA": 17.113948822021484,
    "F0378": 17.063623428344727,
    "F0395": 16.946962356567383,
    "F0410": 16.12285804748535,
    "F0430": 15.958099365234375,
    "F0475_gSDSS": 15.262332916259766,
    "F0515": 14.997015953063965,
    "F0626_rSDSS": 14.364052772521973,
    "F0660": 14.259692192077637,
    "F0769_iSDSS": 14.02401065826416,
    "F0861": 13.892271041870117,
    "F0883_zSDSS": 13.844234466552734
}