{
    "id": "gaia_xp_spectrum_6137258749861639168-Ref",
    "F0352_uJAVA": 16.100543975830078,
    "F0378": 15.741923332214355,
    "F0395": 15.64787769317627,
    "F0410": 15.199522018432617,
    "F0430": 15.120105743408203,
    "F0475_gSDSS": 14.739007949829102,
    "F0515": 14.53966236114502,
    "F0626_rSDSS": 14.136197090148926,
    "F0660": 14.053637504577637,
    "F0769_iSDSS": 13.904010772705078,
    "F0861": 13.822468757629395,
    "F0883_zSDSS": 13.789117813110352
}