{
    "id": "gaia_xp_spectrum_6137275139456892672-Ref",
    "F0352_uJAVA": 16.906370162963867,
    "F0378": 16.88871192932129,
    "F0395": 16.82495880126953,
    "F0410": 16.01048469543457,
    "F0430": 15.953410148620605,
    "F0475_gSDSS": 15.471572875976562,
    "F0515": 15.28984260559082,
    "F0626_rSDSS": 14.833154678344727,
    "F0660": 14.776189804077148,
    "F0769_iSDSS": 14.634580612182617,
    "F0861": 14.580033302307129,
    "F0883_zSDSS": 14.54859447479248
}