{
    "id": "gaia_xp_spectrum_6137257238033174016-Ref",
    "F0352_uJAVA": 16.79261016845703,
    "F0378": 16.763328552246094,
    "F0395": 16.61219024658203,
    "F0410": 15.876940727233887,
    "F0430": 15.784036636352539,
    "F0475_gSDSS": 15.332937240600586,
    "F0515": 15.127848625183105,
    "F0626_rSDSS": 14.695597648620605,
    "F0660": 14.62093734741211,
    "F0769_iSDSS": 14.47745132446289,
    "F0861": 14.408848762512207,
    "F0883_zSDSS": 14.37387752532959
}