{
    "id": "gaia_xp_spectrum_6137264277482093696-Ref",
    "F0352_uJAVA": 16.612247467041016,
    "F0378": 16.465503692626953,
    "F0395": 16.356245040893555,
    "F0410": 15.792299270629883,
    "F0430": 15.7177095413208,
    "F0475_gSDSS": 15.329534530639648,
    "F0515": 15.150822639465332,
    "F0626_rSDSS": 14.78126335144043,
    "F0660": 14.731047630310059,
    "F0769_iSDSS": 14.599713325500488,
    "F0861": 14.554301261901855,
    "F0883_zSDSS": 14.526123046875
}