{
    "id": "gaia_xp_spectrum_6137244765448120576-Ref",
    "F0352_uJAVA": 16.972858428955078,
    "F0378": 16.680295944213867,
    "F0395": 16.63585090637207,
    "F0410": 16.281078338623047,
    "F0430": 16.18729591369629,
    "F0475_gSDSS": 15.847207069396973,
    "F0515": 15.655426979064941,
    "F0626_rSDSS": 15.261719703674316,
    "F0660": 15.208582878112793,
    "F0769_iSDSS": 15.020787239074707,
    "F0861": 14.934370994567871,
    "F0883_zSDSS": 14.909160614013672
}