{
    "id": "gaia_xp_spectrum_6137267339796228224-Ref",
    "F0352_uJAVA": 16.854446411132812,
    "F0378": 16.605731964111328,
    "F0395": 16.473094940185547,
    "F0410": 16.0075626373291,
    "F0430": 15.964801788330078,
    "F0475_gSDSS": 15.689765930175781,
    "F0515": 15.538156509399414,
    "F0626_rSDSS": 15.275554656982422,
    "F0660": 15.241754531860352,
    "F0769_iSDSS": 15.147480964660645,
    "F0861": 15.115777015686035,
    "F0883_zSDSS": 15.099448204040527
}