{
    "id": "gaia_xp_spectrum_6137226967103567104-Ref",
    "F0352_uJAVA": 16.336015701293945,
    "F0378": 16.046472549438477,
    "F0395": 15.876440048217773,
    "F0410": 15.460700035095215,
    "F0430": 15.334613800048828,
    "F0475_gSDSS": 15.099114418029785,
    "F0515": 14.94772720336914,
    "F0626_rSDSS": 14.700530052185059,
    "F0660": 14.695353507995605,
    "F0769_iSDSS": 14.59228801727295,
    "F0861": 14.582000732421875,
    "F0883_zSDSS": 14.56197738647461
}