{
    "id": "gaia_xp_spectrum_6137263732023693952-Ref",
    "F0352_uJAVA": 16.209144592285156,
    "F0378": 16.007596969604492,
    "F0395": 15.735713958740234,
    "F0410": 15.378571510314941,
    "F0430": 15.281424522399902,
    "F0475_gSDSS": 15.01836109161377,
    "F0515": 14.86644458770752,
    "F0626_rSDSS": 14.586599349975586,
    "F0660": 14.559944152832031,
    "F0769_iSDSS": 14.459444999694824,
    "F0861": 14.4219388961792,
    "F0883_zSDSS": 14.406856536865234
}