{
    "id": "gaia_xp_spectrum_6137263354066549504-Ref",
    "F0352_uJAVA": 16.57788848876953,
    "F0378": 16.445005416870117,
    "F0395": 16.275657653808594,
    "F0410": 15.690446853637695,
    "F0430": 15.602720260620117,
    "F0475_gSDSS": 15.205182075500488,
    "F0515": 15.017516136169434,
    "F0626_rSDSS": 14.651238441467285,
    "F0660": 14.610108375549316,
    "F0769_iSDSS": 14.4938383102417,
    "F0861": 14.46506404876709,
    "F0883_zSDSS": 14.43790054321289
}