{
    "id": "gaia_xp_spectrum_6137259230898435328-Ref",
    "F0352_uJAVA": 17.38607406616211,
    "F0378": 16.92220687866211,
    "F0395": 16.318326950073242,
    "F0410": 16.071367263793945,
    "F0430": 16.013534545898438,
    "F0475_gSDSS": 15.942367553710938,
    "F0515": 15.882909774780273,
    "F0626_rSDSS": 15.899497985839844,
    "F0660": 16.003618240356445,
    "F0769_iSDSS": 15.992405891418457,
    "F0861": 16.064409255981445,
    "F0883_zSDSS": 16.04707145690918
}