{
    "id": "gaia_xp_spectrum_6137262907389944576-Ref",
    "F0352_uJAVA": 17.211206436157227,
    "F0378": 16.959392547607422,
    "F0395": 16.905006408691406,
    "F0410": 16.45583152770996,
    "F0430": 16.386001586914062,
    "F0475_gSDSS": 16.07378387451172,
    "F0515": 15.916197776794434,
    "F0626_rSDSS": 15.61498737335205,
    "F0660": 15.560717582702637,
    "F0769_iSDSS": 15.467306137084961,
    "F0861": 15.433056831359863,
    "F0883_zSDSS": 15.413152694702148
}