{
    "id": "gaia_xp_spectrum_6137268267509188992-Ref",
    "F0352_uJAVA": 16.621618270874023,
    "F0378": 16.44537353515625,
    "F0395": 16.42953109741211,
    "F0410": 15.81029224395752,
    "F0430": 15.743939399719238,
    "F0475_gSDSS": 15.322352409362793,
    "F0515": 15.13805866241455,
    "F0626_rSDSS": 14.729310989379883,
    "F0660": 14.665769577026367,
    "F0769_iSDSS": 14.526596069335938,
    "F0861": 14.464599609375,
    "F0883_zSDSS": 14.433586120605469
}