{
    "id": "gaia_xp_spectrum_6137243528497517440-Ref",
    "F0352_uJAVA": 17.18155288696289,
    "F0378": 17.146047592163086,
    "F0395": 17.069856643676758,
    "F0410": 16.181148529052734,
    "F0430": 16.090999603271484,
    "F0475_gSDSS": 15.493271827697754,
    "F0515": 15.260698318481445,
    "F0626_rSDSS": 14.71517562866211,
    "F0660": 14.62302017211914,
    "F0769_iSDSS": 14.42857837677002,
    "F0861": 14.332162857055664,
    "F0883_zSDSS": 14.280206680297852
}