{
    "id": "gaia_xp_spectrum_6138000164296088192-Ref",
    "F0352_uJAVA": 17.18328094482422,
    "F0378": 16.991439819335938,
    "F0395": 16.911558151245117,
    "F0410": 16.425397872924805,
    "F0430": 16.370397567749023,
    "F0475_gSDSS": 16.018606185913086,
    "F0515": 15.84154987335205,
    "F0626_rSDSS": 15.501352310180664,
    "F0660": 15.457867622375488,
    "F0769_iSDSS": 15.315900802612305,
    "F0861": 15.263215065002441,
    "F0883_zSDSS": 15.236318588256836
}