{
    "id": "gaia_xp_spectrum_6137265003334013440-Ref",
    "F0352_uJAVA": 16.962501525878906,
    "F0378": 16.7410888671875,
    "F0395": 16.617691040039062,
    "F0410": 16.150175094604492,
    "F0430": 16.07296371459961,
    "F0475_gSDSS": 15.765787124633789,
    "F0515": 15.613821983337402,
    "F0626_rSDSS": 15.304532051086426,
    "F0660": 15.274642944335938,
    "F0769_iSDSS": 15.157296180725098,
    "F0861": 15.116081237792969,
    "F0883_zSDSS": 15.098618507385254
}