{
    "id": "gaia_xp_spectrum_6137271252509112192-Ref",
    "F0352_uJAVA": 16.906612396240234,
    "F0378": 16.748180389404297,
    "F0395": 16.558574676513672,
    "F0410": 16.05414581298828,
    "F0430": 15.983141899108887,
    "F0475_gSDSS": 15.663688659667969,
    "F0515": 15.519840240478516,
    "F0626_rSDSS": 15.209467887878418,
    "F0660": 15.186258316040039,
    "F0769_iSDSS": 15.074474334716797,
    "F0861": 15.053254127502441,
    "F0883_zSDSS": 15.03281307220459
}