{
    "id": "gaia_xp_spectrum_6138028408000913152-Ref",
    "F0352_uJAVA": 16.351070404052734,
    "F0378": 16.269432067871094,
    "F0395": 16.128080368041992,
    "F0410": 15.5087308883667,
    "F0430": 15.475523948669434,
    "F0475_gSDSS": 15.035969734191895,
    "F0515": 14.861235618591309,
    "F0626_rSDSS": 14.482537269592285,
    "F0660": 14.430427551269531,
    "F0769_iSDSS": 14.315909385681152,
    "F0861": 14.270766258239746,
    "F0883_zSDSS": 14.244897842407227
}