{
    "id": "gaia_xp_spectrum_6137270019855854720-Ref",
    "F0352_uJAVA": 16.454647064208984,
    "F0378": 16.28114891052246,
    "F0395": 16.278661727905273,
    "F0410": 15.690629959106445,
    "F0430": 15.658425331115723,
    "F0475_gSDSS": 15.28117561340332,
    "F0515": 15.104174613952637,
    "F0626_rSDSS": 14.764774322509766,
    "F0660": 14.714202880859375,
    "F0769_iSDSS": 14.591286659240723,
    "F0861": 14.546710968017578,
    "F0883_zSDSS": 14.522461891174316
}