{
    "id": "gaia_xp_spectrum_6137251396877591936-Ref",
    "F0352_uJAVA": 16.26871681213379,
    "F0378": 16.285184860229492,
    "F0395": 16.117206573486328,
    "F0410": 15.367155075073242,
    "F0430": 15.24392318725586,
    "F0475_gSDSS": 14.743433952331543,
    "F0515": 14.55692195892334,
    "F0626_rSDSS": 14.07414436340332,
    "F0660": 14.006107330322266,
    "F0769_iSDSS": 13.876846313476562,
    "F0861": 13.822818756103516,
    "F0883_zSDSS": 13.78787612915039
}