{
    "id": "gaia_xp_spectrum_6137278644150211456-Ref",
    "F0352_uJAVA": 17.188274383544922,
    "F0378": 16.977209091186523,
    "F0395": 16.89229965209961,
    "F0410": 16.340604782104492,
    "F0430": 16.266706466674805,
    "F0475_gSDSS": 15.908792495727539,
    "F0515": 15.742384910583496,
    "F0626_rSDSS": 15.404685974121094,
    "F0660": 15.369743347167969,
    "F0769_iSDSS": 15.255780220031738,
    "F0861": 15.235068321228027,
    "F0883_zSDSS": 15.206745147705078
}