{
    "id": "gaia_xp_spectrum_6137260089891454976-Ref",
    "F0352_uJAVA": 16.946331024169922,
    "F0378": 17.087181091308594,
    "F0395": 16.84751319885254,
    "F0410": 16.07855224609375,
    "F0430": 15.995462417602539,
    "F0475_gSDSS": 15.480667114257812,
    "F0515": 15.319079399108887,
    "F0626_rSDSS": 14.812287330627441,
    "F0660": 14.738037109375,
    "F0769_iSDSS": 14.59404182434082,
    "F0861": 14.525694847106934,
    "F0883_zSDSS": 14.494516372680664
}