{
    "id": "gaia_xp_spectrum_6137279468783935104-Ref",
    "F0352_uJAVA": 16.63409423828125,
    "F0378": 16.494905471801758,
    "F0395": 16.501358032226562,
    "F0410": 15.81307601928711,
    "F0430": 15.748268127441406,
    "F0475_gSDSS": 15.32723331451416,
    "F0515": 15.149491310119629,
    "F0626_rSDSS": 14.759087562561035,
    "F0660": 14.711719512939453,
    "F0769_iSDSS": 14.574639320373535,
    "F0861": 14.524474143981934,
    "F0883_zSDSS": 14.49124813079834
}