{
    "id": "gaia_xp_spectrum_6137244250052501376-Ref",
    "F0352_uJAVA": 16.82723617553711,
    "F0378": 16.844562530517578,
    "F0395": 16.678592681884766,
    "F0410": 15.991917610168457,
    "F0430": 15.885913848876953,
    "F0475_gSDSS": 15.374923706054688,
    "F0515": 15.187859535217285,
    "F0626_rSDSS": 14.720098495483398,
    "F0660": 14.66891098022461,
    "F0769_iSDSS": 14.51993179321289,
    "F0861": 14.457371711730957,
    "F0883_zSDSS": 14.431889533996582
}