{
    "id": "gaia_xp_spectrum_6137277166681451904-Ref",
    "F0352_uJAVA": 16.324039459228516,
    "F0378": 16.118064880371094,
    "F0395": 16.02908706665039,
    "F0410": 15.517364501953125,
    "F0430": 15.457280158996582,
    "F0475_gSDSS": 15.144152641296387,
    "F0515": 14.984908103942871,
    "F0626_rSDSS": 14.672087669372559,
    "F0660": 14.6221923828125,
    "F0769_iSDSS": 14.522854804992676,
    "F0861": 14.489700317382812,
    "F0883_zSDSS": 14.46622371673584
}