{
    "id": "gaia_xp_spectrum_6137251499956817024-Ref",
    "F0352_uJAVA": 16.86870574951172,
    "F0378": 16.640579223632812,
    "F0395": 16.459266662597656,
    "F0410": 15.996641159057617,
    "F0430": 15.920390129089355,
    "F0475_gSDSS": 15.566744804382324,
    "F0515": 15.374173164367676,
    "F0626_rSDSS": 15.044182777404785,
    "F0660": 14.991486549377441,
    "F0769_iSDSS": 14.874594688415527,
    "F0861": 14.827303886413574,
    "F0883_zSDSS": 14.803208351135254
}