{
    "id": "gaia_xp_spectrum_6137270672690887168-Ref",
    "F0352_uJAVA": 16.494688034057617,
    "F0378": 16.29291343688965,
    "F0395": 16.24583625793457,
    "F0410": 15.646568298339844,
    "F0430": 15.600452423095703,
    "F0475_gSDSS": 15.18954849243164,
    "F0515": 15.01335334777832,
    "F0626_rSDSS": 14.645058631896973,
    "F0660": 14.600921630859375,
    "F0769_iSDSS": 14.478782653808594,
    "F0861": 14.433463096618652,
    "F0883_zSDSS": 14.407089233398438
}