{
    "id": "gaia_xp_spectrum_6138028408000912640-Ref",
    "F0352_uJAVA": 16.148900985717773,
    "F0378": 16.07634162902832,
    "F0395": 15.895648002624512,
    "F0410": 15.236868858337402,
    "F0430": 15.16515827178955,
    "F0475_gSDSS": 14.733207702636719,
    "F0515": 14.542123794555664,
    "F0626_rSDSS": 14.166977882385254,
    "F0660": 14.120896339416504,
    "F0769_iSDSS": 14.003508567810059,
    "F0861": 13.97461223602295,
    "F0883_zSDSS": 13.941638946533203
}