{
    "id": "gaia_xp_spectrum_6137269057783177600-Ref",
    "F0352_uJAVA": 17.04871940612793,
    "F0378": 16.866525650024414,
    "F0395": 16.828838348388672,
    "F0410": 16.22588348388672,
    "F0430": 16.175443649291992,
    "F0475_gSDSS": 15.804068565368652,
    "F0515": 15.625751495361328,
    "F0626_rSDSS": 15.27316951751709,
    "F0660": 15.212040901184082,
    "F0769_iSDSS": 15.08354377746582,
    "F0861": 15.039448738098145,
    "F0883_zSDSS": 15.007217407226562
}