{
    "id": "gaia_xp_spectrum_6137244421850855808-Ref",
    "F0352_uJAVA": 17.240802764892578,
    "F0378": 17.164613723754883,
    "F0395": 16.988487243652344,
    "F0410": 16.41509437561035,
    "F0430": 16.370607376098633,
    "F0475_gSDSS": 15.965580940246582,
    "F0515": 15.78027057647705,
    "F0626_rSDSS": 15.435075759887695,
    "F0660": 15.3794527053833,
    "F0769_iSDSS": 15.27359390258789,
    "F0861": 15.24082088470459,
    "F0883_zSDSS": 15.20947265625
}