{
    "id": "gaia_xp_spectrum_6137254042577444480-Ref",
    "F0352_uJAVA": 17.14208984375,
    "F0378": 17.14449119567871,
    "F0395": 17.05400276184082,
    "F0410": 16.22132682800293,
    "F0430": 15.97494125366211,
    "F0475_gSDSS": 15.222436904907227,
    "F0515": 15.007159233093262,
    "F0626_rSDSS": 14.187483787536621,
    "F0660": 14.055506706237793,
    "F0769_iSDSS": 13.779135704040527,
    "F0861": 13.608874320983887,
    "F0883_zSDSS": 13.551595687866211
}