{
    "id": "gaia_xp_spectrum_6138021840994321408-Ref",
    "F0352_uJAVA": 17.1478271484375,
    "F0378": 16.859098434448242,
    "F0395": 16.889850616455078,
    "F0410": 16.36813735961914,
    "F0430": 16.29376220703125,
    "F0475_gSDSS": 15.94126033782959,
    "F0515": 15.775339126586914,
    "F0626_rSDSS": 15.4192476272583,
    "F0660": 15.351832389831543,
    "F0769_iSDSS": 15.23783016204834,
    "F0861": 15.180432319641113,
    "F0883_zSDSS": 15.1618070602417
}