{
    "id": "gaia_xp_spectrum_6137271119367489152-Ref",
    "F0352_uJAVA": 16.83465576171875,
    "F0378": 16.6434383392334,
    "F0395": 16.479095458984375,
    "F0410": 16.02846908569336,
    "F0430": 15.949843406677246,
    "F0475_gSDSS": 15.586867332458496,
    "F0515": 15.426389694213867,
    "F0626_rSDSS": 15.041903495788574,
    "F0660": 14.994670867919922,
    "F0769_iSDSS": 14.844544410705566,
    "F0861": 14.794163703918457,
    "F0883_zSDSS": 14.765584945678711
}