{
    "id": "gaia_xp_spectrum_6137269195222125696-Ref",
    "F0352_uJAVA": 16.266572952270508,
    "F0378": 16.04883575439453,
    "F0395": 15.968684196472168,
    "F0410": 15.415125846862793,
    "F0430": 15.334266662597656,
    "F0475_gSDSS": 14.95623779296875,
    "F0515": 14.774372100830078,
    "F0626_rSDSS": 14.423584938049316,
    "F0660": 14.370245933532715,
    "F0769_iSDSS": 14.258248329162598,
    "F0861": 14.228716850280762,
    "F0883_zSDSS": 14.191591262817383
}