{
    "id": "gaia_xp_spectrum_6138021158096108544-Ref",
    "F0352_uJAVA": 16.489057540893555,
    "F0378": 16.38638687133789,
    "F0395": 16.22763442993164,
    "F0410": 15.653453826904297,
    "F0430": 15.56924057006836,
    "F0475_gSDSS": 15.210559844970703,
    "F0515": 15.039105415344238,
    "F0626_rSDSS": 14.710288047790527,
    "F0660": 14.686442375183105,
    "F0769_iSDSS": 14.567717552185059,
    "F0861": 14.55113410949707,
    "F0883_zSDSS": 14.521207809448242
}