{
    "id": "gaia_xp_spectrum_6138028167482743936-Ref",
    "F0352_uJAVA": 16.4326114654541,
    "F0378": 16.288177490234375,
    "F0395": 16.178152084350586,
    "F0410": 15.7294921875,
    "F0430": 15.617133140563965,
    "F0475_gSDSS": 15.282824516296387,
    "F0515": 15.130870819091797,
    "F0626_rSDSS": 14.755487442016602,
    "F0660": 14.71081256866455,
    "F0769_iSDSS": 14.580875396728516,
    "F0861": 14.540952682495117,
    "F0883_zSDSS": 14.507827758789062
}