{
    "id": "gaia_xp_spectrum_6137278609790518144-Ref",
    "F0352_uJAVA": 16.967483520507812,
    "F0378": 16.83213996887207,
    "F0395": 16.746156692504883,
    "F0410": 16.10045623779297,
    "F0430": 16.05133056640625,
    "F0475_gSDSS": 15.634941101074219,
    "F0515": 15.453070640563965,
    "F0626_rSDSS": 15.094501495361328,
    "F0660": 15.04247760772705,
    "F0769_iSDSS": 14.925268173217773,
    "F0861": 14.88443374633789,
    "F0883_zSDSS": 14.856569290161133
}