{
    "id": "gaia_xp_spectrum_6137264316139242624-Ref",
    "F0352_uJAVA": 16.957027435302734,
    "F0378": 16.87225914001465,
    "F0395": 16.6727294921875,
    "F0410": 16.070240020751953,
    "F0430": 16.01619529724121,
    "F0475_gSDSS": 15.565106391906738,
    "F0515": 15.368157386779785,
    "F0626_rSDSS": 14.992761611938477,
    "F0660": 14.930917739868164,
    "F0769_iSDSS": 14.821937561035156,
    "F0861": 14.775039672851562,
    "F0883_zSDSS": 14.75406551361084
}