{
    "id": "gaia_xp_spectrum_6137276823084070272-Ref",
    "F0352_uJAVA": 17.139387130737305,
    "F0378": 17.14826011657715,
    "F0395": 16.921672821044922,
    "F0410": 16.23314094543457,
    "F0430": 16.170419692993164,
    "F0475_gSDSS": 15.699807167053223,
    "F0515": 15.520133018493652,
    "F0626_rSDSS": 15.067638397216797,
    "F0660": 14.996264457702637,
    "F0769_iSDSS": 14.855729103088379,
    "F0861": 14.796774864196777,
    "F0883_zSDSS": 14.758227348327637
}