{
    "id": "gaia_xp_spectrum_6137267271076867968-Ref",
    "F0352_uJAVA": 17.46940803527832,
    "F0378": 17.029096603393555,
    "F0395": 16.98724365234375,
    "F0410": 16.700571060180664,
    "F0430": 16.581193923950195,
    "F0475_gSDSS": 16.24594497680664,
    "F0515": 16.064672470092773,
    "F0626_rSDSS": 15.640227317810059,
    "F0660": 15.554791450500488,
    "F0769_iSDSS": 15.379338264465332,
    "F0861": 15.274653434753418,
    "F0883_zSDSS": 15.242164611816406
}