{
    "id": "gaia_xp_spectrum_6137254420534576128-Ref",
    "F0352_uJAVA": 17.307880401611328,
    "F0378": 17.098907470703125,
    "F0395": 16.99781608581543,
    "F0410": 16.557403564453125,
    "F0430": 16.481807708740234,
    "F0475_gSDSS": 16.141761779785156,
    "F0515": 15.981472969055176,
    "F0626_rSDSS": 15.62126350402832,
    "F0660": 15.591196060180664,
    "F0769_iSDSS": 15.437201499938965,
    "F0861": 15.379331588745117,
    "F0883_zSDSS": 15.359633445739746
}