{
    "id": "gaia_xp_spectrum_6137268198789711232-Ref",
    "F0352_uJAVA": 17.146841049194336,
    "F0378": 17.050395965576172,
    "F0395": 16.99326515197754,
    "F0410": 16.342086791992188,
    "F0430": 16.26943016052246,
    "F0475_gSDSS": 15.823076248168945,
    "F0515": 15.642319679260254,
    "F0626_rSDSS": 15.211111068725586,
    "F0660": 15.15861988067627,
    "F0769_iSDSS": 15.00485897064209,
    "F0861": 14.953306198120117,
    "F0883_zSDSS": 14.91399097442627
}