{
    "id": "gaia_xp_spectrum_6137263147908115712-Ref",
    "F0352_uJAVA": 17.094680786132812,
    "F0378": 16.760114669799805,
    "F0395": 16.764101028442383,
    "F0410": 16.165557861328125,
    "F0430": 16.09259033203125,
    "F0475_gSDSS": 15.627985000610352,
    "F0515": 15.394346237182617,
    "F0626_rSDSS": 14.943839073181152,
    "F0660": 14.854573249816895,
    "F0769_iSDSS": 14.679031372070312,
    "F0861": 14.584308624267578,
    "F0883_zSDSS": 14.546372413635254
}