{
    "id": "gaia_xp_spectrum_6138021123736368000-Ref",
    "F0352_uJAVA": 16.818904876708984,
    "F0378": 16.710765838623047,
    "F0395": 16.641141891479492,
    "F0410": 15.981682777404785,
    "F0430": 15.92257022857666,
    "F0475_gSDSS": 15.45000171661377,
    "F0515": 15.266767501831055,
    "F0626_rSDSS": 14.819581031799316,
    "F0660": 14.753768920898438,
    "F0769_iSDSS": 14.592425346374512,
    "F0861": 14.528948783874512,
    "F0883_zSDSS": 14.488496780395508
}