{
    "id": "gaia_xp_spectrum_6137271119367490304-Ref",
    "F0352_uJAVA": 16.808183670043945,
    "F0378": 16.557912826538086,
    "F0395": 16.535842895507812,
    "F0410": 16.035388946533203,
    "F0430": 15.95126724243164,
    "F0475_gSDSS": 15.502137184143066,
    "F0515": 15.280375480651855,
    "F0626_rSDSS": 14.838813781738281,
    "F0660": 14.755542755126953,
    "F0769_iSDSS": 14.568195343017578,
    "F0861": 14.467992782592773,
    "F0883_zSDSS": 14.431872367858887
}