{
    "id": "gaia_xp_spectrum_6137274898938717696-Ref",
    "F0352_uJAVA": 16.928552627563477,
    "F0378": 16.688365936279297,
    "F0395": 16.532093048095703,
    "F0410": 16.10498046875,
    "F0430": 16.04644203186035,
    "F0475_gSDSS": 15.750761032104492,
    "F0515": 15.604999542236328,
    "F0626_rSDSS": 15.32548713684082,
    "F0660": 15.29733657836914,
    "F0769_iSDSS": 15.207687377929688,
    "F0861": 15.192991256713867,
    "F0883_zSDSS": 15.174464225769043
}