{
    "id": "gaia_xp_spectrum_6137244524929944832-Ref",
    "F0352_uJAVA": 16.293230056762695,
    "F0378": 16.241662979125977,
    "F0395": 16.018404006958008,
    "F0410": 15.37354850769043,
    "F0430": 15.271026611328125,
    "F0475_gSDSS": 14.809809684753418,
    "F0515": 14.609108924865723,
    "F0626_rSDSS": 14.203136444091797,
    "F0660": 14.137470245361328,
    "F0769_iSDSS": 14.033562660217285,
    "F0861": 14.001598358154297,
    "F0883_zSDSS": 13.9696044921875
}