{
    "id": "gaia_xp_spectrum_6137256138521535232-Ref",
    "F0352_uJAVA": 17.0844783782959,
    "F0378": 16.837438583374023,
    "F0395": 16.9152889251709,
    "F0410": 16.206501007080078,
    "F0430": 16.139892578125,
    "F0475_gSDSS": 15.714048385620117,
    "F0515": 15.521342277526855,
    "F0626_rSDSS": 15.137530326843262,
    "F0660": 15.0698881149292,
    "F0769_iSDSS": 14.951417922973633,
    "F0861": 14.894529342651367,
    "F0883_zSDSS": 14.872034072875977
}