{
    "id": "gaia_xp_spectrum_6137263147908115072-Ref",
    "F0352_uJAVA": 16.935407638549805,
    "F0378": 16.879926681518555,
    "F0395": 16.781856536865234,
    "F0410": 15.959696769714355,
    "F0430": 15.81928825378418,
    "F0475_gSDSS": 15.19918441772461,
    "F0515": 14.956998825073242,
    "F0626_rSDSS": 14.382973670959473,
    "F0660": 14.286324501037598,
    "F0769_iSDSS": 14.079488754272461,
    "F0861": 13.964468002319336,
    "F0883_zSDSS": 13.918875694274902
}