{
    "id": "gaia_xp_spectrum_6137249781969860480-Ref",
    "F0352_uJAVA": 17.171527862548828,
    "F0378": 16.86771011352539,
    "F0395": 16.817764282226562,
    "F0410": 16.30948829650879,
    "F0430": 16.228191375732422,
    "F0475_gSDSS": 15.870594024658203,
    "F0515": 15.673675537109375,
    "F0626_rSDSS": 15.33743953704834,
    "F0660": 15.292694091796875,
    "F0769_iSDSS": 15.16485595703125,
    "F0861": 15.123291015625,
    "F0883_zSDSS": 15.09540843963623
}