{
    "id": "gaia_xp_spectrum_6138021531756657920-Ref",
    "F0352_uJAVA": 16.946409225463867,
    "F0378": 16.97136116027832,
    "F0395": 16.730112075805664,
    "F0410": 15.93824291229248,
    "F0430": 15.80250358581543,
    "F0475_gSDSS": 15.169203758239746,
    "F0515": 14.953845977783203,
    "F0626_rSDSS": 14.366483688354492,
    "F0660": 14.273968696594238,
    "F0769_iSDSS": 14.09958553314209,
    "F0861": 14.007209777832031,
    "F0883_zSDSS": 13.965282440185547
}