{
    "id": "gaia_xp_spectrum_6137244318771510144-Ref",
    "F0352_uJAVA": 16.123088836669922,
    "F0378": 15.954612731933594,
    "F0395": 15.862058639526367,
    "F0410": 15.309107780456543,
    "F0430": 15.241528511047363,
    "F0475_gSDSS": 14.863492012023926,
    "F0515": 14.685856819152832,
    "F0626_rSDSS": 14.34643840789795,
    "F0660": 14.289814949035645,
    "F0769_iSDSS": 14.189385414123535,
    "F0861": 14.157759666442871,
    "F0883_zSDSS": 14.132174491882324
}