{
    "id": "gaia_xp_spectrum_6137252839986636544-Ref",
    "F0352_uJAVA": 16.224445343017578,
    "F0378": 15.978448867797852,
    "F0395": 15.938223838806152,
    "F0410": 15.42435073852539,
    "F0430": 15.318608283996582,
    "F0475_gSDSS": 14.962831497192383,
    "F0515": 14.785528182983398,
    "F0626_rSDSS": 14.425495147705078,
    "F0660": 14.38107967376709,
    "F0769_iSDSS": 14.255766868591309,
    "F0861": 14.212545394897461,
    "F0883_zSDSS": 14.184255599975586
}