{
    "id": "gaia_xp_spectrum_6138029266994375168-Ref",
    "F0352_uJAVA": 17.29145622253418,
    "F0378": 17.26007652282715,
    "F0395": 17.083364486694336,
    "F0410": 16.558122634887695,
    "F0430": 16.51934814453125,
    "F0475_gSDSS": 16.15125846862793,
    "F0515": 15.982561111450195,
    "F0626_rSDSS": 15.642351150512695,
    "F0660": 15.602663040161133,
    "F0769_iSDSS": 15.446309089660645,
    "F0861": 15.38735294342041,
    "F0883_zSDSS": 15.35979175567627
}