{
    "id": "gaia_xp_spectrum_6137226486067234560-Ref",
    "F0352_uJAVA": 17.502676010131836,
    "F0378": 17.162370681762695,
    "F0395": 17.005529403686523,
    "F0410": 16.68246078491211,
    "F0430": 16.590682983398438,
    "F0475_gSDSS": 16.294404983520508,
    "F0515": 16.12460708618164,
    "F0626_rSDSS": 15.80147647857666,
    "F0660": 15.742837905883789,
    "F0769_iSDSS": 15.622525215148926,
    "F0861": 15.55687427520752,
    "F0883_zSDSS": 15.545954704284668
}