{
    "id": "gaia_xp_spectrum_6138028476720390144-Ref",
    "F0352_uJAVA": 17.2051944732666,
    "F0378": 17.007278442382812,
    "F0395": 17.03778839111328,
    "F0410": 16.349502563476562,
    "F0430": 16.353897094726562,
    "F0475_gSDSS": 15.908045768737793,
    "F0515": 15.717683792114258,
    "F0626_rSDSS": 15.342140197753906,
    "F0660": 15.316225051879883,
    "F0769_iSDSS": 15.162314414978027,
    "F0861": 15.104764938354492,
    "F0883_zSDSS": 15.084681510925293
}