{
    "id": "gaia_xp_spectrum_6137266549522267008-Ref",
    "F0352_uJAVA": 17.335296630859375,
    "F0378": 16.974781036376953,
    "F0395": 17.025503158569336,
    "F0410": 16.52147674560547,
    "F0430": 16.409774780273438,
    "F0475_gSDSS": 16.01763343811035,
    "F0515": 15.792387962341309,
    "F0626_rSDSS": 15.343445777893066,
    "F0660": 15.252519607543945,
    "F0769_iSDSS": 15.059613227844238,
    "F0861": 14.942925453186035,
    "F0883_zSDSS": 14.911772727966309
}