{
    "id": "gaia_xp_spectrum_6137248819897202432-Ref",
    "F0352_uJAVA": 16.340988159179688,
    "F0378": 16.064437866210938,
    "F0395": 15.86533260345459,
    "F0410": 15.506677627563477,
    "F0430": 15.40478801727295,
    "F0475_gSDSS": 15.161989212036133,
    "F0515": 15.017788887023926,
    "F0626_rSDSS": 14.745338439941406,
    "F0660": 14.732494354248047,
    "F0769_iSDSS": 14.620591163635254,
    "F0861": 14.595696449279785,
    "F0883_zSDSS": 14.57470417022705
}