{
    "id": "gaia_xp_spectrum_6137273215311532928-Ref",
    "F0352_uJAVA": 17.010421752929688,
    "F0378": 16.875816345214844,
    "F0395": 16.713497161865234,
    "F0410": 16.13096809387207,
    "F0430": 16.0578556060791,
    "F0475_gSDSS": 15.630244255065918,
    "F0515": 15.438879013061523,
    "F0626_rSDSS": 15.066859245300293,
    "F0660": 15.00533676147461,
    "F0769_iSDSS": 14.906493186950684,
    "F0861": 14.87667465209961,
    "F0883_zSDSS": 14.84329891204834
}