{
    "id": "gaia_xp_spectrum_6137278815948902912-Ref",
    "F0352_uJAVA": 16.53408432006836,
    "F0378": 16.343509674072266,
    "F0395": 16.360837936401367,
    "F0410": 15.638885498046875,
    "F0430": 15.546062469482422,
    "F0475_gSDSS": 15.13163948059082,
    "F0515": 14.951896667480469,
    "F0626_rSDSS": 14.55931282043457,
    "F0660": 14.507737159729004,
    "F0769_iSDSS": 14.399773597717285,
    "F0861": 14.371297836303711,
    "F0883_zSDSS": 14.338479995727539
}