{
    "id": "gaia_xp_spectrum_6137270260374027904-Ref",
    "F0352_uJAVA": 17.335735321044922,
    "F0378": 17.115100860595703,
    "F0395": 16.936805725097656,
    "F0410": 16.43086051940918,
    "F0430": 16.3565616607666,
    "F0475_gSDSS": 16.038660049438477,
    "F0515": 15.886625289916992,
    "F0626_rSDSS": 15.567081451416016,
    "F0660": 15.552114486694336,
    "F0769_iSDSS": 15.432594299316406,
    "F0861": 15.417080879211426,
    "F0883_zSDSS": 15.385931968688965
}