{
    "id": "gaia_xp_spectrum_6137272115799964416-Ref",
    "F0352_uJAVA": 16.251258850097656,
    "F0378": 16.11649513244629,
    "F0395": 16.003910064697266,
    "F0410": 15.409757614135742,
    "F0430": 15.319208145141602,
    "F0475_gSDSS": 14.9142484664917,
    "F0515": 14.721209526062012,
    "F0626_rSDSS": 14.359302520751953,
    "F0660": 14.30557918548584,
    "F0769_iSDSS": 14.183198928833008,
    "F0861": 14.145545959472656,
    "F0883_zSDSS": 14.119157791137695
}