{
    "id": "gaia_xp_spectrum_6137238580695158272-Ref",
    "F0352_uJAVA": 17.073566436767578,
    "F0378": 16.938152313232422,
    "F0395": 16.707796096801758,
    "F0410": 16.20352554321289,
    "F0430": 16.133514404296875,
    "F0475_gSDSS": 15.73957633972168,
    "F0515": 15.547460556030273,
    "F0626_rSDSS": 15.193267822265625,
    "F0660": 15.144997596740723,
    "F0769_iSDSS": 15.007433891296387,
    "F0861": 14.957155227661133,
    "F0883_zSDSS": 14.934001922607422
}