{
    "id": "gaia_xp_spectrum_6137258921660341248-Ref",
    "F0352_uJAVA": 17.122344970703125,
    "F0378": 16.988080978393555,
    "F0395": 16.91836929321289,
    "F0410": 16.25473403930664,
    "F0430": 16.210481643676758,
    "F0475_gSDSS": 15.780908584594727,
    "F0515": 15.595649719238281,
    "F0626_rSDSS": 15.18778133392334,
    "F0660": 15.128462791442871,
    "F0769_iSDSS": 14.995501518249512,
    "F0861": 14.940560340881348,
    "F0883_zSDSS": 14.913344383239746
}