{
    "id": "gaia_xp_spectrum_6137251362517853440-Ref",
    "F0352_uJAVA": 17.45645523071289,
    "F0378": 17.106855392456055,
    "F0395": 16.843830108642578,
    "F0410": 16.554628372192383,
    "F0430": 16.5308837890625,
    "F0475_gSDSS": 16.312414169311523,
    "F0515": 16.19436264038086,
    "F0626_rSDSS": 15.994989395141602,
    "F0660": 15.984723091125488,
    "F0769_iSDSS": 15.91183853149414,
    "F0861": 15.871521949768066,
    "F0883_zSDSS": 15.878131866455078
}