{
    "id": "gaia_xp_spectrum_6138019508828662144-Ref",
    "F0352_uJAVA": 16.840173721313477,
    "F0378": 16.549177169799805,
    "F0395": 16.25296974182129,
    "F0410": 15.934703826904297,
    "F0430": 15.846558570861816,
    "F0475_gSDSS": 15.607224464416504,
    "F0515": 15.471646308898926,
    "F0626_rSDSS": 15.233081817626953,
    "F0660": 15.22678279876709,
    "F0769_iSDSS": 15.12868595123291,
    "F0861": 15.112510681152344,
    "F0883_zSDSS": 15.099102020263672
}