{
    "id": "gaia_xp_spectrum_6137277338480148864-Ref",
    "F0352_uJAVA": 16.618667602539062,
    "F0378": 16.37449836730957,
    "F0395": 16.372451782226562,
    "F0410": 15.814929962158203,
    "F0430": 15.800808906555176,
    "F0475_gSDSS": 15.39112663269043,
    "F0515": 15.187488555908203,
    "F0626_rSDSS": 14.841748237609863,
    "F0660": 14.780294418334961,
    "F0769_iSDSS": 14.650294303894043,
    "F0861": 14.598675727844238,
    "F0883_zSDSS": 14.56480598449707
}