{
    "id": "gaia_xp_spectrum_6137269195222128768-Ref",
    "F0352_uJAVA": 16.672832489013672,
    "F0378": 16.5374813079834,
    "F0395": 16.331911087036133,
    "F0410": 15.847187042236328,
    "F0430": 15.739983558654785,
    "F0475_gSDSS": 15.34716796875,
    "F0515": 15.151558876037598,
    "F0626_rSDSS": 14.743396759033203,
    "F0660": 14.682698249816895,
    "F0769_iSDSS": 14.523710250854492,
    "F0861": 14.453805923461914,
    "F0883_zSDSS": 14.414844512939453
}