{
    "id": "gaia_xp_spectrum_6137267580314403328-Ref",
    "F0352_uJAVA": 17.115127563476562,
    "F0378": 16.875282287597656,
    "F0395": 16.78782081604004,
    "F0410": 16.281232833862305,
    "F0430": 16.232454299926758,
    "F0475_gSDSS": 15.866839408874512,
    "F0515": 15.678040504455566,
    "F0626_rSDSS": 15.348594665527344,
    "F0660": 15.301559448242188,
    "F0769_iSDSS": 15.168519020080566,
    "F0861": 15.118830680847168,
    "F0883_zSDSS": 15.090067863464355
}