{
    "id": "gaia_xp_spectrum_6137262426353689088-Ref",
    "F0352_uJAVA": 16.095458984375,
    "F0378": 15.932781219482422,
    "F0395": 15.909987449645996,
    "F0410": 15.271286010742188,
    "F0430": 15.270811080932617,
    "F0475_gSDSS": 14.822410583496094,
    "F0515": 14.650105476379395,
    "F0626_rSDSS": 14.247660636901855,
    "F0660": 14.18393611907959,
    "F0769_iSDSS": 14.058899879455566,
    "F0861": 14.00279426574707,
    "F0883_zSDSS": 13.97584056854248
}