{
    "id": "gaia_xp_spectrum_6137264380561279872-Ref",
    "F0352_uJAVA": 16.958927154541016,
    "F0378": 16.926225662231445,
    "F0395": 16.735584259033203,
    "F0410": 16.066789627075195,
    "F0430": 15.970935821533203,
    "F0475_gSDSS": 15.545517921447754,
    "F0515": 15.366281509399414,
    "F0626_rSDSS": 14.97034740447998,
    "F0660": 14.929421424865723,
    "F0769_iSDSS": 14.799093246459961,
    "F0861": 14.768013000488281,
    "F0883_zSDSS": 14.732887268066406
}