{
    "id": "gaia_xp_spectrum_6137239405328887040-Ref",
    "F0352_uJAVA": 16.52090835571289,
    "F0378": 16.314550399780273,
    "F0395": 16.247631072998047,
    "F0410": 15.626263618469238,
    "F0430": 15.547235488891602,
    "F0475_gSDSS": 15.135025024414062,
    "F0515": 14.95878791809082,
    "F0626_rSDSS": 14.602118492126465,
    "F0660": 14.553035736083984,
    "F0769_iSDSS": 14.44649887084961,
    "F0861": 14.410237312316895,
    "F0883_zSDSS": 14.383492469787598
}