{
    "id": "gaia_xp_spectrum_6137239920724960128-Ref",
    "F0352_uJAVA": 16.57597541809082,
    "F0378": 16.313844680786133,
    "F0395": 16.220483779907227,
    "F0410": 15.792494773864746,
    "F0430": 15.688648223876953,
    "F0475_gSDSS": 15.396673202514648,
    "F0515": 15.238747596740723,
    "F0626_rSDSS": 14.942680358886719,
    "F0660": 14.919907569885254,
    "F0769_iSDSS": 14.811910629272461,
    "F0861": 14.785382270812988,
    "F0883_zSDSS": 14.766389846801758
}