{
    "id": "gaia_xp_spectrum_6137250331725685760-Ref",
    "F0352_uJAVA": 17.164445877075195,
    "F0378": 17.183792114257812,
    "F0395": 17.036029815673828,
    "F0410": 16.18435287475586,
    "F0430": 16.066326141357422,
    "F0475_gSDSS": 15.536529541015625,
    "F0515": 15.334480285644531,
    "F0626_rSDSS": 14.827001571655273,
    "F0660": 14.765120506286621,
    "F0769_iSDSS": 14.606600761413574,
    "F0861": 14.544889450073242,
    "F0883_zSDSS": 14.509459495544434
}