{
    "id": "gaia_xp_spectrum_6137252530748980352-Ref",
    "F0352_uJAVA": 17.163082122802734,
    "F0378": 17.084726333618164,
    "F0395": 17.05337905883789,
    "F0410": 16.141685485839844,
    "F0430": 16.015722274780273,
    "F0475_gSDSS": 15.326617240905762,
    "F0515": 15.084022521972656,
    "F0626_rSDSS": 14.436601638793945,
    "F0660": 14.322022438049316,
    "F0769_iSDSS": 14.094656944274902,
    "F0861": 13.96648120880127,
    "F0883_zSDSS": 13.914259910583496
}