{
    "id": "gaia_xp_spectrum_6137271085007750016-Ref",
    "F0352_uJAVA": 17.217967987060547,
    "F0378": 17.04657554626465,
    "F0395": 16.910743713378906,
    "F0410": 16.461292266845703,
    "F0430": 16.39409828186035,
    "F0475_gSDSS": 16.064184188842773,
    "F0515": 15.89827823638916,
    "F0626_rSDSS": 15.587738037109375,
    "F0660": 15.548738479614258,
    "F0769_iSDSS": 15.427266120910645,
    "F0861": 15.387519836425781,
    "F0883_zSDSS": 15.362814903259277
}