{
    "id": "gaia_xp_spectrum_6161281910696948864-Ref",
    "F0352_uJAVA": 16.394681930541992,
    "F0378": 16.056928634643555,
    "F0395": 15.695836067199707,
    "F0410": 15.397826194763184,
    "F0430": 15.31836223602295,
    "F0475_gSDSS": 15.139816284179688,
    "F0515": 15.037220001220703,
    "F0626_rSDSS": 14.85888671875,
    "F0660": 14.8687105178833,
    "F0769_iSDSS": 14.813348770141602,
    "F0861": 14.821799278259277,
    "F0883_zSDSS": 14.809113502502441
}