{
    "id": "gaia_xp_spectrum_6137271703483026176-Ref",
    "F0352_uJAVA": 16.634746551513672,
    "F0378": 16.556787490844727,
    "F0395": 16.459077835083008,
    "F0410": 15.739346504211426,
    "F0430": 15.664843559265137,
    "F0475_gSDSS": 15.143205642700195,
    "F0515": 14.930368423461914,
    "F0626_rSDSS": 14.436548233032227,
    "F0660": 14.341567993164062,
    "F0769_iSDSS": 14.187541007995605,
    "F0861": 14.101751327514648,
    "F0883_zSDSS": 14.062093734741211
}