{
    "id": "gaia_xp_spectrum_6137254935930672512-Ref",
    "F0352_uJAVA": 16.952871322631836,
    "F0378": 16.852201461791992,
    "F0395": 16.707603454589844,
    "F0410": 16.223276138305664,
    "F0430": 16.1640625,
    "F0475_gSDSS": 15.850261688232422,
    "F0515": 15.694244384765625,
    "F0626_rSDSS": 15.379121780395508,
    "F0660": 15.334002494812012,
    "F0769_iSDSS": 15.226237297058105,
    "F0861": 15.191265106201172,
    "F0883_zSDSS": 15.164459228515625
}