{
    "id": "gaia_xp_spectrum_6137258097026641792-Ref",
    "F0352_uJAVA": 16.93702507019043,
    "F0378": 17.067249298095703,
    "F0395": 16.756763458251953,
    "F0410": 15.923846244812012,
    "F0430": 15.757757186889648,
    "F0475_gSDSS": 15.130514144897461,
    "F0515": 14.881046295166016,
    "F0626_rSDSS": 14.28085994720459,
    "F0660": 14.169203758239746,
    "F0769_iSDSS": 13.964051246643066,
    "F0861": 13.830648422241211,
    "F0883_zSDSS": 13.793787002563477
}