{
    "id": "gaia_xp_spectrum_6137269092142915840-Ref",
    "F0352_uJAVA": 17.13448143005371,
    "F0378": 16.94425392150879,
    "F0395": 16.817607879638672,
    "F0410": 16.270536422729492,
    "F0430": 16.201318740844727,
    "F0475_gSDSS": 15.758662223815918,
    "F0515": 15.554994583129883,
    "F0626_rSDSS": 15.179443359375,
    "F0660": 15.127978324890137,
    "F0769_iSDSS": 14.993633270263672,
    "F0861": 14.954852104187012,
    "F0883_zSDSS": 14.916178703308105
}