{
    "id": "gaia_xp_spectrum_6137249610171151232-Ref",
    "F0352_uJAVA": 16.33879280090332,
    "F0378": 16.05598258972168,
    "F0395": 16.073410034179688,
    "F0410": 15.615318298339844,
    "F0430": 15.57048225402832,
    "F0475_gSDSS": 15.220104217529297,
    "F0515": 15.05140495300293,
    "F0626_rSDSS": 14.726933479309082,
    "F0660": 14.684483528137207,
    "F0769_iSDSS": 14.56314754486084,
    "F0861": 14.522139549255371,
    "F0883_zSDSS": 14.498809814453125
}