{
    "id": "gaia_xp_spectrum_6137256104161795456-Ref",
    "F0352_uJAVA": 16.235910415649414,
    "F0378": 15.96377182006836,
    "F0395": 15.856453895568848,
    "F0410": 15.441498756408691,
    "F0430": 15.35770320892334,
    "F0475_gSDSS": 15.064906120300293,
    "F0515": 14.904767990112305,
    "F0626_rSDSS": 14.608175277709961,
    "F0660": 14.585175514221191,
    "F0769_iSDSS": 14.464900016784668,
    "F0861": 14.433677673339844,
    "F0883_zSDSS": 14.413383483886719
}