{
    "id": "gaia_xp_spectrum_6137996109846962176-Ref",
    "F0352_uJAVA": 16.02041244506836,
    "F0378": 15.892725944519043,
    "F0395": 15.824203491210938,
    "F0410": 15.219582557678223,
    "F0430": 15.172792434692383,
    "F0475_gSDSS": 14.734344482421875,
    "F0515": 14.559649467468262,
    "F0626_rSDSS": 14.192754745483398,
    "F0660": 14.147202491760254,
    "F0769_iSDSS": 14.030621528625488,
    "F0861": 13.994424819946289,
    "F0883_zSDSS": 13.968243598937988
}