{
    "id": "gaia_xp_spectrum_6161280811185317632-Ref",
    "F0352_uJAVA": 16.067302703857422,
    "F0378": 15.857222557067871,
    "F0395": 15.69640064239502,
    "F0410": 15.237848281860352,
    "F0430": 15.169867515563965,
    "F0475_gSDSS": 14.845298767089844,
    "F0515": 14.67192554473877,
    "F0626_rSDSS": 14.35858154296875,
    "F0660": 14.329804420471191,
    "F0769_iSDSS": 14.204634666442871,
    "F0861": 14.166927337646484,
    "F0883_zSDSS": 14.140625
}