{
    "id": "gaia_xp_spectrum_6137247617306343040-Ref",
    "F0352_uJAVA": 16.57762336730957,
    "F0378": 16.475996017456055,
    "F0395": 16.298810958862305,
    "F0410": 15.6986722946167,
    "F0430": 15.60241985321045,
    "F0475_gSDSS": 15.151605606079102,
    "F0515": 14.976312637329102,
    "F0626_rSDSS": 14.54517936706543,
    "F0660": 14.4873628616333,
    "F0769_iSDSS": 14.366207122802734,
    "F0861": 14.319053649902344,
    "F0883_zSDSS": 14.290143966674805
}