{
    "id": "gaia_xp_spectrum_6137258028307160960-Ref",
    "F0352_uJAVA": 16.543933868408203,
    "F0378": 16.399023056030273,
    "F0395": 16.271961212158203,
    "F0410": 15.71910572052002,
    "F0430": 15.646808624267578,
    "F0475_gSDSS": 15.275848388671875,
    "F0515": 15.09561824798584,
    "F0626_rSDSS": 14.734212875366211,
    "F0660": 14.673011779785156,
    "F0769_iSDSS": 14.558914184570312,
    "F0861": 14.507708549499512,
    "F0883_zSDSS": 14.481493949890137
}