{
    "id": "gaia_xp_spectrum_6138023116601201536-Ref",
    "F0352_uJAVA": 16.205020904541016,
    "F0378": 15.975940704345703,
    "F0395": 15.860175132751465,
    "F0410": 15.431955337524414,
    "F0430": 15.375905990600586,
    "F0475_gSDSS": 15.046552658081055,
    "F0515": 14.882745742797852,
    "F0626_rSDSS": 14.561224937438965,
    "F0660": 14.518075942993164,
    "F0769_iSDSS": 14.396389961242676,
    "F0861": 14.357495307922363,
    "F0883_zSDSS": 14.3334321975708
}