{
    "id": "gaia_xp_spectrum_6137587950514721280-Ref",
    "F0352_uJAVA": 16.723981857299805,
    "F0378": 16.478994369506836,
    "F0395": 16.49517059326172,
    "F0410": 15.901432991027832,
    "F0430": 15.844104766845703,
    "F0475_gSDSS": 15.422916412353516,
    "F0515": 15.25615406036377,
    "F0626_rSDSS": 14.817423820495605,
    "F0660": 14.748313903808594,
    "F0769_iSDSS": 14.597047805786133,
    "F0861": 14.519081115722656,
    "F0883_zSDSS": 14.494141578674316
}