{
    "id": "gaia_xp_spectrum_6137656704351288064-Ref",
    "F0352_uJAVA": 16.62047576904297,
    "F0378": 16.78669548034668,
    "F0395": 16.468231201171875,
    "F0410": 15.726799964904785,
    "F0430": 15.509172439575195,
    "F0475_gSDSS": 14.833917617797852,
    "F0515": 14.728700637817383,
    "F0626_rSDSS": 13.956905364990234,
    "F0660": 13.847256660461426,
    "F0769_iSDSS": 13.690470695495605,
    "F0861": 13.611128807067871,
    "F0883_zSDSS": 13.565977096557617
}