{
    "id": "gaia_xp_spectrum_6137636225947161088-Ref",
    "F0352_uJAVA": 16.72088623046875,
    "F0378": 16.723915100097656,
    "F0395": 16.604637145996094,
    "F0410": 15.889708518981934,
    "F0430": 15.810791969299316,
    "F0475_gSDSS": 15.362357139587402,
    "F0515": 15.176546096801758,
    "F0626_rSDSS": 14.737471580505371,
    "F0660": 14.688470840454102,
    "F0769_iSDSS": 14.545783042907715,
    "F0861": 14.488235473632812,
    "F0883_zSDSS": 14.459794998168945
}