{
    "id": "gaia_xp_spectrum_6137654127370933632-Ref",
    "F0352_uJAVA": 16.679964065551758,
    "F0378": 16.678955078125,
    "F0395": 16.41785430908203,
    "F0410": 15.76433277130127,
    "F0430": 15.6531982421875,
    "F0475_gSDSS": 15.156356811523438,
    "F0515": 14.956154823303223,
    "F0626_rSDSS": 14.501750946044922,
    "F0660": 14.43253231048584,
    "F0769_iSDSS": 14.314711570739746,
    "F0861": 14.258560180664062,
    "F0883_zSDSS": 14.22952651977539
}