{
    "id": "gaia_xp_spectrum_6137593310633923840-Ref",
    "F0352_uJAVA": 16.747760772705078,
    "F0378": 16.647932052612305,
    "F0395": 16.650287628173828,
    "F0410": 15.949475288391113,
    "F0430": 15.87116813659668,
    "F0475_gSDSS": 15.418664932250977,
    "F0515": 15.231247901916504,
    "F0626_rSDSS": 14.801765441894531,
    "F0660": 14.726805686950684,
    "F0769_iSDSS": 14.60498332977295,
    "F0861": 14.537171363830566,
    "F0883_zSDSS": 14.51811695098877
}