{
    "id": "gaia_xp_spectrum_6137590836732756352-Ref",
    "F0352_uJAVA": 16.230823516845703,
    "F0378": 16.198265075683594,
    "F0395": 16.11304473876953,
    "F0410": 15.380640029907227,
    "F0430": 15.346073150634766,
    "F0475_gSDSS": 14.868515968322754,
    "F0515": 14.718855857849121,
    "F0626_rSDSS": 14.272381782531738,
    "F0660": 14.21187973022461,
    "F0769_iSDSS": 14.086761474609375,
    "F0861": 14.029579162597656,
    "F0883_zSDSS": 14.002752304077148
}