{
    "id": "gaia_xp_spectrum_6137659384410916096-Ref",
    "F0352_uJAVA": 16.71696662902832,
    "F0378": 16.59210205078125,
    "F0395": 16.570283889770508,
    "F0410": 15.879883766174316,
    "F0430": 15.837883949279785,
    "F0475_gSDSS": 15.389155387878418,
    "F0515": 15.195586204528809,
    "F0626_rSDSS": 14.781201362609863,
    "F0660": 14.71369743347168,
    "F0769_iSDSS": 14.575034141540527,
    "F0861": 14.522354125976562,
    "F0883_zSDSS": 14.486626625061035
}