{
    "id": "gaia_xp_spectrum_6137588740788679936-Ref",
    "F0352_uJAVA": 16.5140438079834,
    "F0378": 16.137439727783203,
    "F0395": 15.878119468688965,
    "F0410": 15.491272926330566,
    "F0430": 15.411824226379395,
    "F0475_gSDSS": 15.209197998046875,
    "F0515": 15.099125862121582,
    "F0626_rSDSS": 14.922952651977539,
    "F0660": 14.945140838623047,
    "F0769_iSDSS": 14.880985260009766,
    "F0861": 14.897183418273926,
    "F0883_zSDSS": 14.882695198059082
}