{
    "id": "gaia_xp_spectrum_6137619144861030400-Ref",
    "F0352_uJAVA": 16.742412567138672,
    "F0378": 16.5537052154541,
    "F0395": 16.517526626586914,
    "F0410": 15.891786575317383,
    "F0430": 15.775126457214355,
    "F0475_gSDSS": 15.336159706115723,
    "F0515": 15.163910865783691,
    "F0626_rSDSS": 14.714488983154297,
    "F0660": 14.647719383239746,
    "F0769_iSDSS": 14.524964332580566,
    "F0861": 14.479449272155762,
    "F0883_zSDSS": 14.445870399475098
}