{
    "id": "gaia_xp_spectrum_6137652508166560896-Ref",
    "F0352_uJAVA": 16.32161521911621,
    "F0378": 16.14796257019043,
    "F0395": 16.11286163330078,
    "F0410": 15.525771141052246,
    "F0430": 15.480147361755371,
    "F0475_gSDSS": 15.08767032623291,
    "F0515": 14.899151802062988,
    "F0626_rSDSS": 14.537013053894043,
    "F0660": 14.470651626586914,
    "F0769_iSDSS": 14.35561466217041,
    "F0861": 14.304342269897461,
    "F0883_zSDSS": 14.280095100402832
}