{
    "id": "gaia_xp_spectrum_6137669451814287488-Ref",
    "F0352_uJAVA": 15.970786094665527,
    "F0378": 15.675965309143066,
    "F0395": 15.521050453186035,
    "F0410": 15.15758991241455,
    "F0430": 15.102459907531738,
    "F0475_gSDSS": 14.84106159210205,
    "F0515": 14.689995765686035,
    "F0626_rSDSS": 14.439555168151855,
    "F0660": 14.423420906066895,
    "F0769_iSDSS": 14.32163143157959,
    "F0861": 14.301105499267578,
    "F0883_zSDSS": 14.281307220458984
}