{
    "id": "gaia_xp_spectrum_6137588328471801600-Ref",
    "F0352_uJAVA": 16.273481369018555,
    "F0378": 16.220516204833984,
    "F0395": 16.122543334960938,
    "F0410": 15.478779792785645,
    "F0430": 15.420477867126465,
    "F0475_gSDSS": 14.914409637451172,
    "F0515": 14.72240924835205,
    "F0626_rSDSS": 14.262283325195312,
    "F0660": 14.182181358337402,
    "F0769_iSDSS": 14.041657447814941,
    "F0861": 13.970649719238281,
    "F0883_zSDSS": 13.936003684997559
}