{
    "id": "gaia_xp_spectrum_6137646018472646784-Ref",
    "F0352_uJAVA": 17.220632553100586,
    "F0378": 16.884164810180664,
    "F0395": 16.639314651489258,
    "F0410": 16.26114845275879,
    "F0430": 16.274126052856445,
    "F0475_gSDSS": 16.05179786682129,
    "F0515": 15.954021453857422,
    "F0626_rSDSS": 15.753983497619629,
    "F0660": 15.740537643432617,
    "F0769_iSDSS": 15.687823295593262,
    "F0861": 15.684157371520996,
    "F0883_zSDSS": 15.671978950500488
}