{
    "id": "gaia_xp_spectrum_6137634130003086848-Ref",
    "F0352_uJAVA": 16.79181671142578,
    "F0378": 16.795934677124023,
    "F0395": 16.65689468383789,
    "F0410": 15.802249908447266,
    "F0430": 15.658082008361816,
    "F0475_gSDSS": 15.013070106506348,
    "F0515": 14.776625633239746,
    "F0626_rSDSS": 14.165879249572754,
    "F0660": 14.05931568145752,
    "F0769_iSDSS": 13.845967292785645,
    "F0861": 13.71863079071045,
    "F0883_zSDSS": 13.674700736999512
}