{
    "id": "gaia_xp_spectrum_6137615163427569152-Ref",
    "F0352_uJAVA": 16.811378479003906,
    "F0378": 16.51559066772461,
    "F0395": 16.390859603881836,
    "F0410": 15.976441383361816,
    "F0430": 15.95571517944336,
    "F0475_gSDSS": 15.659820556640625,
    "F0515": 15.5039701461792,
    "F0626_rSDSS": 15.181586265563965,
    "F0660": 15.13956069946289,
    "F0769_iSDSS": 15.030184745788574,
    "F0861": 14.98766803741455,
    "F0883_zSDSS": 14.954066276550293
}