{
    "id": "gaia_xp_spectrum_6137646224631087360-Ref",
    "F0352_uJAVA": 16.664770126342773,
    "F0378": 16.442108154296875,
    "F0395": 16.529155731201172,
    "F0410": 15.930499076843262,
    "F0430": 15.866310119628906,
    "F0475_gSDSS": 15.493673324584961,
    "F0515": 15.327618598937988,
    "F0626_rSDSS": 14.965753555297852,
    "F0660": 14.91115951538086,
    "F0769_iSDSS": 14.785242080688477,
    "F0861": 14.738923072814941,
    "F0883_zSDSS": 14.711451530456543
}