{
    "id": "gaia_xp_spectrum_6137645498779864320-Ref",
    "F0352_uJAVA": 16.8245792388916,
    "F0378": 16.51214599609375,
    "F0395": 16.611215591430664,
    "F0410": 15.962165832519531,
    "F0430": 15.926719665527344,
    "F0475_gSDSS": 15.502252578735352,
    "F0515": 15.307587623596191,
    "F0626_rSDSS": 14.92190170288086,
    "F0660": 14.868871688842773,
    "F0769_iSDSS": 14.721331596374512,
    "F0861": 14.669488906860352,
    "F0883_zSDSS": 14.63890552520752
}