{
    "id": "gaia_xp_spectrum_6137589702861357696-Ref",
    "F0352_uJAVA": 16.403209686279297,
    "F0378": 16.18602180480957,
    "F0395": 16.139652252197266,
    "F0410": 15.623211860656738,
    "F0430": 15.556517601013184,
    "F0475_gSDSS": 15.231752395629883,
    "F0515": 15.067656517028809,
    "F0626_rSDSS": 14.735554695129395,
    "F0660": 14.674826622009277,
    "F0769_iSDSS": 14.576556205749512,
    "F0861": 14.536172866821289,
    "F0883_zSDSS": 14.510455131530762
}