{
    "id": "gaia_xp_spectrum_6137647255423255680-Ref",
    "F0352_uJAVA": 16.75677490234375,
    "F0378": 16.6110782623291,
    "F0395": 16.48885726928711,
    "F0410": 15.982694625854492,
    "F0430": 15.944786071777344,
    "F0475_gSDSS": 15.607115745544434,
    "F0515": 15.431859970092773,
    "F0626_rSDSS": 15.130181312561035,
    "F0660": 15.085399627685547,
    "F0769_iSDSS": 14.973274230957031,
    "F0861": 14.941255569458008,
    "F0883_zSDSS": 14.917367935180664
}