{
    "id": "gaia_xp_spectrum_6137646018472647040-Ref",
    "F0352_uJAVA": 16.023195266723633,
    "F0378": 15.96123218536377,
    "F0395": 15.816502571105957,
    "F0410": 15.146171569824219,
    "F0430": 15.1127347946167,
    "F0475_gSDSS": 14.651135444641113,
    "F0515": 14.459863662719727,
    "F0626_rSDSS": 14.042248725891113,
    "F0660": 13.98570728302002,
    "F0769_iSDSS": 13.853833198547363,
    "F0861": 13.799814224243164,
    "F0883_zSDSS": 13.768543243408203
}