{
    "id": "gaia_xp_spectrum_6137643269693558272-Ref",
    "F0352_uJAVA": 16.332956314086914,
    "F0378": 16.177200317382812,
    "F0395": 16.170703887939453,
    "F0410": 15.498002052307129,
    "F0430": 15.43528938293457,
    "F0475_gSDSS": 14.985064506530762,
    "F0515": 14.796917915344238,
    "F0626_rSDSS": 14.382969856262207,
    "F0660": 14.329564094543457,
    "F0769_iSDSS": 14.193477630615234,
    "F0861": 14.136819839477539,
    "F0883_zSDSS": 14.1057767868042
}