{
    "id": "gaia_xp_spectrum_6137645331277919744-Ref",
    "F0352_uJAVA": 16.86162567138672,
    "F0378": 16.623916625976562,
    "F0395": 16.411991119384766,
    "F0410": 16.14194679260254,
    "F0430": 16.097288131713867,
    "F0475_gSDSS": 15.782002449035645,
    "F0515": 15.627511024475098,
    "F0626_rSDSS": 15.334171295166016,
    "F0660": 15.28757095336914,
    "F0769_iSDSS": 15.173151969909668,
    "F0861": 15.113524436950684,
    "F0883_zSDSS": 15.10153865814209
}