{
    "id": "gaia_xp_spectrum_6137641448627401088-Ref",
    "F0352_uJAVA": 16.23504638671875,
    "F0378": 16.10303497314453,
    "F0395": 16.065744400024414,
    "F0410": 15.447319984436035,
    "F0430": 15.366353034973145,
    "F0475_gSDSS": 14.979239463806152,
    "F0515": 14.805525779724121,
    "F0626_rSDSS": 14.426827430725098,
    "F0660": 14.369181632995605,
    "F0769_iSDSS": 14.258772850036621,
    "F0861": 14.223176956176758,
    "F0883_zSDSS": 14.19031047821045
}