{
    "id": "gaia_xp_spectrum_6137596952766257152-Ref",
    "F0352_uJAVA": 16.638635635375977,
    "F0378": 16.59978485107422,
    "F0395": 16.44561195373535,
    "F0410": 15.785618782043457,
    "F0430": 15.74508285522461,
    "F0475_gSDSS": 15.251709938049316,
    "F0515": 15.05624771118164,
    "F0626_rSDSS": 14.610580444335938,
    "F0660": 14.527569770812988,
    "F0769_iSDSS": 14.398303985595703,
    "F0861": 14.328507423400879,
    "F0883_zSDSS": 14.29855728149414
}