{
    "id": "gaia_xp_spectrum_6137596025053286144-Ref",
    "F0352_uJAVA": 16.93990135192871,
    "F0378": 16.71683692932129,
    "F0395": 16.614717483520508,
    "F0410": 16.128768920898438,
    "F0430": 16.04507827758789,
    "F0475_gSDSS": 15.703450202941895,
    "F0515": 15.516674041748047,
    "F0626_rSDSS": 15.207459449768066,
    "F0660": 15.165294647216797,
    "F0769_iSDSS": 15.0635347366333,
    "F0861": 15.014791488647461,
    "F0883_zSDSS": 15.00203800201416
}