{
    "id": "gaia_xp_spectrum_6137588328471803264-Ref",
    "F0352_uJAVA": 16.608057022094727,
    "F0378": 16.531597137451172,
    "F0395": 16.451608657836914,
    "F0410": 15.770374298095703,
    "F0430": 15.707683563232422,
    "F0475_gSDSS": 15.290914535522461,
    "F0515": 15.110307693481445,
    "F0626_rSDSS": 14.746480941772461,
    "F0660": 14.681299209594727,
    "F0769_iSDSS": 14.59158992767334,
    "F0861": 14.558023452758789,
    "F0883_zSDSS": 14.534882545471191
}