{
    "id": "gaia_xp_spectrum_6137593138835224064-Ref",
    "F0352_uJAVA": 16.237056732177734,
    "F0378": 15.971803665161133,
    "F0395": 15.868563652038574,
    "F0410": 15.378912925720215,
    "F0430": 15.333152770996094,
    "F0475_gSDSS": 15.009376525878906,
    "F0515": 14.841681480407715,
    "F0626_rSDSS": 14.550893783569336,
    "F0660": 14.51021671295166,
    "F0769_iSDSS": 14.41542911529541,
    "F0861": 14.385403633117676,
    "F0883_zSDSS": 14.370637893676758
}