{
    "id": "gaia_xp_spectrum_6137672028794657536-Ref",
    "F0352_uJAVA": 16.529434204101562,
    "F0378": 16.481441497802734,
    "F0395": 16.32122230529785,
    "F0410": 15.632930755615234,
    "F0430": 15.535542488098145,
    "F0475_gSDSS": 15.049530029296875,
    "F0515": 14.862607955932617,
    "F0626_rSDSS": 14.417442321777344,
    "F0660": 14.346942901611328,
    "F0769_iSDSS": 14.238061904907227,
    "F0861": 14.191933631896973,
    "F0883_zSDSS": 14.157752990722656
}