{
    "id": "gaia_xp_spectrum_6137651649173063936-Ref",
    "F0352_uJAVA": 16.695436477661133,
    "F0378": 16.60865020751953,
    "F0395": 16.512039184570312,
    "F0410": 15.826873779296875,
    "F0430": 15.72044563293457,
    "F0475_gSDSS": 15.285961151123047,
    "F0515": 15.104769706726074,
    "F0626_rSDSS": 14.671939849853516,
    "F0660": 14.614860534667969,
    "F0769_iSDSS": 14.485848426818848,
    "F0861": 14.437237739562988,
    "F0883_zSDSS": 14.408805847167969
}