{
    "id": "gaia_xp_spectrum_6137650244720417408-Ref",
    "F0352_uJAVA": 15.720666885375977,
    "F0378": 15.323742866516113,
    "F0395": 14.706279754638672,
    "F0410": 14.451464653015137,
    "F0430": 14.395668029785156,
    "F0475_gSDSS": 14.283527374267578,
    "F0515": 14.201616287231445,
    "F0626_rSDSS": 14.149307250976562,
    "F0660": 14.220524787902832,
    "F0769_iSDSS": 14.146507263183594,
    "F0861": 14.17082691192627,
    "F0883_zSDSS": 14.138331413269043
}