{
    "id": "gaia_xp_spectrum_6137641964023496064-Ref",
    "F0352_uJAVA": 16.54212188720703,
    "F0378": 16.340225219726562,
    "F0395": 16.30741310119629,
    "F0410": 15.748490333557129,
    "F0430": 15.687925338745117,
    "F0475_gSDSS": 15.278992652893066,
    "F0515": 15.089156150817871,
    "F0626_rSDSS": 14.704410552978516,
    "F0660": 14.646034240722656,
    "F0769_iSDSS": 14.50961971282959,
    "F0861": 14.445356369018555,
    "F0883_zSDSS": 14.423505783081055
}