{
    "id": "gaia_xp_spectrum_6137585751491430400-Ref",
    "F0352_uJAVA": 16.007930755615234,
    "F0378": 15.812418937683105,
    "F0395": 15.711296081542969,
    "F0410": 15.194986343383789,
    "F0430": 15.12453842163086,
    "F0475_gSDSS": 14.776534080505371,
    "F0515": 14.595879554748535,
    "F0626_rSDSS": 14.27397346496582,
    "F0660": 14.231832504272461,
    "F0769_iSDSS": 14.114058494567871,
    "F0861": 14.077141761779785,
    "F0883_zSDSS": 14.053171157836914
}