{
    "id": "gaia_xp_spectrum_6137620489187050624-Ref",
    "F0352_uJAVA": 16.708911895751953,
    "F0378": 16.672983169555664,
    "F0395": 16.5780029296875,
    "F0410": 15.73011589050293,
    "F0430": 15.555830001831055,
    "F0475_gSDSS": 14.914685249328613,
    "F0515": 14.661556243896484,
    "F0626_rSDSS": 14.07125186920166,
    "F0660": 13.96950626373291,
    "F0769_iSDSS": 13.76589584350586,
    "F0861": 13.642927169799805,
    "F0883_zSDSS": 13.600586891174316
}