{
    "id": "gaia_xp_spectrum_6137616297298941568-Ref",
    "F0352_uJAVA": 16.687259674072266,
    "F0378": 16.50128746032715,
    "F0395": 16.50115966796875,
    "F0410": 15.723970413208008,
    "F0430": 15.610512733459473,
    "F0475_gSDSS": 15.055902481079102,
    "F0515": 14.833711624145508,
    "F0626_rSDSS": 14.28601360321045,
    "F0660": 14.197599411010742,
    "F0769_iSDSS": 13.999436378479004,
    "F0861": 13.89700698852539,
    "F0883_zSDSS": 13.850919723510742
}