{
    "id": "gaia_xp_spectrum_6137591455208687360-Ref",
    "F0352_uJAVA": 16.832365036010742,
    "F0378": 16.6710147857666,
    "F0395": 16.54899787902832,
    "F0410": 15.949360847473145,
    "F0430": 15.856536865234375,
    "F0475_gSDSS": 15.481378555297852,
    "F0515": 15.301285743713379,
    "F0626_rSDSS": 14.936169624328613,
    "F0660": 14.894109725952148,
    "F0769_iSDSS": 14.772229194641113,
    "F0861": 14.738679885864258,
    "F0883_zSDSS": 14.70698070526123
}