{
    "id": "gaia_xp_spectrum_6137651962707373440-Ref",
    "F0352_uJAVA": 16.062538146972656,
    "F0378": 15.9069242477417,
    "F0395": 15.808971405029297,
    "F0410": 15.2377290725708,
    "F0430": 15.15677261352539,
    "F0475_gSDSS": 14.820745468139648,
    "F0515": 14.65833854675293,
    "F0626_rSDSS": 14.322623252868652,
    "F0660": 14.293124198913574,
    "F0769_iSDSS": 14.170430183410645,
    "F0861": 14.145471572875977,
    "F0883_zSDSS": 14.117626190185547
}