{
    "id": "gaia_xp_spectrum_6137616262939215744-Ref",
    "F0352_uJAVA": 16.250524520874023,
    "F0378": 15.936964988708496,
    "F0395": 15.861825942993164,
    "F0410": 15.459956169128418,
    "F0430": 15.377573013305664,
    "F0475_gSDSS": 15.081007957458496,
    "F0515": 14.923209190368652,
    "F0626_rSDSS": 14.618781089782715,
    "F0660": 14.587246894836426,
    "F0769_iSDSS": 14.477071762084961,
    "F0861": 14.439173698425293,
    "F0883_zSDSS": 14.417372703552246
}