{
    "id": "gaia_xp_spectrum_6137645296918175488-Ref",
    "F0352_uJAVA": 16.743844985961914,
    "F0378": 16.488737106323242,
    "F0395": 16.361303329467773,
    "F0410": 16.016263961791992,
    "F0430": 15.95814323425293,
    "F0475_gSDSS": 15.681211471557617,
    "F0515": 15.513493537902832,
    "F0626_rSDSS": 15.215924263000488,
    "F0660": 15.169475555419922,
    "F0769_iSDSS": 15.042885780334473,
    "F0861": 14.99716854095459,
    "F0883_zSDSS": 14.971860885620117
}