{
    "id": "gaia_xp_spectrum_6137635985428984576-Ref",
    "F0352_uJAVA": 17.096759796142578,
    "F0378": 16.88239860534668,
    "F0395": 16.897733688354492,
    "F0410": 16.168853759765625,
    "F0430": 16.075958251953125,
    "F0475_gSDSS": 15.49531078338623,
    "F0515": 15.232916831970215,
    "F0626_rSDSS": 14.713013648986816,
    "F0660": 14.610255241394043,
    "F0769_iSDSS": 14.412202835083008,
    "F0861": 14.304115295410156,
    "F0883_zSDSS": 14.259099960327148
}