{
    "id": "gaia_xp_spectrum_6137661239836809088-Ref",
    "F0352_uJAVA": 15.951459884643555,
    "F0378": 15.97842025756836,
    "F0395": 15.791687965393066,
    "F0410": 15.13477897644043,
    "F0430": 15.038064956665039,
    "F0475_gSDSS": 14.562122344970703,
    "F0515": 14.387016296386719,
    "F0626_rSDSS": 13.959524154663086,
    "F0660": 13.897493362426758,
    "F0769_iSDSS": 13.784712791442871,
    "F0861": 13.747957229614258,
    "F0883_zSDSS": 13.7171630859375
}