{
    "id": "gaia_xp_spectrum_6137589943379543296-Ref",
    "F0352_uJAVA": 16.19622802734375,
    "F0378": 16.178482055664062,
    "F0395": 16.0084228515625,
    "F0410": 15.3627347946167,
    "F0430": 15.308308601379395,
    "F0475_gSDSS": 14.857417106628418,
    "F0515": 14.680116653442383,
    "F0626_rSDSS": 14.272436141967773,
    "F0660": 14.211846351623535,
    "F0769_iSDSS": 14.0938138961792,
    "F0861": 14.043251991271973,
    "F0883_zSDSS": 14.020423889160156
}