{
    "id": "gaia_xp_spectrum_6137644403564945280-Ref",
    "F0352_uJAVA": 16.291229248046875,
    "F0378": 16.0577335357666,
    "F0395": 16.11583709716797,
    "F0410": 15.53994369506836,
    "F0430": 15.493837356567383,
    "F0475_gSDSS": 15.137582778930664,
    "F0515": 14.976231575012207,
    "F0626_rSDSS": 14.588878631591797,
    "F0660": 14.531888961791992,
    "F0769_iSDSS": 14.3948335647583,
    "F0861": 14.332367897033691,
    "F0883_zSDSS": 14.306005477905273
}