{
    "id": "gaia_xp_spectrum_6137650347799639168-Ref",
    "F0352_uJAVA": 16.530311584472656,
    "F0378": 16.43720817565918,
    "F0395": 16.327640533447266,
    "F0410": 15.670482635498047,
    "F0430": 15.55170726776123,
    "F0475_gSDSS": 15.13827896118164,
    "F0515": 14.943936347961426,
    "F0626_rSDSS": 14.550959587097168,
    "F0660": 14.499975204467773,
    "F0769_iSDSS": 14.371734619140625,
    "F0861": 14.330974578857422,
    "F0883_zSDSS": 14.298497200012207
}