{
    "id": "gaia_xp_spectrum_6137653470239252096-Ref",
    "F0352_uJAVA": 16.2048397064209,
    "F0378": 15.9461088180542,
    "F0395": 15.780800819396973,
    "F0410": 15.36745834350586,
    "F0430": 15.289549827575684,
    "F0475_gSDSS": 15.009559631347656,
    "F0515": 14.862027168273926,
    "F0626_rSDSS": 14.573037147521973,
    "F0660": 14.549802780151367,
    "F0769_iSDSS": 14.445730209350586,
    "F0861": 14.421390533447266,
    "F0883_zSDSS": 14.39941692352295
}