{
    "id": "gaia_xp_spectrum_6137578810824312832-Ref",
    "F0352_uJAVA": 16.85993766784668,
    "F0378": 16.785911560058594,
    "F0395": 16.6601619720459,
    "F0410": 15.942790031433105,
    "F0430": 15.86487102508545,
    "F0475_gSDSS": 15.389198303222656,
    "F0515": 15.200508117675781,
    "F0626_rSDSS": 14.78187370300293,
    "F0660": 14.721665382385254,
    "F0769_iSDSS": 14.609262466430664,
    "F0861": 14.566110610961914,
    "F0883_zSDSS": 14.53730297088623
}