{
    "id": "gaia_xp_spectrum_6137646499509005952-Ref",
    "F0352_uJAVA": 16.666109085083008,
    "F0378": 16.570310592651367,
    "F0395": 16.485130310058594,
    "F0410": 15.841697692871094,
    "F0430": 15.820696830749512,
    "F0475_gSDSS": 15.373428344726562,
    "F0515": 15.189127922058105,
    "F0626_rSDSS": 14.781209945678711,
    "F0660": 14.730216026306152,
    "F0769_iSDSS": 14.589268684387207,
    "F0861": 14.534313201904297,
    "F0883_zSDSS": 14.504579544067383
}