{
    "id": "gaia_xp_spectrum_6137578879543793152-Ref",
    "F0352_uJAVA": 16.586048126220703,
    "F0378": 16.462520599365234,
    "F0395": 16.38446807861328,
    "F0410": 15.726134300231934,
    "F0430": 15.670710563659668,
    "F0475_gSDSS": 15.232036590576172,
    "F0515": 15.058598518371582,
    "F0626_rSDSS": 14.658117294311523,
    "F0660": 14.60196590423584,
    "F0769_iSDSS": 14.477368354797363,
    "F0861": 14.430635452270508,
    "F0883_zSDSS": 14.40369701385498
}