{
    "id": "gaia_xp_spectrum_6137586369966717952-Ref",
    "F0352_uJAVA": 16.020259857177734,
    "F0378": 15.801397323608398,
    "F0395": 15.671981811523438,
    "F0410": 15.243756294250488,
    "F0430": 15.190199851989746,
    "F0475_gSDSS": 14.880931854248047,
    "F0515": 14.712989807128906,
    "F0626_rSDSS": 14.413435935974121,
    "F0660": 14.383565902709961,
    "F0769_iSDSS": 14.25627613067627,
    "F0861": 14.21652889251709,
    "F0883_zSDSS": 14.193647384643555
}