{
    "id": "gaia_xp_spectrum_6137621142022112384-Ref",
    "F0352_uJAVA": 16.47266960144043,
    "F0378": 16.329015731811523,
    "F0395": 16.279579162597656,
    "F0410": 15.60379409790039,
    "F0430": 15.5292387008667,
    "F0475_gSDSS": 15.0961275100708,
    "F0515": 14.904035568237305,
    "F0626_rSDSS": 14.493145942687988,
    "F0660": 14.434009552001953,
    "F0769_iSDSS": 14.296235084533691,
    "F0861": 14.247096061706543,
    "F0883_zSDSS": 14.21298885345459
}