{
    "id": "gaia_xp_spectrum_6137648835971231872-Ref",
    "F0352_uJAVA": 16.144611358642578,
    "F0378": 15.888551712036133,
    "F0395": 15.737691879272461,
    "F0410": 15.338173866271973,
    "F0430": 15.24914836883545,
    "F0475_gSDSS": 14.980016708374023,
    "F0515": 14.82348918914795,
    "F0626_rSDSS": 14.553435325622559,
    "F0660": 14.520852088928223,
    "F0769_iSDSS": 14.427156448364258,
    "F0861": 14.39844036102295,
    "F0883_zSDSS": 14.384522438049316
}