{
    "id": "gaia_xp_spectrum_6137647324142926080-Ref",
    "F0352_uJAVA": 15.794103622436523,
    "F0378": 15.605775833129883,
    "F0395": 15.540267944335938,
    "F0410": 15.039478302001953,
    "F0430": 14.950902938842773,
    "F0475_gSDSS": 14.639640808105469,
    "F0515": 14.462538719177246,
    "F0626_rSDSS": 14.161545753479004,
    "F0660": 14.120792388916016,
    "F0769_iSDSS": 14.018115043640137,
    "F0861": 13.988292694091797,
    "F0883_zSDSS": 13.96613883972168
}