{
    "id": "gaia_xp_spectrum_6137648595453075328-Ref",
    "F0352_uJAVA": 15.99775218963623,
    "F0378": 15.837813377380371,
    "F0395": 15.728719711303711,
    "F0410": 15.19636058807373,
    "F0430": 15.132451057434082,
    "F0475_gSDSS": 14.765326499938965,
    "F0515": 14.583148002624512,
    "F0626_rSDSS": 14.26152229309082,
    "F0660": 14.21730899810791,
    "F0769_iSDSS": 14.108948707580566,
    "F0861": 14.078068733215332,
    "F0883_zSDSS": 14.051553726196289
}