{
    "id": "gaia_xp_spectrum_6137635126435512832-Ref",
    "F0352_uJAVA": 16.65789794921875,
    "F0378": 16.424884796142578,
    "F0395": 16.341697692871094,
    "F0410": 15.827951431274414,
    "F0430": 15.798135757446289,
    "F0475_gSDSS": 15.388141632080078,
    "F0515": 15.181191444396973,
    "F0626_rSDSS": 14.815084457397461,
    "F0660": 14.769509315490723,
    "F0769_iSDSS": 14.622329711914062,
    "F0861": 14.56269359588623,
    "F0883_zSDSS": 14.531595230102539
}