{
    "id": "gaia_xp_spectrum_6137647049264815360-Ref",
    "F0352_uJAVA": 16.03750991821289,
    "F0378": 15.88537883758545,
    "F0395": 15.878671646118164,
    "F0410": 15.188997268676758,
    "F0430": 15.130392074584961,
    "F0475_gSDSS": 14.665398597717285,
    "F0515": 14.45824146270752,
    "F0626_rSDSS": 14.042556762695312,
    "F0660": 13.978233337402344,
    "F0769_iSDSS": 13.835270881652832,
    "F0861": 13.771527290344238,
    "F0883_zSDSS": 13.741800308227539
}