{
    "id": "gaia_xp_spectrum_6137648080056983936-Ref",
    "F0352_uJAVA": 16.814180374145508,
    "F0378": 16.671781539916992,
    "F0395": 16.56719398498535,
    "F0410": 15.9464693069458,
    "F0430": 15.86762523651123,
    "F0475_gSDSS": 15.469640731811523,
    "F0515": 15.312294960021973,
    "F0626_rSDSS": 14.921098709106445,
    "F0660": 14.859975814819336,
    "F0769_iSDSS": 14.761307716369629,
    "F0861": 14.738871574401855,
    "F0883_zSDSS": 14.703219413757324
}