{
    "id": "gaia_xp_spectrum_6137641208109230976-Ref",
    "F0352_uJAVA": 16.66217613220215,
    "F0378": 16.615131378173828,
    "F0395": 16.580535888671875,
    "F0410": 15.781133651733398,
    "F0430": 15.712082862854004,
    "F0475_gSDSS": 15.208548545837402,
    "F0515": 15.0228853225708,
    "F0626_rSDSS": 14.550771713256836,
    "F0660": 14.47732925415039,
    "F0769_iSDSS": 14.349187850952148,
    "F0861": 14.285058975219727,
    "F0883_zSDSS": 14.260440826416016
}