{
    "id": "gaia_xp_spectrum_6137634404881004416-Ref",
    "F0352_uJAVA": 17.255735397338867,
    "F0378": 16.983205795288086,
    "F0395": 16.88823890686035,
    "F0410": 16.340225219726562,
    "F0430": 16.25120735168457,
    "F0475_gSDSS": 15.850107192993164,
    "F0515": 15.641014099121094,
    "F0626_rSDSS": 15.210479736328125,
    "F0660": 15.136748313903809,
    "F0769_iSDSS": 14.950642585754395,
    "F0861": 14.865326881408691,
    "F0883_zSDSS": 14.825308799743652
}