{
    "id": "gaia_xp_spectrum_6137653302737180288-Ref",
    "F0352_uJAVA": 17.065610885620117,
    "F0378": 16.883281707763672,
    "F0395": 16.784563064575195,
    "F0410": 16.326988220214844,
    "F0430": 16.295867919921875,
    "F0475_gSDSS": 15.921477317810059,
    "F0515": 15.727164268493652,
    "F0626_rSDSS": 15.369399070739746,
    "F0660": 15.314005851745605,
    "F0769_iSDSS": 15.175397872924805,
    "F0861": 15.121119499206543,
    "F0883_zSDSS": 15.092000007629395
}