{
    "id": "gaia_xp_spectrum_6137621210741594880-Ref",
    "F0352_uJAVA": 16.845144271850586,
    "F0378": 16.78199005126953,
    "F0395": 16.63838768005371,
    "F0410": 16.009857177734375,
    "F0430": 15.926600456237793,
    "F0475_gSDSS": 15.49071979522705,
    "F0515": 15.300848960876465,
    "F0626_rSDSS": 14.884613990783691,
    "F0660": 14.81545352935791,
    "F0769_iSDSS": 14.691862106323242,
    "F0861": 14.637038230895996,
    "F0883_zSDSS": 14.605079650878906
}