{
    "id": "gaia_xp_spectrum_6137669108216887680-Ref",
    "F0352_uJAVA": 16.67057228088379,
    "F0378": 16.554601669311523,
    "F0395": 16.459074020385742,
    "F0410": 15.898054122924805,
    "F0430": 15.81760311126709,
    "F0475_gSDSS": 15.484222412109375,
    "F0515": 15.30702018737793,
    "F0626_rSDSS": 14.9824857711792,
    "F0660": 14.934958457946777,
    "F0769_iSDSS": 14.829934120178223,
    "F0861": 14.794140815734863,
    "F0883_zSDSS": 14.771585464477539
}