{
    "id": "gaia_xp_spectrum_6137636260306902272-Ref",
    "F0352_uJAVA": 16.596363067626953,
    "F0378": 16.72098731994629,
    "F0395": 16.528322219848633,
    "F0410": 15.667106628417969,
    "F0430": 15.575044631958008,
    "F0475_gSDSS": 15.034587860107422,
    "F0515": 14.848731994628906,
    "F0626_rSDSS": 14.34294319152832,
    "F0660": 14.26176929473877,
    "F0769_iSDSS": 14.13790225982666,
    "F0861": 14.077349662780762,
    "F0883_zSDSS": 14.050894737243652
}