{
    "id": "gaia_xp_spectrum_6137589080088649216-Ref",
    "F0352_uJAVA": 15.766573905944824,
    "F0378": 15.572287559509277,
    "F0395": 15.540244102478027,
    "F0410": 14.989602088928223,
    "F0430": 14.933737754821777,
    "F0475_gSDSS": 14.591352462768555,
    "F0515": 14.41493034362793,
    "F0626_rSDSS": 14.117382049560547,
    "F0660": 14.076480865478516,
    "F0769_iSDSS": 13.9783296585083,
    "F0861": 13.946992874145508,
    "F0883_zSDSS": 13.926748275756836
}