{
    "id": "gaia_xp_spectrum_6137586232528075136-Ref",
    "F0352_uJAVA": 16.415979385375977,
    "F0378": 16.203083038330078,
    "F0395": 16.124940872192383,
    "F0410": 15.590078353881836,
    "F0430": 15.503734588623047,
    "F0475_gSDSS": 15.183833122253418,
    "F0515": 15.021864891052246,
    "F0626_rSDSS": 14.709830284118652,
    "F0660": 14.669034004211426,
    "F0769_iSDSS": 14.575384140014648,
    "F0861": 14.565386772155762,
    "F0883_zSDSS": 14.532069206237793
}