{
    "id": "gaia_xp_spectrum_6137651339935377024-Ref",
    "F0352_uJAVA": 16.792116165161133,
    "F0378": 16.626108169555664,
    "F0395": 16.47264289855957,
    "F0410": 15.973152160644531,
    "F0430": 15.911760330200195,
    "F0475_gSDSS": 15.519346237182617,
    "F0515": 15.338309288024902,
    "F0626_rSDSS": 14.963313102722168,
    "F0660": 14.914633750915527,
    "F0769_iSDSS": 14.768349647521973,
    "F0861": 14.716363906860352,
    "F0883_zSDSS": 14.685982704162598
}