{
    "id": "gaia_xp_spectrum_6137620248668877568-Ref",
    "F0352_uJAVA": 15.6600980758667,
    "F0378": 15.35202407836914,
    "F0395": 15.245481491088867,
    "F0410": 14.852803230285645,
    "F0430": 14.746952056884766,
    "F0475_gSDSS": 14.488390922546387,
    "F0515": 14.335907936096191,
    "F0626_rSDSS": 14.045475006103516,
    "F0660": 14.021023750305176,
    "F0769_iSDSS": 13.902519226074219,
    "F0861": 13.86811637878418,
    "F0883_zSDSS": 13.845885276794434
}