{
    "id": "gaia_xp_spectrum_6137668386662380160-Ref",
    "F0352_uJAVA": 17.036067962646484,
    "F0378": 16.9234561920166,
    "F0395": 16.713943481445312,
    "F0410": 16.134504318237305,
    "F0430": 16.01976203918457,
    "F0475_gSDSS": 15.587891578674316,
    "F0515": 15.407955169677734,
    "F0626_rSDSS": 14.967698097229004,
    "F0660": 14.895812034606934,
    "F0769_iSDSS": 14.769205093383789,
    "F0861": 14.71506404876709,
    "F0883_zSDSS": 14.682609558105469
}