{
    "id": "gaia_xp_spectrum_6137596780967552128-Ref",
    "F0352_uJAVA": 16.7806339263916,
    "F0378": 16.15150260925293,
    "F0395": 15.49765682220459,
    "F0410": 15.349781036376953,
    "F0430": 15.32236099243164,
    "F0475_gSDSS": 15.273153305053711,
    "F0515": 15.231379508972168,
    "F0626_rSDSS": 15.267083168029785,
    "F0660": 15.354604721069336,
    "F0769_iSDSS": 15.341058731079102,
    "F0861": 15.382613182067871,
    "F0883_zSDSS": 15.352540969848633
}