{
    "id": "gaia_xp_spectrum_6137645640515510016-Ref",
    "F0352_uJAVA": 16.502546310424805,
    "F0378": 16.248046875,
    "F0395": 16.192550659179688,
    "F0410": 15.638148307800293,
    "F0430": 15.60399341583252,
    "F0475_gSDSS": 15.253778457641602,
    "F0515": 15.071557998657227,
    "F0626_rSDSS": 14.761595726013184,
    "F0660": 14.717050552368164,
    "F0769_iSDSS": 14.61767292022705,
    "F0861": 14.588211059570312,
    "F0883_zSDSS": 14.562463760375977
}