{
    "id": "gaia_xp_spectrum_6137634370521258880-Ref",
    "F0352_uJAVA": 17.287328720092773,
    "F0378": 16.77776527404785,
    "F0395": 16.447311401367188,
    "F0410": 16.154178619384766,
    "F0430": 16.073074340820312,
    "F0475_gSDSS": 15.915881156921387,
    "F0515": 15.81517505645752,
    "F0626_rSDSS": 15.687969207763672,
    "F0660": 15.728113174438477,
    "F0769_iSDSS": 15.673399925231934,
    "F0861": 15.701058387756348,
    "F0883_zSDSS": 15.68545913696289
}