{
    "id": "gaia_xp_spectrum_6137615129067823872-Ref",
    "F0352_uJAVA": 16.42057991027832,
    "F0378": 16.35470962524414,
    "F0395": 16.116710662841797,
    "F0410": 15.455892562866211,
    "F0430": 15.326909065246582,
    "F0475_gSDSS": 14.895184516906738,
    "F0515": 14.704122543334961,
    "F0626_rSDSS": 14.28210163116455,
    "F0660": 14.2278470993042,
    "F0769_iSDSS": 14.099644660949707,
    "F0861": 14.05455207824707,
    "F0883_zSDSS": 14.01944637298584
}