{
    "id": "gaia_xp_spectrum_6137634439240718848-Ref",
    "F0352_uJAVA": 16.510740280151367,
    "F0378": 16.349281311035156,
    "F0395": 16.211122512817383,
    "F0410": 15.627437591552734,
    "F0430": 15.567097663879395,
    "F0475_gSDSS": 15.148179054260254,
    "F0515": 14.976888656616211,
    "F0626_rSDSS": 14.57980728149414,
    "F0660": 14.525655746459961,
    "F0769_iSDSS": 14.399359703063965,
    "F0861": 14.34896183013916,
    "F0883_zSDSS": 14.320058822631836
}