{
    "id": "gaia_xp_spectrum_6137653474535870080-Ref",
    "F0352_uJAVA": 16.84147071838379,
    "F0378": 16.69474220275879,
    "F0395": 16.538944244384766,
    "F0410": 16.060991287231445,
    "F0430": 16.00921058654785,
    "F0475_gSDSS": 15.698736190795898,
    "F0515": 15.538503646850586,
    "F0626_rSDSS": 15.231822967529297,
    "F0660": 15.189541816711426,
    "F0769_iSDSS": 15.078173637390137,
    "F0861": 15.032008171081543,
    "F0883_zSDSS": 15.02157974243164
}