{
    "id": "gaia_xp_spectrum_6137652306304744704-Ref",
    "F0352_uJAVA": 16.77682113647461,
    "F0378": 16.526744842529297,
    "F0395": 16.449138641357422,
    "F0410": 15.954206466674805,
    "F0430": 15.868328094482422,
    "F0475_gSDSS": 15.535096168518066,
    "F0515": 15.370088577270508,
    "F0626_rSDSS": 15.030068397521973,
    "F0660": 14.994013786315918,
    "F0769_iSDSS": 14.865561485290527,
    "F0861": 14.833056449890137,
    "F0883_zSDSS": 14.806838989257812
}