{
    "id": "gaia_xp_spectrum_6137669348735057536-Ref",
    "F0352_uJAVA": 16.965181350708008,
    "F0378": 16.948740005493164,
    "F0395": 16.657041549682617,
    "F0410": 16.041276931762695,
    "F0430": 15.982314109802246,
    "F0475_gSDSS": 15.501667976379395,
    "F0515": 15.323359489440918,
    "F0626_rSDSS": 14.888888359069824,
    "F0660": 14.828656196594238,
    "F0769_iSDSS": 14.708641052246094,
    "F0861": 14.663803100585938,
    "F0883_zSDSS": 14.634504318237305
}