{
    "id": "gaia_xp_spectrum_6137657185387650432-Ref",
    "F0352_uJAVA": 16.81435775756836,
    "F0378": 16.635398864746094,
    "F0395": 16.631553649902344,
    "F0410": 15.96720027923584,
    "F0430": 15.935550689697266,
    "F0475_gSDSS": 15.47422981262207,
    "F0515": 15.274592399597168,
    "F0626_rSDSS": 14.856575012207031,
    "F0660": 14.784191131591797,
    "F0769_iSDSS": 14.644481658935547,
    "F0861": 14.584172248840332,
    "F0883_zSDSS": 14.553101539611816
}