{
    "id": "gaia_xp_spectrum_6137644231766272000-Ref",
    "F0352_uJAVA": 16.25102424621582,
    "F0378": 16.1852970123291,
    "F0395": 16.0922908782959,
    "F0410": 15.450138092041016,
    "F0430": 15.37786865234375,
    "F0475_gSDSS": 14.950870513916016,
    "F0515": 14.768725395202637,
    "F0626_rSDSS": 14.355984687805176,
    "F0660": 14.297554969787598,
    "F0769_iSDSS": 14.170170783996582,
    "F0861": 14.12183952331543,
    "F0883_zSDSS": 14.087726593017578
}