{
    "id": "gaia_xp_spectrum_6137594341426339584-Ref",
    "F0352_uJAVA": 16.09489631652832,
    "F0378": 15.896297454833984,
    "F0395": 15.807018280029297,
    "F0410": 15.25406265258789,
    "F0430": 15.184788703918457,
    "F0475_gSDSS": 14.83735466003418,
    "F0515": 14.679239273071289,
    "F0626_rSDSS": 14.326906204223633,
    "F0660": 14.295207023620605,
    "F0769_iSDSS": 14.184409141540527,
    "F0861": 14.148831367492676,
    "F0883_zSDSS": 14.125889778137207
}