{
    "id": "gaia_xp_spectrum_6137638665488586112-Ref",
    "F0352_uJAVA": 16.93062973022461,
    "F0378": 16.808597564697266,
    "F0395": 16.759662628173828,
    "F0410": 16.065189361572266,
    "F0430": 15.953943252563477,
    "F0475_gSDSS": 15.494636535644531,
    "F0515": 15.281981468200684,
    "F0626_rSDSS": 14.827279090881348,
    "F0660": 14.761123657226562,
    "F0769_iSDSS": 14.5969877243042,
    "F0861": 14.533913612365723,
    "F0883_zSDSS": 14.495050430297852
}