{
    "id": "gaia_xp_spectrum_6137647354206138624-Ref",
    "F0352_uJAVA": 16.087677001953125,
    "F0378": 15.846208572387695,
    "F0395": 15.56942367553711,
    "F0410": 15.169025421142578,
    "F0430": 15.119715690612793,
    "F0475_gSDSS": 14.868490219116211,
    "F0515": 14.719541549682617,
    "F0626_rSDSS": 14.48880672454834,
    "F0660": 14.479217529296875,
    "F0769_iSDSS": 14.391345024108887,
    "F0861": 14.376749992370605,
    "F0883_zSDSS": 14.35911750793457
}