{
    "id": "gaia_xp_spectrum_6137638459330151552-Ref",
    "F0352_uJAVA": 16.9006290435791,
    "F0378": 16.719449996948242,
    "F0395": 16.58917999267578,
    "F0410": 16.06239891052246,
    "F0430": 16.017253875732422,
    "F0475_gSDSS": 15.65964126586914,
    "F0515": 15.474513053894043,
    "F0626_rSDSS": 15.152921676635742,
    "F0660": 15.119254112243652,
    "F0769_iSDSS": 14.985713005065918,
    "F0861": 14.950830459594727,
    "F0883_zSDSS": 14.924925804138184
}