{
    "id": "gaia_xp_spectrum_6137586541765420928-Ref",
    "F0352_uJAVA": 16.984928131103516,
    "F0378": 16.765666961669922,
    "F0395": 16.560144424438477,
    "F0410": 16.13617706298828,
    "F0430": 16.007457733154297,
    "F0475_gSDSS": 15.739978790283203,
    "F0515": 15.59045696258545,
    "F0626_rSDSS": 15.291975021362305,
    "F0660": 15.26070785522461,
    "F0769_iSDSS": 15.152532577514648,
    "F0861": 15.123396873474121,
    "F0883_zSDSS": 15.11223316192627
}