{
    "id": "gaia_xp_spectrum_6137652959140013696-Ref",
    "F0352_uJAVA": 15.619479179382324,
    "F0378": 15.283536911010742,
    "F0395": 15.088257789611816,
    "F0410": 14.753617286682129,
    "F0430": 14.672377586364746,
    "F0475_gSDSS": 14.433182716369629,
    "F0515": 14.288293838500977,
    "F0626_rSDSS": 14.039505004882812,
    "F0660": 14.021862030029297,
    "F0769_iSDSS": 13.9201078414917,
    "F0861": 13.899782180786133,
    "F0883_zSDSS": 13.879042625427246
}