{
    "id": "gaia_xp_spectrum_6137592142402836864-Ref",
    "F0352_uJAVA": 16.62775993347168,
    "F0378": 16.52022361755371,
    "F0395": 16.5321044921875,
    "F0410": 15.71989631652832,
    "F0430": 15.62255573272705,
    "F0475_gSDSS": 15.149775505065918,
    "F0515": 14.968926429748535,
    "F0626_rSDSS": 14.50001335144043,
    "F0660": 14.422143936157227,
    "F0769_iSDSS": 14.306293487548828,
    "F0861": 14.252724647521973,
    "F0883_zSDSS": 14.218903541564941
}