{
    "id": "gaia_xp_spectrum_6137589732924130560-Ref",
    "F0352_uJAVA": 16.862276077270508,
    "F0378": 16.83250617980957,
    "F0395": 16.780229568481445,
    "F0410": 16.043622970581055,
    "F0430": 16.01274871826172,
    "F0475_gSDSS": 15.554914474487305,
    "F0515": 15.366290092468262,
    "F0626_rSDSS": 14.929443359375,
    "F0660": 14.865863800048828,
    "F0769_iSDSS": 14.697749137878418,
    "F0861": 14.632086753845215,
    "F0883_zSDSS": 14.595686912536621
}