{
    "id": "gaia_xp_spectrum_6137578295428240256-Ref",
    "F0352_uJAVA": 16.938217163085938,
    "F0378": 16.92123794555664,
    "F0395": 16.790634155273438,
    "F0410": 15.922260284423828,
    "F0430": 15.767902374267578,
    "F0475_gSDSS": 15.075004577636719,
    "F0515": 14.814730644226074,
    "F0626_rSDSS": 14.193071365356445,
    "F0660": 14.07677173614502,
    "F0769_iSDSS": 13.86255168914795,
    "F0861": 13.734086990356445,
    "F0883_zSDSS": 13.685995101928711
}