{
    "id": "gaia_xp_spectrum_6137661102397845632-Ref",
    "F0352_uJAVA": 17.107805252075195,
    "F0378": 16.79287338256836,
    "F0395": 16.921161651611328,
    "F0410": 16.171083450317383,
    "F0430": 16.044797897338867,
    "F0475_gSDSS": 15.420799255371094,
    "F0515": 15.152071952819824,
    "F0626_rSDSS": 14.531085968017578,
    "F0660": 14.408021926879883,
    "F0769_iSDSS": 14.162595748901367,
    "F0861": 14.016864776611328,
    "F0883_zSDSS": 13.966858863830566
}