{
    "id": "gaia_xp_spectrum_6137594856822164096-Ref",
    "F0352_uJAVA": 16.90632438659668,
    "F0378": 16.738937377929688,
    "F0395": 16.626113891601562,
    "F0410": 16.212411880493164,
    "F0430": 16.183937072753906,
    "F0475_gSDSS": 15.825767517089844,
    "F0515": 15.64720630645752,
    "F0626_rSDSS": 15.346076965332031,
    "F0660": 15.314154624938965,
    "F0769_iSDSS": 15.1965970993042,
    "F0861": 15.160773277282715,
    "F0883_zSDSS": 15.140625953674316
}