{
    "id": "gaia_xp_spectrum_6137595715815652096-Ref",
    "F0352_uJAVA": 16.88787269592285,
    "F0378": 16.589454650878906,
    "F0395": 16.628419876098633,
    "F0410": 16.09680938720703,
    "F0430": 16.025972366333008,
    "F0475_gSDSS": 15.678702354431152,
    "F0515": 15.506364822387695,
    "F0626_rSDSS": 15.174357414245605,
    "F0660": 15.13299560546875,
    "F0769_iSDSS": 15.015670776367188,
    "F0861": 14.977249145507812,
    "F0883_zSDSS": 14.951122283935547
}