{
    "id": "gaia_xp_spectrum_6137595956333804416-Ref",
    "F0352_uJAVA": 17.09010887145996,
    "F0378": 16.916030883789062,
    "F0395": 16.84218978881836,
    "F0410": 16.263769149780273,
    "F0430": 16.221294403076172,
    "F0475_gSDSS": 15.84753704071045,
    "F0515": 15.680567741394043,
    "F0626_rSDSS": 15.321895599365234,
    "F0660": 15.274895668029785,
    "F0769_iSDSS": 15.154155731201172,
    "F0861": 15.092926025390625,
    "F0883_zSDSS": 15.075569152832031
}