{
    "id": "gaia_xp_spectrum_6137642067102713984-Ref",
    "F0352_uJAVA": 17.072389602661133,
    "F0378": 16.853424072265625,
    "F0395": 16.814491271972656,
    "F0410": 16.3648681640625,
    "F0430": 16.289356231689453,
    "F0475_gSDSS": 15.973406791687012,
    "F0515": 15.810705184936523,
    "F0626_rSDSS": 15.503792762756348,
    "F0660": 15.45921802520752,
    "F0769_iSDSS": 15.334463119506836,
    "F0861": 15.30266284942627,
    "F0883_zSDSS": 15.263672828674316
}