{
    "id": "gaia_xp_spectrum_6137619905071705472-Ref",
    "F0352_uJAVA": 16.811582565307617,
    "F0378": 16.645336151123047,
    "F0395": 16.599002838134766,
    "F0410": 15.95508861541748,
    "F0430": 15.91716194152832,
    "F0475_gSDSS": 15.412089347839355,
    "F0515": 15.18601131439209,
    "F0626_rSDSS": 14.745328903198242,
    "F0660": 14.6546049118042,
    "F0769_iSDSS": 14.499643325805664,
    "F0861": 14.420368194580078,
    "F0883_zSDSS": 14.378040313720703
}