{
    "id": "gaia_xp_spectrum_6137615163427567488-Ref",
    "F0352_uJAVA": 16.314556121826172,
    "F0378": 16.141286849975586,
    "F0395": 16.028806686401367,
    "F0410": 15.376863479614258,
    "F0430": 15.268342018127441,
    "F0475_gSDSS": 14.869032859802246,
    "F0515": 14.68328857421875,
    "F0626_rSDSS": 14.296126365661621,
    "F0660": 14.240717887878418,
    "F0769_iSDSS": 14.132161140441895,
    "F0861": 14.099832534790039,
    "F0883_zSDSS": 14.067647933959961
}