{
    "id": "gaia_xp_spectrum_6137635057716033664-Ref",
    "F0352_uJAVA": 16.46659278869629,
    "F0378": 16.25200653076172,
    "F0395": 16.108415603637695,
    "F0410": 15.657190322875977,
    "F0430": 15.589312553405762,
    "F0475_gSDSS": 15.283138275146484,
    "F0515": 15.112475395202637,
    "F0626_rSDSS": 14.816473007202148,
    "F0660": 14.791912078857422,
    "F0769_iSDSS": 14.677702903747559,
    "F0861": 14.643792152404785,
    "F0883_zSDSS": 14.61997127532959
}