{
    "id": "gaia_xp_spectrum_6137638390610670976-Ref",
    "F0352_uJAVA": 16.276596069335938,
    "F0378": 16.082223892211914,
    "F0395": 16.031410217285156,
    "F0410": 15.481864929199219,
    "F0430": 15.428937911987305,
    "F0475_gSDSS": 15.031316757202148,
    "F0515": 14.844507217407227,
    "F0626_rSDSS": 14.459522247314453,
    "F0660": 14.411982536315918,
    "F0769_iSDSS": 14.257185935974121,
    "F0861": 14.196473121643066,
    "F0883_zSDSS": 14.16741943359375
}