{
    "id": "gaia_xp_spectrum_6137645777954461056-Ref",
    "F0352_uJAVA": 16.930389404296875,
    "F0378": 16.70857810974121,
    "F0395": 16.84665870666504,
    "F0410": 16.02657699584961,
    "F0430": 15.963807106018066,
    "F0475_gSDSS": 15.379326820373535,
    "F0515": 15.13831901550293,
    "F0626_rSDSS": 14.607503890991211,
    "F0660": 14.509876251220703,
    "F0769_iSDSS": 14.310234069824219,
    "F0861": 14.20363712310791,
    "F0883_zSDSS": 14.157990455627441
}