{
    "id": "gaia_xp_spectrum_6137594375785829248-Ref",
    "F0352_uJAVA": 16.734935760498047,
    "F0378": 16.507686614990234,
    "F0395": 16.443098068237305,
    "F0410": 15.970052719116211,
    "F0430": 15.921168327331543,
    "F0475_gSDSS": 15.563863754272461,
    "F0515": 15.396554946899414,
    "F0626_rSDSS": 15.04724407196045,
    "F0660": 14.995298385620117,
    "F0769_iSDSS": 14.862316131591797,
    "F0861": 14.807440757751465,
    "F0883_zSDSS": 14.786453247070312
}