{
    "id": "gaia_xp_spectrum_6137592898317051776-Ref",
    "F0352_uJAVA": 16.994199752807617,
    "F0378": 16.693777084350586,
    "F0395": 16.602468490600586,
    "F0410": 16.094881057739258,
    "F0430": 16.028783798217773,
    "F0475_gSDSS": 15.678901672363281,
    "F0515": 15.5115327835083,
    "F0626_rSDSS": 15.175966262817383,
    "F0660": 15.129193305969238,
    "F0769_iSDSS": 15.013649940490723,
    "F0861": 14.971587181091309,
    "F0883_zSDSS": 14.949399948120117
}