{
    "id": "gaia_xp_spectrum_6137588156673160320-Ref",
    "F0352_uJAVA": 17.10684585571289,
    "F0378": 16.386245727539062,
    "F0395": 15.80001449584961,
    "F0410": 15.71999740600586,
    "F0430": 15.685123443603516,
    "F0475_gSDSS": 15.703652381896973,
    "F0515": 15.711369514465332,
    "F0626_rSDSS": 15.813309669494629,
    "F0660": 15.907917976379395,
    "F0769_iSDSS": 15.978943824768066,
    "F0861": 16.054956436157227,
    "F0883_zSDSS": 16.03211212158203
}