{
    "id": "gaia_xp_spectrum_6137649694964718208-Ref",
    "F0352_uJAVA": 16.386241912841797,
    "F0378": 16.261415481567383,
    "F0395": 16.1895694732666,
    "F0410": 15.615447998046875,
    "F0430": 15.604090690612793,
    "F0475_gSDSS": 15.220001220703125,
    "F0515": 15.04611873626709,
    "F0626_rSDSS": 14.695777893066406,
    "F0660": 14.64535140991211,
    "F0769_iSDSS": 14.51821231842041,
    "F0861": 14.471532821655273,
    "F0883_zSDSS": 14.446675300598145
}