{
    "id": "gaia_xp_spectrum_6137660896239411200-Ref",
    "F0352_uJAVA": 16.438444137573242,
    "F0378": 16.301406860351562,
    "F0395": 16.348356246948242,
    "F0410": 15.680704116821289,
    "F0430": 15.650413513183594,
    "F0475_gSDSS": 15.226917266845703,
    "F0515": 15.052298545837402,
    "F0626_rSDSS": 14.669147491455078,
    "F0660": 14.607748031616211,
    "F0769_iSDSS": 14.49206256866455,
    "F0861": 14.445979118347168,
    "F0883_zSDSS": 14.42188835144043
}