{
    "id": "gaia_xp_spectrum_6088843954360507648-Ref",
    "F0352_uJAVA": 16.624422073364258,
    "F0378": 16.379236221313477,
    "F0395": 16.225048065185547,
    "F0410": 15.955912590026855,
    "F0430": 15.885184288024902,
    "F0475_gSDSS": 15.518159866333008,
    "F0515": 15.315723419189453,
    "F0626_rSDSS": 14.9330415725708,
    "F0660": 14.855071067810059,
    "F0769_iSDSS": 14.684033393859863,
    "F0861": 14.585478782653809,
    "F0883_zSDSS": 14.562475204467773
}