{
    "id": "gaia_xp_spectrum_6112816022262627200-Ref",
    "F0352_uJAVA": 16.295074462890625,
    "F0378": 16.067272186279297,
    "F0395": 16.182056427001953,
    "F0410": 15.4962797164917,
    "F0430": 15.459933280944824,
    "F0475_gSDSS": 14.982123374938965,
    "F0515": 14.77212905883789,
    "F0626_rSDSS": 14.317610740661621,
    "F0660": 14.217178344726562,
    "F0769_iSDSS": 14.060771942138672,
    "F0861": 13.97525405883789,
    "F0883_zSDSS": 13.935938835144043
}