{
    "id": "gaia_xp_spectrum_6112795303340934016-Ref",
    "F0352_uJAVA": 16.262041091918945,
    "F0378": 16.14964485168457,
    "F0395": 16.11724281311035,
    "F0410": 15.439061164855957,
    "F0430": 15.364716529846191,
    "F0475_gSDSS": 14.926631927490234,
    "F0515": 14.738046646118164,
    "F0626_rSDSS": 14.34118366241455,
    "F0660": 14.28421688079834,
    "F0769_iSDSS": 14.163959503173828,
    "F0861": 14.121535301208496,
    "F0883_zSDSS": 14.092347145080566
}