{
    "id": "gaia_xp_spectrum_6112814544793871104-Ref",
    "F0352_uJAVA": 16.909299850463867,
    "F0378": 16.613645553588867,
    "F0395": 16.460126876831055,
    "F0410": 16.12098503112793,
    "F0430": 16.021907806396484,
    "F0475_gSDSS": 15.783049583435059,
    "F0515": 15.631421089172363,
    "F0626_rSDSS": 15.388765335083008,
    "F0660": 15.380422592163086,
    "F0769_iSDSS": 15.267410278320312,
    "F0861": 15.25016975402832,
    "F0883_zSDSS": 15.228804588317871
}