{
    "id": "gaia_xp_spectrum_6112820420309719936-Ref",
    "F0352_uJAVA": 15.857526779174805,
    "F0378": 15.702047348022461,
    "F0395": 15.673840522766113,
    "F0410": 15.071188926696777,
    "F0430": 15.0111722946167,
    "F0475_gSDSS": 14.630181312561035,
    "F0515": 14.462018013000488,
    "F0626_rSDSS": 14.127107620239258,
    "F0660": 14.086712837219238,
    "F0769_iSDSS": 13.97372055053711,
    "F0861": 13.944111824035645,
    "F0883_zSDSS": 13.919673919677734
}