{
    "id": "gaia_xp_spectrum_6112797674162318976-Ref",
    "F0352_uJAVA": 16.08624839782715,
    "F0378": 15.781776428222656,
    "F0395": 15.611193656921387,
    "F0410": 15.263123512268066,
    "F0430": 15.199090003967285,
    "F0475_gSDSS": 14.97268295288086,
    "F0515": 14.852364540100098,
    "F0626_rSDSS": 14.63279914855957,
    "F0660": 14.614694595336914,
    "F0769_iSDSS": 14.54425048828125,
    "F0861": 14.542245864868164,
    "F0883_zSDSS": 14.526922225952148
}