{
    "id": "gaia_xp_spectrum_6112811864734391936-Ref",
    "F0352_uJAVA": 16.666831970214844,
    "F0378": 16.474958419799805,
    "F0395": 16.310623168945312,
    "F0410": 15.84765625,
    "F0430": 15.727091789245605,
    "F0475_gSDSS": 15.423698425292969,
    "F0515": 15.2423677444458,
    "F0626_rSDSS": 14.960073471069336,
    "F0660": 14.924931526184082,
    "F0769_iSDSS": 14.813279151916504,
    "F0861": 14.778227806091309,
    "F0883_zSDSS": 14.762514114379883
}