{
    "id": "gaia_xp_spectrum_6112797433644262272-Ref",
    "F0352_uJAVA": 15.827630043029785,
    "F0378": 15.603400230407715,
    "F0395": 15.541982650756836,
    "F0410": 15.020158767700195,
    "F0430": 14.96635913848877,
    "F0475_gSDSS": 14.625809669494629,
    "F0515": 14.449987411499023,
    "F0626_rSDSS": 14.148204803466797,
    "F0660": 14.110763549804688,
    "F0769_iSDSS": 13.999506950378418,
    "F0861": 13.968348503112793,
    "F0883_zSDSS": 13.942283630371094
}