{
    "id": "gaia_xp_spectrum_6112799460869280896-Ref",
    "F0352_uJAVA": 16.83452796936035,
    "F0378": 16.692588806152344,
    "F0395": 16.577816009521484,
    "F0410": 16.083711624145508,
    "F0430": 16.024263381958008,
    "F0475_gSDSS": 15.669520378112793,
    "F0515": 15.5092134475708,
    "F0626_rSDSS": 15.16845989227295,
    "F0660": 15.128708839416504,
    "F0769_iSDSS": 15.006509780883789,
    "F0861": 14.96499252319336,
    "F0883_zSDSS": 14.948210716247559
}