{
    "id": "gaia_xp_spectrum_6088840484026861824-Ref",
    "F0352_uJAVA": 16.474863052368164,
    "F0378": 16.195234298706055,
    "F0395": 16.11543083190918,
    "F0410": 15.686972618103027,
    "F0430": 15.60376262664795,
    "F0475_gSDSS": 15.319503784179688,
    "F0515": 15.164474487304688,
    "F0626_rSDSS": 14.902079582214355,
    "F0660": 14.876612663269043,
    "F0769_iSDSS": 14.778427124023438,
    "F0861": 14.754354476928711,
    "F0883_zSDSS": 14.744319915771484
}