{
    "id": "gaia_xp_spectrum_6112812448849951232-Ref",
    "F0352_uJAVA": 16.50910758972168,
    "F0378": 16.301355361938477,
    "F0395": 16.214893341064453,
    "F0410": 15.709770202636719,
    "F0430": 15.658145904541016,
    "F0475_gSDSS": 15.308175086975098,
    "F0515": 15.13537883758545,
    "F0626_rSDSS": 14.83106803894043,
    "F0660": 14.768763542175293,
    "F0769_iSDSS": 14.671642303466797,
    "F0861": 14.641490936279297,
    "F0883_zSDSS": 14.617297172546387
}