{
    "id": "gaia_xp_spectrum_6112814579153610752-Ref",
    "F0352_uJAVA": 16.36774444580078,
    "F0378": 16.244922637939453,
    "F0395": 16.204011917114258,
    "F0410": 15.552597999572754,
    "F0430": 15.493947982788086,
    "F0475_gSDSS": 15.03438663482666,
    "F0515": 14.835399627685547,
    "F0626_rSDSS": 14.41427230834961,
    "F0660": 14.342079162597656,
    "F0769_iSDSS": 14.191596984863281,
    "F0861": 14.122404098510742,
    "F0883_zSDSS": 14.087418556213379
}