{
    "id": "gaia_xp_spectrum_6112816292844115072-Ref",
    "F0352_uJAVA": 15.86620807647705,
    "F0378": 15.785608291625977,
    "F0395": 15.79044246673584,
    "F0410": 15.159229278564453,
    "F0430": 15.082254409790039,
    "F0475_gSDSS": 14.62386417388916,
    "F0515": 14.448929786682129,
    "F0626_rSDSS": 14.01822280883789,
    "F0660": 13.93938159942627,
    "F0769_iSDSS": 13.841110229492188,
    "F0861": 13.802571296691895,
    "F0883_zSDSS": 13.764240264892578
}