{
    "id": "gaia_xp_spectrum_6112863369982103936-Ref",
    "F0352_uJAVA": 16.43692398071289,
    "F0378": 16.226106643676758,
    "F0395": 16.096261978149414,
    "F0410": 15.698516845703125,
    "F0430": 15.593680381774902,
    "F0475_gSDSS": 15.31545352935791,
    "F0515": 15.15341567993164,
    "F0626_rSDSS": 14.860957145690918,
    "F0660": 14.816911697387695,
    "F0769_iSDSS": 14.70535945892334,
    "F0861": 14.668356895446777,
    "F0883_zSDSS": 14.641753196716309
}