{
    "id": "gaia_xp_spectrum_6088860996790789888-Ref",
    "F0352_uJAVA": 16.6040096282959,
    "F0378": 16.444107055664062,
    "F0395": 16.400150299072266,
    "F0410": 15.700397491455078,
    "F0430": 15.6371431350708,
    "F0475_gSDSS": 15.191499710083008,
    "F0515": 15.009560585021973,
    "F0626_rSDSS": 14.575446128845215,
    "F0660": 14.512444496154785,
    "F0769_iSDSS": 14.380380630493164,
    "F0861": 14.31801700592041,
    "F0883_zSDSS": 14.289212226867676
}