{
    "id": "gaia_xp_spectrum_6112809940588917888-Ref",
    "F0352_uJAVA": 15.683231353759766,
    "F0378": 15.546019554138184,
    "F0395": 15.39219856262207,
    "F0410": 14.881485939025879,
    "F0430": 14.798707008361816,
    "F0475_gSDSS": 14.465539932250977,
    "F0515": 14.30743408203125,
    "F0626_rSDSS": 13.998541831970215,
    "F0660": 13.957022666931152,
    "F0769_iSDSS": 13.866800308227539,
    "F0861": 13.849888801574707,
    "F0883_zSDSS": 13.823958396911621
}