{
    "id": "gaia_xp_spectrum_6088791040363320192-Ref",
    "F0352_uJAVA": 16.825220108032227,
    "F0378": 16.72556495666504,
    "F0395": 16.603498458862305,
    "F0410": 16.11553192138672,
    "F0430": 16.06072998046875,
    "F0475_gSDSS": 15.697131156921387,
    "F0515": 15.521706581115723,
    "F0626_rSDSS": 15.198563575744629,
    "F0660": 15.155145645141602,
    "F0769_iSDSS": 15.035248756408691,
    "F0861": 14.98768138885498,
    "F0883_zSDSS": 14.970097541809082
}