{
    "id": "gaia_xp_spectrum_6088840999422954368-Ref",
    "F0352_uJAVA": 16.544328689575195,
    "F0378": 16.473901748657227,
    "F0395": 16.292665481567383,
    "F0410": 15.646965026855469,
    "F0430": 15.586790084838867,
    "F0475_gSDSS": 15.155008316040039,
    "F0515": 14.974555969238281,
    "F0626_rSDSS": 14.607369422912598,
    "F0660": 14.5509672164917,
    "F0769_iSDSS": 14.45486831665039,
    "F0861": 14.426596641540527,
    "F0883_zSDSS": 14.399104118347168
}