{
    "id": "gaia_xp_spectrum_6112824131161460480-Ref",
    "F0352_uJAVA": 16.162513732910156,
    "F0378": 16.04181671142578,
    "F0395": 15.879547119140625,
    "F0410": 15.235991477966309,
    "F0430": 15.145195960998535,
    "F0475_gSDSS": 14.69435977935791,
    "F0515": 14.514376640319824,
    "F0626_rSDSS": 14.10427188873291,
    "F0660": 14.040592193603516,
    "F0769_iSDSS": 13.936537742614746,
    "F0861": 13.891555786132812,
    "F0883_zSDSS": 13.869372367858887
}