{
    "id": "gaia_xp_spectrum_6112800285502563968-Ref",
    "F0352_uJAVA": 16.39710235595703,
    "F0378": 16.45673942565918,
    "F0395": 16.304859161376953,
    "F0410": 15.449435234069824,
    "F0430": 15.383915901184082,
    "F0475_gSDSS": 14.815863609313965,
    "F0515": 14.677095413208008,
    "F0626_rSDSS": 14.11181640625,
    "F0660": 14.02994155883789,
    "F0769_iSDSS": 13.888067245483398,
    "F0861": 13.82664680480957,
    "F0883_zSDSS": 13.787034034729004
}