{
    "id": "gaia_xp_spectrum_6088845672347431424-Ref",
    "F0352_uJAVA": 16.623825073242188,
    "F0378": 16.566837310791016,
    "F0395": 16.499515533447266,
    "F0410": 15.72469711303711,
    "F0430": 15.678942680358887,
    "F0475_gSDSS": 15.165833473205566,
    "F0515": 14.97703742980957,
    "F0626_rSDSS": 14.512282371520996,
    "F0660": 14.437264442443848,
    "F0769_iSDSS": 14.298247337341309,
    "F0861": 14.230913162231445,
    "F0883_zSDSS": 14.198887825012207
}