{
    "id": "gaia_xp_spectrum_6112799185990930048-Ref",
    "F0352_uJAVA": 16.26969337463379,
    "F0378": 16.033464431762695,
    "F0395": 15.898510932922363,
    "F0410": 15.455405235290527,
    "F0430": 15.362943649291992,
    "F0475_gSDSS": 15.089788436889648,
    "F0515": 14.93065071105957,
    "F0626_rSDSS": 14.671345710754395,
    "F0660": 14.642226219177246,
    "F0769_iSDSS": 14.548503875732422,
    "F0861": 14.52983570098877,
    "F0883_zSDSS": 14.510801315307617
}