{
    "id": "gaia_xp_spectrum_6088778705217234560-Ref",
    "F0352_uJAVA": 16.575586318969727,
    "F0378": 16.481611251831055,
    "F0395": 16.316314697265625,
    "F0410": 15.735894203186035,
    "F0430": 15.642380714416504,
    "F0475_gSDSS": 15.257579803466797,
    "F0515": 15.064538955688477,
    "F0626_rSDSS": 14.737452507019043,
    "F0660": 14.679089546203613,
    "F0769_iSDSS": 14.585895538330078,
    "F0861": 14.553153038024902,
    "F0883_zSDSS": 14.527708053588867
}