{
    "id": "gaia_xp_spectrum_6112802862483401344-Ref",
    "F0352_uJAVA": 16.9081974029541,
    "F0378": 16.6389217376709,
    "F0395": 16.590145111083984,
    "F0410": 16.121360778808594,
    "F0430": 16.047876358032227,
    "F0475_gSDSS": 15.723662376403809,
    "F0515": 15.558309555053711,
    "F0626_rSDSS": 15.247110366821289,
    "F0660": 15.213475227355957,
    "F0769_iSDSS": 15.10161018371582,
    "F0861": 15.063448905944824,
    "F0883_zSDSS": 15.042632102966309
}