{
    "id": "gaia_xp_spectrum_6088843782561813760-Ref",
    "F0352_uJAVA": 16.189075469970703,
    "F0378": 15.913717269897461,
    "F0395": 15.760143280029297,
    "F0410": 15.386772155761719,
    "F0430": 15.294852256774902,
    "F0475_gSDSS": 15.051159858703613,
    "F0515": 14.903063774108887,
    "F0626_rSDSS": 14.668057441711426,
    "F0660": 14.636119842529297,
    "F0769_iSDSS": 14.56207275390625,
    "F0861": 14.546977043151855,
    "F0883_zSDSS": 14.536715507507324
}