{
    "id": "gaia_xp_spectrum_6088846634420198400-Ref",
    "F0352_uJAVA": 15.777235984802246,
    "F0378": 15.64793872833252,
    "F0395": 15.579981803894043,
    "F0410": 15.047504425048828,
    "F0430": 15.001126289367676,
    "F0475_gSDSS": 14.607826232910156,
    "F0515": 14.434870719909668,
    "F0626_rSDSS": 14.087286949157715,
    "F0660": 14.034083366394043,
    "F0769_iSDSS": 13.915361404418945,
    "F0861": 13.870169639587402,
    "F0883_zSDSS": 13.84624195098877
}