{
    "id": "gaia_xp_spectrum_6112799460869282176-Ref",
    "F0352_uJAVA": 16.366355895996094,
    "F0378": 16.289485931396484,
    "F0395": 16.18263053894043,
    "F0410": 15.48151969909668,
    "F0430": 15.422425270080566,
    "F0475_gSDSS": 14.99569320678711,
    "F0515": 14.82630729675293,
    "F0626_rSDSS": 14.430291175842285,
    "F0660": 14.373834609985352,
    "F0769_iSDSS": 14.263952255249023,
    "F0861": 14.244430541992188,
    "F0883_zSDSS": 14.207679748535156
}