{
    "id": "gaia_xp_spectrum_6088795472769626880-Ref",
    "F0352_uJAVA": 16.884496688842773,
    "F0378": 16.783952713012695,
    "F0395": 16.64133071899414,
    "F0410": 16.003925323486328,
    "F0430": 15.945691108703613,
    "F0475_gSDSS": 15.484323501586914,
    "F0515": 15.3140230178833,
    "F0626_rSDSS": 14.909990310668945,
    "F0660": 14.86420726776123,
    "F0769_iSDSS": 14.72913932800293,
    "F0861": 14.687893867492676,
    "F0883_zSDSS": 14.65987491607666
}