{
    "id": "gaia_xp_spectrum_6112793924652934528-Ref",
    "F0352_uJAVA": 16.79441261291504,
    "F0378": 16.884910583496094,
    "F0395": 16.664207458496094,
    "F0410": 15.907578468322754,
    "F0430": 15.811737060546875,
    "F0475_gSDSS": 15.320707321166992,
    "F0515": 15.127683639526367,
    "F0626_rSDSS": 14.674553871154785,
    "F0660": 14.619810104370117,
    "F0769_iSDSS": 14.473501205444336,
    "F0861": 14.410512924194336,
    "F0883_zSDSS": 14.383866310119629
}