{
    "id": "gaia_xp_spectrum_6088791658838626176-Ref",
    "F0352_uJAVA": 16.406286239624023,
    "F0378": 16.258981704711914,
    "F0395": 16.17580223083496,
    "F0410": 15.41424560546875,
    "F0430": 15.32190227508545,
    "F0475_gSDSS": 14.739875793457031,
    "F0515": 14.496792793273926,
    "F0626_rSDSS": 13.992657661437988,
    "F0660": 13.901206970214844,
    "F0769_iSDSS": 13.711095809936523,
    "F0861": 13.62024974822998,
    "F0883_zSDSS": 13.57382869720459
}