{
    "id": "gaia_xp_spectrum_6112818221286017408-Ref",
    "F0352_uJAVA": 16.409528732299805,
    "F0378": 16.273113250732422,
    "F0395": 16.329294204711914,
    "F0410": 15.6460599899292,
    "F0430": 15.600708961486816,
    "F0475_gSDSS": 15.164506912231445,
    "F0515": 14.9774808883667,
    "F0626_rSDSS": 14.609490394592285,
    "F0660": 14.540996551513672,
    "F0769_iSDSS": 14.43609619140625,
    "F0861": 14.39513111114502,
    "F0883_zSDSS": 14.367568969726562
}