{
    "id": "gaia_xp_spectrum_6088793617343712128-Ref",
    "F0352_uJAVA": 16.637514114379883,
    "F0378": 16.48577117919922,
    "F0395": 16.324472427368164,
    "F0410": 15.860644340515137,
    "F0430": 15.786081314086914,
    "F0475_gSDSS": 15.459458351135254,
    "F0515": 15.286978721618652,
    "F0626_rSDSS": 14.981006622314453,
    "F0660": 14.9343843460083,
    "F0769_iSDSS": 14.820219039916992,
    "F0861": 14.792413711547852,
    "F0883_zSDSS": 14.772448539733887
}