{
    "id": "gaia_xp_spectrum_6112812277051260032-Ref",
    "F0352_uJAVA": 16.81259536743164,
    "F0378": 16.63580894470215,
    "F0395": 16.382827758789062,
    "F0410": 16.015710830688477,
    "F0430": 15.955588340759277,
    "F0475_gSDSS": 15.659998893737793,
    "F0515": 15.505867004394531,
    "F0626_rSDSS": 15.225083351135254,
    "F0660": 15.178006172180176,
    "F0769_iSDSS": 15.07954216003418,
    "F0861": 15.0452299118042,
    "F0883_zSDSS": 15.027876853942871
}