{
    "id": "gaia_xp_spectrum_6112815713024977664-Ref",
    "F0352_uJAVA": 16.862579345703125,
    "F0378": 16.72433090209961,
    "F0395": 16.663536071777344,
    "F0410": 16.063730239868164,
    "F0430": 16.01051139831543,
    "F0475_gSDSS": 15.632684707641602,
    "F0515": 15.437361717224121,
    "F0626_rSDSS": 15.09829044342041,
    "F0660": 15.018534660339355,
    "F0769_iSDSS": 14.912571907043457,
    "F0861": 14.873542785644531,
    "F0883_zSDSS": 14.84667682647705
}