{
    "id": "gaia_xp_spectrum_6112800010624656256-Ref",
    "F0352_uJAVA": 17.092830657958984,
    "F0378": 16.71202278137207,
    "F0395": 16.585445404052734,
    "F0410": 16.168428421020508,
    "F0430": 16.11542320251465,
    "F0475_gSDSS": 15.747977256774902,
    "F0515": 15.570416450500488,
    "F0626_rSDSS": 15.195867538452148,
    "F0660": 15.11739730834961,
    "F0769_iSDSS": 14.978434562683105,
    "F0861": 14.912623405456543,
    "F0883_zSDSS": 14.882743835449219
}