{
    "id": "gaia_xp_spectrum_6088842751769649536-Ref",
    "F0352_uJAVA": 16.720062255859375,
    "F0378": 16.55202865600586,
    "F0395": 16.512197494506836,
    "F0410": 15.83852481842041,
    "F0430": 15.782119750976562,
    "F0475_gSDSS": 15.38551139831543,
    "F0515": 15.224404335021973,
    "F0626_rSDSS": 14.840330123901367,
    "F0660": 14.786953926086426,
    "F0769_iSDSS": 14.674700736999512,
    "F0861": 14.639960289001465,
    "F0883_zSDSS": 14.611459732055664
}