{
    "id": "gaia_xp_spectrum_6112805989219249280-Ref",
    "F0352_uJAVA": 16.484546661376953,
    "F0378": 16.311687469482422,
    "F0395": 16.20733642578125,
    "F0410": 15.63010025024414,
    "F0430": 15.536266326904297,
    "F0475_gSDSS": 15.1132230758667,
    "F0515": 14.93759822845459,
    "F0626_rSDSS": 14.54125690460205,
    "F0660": 14.476465225219727,
    "F0769_iSDSS": 14.36143970489502,
    "F0861": 14.32618236541748,
    "F0883_zSDSS": 14.289168357849121
}