{
    "id": "gaia_xp_spectrum_6112866462358699520-Ref",
    "F0352_uJAVA": 16.530132293701172,
    "F0378": 16.13058090209961,
    "F0395": 15.732306480407715,
    "F0410": 15.471811294555664,
    "F0430": 15.435795783996582,
    "F0475_gSDSS": 15.276885986328125,
    "F0515": 15.186440467834473,
    "F0626_rSDSS": 15.067619323730469,
    "F0660": 15.074798583984375,
    "F0769_iSDSS": 15.041210174560547,
    "F0861": 15.070550918579102,
    "F0883_zSDSS": 15.044941902160645
}