{
    "id": "gaia_xp_spectrum_6112864125896349568-Ref",
    "F0352_uJAVA": 16.751110076904297,
    "F0378": 16.62464141845703,
    "F0395": 16.535879135131836,
    "F0410": 15.926800727844238,
    "F0430": 15.85291862487793,
    "F0475_gSDSS": 15.418143272399902,
    "F0515": 15.217538833618164,
    "F0626_rSDSS": 14.825358390808105,
    "F0660": 14.74716854095459,
    "F0769_iSDSS": 14.63006591796875,
    "F0861": 14.581680297851562,
    "F0883_zSDSS": 14.550458908081055
}