{
    "id": "gaia_xp_spectrum_6112796196694122496-Ref",
    "F0352_uJAVA": 15.943154335021973,
    "F0378": 15.776498794555664,
    "F0395": 15.718110084533691,
    "F0410": 15.149733543395996,
    "F0430": 15.110697746276855,
    "F0475_gSDSS": 14.751838684082031,
    "F0515": 14.59077262878418,
    "F0626_rSDSS": 14.280328750610352,
    "F0660": 14.243839263916016,
    "F0769_iSDSS": 14.146452903747559,
    "F0861": 14.133780479431152,
    "F0883_zSDSS": 14.106354713439941
}