{
    "id": "gaia_xp_spectrum_6112823856283564544-Ref",
    "F0352_uJAVA": 17.154197692871094,
    "F0378": 16.783206939697266,
    "F0395": 16.502613067626953,
    "F0410": 16.2403507232666,
    "F0430": 16.175762176513672,
    "F0475_gSDSS": 16.017967224121094,
    "F0515": 15.92701244354248,
    "F0626_rSDSS": 15.783746719360352,
    "F0660": 15.78805923461914,
    "F0769_iSDSS": 15.739251136779785,
    "F0861": 15.77115535736084,
    "F0883_zSDSS": 15.757474899291992
}