{
    "id": "gaia_xp_spectrum_6088847012377233792-Ref",
    "F0352_uJAVA": 16.205381393432617,
    "F0378": 16.025165557861328,
    "F0395": 15.874650001525879,
    "F0410": 15.377693176269531,
    "F0430": 15.317285537719727,
    "F0475_gSDSS": 14.943916320800781,
    "F0515": 14.760052680969238,
    "F0626_rSDSS": 14.426016807556152,
    "F0660": 14.373517036437988,
    "F0769_iSDSS": 14.262100219726562,
    "F0861": 14.223163604736328,
    "F0883_zSDSS": 14.199358940124512
}