{
    "id": "gaia_xp_spectrum_6088845637987689472-Ref",
    "F0352_uJAVA": 16.470903396606445,
    "F0378": 16.25918197631836,
    "F0395": 16.22602081298828,
    "F0410": 15.709200859069824,
    "F0430": 15.654390335083008,
    "F0475_gSDSS": 15.294504165649414,
    "F0515": 15.124553680419922,
    "F0626_rSDSS": 14.793438911437988,
    "F0660": 14.723265647888184,
    "F0769_iSDSS": 14.617575645446777,
    "F0861": 14.572759628295898,
    "F0883_zSDSS": 14.550064086914062
}