{
    "id": "gaia_xp_spectrum_6112813857599233280-Ref",
    "F0352_uJAVA": 15.275604248046875,
    "F0378": 15.281424522399902,
    "F0395": 16.204227447509766,
    "F0410": 15.633066177368164,
    "F0430": 15.51784610748291,
    "F0475_gSDSS": 14.953068733215332,
    "F0515": 14.74029541015625,
    "F0626_rSDSS": 14.1716890335083,
    "F0660": 14.031304359436035,
    "F0769_iSDSS": 13.914505004882812,
    "F0861": 13.786628723144531,
    "F0883_zSDSS": 13.693946838378906
}