{
    "id": "gaia_xp_spectrum_6112799804466218880-Ref",
    "F0352_uJAVA": 16.959985733032227,
    "F0378": 16.726869583129883,
    "F0395": 16.56005096435547,
    "F0410": 16.082578659057617,
    "F0430": 16.031957626342773,
    "F0475_gSDSS": 15.707854270935059,
    "F0515": 15.5286283493042,
    "F0626_rSDSS": 15.247612953186035,
    "F0660": 15.205390930175781,
    "F0769_iSDSS": 15.110960960388184,
    "F0861": 15.087869644165039,
    "F0883_zSDSS": 15.065323829650879
}