{
    "id": "gaia_xp_spectrum_6088845775426654592-Ref",
    "F0352_uJAVA": 16.86355209350586,
    "F0378": 16.60517692565918,
    "F0395": 16.692256927490234,
    "F0410": 15.963860511779785,
    "F0430": 15.867405891418457,
    "F0475_gSDSS": 15.368245124816895,
    "F0515": 15.131218910217285,
    "F0626_rSDSS": 14.668621063232422,
    "F0660": 14.577383995056152,
    "F0769_iSDSS": 14.398191452026367,
    "F0861": 14.309561729431152,
    "F0883_zSDSS": 14.26171875
}