{
    "id": "gaia_xp_spectrum_6112805989219248768-Ref",
    "F0352_uJAVA": 16.540950775146484,
    "F0378": 16.393993377685547,
    "F0395": 16.32930564880371,
    "F0410": 15.673961639404297,
    "F0430": 15.539762496948242,
    "F0475_gSDSS": 15.134495735168457,
    "F0515": 14.954723358154297,
    "F0626_rSDSS": 14.56076717376709,
    "F0660": 14.509184837341309,
    "F0769_iSDSS": 14.394654273986816,
    "F0861": 14.36031436920166,
    "F0883_zSDSS": 14.33495044708252
}