{
    "id": "gaia_xp_spectrum_6088841171221649408-Ref",
    "F0352_uJAVA": 16.492698669433594,
    "F0378": 16.247703552246094,
    "F0395": 16.075870513916016,
    "F0410": 15.725831985473633,
    "F0430": 15.663268089294434,
    "F0475_gSDSS": 15.392049789428711,
    "F0515": 15.23768424987793,
    "F0626_rSDSS": 14.9841947555542,
    "F0660": 14.952123641967773,
    "F0769_iSDSS": 14.85284423828125,
    "F0861": 14.823099136352539,
    "F0883_zSDSS": 14.807374954223633
}