{
    "id": "gaia_xp_spectrum_6112869417296074496-Ref",
    "F0352_uJAVA": 16.2271671295166,
    "F0378": 16.146270751953125,
    "F0395": 16.14325523376465,
    "F0410": 15.391533851623535,
    "F0430": 15.343558311462402,
    "F0475_gSDSS": 14.836294174194336,
    "F0515": 14.680070877075195,
    "F0626_rSDSS": 14.180795669555664,
    "F0660": 14.103202819824219,
    "F0769_iSDSS": 13.938701629638672,
    "F0861": 13.856389045715332,
    "F0883_zSDSS": 13.823162078857422
}