{
    "id": "gaia_xp_spectrum_6088794373257974272-Ref",
    "F0352_uJAVA": 16.5236759185791,
    "F0378": 16.387306213378906,
    "F0395": 16.484617233276367,
    "F0410": 15.612481117248535,
    "F0430": 15.554988861083984,
    "F0475_gSDSS": 15.004471778869629,
    "F0515": 14.781623840332031,
    "F0626_rSDSS": 14.27658748626709,
    "F0660": 14.187560081481934,
    "F0769_iSDSS": 14.00606918334961,
    "F0861": 13.918783187866211,
    "F0883_zSDSS": 13.877730369567871
}