{
    "id": "gaia_xp_spectrum_6112867974187051648-Ref",
    "F0352_uJAVA": 16.842302322387695,
    "F0378": 16.538328170776367,
    "F0395": 16.611330032348633,
    "F0410": 16.10552978515625,
    "F0430": 16.016117095947266,
    "F0475_gSDSS": 15.684426307678223,
    "F0515": 15.50529956817627,
    "F0626_rSDSS": 15.154790878295898,
    "F0660": 15.09290885925293,
    "F0769_iSDSS": 14.955215454101562,
    "F0861": 14.911636352539062,
    "F0883_zSDSS": 14.87936782836914
}