{
    "id": "gaia_xp_spectrum_6112872544032394496-Ref",
    "F0352_uJAVA": 16.595033645629883,
    "F0378": 16.409719467163086,
    "F0395": 16.261356353759766,
    "F0410": 15.799190521240234,
    "F0430": 15.711034774780273,
    "F0475_gSDSS": 15.411263465881348,
    "F0515": 15.255654335021973,
    "F0626_rSDSS": 14.96601676940918,
    "F0660": 14.932202339172363,
    "F0769_iSDSS": 14.837671279907227,
    "F0861": 14.816256523132324,
    "F0883_zSDSS": 14.795707702636719
}