{
    "id": "gaia_xp_spectrum_6112866668517129344-Ref",
    "F0352_uJAVA": 16.628246307373047,
    "F0378": 16.419780731201172,
    "F0395": 16.42608642578125,
    "F0410": 15.848321914672852,
    "F0430": 15.77098274230957,
    "F0475_gSDSS": 15.415446281433105,
    "F0515": 15.24770736694336,
    "F0626_rSDSS": 14.904094696044922,
    "F0660": 14.848328590393066,
    "F0769_iSDSS": 14.747928619384766,
    "F0861": 14.706133842468262,
    "F0883_zSDSS": 14.691372871398926
}