{
    "id": "gaia_xp_spectrum_6112820557748680448-Ref",
    "F0352_uJAVA": 16.063804626464844,
    "F0378": 15.850590705871582,
    "F0395": 15.789290428161621,
    "F0410": 15.272673606872559,
    "F0430": 15.228976249694824,
    "F0475_gSDSS": 14.842402458190918,
    "F0515": 14.654412269592285,
    "F0626_rSDSS": 14.32516098022461,
    "F0660": 14.272890090942383,
    "F0769_iSDSS": 14.152178764343262,
    "F0861": 14.109962463378906,
    "F0883_zSDSS": 14.091320991516113
}