{
    "id": "gaia_xp_spectrum_6088843507683918464-Ref",
    "F0352_uJAVA": 16.772838592529297,
    "F0378": 16.635347366333008,
    "F0395": 16.53281021118164,
    "F0410": 16.01926612854004,
    "F0430": 15.938072204589844,
    "F0475_gSDSS": 15.606039047241211,
    "F0515": 15.432648658752441,
    "F0626_rSDSS": 15.117562294006348,
    "F0660": 15.063745498657227,
    "F0769_iSDSS": 14.964287757873535,
    "F0861": 14.929581642150879,
    "F0883_zSDSS": 14.903858184814453
}