{
    "id": "gaia_xp_spectrum_6112867080833977728-Ref",
    "F0352_uJAVA": 16.349050521850586,
    "F0378": 16.29698944091797,
    "F0395": 16.124034881591797,
    "F0410": 15.464585304260254,
    "F0430": 15.394537925720215,
    "F0475_gSDSS": 15.003231048583984,
    "F0515": 14.841365814208984,
    "F0626_rSDSS": 14.459002494812012,
    "F0660": 14.398965835571289,
    "F0769_iSDSS": 14.305310249328613,
    "F0861": 14.270048141479492,
    "F0883_zSDSS": 14.245118141174316
}