{
    "id": "gaia_xp_spectrum_6112819080279917440-Ref",
    "F0352_uJAVA": 16.400117874145508,
    "F0378": 16.273500442504883,
    "F0395": 16.225858688354492,
    "F0410": 15.622260093688965,
    "F0430": 15.583005905151367,
    "F0475_gSDSS": 15.182943344116211,
    "F0515": 15.012799263000488,
    "F0626_rSDSS": 14.656582832336426,
    "F0660": 14.607295989990234,
    "F0769_iSDSS": 14.488452911376953,
    "F0861": 14.442939758300781,
    "F0883_zSDSS": 14.421121597290039
}