{
    "id": "gaia_xp_spectrum_6112864572572951296-Ref",
    "F0352_uJAVA": 16.02641487121582,
    "F0378": 15.7526216506958,
    "F0395": 15.566601753234863,
    "F0410": 15.121194839477539,
    "F0430": 15.065300941467285,
    "F0475_gSDSS": 14.784407615661621,
    "F0515": 14.62228775024414,
    "F0626_rSDSS": 14.375017166137695,
    "F0660": 14.335715293884277,
    "F0769_iSDSS": 14.2608642578125,
    "F0861": 14.250986099243164,
    "F0883_zSDSS": 14.22796630859375
}