{
    "id": "gaia_xp_spectrum_6088791418320454912-Ref",
    "F0352_uJAVA": 17.001697540283203,
    "F0378": 16.792089462280273,
    "F0395": 16.639585494995117,
    "F0410": 16.11109733581543,
    "F0430": 16.04644203186035,
    "F0475_gSDSS": 15.656126022338867,
    "F0515": 15.484016418457031,
    "F0626_rSDSS": 15.13447093963623,
    "F0660": 15.076693534851074,
    "F0769_iSDSS": 14.98489761352539,
    "F0861": 14.9668607711792,
    "F0883_zSDSS": 14.932256698608398
}