{
    "id": "gaia_xp_spectrum_6088794132739779840-Ref",
    "F0352_uJAVA": 16.531620025634766,
    "F0378": 16.409019470214844,
    "F0395": 16.380474090576172,
    "F0410": 15.662651062011719,
    "F0430": 15.584888458251953,
    "F0475_gSDSS": 15.081182479858398,
    "F0515": 14.886405944824219,
    "F0626_rSDSS": 14.423786163330078,
    "F0660": 14.353657722473145,
    "F0769_iSDSS": 14.202239990234375,
    "F0861": 14.14306640625,
    "F0883_zSDSS": 14.104204177856445
}