{
    "id": "gaia_xp_spectrum_6112869073698687616-Ref",
    "F0352_uJAVA": 16.5225830078125,
    "F0378": 16.203414916992188,
    "F0395": 15.967184066772461,
    "F0410": 15.65944766998291,
    "F0430": 15.598560333251953,
    "F0475_gSDSS": 15.403522491455078,
    "F0515": 15.284530639648438,
    "F0626_rSDSS": 15.10029411315918,
    "F0660": 15.101153373718262,
    "F0769_iSDSS": 15.01832389831543,
    "F0861": 15.016433715820312,
    "F0883_zSDSS": 15.000123023986816
}