{
    "id": "gaia_xp_spectrum_6088861924503732864-Ref",
    "F0352_uJAVA": 16.509401321411133,
    "F0378": 16.429203033447266,
    "F0395": 16.33310890197754,
    "F0410": 15.638446807861328,
    "F0430": 15.54920482635498,
    "F0475_gSDSS": 15.089102745056152,
    "F0515": 14.9049654006958,
    "F0626_rSDSS": 14.462312698364258,
    "F0660": 14.408982276916504,
    "F0769_iSDSS": 14.271533966064453,
    "F0861": 14.220938682556152,
    "F0883_zSDSS": 14.18361759185791
}