{
    "id": "gaia_xp_spectrum_6112811143179766016-Ref",
    "F0352_uJAVA": 16.643918991088867,
    "F0378": 16.39904022216797,
    "F0395": 16.288660049438477,
    "F0410": 15.804520606994629,
    "F0430": 15.736427307128906,
    "F0475_gSDSS": 15.431737899780273,
    "F0515": 15.27209186553955,
    "F0626_rSDSS": 14.997404098510742,
    "F0660": 14.965616226196289,
    "F0769_iSDSS": 14.877765655517578,
    "F0861": 14.864044189453125,
    "F0883_zSDSS": 14.846356391906738
}