{
    "id": "gaia_xp_spectrum_6112813479642525952-Ref",
    "F0352_uJAVA": 16.222848892211914,
    "F0378": 16.177431106567383,
    "F0395": 15.910962104797363,
    "F0410": 15.338130950927734,
    "F0430": 15.2583646774292,
    "F0475_gSDSS": 14.871685028076172,
    "F0515": 14.697964668273926,
    "F0626_rSDSS": 14.356552124023438,
    "F0660": 14.309321403503418,
    "F0769_iSDSS": 14.222054481506348,
    "F0861": 14.203779220581055,
    "F0883_zSDSS": 14.179267883300781
}