{
    "id": "gaia_xp_spectrum_6112810902661596544-Ref",
    "F0352_uJAVA": 16.408390045166016,
    "F0378": 16.285905838012695,
    "F0395": 16.23984718322754,
    "F0410": 15.585372924804688,
    "F0430": 15.552732467651367,
    "F0475_gSDSS": 15.115774154663086,
    "F0515": 14.933381080627441,
    "F0626_rSDSS": 14.566204071044922,
    "F0660": 14.507269859313965,
    "F0769_iSDSS": 14.3975830078125,
    "F0861": 14.37037467956543,
    "F0883_zSDSS": 14.335089683532715
}