{
    "id": "gaia_xp_spectrum_6088778636497753088-Ref",
    "F0352_uJAVA": 16.690900802612305,
    "F0378": 16.401803970336914,
    "F0395": 16.253921508789062,
    "F0410": 15.873041152954102,
    "F0430": 15.827192306518555,
    "F0475_gSDSS": 15.541481018066406,
    "F0515": 15.388933181762695,
    "F0626_rSDSS": 15.14289379119873,
    "F0660": 15.120477676391602,
    "F0769_iSDSS": 15.033527374267578,
    "F0861": 15.013492584228516,
    "F0883_zSDSS": 14.999984741210938
}