{
    "id": "gaia_xp_spectrum_6088791143442534784-Ref",
    "F0352_uJAVA": 16.685962677001953,
    "F0378": 16.497570037841797,
    "F0395": 16.382095336914062,
    "F0410": 15.883992195129395,
    "F0430": 15.789864540100098,
    "F0475_gSDSS": 15.492653846740723,
    "F0515": 15.3121337890625,
    "F0626_rSDSS": 15.050228118896484,
    "F0660": 15.0029935836792,
    "F0769_iSDSS": 14.922232627868652,
    "F0861": 14.8994779586792,
    "F0883_zSDSS": 14.88365650177002
}