{
    "id": "gaia_xp_spectrum_6112867695011854464-Ref",
    "F0352_uJAVA": 16.652685165405273,
    "F0378": 16.563440322875977,
    "F0395": 16.358964920043945,
    "F0410": 15.747596740722656,
    "F0430": 15.620018005371094,
    "F0475_gSDSS": 15.131589889526367,
    "F0515": 14.94991683959961,
    "F0626_rSDSS": 14.449831008911133,
    "F0660": 14.36957836151123,
    "F0769_iSDSS": 14.236515998840332,
    "F0861": 14.163111686706543,
    "F0883_zSDSS": 14.134363174438477
}