{
    "id": "gaia_xp_spectrum_6112798395716939520-Ref",
    "F0352_uJAVA": 16.9993953704834,
    "F0378": 16.799667358398438,
    "F0395": 16.77025604248047,
    "F0410": 16.115928649902344,
    "F0430": 16.04416847229004,
    "F0475_gSDSS": 15.681488037109375,
    "F0515": 15.513257026672363,
    "F0626_rSDSS": 15.167184829711914,
    "F0660": 15.11739444732666,
    "F0769_iSDSS": 15.011280059814453,
    "F0861": 14.98088264465332,
    "F0883_zSDSS": 14.957529067993164
}