{
    "id": "gaia_xp_spectrum_6112797021327827072-Ref",
    "F0352_uJAVA": 16.795825958251953,
    "F0378": 16.682954788208008,
    "F0395": 16.5293025970459,
    "F0410": 15.912827491760254,
    "F0430": 15.907206535339355,
    "F0475_gSDSS": 15.539402961730957,
    "F0515": 15.383194923400879,
    "F0626_rSDSS": 15.049208641052246,
    "F0660": 15.012463569641113,
    "F0769_iSDSS": 14.903446197509766,
    "F0861": 14.890673637390137,
    "F0883_zSDSS": 14.864943504333496
}