{
    "id": "gaia_xp_spectrum_6112800079344129792-Ref",
    "F0352_uJAVA": 16.126144409179688,
    "F0378": 15.791860580444336,
    "F0395": 15.709580421447754,
    "F0410": 15.219046592712402,
    "F0430": 15.144180297851562,
    "F0475_gSDSS": 14.884839057922363,
    "F0515": 14.745807647705078,
    "F0626_rSDSS": 14.49278736114502,
    "F0660": 14.442564964294434,
    "F0769_iSDSS": 14.392263412475586,
    "F0861": 14.381978034973145,
    "F0883_zSDSS": 14.364373207092285
}