{
    "id": "gaia_xp_spectrum_6112799151631189760-Ref",
    "F0352_uJAVA": 16.010038375854492,
    "F0378": 15.963098526000977,
    "F0395": 15.889603614807129,
    "F0410": 15.179296493530273,
    "F0430": 15.12077522277832,
    "F0475_gSDSS": 14.693048477172852,
    "F0515": 14.509634017944336,
    "F0626_rSDSS": 14.11505126953125,
    "F0660": 14.040515899658203,
    "F0769_iSDSS": 13.920928955078125,
    "F0861": 13.860361099243164,
    "F0883_zSDSS": 13.834454536437988
}