{
    "id": "gaia_xp_spectrum_6112820214151288448-Ref",
    "F0352_uJAVA": 16.448284149169922,
    "F0378": 16.281600952148438,
    "F0395": 16.23833656311035,
    "F0410": 15.660789489746094,
    "F0430": 15.589524269104004,
    "F0475_gSDSS": 15.19582748413086,
    "F0515": 15.030142784118652,
    "F0626_rSDSS": 14.642044067382812,
    "F0660": 14.579507827758789,
    "F0769_iSDSS": 14.458465576171875,
    "F0861": 14.414783477783203,
    "F0883_zSDSS": 14.380986213684082
}