{
    "id": "gaia_xp_spectrum_6088790731125692416-Ref",
    "F0352_uJAVA": 16.45968246459961,
    "F0378": 16.377470016479492,
    "F0395": 16.207733154296875,
    "F0410": 15.596107482910156,
    "F0430": 15.499992370605469,
    "F0475_gSDSS": 15.141329765319824,
    "F0515": 14.967641830444336,
    "F0626_rSDSS": 14.641935348510742,
    "F0660": 14.609892845153809,
    "F0769_iSDSS": 14.516602516174316,
    "F0861": 14.491337776184082,
    "F0883_zSDSS": 14.475079536437988
}