{
    "id": "gaia_xp_spectrum_6112797399284950912-Ref",
    "F0352_uJAVA": 16.194005966186523,
    "F0378": 16.155879974365234,
    "F0395": 16.049400329589844,
    "F0410": 15.337653160095215,
    "F0430": 15.27047348022461,
    "F0475_gSDSS": 14.809595108032227,
    "F0515": 14.623451232910156,
    "F0626_rSDSS": 14.215068817138672,
    "F0660": 14.163607597351074,
    "F0769_iSDSS": 14.044413566589355,
    "F0861": 14.01466178894043,
    "F0883_zSDSS": 13.980411529541016
}