{
    "id": "gaia_xp_spectrum_6112802793763572608-Ref",
    "F0352_uJAVA": 16.73716163635254,
    "F0378": 16.545698165893555,
    "F0395": 16.559528350830078,
    "F0410": 15.859919548034668,
    "F0430": 15.724379539489746,
    "F0475_gSDSS": 15.19024658203125,
    "F0515": 14.92478084564209,
    "F0626_rSDSS": 14.416915893554688,
    "F0660": 14.321722030639648,
    "F0769_iSDSS": 14.10365104675293,
    "F0861": 13.982831954956055,
    "F0883_zSDSS": 13.942319869995117
}