{
    "id": "gaia_xp_spectrum_6112823375247215104-Ref",
    "F0352_uJAVA": 15.904881477355957,
    "F0378": 15.81820297241211,
    "F0395": 15.783076286315918,
    "F0410": 15.159783363342285,
    "F0430": 15.1109037399292,
    "F0475_gSDSS": 14.73486328125,
    "F0515": 14.563835144042969,
    "F0626_rSDSS": 14.242592811584473,
    "F0660": 14.189558982849121,
    "F0769_iSDSS": 14.100067138671875,
    "F0861": 14.068907737731934,
    "F0883_zSDSS": 14.042978286743164
}