{
    "id": "gaia_xp_spectrum_6112812861166817664-Ref",
    "F0352_uJAVA": 15.859554290771484,
    "F0378": 15.649677276611328,
    "F0395": 15.507062911987305,
    "F0410": 15.052799224853516,
    "F0430": 14.99218463897705,
    "F0475_gSDSS": 14.682860374450684,
    "F0515": 14.526260375976562,
    "F0626_rSDSS": 14.240507125854492,
    "F0660": 14.216586112976074,
    "F0769_iSDSS": 14.11202621459961,
    "F0861": 14.088651657104492,
    "F0883_zSDSS": 14.069050788879395
}