{
    "id": "gaia_xp_spectrum_6088848764723923328-Ref",
    "F0352_uJAVA": 17.013843536376953,
    "F0378": 16.717283248901367,
    "F0395": 16.58907127380371,
    "F0410": 16.211830139160156,
    "F0430": 16.117517471313477,
    "F0475_gSDSS": 15.86406421661377,
    "F0515": 15.717415809631348,
    "F0626_rSDSS": 15.460355758666992,
    "F0660": 15.44040298461914,
    "F0769_iSDSS": 15.33345890045166,
    "F0861": 15.326432228088379,
    "F0883_zSDSS": 15.301702499389648
}