{
    "id": "gaia_xp_spectrum_6112813170404459904-Ref",
    "F0352_uJAVA": 16.87482261657715,
    "F0378": 16.731555938720703,
    "F0395": 16.63552474975586,
    "F0410": 16.074352264404297,
    "F0430": 16.024864196777344,
    "F0475_gSDSS": 15.667747497558594,
    "F0515": 15.518857955932617,
    "F0626_rSDSS": 15.171239852905273,
    "F0660": 15.117971420288086,
    "F0769_iSDSS": 15.013147354125977,
    "F0861": 14.975062370300293,
    "F0883_zSDSS": 14.95316219329834
}