{
    "id": "gaia_xp_spectrum_6112811040100549760-Ref",
    "F0352_uJAVA": 16.9382381439209,
    "F0378": 16.76800537109375,
    "F0395": 16.721359252929688,
    "F0410": 16.108728408813477,
    "F0430": 16.01694107055664,
    "F0475_gSDSS": 15.62421703338623,
    "F0515": 15.43004035949707,
    "F0626_rSDSS": 15.07706069946289,
    "F0660": 15.007023811340332,
    "F0769_iSDSS": 14.903329849243164,
    "F0861": 14.867731094360352,
    "F0883_zSDSS": 14.835700988769531
}