{
    "id": "gaia_xp_spectrum_6088791177802266752-Ref",
    "F0352_uJAVA": 16.568531036376953,
    "F0378": 16.16017723083496,
    "F0395": 15.720551490783691,
    "F0410": 15.486189842224121,
    "F0430": 15.399656295776367,
    "F0475_gSDSS": 15.288857460021973,
    "F0515": 15.202783584594727,
    "F0626_rSDSS": 15.133142471313477,
    "F0660": 15.18293571472168,
    "F0769_iSDSS": 15.156243324279785,
    "F0861": 15.184246063232422,
    "F0883_zSDSS": 15.186168670654297
}