{
    "id": "gaia_xp_spectrum_6112867699309147008-Ref",
    "F0352_uJAVA": 16.253286361694336,
    "F0378": 16.238239288330078,
    "F0395": 16.039608001708984,
    "F0410": 15.389244079589844,
    "F0430": 15.29163646697998,
    "F0475_gSDSS": 14.767805099487305,
    "F0515": 14.580442428588867,
    "F0626_rSDSS": 14.088347434997559,
    "F0660": 13.98814582824707,
    "F0769_iSDSS": 13.824718475341797,
    "F0861": 13.728646278381348,
    "F0883_zSDSS": 13.687735557556152
}