{
    "id": "gaia_xp_spectrum_6112812655008817792-Ref",
    "F0352_uJAVA": 16.771028518676758,
    "F0378": 16.547452926635742,
    "F0395": 16.55104637145996,
    "F0410": 15.931937217712402,
    "F0430": 15.844463348388672,
    "F0475_gSDSS": 15.428786277770996,
    "F0515": 15.256092071533203,
    "F0626_rSDSS": 14.873332977294922,
    "F0660": 14.810128211975098,
    "F0769_iSDSS": 14.717101097106934,
    "F0861": 14.683027267456055,
    "F0883_zSDSS": 14.665013313293457
}