{
    "id": "gaia_xp_spectrum_6112806092298812032-Ref",
    "F0352_uJAVA": 16.440900802612305,
    "F0378": 16.310178756713867,
    "F0395": 16.248069763183594,
    "F0410": 15.584084510803223,
    "F0430": 15.552583694458008,
    "F0475_gSDSS": 15.07689094543457,
    "F0515": 14.878155708312988,
    "F0626_rSDSS": 14.46517562866211,
    "F0660": 14.398876190185547,
    "F0769_iSDSS": 14.255258560180664,
    "F0861": 14.19469928741455,
    "F0883_zSDSS": 14.158634185791016
}