{
    "id": "gaia_xp_spectrum_6112811349338318208-Ref",
    "F0352_uJAVA": 16.60173988342285,
    "F0378": 16.508716583251953,
    "F0395": 16.355228424072266,
    "F0410": 15.812165260314941,
    "F0430": 15.72586727142334,
    "F0475_gSDSS": 15.32502555847168,
    "F0515": 15.14313793182373,
    "F0626_rSDSS": 14.74405574798584,
    "F0660": 14.66491985321045,
    "F0769_iSDSS": 14.548406600952148,
    "F0861": 14.49028491973877,
    "F0883_zSDSS": 14.46129322052002
}