{
    "id": "gaia_xp_spectrum_6112867286992284160-Ref",
    "F0352_uJAVA": 16.59195327758789,
    "F0378": 16.300670623779297,
    "F0395": 16.178504943847656,
    "F0410": 15.729933738708496,
    "F0430": 15.689730644226074,
    "F0475_gSDSS": 15.406876564025879,
    "F0515": 15.246413230895996,
    "F0626_rSDSS": 14.982738494873047,
    "F0660": 14.95473861694336,
    "F0769_iSDSS": 14.855022430419922,
    "F0861": 14.83065414428711,
    "F0883_zSDSS": 14.807465553283691
}