{
    "id": "gaia_xp_spectrum_6112805508183250944-Ref",
    "F0352_uJAVA": 16.53617286682129,
    "F0378": 16.72197914123535,
    "F0395": 16.44049644470215,
    "F0410": 15.545905113220215,
    "F0430": 15.36767578125,
    "F0475_gSDSS": 14.74201774597168,
    "F0515": 14.613351821899414,
    "F0626_rSDSS": 13.956101417541504,
    "F0660": 13.865427017211914,
    "F0769_iSDSS": 13.724233627319336,
    "F0861": 13.6622953414917,
    "F0883_zSDSS": 13.623629570007324
}