{
    "id": "gaia_xp_spectrum_6088795713287803136-Ref",
    "F0352_uJAVA": 16.13186264038086,
    "F0378": 16.056726455688477,
    "F0395": 15.862223625183105,
    "F0410": 15.212728500366211,
    "F0430": 15.103271484375,
    "F0475_gSDSS": 14.676878929138184,
    "F0515": 14.488860130310059,
    "F0626_rSDSS": 14.100232124328613,
    "F0660": 14.04333782196045,
    "F0769_iSDSS": 13.948047637939453,
    "F0861": 13.915633201599121,
    "F0883_zSDSS": 13.892228126525879
}