{
    "id": "gaia_xp_spectrum_6112869004979217920-Ref",
    "F0352_uJAVA": 16.010547637939453,
    "F0378": 15.696802139282227,
    "F0395": 15.492602348327637,
    "F0410": 15.147370338439941,
    "F0430": 15.08729076385498,
    "F0475_gSDSS": 14.82274341583252,
    "F0515": 14.691621780395508,
    "F0626_rSDSS": 14.41903305053711,
    "F0660": 14.398876190185547,
    "F0769_iSDSS": 14.29326343536377,
    "F0861": 14.263036727905273,
    "F0883_zSDSS": 14.24990177154541
}