{
    "id": "gaia_xp_spectrum_6112799289070142592-Ref",
    "F0352_uJAVA": 16.167613983154297,
    "F0378": 16.01354217529297,
    "F0395": 15.893181800842285,
    "F0410": 15.355090141296387,
    "F0430": 15.261310577392578,
    "F0475_gSDSS": 14.920022010803223,
    "F0515": 14.746380805969238,
    "F0626_rSDSS": 14.428485870361328,
    "F0660": 14.38791275024414,
    "F0769_iSDSS": 14.287789344787598,
    "F0861": 14.264382362365723,
    "F0883_zSDSS": 14.238079071044922
}