{
    "id": "gaia_xp_spectrum_6112816022262626560-Ref",
    "F0352_uJAVA": 16.204851150512695,
    "F0378": 16.012109756469727,
    "F0395": 15.860611915588379,
    "F0410": 15.384305000305176,
    "F0430": 15.338064193725586,
    "F0475_gSDSS": 14.951869010925293,
    "F0515": 14.776605606079102,
    "F0626_rSDSS": 14.435172080993652,
    "F0660": 14.37792682647705,
    "F0769_iSDSS": 14.276761054992676,
    "F0861": 14.238686561584473,
    "F0883_zSDSS": 14.2199125289917
}