{
    "id": "gaia_xp_spectrum_6088843713842333568-Ref",
    "F0352_uJAVA": 16.33763313293457,
    "F0378": 16.143962860107422,
    "F0395": 16.051836013793945,
    "F0410": 15.453200340270996,
    "F0430": 15.381105422973633,
    "F0475_gSDSS": 15.00819206237793,
    "F0515": 14.837589263916016,
    "F0626_rSDSS": 14.488777160644531,
    "F0660": 14.450958251953125,
    "F0769_iSDSS": 14.334463119506836,
    "F0861": 14.295805931091309,
    "F0883_zSDSS": 14.276346206665039
}