{
    "id": "gaia_xp_spectrum_6112795921816214784-Ref",
    "F0352_uJAVA": 16.31060028076172,
    "F0378": 16.206079483032227,
    "F0395": 16.116533279418945,
    "F0410": 15.55163860321045,
    "F0430": 15.488822937011719,
    "F0475_gSDSS": 15.106465339660645,
    "F0515": 14.92374324798584,
    "F0626_rSDSS": 14.588784217834473,
    "F0660": 14.54481315612793,
    "F0769_iSDSS": 14.433971405029297,
    "F0861": 14.401993751525879,
    "F0883_zSDSS": 14.375438690185547
}