{
    "id": "gaia_xp_spectrum_6112794135109371776-Ref",
    "F0352_uJAVA": 16.648778915405273,
    "F0378": 16.375837326049805,
    "F0395": 16.435338973999023,
    "F0410": 15.802029609680176,
    "F0430": 15.730269432067871,
    "F0475_gSDSS": 15.365921974182129,
    "F0515": 15.203203201293945,
    "F0626_rSDSS": 14.849525451660156,
    "F0660": 14.805469512939453,
    "F0769_iSDSS": 14.699814796447754,
    "F0861": 14.673920631408691,
    "F0883_zSDSS": 14.647387504577637
}