{
    "id": "gaia_xp_spectrum_6088791109082790912-Ref",
    "F0352_uJAVA": 16.44409942626953,
    "F0378": 16.238698959350586,
    "F0395": 16.135202407836914,
    "F0410": 15.623592376708984,
    "F0430": 15.58465576171875,
    "F0475_gSDSS": 15.230677604675293,
    "F0515": 15.075963973999023,
    "F0626_rSDSS": 14.771476745605469,
    "F0660": 14.738480567932129,
    "F0769_iSDSS": 14.632262229919434,
    "F0861": 14.616985321044922,
    "F0883_zSDSS": 14.595036506652832
}