{
    "id": "gaia_xp_spectrum_6112815438147068928-Ref",
    "F0352_uJAVA": 16.375165939331055,
    "F0378": 16.207345962524414,
    "F0395": 16.18128204345703,
    "F0410": 15.540546417236328,
    "F0430": 15.471567153930664,
    "F0475_gSDSS": 15.091087341308594,
    "F0515": 14.900480270385742,
    "F0626_rSDSS": 14.56450080871582,
    "F0660": 14.512516975402832,
    "F0769_iSDSS": 14.40872859954834,
    "F0861": 14.378107070922852,
    "F0883_zSDSS": 14.35335922241211
}