{
    "id": "gaia_xp_spectrum_6112810662143967488-Ref",
    "F0352_uJAVA": 16.66527557373047,
    "F0378": 16.4520320892334,
    "F0395": 16.43804359436035,
    "F0410": 15.811637878417969,
    "F0430": 15.731461524963379,
    "F0475_gSDSS": 15.247233390808105,
    "F0515": 15.022412300109863,
    "F0626_rSDSS": 14.577260971069336,
    "F0660": 14.482564926147461,
    "F0769_iSDSS": 14.3211030960083,
    "F0861": 14.232197761535645,
    "F0883_zSDSS": 14.199544906616211
}