{
    "id": "gaia_xp_spectrum_6112806573335138048-Ref",
    "F0352_uJAVA": 16.648056030273438,
    "F0378": 16.427515029907227,
    "F0395": 16.38225555419922,
    "F0410": 15.901445388793945,
    "F0430": 15.853297233581543,
    "F0475_gSDSS": 15.48750114440918,
    "F0515": 15.316007614135742,
    "F0626_rSDSS": 14.966581344604492,
    "F0660": 14.914532661437988,
    "F0769_iSDSS": 14.778849601745605,
    "F0861": 14.734407424926758,
    "F0883_zSDSS": 14.700231552124023
}