{
    "id": "gaia_xp_spectrum_6112864744371766656-Ref",
    "F0352_uJAVA": 16.074481964111328,
    "F0378": 15.899152755737305,
    "F0395": 15.915599822998047,
    "F0410": 15.324868202209473,
    "F0430": 15.24751091003418,
    "F0475_gSDSS": 14.845928192138672,
    "F0515": 14.660555839538574,
    "F0626_rSDSS": 14.29574203491211,
    "F0660": 14.230937004089355,
    "F0769_iSDSS": 14.110431671142578,
    "F0861": 14.075752258300781,
    "F0883_zSDSS": 14.040847778320312
}