{
    "id": "gaia_xp_spectrum_6088689644777231616-Ref",
    "F0352_uJAVA": 16.598773956298828,
    "F0378": 16.483976364135742,
    "F0395": 16.318397521972656,
    "F0410": 15.789119720458984,
    "F0430": 15.690020561218262,
    "F0475_gSDSS": 15.324148178100586,
    "F0515": 15.167719841003418,
    "F0626_rSDSS": 14.77750015258789,
    "F0660": 14.723304748535156,
    "F0769_iSDSS": 14.607348442077637,
    "F0861": 14.569311141967773,
    "F0883_zSDSS": 14.544144630432129
}