{
    "id": "gaia_xp_spectrum_6088672533627372544-Ref",
    "F0352_uJAVA": 16.80086898803711,
    "F0378": 16.789142608642578,
    "F0395": 16.662805557250977,
    "F0410": 15.957131385803223,
    "F0430": 15.862083435058594,
    "F0475_gSDSS": 15.355901718139648,
    "F0515": 15.160691261291504,
    "F0626_rSDSS": 14.686676979064941,
    "F0660": 14.616172790527344,
    "F0769_iSDSS": 14.46835994720459,
    "F0861": 14.402802467346191,
    "F0883_zSDSS": 14.367968559265137
}