{
    "id": "gaia_xp_spectrum_6088641094466684800-Ref",
    "F0352_uJAVA": 15.880179405212402,
    "F0378": 15.725956916809082,
    "F0395": 15.591320037841797,
    "F0410": 15.032917022705078,
    "F0430": 14.966361999511719,
    "F0475_gSDSS": 14.562265396118164,
    "F0515": 14.383792877197266,
    "F0626_rSDSS": 13.999723434448242,
    "F0660": 13.937222480773926,
    "F0769_iSDSS": 13.813851356506348,
    "F0861": 13.764588356018066,
    "F0883_zSDSS": 13.733808517456055
}