{
    "id": "gaia_xp_spectrum_6088693493067827840-Ref",
    "F0352_uJAVA": 16.53147315979004,
    "F0378": 16.49464988708496,
    "F0395": 16.25226593017578,
    "F0410": 15.64530086517334,
    "F0430": 15.565683364868164,
    "F0475_gSDSS": 15.139400482177734,
    "F0515": 14.964767456054688,
    "F0626_rSDSS": 14.564800262451172,
    "F0660": 14.516548156738281,
    "F0769_iSDSS": 14.396685600280762,
    "F0861": 14.349161148071289,
    "F0883_zSDSS": 14.328742027282715
}