{
    "id": "gaia_xp_spectrum_6088713627874722176-Ref",
    "F0352_uJAVA": 16.7845458984375,
    "F0378": 16.450403213500977,
    "F0395": 16.186765670776367,
    "F0410": 15.84838581085205,
    "F0430": 15.78178882598877,
    "F0475_gSDSS": 15.589993476867676,
    "F0515": 15.472182273864746,
    "F0626_rSDSS": 15.284506797790527,
    "F0660": 15.287971496582031,
    "F0769_iSDSS": 15.216907501220703,
    "F0861": 15.226102828979492,
    "F0883_zSDSS": 15.214757919311523
}