{
    "id": "gaia_xp_spectrum_6088638100866691584-Ref",
    "F0352_uJAVA": 16.313262939453125,
    "F0378": 16.098623275756836,
    "F0395": 15.878336906433105,
    "F0410": 15.423100471496582,
    "F0430": 15.306024551391602,
    "F0475_gSDSS": 15.055298805236816,
    "F0515": 14.90337085723877,
    "F0626_rSDSS": 14.62944221496582,
    "F0660": 14.586901664733887,
    "F0769_iSDSS": 14.510396003723145,
    "F0861": 14.499223709106445,
    "F0883_zSDSS": 14.475727081298828
}