{
    "id": "gaia_xp_spectrum_6088644736598980096-Ref",
    "F0352_uJAVA": 16.419490814208984,
    "F0378": 16.205671310424805,
    "F0395": 16.136072158813477,
    "F0410": 15.62239933013916,
    "F0430": 15.552481651306152,
    "F0475_gSDSS": 15.16294002532959,
    "F0515": 14.97288990020752,
    "F0626_rSDSS": 14.603309631347656,
    "F0660": 14.535896301269531,
    "F0769_iSDSS": 14.406739234924316,
    "F0861": 14.351232528686523,
    "F0883_zSDSS": 14.316145896911621
}