{
    "id": "gaia_xp_spectrum_6088667310947057920-Ref",
    "F0352_uJAVA": 16.746248245239258,
    "F0378": 16.740535736083984,
    "F0395": 16.660442352294922,
    "F0410": 15.797262191772461,
    "F0430": 15.682182312011719,
    "F0475_gSDSS": 15.06549072265625,
    "F0515": 14.81985855102539,
    "F0626_rSDSS": 14.252464294433594,
    "F0660": 14.145668983459473,
    "F0769_iSDSS": 13.939647674560547,
    "F0861": 13.820845603942871,
    "F0883_zSDSS": 13.775739669799805
}