{
    "id": "gaia_xp_spectrum_6088618348319766144-Ref",
    "F0352_uJAVA": 17.105680465698242,
    "F0378": 16.93954849243164,
    "F0395": 16.88536262512207,
    "F0410": 16.35313606262207,
    "F0430": 16.319122314453125,
    "F0475_gSDSS": 15.928967475891113,
    "F0515": 15.745237350463867,
    "F0626_rSDSS": 15.386622428894043,
    "F0660": 15.3228759765625,
    "F0769_iSDSS": 15.203435897827148,
    "F0861": 15.150033950805664,
    "F0883_zSDSS": 15.11913013458252
}