{
    "id": "gaia_xp_spectrum_6088694931875461888-Ref",
    "F0352_uJAVA": 17.015796661376953,
    "F0378": 16.818222045898438,
    "F0395": 16.58527183532715,
    "F0410": 16.1751708984375,
    "F0430": 16.12386703491211,
    "F0475_gSDSS": 15.805039405822754,
    "F0515": 15.64090347290039,
    "F0626_rSDSS": 15.376041412353516,
    "F0660": 15.352131843566895,
    "F0769_iSDSS": 15.2509183883667,
    "F0861": 15.237081527709961,
    "F0883_zSDSS": 15.214473724365234
}