{
    "id": "gaia_xp_spectrum_6088646244123743104-Ref",
    "F0352_uJAVA": 16.265361785888672,
    "F0378": 16.147064208984375,
    "F0395": 16.101831436157227,
    "F0410": 15.492788314819336,
    "F0430": 15.451476097106934,
    "F0475_gSDSS": 15.069924354553223,
    "F0515": 14.904688835144043,
    "F0626_rSDSS": 14.542757034301758,
    "F0660": 14.504319190979004,
    "F0769_iSDSS": 14.362165451049805,
    "F0861": 14.311798095703125,
    "F0883_zSDSS": 14.284353256225586
}