{
    "id": "gaia_xp_spectrum_6088643843245756032-Ref",
    "F0352_uJAVA": 16.95935821533203,
    "F0378": 16.906749725341797,
    "F0395": 16.744077682495117,
    "F0410": 16.08734703063965,
    "F0430": 15.99542236328125,
    "F0475_gSDSS": 15.534611701965332,
    "F0515": 15.33147144317627,
    "F0626_rSDSS": 14.90177059173584,
    "F0660": 14.83265209197998,
    "F0769_iSDSS": 14.695120811462402,
    "F0861": 14.63243579864502,
    "F0883_zSDSS": 14.608558654785156
}