{
    "id": "gaia_xp_spectrum_6088698853187096192-Ref",
    "F0352_uJAVA": 16.98386001586914,
    "F0378": 16.77899932861328,
    "F0395": 16.610965728759766,
    "F0410": 16.190380096435547,
    "F0430": 16.09053611755371,
    "F0475_gSDSS": 15.785074234008789,
    "F0515": 15.617670059204102,
    "F0626_rSDSS": 15.305602073669434,
    "F0660": 15.252457618713379,
    "F0769_iSDSS": 15.150398254394531,
    "F0861": 15.11513900756836,
    "F0883_zSDSS": 15.095181465148926
}