{
    "id": "gaia_xp_spectrum_6088617008289957376-Ref",
    "F0352_uJAVA": 16.031343460083008,
    "F0378": 15.986825942993164,
    "F0395": 15.840543746948242,
    "F0410": 15.176925659179688,
    "F0430": 15.111939430236816,
    "F0475_gSDSS": 14.634594917297363,
    "F0515": 14.461176872253418,
    "F0626_rSDSS": 14.025568962097168,
    "F0660": 13.960536003112793,
    "F0769_iSDSS": 13.848751068115234,
    "F0861": 13.802329063415527,
    "F0883_zSDSS": 13.775185585021973
}