{
    "id": "gaia_xp_spectrum_6088667414026257920-Ref",
    "F0352_uJAVA": 17.099834442138672,
    "F0378": 16.84178924560547,
    "F0395": 16.734798431396484,
    "F0410": 16.284992218017578,
    "F0430": 16.180498123168945,
    "F0475_gSDSS": 15.875337600708008,
    "F0515": 15.708474159240723,
    "F0626_rSDSS": 15.393393516540527,
    "F0660": 15.35876178741455,
    "F0769_iSDSS": 15.240901947021484,
    "F0861": 15.204270362854004,
    "F0883_zSDSS": 15.18463134765625
}