{
    "id": "gaia_xp_spectrum_6088667379666543872-Ref",
    "F0352_uJAVA": 16.371915817260742,
    "F0378": 16.134721755981445,
    "F0395": 16.06390953063965,
    "F0410": 15.57265853881836,
    "F0430": 15.494752883911133,
    "F0475_gSDSS": 15.154143333435059,
    "F0515": 14.995856285095215,
    "F0626_rSDSS": 14.672673225402832,
    "F0660": 14.648406982421875,
    "F0769_iSDSS": 14.527872085571289,
    "F0861": 14.492085456848145,
    "F0883_zSDSS": 14.476666450500488
}