{
    "id": "gaia_xp_spectrum_6088644186843157888-Ref",
    "F0352_uJAVA": 16.687711715698242,
    "F0378": 16.521570205688477,
    "F0395": 16.53279685974121,
    "F0410": 15.873270034790039,
    "F0430": 15.79159164428711,
    "F0475_gSDSS": 15.360947608947754,
    "F0515": 15.172318458557129,
    "F0626_rSDSS": 14.762886047363281,
    "F0660": 14.69552230834961,
    "F0769_iSDSS": 14.566474914550781,
    "F0861": 14.50883674621582,
    "F0883_zSDSS": 14.4789457321167
}