{
    "id": "gaia_xp_spectrum_6088665421161385216-Ref",
    "F0352_uJAVA": 16.676074981689453,
    "F0378": 16.523271560668945,
    "F0395": 16.44472885131836,
    "F0410": 15.83516788482666,
    "F0430": 15.740896224975586,
    "F0475_gSDSS": 15.362629890441895,
    "F0515": 15.182120323181152,
    "F0626_rSDSS": 14.809921264648438,
    "F0660": 14.765276908874512,
    "F0769_iSDSS": 14.622605323791504,
    "F0861": 14.576742172241211,
    "F0883_zSDSS": 14.54832649230957
}