{
    "id": "gaia_xp_spectrum_6088713387356476544-Ref",
    "F0352_uJAVA": 16.759822845458984,
    "F0378": 16.552316665649414,
    "F0395": 16.546236038208008,
    "F0410": 16.073740005493164,
    "F0430": 16.043264389038086,
    "F0475_gSDSS": 15.657647132873535,
    "F0515": 15.465543746948242,
    "F0626_rSDSS": 15.103752136230469,
    "F0660": 15.030238151550293,
    "F0769_iSDSS": 14.909713745117188,
    "F0861": 14.849888801574707,
    "F0883_zSDSS": 14.831652641296387
}