{
    "id": "gaia_xp_spectrum_6088690813008118272-Ref",
    "F0352_uJAVA": 16.90689468383789,
    "F0378": 16.8286075592041,
    "F0395": 16.648792266845703,
    "F0410": 16.09163475036621,
    "F0430": 16.020381927490234,
    "F0475_gSDSS": 15.632746696472168,
    "F0515": 15.451641082763672,
    "F0626_rSDSS": 15.084397315979004,
    "F0660": 15.032170295715332,
    "F0769_iSDSS": 14.889195442199707,
    "F0861": 14.833381652832031,
    "F0883_zSDSS": 14.805601119995117
}