{
    "id": "gaia_xp_spectrum_6088652433180480768-Ref",
    "F0352_uJAVA": 16.418622970581055,
    "F0378": 16.216873168945312,
    "F0395": 16.079545974731445,
    "F0410": 15.766528129577637,
    "F0430": 15.664693832397461,
    "F0475_gSDSS": 15.390923500061035,
    "F0515": 15.228325843811035,
    "F0626_rSDSS": 14.953527450561523,
    "F0660": 14.912010192871094,
    "F0769_iSDSS": 14.801523208618164,
    "F0861": 14.763280868530273,
    "F0883_zSDSS": 14.746316909790039
}