{
    "id": "gaia_xp_spectrum_6088686655479846144-Ref",
    "F0352_uJAVA": 16.884675979614258,
    "F0378": 16.555673599243164,
    "F0395": 16.28530502319336,
    "F0410": 15.931571960449219,
    "F0430": 15.883711814880371,
    "F0475_gSDSS": 15.677827835083008,
    "F0515": 15.544713020324707,
    "F0626_rSDSS": 15.34442138671875,
    "F0660": 15.339674949645996,
    "F0769_iSDSS": 15.25859260559082,
    "F0861": 15.258077621459961,
    "F0883_zSDSS": 15.241456031799316
}