{
    "id": "gaia_xp_spectrum_6088667173508080000-Ref",
    "F0352_uJAVA": 17.023414611816406,
    "F0378": 16.91144371032715,
    "F0395": 16.775541305541992,
    "F0410": 16.174654006958008,
    "F0430": 16.096826553344727,
    "F0475_gSDSS": 15.704997062683105,
    "F0515": 15.5243558883667,
    "F0626_rSDSS": 15.15318489074707,
    "F0660": 15.110539436340332,
    "F0769_iSDSS": 14.979805946350098,
    "F0861": 14.937997817993164,
    "F0883_zSDSS": 14.91152286529541
}