{
    "id": "gaia_xp_spectrum_6088686930357778176-Ref",
    "F0352_uJAVA": 16.95189094543457,
    "F0378": 16.633625030517578,
    "F0395": 16.526992797851562,
    "F0410": 16.154760360717773,
    "F0430": 16.067420959472656,
    "F0475_gSDSS": 15.780790328979492,
    "F0515": 15.606727600097656,
    "F0626_rSDSS": 15.301074028015137,
    "F0660": 15.261398315429688,
    "F0769_iSDSS": 15.135505676269531,
    "F0861": 15.096803665161133,
    "F0883_zSDSS": 15.066146850585938
}