{
    "id": "gaia_xp_spectrum_6088713249917526528-Ref",
    "F0352_uJAVA": 16.576698303222656,
    "F0378": 16.429916381835938,
    "F0395": 16.293907165527344,
    "F0410": 15.805157661437988,
    "F0430": 15.749208450317383,
    "F0475_gSDSS": 15.364906311035156,
    "F0515": 15.1691312789917,
    "F0626_rSDSS": 14.815557479858398,
    "F0660": 14.753311157226562,
    "F0769_iSDSS": 14.625861167907715,
    "F0861": 14.573765754699707,
    "F0883_zSDSS": 14.54415225982666
}