{
    "id": "gaia_xp_spectrum_6088698303431283840-Ref",
    "F0352_uJAVA": 16.582216262817383,
    "F0378": 16.508258819580078,
    "F0395": 16.442012786865234,
    "F0410": 15.672757148742676,
    "F0430": 15.55088996887207,
    "F0475_gSDSS": 14.943275451660156,
    "F0515": 14.699562072753906,
    "F0626_rSDSS": 14.135994911193848,
    "F0660": 14.034485816955566,
    "F0769_iSDSS": 13.816046714782715,
    "F0861": 13.689684867858887,
    "F0883_zSDSS": 13.648537635803223
}