{
    "id": "gaia_xp_spectrum_6088615771339396096-Ref",
    "F0352_uJAVA": 17.107717514038086,
    "F0378": 16.907081604003906,
    "F0395": 16.756452560424805,
    "F0410": 16.2513484954834,
    "F0430": 16.192691802978516,
    "F0475_gSDSS": 15.879273414611816,
    "F0515": 15.712392807006836,
    "F0626_rSDSS": 15.416290283203125,
    "F0660": 15.373441696166992,
    "F0769_iSDSS": 15.280587196350098,
    "F0861": 15.247069358825684,
    "F0883_zSDSS": 15.229990005493164
}