{
    "id": "gaia_xp_spectrum_6088695211054698240-Ref",
    "F0352_uJAVA": 15.788908958435059,
    "F0378": 15.53771686553955,
    "F0395": 15.446561813354492,
    "F0410": 14.959383010864258,
    "F0430": 14.889042854309082,
    "F0475_gSDSS": 14.584081649780273,
    "F0515": 14.416886329650879,
    "F0626_rSDSS": 14.11833381652832,
    "F0660": 14.082883834838867,
    "F0769_iSDSS": 13.977582931518555,
    "F0861": 13.952656745910645,
    "F0883_zSDSS": 13.92500114440918
}