{
    "id": "gaia_xp_spectrum_6088686689840750976-Ref",
    "F0352_uJAVA": 17.04918098449707,
    "F0378": 16.80646324157715,
    "F0395": 16.7703857421875,
    "F0410": 16.219356536865234,
    "F0430": 16.133296966552734,
    "F0475_gSDSS": 15.786445617675781,
    "F0515": 15.623960494995117,
    "F0626_rSDSS": 15.268336296081543,
    "F0660": 15.227871894836426,
    "F0769_iSDSS": 15.10311222076416,
    "F0861": 15.070194244384766,
    "F0883_zSDSS": 15.043792724609375
}