{
    "id": "gaia_xp_spectrum_6088626762153058048-Ref",
    "F0352_uJAVA": 17.004179000854492,
    "F0378": 16.904014587402344,
    "F0395": 16.64676284790039,
    "F0410": 16.19222068786621,
    "F0430": 16.100053787231445,
    "F0475_gSDSS": 15.80642032623291,
    "F0515": 15.652701377868652,
    "F0626_rSDSS": 15.362689018249512,
    "F0660": 15.341460227966309,
    "F0769_iSDSS": 15.231542587280273,
    "F0861": 15.208817481994629,
    "F0883_zSDSS": 15.185087203979492
}