{
    "id": "gaia_xp_spectrum_6088641369344566016-Ref",
    "F0352_uJAVA": 16.622478485107422,
    "F0378": 16.58287811279297,
    "F0395": 16.407108306884766,
    "F0410": 15.824841499328613,
    "F0430": 15.77925968170166,
    "F0475_gSDSS": 15.39539623260498,
    "F0515": 15.235737800598145,
    "F0626_rSDSS": 14.868597984313965,
    "F0660": 14.809770584106445,
    "F0769_iSDSS": 14.697110176086426,
    "F0861": 14.647080421447754,
    "F0883_zSDSS": 14.625386238098145
}