{
    "id": "gaia_xp_spectrum_6088704007147868672-Ref",
    "F0352_uJAVA": 16.736793518066406,
    "F0378": 16.498151779174805,
    "F0395": 16.42156410217285,
    "F0410": 15.879788398742676,
    "F0430": 15.798792839050293,
    "F0475_gSDSS": 15.450336456298828,
    "F0515": 15.27440357208252,
    "F0626_rSDSS": 14.94868278503418,
    "F0660": 14.905832290649414,
    "F0769_iSDSS": 14.803177833557129,
    "F0861": 14.782224655151367,
    "F0883_zSDSS": 14.749334335327148
}