{
    "id": "gaia_xp_spectrum_6088666829910691200-Ref",
    "F0352_uJAVA": 16.61330795288086,
    "F0378": 16.44997787475586,
    "F0395": 16.36957359313965,
    "F0410": 15.771769523620605,
    "F0430": 15.691534996032715,
    "F0475_gSDSS": 15.297134399414062,
    "F0515": 15.109975814819336,
    "F0626_rSDSS": 14.739398002624512,
    "F0660": 14.694604873657227,
    "F0769_iSDSS": 14.55996322631836,
    "F0861": 14.510034561157227,
    "F0883_zSDSS": 14.490614891052246
}