{
    "id": "gaia_xp_spectrum_6088708542633270272-Ref",
    "F0352_uJAVA": 16.695802688598633,
    "F0378": 16.610525131225586,
    "F0395": 16.499784469604492,
    "F0410": 15.677009582519531,
    "F0430": 15.551158905029297,
    "F0475_gSDSS": 14.884551048278809,
    "F0515": 14.628486633300781,
    "F0626_rSDSS": 14.037477493286133,
    "F0660": 13.931807518005371,
    "F0769_iSDSS": 13.723538398742676,
    "F0861": 13.601947784423828,
    "F0883_zSDSS": 13.557242393493652
}