{
    "id": "gaia_xp_spectrum_6088638311327770112-Ref",
    "F0352_uJAVA": 16.71856117248535,
    "F0378": 16.462854385375977,
    "F0395": 16.41883087158203,
    "F0410": 15.896101951599121,
    "F0430": 15.82529067993164,
    "F0475_gSDSS": 15.526168823242188,
    "F0515": 15.36430835723877,
    "F0626_rSDSS": 15.075420379638672,
    "F0660": 15.035537719726562,
    "F0769_iSDSS": 14.939970016479492,
    "F0861": 14.91208267211914,
    "F0883_zSDSS": 14.89069938659668
}