{
    "id": "gaia_xp_spectrum_6088699952698690560-Ref",
    "F0352_uJAVA": 16.668231964111328,
    "F0378": 16.49549102783203,
    "F0395": 16.398883819580078,
    "F0410": 15.859548568725586,
    "F0430": 15.782791137695312,
    "F0475_gSDSS": 15.39694881439209,
    "F0515": 15.228731155395508,
    "F0626_rSDSS": 14.873751640319824,
    "F0660": 14.818338394165039,
    "F0769_iSDSS": 14.704468727111816,
    "F0861": 14.663677215576172,
    "F0883_zSDSS": 14.647149085998535
}