{
    "id": "gaia_xp_spectrum_6088691672001632768-Ref",
    "F0352_uJAVA": 16.23233985900879,
    "F0378": 15.853411674499512,
    "F0395": 15.26169490814209,
    "F0410": 14.997014999389648,
    "F0430": 14.952160835266113,
    "F0475_gSDSS": 14.882501602172852,
    "F0515": 14.830334663391113,
    "F0626_rSDSS": 14.858630180358887,
    "F0660": 14.959379196166992,
    "F0769_iSDSS": 14.947149276733398,
    "F0861": 15.012128829956055,
    "F0883_zSDSS": 14.996194839477539
}