{
    "id": "gaia_xp_spectrum_6088626422858289024-Ref",
    "F0352_uJAVA": 16.575319290161133,
    "F0378": 16.46791648864746,
    "F0395": 16.280593872070312,
    "F0410": 15.74132251739502,
    "F0430": 15.70396900177002,
    "F0475_gSDSS": 15.317397117614746,
    "F0515": 15.157023429870605,
    "F0626_rSDSS": 14.787476539611816,
    "F0660": 14.743281364440918,
    "F0769_iSDSS": 14.615851402282715,
    "F0861": 14.573749542236328,
    "F0883_zSDSS": 14.549283027648926
}