{
    "id": "gaia_xp_spectrum_6088671949511815040-Ref",
    "F0352_uJAVA": 16.253154754638672,
    "F0378": 16.09403419494629,
    "F0395": 16.042146682739258,
    "F0410": 15.376302719116211,
    "F0430": 15.273049354553223,
    "F0475_gSDSS": 14.836736679077148,
    "F0515": 14.644716262817383,
    "F0626_rSDSS": 14.223942756652832,
    "F0660": 14.15493106842041,
    "F0769_iSDSS": 14.027827262878418,
    "F0861": 13.968873977661133,
    "F0883_zSDSS": 13.939538955688477
}