{
    "id": "gaia_xp_spectrum_6088687308314931968-Ref",
    "F0352_uJAVA": 16.628555297851562,
    "F0378": 16.432647705078125,
    "F0395": 16.401500701904297,
    "F0410": 15.814486503601074,
    "F0430": 15.775309562683105,
    "F0475_gSDSS": 15.323163986206055,
    "F0515": 15.119697570800781,
    "F0626_rSDSS": 14.679590225219727,
    "F0660": 14.594297409057617,
    "F0769_iSDSS": 14.438508033752441,
    "F0861": 14.364852905273438,
    "F0883_zSDSS": 14.326841354370117
}