{
    "id": "gaia_xp_spectrum_6088671949511818240-Ref",
    "F0352_uJAVA": 16.56036949157715,
    "F0378": 16.293373107910156,
    "F0395": 16.277128219604492,
    "F0410": 15.80910873413086,
    "F0430": 15.74248218536377,
    "F0475_gSDSS": 15.390985488891602,
    "F0515": 15.204339027404785,
    "F0626_rSDSS": 14.875320434570312,
    "F0660": 14.81665325164795,
    "F0769_iSDSS": 14.691441535949707,
    "F0861": 14.645530700683594,
    "F0883_zSDSS": 14.620617866516113
}