{
    "id": "gaia_xp_spectrum_6088667895062602496-Ref",
    "F0352_uJAVA": 16.67306137084961,
    "F0378": 16.340822219848633,
    "F0395": 16.215412139892578,
    "F0410": 15.788944244384766,
    "F0430": 15.624208450317383,
    "F0475_gSDSS": 15.29763412475586,
    "F0515": 15.115705490112305,
    "F0626_rSDSS": 14.81273078918457,
    "F0660": 14.840472221374512,
    "F0769_iSDSS": 14.723936080932617,
    "F0861": 14.688748359680176,
    "F0883_zSDSS": 14.66349983215332
}