{
    "id": "gaia_xp_spectrum_6088644186843154560-Ref",
    "F0352_uJAVA": 17.33631706237793,
    "F0378": 16.770004272460938,
    "F0395": 16.568557739257812,
    "F0410": 16.271329879760742,
    "F0430": 16.16918182373047,
    "F0475_gSDSS": 15.972647666931152,
    "F0515": 15.870074272155762,
    "F0626_rSDSS": 15.54711627960205,
    "F0660": 15.514839172363281,
    "F0769_iSDSS": 15.396428108215332,
    "F0861": 15.355244636535645,
    "F0883_zSDSS": 15.319091796875
}