{
    "id": "gaia_xp_spectrum_6088642503215905280-Ref",
    "F0352_uJAVA": 16.96666145324707,
    "F0378": 16.689208984375,
    "F0395": 16.67117691040039,
    "F0410": 16.094993591308594,
    "F0430": 16.037431716918945,
    "F0475_gSDSS": 15.64393424987793,
    "F0515": 15.474106788635254,
    "F0626_rSDSS": 15.082849502563477,
    "F0660": 15.038666725158691,
    "F0769_iSDSS": 14.893841743469238,
    "F0861": 14.830974578857422,
    "F0883_zSDSS": 14.805109024047852
}