{
    "id": "gaia_xp_spectrum_6088710913455294976-Ref",
    "F0352_uJAVA": 15.82429027557373,
    "F0378": 15.62768268585205,
    "F0395": 15.510059356689453,
    "F0410": 15.064826965332031,
    "F0430": 14.985109329223633,
    "F0475_gSDSS": 14.667945861816406,
    "F0515": 14.498427391052246,
    "F0626_rSDSS": 14.196432113647461,
    "F0660": 14.163538932800293,
    "F0769_iSDSS": 14.051822662353516,
    "F0861": 14.026595115661621,
    "F0883_zSDSS": 13.999933242797852
}