{
    "id": "gaia_xp_spectrum_6088708783151449856-Ref",
    "F0352_uJAVA": 16.78944969177246,
    "F0378": 16.725914001464844,
    "F0395": 16.690752029418945,
    "F0410": 15.809605598449707,
    "F0430": 15.624454498291016,
    "F0475_gSDSS": 14.948251724243164,
    "F0515": 14.684335708618164,
    "F0626_rSDSS": 14.075296401977539,
    "F0660": 13.971145629882812,
    "F0769_iSDSS": 13.756298065185547,
    "F0861": 13.639301300048828,
    "F0883_zSDSS": 13.589554786682129
}