{
    "id": "gaia_xp_spectrum_6088668891494972416-Ref",
    "F0352_uJAVA": 15.810336112976074,
    "F0378": 15.576927185058594,
    "F0395": 15.519362449645996,
    "F0410": 15.05593204498291,
    "F0430": 14.996225357055664,
    "F0475_gSDSS": 14.629867553710938,
    "F0515": 14.460946083068848,
    "F0626_rSDSS": 14.103228569030762,
    "F0660": 14.055024147033691,
    "F0769_iSDSS": 13.918864250183105,
    "F0861": 13.868295669555664,
    "F0883_zSDSS": 13.845057487487793
}