{
    "id": "gaia_xp_spectrum_6088618348319766656-Ref",
    "F0352_uJAVA": 16.9879150390625,
    "F0378": 16.76270866394043,
    "F0395": 16.718847274780273,
    "F0410": 16.079116821289062,
    "F0430": 15.935853004455566,
    "F0475_gSDSS": 15.523930549621582,
    "F0515": 15.328587532043457,
    "F0626_rSDSS": 14.906684875488281,
    "F0660": 14.8491849899292,
    "F0769_iSDSS": 14.715731620788574,
    "F0861": 14.656888008117676,
    "F0883_zSDSS": 14.62861156463623
}