{
    "id": "gaia_xp_spectrum_6088617936002908032-Ref",
    "F0352_uJAVA": 16.946762084960938,
    "F0378": 16.714458465576172,
    "F0395": 16.58224105834961,
    "F0410": 16.14124870300293,
    "F0430": 16.06536865234375,
    "F0475_gSDSS": 15.73320198059082,
    "F0515": 15.566568374633789,
    "F0626_rSDSS": 15.243040084838867,
    "F0660": 15.191563606262207,
    "F0769_iSDSS": 15.081131935119629,
    "F0861": 15.040011405944824,
    "F0883_zSDSS": 15.015896797180176
}