{
    "id": "gaia_xp_spectrum_6088696688523510144-Ref",
    "F0352_uJAVA": 16.63409996032715,
    "F0378": 16.702529907226562,
    "F0395": 16.52872657775879,
    "F0410": 15.72426986694336,
    "F0430": 15.61066722869873,
    "F0475_gSDSS": 15.032976150512695,
    "F0515": 14.886250495910645,
    "F0626_rSDSS": 14.261129379272461,
    "F0660": 14.17887020111084,
    "F0769_iSDSS": 14.003201484680176,
    "F0861": 13.91775131225586,
    "F0883_zSDSS": 13.874805450439453
}