{
    "id": "gaia_xp_spectrum_6088645389434064256-Ref",
    "F0352_uJAVA": 17.04310417175293,
    "F0378": 17.067625045776367,
    "F0395": 16.89484977722168,
    "F0410": 16.25711441040039,
    "F0430": 16.14626121520996,
    "F0475_gSDSS": 15.769927024841309,
    "F0515": 15.581831932067871,
    "F0626_rSDSS": 15.215591430664062,
    "F0660": 15.148508071899414,
    "F0769_iSDSS": 15.032926559448242,
    "F0861": 14.98803997039795,
    "F0883_zSDSS": 14.96235179901123
}