{
    "id": "gaia_xp_spectrum_6088685555968258176-Ref",
    "F0352_uJAVA": 16.46881675720215,
    "F0378": 16.320510864257812,
    "F0395": 16.155595779418945,
    "F0410": 15.514820098876953,
    "F0430": 15.432762145996094,
    "F0475_gSDSS": 14.946199417114258,
    "F0515": 14.741852760314941,
    "F0626_rSDSS": 14.265172004699707,
    "F0660": 14.184000968933105,
    "F0769_iSDSS": 14.04192066192627,
    "F0861": 13.960657119750977,
    "F0883_zSDSS": 13.932275772094727
}