{
    "id": "gaia_xp_spectrum_6088695245414434816-Ref",
    "F0352_uJAVA": 16.527851104736328,
    "F0378": 16.287748336791992,
    "F0395": 16.12533950805664,
    "F0410": 15.726987838745117,
    "F0430": 15.659783363342285,
    "F0475_gSDSS": 15.367538452148438,
    "F0515": 15.20691967010498,
    "F0626_rSDSS": 14.928950309753418,
    "F0660": 14.90355110168457,
    "F0769_iSDSS": 14.791337013244629,
    "F0861": 14.748345375061035,
    "F0883_zSDSS": 14.73847770690918
}