{
    "id": "gaia_xp_spectrum_6088697410078026240-Ref",
    "F0352_uJAVA": 15.972243309020996,
    "F0378": 15.91448974609375,
    "F0395": 15.734566688537598,
    "F0410": 15.135699272155762,
    "F0430": 15.058083534240723,
    "F0475_gSDSS": 14.68172550201416,
    "F0515": 14.50136661529541,
    "F0626_rSDSS": 14.163420677185059,
    "F0660": 14.114121437072754,
    "F0769_iSDSS": 14.013375282287598,
    "F0861": 13.990121841430664,
    "F0883_zSDSS": 13.962532043457031
}