{
    "id": "gaia_xp_spectrum_6088667517105488896-Ref",
    "F0352_uJAVA": 16.854524612426758,
    "F0378": 16.713722229003906,
    "F0395": 16.540307998657227,
    "F0410": 16.020647048950195,
    "F0430": 15.928388595581055,
    "F0475_gSDSS": 15.53239631652832,
    "F0515": 15.363089561462402,
    "F0626_rSDSS": 14.963162422180176,
    "F0660": 14.910760879516602,
    "F0769_iSDSS": 14.778164863586426,
    "F0861": 14.730488777160645,
    "F0883_zSDSS": 14.70044994354248
}