{
    "id": "gaia_xp_spectrum_6088704247666052992-Ref",
    "F0352_uJAVA": 16.754329681396484,
    "F0378": 16.748926162719727,
    "F0395": 16.547771453857422,
    "F0410": 15.910183906555176,
    "F0430": 15.820987701416016,
    "F0475_gSDSS": 15.390360832214355,
    "F0515": 15.18578052520752,
    "F0626_rSDSS": 14.813322067260742,
    "F0660": 14.74658203125,
    "F0769_iSDSS": 14.625900268554688,
    "F0861": 14.574068069458008,
    "F0883_zSDSS": 14.543066024780273
}