{
    "id": "gaia_xp_spectrum_6088687377034409600-Ref",
    "F0352_uJAVA": 16.397451400756836,
    "F0378": 16.346435546875,
    "F0395": 16.143844604492188,
    "F0410": 15.57404613494873,
    "F0430": 15.491991996765137,
    "F0475_gSDSS": 15.050647735595703,
    "F0515": 14.865714073181152,
    "F0626_rSDSS": 14.421027183532715,
    "F0660": 14.34133243560791,
    "F0769_iSDSS": 14.212450981140137,
    "F0861": 14.14844036102295,
    "F0883_zSDSS": 14.118915557861328
}