{
    "id": "gaia_xp_spectrum_6088619172953535616-Ref",
    "F0352_uJAVA": 16.9788761138916,
    "F0378": 16.81954574584961,
    "F0395": 16.875032424926758,
    "F0410": 15.99795913696289,
    "F0430": 15.929360389709473,
    "F0475_gSDSS": 15.32603645324707,
    "F0515": 15.116632461547852,
    "F0626_rSDSS": 14.558893203735352,
    "F0660": 14.449445724487305,
    "F0769_iSDSS": 14.282215118408203,
    "F0861": 14.172221183776855,
    "F0883_zSDSS": 14.141404151916504
}