{
    "id": "gaia_xp_spectrum_6088670678201452416-Ref",
    "F0352_uJAVA": 17.080841064453125,
    "F0378": 16.89842414855957,
    "F0395": 16.72259521484375,
    "F0410": 16.418535232543945,
    "F0430": 16.37872314453125,
    "F0475_gSDSS": 16.064149856567383,
    "F0515": 15.897346496582031,
    "F0626_rSDSS": 15.539379119873047,
    "F0660": 15.487360954284668,
    "F0769_iSDSS": 15.323469161987305,
    "F0861": 15.254579544067383,
    "F0883_zSDSS": 15.23279857635498
}