{
    "id": "gaia_xp_spectrum_6088647279219640192-Ref",
    "F0352_uJAVA": 17.135726928710938,
    "F0378": 16.86107635498047,
    "F0395": 16.795543670654297,
    "F0410": 16.316923141479492,
    "F0430": 16.274179458618164,
    "F0475_gSDSS": 15.960896492004395,
    "F0515": 15.793460845947266,
    "F0626_rSDSS": 15.496452331542969,
    "F0660": 15.461897850036621,
    "F0769_iSDSS": 15.350997924804688,
    "F0861": 15.323653221130371,
    "F0883_zSDSS": 15.294529914855957
}