{
    "id": "gaia_xp_spectrum_6088642468856737792-Ref",
    "F0352_uJAVA": 16.49033546447754,
    "F0378": 16.274959564208984,
    "F0395": 16.307558059692383,
    "F0410": 15.663469314575195,
    "F0430": 15.59359073638916,
    "F0475_gSDSS": 15.202751159667969,
    "F0515": 15.039956092834473,
    "F0626_rSDSS": 14.649067878723145,
    "F0660": 14.594270706176758,
    "F0769_iSDSS": 14.477461814880371,
    "F0861": 14.433708190917969,
    "F0883_zSDSS": 14.407003402709961
}