{
    "id": "gaia_xp_spectrum_6088645286354823936-Ref",
    "F0352_uJAVA": 16.7074031829834,
    "F0378": 16.716615676879883,
    "F0395": 16.41068458557129,
    "F0410": 15.865068435668945,
    "F0430": 15.822541236877441,
    "F0475_gSDSS": 15.385907173156738,
    "F0515": 15.200525283813477,
    "F0626_rSDSS": 14.818321228027344,
    "F0660": 14.75485610961914,
    "F0769_iSDSS": 14.640591621398926,
    "F0861": 14.59549331665039,
    "F0883_zSDSS": 14.569578170776367
}