{
    "id": "gaia_xp_spectrum_6088618863715872384-Ref",
    "F0352_uJAVA": 16.76398468017578,
    "F0378": 16.780471801757812,
    "F0395": 16.507951736450195,
    "F0410": 15.854312896728516,
    "F0430": 15.747941970825195,
    "F0475_gSDSS": 15.25908374786377,
    "F0515": 15.065951347351074,
    "F0626_rSDSS": 14.596227645874023,
    "F0660": 14.525750160217285,
    "F0769_iSDSS": 14.382932662963867,
    "F0861": 14.311837196350098,
    "F0883_zSDSS": 14.285806655883789
}