{
    "id": "gaia_xp_spectrum_6088686002644905216-Ref",
    "F0352_uJAVA": 16.570581436157227,
    "F0378": 16.418926239013672,
    "F0395": 16.32280921936035,
    "F0410": 15.719847679138184,
    "F0430": 15.651845932006836,
    "F0475_gSDSS": 15.24487018585205,
    "F0515": 15.072274208068848,
    "F0626_rSDSS": 14.685611724853516,
    "F0660": 14.637566566467285,
    "F0769_iSDSS": 14.509326934814453,
    "F0861": 14.460888862609863,
    "F0883_zSDSS": 14.434221267700195
}