{
    "id": "gaia_xp_spectrum_6088628209564719872-Ref",
    "F0352_uJAVA": 16.61298370361328,
    "F0378": 16.547224044799805,
    "F0395": 16.38274383544922,
    "F0410": 15.716134071350098,
    "F0430": 15.622159957885742,
    "F0475_gSDSS": 15.1798734664917,
    "F0515": 14.988608360290527,
    "F0626_rSDSS": 14.570151329040527,
    "F0660": 14.495621681213379,
    "F0769_iSDSS": 14.38127326965332,
    "F0861": 14.332024574279785,
    "F0883_zSDSS": 14.302450180053711
}