{
    "id": "gaia_xp_spectrum_6088652089583103104-Ref",
    "F0352_uJAVA": 16.700576782226562,
    "F0378": 16.700790405273438,
    "F0395": 16.50175666809082,
    "F0410": 15.832347869873047,
    "F0430": 15.769804954528809,
    "F0475_gSDSS": 15.26699161529541,
    "F0515": 15.043872833251953,
    "F0626_rSDSS": 14.596234321594238,
    "F0660": 14.515181541442871,
    "F0769_iSDSS": 14.364873886108398,
    "F0861": 14.287261009216309,
    "F0883_zSDSS": 14.259675979614258
}