{
    "id": "gaia_xp_spectrum_6088615324662773248-Ref",
    "F0352_uJAVA": 16.398944854736328,
    "F0378": 16.50579071044922,
    "F0395": 16.25892448425293,
    "F0410": 15.442233085632324,
    "F0430": 15.336828231811523,
    "F0475_gSDSS": 14.770712852478027,
    "F0515": 14.615854263305664,
    "F0626_rSDSS": 14.069968223571777,
    "F0660": 13.99351978302002,
    "F0769_iSDSS": 13.842100143432617,
    "F0861": 13.76496410369873,
    "F0883_zSDSS": 13.733626365661621
}