{
    "id": "gaia_xp_spectrum_6088639376479683840-Ref",
    "F0352_uJAVA": 16.583171844482422,
    "F0378": 16.47714614868164,
    "F0395": 16.326066970825195,
    "F0410": 15.765471458435059,
    "F0430": 15.705723762512207,
    "F0475_gSDSS": 15.265560150146484,
    "F0515": 15.079063415527344,
    "F0626_rSDSS": 14.672430992126465,
    "F0660": 14.60820484161377,
    "F0769_iSDSS": 14.477943420410156,
    "F0861": 14.418180465698242,
    "F0883_zSDSS": 14.388694763183594
}