{
    "id": "gaia_xp_spectrum_6088667723263889792-Ref",
    "F0352_uJAVA": 16.641096115112305,
    "F0378": 16.370798110961914,
    "F0395": 16.450977325439453,
    "F0410": 15.80976676940918,
    "F0430": 15.77117919921875,
    "F0475_gSDSS": 15.395703315734863,
    "F0515": 15.211406707763672,
    "F0626_rSDSS": 14.865097045898438,
    "F0660": 14.801249504089355,
    "F0769_iSDSS": 14.684767723083496,
    "F0861": 14.629199981689453,
    "F0883_zSDSS": 14.607285499572754
}