{
    "id": "gaia_xp_spectrum_6088671502835195264-Ref",
    "F0352_uJAVA": 16.113067626953125,
    "F0378": 15.929048538208008,
    "F0395": 15.786818504333496,
    "F0410": 15.280932426452637,
    "F0430": 15.197361946105957,
    "F0475_gSDSS": 14.845760345458984,
    "F0515": 14.672456741333008,
    "F0626_rSDSS": 14.304842948913574,
    "F0660": 14.255743026733398,
    "F0769_iSDSS": 14.127920150756836,
    "F0861": 14.08551025390625,
    "F0883_zSDSS": 14.052010536193848
}