{
    "id": "gaia_xp_spectrum_6088640682149805440-Ref",
    "F0352_uJAVA": 15.915741920471191,
    "F0378": 15.710734367370605,
    "F0395": 15.577437400817871,
    "F0410": 15.137022972106934,
    "F0430": 15.062155723571777,
    "F0475_gSDSS": 14.769801139831543,
    "F0515": 14.605915069580078,
    "F0626_rSDSS": 14.318465232849121,
    "F0660": 14.27605152130127,
    "F0769_iSDSS": 14.173274993896484,
    "F0861": 14.141528129577637,
    "F0883_zSDSS": 14.119970321655273
}