{
    "id": "gaia_xp_spectrum_6088687514473327616-Ref",
    "F0352_uJAVA": 15.881986618041992,
    "F0378": 15.68395709991455,
    "F0395": 15.618682861328125,
    "F0410": 15.086585998535156,
    "F0430": 15.0423583984375,
    "F0475_gSDSS": 14.650134086608887,
    "F0515": 14.477153778076172,
    "F0626_rSDSS": 14.098969459533691,
    "F0660": 14.04322624206543,
    "F0769_iSDSS": 13.911870002746582,
    "F0861": 13.866886138916016,
    "F0883_zSDSS": 13.832169532775879
}