{
    "id": "gaia_xp_spectrum_6088710466778717440-Ref",
    "F0352_uJAVA": 16.289186477661133,
    "F0378": 16.21390724182129,
    "F0395": 16.041221618652344,
    "F0410": 15.497766494750977,
    "F0430": 15.451409339904785,
    "F0475_gSDSS": 15.058845520019531,
    "F0515": 14.887405395507812,
    "F0626_rSDSS": 14.531659126281738,
    "F0660": 14.46906566619873,
    "F0769_iSDSS": 14.362786293029785,
    "F0861": 14.324828147888184,
    "F0883_zSDSS": 14.297507286071777
}