{
    "id": "gaia_xp_spectrum_6088668857135221248-Ref",
    "F0352_uJAVA": 16.002986907958984,
    "F0378": 15.971102714538574,
    "F0395": 15.879297256469727,
    "F0410": 15.17066764831543,
    "F0430": 15.113389015197754,
    "F0475_gSDSS": 14.650585174560547,
    "F0515": 14.474340438842773,
    "F0626_rSDSS": 14.034783363342285,
    "F0660": 13.970264434814453,
    "F0769_iSDSS": 13.836063385009766,
    "F0861": 13.794149398803711,
    "F0883_zSDSS": 13.756131172180176
}