{
    "id": "gaia_xp_spectrum_6088692565354854784-Ref",
    "F0352_uJAVA": 16.35210609436035,
    "F0378": 16.156234741210938,
    "F0395": 16.18549919128418,
    "F0410": 15.43553352355957,
    "F0430": 15.34179401397705,
    "F0475_gSDSS": 14.753241539001465,
    "F0515": 14.506158828735352,
    "F0626_rSDSS": 13.982312202453613,
    "F0660": 13.888888359069824,
    "F0769_iSDSS": 13.69000244140625,
    "F0861": 13.581156730651855,
    "F0883_zSDSS": 13.538651466369629
}