{
    "id": "gaia_xp_spectrum_6088710432418966272-Ref",
    "F0352_uJAVA": 15.689983367919922,
    "F0378": 15.44389820098877,
    "F0395": 15.327208518981934,
    "F0410": 14.904491424560547,
    "F0430": 14.829049110412598,
    "F0475_gSDSS": 14.545493125915527,
    "F0515": 14.379928588867188,
    "F0626_rSDSS": 14.110173225402832,
    "F0660": 14.079985618591309,
    "F0769_iSDSS": 13.976944923400879,
    "F0861": 13.948813438415527,
    "F0883_zSDSS": 13.928394317626953
}