{
    "id": "gaia_xp_spectrum_6088614843626442368-Ref",
    "F0352_uJAVA": 16.873703002929688,
    "F0378": 16.683208465576172,
    "F0395": 16.620948791503906,
    "F0410": 16.096437454223633,
    "F0430": 16.053466796875,
    "F0475_gSDSS": 15.727729797363281,
    "F0515": 15.57252025604248,
    "F0626_rSDSS": 15.258700370788574,
    "F0660": 15.217796325683594,
    "F0769_iSDSS": 15.11022663116455,
    "F0861": 15.077825546264648,
    "F0883_zSDSS": 15.059831619262695
}