{
    "id": "gaia_xp_spectrum_6088692015598991488-Ref",
    "F0352_uJAVA": 16.261869430541992,
    "F0378": 16.235946655273438,
    "F0395": 16.1096248626709,
    "F0410": 15.43453598022461,
    "F0430": 15.32564926147461,
    "F0475_gSDSS": 14.84788703918457,
    "F0515": 14.64882755279541,
    "F0626_rSDSS": 14.19478988647461,
    "F0660": 14.128392219543457,
    "F0769_iSDSS": 13.997825622558594,
    "F0861": 13.93543815612793,
    "F0883_zSDSS": 13.911478042602539
}