{
    "id": "gaia_xp_spectrum_6088695348493668736-Ref",
    "F0352_uJAVA": 16.92823600769043,
    "F0378": 16.804670333862305,
    "F0395": 16.7235050201416,
    "F0410": 16.06328010559082,
    "F0430": 15.962809562683105,
    "F0475_gSDSS": 15.548298835754395,
    "F0515": 15.369222640991211,
    "F0626_rSDSS": 14.977189064025879,
    "F0660": 14.92930793762207,
    "F0769_iSDSS": 14.799797058105469,
    "F0861": 14.75832748413086,
    "F0883_zSDSS": 14.727875709533691
}