{
    "id": "gaia_xp_spectrum_6088680505086650752-Ref",
    "F0352_uJAVA": 16.12102508544922,
    "F0378": 15.920411109924316,
    "F0395": 15.723125457763672,
    "F0410": 15.274560928344727,
    "F0430": 15.1951322555542,
    "F0475_gSDSS": 14.846966743469238,
    "F0515": 14.646591186523438,
    "F0626_rSDSS": 14.305395126342773,
    "F0660": 14.262141227722168,
    "F0769_iSDSS": 14.118244171142578,
    "F0861": 14.07216739654541,
    "F0883_zSDSS": 14.040223121643066
}