{
    "id": "gaia_xp_spectrum_6088619344752806912-Ref",
    "F0352_uJAVA": 16.720443725585938,
    "F0378": 16.65191650390625,
    "F0395": 16.54229736328125,
    "F0410": 15.818083763122559,
    "F0430": 15.767901420593262,
    "F0475_gSDSS": 15.271211624145508,
    "F0515": 15.083799362182617,
    "F0626_rSDSS": 14.629396438598633,
    "F0660": 14.561396598815918,
    "F0769_iSDSS": 14.426020622253418,
    "F0861": 14.364588737487793,
    "F0883_zSDSS": 14.335240364074707
}