{
    "id": "gaia_xp_spectrum_6088643808886014720-Ref",
    "F0352_uJAVA": 17.057519912719727,
    "F0378": 16.840229034423828,
    "F0395": 16.753145217895508,
    "F0410": 16.15374183654785,
    "F0430": 16.087215423583984,
    "F0475_gSDSS": 15.685420036315918,
    "F0515": 15.518192291259766,
    "F0626_rSDSS": 15.125372886657715,
    "F0660": 15.059499740600586,
    "F0769_iSDSS": 14.94723892211914,
    "F0861": 14.889012336730957,
    "F0883_zSDSS": 14.86856746673584
}