{
    "id": "gaia_xp_spectrum_6088704075867353088-Ref",
    "F0352_uJAVA": 16.297351837158203,
    "F0378": 16.20463752746582,
    "F0395": 16.052295684814453,
    "F0410": 15.426102638244629,
    "F0430": 15.37997817993164,
    "F0475_gSDSS": 14.901613235473633,
    "F0515": 14.720274925231934,
    "F0626_rSDSS": 14.301669120788574,
    "F0660": 14.234177589416504,
    "F0769_iSDSS": 14.116371154785156,
    "F0861": 14.075556755065918,
    "F0883_zSDSS": 14.04214859008789
}