{
    "id": "gaia_xp_spectrum_6088672739785805952-Ref",
    "F0352_uJAVA": 16.572986602783203,
    "F0378": 16.296998977661133,
    "F0395": 16.330080032348633,
    "F0410": 15.760982513427734,
    "F0430": 15.70976734161377,
    "F0475_gSDSS": 15.307950019836426,
    "F0515": 15.118999481201172,
    "F0626_rSDSS": 14.73426342010498,
    "F0660": 14.672446250915527,
    "F0769_iSDSS": 14.538350105285645,
    "F0861": 14.48465347290039,
    "F0883_zSDSS": 14.453962326049805
}