{
    "id": "gaia_xp_spectrum_6088690331972000512-Ref",
    "F0352_uJAVA": 16.31642723083496,
    "F0378": 16.358232498168945,
    "F0395": 16.186664581298828,
    "F0410": 15.397238731384277,
    "F0430": 15.297941207885742,
    "F0475_gSDSS": 14.727941513061523,
    "F0515": 14.584162712097168,
    "F0626_rSDSS": 14.0170316696167,
    "F0660": 13.934102058410645,
    "F0769_iSDSS": 13.793540000915527,
    "F0861": 13.73352336883545,
    "F0883_zSDSS": 13.696150779724121
}