{
    "id": "gaia_xp_spectrum_6088693493067824640-Ref",
    "F0352_uJAVA": 16.931453704833984,
    "F0378": 16.818737030029297,
    "F0395": 16.70950698852539,
    "F0410": 16.10279083251953,
    "F0430": 16.03581428527832,
    "F0475_gSDSS": 15.615676879882812,
    "F0515": 15.428215026855469,
    "F0626_rSDSS": 15.04369068145752,
    "F0660": 14.979843139648438,
    "F0769_iSDSS": 14.858816146850586,
    "F0861": 14.807369232177734,
    "F0883_zSDSS": 14.785409927368164
}