{
    "id": "gaia_xp_spectrum_6088641953460168576-Ref",
    "F0352_uJAVA": 16.933420181274414,
    "F0378": 16.82748031616211,
    "F0395": 16.662519454956055,
    "F0410": 16.00221061706543,
    "F0430": 15.876219749450684,
    "F0475_gSDSS": 15.393442153930664,
    "F0515": 15.208739280700684,
    "F0626_rSDSS": 14.71084213256836,
    "F0660": 14.641582489013672,
    "F0769_iSDSS": 14.49292278289795,
    "F0861": 14.419292449951172,
    "F0883_zSDSS": 14.387015342712402
}