{
    "id": "gaia_xp_spectrum_6088677275271222784-Ref",
    "F0352_uJAVA": 16.383453369140625,
    "F0378": 16.080778121948242,
    "F0395": 15.924302101135254,
    "F0410": 15.555024147033691,
    "F0430": 15.52081298828125,
    "F0475_gSDSS": 15.265524864196777,
    "F0515": 15.120150566101074,
    "F0626_rSDSS": 14.866384506225586,
    "F0660": 14.839463233947754,
    "F0769_iSDSS": 14.736994743347168,
    "F0861": 14.71278190612793,
    "F0883_zSDSS": 14.692522048950195
}