{
    "id": "gaia_xp_spectrum_6088699883979207680-Ref",
    "F0352_uJAVA": 16.41392707824707,
    "F0378": 16.265731811523438,
    "F0395": 16.240324020385742,
    "F0410": 15.627129554748535,
    "F0430": 15.609360694885254,
    "F0475_gSDSS": 15.233086585998535,
    "F0515": 15.057353019714355,
    "F0626_rSDSS": 14.728079795837402,
    "F0660": 14.679383277893066,
    "F0769_iSDSS": 14.563010215759277,
    "F0861": 14.529777526855469,
    "F0883_zSDSS": 14.502132415771484
}