{
    "id": "gaia_xp_spectrum_6088665180643208448-Ref",
    "F0352_uJAVA": 16.781288146972656,
    "F0378": 16.77102279663086,
    "F0395": 16.521804809570312,
    "F0410": 15.859115600585938,
    "F0430": 15.778332710266113,
    "F0475_gSDSS": 15.319308280944824,
    "F0515": 15.11782455444336,
    "F0626_rSDSS": 14.70068359375,
    "F0660": 14.651280403137207,
    "F0769_iSDSS": 14.515698432922363,
    "F0861": 14.460062026977539,
    "F0883_zSDSS": 14.435154914855957
}