{
    "id": "gaia_xp_spectrum_6088696340624737408-Ref",
    "F0352_uJAVA": 16.487586975097656,
    "F0378": 16.30309295654297,
    "F0395": 16.17890167236328,
    "F0410": 15.68675708770752,
    "F0430": 15.601271629333496,
    "F0475_gSDSS": 15.29367446899414,
    "F0515": 15.13452434539795,
    "F0626_rSDSS": 14.82142162322998,
    "F0660": 14.779748916625977,
    "F0769_iSDSS": 14.676962852478027,
    "F0861": 14.6339693069458,
    "F0883_zSDSS": 14.617618560791016
}