{
    "id": "gaia_xp_spectrum_6088647313579382016-Ref",
    "F0352_uJAVA": 16.30804443359375,
    "F0378": 16.23995018005371,
    "F0395": 16.079296112060547,
    "F0410": 15.42361831665039,
    "F0430": 15.342011451721191,
    "F0475_gSDSS": 14.870281219482422,
    "F0515": 14.67522144317627,
    "F0626_rSDSS": 14.252630233764648,
    "F0660": 14.18050479888916,
    "F0769_iSDSS": 14.054814338684082,
    "F0861": 14.003649711608887,
    "F0883_zSDSS": 13.972626686096191
}