{
    "id": "gaia_xp_spectrum_6088699196784513152-Ref",
    "F0352_uJAVA": 16.65609359741211,
    "F0378": 16.797250747680664,
    "F0395": 16.431333541870117,
    "F0410": 15.684049606323242,
    "F0430": 15.51336669921875,
    "F0475_gSDSS": 14.940211296081543,
    "F0515": 14.785205841064453,
    "F0626_rSDSS": 14.199333190917969,
    "F0660": 14.112176895141602,
    "F0769_iSDSS": 13.98462963104248,
    "F0861": 13.92531681060791,
    "F0883_zSDSS": 13.893777847290039
}