{
    "id": "gaia_xp_spectrum_6088699162424773248-Ref",
    "F0352_uJAVA": 17.09581756591797,
    "F0378": 16.849531173706055,
    "F0395": 16.65398406982422,
    "F0410": 16.30373764038086,
    "F0430": 16.245193481445312,
    "F0475_gSDSS": 15.946806907653809,
    "F0515": 15.800251007080078,
    "F0626_rSDSS": 15.531753540039062,
    "F0660": 15.492758750915527,
    "F0769_iSDSS": 15.391698837280273,
    "F0861": 15.360339164733887,
    "F0883_zSDSS": 15.350459098815918
}