{
    "id": "gaia_xp_spectrum_6088647176140412032-Ref",
    "F0352_uJAVA": 16.99065589904785,
    "F0378": 16.908533096313477,
    "F0395": 16.939842224121094,
    "F0410": 16.11197280883789,
    "F0430": 16.06057357788086,
    "F0475_gSDSS": 15.59072208404541,
    "F0515": 15.406698226928711,
    "F0626_rSDSS": 14.986065864562988,
    "F0660": 14.93426513671875,
    "F0769_iSDSS": 14.802279472351074,
    "F0861": 14.760279655456543,
    "F0883_zSDSS": 14.726341247558594
}