{
    "id": "gaia_xp_spectrum_6088682910268347648-Ref",
    "F0352_uJAVA": 16.14458656311035,
    "F0378": 16.09878158569336,
    "F0395": 16.1010799407959,
    "F0410": 15.31156063079834,
    "F0430": 15.28724479675293,
    "F0475_gSDSS": 14.808432579040527,
    "F0515": 14.643117904663086,
    "F0626_rSDSS": 14.220528602600098,
    "F0660": 14.163805961608887,
    "F0769_iSDSS": 14.031667709350586,
    "F0861": 13.976372718811035,
    "F0883_zSDSS": 13.949345588684082
}