{
    "id": "gaia_xp_spectrum_6088690538130446592-Ref",
    "F0352_uJAVA": 16.807720184326172,
    "F0378": 16.603376388549805,
    "F0395": 16.40938377380371,
    "F0410": 16.06752586364746,
    "F0430": 15.987042427062988,
    "F0475_gSDSS": 15.639835357666016,
    "F0515": 15.45527172088623,
    "F0626_rSDSS": 15.087993621826172,
    "F0660": 15.03387451171875,
    "F0769_iSDSS": 14.883336067199707,
    "F0861": 14.827259063720703,
    "F0883_zSDSS": 14.797381401062012
}