{
    "id": "gaia_xp_spectrum_6088638276968022784-Ref",
    "F0352_uJAVA": 17.140581130981445,
    "F0378": 16.83793067932129,
    "F0395": 16.593080520629883,
    "F0410": 16.28712272644043,
    "F0430": 16.195852279663086,
    "F0475_gSDSS": 15.991377830505371,
    "F0515": 15.863700866699219,
    "F0626_rSDSS": 15.652583122253418,
    "F0660": 15.632615089416504,
    "F0769_iSDSS": 15.561623573303223,
    "F0861": 15.545087814331055,
    "F0883_zSDSS": 15.533407211303711
}