{
    "id": "gaia_xp_spectrum_6088645251995090560-Ref",
    "F0352_uJAVA": 16.188472747802734,
    "F0378": 15.987260818481445,
    "F0395": 15.879827499389648,
    "F0410": 15.418124198913574,
    "F0430": 15.354292869567871,
    "F0475_gSDSS": 15.012207984924316,
    "F0515": 14.83427619934082,
    "F0626_rSDSS": 14.518757820129395,
    "F0660": 14.479665756225586,
    "F0769_iSDSS": 14.358919143676758,
    "F0861": 14.319131851196289,
    "F0883_zSDSS": 14.296517372131348
}