{
    "id": "gaia_xp_spectrum_6088700742972684160-Ref",
    "F0352_uJAVA": 16.64378547668457,
    "F0378": 16.6370792388916,
    "F0395": 16.492259979248047,
    "F0410": 15.801969528198242,
    "F0430": 15.744664192199707,
    "F0475_gSDSS": 15.272553443908691,
    "F0515": 15.097088813781738,
    "F0626_rSDSS": 14.668599128723145,
    "F0660": 14.62117862701416,
    "F0769_iSDSS": 14.481119155883789,
    "F0861": 14.438690185546875,
    "F0883_zSDSS": 14.404940605163574
}