 redshift id F0378 F0378_err F0395 F0395_err F0410 F0410_err F0430 F0430_err F0515 F0515_err F0660 F0660_err F0861 F0861_err sdss.up sdss.up_err sdss.gp sdss.gp_err sdss.rp sdss.rp_err sdss.ip sdss.ip_err sdss.zp sdss.zp_err
0.001825 T17-2421 6.449510e-03 3.224755e-03 8.105765e-03 4.052883e-03 5.209005e-03 2.604503e-03 1.404648e-02 7.023240e-03 2.847233e-02 7.183804e-03 2.943658e-02 3.634934e-03 2.991898e-02 1.108611e-02 2.967923e-03 8.200676e-05 1.407780e-02 2.593226e-04 2.336169e-02 4.303382e-04 3.245761e-02 5.978912e-04 3.398105e-02 6.259541e-04
0.001825 T17-2433 7.529236e-03 3.764618e-03 1.096720e-02 5.483601e-03 1.581172e-02 7.905862e-03 1.797715e-02 8.988577e-03 9.225662e-03 4.612831e-03 2.017839e-02 3.947861e-03 7.169293e-03 3.584646e-03 2.834700e-03 1.044342e-04 1.332223e-02 2.454045e-04 2.293686e-02 4.225126e-04 3.430350e-02 6.318939e-04 3.493445e-02 6.435163e-04
0.001825 T17-2515 2.197126e-03 1.098563e-03 0.000000e+00 9.900000e+01 1.306989e-02 6.534943e-03 2.975666e-02 9.984233e-03 1.189908e-02 5.949539e-03 3.745995e-02 3.555343e-03 3.108319e-02 9.462347e-03 3.458085e-03 1.274006e-04 1.609750e-02 2.965268e-04 2.874464e-02 5.294958e-04 3.790920e-02 6.983133e-04 4.064335e-02 7.486783e-04
0.001825 T17-2479 2.350995e-02 9.787628e-03 1.750263e-02 8.751315e-03 3.737216e-02 1.161485e-02 4.361266e-02 1.049033e-02 6.628378e-02 9.011506e-03 1.122868e-01 3.989963e-03 1.460126e-01 1.115895e-02 9.403880e-03 8.661294e-05 5.487641e-02 5.054304e-04 8.736675e-02 8.046775e-04 1.267344e-01 1.167267e-03 1.288272e-01 1.186543e-03
0.001825 T17-2518 9.515956e-03 4.757978e-03 0.000000e+00 9.900000e+01 7.328641e-03 3.664321e-03 1.603026e-02 8.015129e-03 1.094812e-02 5.474062e-03 3.030569e-02 3.733480e-03 2.942529e-02 9.654884e-03 2.112030e-03 1.167151e-04 1.025454e-02 2.833433e-04 2.094181e-02 3.857624e-04 3.010572e-02 5.545679e-04 3.264508e-02 6.013446e-04
0.001825 T17-2601 3.151765e-02 8.380908e-03 1.365098e-02 6.825492e-03 3.477461e-02 1.082010e-02 3.337035e-02 9.967600e-03 4.671131e-02 8.495751e-03 7.128450e-02 3.955738e-03 8.319672e-02 1.005988e-02 1.343415e-02 1.237331e-04 3.573606e-02 3.291413e-04 5.468530e-02 5.036702e-04 7.449875e-02 6.861588e-04 7.467495e-02 6.877817e-04
0.001825 T17-2600 1.388374e-02 6.941871e-03 0.000000e+00 9.900000e+01 1.759401e-02 8.797004e-03 3.169840e-02 9.714138e-03 5.517905e-02 8.084432e-03 7.608452e-02 3.405909e-03 9.280674e-02 1.020698e-02 9.550953e-03 8.796753e-05 3.810485e-02 3.509586e-04 6.219869e-02 5.728711e-04 8.473892e-02 7.804743e-04 8.262734e-02 7.610259e-04
0.001825 T17-2460 4.666129e-03 2.333065e-03 3.318591e-03 1.659295e-03 6.073066e-03 3.036533e-03 1.330147e-02 6.650734e-03 1.941135e-02 7.229934e-03 3.210274e-02 3.629885e-03 3.519584e-02 9.820473e-03 2.207550e-03 1.016614e-04 1.291844e-02 3.569498e-04 2.596541e-02 4.783005e-04 3.843384e-02 7.079774e-04 4.020860e-02 7.406697e-04
0.001825 T17-2371 2.887957e-02 9.849189e-03 3.657546e-02 1.596004e-02 3.576997e-02 1.230104e-02 4.247787e-02 1.032643e-02 7.001903e-02 7.683842e-03 1.124168e-01 4.959625e-03 1.206308e-01 1.328789e-02 1.591493e-02 1.465819e-04 6.914658e-02 6.368635e-04 1.173865e-01 1.081170e-03 1.567095e-01 1.443348e-03 1.521120e-01 1.401003e-03
0.001825 T17-2402 1.083362e-02 5.416812e-03 3.645395e-02 1.246624e-02 4.038855e-03 2.019427e-03 1.443356e-02 7.216782e-03 2.651137e-02 8.427074e-03 4.128196e-02 3.448905e-03 6.020704e-02 9.687057e-03 3.276335e-03 9.052849e-05 1.904194e-02 3.507654e-04 3.801212e-02 3.501046e-04 5.532054e-02 5.095210e-04 5.739892e-02 5.286636e-04
0.001825 T17-2279 4.216815e-03 2.108407e-03 3.856575e-03 1.928287e-03 9.925871e-03 4.962935e-03 2.601756e-02 9.430876e-03 2.539398e-02 7.649928e-03 3.709304e-02 3.523585e-03 4.044841e-02 9.317303e-03 2.798078e-03 1.030850e-04 1.267001e-02 3.500853e-04 2.347308e-02 4.323900e-04 3.363213e-02 6.195267e-04 3.605762e-02 6.642059e-04
0.001825 T17-2342 1.361385e-03 6.806925e-04 2.439832e-02 1.219916e-02 2.053654e-02 1.026827e-02 1.159195e-02 5.795976e-03 2.155833e-02 8.344590e-03 3.804362e-02 3.774210e-03 4.644384e-02 1.041800e-02 2.217411e-03 1.021155e-04 1.179785e-02 3.259865e-04 3.059433e-02 2.817842e-04 4.776526e-02 4.399343e-04 5.677751e-02 5.229402e-04
0.001825 T17-2352 7.460160e-03 3.730080e-03 2.414834e-02 1.207417e-02 1.709549e-02 8.547744e-03 2.111607e-02 8.811127e-03 3.527915e-02 7.563010e-03 8.776454e-02 3.605637e-03 1.068525e-01 1.024020e-02 6.881904e-03 1.267694e-04 2.556798e-02 2.354898e-04 6.390955e-02 5.886287e-04 9.441839e-02 8.696255e-04 1.101878e-01 1.014867e-03
0.001825 T17-2454 1.161937e-02 5.809683e-03 0.000000e+00 9.900000e+01 3.507496e-02 1.237001e-02 2.314549e-02 1.053931e-02 4.859400e-02 7.557399e-03 6.309632e-02 3.419198e-03 7.792402e-02 9.372729e-03 9.301683e-03 8.567167e-05 3.080483e-02 2.837230e-04 5.158978e-02 4.751595e-04 7.036561e-02 6.480912e-04 7.035110e-02 6.479576e-04
0.001825 T17-2545 0.000000e+00 9.900000e+01 0.000000e+00 9.900000e+01 9.900256e-03 4.950128e-03 1.489337e-02 7.446683e-03 2.839781e-02 7.955458e-03 4.463015e-02 3.615308e-03 4.781568e-02 9.028243e-03 2.780840e-03 1.024499e-04 1.473400e-02 2.714103e-04 2.967242e-02 2.732931e-04 4.317225e-02 3.976311e-04 4.776945e-02 4.399729e-04
0.001825 T17-2492 7.708263e-03 3.854131e-03 1.603607e-02 8.018037e-03 2.990936e-02 1.161631e-02 3.605644e-02 8.731200e-03 3.556912e-02 8.301647e-03 6.304249e-02 3.715936e-03 6.048070e-02 1.036417e-02 1.066901e-02 9.826525e-05 3.193600e-02 2.941414e-04 5.108867e-02 4.705440e-04 6.717130e-02 6.186706e-04 6.716361e-02 6.185997e-04
0.001825 T17-2517 2.176348e-02 8.369204e-03 2.563469e-02 1.249963e-02 5.506102e-02 1.062008e-02 6.331647e-02 1.113292e-02 8.403284e-02 7.826214e-03 1.418135e-01 4.509834e-03 1.730627e-01 1.096143e-02 1.326548e-02 1.221796e-04 6.717324e-02 6.186884e-04 1.201042e-01 1.106201e-03 1.609228e-01 1.482154e-03 1.700966e-01 1.566647e-03
0.001825 T17-2467 9.769362e-03 4.884681e-03 3.735247e-02 1.561116e-02 3.183503e-02 1.009630e-02 1.809444e-02 9.047222e-03 5.089115e-02 7.401947e-03 7.717865e-02 3.976953e-03 9.834177e-02 8.633186e-03 1.078819e-02 9.936290e-05 3.706110e-02 3.413454e-04 5.818022e-02 5.358596e-04 7.789630e-02 7.174515e-04 7.932170e-02 7.305798e-04
0.001825 T17-2459 6.248976e-03 3.124488e-03 0.000000e+00 9.900000e+01 1.271916e-02 6.359582e-03 0.000000e+00 9.900000e+01 1.302614e-02 6.513070e-03 3.004610e-02 3.435597e-03 5.557626e-02 9.922379e-03 2.377681e-03 1.094963e-04 1.000699e-02 2.765032e-04 1.978521e-02 3.644570e-04 3.014364e-02 5.552663e-04 3.524871e-02 6.493052e-04
0.001825 T17-2504 1.336891e-02 6.684457e-03 1.008034e-02 5.040170e-03 1.768425e-03 8.842126e-04 1.150226e-03 5.751128e-04 1.448888e-02 7.033019e-03 3.323541e-02 3.477843e-03 3.894763e-02 9.271661e-03 1.559127e-03 8.616055e-05 9.568998e-03 2.644012e-04 1.980335e-02 3.647912e-04 2.907299e-02 5.355443e-04 3.071645e-02 5.658179e-04
0.001825 T17-2475 3.492895e-03 1.746448e-03 2.353791e-02 1.176896e-02 1.407155e-02 7.035777e-03 5.576187e-03 2.788093e-03 1.727702e-02 7.414837e-03 3.279870e-02 3.551992e-03 4.822342e-02 9.020331e-03 4.059783e-03 1.121759e-04 1.501666e-02 2.766172e-04 2.561720e-02 4.718862e-04 3.398887e-02 6.260981e-04 3.525758e-02 6.494686e-04
0.001825 T17-2668 1.865335e-02 9.281761e-03 1.768692e-02 8.843460e-03 4.803941e-02 1.157606e-02 1.937202e-02 9.686012e-03 4.955420e-02 8.123390e-03 6.960904e-02 3.407281e-03 6.246499e-02 9.100010e-03 1.035257e-02 9.535074e-05 3.822942e-02 3.521060e-04 5.992528e-02 5.519322e-04 8.373599e-02 7.712370e-04 8.695907e-02 8.009226e-04
0.001825 T17-2627 1.337299e-02 6.686494e-03 2.205651e-02 1.102826e-02 1.053803e-02 5.269015e-03 3.230519e-03 1.615259e-03 6.813799e-03 3.406899e-03 2.330585e-02 3.790129e-03 4.954531e-02 9.617710e-03 2.516334e-03 1.158815e-04 1.048657e-02 2.897547e-04 2.015409e-02 3.712521e-04 3.176807e-02 5.851895e-04 3.720500e-02 6.853415e-04
0.001825 T17-2662 5.385839e-03 2.692920e-03 0.000000e+00 9.900000e+01 8.648771e-03 4.324386e-03 1.268254e-02 6.341270e-03 5.972850e-03 2.986425e-03 3.707526e-02 3.689306e-03 5.267725e-02 1.004376e-02 2.967366e-03 1.093218e-04 1.494570e-02 4.129648e-04 2.995855e-02 5.518568e-04 4.375855e-02 4.030312e-04 4.753139e-02 8.755606e-04
0.001825 T17-2755 3.448625e-03 1.724312e-03 4.480432e-03 2.240216e-03 1.038050e-02 5.190250e-03 1.543137e-02 7.715687e-03 2.662636e-02 8.302723e-03 4.483458e-02 3.724438e-03 6.915860e-02 1.034943e-02 5.122803e-03 9.436552e-05 2.581789e-02 2.377915e-04 5.523385e-02 5.087226e-04 8.345275e-02 7.686282e-04 8.934648e-02 8.229115e-04
0.001825 T17-2744 4.417983e-04 2.208991e-04 0.000000e+00 9.900000e+01 2.074104e-02 1.037052e-02 2.208208e-02 1.104104e-02 1.745758e-02 7.732940e-03 3.022813e-02 3.775462e-03 3.749622e-02 9.281337e-03 4.487271e-03 1.239879e-04 1.264257e-02 3.493272e-04 1.974961e-02 3.638013e-04 2.526042e-02 4.653142e-04 2.605265e-02 7.198613e-04
0.001825 T17-2794 7.540888e-03 3.770444e-03 0.000000e+00 9.900000e+01 2.411491e-02 1.205746e-02 1.458140e-02 7.290700e-03 2.631184e-02 8.897547e-03 4.563980e-02 4.594150e-03 5.813440e-02 9.870437e-03 7.624732e-03 1.404528e-04 2.614451e-02 4.815997e-04 4.058916e-02 3.738400e-04 5.201326e-02 4.790598e-04 5.572500e-02 5.132462e-04
0.001825 T17-2772 1.524252e-02 7.621259e-03 5.460624e-03 2.730312e-03 1.489779e-02 7.448895e-03 2.652129e-02 9.236596e-03 3.549004e-02 8.170032e-03 4.227060e-02 3.696682e-03 7.327179e-02 9.219668e-03 7.115747e-03 1.310769e-04 2.552259e-02 2.350718e-04 4.183131e-02 3.852806e-04 5.307873e-02 4.888732e-04 6.118918e-02 5.635732e-04
0.001825 T17-2756 2.761116e-02 8.137592e-03 1.608311e-02 8.041554e-03 1.446917e-02 7.234586e-03 3.257346e-02 9.775282e-03 4.679966e-02 8.132895e-03 6.616161e-02 3.444802e-03 6.464896e-02 9.322899e-03 8.021193e-03 1.477558e-04 3.125641e-02 2.878822e-04 5.266373e-02 4.850509e-04 6.869546e-02 6.327085e-04 7.090559e-02 6.530646e-04
0.001825 T17-2759 5.043314e-02 8.960688e-03 4.256083e-02 1.296534e-02 1.062088e-01 1.149664e-02 9.974457e-02 1.044353e-02 1.568875e-01 7.661163e-03 2.225127e-01 5.116304e-03 2.379526e-01 9.702531e-03 3.050398e-02 2.809521e-04 1.221884e-01 1.125397e-03 1.809572e-01 1.666677e-03 2.296019e-01 2.114712e-03 2.284111e-01 2.103744e-03
0.001825 T17-2778 0.000000e+00 9.900000e+01 6.849659e-03 3.424829e-03 5.370853e-03 2.685426e-03 3.620404e-03 1.810202e-03 1.749281e-02 7.034674e-03 2.312743e-02 4.138882e-03 2.805443e-02 8.831014e-03 1.725654e-03 9.536316e-05 9.716103e-03 3.579544e-04 1.985649e-02 3.657700e-04 2.662054e-02 4.903684e-04 2.903382e-02 5.348227e-04
0.001825 T17-2631 5.048752e-03 2.524376e-03 4.414119e-03 2.207060e-03 9.889065e-03 4.944533e-03 1.258459e-02 6.292295e-03 1.863797e-02 8.373222e-03 4.421347e-02 3.450213e-03 3.986599e-02 8.956418e-03 2.276454e-03 1.258015e-04 1.205072e-02 3.329738e-04 3.052330e-02 5.622600e-04 4.722686e-02 4.349755e-04 5.530379e-02 5.093667e-04
0.001825 T17-2641 7.857051e-03 3.928525e-03 7.129794e-03 3.564897e-03 0.000000e+00 9.900000e+01 2.945953e-03 1.472976e-03 1.425401e-02 7.127007e-03 1.915839e-02 3.897369e-03 1.629448e-02 8.147242e-03 1.481860e-03 1.091875e-04 8.017172e-03 2.953635e-04 1.588925e-02 4.390362e-04 2.246891e-02 4.138927e-04 2.294753e-02 6.340636e-04
0.001825 T17-2659 3.027738e-03 1.513869e-03 2.969317e-03 1.484658e-03 1.403038e-02 7.015189e-03 1.380886e-03 6.904431e-04 1.281712e-02 6.408561e-03 2.921547e-02 3.691429e-03 3.452702e-02 1.041412e-02 2.246000e-03 1.034321e-04 1.206125e-02 3.332647e-04 2.308052e-02 4.251588e-04 3.421443e-02 6.302530e-04 3.729690e-02 6.870342e-04
0.001825 T17-2630 1.409926e-02 7.049629e-03 5.134900e-02 1.378274e-02 4.361753e-02 1.243443e-02 3.673905e-02 9.444646e-03 6.128942e-02 7.382677e-03 1.213315e-01 3.795533e-03 1.470639e-01 8.910742e-03 1.166261e-02 1.074166e-04 5.259170e-02 4.843875e-04 8.529227e-02 7.855708e-04 1.218880e-01 1.122630e-03 1.316681e-01 1.212708e-03
0.001825 T17-2618 1.560077e-02 7.800383e-03 2.740644e-02 1.281965e-02 1.877145e-02 9.385726e-03 3.000805e-02 1.069668e-02 5.701906e-02 7.451998e-03 9.757473e-02 3.397700e-03 1.184563e-01 9.597685e-03 8.954185e-03 8.247110e-05 4.321947e-02 3.980660e-04 8.150942e-02 7.507295e-04 1.114874e-01 1.026837e-03 1.141201e-01 1.051085e-03
0.001825 T17-2643 3.993951e-03 1.996976e-03 0.000000e+00 9.900000e+01 0.000000e+00 9.900000e+01 1.465846e-02 7.329229e-03 1.037403e-02 5.187014e-03 2.282674e-02 3.620166e-03 3.042314e-02 9.857517e-03 1.523483e-03 9.822260e-05 8.293921e-03 3.055593e-04 1.899144e-02 3.498353e-04 2.671440e-02 4.920975e-04 3.083118e-02 5.679314e-04
0.001825 T17-2705 4.532914e-03 2.266457e-03 1.822376e-02 9.111882e-03 2.267019e-02 1.133185e-02 2.268266e-02 9.583388e-03 4.012420e-02 8.486054e-03 3.884698e-02 3.690977e-03 4.273977e-02 1.103060e-02 7.263614e-03 1.338007e-04 2.185980e-02 4.026723e-04 3.265963e-02 3.008063e-04 4.459614e-02 4.107456e-04 4.602210e-02 8.477584e-04
0.001825 T17-2698 6.756070e-03 3.378035e-03 2.438870e-02 1.219435e-02 2.035473e-02 1.017736e-02 1.901535e-02 9.507673e-03 4.068645e-02 8.274542e-03 7.242828e-02 3.722063e-03 7.797172e-02 9.764395e-03 4.939487e-03 9.098872e-05 2.715599e-02 2.501159e-04 5.320174e-02 4.900062e-04 7.417856e-02 6.832098e-04 7.881856e-02 7.259457e-04
0.001825 T17-2723 6.412753e-03 3.206376e-03 3.008863e-03 1.504431e-03 0.000000e+00 9.900000e+01 1.783116e-02 8.915578e-03 1.398023e-02 6.990114e-03 2.576220e-02 3.539799e-03 3.754154e-02 9.810165e-03 2.585767e-03 9.526316e-05 1.047406e-02 2.894091e-04 1.817673e-02 3.348278e-04 2.462937e-02 4.536897e-04 2.544124e-02 7.029675e-04
0.001825 T17-2628 0.000000e+00 9.900000e+01 1.082509e-02 5.412543e-03 1.586877e-02 7.934385e-03 1.862729e-02 9.313643e-03 8.024181e-03 4.012090e-03 3.341958e-02 3.513901e-03 5.164883e-02 8.836055e-03 1.945895e-03 8.961178e-05 9.961745e-03 2.752532e-04 2.395692e-02 4.413027e-04 3.601097e-02 6.633466e-04 4.047629e-02 7.456008e-04
0.001825 T17-2650 8.606579e-03 4.303289e-03 1.195995e-03 5.979977e-04 2.630205e-02 1.137302e-02 3.768093e-02 8.634968e-03 4.883693e-02 7.493427e-03 5.986534e-02 3.769198e-03 6.723508e-02 8.607737e-03 7.487295e-03 1.379211e-04 2.905817e-02 2.676356e-04 4.876297e-02 4.491236e-04 6.381488e-02 5.877568e-04 6.303445e-02 5.805688e-04
0.001825 T17-2648 5.705305e-02 7.839424e-03 5.044229e-02 1.331329e-02 8.506142e-02 1.201074e-02 8.799819e-02 9.264229e-03 1.443860e-01 9.041199e-03 1.982159e-01 4.205508e-03 2.264783e-01 9.625590e-03 2.920676e-02 2.690042e-04 1.024748e-01 9.438276e-04 1.642971e-01 1.513232e-03 2.053912e-01 1.891723e-03 2.010549e-01 1.851784e-03
0.001825 T17-2671 1.171670e-02 5.858352e-03 4.369168e-03 2.184584e-03 1.843860e-02 9.219301e-03 7.933794e-03 3.966897e-03 9.316019e-03 4.658009e-03 2.464033e-02 3.673864e-03 1.480453e-02 7.402266e-03 1.667334e-03 1.074970e-04 1.044803e-02 2.886897e-04 1.887665e-02 3.477207e-04 2.563302e-02 4.721777e-04 2.750954e-02 7.601168e-04
0.001825 T17-2699 2.899957e-02 9.672602e-03 4.305212e-02 1.588774e-02 4.793510e-02 1.386842e-02 7.219906e-02 1.063241e-02 9.746137e-02 9.569856e-03 1.734729e-01 4.222728e-03 2.137625e-01 9.832631e-03 1.531637e-02 1.410690e-04 7.456818e-02 6.867983e-04 1.367180e-01 1.259219e-03 1.904067e-01 1.753710e-03 1.930704e-01 1.778244e-03
0.001825 T17-2701 2.145997e-02 8.413486e-03 2.273774e-02 1.136887e-02 4.162539e-02 1.444283e-02 3.133963e-02 1.173107e-02 5.534798e-02 9.229357e-03 8.456539e-02 4.317832e-03 7.983237e-02 1.078746e-02 1.258267e-02 1.158906e-04 4.232318e-02 3.898109e-04 6.687390e-02 6.159313e-04 8.968909e-02 8.260670e-04 9.006054e-02 8.294882e-04
0.001825 T17-2742 1.249589e-02 6.247946e-03 1.338155e-02 6.690774e-03 4.708498e-03 2.354249e-03 1.510956e-02 7.554782e-03 3.278441e-02 7.306760e-03 3.793666e-02 3.804646e-03 4.672351e-02 8.992932e-03 3.196668e-03 8.832719e-05 1.550204e-02 2.855581e-04 2.937310e-02 5.410724e-04 4.194977e-02 3.863717e-04 4.246936e-02 7.823145e-04
0.001825 T17-2800 9.810010e-03 4.905005e-03 0.000000e+00 9.900000e+01 2.117093e-02 1.058547e-02 1.138157e-02 5.690783e-03 1.898398e-02 7.750553e-03 3.468181e-02 3.638055e-03 3.879033e-02 1.012140e-02 2.956474e-03 1.089205e-04 1.496547e-02 2.756742e-04 2.674685e-02 4.926952e-04 3.574251e-02 6.584013e-04 3.890248e-02 7.166101e-04
0.001825 T17-2797 1.746234e-02 8.731171e-03 4.932572e-03 2.466286e-03 1.748838e-02 8.744190e-03 1.161710e-02 5.808549e-03 2.114239e-02 7.415998e-03 4.693723e-02 3.495071e-03 6.239411e-02 9.326620e-03 5.239611e-03 1.447758e-04 1.885805e-02 3.473781e-04 3.400633e-02 3.132099e-04 4.757701e-02 4.382005e-04 5.036648e-02 9.277848e-04
0.001825 T17-2799 2.015512e-02 8.033184e-03 2.210841e-02 1.105420e-02 3.288789e-02 1.146758e-02 2.956187e-02 9.863178e-03 1.050307e-01 7.643252e-03 1.825371e-01 3.683539e-03 2.608013e-01 9.074467e-03 1.085092e-02 1.998814e-04 6.214934e-02 5.724165e-04 1.340530e-01 1.234674e-03 2.199036e-01 2.025387e-03 2.510097e-01 2.311885e-03
0.001825 T17-2589 3.794573e-03 1.897287e-03 1.480367e-02 7.401836e-03 2.709656e-02 1.073470e-02 5.102979e-03 2.551490e-03 2.614865e-02 7.317507e-03 3.466387e-02 3.304620e-03 3.160750e-02 8.798910e-03 2.954658e-03 8.164022e-05 1.452527e-02 2.675654e-04 2.975964e-02 5.481929e-04 4.247630e-02 3.912212e-04 4.445082e-02 8.188143e-04
0.001825 T17-2544 4.129554e-02 9.571407e-03 3.786456e-02 1.407941e-02 8.009227e-02 1.058059e-02 7.759619e-02 8.882061e-03 1.302652e-01 7.371843e-03 1.963096e-01 4.643597e-03 2.060565e-01 9.760724e-03 2.596557e-02 2.391517e-04 1.016119e-01 9.358805e-04 1.657221e-01 1.526357e-03 2.220681e-01 2.045323e-03 2.200867e-01 2.027073e-03
0.001825 T17-2534 2.962245e-02 7.662492e-03 4.178508e-02 1.267133e-02 3.370196e-02 1.196099e-02 5.087729e-02 1.024096e-02 1.045398e-01 8.417101e-03 1.565666e-01 3.551896e-03 1.967061e-01 9.380742e-03 1.753213e-02 1.614769e-04 7.656962e-02 7.052323e-04 1.271061e-01 1.170690e-03 1.640842e-01 1.511271e-03 1.610807e-01 1.483608e-03
0.001825 T17-2878 1.131529e-02 5.657644e-03 0.000000e+00 9.900000e+01 2.627481e-02 1.120042e-02 2.764998e-02 1.202188e-02 1.859314e-02 8.150530e-03 2.839131e-02 3.674411e-03 3.994417e-02 9.394783e-03 3.911814e-03 1.441165e-04 1.629115e-02 3.000941e-04 2.725212e-02 5.020026e-04 3.831492e-02 7.057869e-04 4.260615e-02 7.848342e-04
0.001825 T17-2872 1.068923e-02 5.344617e-03 1.015094e-02 5.075469e-03 2.410496e-02 1.205248e-02 0.000000e+00 9.900000e+01 3.237120e-02 7.192990e-03 3.587641e-02 4.015614e-03 3.604801e-02 9.912941e-03 6.434150e-03 1.777821e-04 2.208204e-02 4.067663e-04 3.527460e-02 3.248911e-04 4.649579e-02 4.282420e-04 5.122803e-02 9.436551e-04
0.001825 T17-2829 5.784335e-03 2.892167e-03 7.689843e-04 3.844921e-04 1.770806e-02 8.854028e-03 2.129534e-02 1.007535e-02 4.118480e-02 7.640805e-03 5.371214e-02 3.321843e-03 8.462702e-02 9.649786e-03 6.747298e-03 1.242898e-04 2.803034e-02 2.581690e-04 4.852871e-02 4.469660e-04 6.270295e-02 5.775156e-04 7.293891e-02 6.717922e-04
0.001825 T17-2891 2.578036e-03 1.289018e-03 4.264890e-03 2.132445e-03 5.918547e-03 2.959273e-03 2.024095e-03 1.012048e-03 8.915167e-03 4.457583e-03 2.299655e-02 3.523271e-03 3.756743e-02 1.005988e-02 3.150858e-03 1.160819e-04 5.840412e-03 3.227531e-04 1.683970e-02 4.652981e-04 2.503688e-02 4.611964e-04 3.139513e-02 8.674794e-04
0.001825 T17-2851 1.126487e-02 5.632433e-03 4.204795e-02 1.321475e-02 3.262868e-02 1.200995e-02 2.881761e-02 1.013497e-02 5.797754e-02 7.675789e-03 9.107134e-02 3.625663e-03 1.001918e-01 9.222966e-03 9.638218e-03 1.775425e-04 4.402068e-02 4.054454e-04 7.230890e-02 6.659896e-04 9.799723e-02 9.025879e-04 1.050396e-01 9.674501e-04
0.001825 T17-2911 8.669175e-03 4.334588e-03 4.117608e-02 1.406801e-02 3.352107e-02 1.219556e-02 4.105199e-02 9.163747e-03 7.219709e-02 7.245758e-03 1.283983e-01 3.582841e-03 1.475101e-01 9.135544e-03 7.813785e-03 1.439352e-04 5.166909e-02 4.758899e-04 9.151183e-02 8.428551e-04 1.312040e-01 1.208433e-03 1.420273e-01 1.308120e-03
0.001825 T17-2913 6.366519e-03 3.183260e-03 6.131045e-04 3.065523e-04 7.497934e-04 3.748967e-04 3.471295e-03 1.735647e-03 6.890997e-03 3.445499e-03 1.542158e-02 3.749503e-03 3.913709e-02 9.651895e-03 1.676079e-03 1.080608e-04 7.599622e-03 3.499755e-04 1.358836e-02 3.754603e-04 1.826913e-02 5.047946e-04 2.109572e-02 7.771949e-04
0.001825 T17-2889 7.851947e-03 3.925973e-03 3.604503e-03 1.802251e-03 9.863299e-04 4.931650e-04 2.238579e-02 9.047017e-03 1.881380e-02 8.425948e-03 3.051682e-02 3.455602e-03 3.933637e-02 9.221038e-03 4.990870e-03 1.379028e-04 1.560785e-02 2.875072e-04 2.537369e-02 4.674006e-04 3.221770e-02 5.934719e-04 3.515887e-02 6.476504e-04
0.001825 T17-2976 1.035301e-02 5.176507e-03 0.000000e+00 9.900000e+01 0.000000e+00 9.900000e+01 0.000000e+00 9.900000e+01 5.679057e-03 2.839529e-03 2.941935e-02 3.926203e-03 2.925556e-02 9.135648e-03 1.795815e-03 1.157805e-04 8.691082e-03 3.201913e-04 1.904329e-02 3.507903e-04 2.578952e-02 4.750604e-04 2.849863e-02 7.874461e-04
0.001825 T17-2962 5.715861e-02 9.961855e-03 6.168085e-02 1.484761e-02 1.033027e-01 1.263820e-02 9.763273e-02 1.200063e-02 1.404980e-01 1.342480e-02 1.982664e-01 1.744690e-02 1.240637e-01 2.919726e-02 3.817568e-02 3.516110e-04 1.447160e-01 1.332884e-03 2.065892e-01 1.902757e-03 2.606266e-01 2.400460e-03 2.885173e-01 2.657342e-03
0.001825 T17-2227 4.407150e-04 2.203575e-04 0.000000e+00 9.900000e+01 2.060063e-02 1.030031e-02 1.671724e-02 8.358619e-03 2.168777e-02 8.339367e-03 3.792332e-02 3.672259e-03 5.443945e-02 1.033852e-02 6.442739e-03 1.186796e-04 2.072467e-02 3.817624e-04 3.465604e-02 3.191939e-04 5.148109e-02 4.741583e-04 5.366473e-02 4.942704e-04
0.001825 T17-2198 4.019508e-04 2.009754e-04 2.663758e-02 1.331879e-02 1.783713e-02 8.918564e-03 2.752514e-02 1.015320e-02 3.170431e-02 7.873099e-03 3.366224e-02 3.918304e-03 4.619527e-02 1.121264e-02 6.080826e-03 1.120130e-04 2.064074e-02 3.802165e-04 2.662934e-02 4.905306e-04 3.705240e-02 3.412652e-04 3.686328e-02 6.790467e-04
0.001825 T17-2369 1.848431e-02 8.350767e-03 2.471928e-02 1.235964e-02 1.992613e-02 9.963067e-03 3.113802e-02 8.980004e-03 4.676003e-02 7.372013e-03 5.342430e-02 3.507020e-03 7.522728e-02 9.373500e-03 8.677054e-03 7.991862e-05 2.680463e-02 2.468798e-04 4.633708e-02 4.267803e-04 6.016235e-02 5.541157e-04 6.114220e-02 5.631404e-04
0.001825 T17-2205 1.264840e-03 6.324201e-04 1.765624e-02 8.828119e-03 3.339432e-02 1.210845e-02 1.241136e-02 6.205680e-03 7.349074e-03 3.674537e-03 2.800346e-02 3.652214e-03 3.443458e-02 9.362480e-03 1.896578e-03 1.048088e-04 1.028677e-02 3.789786e-04 2.081894e-02 3.834990e-04 3.448481e-02 6.352336e-04 3.973950e-02 7.320286e-04
0.001825 T17-2194 4.606555e-02 9.918779e-03 3.439064e-02 1.407558e-02 4.697103e-02 1.261263e-02 6.411939e-02 1.031523e-02 8.246978e-02 8.003303e-03 1.104822e-01 4.359121e-03 1.344503e-01 1.119875e-02 2.156426e-02 1.986142e-04 6.779400e-02 6.244059e-04 1.058076e-01 9.745240e-04 1.390429e-01 1.280632e-03 1.356439e-01 1.249326e-03
0.001825 T17-2287 2.009152e-02 9.485172e-03 1.146722e-02 5.733611e-03 1.520758e-02 7.603791e-03 1.086573e-02 5.432866e-03 2.392077e-02 9.537308e-03 0.000000e+00 9.900000e+01 5.389117e-02 1.080800e-02 2.613526e-03 9.628586e-05 1.347453e-02 3.723149e-04 3.003842e-02 2.766640e-04 4.678370e-02 4.308938e-04 5.110767e-02 4.707190e-04
0.001825 T17-2318 5.218480e-03 2.609240e-03 8.619126e-03 4.309563e-03 1.559755e-02 7.798774e-03 8.742215e-03 4.371107e-03 1.993130e-02 8.195425e-03 2.843816e-02 3.813873e-03 2.056932e-02 9.716850e-03 2.972616e-03 8.213641e-05 1.400717e-02 2.580216e-04 2.508658e-02 4.621119e-04 3.407553e-02 6.276945e-04 3.590929e-02 6.614735e-04
0.001825 T17-2385 1.941032e-04 9.705158e-05 0.000000e+00 9.900000e+01 1.155109e-02 5.775547e-03 0.000000e+00 9.900000e+01 1.641166e-02 7.717744e-03 2.356366e-02 3.446884e-03 4.834597e-02 9.160976e-03 1.805442e-03 1.164012e-04 7.359120e-03 3.389000e-04 1.725641e-02 4.768123e-04 2.982648e-02 5.494241e-04 3.088740e-02 5.689668e-04
0.001825 T17-2233 1.984535e-02 9.916474e-03 3.286827e-02 1.505529e-02 5.349497e-02 1.181548e-02 3.324977e-02 1.133673e-02 5.595146e-02 8.162358e-03 6.529339e-02 3.642379e-03 8.041121e-02 9.915421e-03 1.409505e-02 1.298202e-04 4.155991e-02 3.827809e-04 6.027700e-02 5.551717e-04 7.850166e-02 7.230270e-04 7.873925e-02 7.252153e-04
0.001825 T17-2361 2.914278e-02 7.837766e-03 3.230641e-02 1.615320e-02 4.416188e-02 1.134059e-02 5.272087e-02 9.018277e-03 7.955851e-02 7.988805e-03 2.132238e-01 3.777587e-03 2.763623e-01 8.851466e-03 1.230393e-02 1.133234e-04 6.578785e-02 6.059285e-04 1.426014e-01 1.313408e-03 2.390148e-01 2.201407e-03 2.562960e-01 2.360573e-03
0.001825 T17-2358 7.370814e-03 3.685407e-03 5.514766e-03 2.757383e-03 9.447027e-03 4.723513e-03 1.576520e-02 7.882601e-03 5.587793e-02 8.272440e-03 7.478114e-02 3.933601e-03 1.229374e-01 9.913527e-03 9.315921e-03 1.716056e-04 3.497056e-02 3.220908e-04 6.281325e-02 5.785314e-04 9.064143e-02 8.348385e-04 9.353826e-02 8.615192e-04
0.001825 T17-2415 6.272794e-04 3.136397e-04 9.632923e-03 4.816461e-03 1.787434e-02 8.937171e-03 6.962145e-03 3.481072e-03 2.978501e-02 7.240303e-03 5.498473e-02 3.213443e-03 6.047590e-02 9.515110e-03 7.352373e-03 2.031536e-04 1.913892e-02 3.525519e-04 3.113655e-02 5.735565e-04 4.080011e-02 7.515658e-04 4.776619e-02 8.798857e-04
0.001825 T17-2197 9.501881e-03 4.750941e-03 1.753504e-02 8.767518e-03 0.000000e+00 9.900000e+01 7.021748e-03 3.510874e-03 1.975683e-02 7.780165e-03 2.035608e-02 3.690844e-03 2.482943e-02 9.143363e-03 2.927825e-03 1.078651e-04 1.144283e-02 3.161771e-04 2.006309e-02 3.695759e-04 2.901531e-02 5.344818e-04 3.026207e-02 5.574479e-04
0.001825 T17-2327 1.248485e-02 6.242425e-03 1.320166e-02 6.600831e-03 5.733419e-03 2.866710e-03 6.447566e-03 3.223783e-03 2.031944e-02 7.844930e-03 3.634804e-02 3.364233e-03 6.232483e-02 9.123152e-03 2.572355e-03 1.184613e-04 1.319951e-02 3.647159e-04 2.695601e-02 4.965480e-04 4.342835e-02 3.999899e-04 4.958326e-02 9.133575e-04
0.001825 T17-2346 3.722240e-03 1.861120e-03 1.109562e-02 5.547812e-03 2.308125e-03 1.154062e-03 1.252021e-02 6.260103e-03 2.583056e-02 8.191665e-03 3.533563e-02 3.632644e-03 4.007786e-02 1.045024e-02 4.630569e-03 8.529824e-05 1.398568e-02 3.864386e-04 2.567949e-02 4.730336e-04 3.988468e-02 3.673515e-04 4.016793e-02 7.399205e-04
0.001825 T17-2418 2.711113e-02 1.023462e-02 4.443487e-03 2.221743e-03 3.652929e-02 1.258964e-02 0.000000e+00 9.900000e+01 3.489283e-02 1.372944e-02 6.197095e-02 1.515585e-02 7.109305e-02 2.027941e-02 1.065853e-02 9.816865e-05 4.714868e-02 4.342553e-04 6.777806e-02 6.242590e-04 8.807897e-02 8.112373e-04 9.099728e-02 8.381159e-04
0.001825 T17-2303 1.115519e-02 5.577593e-03 0.000000e+00 9.900000e+01 7.213518e-03 3.606759e-03 1.873416e-02 9.367082e-03 2.522992e-02 7.803652e-03 4.531153e-02 3.998038e-03 6.278921e-02 1.078200e-02 6.096059e-03 1.122936e-04 2.090863e-02 3.851513e-04 3.693633e-02 3.401961e-04 5.226199e-02 4.813507e-04 5.211323e-02 4.799806e-04
0.001825 T17-2343 6.848241e-03 3.424120e-03 0.000000e+00 9.900000e+01 3.977071e-03 1.988536e-03 5.129610e-03 2.564805e-03 1.887123e-02 8.248810e-03 1.856690e-02 3.925457e-03 4.013067e-02 1.040863e-02 1.786043e-03 1.151505e-04 8.600531e-03 3.168553e-04 1.892380e-02 3.485892e-04 2.801139e-02 5.159888e-04 3.060819e-02 5.638237e-04
0.001825 T17-2365 8.544276e-04 4.272138e-04 1.436011e-02 7.180057e-03 8.784211e-03 4.392105e-03 0.000000e+00 9.900000e+01 1.177483e-02 5.887414e-03 2.883762e-02 3.530317e-03 3.728467e-02 9.534496e-03 3.282600e-03 1.209355e-04 1.091120e-02 3.014876e-04 2.245815e-02 4.136944e-04 3.319577e-02 6.114886e-04 4.010434e-02 7.387493e-04
0.001825 T17-2387 3.369826e-03 1.684913e-03 8.335798e-03 4.167899e-03 7.091570e-03 3.545785e-03 2.597474e-03 1.298737e-03 2.485057e-02 7.498300e-03 4.027240e-02 3.430326e-03 3.836027e-02 8.718229e-03 2.637902e-03 1.214799e-04 1.505819e-02 4.160731e-04 2.979411e-02 5.488277e-04 4.689424e-02 4.319119e-04 5.306019e-02 9.774049e-04
0.001825 T17-2211 2.773796e-02 1.006375e-02 2.573986e-02 1.286993e-02 3.749734e-02 1.388039e-02 4.273952e-02 1.153867e-02 6.238741e-02 7.719267e-03 8.038480e-02 3.637153e-03 1.007338e-01 9.006039e-03 1.073237e-02 9.884879e-05 4.205229e-02 3.873159e-04 7.189999e-02 6.622234e-04 9.420715e-02 8.676800e-04 8.708970e-02 8.021258e-04
0.001825 T17-2240 1.578371e-02 7.891855e-03 0.000000e+00 9.900000e+01 3.261262e-03 1.630631e-03 1.438996e-02 7.194982e-03 1.760871e-02 8.165155e-03 2.474101e-02 4.211110e-03 4.377194e-02 1.120953e-02 2.010378e-03 1.110976e-04 1.157004e-02 3.196920e-04 2.484474e-02 4.576571e-04 4.129860e-02 3.803742e-04 4.585647e-02 8.447075e-04
0.001825 T17-2268 7.407447e-03 3.703724e-03 0.000000e+00 9.900000e+01 1.301411e-02 6.507054e-03 1.696217e-02 8.481083e-03 1.804977e-02 8.274569e-03 4.902779e-02 3.836890e-03 5.727883e-02 1.022783e-02 5.858294e-03 1.079138e-04 1.789047e-02 3.295546e-04 3.260746e-02 6.006516e-04 4.858682e-02 4.475011e-04 5.061781e-02 9.324145e-04
0.001825 T17-2285 2.270024e-02 1.125621e-02 4.412251e-02 1.602054e-02 3.218412e-02 1.158869e-02 4.002794e-02 1.034178e-02 6.545987e-02 8.031289e-03 1.091247e-01 3.978326e-03 1.419315e-01 9.166046e-03 1.040094e-02 9.579621e-05 5.193245e-02 4.783156e-04 9.239616e-02 8.510001e-04 1.293635e-01 1.191482e-03 1.288864e-01 1.187088e-03
0.001825 T17-2232 4.703196e-02 1.004494e-02 7.423663e-02 1.571801e-02 7.452607e-02 1.173585e-02 8.657078e-02 1.015530e-02 1.479996e-01 7.961471e-03 1.871600e-01 4.029000e-03 2.232694e-01 9.993333e-03 3.331555e-02 3.068476e-04 1.117576e-01 1.029326e-03 1.728882e-01 1.592359e-03 2.387716e-01 2.199168e-03 2.475670e-01 2.280177e-03
0.001825 T17-2221 0.000000e+00 9.900000e+01 9.190798e-03 4.595399e-03 1.767418e-02 8.837091e-03 1.118425e-02 5.592123e-03 9.226013e-03 4.613006e-03 2.337927e-02 4.166489e-03 4.447991e-02 9.289434e-03 2.588852e-03 9.537683e-05 6.163123e-03 3.405868e-04 1.812847e-02 3.339388e-04 2.834729e-02 5.221763e-04 3.353171e-02 6.176769e-04
0.001825 T17-2264 1.583625e-02 7.918126e-03 2.707574e-02 1.353787e-02 1.315208e-02 6.576039e-03 9.460020e-03 4.730010e-03 2.738460e-02 7.525704e-03 4.907409e-02 4.119418e-03 7.060360e-02 1.006961e-02 4.644040e-03 1.283196e-04 1.951101e-02 3.594061e-04 3.815282e-02 3.514005e-04 5.845889e-02 5.384263e-04 6.416042e-02 5.909393e-04
0.001825 T17-2315 2.942510e-02 8.967520e-03 0.000000e+00 9.900000e+01 3.587360e-02 1.297461e-02 2.685250e-02 1.024178e-02 4.267825e-02 8.482030e-03 6.054379e-02 4.591516e-03 6.833788e-02 1.172388e-02 8.368544e-03 1.541543e-04 3.764906e-02 3.467607e-04 5.606655e-02 5.163920e-04 7.552059e-02 6.955704e-04 8.549731e-02 7.874593e-04
0.001825 T17-2324 1.511815e-02 7.559073e-03 5.937267e-03 2.968633e-03 2.391617e-03 1.195808e-03 8.999284e-03 4.499642e-03 1.281535e-02 6.407677e-03 3.203940e-02 3.911291e-03 4.245086e-02 1.066481e-02 2.385348e-03 1.318192e-04 1.037981e-02 3.824063e-04 2.044869e-02 3.766788e-04 3.361016e-02 6.191221e-04 3.727040e-02 6.865462e-04
0.001825 T17-2522 2.523458e-02 8.126939e-03 2.773328e-02 1.386664e-02 5.778841e-02 1.243835e-02 6.530309e-02 8.964542e-03 7.964918e-02 8.033938e-03 1.164288e-01 3.685723e-03 1.217471e-01 9.144929e-03 1.640520e-02 1.510975e-04 5.900260e-02 5.434340e-04 9.260545e-02 8.529277e-04 1.198957e-01 1.104280e-03 1.129887e-01 1.040665e-03
0.001825 T17-2557 0.000000e+00 9.900000e+01 1.106665e-02 5.533324e-03 0.000000e+00 9.900000e+01 2.546729e-02 1.030786e-02 3.789832e-02 7.867643e-03 6.045589e-02 3.623106e-03 1.027703e-01 9.458263e-03 3.719262e-03 1.370227e-04 2.157446e-02 3.974163e-04 5.073253e-02 4.672639e-04 8.140914e-02 7.498059e-04 9.356852e-02 8.617979e-04
0.001825 T17-2596 2.039017e-02 9.290643e-03 1.737343e-02 8.686713e-03 3.482499e-02 1.148127e-02 6.337845e-02 9.674982e-03 8.848030e-02 7.167175e-03 1.239830e-01 7.042749e-03 1.360269e-01 1.968428e-02 1.372567e-02 1.264180e-04 6.256342e-02 5.762304e-04 1.114215e-01 1.026230e-03 1.555666e-01 1.432821e-03 1.675300e-01 1.543008e-03
0.001825 T17-2602 3.454700e-02 9.145662e-03 2.598804e-02 1.299402e-02 4.885384e-02 1.197589e-02 5.370810e-02 9.570417e-03 1.103265e-01 7.838454e-03 1.503764e-01 3.944374e-03 1.983930e-01 9.664220e-03 1.743983e-02 1.606268e-04 7.117499e-02 6.555458e-04 1.233031e-01 1.135663e-03 1.753557e-01 1.615086e-03 1.770498e-01 1.630688e-03
0.001825 T17-2614 1.118827e-02 5.594137e-03 1.796089e-02 8.980444e-03 8.425252e-03 4.212626e-03 0.000000e+00 9.900000e+01 1.796395e-02 7.183742e-03 4.096496e-02 3.815110e-03 4.835282e-02 8.795166e-03 2.937586e-03 1.352808e-04 1.486044e-02 4.106092e-04 2.910301e-02 5.360972e-04 4.070770e-02 3.749318e-04 4.152962e-02 7.650039e-04
0.001825 T17-2687 2.481011e-02 8.776493e-03 2.666799e-02 1.333400e-02 1.855732e-02 9.278661e-03 2.261287e-02 9.981262e-03 3.542453e-02 7.551758e-03 6.817917e-02 3.778327e-03 8.737550e-02 1.018940e-02 1.027369e-02 1.892483e-04 3.266008e-02 3.008105e-04 5.107027e-02 4.703746e-04 6.804597e-02 6.267266e-04 6.804227e-02 6.266924e-04
0.001825 T17-2636 1.973975e-02 9.326684e-03 1.239667e-02 6.198333e-03 3.030819e-02 1.246416e-02 9.454948e-03 4.727474e-03 6.056770e-02 8.218098e-03 8.865919e-02 3.996432e-03 1.345485e-01 1.117114e-02 5.333366e-03 1.473663e-04 3.064512e-02 2.822520e-04 6.692438e-02 6.163963e-04 1.063881e-01 9.798709e-04 1.178420e-01 1.085365e-03
0.001825 T17-2736 0.000000e+00 9.900000e+01 1.222976e-02 6.114878e-03 3.873882e-03 1.936941e-03 1.549861e-02 7.749306e-03 5.697550e-03 2.848775e-03 2.556534e-02 3.551051e-03 5.200720e-02 8.546469e-03 1.665376e-03 1.073708e-04 9.754595e-03 3.593726e-04 2.073815e-02 5.730164e-04 3.179007e-02 8.783921e-04 3.272158e-02 6.027537e-04
0.001825 T17-2732 5.686508e-03 2.843254e-03 6.762236e-03 3.381118e-03 4.019350e-03 2.009675e-03 1.468208e-02 7.341042e-03 3.524956e-02 1.027340e-02 6.020464e-02 5.764647e-03 7.023616e-02 1.196932e-02 5.883920e-03 1.083858e-04 3.321458e-02 3.059176e-04 5.765733e-02 5.310436e-04 7.840683e-02 1.444307e-03 7.850233e-02 7.230331e-04
0.001825 T17-2743 2.995500e-02 8.612084e-03 1.693033e-02 8.465163e-03 6.300274e-02 1.105136e-02 5.129871e-02 1.107343e-02 9.033424e-02 9.133214e-03 1.392552e-01 4.355719e-03 1.568958e-01 1.048008e-02 1.280792e-02 1.179653e-04 6.786341e-02 6.250451e-04 1.201318e-01 1.106455e-03 1.634819e-01 1.505724e-03 1.746617e-01 1.608694e-03
0.001825 T17-2644 5.320891e-03 2.660446e-03 0.000000e+00 9.900000e+01 2.850603e-03 1.425302e-03 2.449600e-02 1.020143e-02 4.371502e-02 7.340165e-03 6.685489e-02 4.004550e-03 1.011251e-01 9.132669e-03 8.402763e-03 1.547846e-04 2.954987e-02 2.721644e-04 5.206533e-02 4.795394e-04 7.329656e-02 6.750863e-04 7.603202e-02 7.002808e-04
0.001825 T17-2686 9.333168e-03 4.666584e-03 7.078221e-03 3.539111e-03 1.207849e-02 6.039244e-03 1.177161e-02 5.885803e-03 2.629109e-02 9.248421e-03 4.842281e-02 3.305439e-03 6.395660e-02 9.078639e-03 4.618455e-03 1.276126e-04 2.369263e-02 4.364344e-04 3.949930e-02 3.638020e-04 5.408960e-02 4.981836e-04 5.715048e-02 5.263754e-04
0.001825 T17-2649 9.785189e-03 4.892594e-03 2.072848e-04 1.036424e-04 1.991237e-03 9.956185e-04 6.142263e-03 3.071131e-03 6.157823e-03 3.078911e-03 2.552075e-02 3.717528e-03 2.770165e-02 8.940895e-03 2.042351e-03 1.128645e-04 1.018304e-02 3.751570e-04 1.965544e-02 3.620666e-04 2.791090e-02 5.141378e-04 2.841392e-02 7.851056e-04
0.001825 T17-2674 1.121900e-02 5.609499e-03 0.000000e+00 9.900000e+01 1.295418e-02 6.477088e-03 1.540768e-02 7.703842e-03 2.470495e-02 7.190776e-03 4.047025e-02 3.717940e-03 5.017280e-02 8.887308e-03 2.854702e-03 1.051711e-04 1.632992e-02 3.008083e-04 3.237912e-02 2.982227e-04 4.429471e-02 4.079694e-04 4.720399e-02 8.695297e-04
0.001825 T17-2647 8.009957e-03 4.004979e-03 1.255317e-02 6.276587e-03 7.078727e-03 3.539364e-03 6.767944e-03 3.383972e-03 3.174237e-02 9.110392e-03 3.823783e-02 3.620565e-03 4.219922e-02 9.543136e-03 4.867572e-03 1.344960e-04 1.584480e-02 2.918721e-04 2.467837e-02 4.545925e-04 3.697156e-02 6.810413e-04 3.865029e-02 7.119646e-04
0.001825 T17-2697 1.544024e-03 7.720120e-04 7.305372e-03 3.652686e-03 0.000000e+00 9.900000e+01 2.264229e-02 1.064976e-02 2.015801e-02 7.823669e-03 2.771906e-02 3.610028e-03 2.161853e-02 9.760275e-03 1.550105e-03 1.142160e-04 1.039827e-02 3.830863e-04 1.735488e-02 4.795330e-04 2.400219e-02 4.421366e-04 2.584351e-02 7.140827e-04
0.001825 T17-2692 1.891209e-02 8.703253e-03 2.495156e-02 1.247578e-02 3.366252e-02 1.239951e-02 3.143131e-02 1.017288e-02 5.967269e-02 7.811728e-03 9.310702e-02 3.637134e-03 1.178762e-01 1.067333e-02 1.124515e-02 1.035717e-04 4.182428e-02 3.852158e-04 6.914361e-02 6.368361e-04 9.300257e-02 8.565853e-04 9.739590e-02 8.970493e-04
0.001825 T17-2726 2.561160e-02 7.689344e-03 4.795200e-02 1.451990e-02 3.472984e-02 1.040262e-02 3.604815e-02 9.683736e-03 8.709953e-02 7.811638e-03 1.468163e-01 3.910811e-03 1.910693e-01 1.028563e-02 1.156372e-02 1.065058e-04 6.300005e-02 5.802519e-04 1.105222e-01 1.017947e-03 1.504235e-01 1.385452e-03 1.607232e-01 1.480315e-03
0.001825 T17-2733 2.021119e-02 8.966248e-03 0.000000e+00 9.900000e+01 1.221643e-02 6.108213e-03 7.190793e-03 3.595397e-03 2.295519e-02 7.896665e-03 2.482811e-02 3.882082e-03 3.748851e-02 9.264380e-03 3.491011e-03 9.646021e-05 1.156718e-02 3.196131e-04 2.086265e-02 3.843043e-04 2.919151e-02 5.377276e-04 3.006303e-02 8.306722e-04
0.001825 T17-2573 6.332294e-04 3.166147e-04 1.340583e-02 6.702913e-03 8.651846e-03 4.325923e-03 1.075885e-02 5.379424e-03 3.070067e-02 8.056115e-03 1.691830e-02 3.997663e-03 3.431353e-02 1.111402e-02 2.378359e-03 1.095275e-04 1.313541e-02 3.629448e-04 2.293346e-02 4.224499e-04 3.140691e-02 5.785366e-04 4.026718e-02 7.417489e-04
0.001825 T17-2567 0.000000e+00 9.900000e+01 1.132089e-02 5.660444e-03 1.840616e-02 9.203079e-03 7.849601e-03 3.924801e-03 1.737741e-02 8.302461e-03 2.437508e-02 3.600069e-03 4.344143e-02 9.418746e-03 1.682207e-03 1.084559e-04 7.705099e-03 3.548329e-04 2.267425e-02 4.176752e-04 3.692231e-02 6.801340e-04 4.312254e-02 7.943466e-04
0.001825 T17-2448 1.217608e-02 6.088039e-03 3.491054e-03 1.745527e-03 2.196435e-02 1.098217e-02 2.127619e-03 1.063810e-03 1.996939e-02 7.722322e-03 3.272352e-02 4.045309e-03 4.439245e-02 9.322970e-03 2.815866e-03 1.037403e-04 1.295333e-02 3.579137e-04 2.103836e-02 3.875410e-04 3.466954e-02 6.386366e-04 3.768054e-02 6.941012e-04
0.001825 T17-2533 2.500197e-02 8.040756e-03 1.160412e-02 5.802059e-03 4.395967e-02 1.086925e-02 3.677705e-02 1.041389e-02 5.670055e-02 8.372870e-03 7.850869e-02 3.449216e-03 1.139653e-01 9.287401e-03 1.275794e-02 1.175049e-04 4.059866e-02 3.739274e-04 6.296571e-02 5.799356e-04 8.394912e-02 7.732000e-04 8.793664e-02 8.099264e-04
0.001825 T17-2713 2.547321e-03 1.273661e-03 1.027651e-02 5.138253e-03 8.837907e-03 4.418954e-03 9.657693e-04 4.828846e-04 2.750802e-02 7.413409e-03 1.295320e-02 3.883524e-03 2.203175e-02 9.690655e-03 1.778789e-03 1.146828e-04 6.881496e-03 3.802855e-04 1.262132e-02 4.649867e-04 1.764164e-02 4.874564e-04 1.832423e-02 6.750896e-04
0.001825 T17-2731 4.723763e-02 9.562106e-03 3.223643e-02 1.611821e-02 6.901695e-02 1.405466e-02 8.331706e-02 1.198653e-02 9.467304e-02 9.326548e-03 1.326250e-01 4.998589e-03 1.253172e-01 1.117482e-02 2.613148e-02 2.406799e-04 8.412785e-02 7.748461e-04 1.260607e-01 1.161062e-03 1.667826e-01 1.536125e-03 1.685486e-01 1.552390e-03
0.001825 T17-2734 0.000000e+00 9.900000e+01 8.756842e-03 4.378421e-03 2.803261e-03 1.401631e-03 2.696348e-02 9.782087e-03 1.847795e-02 7.650317e-03 3.295558e-02 3.513297e-03 4.532424e-02 1.033783e-02 3.509139e-03 9.696110e-05 1.380585e-02 2.543131e-04 2.622932e-02 4.831619e-04 3.595687e-02 6.623500e-04 3.766937e-02 6.938955e-04
0.001825 T17-2672 1.097217e-02 5.486086e-03 2.013430e-02 1.006715e-02 0.000000e+00 9.900000e+01 2.100478e-02 9.679212e-03 2.464381e-02 8.057461e-03 4.049858e-02 3.950392e-03 5.070497e-02 9.407399e-03 3.205488e-03 1.180946e-04 1.886664e-02 3.475364e-04 3.608724e-02 3.323758e-04 5.124818e-02 4.720132e-04 5.827164e-02 5.367016e-04
0.001825 T17-2693 0.000000e+00 9.900000e+01 1.006139e-02 5.030693e-03 3.966333e-03 1.983166e-03 8.266342e-03 4.133171e-03 8.298210e-03 4.149105e-03 2.583795e-02 3.901122e-03 4.017259e-02 9.608917e-03 2.050016e-03 1.132881e-04 1.061796e-02 2.933852e-04 2.071024e-02 3.814967e-04 3.110391e-02 5.729552e-04 3.637378e-02 6.700299e-04
0.001825 T17-2712 7.804319e-03 3.902159e-03 7.332514e-03 3.666257e-03 1.433761e-02 7.168804e-03 1.283726e-02 6.418631e-03 6.061644e-03 3.030822e-03 2.406524e-02 3.815608e-03 2.653682e-02 9.467849e-03 2.913139e-03 1.073240e-04 1.005793e-02 3.705477e-04 1.907723e-02 3.514156e-04 2.685709e-02 4.947259e-04 2.760435e-02 7.627363e-04
0.001825 T17-2679 4.674437e-04 2.337218e-04 1.959840e-02 9.799201e-03 1.752938e-02 8.764692e-03 1.571832e-02 7.859162e-03 2.597925e-02 7.588040e-03 4.024612e-02 3.801110e-03 6.229334e-02 9.154733e-03 5.448007e-03 1.003560e-04 2.179781e-02 4.015305e-04 3.985178e-02 3.670485e-04 5.610597e-02 5.167551e-04 5.928418e-02 5.460275e-04
0.001825 T17-2690 1.436443e-03 7.182215e-04 1.341020e-02 6.705098e-03 2.680030e-02 1.161490e-02 2.378126e-02 1.139416e-02 1.290200e-02 6.451002e-03 2.931042e-02 3.548448e-03 5.445736e-02 9.446771e-03 3.157078e-03 1.163111e-04 1.610501e-02 4.449979e-04 2.900609e-02 5.343119e-04 4.031561e-02 7.426409e-04 4.021574e-02 7.408013e-04
0.001825 T17-2684 1.581452e-02 7.907262e-03 1.155138e-02 5.775690e-03 1.610561e-02 8.052806e-03 1.631244e-02 8.156220e-03 5.258721e-02 7.806574e-03 8.556692e-02 3.689470e-03 1.040026e-01 9.677859e-03 5.457973e-03 1.005396e-04 3.078307e-02 2.835225e-04 6.186485e-02 5.697963e-04 8.753440e-02 8.062216e-04 1.020804e-01 9.401954e-04
0.001825 T17-2856 6.650223e-02 9.250396e-03 7.252397e-02 1.307440e-02 6.556084e-02 1.164225e-02 7.647651e-02 9.612877e-03 1.363189e-01 7.896767e-03 1.889967e-01 3.291229e-03 2.178031e-01 9.574146e-03 3.079279e-02 2.836121e-04 1.025892e-01 9.448815e-04 1.561804e-01 1.438475e-03 1.999921e-01 1.841996e-03 2.064174e-01 1.901174e-03
0.001825 T17-2860 1.069765e-02 5.348826e-03 1.327859e-02 6.639295e-03 4.415906e-03 2.207953e-03 1.019311e-02 5.096556e-03 8.627491e-03 4.313746e-03 1.812722e-02 3.686968e-03 1.527529e-02 7.637647e-03 3.213318e-03 1.183830e-04 7.261722e-03 3.344146e-04 1.389940e-02 3.840547e-04 1.794837e-02 4.959318e-04 2.067902e-02 7.618433e-04
0.001825 T17-2741 3.609871e-02 8.002773e-03 1.587518e-02 7.937589e-03 2.325667e-02 1.162834e-02 4.657484e-02 9.335554e-03 6.795017e-02 8.193657e-03 1.040417e-01 3.510056e-03 1.213256e-01 8.394947e-03 1.643288e-02 1.513524e-04 5.543927e-02 5.106146e-04 8.705355e-02 8.017928e-04 1.131266e-01 1.041934e-03 1.186510e-01 1.092816e-03
0.001825 T17-2847 0.000000e+00 9.900000e+01 0.000000e+00 9.900000e+01 1.415951e-02 7.079757e-03 1.882800e-02 9.413998e-03 2.951811e-02 7.844658e-03 3.022711e-02 3.770219e-03 5.849578e-02 8.899896e-03 3.889393e-03 1.074679e-04 1.732926e-02 3.192168e-04 3.101232e-02 5.712680e-04 4.011342e-02 7.389166e-04 4.641999e-02 8.550879e-04
0.001825 T17-2932 0.000000e+00 9.900000e+01 3.427656e-02 1.603010e-02 1.849763e-02 9.248817e-03 3.394344e-02 1.075417e-02 2.581301e-02 8.899756e-03 4.143370e-02 4.624921e-03 3.401129e-02 1.003926e-02 6.661722e-03 1.227135e-04 2.797784e-02 2.576854e-04 4.148626e-02 3.821026e-04 5.434125e-02 5.005014e-04 5.694863e-02 1.049033e-03
0.001825 T17-2859 1.696683e-02 8.483417e-03 2.348679e-02 1.174340e-02 5.564174e-03 2.782087e-03 9.914689e-03 4.957344e-03 2.874582e-02 8.788097e-03 5.278824e-02 3.610165e-03 8.623705e-02 9.276832e-03 4.843704e-03 1.338365e-04 2.286337e-02 4.211588e-04 4.581016e-02 4.219272e-04 6.689426e-02 6.161189e-04 7.677732e-02 7.071453e-04
0.001825 T17-2753 4.962724e-02 8.410394e-03 4.895142e-02 1.424368e-02 6.576603e-02 1.173066e-02 8.594033e-02 9.788812e-03 1.207653e-01 7.012043e-03 1.824476e-01 4.215542e-03 2.055947e-01 1.041642e-02 2.844191e-02 2.619596e-04 1.010764e-01 9.309476e-04 1.581982e-01 1.457059e-03 2.089720e-01 1.924704e-03 2.148947e-01 1.979253e-03
0.001825 T17-2818 1.978964e-02 9.400178e-03 2.910610e-02 1.455305e-02 2.353569e-02 1.148732e-02 2.688904e-02 1.042634e-02 4.971772e-02 1.102116e-02 1.094229e-01 8.485436e-03 9.125437e-02 1.221380e-02 1.009372e-02 9.296662e-05 3.528204e-02 3.249596e-04 5.332220e-02 4.911156e-04 6.634111e-02 6.110242e-04 7.809725e-02 7.193023e-04
0.001825 T17-2813 2.349521e-03 1.174760e-03 1.395273e-02 6.976367e-03 1.708249e-02 8.541247e-03 1.162042e-02 5.810208e-03 1.150848e-02 5.754239e-03 3.264775e-02 3.942140e-03 5.321638e-02 9.191444e-03 2.614985e-03 1.204245e-04 1.501933e-02 2.766663e-04 2.829328e-02 5.211815e-04 3.822572e-02 7.041437e-04 4.376021e-02 8.060929e-04
0.001825 T17-2745 6.110304e-03 3.055152e-03 2.676453e-02 1.338227e-02 6.271803e-03 3.135901e-03 1.428857e-02 7.144287e-03 1.458496e-02 7.292478e-03 3.373846e-02 3.539530e-03 4.554301e-02 9.449401e-03 3.080915e-03 1.135051e-04 1.524526e-02 2.808280e-04 2.974672e-02 5.479548e-04 3.834007e-02 7.062503e-04 4.306100e-02 7.932130e-04
0.001825 T17-2702 0.000000e+00 9.900000e+01 5.919472e-03 2.959736e-03 2.233905e-02 1.116953e-02 1.119238e-02 5.596190e-03 2.874105e-02 8.500477e-03 2.530294e-02 3.820771e-03 2.822412e-02 9.577496e-03 4.032953e-03 1.114346e-04 1.308488e-02 3.615487e-04 2.146681e-02 7.908667e-04 2.821096e-02 5.196651e-04 3.229443e-02 1.487214e-03
0.001825 T17-2749 2.214553e-03 1.107277e-03 2.076586e-02 1.038293e-02 1.304774e-02 6.523872e-03 2.276097e-02 1.046579e-02 1.845163e-02 8.387519e-03 3.874136e-02 3.790814e-03 5.575040e-02 9.517963e-03 5.684665e-03 1.047154e-04 1.427289e-02 3.943744e-04 2.979694e-02 5.488800e-04 4.066667e-02 7.491078e-04 5.348283e-02 9.851902e-04
0.001825 T17-2447 8.956471e-03 4.478236e-03 1.256275e-02 6.281376e-03 4.402933e-02 1.117023e-02 3.072685e-02 9.599779e-03 7.951542e-02 7.749495e-03 1.128841e-01 4.375197e-03 1.598258e-01 8.888266e-03 9.671219e-03 8.907521e-05 4.503654e-02 4.148018e-04 8.580302e-02 7.902750e-04 1.408459e-01 1.297239e-03 1.526973e-01 1.406394e-03
0.001825 T17-2438 7.247574e-03 3.623787e-03 1.058089e-02 5.290447e-03 1.114485e-02 5.572427e-03 0.000000e+00 9.900000e+01 2.440885e-02 8.938703e-03 3.496391e-02 3.575201e-03 2.847732e-02 9.113471e-03 5.586215e-03 1.029019e-04 1.666964e-02 3.070661e-04 2.732655e-02 5.033737e-04 3.459567e-02 6.372758e-04 3.610733e-02 6.651215e-04
0.001825 T17-2510 7.988544e-03 3.994272e-03 3.375469e-02 1.687734e-02 1.041295e-02 5.206475e-03 3.720518e-02 1.156677e-02 3.696376e-02 8.137394e-03 3.688179e-02 3.780075e-03 4.843106e-02 9.060137e-03 5.825030e-03 1.073010e-04 1.792352e-02 3.301635e-04 2.814508e-02 5.184515e-04 4.024113e-02 3.706345e-04 4.128328e-02 7.604661e-04
0.001825 T17-2546 1.439792e-03 7.198959e-04 5.990504e-03 2.995252e-03 2.621927e-02 1.263857e-02 1.934693e-02 9.673466e-03 2.924984e-02 8.279177e-03 3.187137e-02 3.648307e-03 4.339034e-02 9.524152e-03 3.145098e-03 8.690228e-05 1.415690e-02 3.911697e-04 2.655513e-02 4.891635e-04 3.816409e-02 7.030086e-04 3.941256e-02 7.260061e-04
0.001825 T17-2478 1.318640e-02 6.593199e-03 2.146327e-02 1.073163e-02 1.050109e-02 5.250547e-03 8.576369e-03 4.288184e-03 2.558638e-02 8.736087e-03 2.192972e-02 4.534582e-03 3.216525e-02 9.321051e-03 3.015721e-03 8.332744e-05 1.279507e-02 3.535409e-04 2.368901e-02 4.363678e-04 3.384667e-02 6.234787e-04 3.470796e-02 6.393443e-04
0.001825 T17-2516 1.815971e-03 9.079854e-04 1.003230e-02 5.016152e-03 1.038213e-02 5.191064e-03 2.363297e-02 1.181649e-02 1.600165e-02 7.318841e-03 4.489495e-02 3.751419e-03 5.859697e-02 8.771390e-03 5.186029e-03 1.432953e-04 1.843773e-02 3.396355e-04 2.967770e-02 5.466834e-04 4.044898e-02 3.725488e-04 4.031873e-02 7.426985e-04
0.001825 T17-2594 1.205493e-02 6.027463e-03 7.521271e-03 3.760636e-03 2.906945e-02 1.191853e-02 2.816647e-02 1.025517e-02 3.027677e-02 7.640450e-03 3.123075e-02 3.603500e-03 4.766493e-02 1.009943e-02 6.472629e-03 1.192302e-04 1.566039e-02 4.327126e-04 2.693874e-02 4.962299e-04 3.575942e-02 6.587129e-04 3.701110e-02 6.817697e-04
0.001825 T17-2591 0.000000e+00 9.900000e+01 0.000000e+00 9.900000e+01 2.525989e-02 1.103456e-02 1.331709e-02 6.658547e-03 3.471203e-02 7.652233e-03 4.395729e-02 3.605177e-03 5.345295e-02 1.161796e-02 4.061801e-03 1.122317e-04 1.963247e-02 3.616435e-04 3.573432e-02 3.291253e-04 4.835440e-02 4.453605e-04 5.195087e-02 9.569704e-04
0.001825 T17-2585 3.851593e-02 9.972400e-03 2.242936e-02 1.121468e-02 7.796080e-02 1.188649e-02 6.330629e-02 1.069038e-02 1.116808e-01 7.753449e-03 2.140103e-01 3.721456e-03 2.593235e-01 1.045194e-02 2.049654e-02 1.887801e-04 9.058928e-02 8.343581e-04 1.779633e-01 1.639103e-03 2.572766e-01 2.369605e-03 2.546925e-01 2.345805e-03
0.001825 T17-2607 1.152730e-02 5.763649e-03 1.497368e-02 7.486839e-03 1.313340e-02 6.566698e-03 1.531463e-02 7.657314e-03 8.631607e-03 4.315803e-03 2.906361e-02 3.568412e-03 2.806052e-02 9.814719e-03 2.374143e-03 8.746667e-05 1.078804e-02 3.974460e-04 2.158915e-02 3.976869e-04 2.644418e-02 4.871198e-04 3.451135e-02 6.357225e-04
0.001825 T17-2576 0.000000e+00 9.900000e+01 1.222941e-02 6.114705e-03 4.863200e-03 2.431600e-03 8.702892e-03 4.351446e-03 1.259361e-02 6.296807e-03 2.066850e-02 3.739970e-03 3.510375e-02 1.113293e-02 2.453249e-03 9.038102e-05 1.201093e-02 3.318742e-04 2.134372e-02 3.931659e-04 2.714043e-02 4.999452e-04 3.001991e-02 8.294808e-04
0.001825 T17-2550 4.393193e-02 1.017354e-02 6.401160e-02 1.482625e-02 9.218919e-02 1.289089e-02 7.898531e-02 1.243740e-02 1.464285e-01 8.419344e-03 2.050103e-01 3.542606e-03 2.549828e-01 1.033684e-02 3.064513e-02 2.822520e-04 1.129695e-01 1.040487e-03 1.885479e-01 1.736591e-03 2.422428e-01 2.231139e-03 2.781965e-01 2.562284e-03
0.001825 T17-2440 1.760410e-02 8.375231e-03 1.696923e-02 8.484616e-03 3.942773e-02 1.175652e-02 2.837317e-02 1.066483e-02 5.979721e-02 8.756197e-03 8.101102e-02 3.946282e-03 1.044623e-01 9.043024e-03 1.318636e-02 1.214509e-04 4.330276e-02 3.988332e-04 7.059288e-02 6.501844e-04 9.379855e-02 8.639166e-04 9.449461e-02 8.703275e-04
0.001825 T17-2434 2.716308e-02 9.145033e-03 1.359430e-02 6.797152e-03 0.000000e+00 9.900000e+01 6.564412e-03 3.282206e-03 2.305353e-03 1.152676e-03 2.297286e-02 4.249271e-03 1.003186e-02 5.015931e-03 2.772467e-03 1.276768e-04 1.173145e-02 3.241521e-04 2.247491e-02 4.140031e-04 2.967939e-02 5.467145e-04 3.224851e-02 5.940395e-04
0.001825 T17-2451 1.421424e-02 7.107122e-03 2.215564e-02 1.107782e-02 2.118268e-03 1.059134e-03 1.804618e-02 9.023091e-03 2.085503e-02 8.536473e-03 3.497815e-02 3.616710e-03 3.360224e-02 8.934693e-03 4.471330e-03 1.235474e-04 1.710092e-02 3.150106e-04 2.961167e-02 5.454672e-04 3.983652e-02 7.338157e-04 4.450156e-02 8.197490e-04
0.001825 T17-2519 2.180185e-02 8.287286e-03 5.037214e-02 1.462946e-02 3.875268e-02 1.216844e-02 7.095702e-02 1.071776e-02 1.497937e-01 8.093174e-03 2.415101e-01 3.661182e-03 3.351880e-01 1.021667e-02 2.117634e-02 1.950413e-04 1.077869e-01 9.927544e-04 1.973070e-01 1.817265e-03 3.104879e-01 2.859699e-03 3.343427e-01 3.079410e-03
0.001825 T17-2520 9.282127e-02 9.781815e-03 8.664439e-02 1.552614e-02 1.460242e-01 1.274457e-02 1.495485e-01 9.273378e-03 2.339870e-01 8.426727e-03 3.081299e-01 5.460296e-03 3.288517e-01 1.103185e-02 6.301184e-02 5.803605e-04 2.001714e-01 1.843647e-03 2.507566e-01 2.309553e-03 2.979986e-01 2.744669e-03 2.990037e-01 2.753926e-03
0.001825 T17-2230 2.008046e-02 9.248681e-03 1.917908e-02 9.589538e-03 9.975669e-03 4.987834e-03 3.843902e-02 1.208548e-02 7.892895e-02 8.014169e-03 1.219460e-01 4.090530e-03 1.865033e-01 1.076266e-02 8.736594e-03 8.046701e-05 4.907809e-02 4.520259e-04 9.645001e-02 8.883374e-04 1.552352e-01 1.429769e-03 1.722969e-01 1.586913e-03
0.001825 T17-2273 2.008753e-02 9.433125e-03 2.564924e-02 1.282462e-02 1.438411e-02 7.192057e-03 3.491579e-02 9.526240e-03 3.299392e-02 7.477818e-03 5.789807e-02 3.783491e-03 5.447888e-02 9.589703e-03 8.668179e-03 1.596738e-04 2.786157e-02 5.132291e-04 4.698229e-02 4.327229e-04 6.173636e-02 5.686129e-04 6.269357e-02 5.774291e-04
0.001825 T17-2309 1.219213e-02 6.096064e-03 1.973682e-02 9.868408e-03 1.326951e-02 6.634753e-03 1.277067e-02 6.385334e-03 2.066756e-02 8.136983e-03 3.862327e-02 3.853457e-03 5.530588e-02 9.513699e-03 4.077376e-03 1.502161e-04 1.909109e-02 3.516710e-04 3.623421e-02 3.337294e-04 5.185678e-02 4.776186e-04 5.243527e-02 4.829467e-04
0.001825 T17-2272 1.381648e-02 6.908242e-03 3.343639e-02 1.670138e-02 3.087296e-02 1.188240e-02 2.762103e-02 1.144237e-02 3.238323e-02 8.390813e-03 5.665431e-02 3.995190e-03 7.496650e-02 9.865684e-03 8.162436e-03 1.503576e-04 2.954401e-02 2.721104e-04 4.977013e-02 4.583998e-04 6.971167e-02 6.420682e-04 7.274699e-02 6.700246e-04
0.001825 T17-3019 6.086474e-02 1.158665e-02 6.661925e-02 1.809500e-02 9.390590e-02 1.472946e-02 1.144544e-01 1.106164e-02 1.780249e-01 9.105219e-03 2.641574e-01 5.401458e-03 3.159476e-01 1.142714e-02 3.765728e-02 3.468363e-04 1.382553e-01 1.273379e-03 2.154564e-01 1.984427e-03 2.901014e-01 2.671933e-03 3.313810e-01 3.052132e-03
0.001825 T17-2999 1.274915e-02 6.374574e-03 2.269359e-02 1.134680e-02 4.699757e-02 1.500963e-02 4.429534e-02 1.142153e-02 5.408475e-02 8.472252e-03 1.624101e-01 4.008587e-03 2.648069e-01 1.008925e-02 9.986989e-03 9.198356e-05 6.212499e-02 5.721923e-04 1.315060e-01 1.211215e-03 1.998785e-01 1.840949e-03 2.349342e-01 2.163824e-03
0.001825 T17-1425 1.315016e-02 6.124936e-03 1.275749e-03 6.378743e-04 1.559074e-02 7.795370e-03 2.186226e-02 8.391547e-03 2.257639e-02 6.634996e-03 5.206706e-02 3.410648e-03 6.766897e-02 7.893375e-03 3.934803e-03 1.087226e-04 2.103639e-02 3.875046e-04 4.082425e-02 3.760052e-04 6.140915e-02 5.655992e-04 6.393683e-02 5.888800e-04
0.001825 T17-1354 2.848648e-02 6.367084e-03 2.986100e-02 1.195010e-02 5.859487e-02 9.558752e-03 5.944059e-02 8.342592e-03 8.065464e-02 7.648647e-03 1.002949e-01 3.276639e-03 1.043379e-01 7.791146e-03 1.874959e-02 1.726901e-04 5.881350e-02 5.416923e-04 8.587408e-02 7.909295e-04 1.105230e-01 1.017955e-03 1.069416e-01 9.849688e-04
0.001825 T17-1254 1.189768e-03 5.948838e-04 0.000000e+00 9.900000e+01 1.110860e-02 5.554302e-03 0.000000e+00 9.900000e+01 1.369166e-02 6.845829e-03 2.330609e-02 3.154408e-03 4.122129e-02 8.850696e-03 2.215822e-03 8.163391e-05 8.606018e-03 3.170574e-04 1.887868e-02 3.477582e-04 3.034282e-02 5.589353e-04 3.532360e-02 6.506848e-04
0.001825 T17-1032 7.960101e-03 3.980050e-03 1.034527e-03 5.172633e-04 0.000000e+00 9.900000e+01 1.217871e-02 6.089354e-03 6.786269e-03 3.393134e-03 1.900466e-02 3.489224e-03 2.036429e-02 8.597756e-03 1.111062e-03 7.163282e-05 6.887389e-03 2.537408e-04 1.325166e-02 3.661569e-04 1.886924e-02 5.213764e-04 1.965081e-02 7.239625e-04
0.001825 T17-1083 3.371171e-02 6.506980e-03 4.727231e-02 1.242814e-02 6.145787e-02 9.989695e-03 4.743291e-02 9.463090e-03 6.942263e-02 6.817249e-03 9.845989e-02 3.926900e-03 1.192506e-01 8.523784e-03 2.036719e-02 1.875888e-04 5.121887e-02 4.717432e-04 8.050612e-02 7.414888e-04 1.084996e-01 9.993184e-04 1.069369e-01 9.849257e-04
0.001825 T17-0981 1.693553e-02 6.864850e-03 2.776181e-02 1.151722e-02 3.971925e-02 1.040586e-02 5.635696e-02 9.037941e-03 8.473971e-02 6.902737e-03 1.841028e-01 3.565948e-03 2.733731e-01 8.444600e-03 1.233964e-02 1.136523e-04 7.541450e-02 6.945932e-04 1.583071e-01 1.458063e-03 2.509684e-01 2.311505e-03 2.782104e-01 2.562413e-03
0.001825 T17-0995 5.137263e-03 2.568631e-03 2.042844e-02 1.021422e-02 2.086047e-02 1.006791e-02 2.025021e-02 8.572025e-03 9.865089e-03 4.932544e-03 3.675322e-02 3.175866e-03 5.779072e-02 9.275269e-03 5.034978e-03 9.274772e-05 1.407489e-02 2.592691e-04 2.696416e-02 4.966981e-04 3.759168e-02 3.462322e-04 4.570514e-02 8.419197e-04
0.001825 T17-1026 0.000000e+00 9.900000e+01 2.166855e-02 1.083428e-02 1.012323e-02 5.061614e-03 1.309977e-02 6.549883e-03 2.998204e-02 7.026088e-03 4.664865e-02 3.277889e-03 4.587867e-02 8.001420e-03 3.255919e-03 8.996437e-05 1.771437e-02 3.263108e-04 3.800804e-02 3.500670e-04 5.357232e-02 4.934193e-04 5.731905e-02 5.279279e-04
0.001825 T17-1152 6.163967e-03 3.081984e-03 1.538492e-02 7.692462e-03 7.331621e-03 3.665810e-03 2.567897e-02 9.118443e-03 4.523760e-02 7.398229e-03 8.084943e-02 3.349037e-03 1.109437e-01 7.731612e-03 6.141854e-03 1.131371e-04 3.048149e-02 2.807449e-04 5.911135e-02 5.444356e-04 9.306562e-02 8.571661e-04 9.958223e-02 9.171863e-04
0.001825 T17-0901 2.836249e-03 1.418124e-03 9.939820e-03 4.969910e-03 1.743297e-03 8.716485e-04 0.000000e+00 9.900000e+01 4.522390e-03 2.261195e-03 2.036823e-02 3.846362e-03 3.208466e-02 8.389214e-03 2.353808e-03 8.671748e-05 9.036644e-03 3.329223e-04 2.188424e-02 4.031225e-04 3.524041e-02 6.491524e-04 3.828454e-02 7.052274e-04
0.001825 T17-0876 7.522422e-02 7.434449e-03 7.220527e-02 1.033658e-02 1.173386e-01 1.103848e-02 1.204112e-01 9.453836e-03 2.027580e-01 7.482725e-03 2.667638e-01 3.519414e-03 3.844159e-01 8.630761e-03 4.306383e-02 3.966326e-04 1.448485e-01 1.334104e-03 2.288755e-01 2.108021e-03 3.116044e-01 2.869982e-03 3.228554e-01 2.973608e-03
0.001825 T17-0939 1.191421e-02 5.957107e-03 1.704283e-02 8.521414e-03 1.478440e-02 7.392198e-03 3.477102e-02 9.550474e-03 2.622101e-02 7.874088e-03 3.142860e-02 3.710645e-03 5.084126e-02 8.342357e-03 5.707705e-03 1.051398e-04 1.752413e-02 3.228064e-04 2.771382e-02 5.105074e-04 4.177691e-02 3.847796e-04 3.985578e-02 7.341706e-04
0.001825 T17-1885 5.461628e-02 7.068264e-03 5.255052e-02 1.159642e-02 1.084415e-01 9.824605e-03 9.415259e-02 8.749326e-03 1.716464e-01 7.459131e-03 2.496112e-01 3.664341e-03 2.933168e-01 7.912398e-03 3.071273e-02 2.828747e-04 1.148635e-01 1.057932e-03 1.945123e-01 1.791524e-03 2.574996e-01 2.371659e-03 2.424505e-01 2.233052e-03
0.001825 T17-1812 0.000000e+00 9.900000e+01 0.000000e+00 9.900000e+01 9.428141e-03 4.714070e-03 1.477378e-02 7.386892e-03 2.904689e-02 7.735835e-03 3.381414e-02 3.559388e-03 3.878436e-02 8.631474e-03 3.393441e-03 1.250190e-04 1.257933e-02 3.475797e-04 2.469313e-02 4.548643e-04 4.116257e-02 3.791213e-04 4.329232e-02 7.974740e-04
0.001825 T17-1853 2.866152e-02 6.479977e-03 3.299711e-02 1.109544e-02 4.506744e-02 9.997862e-03 3.820372e-02 9.090561e-03 7.854090e-02 7.642633e-03 1.157642e-01 3.481542e-03 1.560137e-01 8.708899e-03 1.426912e-02 1.314234e-04 4.883760e-02 4.498109e-04 8.610044e-02 7.930144e-04 1.268391e-01 1.168232e-03 1.270838e-01 1.170485e-03
0.001825 T17-1478 0.000000e+00 9.900000e+01 5.152008e-03 2.576004e-03 1.680342e-02 8.401710e-03 8.647140e-03 4.323570e-03 1.072828e-02 5.364139e-03 1.942645e-02 3.627744e-03 3.139441e-02 9.734890e-03 1.462363e-03 9.428201e-05 7.526983e-03 2.773043e-04 1.738137e-02 3.201767e-04 2.427139e-02 4.470955e-04 2.502755e-02 6.915367e-04
0.001825 T17-1592 2.432769e-02 6.391260e-03 1.657346e-02 8.286728e-03 1.754313e-02 8.771565e-03 3.599507e-02 8.613124e-03 5.580138e-02 6.905778e-03 8.565595e-02 3.384942e-03 1.002693e-01 9.333035e-03 1.146973e-02 1.056401e-04 3.996215e-02 3.680650e-04 6.601423e-02 6.080136e-04 9.030679e-02 8.317563e-04 9.472222e-02 8.724238e-04
0.001825 T17-1776 2.275778e-03 1.137889e-03 1.752561e-02 8.762807e-03 1.338204e-02 6.691019e-03 2.585944e-02 9.589658e-03 3.113928e-02 7.347251e-03 4.044895e-02 3.225170e-03 5.511067e-02 9.236525e-03 6.236082e-03 1.148729e-04 1.877294e-02 3.458104e-04 3.281227e-02 3.022122e-04 4.549110e-02 4.189886e-04 4.584143e-02 8.444303e-04
0.001825 T17-1862 1.388051e-02 6.940255e-03 0.000000e+00 9.900000e+01 1.591871e-02 7.959355e-03 5.461164e-03 2.730582e-03 2.693859e-02 7.000081e-03 2.311755e-02 3.575789e-03 4.937835e-02 8.461838e-03 3.756620e-03 1.037993e-04 1.226136e-02 3.387939e-04 2.023770e-02 3.727921e-04 3.187840e-02 5.872218e-04 3.299697e-02 6.078266e-04
0.001825 T17-1778 4.148032e-03 2.074016e-03 0.000000e+00 9.900000e+01 1.063444e-02 5.317222e-03 0.000000e+00 9.900000e+01 6.657823e-03 3.328912e-03 2.323877e-02 3.671321e-03 2.647241e-02 8.390902e-03 2.105995e-03 9.698467e-05 1.132282e-02 3.128610e-04 1.804408e-02 3.323842e-04 2.455540e-02 4.523271e-04 2.543483e-02 7.027904e-04
0.001825 T17-0496 3.884750e-02 8.711647e-03 1.874898e-02 9.374490e-03 4.966901e-02 1.124409e-02 7.838100e-02 9.492003e-03 1.313877e-01 1.000868e-02 2.256362e-01 3.668518e-03 2.797314e-01 1.023851e-02 1.564577e-02 1.441029e-04 8.831592e-02 8.134197e-04 1.519034e-01 1.399082e-03 2.089787e-01 1.924765e-03 2.031633e-01 1.871203e-03
0.001825 T17-0404 1.725949e-02 8.209069e-03 2.278633e-02 1.139317e-02 2.112947e-02 9.860231e-03 3.492960e-02 9.518778e-03 3.186956e-02 1.095072e-02 5.655876e-02 3.459889e-03 7.539429e-02 9.505859e-03 8.204779e-03 1.511376e-04 2.553104e-02 4.702992e-04 4.570346e-02 4.209444e-04 7.392949e-02 6.809157e-04 7.438703e-02 6.851299e-04
0.001825 T17-0410 2.454039e-02 8.961160e-03 1.601447e-02 8.007234e-03 6.352389e-03 3.176195e-03 2.707840e-02 1.019317e-02 3.900704e-02 9.380786e-03 8.985050e-02 3.960131e-03 1.199496e-01 1.165228e-02 7.388479e-03 1.361008e-04 3.380599e-02 3.113647e-04 6.505934e-02 5.992187e-04 1.032341e-01 9.508210e-04 1.107327e-01 1.019886e-03
0.001825 T17-0492 1.351680e-02 6.758398e-03 0.000000e+00 9.900000e+01 1.322979e-02 6.614894e-03 2.486058e-02 9.933849e-03 2.437277e-02 9.540462e-03 7.139599e-02 3.767515e-03 9.000013e-02 1.003084e-02 4.878566e-03 1.347998e-04 2.745367e-02 2.528576e-04 5.556370e-02 5.117606e-04 7.843037e-02 7.223704e-04 8.122507e-02 7.481105e-04
0.001825 T17-0476 2.483491e-02 1.012435e-02 2.296617e-02 1.148308e-02 2.167565e-02 1.083782e-02 8.265001e-03 4.132501e-03 3.374175e-02 9.072781e-03 4.396695e-02 3.588504e-03 8.437923e-02 9.861241e-03 6.246091e-03 1.150572e-04 1.982286e-02 3.651505e-04 3.488226e-02 3.212775e-04 5.752071e-02 5.297853e-04 5.684966e-02 5.236047e-04
0.001825 T17-0475 0.000000e+00 9.900000e+01 1.262939e-02 6.314694e-03 5.085703e-03 2.542851e-03 1.626828e-02 8.134140e-03 2.529629e-02 8.736524e-03 3.769753e-02 3.985019e-03 7.302299e-02 1.062383e-02 2.445143e-03 1.351236e-04 1.299286e-02 3.590060e-04 3.068917e-02 5.653154e-04 4.921590e-02 4.532952e-04 5.532808e-02 5.095905e-04
0.001825 T17-0516 6.686190e-02 1.105664e-02 7.974028e-02 2.365215e-02 1.432771e-01 1.245921e-02 1.387463e-01 1.089855e-02 2.379343e-01 9.976118e-03 2.997023e-01 4.171025e-03 3.384965e-01 1.095549e-02 4.373525e-02 4.028165e-04 1.617439e-01 1.489716e-03 2.470082e-01 2.275030e-03 3.217137e-01 2.963093e-03 2.933293e-01 2.701662e-03
0.001825 T17-0484 0.000000e+00 9.900000e+01 9.168615e-04 4.584308e-04 2.094640e-02 1.047320e-02 2.305630e-02 1.118062e-02 3.367589e-02 8.892600e-03 4.704388e-02 4.797734e-03 3.865535e-02 1.288280e-02 5.947120e-03 1.095500e-04 2.444326e-02 2.251307e-04 4.264742e-02 3.927973e-04 6.241634e-02 5.748757e-04 6.402071e-02 5.896526e-04
0.001825 T17-0214 3.951752e-02 9.488675e-03 4.328835e-02 1.584229e-02 6.605609e-02 1.043537e-02 5.872260e-02 1.129964e-02 1.071375e-01 1.071985e-02 2.030939e-01 4.971832e-03 2.353248e-01 1.341051e-02 2.304046e-02 2.122105e-04 1.085867e-01 1.000120e-03 1.927217e-01 1.775032e-03 2.626966e-01 2.419525e-03 2.609979e-01 2.403879e-03
0.001825 T17-0230 3.032753e-02 8.976735e-03 0.000000e+00 9.900000e+01 6.061509e-02 1.079905e-02 5.068332e-02 9.645997e-03 1.191485e-01 9.467346e-03 2.203681e-01 3.699464e-03 2.618222e-01 1.110447e-02 1.685030e-02 1.551970e-04 9.744776e-02 8.975271e-04 1.639861e-01 1.510367e-03 2.300833e-01 2.119146e-03 2.205067e-01 2.030941e-03
0.001825 T17-0277 1.029080e-02 5.145398e-03 1.372148e-02 6.860742e-03 0.000000e+00 9.900000e+01 1.365010e-02 6.825050e-03 3.413042e-02 9.312683e-03 6.836016e-02 4.089306e-03 7.817969e-02 1.035522e-02 8.200982e-03 1.510677e-04 3.573575e-02 3.291384e-04 5.757234e-02 5.302608e-04 7.797746e-02 7.181990e-04 8.052631e-02 7.416748e-04
0.001825 T17-0283 3.854381e-02 8.092677e-03 5.365033e-02 1.473093e-02 6.422937e-02 9.645326e-03 6.366847e-02 9.412231e-03 1.271724e-01 9.319656e-03 2.129813e-01 3.536364e-03 2.425226e-01 1.056994e-02 2.926371e-02 2.695288e-04 1.070192e-01 9.856830e-04 1.739672e-01 1.602297e-03 2.421901e-01 2.230653e-03 2.366371e-01 2.179508e-03
0.001825 T17-0332 2.117645e-02 9.085796e-03 0.000000e+00 9.900000e+01 3.183884e-02 1.176949e-02 2.604643e-02 1.134630e-02 4.779305e-02 1.164875e-02 4.509780e-02 3.757749e-03 5.792585e-02 1.141475e-02 8.471302e-03 1.560472e-04 2.499255e-02 2.301899e-04 3.833020e-02 3.530342e-04 5.229108e-02 4.816187e-04 5.103191e-02 9.400426e-04
0.001825 T17-0268 6.720993e-02 8.532424e-03 9.760321e-02 1.632853e-02 1.307137e-01 1.172598e-02 1.570283e-01 9.310964e-03 2.446263e-01 1.173113e-02 3.832441e-01 5.577662e-03 4.365792e-01 1.015100e-02 4.934841e-02 4.545156e-04 2.035374e-01 1.874649e-03 3.190728e-01 2.938769e-03 4.204647e-01 3.872623e-03 3.997167e-01 3.681527e-03
0.001825 T17-0326 3.999023e-02 8.322974e-03 2.761896e-02 1.380948e-02 7.490350e-02 1.075882e-02 5.802839e-02 9.996485e-03 8.630959e-02 9.326518e-03 1.351733e-01 3.828604e-03 1.673989e-01 9.871625e-03 1.953521e-02 1.799260e-04 6.682435e-02 6.154750e-04 1.063952e-01 9.799360e-04 1.412441e-01 1.300906e-03 1.366116e-01 1.258239e-03
0.001825 T17-0320 6.147616e-03 3.073808e-03 0.000000e+00 9.900000e+01 9.000430e-03 4.500215e-03 3.530870e-03 1.765435e-03 2.835218e-02 9.457918e-03 2.693028e-02 3.936847e-03 5.178518e-02 1.058642e-02 2.785062e-03 1.026055e-04 9.584956e-03 3.531228e-04 2.042736e-02 3.762859e-04 3.470575e-02 6.393036e-04 3.709971e-02 6.834018e-04
0.001825 T17-0204 1.010592e-02 5.052960e-03 1.061916e-02 5.309582e-03 1.508678e-02 7.543389e-03 2.344734e-02 1.070174e-02 2.980765e-02 8.526813e-03 2.995707e-02 3.579464e-03 4.024130e-02 1.041934e-02 5.146195e-03 1.421946e-04 1.417887e-02 3.917766e-04 2.049567e-02 3.775442e-04 2.591032e-02 4.772858e-04 2.768217e-02 7.648867e-04
0.001825 T17-0202 1.782919e-02 8.914596e-03 4.232143e-02 1.702209e-02 5.695035e-02 9.929247e-03 7.807135e-02 9.977206e-03 7.912952e-02 1.086076e-02 1.522602e-01 4.025333e-03 1.760978e-01 1.144145e-02 1.712699e-02 1.577454e-04 7.822397e-02 7.204694e-04 1.333099e-01 1.227829e-03 1.987741e-01 1.830777e-03 2.103231e-01 1.937148e-03
0.001825 T17-0224 2.981582e-02 8.493802e-03 2.124049e-02 1.062024e-02 5.262996e-01 3.323828e-02 1.814970e-02 9.074848e-03 4.114847e-02 9.350030e-03 5.657219e-02 3.550134e-03 7.666507e-02 9.777988e-03 1.164134e-02 1.072207e-04 3.246376e-02 2.990023e-04 4.577871e-02 4.216375e-04 6.015297e-02 5.540293e-04 5.922215e-02 5.454562e-04
0.001825 T17-0197 6.335276e-04 3.167638e-04 8.093161e-03 4.046580e-03 1.068300e-02 5.341500e-03 5.387361e-03 2.693680e-03 0.000000e+00 9.900000e+01 1.988174e-02 4.644628e-03 2.022478e-02 1.011239e-02 1.835379e-03 1.183312e-04 9.614392e-03 3.542073e-04 1.794653e-02 4.958809e-04 3.070336e-02 5.655768e-04 3.400375e-02 6.263723e-04
0.001825 T17-0219 1.466207e-02 7.331035e-03 2.391810e-03 1.195905e-03 2.156229e-02 1.078115e-02 1.232263e-02 6.161313e-03 2.050250e-02 9.230814e-03 2.738252e-02 3.616629e-03 1.826056e-02 9.130280e-03 3.324430e-03 1.224765e-04 1.143596e-02 3.159873e-04 1.847969e-02 3.404085e-04 2.862582e-02 5.273071e-04 2.739344e-02 7.569087e-04
0.001825 T17-0272 5.246930e-02 9.729720e-03 7.635168e-02 1.623735e-02 1.161521e-01 1.090062e-02 1.089866e-01 1.078203e-02 2.055744e-01 9.070889e-03 2.521232e-01 4.261438e-03 2.812278e-01 1.036155e-02 4.005402e-02 3.689111e-04 1.428866e-01 1.316034e-03 2.224348e-01 2.048700e-03 2.891567e-01 2.663232e-03 2.666473e-01 2.455913e-03
0.001825 T17-0317 1.489547e-02 7.447737e-03 0.000000e+00 9.900000e+01 1.752553e-02 8.762766e-03 2.317584e-02 1.129906e-02 3.980618e-02 9.281928e-03 4.293804e-02 3.628003e-03 5.723478e-02 1.065384e-02 5.447081e-03 1.003389e-04 1.863613e-02 3.432902e-04 3.407277e-02 3.138218e-04 5.357710e-02 4.934634e-04 5.557964e-02 5.119074e-04
0.001825 T17-0270 4.783002e-03 2.391501e-03 3.666403e-03 1.833202e-03 3.938594e-03 1.969297e-03 8.559875e-03 4.279938e-03 2.175858e-02 1.066801e-02 2.832515e-02 3.918295e-03 4.372062e-02 1.011582e-02 3.948849e-03 1.091107e-04 1.283521e-02 3.546501e-04 1.959748e-02 3.609990e-04 3.264905e-02 6.014177e-04 3.093913e-02 8.548799e-04
0.001825 T17-0238 2.228522e-02 8.358505e-03 0.000000e+00 9.900000e+01 2.361808e-02 1.037993e-02 2.679863e-02 9.912219e-03 3.431635e-03 1.715817e-03 2.790911e-02 3.898973e-03 4.855271e-02 1.056294e-02 1.935672e-03 1.069692e-04 1.011452e-02 3.726327e-04 2.103437e-02 3.874674e-04 3.547936e-02 6.535539e-04 3.626535e-02 6.680324e-04
0.001825 T17-0256 9.932640e-03 4.966320e-03 0.000000e+00 9.900000e+01 6.839410e-03 3.419705e-03 1.872222e-02 9.361112e-03 1.772594e-03 8.862969e-04 2.820301e-02 3.922846e-03 6.887495e-02 9.478268e-03 2.132028e-03 9.818351e-05 9.652783e-03 2.667162e-04 2.271834e-02 4.184873e-04 3.715359e-02 3.421972e-04 4.232618e-02 7.796770e-04
0.001825 T17-0113 2.090156e-02 7.994385e-03 0.000000e+00 9.900000e+01 3.049021e-02 9.633166e-03 1.948877e-02 9.744383e-03 3.096940e-02 9.477451e-03 4.154924e-02 4.113431e-03 4.115459e-02 1.061967e-02 8.926947e-03 8.222022e-05 2.491528e-02 2.294782e-04 3.682218e-02 3.391448e-04 5.051942e-02 4.653011e-04 4.857855e-02 8.948499e-04
0.001825 T17-0115 1.963026e-02 8.821137e-03 5.439305e-03 2.719652e-03 2.932304e-03 1.466152e-03 1.090116e-02 5.450581e-03 2.433051e-02 8.594106e-03 2.710989e-02 3.716948e-03 3.883808e-02 1.029418e-02 3.664366e-03 1.350002e-04 1.249003e-02 3.451121e-04 2.074940e-02 3.822180e-04 3.512354e-02 6.469996e-04 3.500272e-02 6.447739e-04
0.001825 T17-0225 4.396086e-02 8.495567e-03 2.245924e-02 1.122962e-02 5.353879e-02 1.085926e-02 7.657107e-02 9.505464e-03 1.276582e-01 9.346911e-03 1.869079e-01 3.979307e-03 2.047931e-01 1.180555e-02 2.807492e-02 2.585796e-04 1.014135e-01 9.340526e-04 1.555043e-01 1.432248e-03 2.044450e-01 1.883008e-03 1.853349e-01 1.706997e-03
0.001825 T17-0217 1.453904e-02 7.269520e-03 0.000000e+00 9.900000e+01 8.439270e-03 4.219635e-03 1.279040e-02 6.395201e-03 2.198607e-02 8.744635e-03 3.116719e-02 3.709352e-03 3.126449e-02 9.687872e-03 4.729769e-03 1.306884e-04 1.406198e-02 2.590313e-04 2.075493e-02 3.823200e-04 3.017139e-02 5.557776e-04 2.810258e-02 7.765029e-04
0.001825 T17-0151 8.323728e-03 4.161864e-03 1.260904e-02 6.304518e-03 8.489743e-03 4.244872e-03 1.634686e-02 8.173428e-03 2.472439e-02 8.734644e-03 6.174375e-02 4.006141e-03 8.118526e-02 1.264300e-02 4.388194e-03 1.212503e-04 2.712863e-02 2.498639e-04 4.925423e-02 4.536482e-04 7.800794e-02 7.184797e-04 8.512738e-02 7.840521e-04
0.001825 T17-0148 2.142493e-03 1.071247e-03 1.760437e-03 8.802186e-04 9.584114e-03 4.792057e-03 1.217241e-02 6.086207e-03 1.643664e-02 8.218320e-03 2.225014e-02 3.587776e-03 2.480217e-02 9.265980e-03 2.339809e-03 1.077522e-04 1.284022e-02 3.547885e-04 2.557638e-02 4.711343e-04 3.695661e-02 6.807659e-04 3.712986e-02 6.839573e-04
0.001825 T17-0141 2.650538e-02 9.332142e-03 1.842426e-02 9.212129e-03 3.428188e-02 1.110232e-02 1.513666e-02 7.568328e-03 1.800848e-02 9.004239e-03 3.139276e-02 3.778083e-03 4.839019e-02 9.633151e-03 2.873021e-03 7.938451e-05 1.254221e-02 3.465540e-04 1.880551e-02 3.464103e-04 2.900974e-02 5.343792e-04 2.785057e-02 7.695397e-04
0.001825 T17-0168 3.463983e-02 1.053290e-02 4.002467e-02 1.733290e-02 3.604471e-02 1.148337e-02 4.117039e-02 9.386568e-03 5.906997e-02 8.769358e-03 9.371460e-02 3.770879e-03 1.221455e-01 1.052747e-02 1.437611e-02 1.324089e-04 4.519799e-02 4.162889e-04 7.386962e-02 6.803644e-04 1.035407e-01 9.536449e-04 1.010116e-01 9.303508e-04
0.001825 T17-0173 3.073262e-02 9.088238e-03 2.348362e-02 1.174181e-02 2.995173e-02 1.097582e-02 3.976288e-02 1.064317e-02 6.012851e-02 1.053372e-02 1.020005e-01 3.560392e-03 1.286877e-01 1.005445e-02 1.267994e-02 1.167866e-04 4.658661e-02 4.290786e-04 8.040314e-02 7.405402e-04 1.201455e-01 1.106581e-03 1.238320e-01 1.140535e-03
0.001825 T17-0190 2.702728e-04 1.351364e-04 6.895722e-03 3.447861e-03 1.262317e-02 6.311587e-03 5.088847e-04 2.544424e-04 9.681462e-03 4.840731e-03 3.033911e-02 4.165049e-03 4.002495e-02 9.588764e-03 3.192840e-03 8.822142e-05 1.250493e-02 3.455239e-04 2.321948e-02 4.277187e-04 3.598617e-02 6.628898e-04 3.674215e-02 6.768155e-04
0.001825 T17-0215 7.534507e-04 3.767254e-04 1.974513e-02 9.872566e-03 1.610948e-03 8.054742e-04 0.000000e+00 9.900000e+01 3.040216e-03 1.520108e-03 2.314674e-02 3.714215e-03 4.298256e-02 1.062438e-02 1.871008e-03 1.033957e-04 7.297811e-03 3.360766e-04 1.563766e-02 4.320846e-04 2.439649e-02 4.493999e-04 2.310130e-02 6.383124e-04
0.001825 T17-0206 4.084284e-03 2.042142e-03 1.270738e-02 6.353691e-03 0.000000e+00 9.900000e+01 2.300849e-02 9.870659e-03 1.782777e-02 8.913887e-03 3.670386e-02 4.090828e-03 4.424155e-02 9.602658e-03 4.384566e-03 1.211500e-04 1.518902e-02 4.196881e-04 2.471705e-02 4.553049e-04 3.719280e-02 6.851167e-04 3.971585e-02 7.315929e-04
0.001825 T17-0246 2.095667e-02 1.004518e-02 1.042115e-02 5.210577e-03 1.362463e-02 6.812314e-03 2.762845e-02 1.130737e-02 2.478011e-02 9.338266e-03 3.465249e-02 3.664185e-03 4.273604e-02 9.599463e-03 5.518727e-03 1.016587e-04 1.947430e-02 3.587299e-04 3.111349e-02 5.731316e-04 4.077777e-02 3.755771e-04 4.476477e-02 8.245976e-04
0.001825 T17-0252 2.326074e-02 8.811116e-03 1.622319e-02 8.111594e-03 2.966777e-02 1.093592e-02 3.479156e-02 1.018119e-02 6.317507e-02 9.536227e-03 9.306038e-02 3.879701e-03 1.172245e-01 1.789413e-02 1.142329e-02 1.052124e-04 4.628339e-02 4.262857e-04 7.672248e-02 7.066402e-04 1.082441e-01 9.969650e-04 1.210379e-01 1.114801e-03
0.001825 T17-0248 3.353973e-02 8.263991e-03 3.032909e-03 1.516455e-03 5.000983e-02 1.092629e-02 4.032516e-02 9.701074e-03 8.161674e-02 9.869503e-03 1.120750e-01 4.205058e-03 7.934505e-02 1.854907e-02 1.152388e-02 1.061389e-04 5.614049e-02 5.170730e-04 1.001884e-01 9.227692e-04 1.400640e-01 1.290037e-03 1.640066e-01 1.510556e-03
0.001825 T17-0361 9.181400e-03 4.590700e-03 1.482055e-02 7.410276e-03 1.969582e-02 9.847912e-03 1.115541e-02 5.577706e-03 2.886733e-02 1.013163e-02 6.066703e-02 4.587580e-03 1.082929e-01 1.171010e-02 5.132135e-03 1.418061e-04 2.091858e-02 3.853345e-04 5.328900e-02 4.908099e-04 9.413693e-02 8.670332e-04 9.802228e-02 9.028186e-04
0.001825 T17-0369 1.007314e-02 5.036568e-03 3.118791e-02 1.559395e-02 1.071870e-02 5.359349e-03 8.396759e-03 4.198379e-03 4.165731e-02 9.569241e-03 7.009327e-02 3.938126e-03 1.069267e-01 1.080784e-02 5.961377e-03 1.098126e-04 2.814126e-02 2.591906e-04 5.335941e-02 4.914583e-04 8.673287e-02 7.988393e-04 9.197143e-02 8.470882e-04
0.001825 T17-0350 1.148533e-02 5.742663e-03 1.167997e-02 5.839986e-03 2.196587e-02 1.098294e-02 4.566462e-03 2.283231e-03 2.528416e-02 1.052270e-02 4.975704e-02 3.790903e-03 7.393038e-02 1.040512e-02 9.058432e-03 8.343124e-05 2.611282e-02 2.405080e-04 4.135413e-02 3.808856e-04 5.835874e-02 5.375038e-04 5.790159e-02 5.332933e-04
0.001825 T17-0364 0.000000e+00 9.900000e+01 1.894568e-02 9.472840e-03 3.727992e-04 1.863996e-04 0.000000e+00 9.900000e+01 1.984972e-02 9.338564e-03 4.946139e-02 4.088469e-03 5.370274e-02 1.001415e-02 3.757597e-03 1.038262e-04 1.500033e-02 2.763163e-04 2.787146e-02 5.134113e-04 4.871063e-02 4.486414e-04 5.067201e-02 9.334129e-04
0.001825 T17-0382 3.236392e-02 9.319090e-03 4.775802e-02 1.790644e-02 4.122652e-02 1.050488e-02 4.873112e-02 1.086800e-02 6.542524e-02 9.242723e-03 7.633035e-02 3.791298e-03 7.322872e-02 1.187640e-02 1.549963e-02 1.427569e-04 4.361595e-02 4.017178e-04 6.206372e-02 5.716280e-04 7.859335e-02 7.238715e-04 7.595981e-02 6.996157e-04
0.001825 T17-0372 4.643185e-03 2.321592e-03 0.000000e+00 9.900000e+01 9.523137e-03 4.761569e-03 0.000000e+00 9.900000e+01 7.148244e-03 3.574122e-03 3.380104e-02 3.866622e-03 4.762948e-02 1.061199e-02 3.128965e-03 1.152753e-04 1.356689e-02 2.499114e-04 2.974596e-02 5.479408e-04 4.873286e-02 4.488463e-04 5.307887e-02 9.777489e-04
0.001825 T17-0360 1.329780e-02 6.648899e-03 1.935768e-02 9.678840e-03 9.288118e-03 4.644059e-03 1.753389e-02 8.766944e-03 3.968498e-03 1.984249e-03 1.006855e-02 3.526429e-03 4.099531e-02 1.122797e-02 1.491239e-03 1.098785e-04 3.927726e-03 3.617569e-04 1.006009e-02 3.706273e-04 1.708792e-02 4.721567e-04 1.843289e-02 6.790926e-04
0.001825 T17-0491 1.884010e-03 9.420052e-04 1.237972e-03 6.189862e-04 0.000000e+00 9.900000e+01 2.055840e-02 9.702352e-03 1.446474e-03 7.232369e-04 2.207131e-02 3.751835e-03 4.034968e-02 1.015152e-02 1.098522e-03 1.112953e-04 6.666610e-03 3.070087e-04 1.625123e-02 4.490380e-04 2.761065e-02 5.086069e-04 3.080349e-02 8.511319e-04
0.001825 T17-0319 3.215950e-02 1.167578e-02 3.278363e-02 1.639181e-02 7.177563e-02 1.272097e-02 7.327099e-02 1.068702e-02 1.314628e-01 9.932035e-03 1.930162e-01 4.686904e-03 2.486302e-01 1.058984e-02 1.967229e-02 1.811885e-04 9.263160e-02 8.531686e-04 1.554245e-01 1.431513e-03 2.144267e-01 1.974943e-03 2.007690e-01 1.849151e-03
0.001825 T17-0371 9.215532e-03 4.607766e-03 0.000000e+00 9.900000e+01 1.458910e-02 7.294548e-03 6.890209e-03 3.445105e-03 3.935586e-02 9.994498e-03 1.105882e-01 4.543734e-03 1.959271e-01 9.861583e-03 6.235453e-03 1.148613e-04 3.829686e-02 3.527271e-04 8.459098e-02 7.791117e-04 1.423059e-01 1.310686e-03 1.563172e-01 1.439734e-03
0.001825 T17-0041 0.000000e+00 9.900000e+01 2.181645e-02 1.090823e-02 0.000000e+00 9.900000e+01 1.589121e-02 7.945606e-03 2.620528e-02 9.822894e-03 2.380775e-02 5.735476e-03 4.627309e-02 1.026575e-02 2.546911e-03 1.172896e-04 1.078543e-02 2.980125e-04 2.087110e-02 3.844598e-04 3.232687e-02 5.954829e-04 3.845715e-02 7.084069e-04
0.001825 T17-0025 7.206377e-03 3.603189e-03 1.210127e-02 6.050637e-03 0.000000e+00 9.900000e+01 0.000000e+00 9.900000e+01 2.836660e-02 1.160044e-02 2.563270e-02 5.277062e-03 6.089722e-02 1.028870e-02 1.696629e-03 1.093857e-04 9.878640e-03 2.729569e-04 2.146281e-02 3.953596e-04 3.472352e-02 6.396309e-04 3.796182e-02 6.992825e-04
0.001825 T17-0027 1.830199e-02 9.150997e-03 1.135631e-02 5.678153e-03 8.753004e-03 4.376502e-03 2.396251e-02 1.198125e-02 1.413413e-02 7.067067e-03 2.659898e-02 5.152601e-03 4.204416e-02 1.045258e-02 2.199950e-03 1.215737e-04 9.984726e-03 2.758882e-04 1.888592e-02 3.478915e-04 3.026617e-02 5.575234e-04 3.432460e-02 6.322825e-04
0.001825 T17-0026 3.032917e-02 1.317219e-02 8.255912e-03 4.127956e-03 3.307618e-02 1.571947e-02 1.101345e-02 5.506726e-03 6.963164e-02 1.050346e-02 8.245400e-02 5.501181e-03 1.065318e-01 9.325300e-03 8.520506e-03 1.569535e-04 3.991967e-02 3.676737e-04 7.582147e-02 6.983415e-04 1.100895e-01 1.013962e-03 1.183364e-01 1.089919e-03
0.001825 T17-0033 7.717761e-03 3.858880e-03 0.000000e+00 9.900000e+01 0.000000e+00 9.900000e+01 2.425787e-02 1.212894e-02 1.914857e-02 9.574284e-03 2.768128e-02 5.178271e-03 5.323275e-02 9.993968e-03 1.956637e-03 1.081278e-04 8.450850e-03 3.113408e-04 1.812075e-02 3.337966e-04 2.887699e-02 5.319339e-04 3.192961e-02 5.881652e-04
0.001825 T17-0010 1.739264e-02 8.696322e-03 2.120431e-02 1.060215e-02 1.322318e-05 6.611591e-06 0.000000e+00 9.900000e+01 1.476529e-02 7.382643e-03 1.972438e-02 5.681321e-03 3.030448e-02 9.294920e-03 2.994525e-03 1.103224e-04 7.813004e-03 2.878417e-04 1.227964e-02 4.523985e-04 1.966669e-02 5.434108e-04 1.722681e-02 6.346591e-04
0.001825 T17-0015 0.000000e+00 9.900000e+01 1.914516e-02 9.572579e-03 5.087402e-03 2.543701e-03 5.510512e-03 2.755256e-03 8.894902e-03 4.447451e-03 2.841949e-02 4.723699e-03 5.036159e-02 9.689648e-03 1.977105e-03 1.274687e-04 1.206403e-02 3.333414e-04 2.459433e-02 4.530443e-04 3.435536e-02 6.328491e-04 3.862422e-02 7.114844e-04
0.001825 T17-0051 2.578256e-02 8.143796e-03 2.933472e-02 1.216088e-02 2.842149e-02 9.254532e-03 1.819245e-02 8.254060e-03 6.913395e-02 7.116277e-03 1.488560e-01 3.805717e-03 2.114830e-01 8.102849e-03 8.666952e-03 7.982557e-05 5.224062e-02 4.811539e-04 1.142949e-01 1.052695e-03 1.796193e-01 1.654355e-03 2.054406e-01 1.892178e-03
0.001825 T17-0006 1.626100e-02 7.956516e-03 2.813033e-02 1.124420e-02 1.005032e-02 5.025162e-03 2.176549e-02 7.759435e-03 1.006640e-01 7.471830e-03 9.498603e-02 5.147123e-03 1.774351e-01 1.263160e-02 3.719931e-03 1.027855e-04 1.312640e-02 3.626959e-04 2.097214e-02 3.863211e-04 2.885080e-02 5.314513e-04 3.434697e-02 6.326945e-04
0.001825 T17-0007 1.193141e-02 5.965707e-03 0.000000e+00 9.900000e+01 2.844514e-03 1.422257e-03 1.260071e-02 6.300354e-03 1.571160e-02 5.986094e-03 2.985310e-02 3.493825e-03 4.215737e-02 8.127113e-03 2.014943e-03 1.113498e-04 1.067549e-02 2.949746e-04 2.149811e-02 3.960098e-04 3.099129e-02 5.708807e-04 3.214973e-02 5.922200e-04
0.001825 T17-0013 1.231203e-03 6.156016e-04 4.535058e-03 2.267529e-03 2.140185e-02 9.617898e-03 3.960035e-03 1.980018e-03 5.757095e-03 2.878548e-03 1.921567e-02 7.047071e-03 2.562443e-02 1.001818e-02 3.384461e-03 9.351610e-05 1.045988e-02 2.890172e-04 1.696078e-02 4.686438e-04 2.349460e-02 4.327865e-04 2.871209e-02 5.288962e-04
0.001825 T17-0014 6.072945e-03 3.036473e-03 5.295569e-03 2.647785e-03 1.455153e-02 7.275765e-03 1.594583e-02 7.502261e-03 4.722294e-02 6.022652e-03 5.488045e-02 2.849328e-03 1.010731e-01 8.438836e-03 3.291900e-03 9.095855e-05 1.934588e-02 3.563643e-04 4.242383e-02 3.907379e-04 6.554915e-02 6.037299e-04 7.504178e-02 6.911603e-04
0.001825 T17-0032 8.368929e-03 4.184464e-03 2.382111e-02 1.172750e-02 2.130779e-02 8.965986e-03 6.104307e-03 3.052154e-03 2.422349e-02 6.389219e-03 3.032703e-02 3.110993e-03 3.702862e-02 8.447644e-03 4.744671e-03 8.740006e-05 1.569707e-02 2.891508e-04 2.395004e-02 4.411760e-04 3.245625e-02 5.978663e-04 3.261508e-02 6.007919e-04
0.001825 T17-0042 0.000000e+00 9.900000e+01 8.775306e-04 4.387653e-04 4.260043e-03 2.130021e-03 9.236490e-03 4.618245e-03 3.209195e-02 6.373130e-03 5.908455e-02 3.680994e-03 8.993458e-02 8.941638e-03 3.545582e-03 9.796804e-05 1.774046e-02 3.267914e-04 4.247333e-02 3.911938e-04 6.192942e-02 5.703910e-04 6.635627e-02 6.111639e-04
0.001825 T17-0045 4.627044e-03 2.313522e-03 0.000000e+00 9.900000e+01 0.000000e+00 9.900000e+01 5.902340e-03 2.951170e-03 6.220461e-03 3.110231e-03 2.993164e-02 3.409905e-03 4.383179e-02 8.454058e-03 2.866207e-03 1.055950e-04 1.118590e-02 3.090778e-04 2.398328e-02 4.417883e-04 3.595369e-02 6.622915e-04 4.034253e-02 7.431368e-04
0.001825 T17-0053 8.041160e-03 4.020580e-03 3.981397e-03 1.990698e-03 5.803012e-03 2.901506e-03 1.567334e-02 7.836671e-03 4.325766e-03 2.162883e-03 2.140147e-02 3.343492e-03 4.742558e-02 7.592666e-03 2.224471e-03 1.024407e-04 5.915152e-03 3.268834e-04 1.724183e-02 4.764093e-04 2.813755e-02 5.183129e-04 3.220032e-02 5.931518e-04
0.001825 T17-0019 2.181559e-04 1.090780e-04 0.000000e+00 9.900000e+01 1.080025e-02 5.400127e-03 2.628823e-03 1.314411e-03 3.096538e-02 6.419197e-03 3.028337e-02 3.564196e-03 3.913954e-02 8.336822e-03 3.421560e-03 9.454120e-05 1.167321e-02 3.225427e-04 2.128311e-02 3.920494e-04 3.410996e-02 6.283287e-04 3.431993e-02 6.321966e-04
0.001825 T17-0016 2.710756e-04 1.355378e-04 7.022633e-03 3.511316e-03 0.000000e+00 9.900000e+01 1.822597e-02 8.849175e-03 1.491223e-02 6.279316e-03 1.742591e-02 3.271441e-03 4.918155e-02 8.150271e-03 1.577621e-03 8.718258e-05 7.568659e-03 2.788397e-04 1.976578e-02 3.640992e-04 3.197362e-02 5.889758e-04 3.728011e-02 6.867250e-04
0.001825 T17-0017 1.371422e-02 6.725162e-03 2.122639e-03 1.061319e-03 1.171996e-02 5.859982e-03 1.185007e-02 5.925034e-03 2.794083e-02 6.172353e-03 5.620227e-02 2.946949e-03 8.966022e-02 8.246944e-03 4.214408e-03 1.164484e-04 1.778440e-02 3.276008e-04 3.558128e-02 3.277157e-04 5.498955e-02 5.064725e-04 6.238511e-02 5.745881e-04
0.001825 T17-0028 2.759409e-03 1.379705e-03 1.219915e-02 6.099577e-03 1.381333e-02 6.906665e-03 0.000000e+00 9.900000e+01 1.134914e-02 5.674570e-03 3.276925e-02 4.964930e-03 2.247294e-02 1.109317e-02 3.765024e-03 1.040314e-04 1.676427e-02 3.088092e-04 2.635598e-02 4.854951e-04 3.576885e-02 6.588865e-04 3.837333e-02 7.068628e-04
0.001825 T17-0030 7.855406e-03 3.927703e-03 1.549202e-03 7.746010e-04 1.128812e-02 5.644058e-03 2.149596e-03 1.074798e-03 1.948014e-02 6.957884e-03 4.222844e-02 3.175699e-03 7.479234e-02 7.718343e-03 2.925806e-03 1.077907e-04 1.277326e-02 3.529382e-04 2.619595e-02 4.825472e-04 4.078554e-02 3.756487e-04 4.537377e-02 8.358157e-04
0.001825 T17-0018 2.915306e-02 6.605127e-03 3.036823e-02 1.074371e-02 3.265825e-02 9.520730e-03 4.521448e-02 8.237677e-03 6.192606e-02 6.546959e-03 7.927490e-02 3.378015e-03 9.458297e-02 9.193184e-03 1.634854e-02 1.505756e-04 5.042125e-02 4.643969e-04 7.305123e-02 6.728267e-04 1.010602e-01 9.307988e-04 9.623061e-02 8.863167e-04
0.001825 T17-0022 8.568024e-03 4.284012e-03 5.388991e-03 2.694495e-03 5.336926e-03 2.668463e-03 5.613598e-03 2.806799e-03 1.854880e-02 6.212989e-03 2.499837e-02 3.103202e-03 4.484353e-02 8.107368e-03 1.613447e-03 1.040228e-04 9.297678e-03 3.425391e-04 1.840230e-02 3.389829e-04 2.763756e-02 5.091027e-04 3.104741e-02 5.719145e-04
0.001825 T17-0024 2.445313e-02 8.288223e-03 2.251479e-02 1.125739e-02 3.242356e-02 8.919161e-03 4.531370e-02 7.641200e-03 6.106281e-02 6.308160e-03 9.425200e-02 3.626649e-03 1.376965e-01 8.563696e-03 1.253367e-02 1.154394e-04 4.593802e-02 4.231048e-04 7.213443e-02 6.643827e-04 9.964112e-02 9.177286e-04 1.029799e-01 9.484801e-04
0.001825 T17-0039 1.091324e-02 5.456620e-03 7.414884e-03 3.707442e-03 1.174134e-02 5.870671e-03 1.399819e-02 6.999096e-03 1.558421e-02 7.266093e-03 2.315740e-02 3.381270e-03 4.420481e-02 9.914518e-03 2.398536e-03 1.104567e-04 9.364235e-03 3.449912e-04 1.865738e-02 3.436816e-04 2.869064e-02 5.285011e-04 2.888038e-02 5.319962e-04
0.001825 T17-0012 1.059043e-02 5.295217e-03 1.365222e-02 6.826108e-03 5.287188e-03 2.643594e-03 3.119707e-03 1.559854e-03 1.262758e-02 6.313791e-03 2.713975e-02 3.162295e-03 4.303375e-02 8.137305e-03 3.141512e-03 1.446720e-04 1.123907e-02 3.105469e-04 2.168658e-02 3.994815e-04 3.242709e-02 5.973290e-04 3.312942e-02 6.102664e-04
0.001825 T17-0374 8.922749e-03 4.461374e-03 3.228906e-02 1.614453e-02 1.633471e-02 8.167353e-03 2.146920e-02 1.073460e-02 1.134111e-02 5.670553e-03 3.552961e-02 7.327894e-03 4.093762e-02 1.087967e-02 3.637440e-03 1.005062e-04 1.222841e-02 3.378834e-04 2.078816e-02 3.829321e-04 3.170684e-02 5.840617e-04 3.242311e-02 5.972558e-04
0.001825 T17-0381 1.330314e-02 6.651569e-03 0.000000e+00 9.900000e+01 6.411262e-03 3.205631e-03 6.861917e-04 3.430958e-04 2.002316e-02 1.001158e-02 4.362749e-02 7.167169e-03 5.034285e-02 1.137055e-02 2.262567e-03 8.335603e-05 1.408533e-02 2.594613e-04 3.039509e-02 2.799491e-04 4.763022e-02 4.386906e-04 5.538852e-02 5.101471e-04
0.001825 T17-0452 1.161773e-02 5.808867e-03 0.000000e+00 9.900000e+01 2.311871e-02 1.155936e-02 1.485760e-02 7.428800e-03 1.982961e-02 9.914807e-03 2.906436e-02 7.141529e-03 4.143480e-02 1.196701e-02 3.038293e-03 8.395115e-05 1.165343e-02 3.219961e-04 2.218864e-02 4.087298e-04 3.259930e-02 6.005013e-04 3.468893e-02 6.389937e-04
0.001825 T17-0453 4.221599e-02 2.110799e-02 1.024502e-02 5.122509e-03 0.000000e+00 9.900000e+01 0.000000e+00 9.900000e+01 1.954888e-02 9.774438e-03 5.364421e-02 7.770581e-03 5.771640e-02 1.154348e-02 3.518895e-03 9.723067e-05 1.122744e-02 3.102257e-04 2.570446e-02 4.734936e-04 4.296532e-02 3.957252e-04 4.743741e-02 4.369147e-04
0.001825 T17-0474 2.725496e-02 1.362748e-02 8.410016e-03 4.205008e-03 3.760914e-02 1.880457e-02 3.412303e-02 1.706151e-02 4.987110e-02 1.600042e-02 4.539203e-02 8.138726e-03 4.307616e-02 1.202380e-02 4.068432e-03 1.124149e-04 1.839154e-02 3.387847e-04 3.248331e-02 2.991824e-04 4.768026e-02 4.391514e-04 4.978130e-02 4.585027e-04
0.001825 T17-0544 0.000000e+00 9.900000e+01 2.589662e-02 1.294831e-02 1.773513e-02 8.867567e-03 3.141222e-02 1.570611e-02 6.095179e-02 1.569713e-02 4.621103e-02 7.006237e-03 6.997197e-02 1.184312e-02 4.431305e-03 1.224415e-04 1.880952e-02 3.464842e-04 4.074525e-02 3.752776e-04 6.686035e-02 6.158066e-04 7.114759e-02 6.552935e-04
0.001825 T17-0532 0.000000e+00 9.900000e+01 0.000000e+00 9.900000e+01 6.184519e-02 2.505001e-02 2.918249e-02 1.459124e-02 2.649127e-02 1.324563e-02 8.874399e-02 7.306861e-03 1.160947e-01 1.147480e-02 4.581978e-03 8.440315e-05 3.091283e-02 2.847177e-04 5.742236e-02 5.288795e-04 9.267335e-02 8.535531e-04 9.692721e-02 8.927326e-04
0.001825 T17-0534 1.106717e-02 5.533587e-03 0.000000e+00 9.900000e+01 0.000000e+00 9.900000e+01 1.405061e-02 7.025304e-03 1.715779e-02 8.578896e-03 3.702762e-02 6.852798e-03 4.222009e-02 1.195376e-02 2.499042e-03 9.206812e-05 1.353946e-02 2.494061e-04 2.542657e-02 4.683747e-04 4.262160e-02 3.925594e-04 4.714324e-02 8.684107e-04
0.001825 T17-0487 2.781582e-03 1.390791e-03 5.283658e-02 2.378248e-02 0.000000e+00 9.900000e+01 3.518774e-02 1.759387e-02 4.890853e-02 1.684361e-02 7.305736e-02 6.968979e-03 8.293585e-02 1.145331e-02 1.343353e-02 1.237274e-04 3.602186e-02 3.317736e-04 5.607853e-02 5.165024e-04 7.520082e-02 6.926251e-04 7.437509e-02 6.850199e-04
0.001825 T17-0422 3.405590e-03 1.702795e-03 3.348109e-03 1.674055e-03 3.284678e-02 1.642339e-02 0.000000e+00 9.900000e+01 1.883807e-02 9.419035e-03 5.595583e-02 7.518449e-03 1.074449e-01 1.236469e-02 4.792125e-03 1.324113e-04 2.437909e-02 4.490795e-04 4.670423e-02 4.301618e-04 6.848441e-02 6.307647e-04 7.345760e-02 6.765695e-04
0.001825 T17-0442 1.587187e-02 7.935937e-03 4.507147e-02 2.253574e-02 0.000000e+00 9.900000e+01 0.000000e+00 9.900000e+01 5.473065e-02 1.695333e-02 7.577257e-02 7.198220e-03 9.949333e-02 1.113023e-02 7.551529e-03 1.391043e-04 3.468833e-02 3.194913e-04 5.945387e-02 5.475904e-04 8.321480e-02 7.664366e-04 8.760083e-02 8.068335e-04
0.001825 T17-0535 0.000000e+00 9.900000e+01 3.615722e-02 1.807861e-02 6.148347e-02 2.472892e-02 0.000000e+00 9.900000e+01 2.331829e-02 1.165914e-02 3.064209e-02 7.192933e-03 1.134092e-02 5.670458e-03 3.306281e-03 1.218079e-04 1.175163e-02 3.247095e-04 2.035665e-02 3.749833e-04 2.958772e-02 5.450260e-04 3.116483e-02 5.740775e-04
0.001825 T17-0212 0.000000e+00 9.900000e+01 2.980907e-02 1.490453e-02 1.660179e-02 8.300895e-03 3.156461e-02 1.578231e-02 3.571168e-02 1.659807e-02 3.527597e-02 6.989949e-03 3.605935e-02 1.154983e-02 6.131543e-03 1.129472e-04 1.853899e-02 3.415008e-04 2.808389e-02 5.173244e-04 4.054822e-02 3.734629e-04 3.725918e-02 6.863395e-04
0.001825 T17-0193 9.894012e-03 4.947006e-03 0.000000e+00 9.900000e+01 4.496545e-02 2.248272e-02 6.522513e-02 1.840692e-02 5.224394e-02 1.564819e-02 1.263191e-01 7.050052e-03 1.572940e-01 1.304143e-02 1.835822e-02 1.690854e-04 6.042169e-02 5.565043e-04 1.014875e-01 9.347343e-04 1.350395e-01 1.243760e-03 1.300359e-01 1.197675e-03
0.001825 T17-0297 3.274936e-02 1.637468e-02 0.000000e+00 9.900000e+01 4.054883e-02 2.027442e-02 0.000000e+00 9.900000e+01 4.055824e-02 1.585740e-02 3.285823e-02 6.479231e-03 3.626401e-02 1.046877e-02 3.826091e-03 1.057188e-04 1.524320e-02 2.807900e-04 2.416921e-02 4.452133e-04 3.382030e-02 6.229929e-04 3.357155e-02 6.184108e-04
0.001825 T17-0303 1.284813e-02 6.424063e-03 5.674209e-03 2.837104e-03 1.132347e-02 5.661737e-03 5.542428e-03 2.771214e-03 6.451598e-02 1.496830e-02 5.064171e-02 6.786234e-03 3.667703e-02 1.197715e-02 3.499968e-03 1.289436e-04 1.599885e-02 2.947096e-04 3.372703e-02 3.106374e-04 4.849604e-02 4.466650e-04 5.474960e-02 5.042625e-04
0.001825 T17-0286 0.000000e+00 9.900000e+01 0.000000e+00 9.900000e+01 1.862659e-02 9.313296e-03 3.911911e-02 1.955956e-02 4.913804e-02 1.599377e-02 1.150174e-01 8.064351e-03 1.479036e-01 1.238004e-02 8.262459e-03 1.522001e-04 4.849055e-02 4.466145e-04 8.750820e-02 8.059803e-04 1.339859e-01 1.234056e-03 1.344999e-01 1.238790e-03
0.001825 T17-0325 1.079541e-02 5.397706e-03 0.000000e+00 9.900000e+01 3.268516e-02 1.634258e-02 1.035449e-02 5.177243e-03 3.713971e-02 1.473438e-02 7.791152e-02 7.395478e-03 1.338462e-01 1.029882e-02 4.795533e-03 1.325055e-04 2.615723e-02 2.409169e-04 6.283670e-02 5.787473e-04 9.647222e-02 8.885420e-04 1.099945e-01 1.013087e-03
0.001825 T17-0333 1.837447e-02 9.187236e-03 4.921415e-03 2.460707e-03 4.384296e-02 2.192148e-02 1.308432e-02 6.542161e-03 4.440159e-02 1.603541e-02 5.895616e-02 6.596804e-03 7.459191e-02 1.136323e-02 7.052556e-03 1.299129e-04 2.447299e-02 4.508092e-04 4.254829e-02 3.918842e-04 6.313725e-02 5.815156e-04 6.360282e-02 5.858036e-04
0.001825 T17-0315 0.000000e+00 9.900000e+01 1.148934e-02 5.744671e-03 4.743891e-02 2.371946e-02 2.291869e-02 1.145934e-02 4.247388e-02 1.598755e-02 7.983307e-02 6.828685e-03 1.061947e-01 1.073800e-02 5.958995e-03 1.097687e-04 2.923943e-02 5.386103e-04 6.260588e-02 5.766214e-04 9.706085e-02 8.939635e-04 1.051024e-01 9.680289e-04
0.001825 T17-0345 1.028958e-02 5.144792e-03 1.977280e-02 9.886398e-03 3.299283e-02 1.649642e-02 0.000000e+00 9.900000e+01 1.679399e-02 8.396996e-03 4.113867e-02 7.816270e-03 3.408937e-02 1.033517e-02 3.393373e-03 1.250165e-04 1.343135e-02 3.711220e-04 2.135223e-02 3.933227e-04 2.469012e-02 4.548088e-04 3.228150e-02 5.946472e-04
0.001825 T17-0233 3.242372e-02 1.621186e-02 2.712324e-02 1.356162e-02 0.000000e+00 9.900000e+01 2.194045e-02 1.097022e-02 4.780229e-02 1.710816e-02 8.196102e-02 7.622994e-03 1.294067e-01 1.102956e-02 1.093905e-02 1.007524e-04 4.272917e-02 3.935502e-04 7.697010e-02 7.089208e-04 1.151727e-01 1.060780e-03 1.203096e-01 1.108093e-03
0.001825 T17-0305 2.704531e-02 1.352266e-02 1.497091e-03 7.485453e-04 4.813293e-02 2.406646e-02 3.080618e-02 1.540309e-02 5.830603e-02 1.690525e-02 6.708129e-02 7.480461e-03 8.617020e-02 1.149200e-02 1.505384e-02 1.386510e-04 4.049098e-02 3.729357e-04 6.264769e-02 5.770066e-04 8.168184e-02 7.523176e-04 8.484880e-02 7.814863e-04
0.001825 T17-0294 0.000000e+00 9.900000e+01 2.960127e-02 1.480063e-02 1.167998e-02 5.839988e-03 0.000000e+00 9.900000e+01 2.122716e-02 1.061358e-02 7.200724e-02 7.507645e-03 9.731697e-02 1.206895e-02 4.743392e-03 1.310648e-04 1.936679e-02 3.567494e-04 4.590559e-02 4.228061e-04 6.278842e-02 5.783027e-04 7.094247e-02 6.534043e-04
0.001825 T17-0245 9.786199e-03 4.893100e-03 3.476080e-02 1.738040e-02 1.842093e-02 9.210463e-03 1.473941e-02 7.369706e-03 1.474541e-03 7.372707e-04 4.483227e-02 7.226046e-03 5.924609e-02 1.291459e-02 4.328897e-03 1.196119e-04 1.471654e-02 4.066331e-04 2.825441e-02 5.204655e-04 4.425012e-02 4.075586e-04 4.453872e-02 8.204336e-04
0.001825 T17-0328 2.920011e-02 1.460005e-02 1.906185e-02 9.530924e-03 7.715839e-02 2.578762e-02 2.451197e-02 1.225599e-02 6.114721e-02 1.419058e-02 1.135233e-01 7.131397e-03 1.283522e-01 1.073353e-02 1.387214e-02 1.277671e-04 4.421322e-02 4.072188e-04 7.670110e-02 7.064432e-04 1.040144e-01 9.580077e-04 1.062423e-01 9.785277e-04
0.001825 T17-0299 1.857797e-02 9.288983e-03 4.075781e-02 2.037890e-02 0.000000e+00 9.900000e+01 2.031599e-02 1.015800e-02 2.240450e-02 1.120225e-02 3.043815e-02 6.487704e-03 4.747607e-02 1.056765e-02 5.324309e-03 9.807739e-05 1.239553e-02 3.425011e-04 2.704691e-02 4.982224e-04 3.687029e-02 6.791758e-04 4.501196e-02 8.291510e-04
0.001825 T17-0177 9.666030e-03 4.833015e-03 6.620316e-03 3.310158e-03 1.349314e-02 6.746569e-03 1.827129e-02 9.135647e-03 1.739454e-02 8.697272e-03 3.424057e-02 6.575967e-03 4.801791e-02 1.222811e-02 3.929189e-03 1.085675e-04 1.406083e-02 2.590100e-04 2.591655e-02 4.774005e-04 4.303716e-02 3.963869e-04 4.145578e-02 7.636437e-04
0.001825 T17-0171 6.636974e-02 2.014047e-02 5.635374e-02 2.294291e-02 1.174823e-01 2.485593e-02 1.117053e-01 1.817609e-02 1.643315e-01 1.563156e-02 2.540078e-01 7.269559e-03 3.316327e-01 1.257631e-02 3.917161e-02 3.607839e-04 1.352012e-01 1.245249e-03 2.171946e-01 2.000436e-03 3.171798e-01 2.921334e-03 3.229747e-01 2.974706e-03
0.001825 T17-0170 0.000000e+00 9.900000e+01 1.164876e-02 5.824381e-03 2.582789e-02 1.291395e-02 8.468572e-03 4.234286e-03 4.330185e-02 1.443773e-02 3.862755e-02 7.185418e-03 4.646825e-02 1.236117e-02 4.363258e-03 8.037417e-05 1.552343e-02 2.859522e-04 3.483590e-02 3.208505e-04 5.336055e-02 4.914688e-04 5.748486e-02 5.294551e-04
0.001825 T17-0182 1.184081e-02 5.920406e-03 3.416802e-02 1.708401e-02 3.075190e-02 1.537595e-02 4.857988e-02 1.962331e-02 2.021130e-02 1.010565e-02 1.837838e-02 6.919713e-03 2.324032e-02 1.093125e-02 4.195072e-03 1.159141e-04 7.537957e-03 3.471358e-04 1.642966e-02 4.539682e-04 2.072066e-02 5.725331e-04 2.210395e-02 6.107548e-04
0.001825 T17-0133 2.422012e-02 1.211006e-02 2.361313e-02 1.180657e-02 3.188058e-02 1.594029e-02 8.821605e-04 4.410803e-04 7.581587e-03 3.790794e-03 3.618196e-02 6.939831e-03 5.042240e-02 1.124145e-02 3.908097e-03 1.079847e-04 2.032415e-02 3.743846e-04 3.943884e-02 3.632451e-04 5.366194e-02 4.942448e-04 5.576351e-02 5.136009e-04
0.001825 T17-0150 0.000000e+00 9.900000e+01 3.266100e-02 1.633050e-02 2.749396e-03 1.374698e-03 6.797394e-04 3.398697e-04 2.457566e-02 1.228783e-02 4.199891e-02 6.652870e-03 4.919670e-02 9.615650e-03 4.179750e-03 1.154908e-04 1.562551e-02 2.878325e-04 3.518720e-02 3.240861e-04 5.502105e-02 5.067626e-04 5.990584e-02 5.517532e-04
0.001825 T17-0146 2.528335e-02 1.264168e-02 4.746642e-02 2.259852e-02 2.577555e-02 1.288778e-02 0.000000e+00 9.900000e+01 1.406225e-02 7.031125e-03 1.491229e-02 6.745344e-03 4.465751e-02 1.106699e-02 1.212374e-03 1.228302e-04 4.270444e-03 3.539902e-04 1.648854e-02 4.555952e-04 2.835859e-02 5.223845e-04 2.927467e-02 5.392593e-04
0.001825 T17-0125 1.590987e-02 7.954936e-03 1.596316e-02 7.981579e-03 1.655484e-02 8.277422e-03 1.194264e-02 5.971320e-03 3.428131e-02 1.400554e-02 5.001992e-02 6.686372e-03 7.139170e-02 1.080851e-02 3.341749e-03 1.231146e-04 1.716856e-02 3.162566e-04 4.298991e-02 3.959517e-04 7.191523e-02 6.623637e-04 7.917671e-02 7.292445e-04
0.001825 T17-0123 2.615712e-02 1.307856e-02 0.000000e+00 9.900000e+01 0.000000e+00 9.900000e+01 0.000000e+00 9.900000e+01 2.707294e-02 1.353647e-02 2.675044e-02 6.349571e-03 5.256058e-02 1.035935e-02 2.585722e-03 1.190769e-04 7.549522e-03 2.781347e-04 1.973045e-02 3.634483e-04 2.859023e-02 5.266514e-04 3.523972e-02 6.491397e-04
0.001825 T17-0234 2.887387e-03 1.443693e-03 0.000000e+00 9.900000e+01 5.881231e-02 2.409981e-02 4.987777e-03 2.493889e-03 2.510256e-02 1.255128e-02 3.468237e-02 6.785957e-03 3.894520e-02 1.075428e-02 2.177454e-03 1.203305e-04 1.176121e-02 3.249743e-04 2.746765e-02 5.059727e-04 4.455040e-02 4.103243e-04 4.717578e-02 4.345050e-04
0.001825 T17-0247 3.703135e-02 1.838313e-02 0.000000e+00 9.900000e+01 4.080586e-02 2.040293e-02 5.560657e-02 1.942296e-02 1.904423e-03 9.522117e-04 3.101440e-02 6.348956e-03 4.319087e-02 1.036804e-02 4.363392e-03 1.205650e-04 1.674569e-02 3.084670e-04 2.376003e-02 4.376759e-04 3.480242e-02 6.410842e-04 3.359742e-02 6.188874e-04
0.001825 T17-0187 0.000000e+00 9.900000e+01 3.961839e-02 1.980919e-02 0.000000e+00 9.900000e+01 1.380403e-02 6.902015e-03 1.254924e-02 6.274619e-03 4.201192e-02 5.846000e-03 5.197511e-02 1.117302e-02 4.452216e-03 1.230193e-04 1.548514e-02 2.852468e-04 2.553488e-02 4.703700e-04 3.666193e-02 6.753378e-04 3.622686e-02 6.673235e-04
0.001825 T17-0165 3.870573e-02 1.842430e-02 0.000000e+00 9.900000e+01 0.000000e+00 9.900000e+01 1.674578e-02 8.372888e-03 2.517809e-02 1.258905e-02 3.623124e-02 6.218504e-03 4.721146e-02 9.721905e-03 4.596968e-03 1.270189e-04 1.553752e-02 2.862116e-04 2.312972e-02 4.260651e-04 3.507367e-02 6.460808e-04 3.432605e-02 6.323092e-04
0.001825 T17-0184 0.000000e+00 9.900000e+01 1.032935e-02 5.164673e-03 5.034811e-02 2.193024e-02 1.652989e-02 8.264944e-03 1.482518e-02 7.412592e-03 3.748352e-02 6.558590e-03 6.309663e-02 1.155146e-02 7.439820e-03 1.370465e-04 2.541738e-02 2.341027e-04 3.618924e-02 3.333152e-04 5.197634e-02 4.787198e-04 5.089949e-02 4.688017e-04
0.001825 T17-0179 5.121238e-02 1.809888e-02 7.550443e-02 2.243025e-02 7.652818e-02 2.105601e-02 8.189821e-02 1.591505e-02 1.532357e-01 1.428479e-02 1.824245e-01 6.279467e-03 2.184759e-01 1.117491e-02 2.577553e-02 2.374014e-04 1.020601e-01 9.400086e-04 1.684168e-01 1.551176e-03 2.146161e-01 1.976687e-03 2.101853e-01 1.935879e-03
0.001825 T17-0140 2.620884e-02 1.310442e-02 1.346493e-03 6.732467e-04 0.000000e+00 9.900000e+01 1.714833e-03 8.574165e-04 1.657211e-02 8.286057e-03 2.253919e-02 6.996406e-03 4.606795e-02 1.092534e-02 2.902047e-03 1.069154e-04 1.307576e-02 3.612965e-04 2.594838e-02 4.779869e-04 3.762348e-02 6.930501e-04 4.153794e-02 7.651572e-04
0.001825 T17-0446 6.914250e-02 2.087453e-02 1.248569e-02 6.242844e-03 4.607520e-02 2.303760e-02 8.533140e-03 4.266570e-03 9.544046e-02 1.596108e-02 1.497114e-01 7.283174e-03 1.759837e-01 1.271639e-02 1.235033e-02 1.137508e-04 6.662621e-02 6.136500e-04 1.115459e-01 1.027376e-03 1.675318e-01 1.543025e-03 1.727930e-01 1.591482e-03
0.001825 T17-0438 0.000000e+00 9.900000e+01 3.604981e-02 1.802490e-02 3.465287e-02 1.732643e-02 3.827159e-02 1.913580e-02 5.784237e-02 1.634209e-02 8.266485e-02 8.451900e-03 7.012625e-02 1.113129e-02 9.037804e-03 1.664825e-04 3.420837e-02 3.150707e-04 4.831018e-02 4.449532e-04 6.074147e-02 5.594496e-04 6.311752e-02 5.813338e-04
0.001825 T17-0365 2.170099e-02 1.085050e-02 3.539076e-02 1.769538e-02 3.209606e-02 1.604803e-02 2.322744e-02 1.161372e-02 1.483353e-02 7.416766e-03 3.239889e-02 7.269799e-03 4.215960e-02 1.095197e-02 3.196787e-03 1.472175e-04 1.962573e-02 3.615193e-04 3.505656e-02 6.457657e-04 4.954284e-02 4.563064e-04 5.044952e-02 4.646573e-04
0.001825 T17-0401 1.556494e-02 7.782472e-03 1.494046e-02 7.470230e-03 0.000000e+00 9.900000e+01 1.572228e-02 7.861138e-03 1.812890e-02 9.064451e-03 4.394879e-02 7.792475e-03 4.272430e-02 1.094524e-02 2.862846e-03 1.582067e-04 9.796728e-03 3.609248e-04 1.824695e-02 5.041817e-04 2.501771e-02 6.912650e-04 2.543238e-02 9.369634e-04
0.001825 T17-0399 0.000000e+00 9.900000e+01 1.627833e-02 8.139167e-03 3.536387e-03 1.768193e-03 2.280513e-02 1.140257e-02 3.017331e-02 1.508665e-02 4.469942e-02 7.258772e-03 3.685369e-02 1.152278e-02 8.528016e-03 1.570919e-04 2.287612e-02 4.213936e-04 3.402115e-02 6.266928e-04 4.594381e-02 4.231581e-04 4.511004e-02 8.309576e-04
0.001825 T17-0388 1.008153e-02 5.040765e-03 1.554886e-02 7.774428e-03 1.646882e-02 8.234410e-03 2.719463e-02 1.359732e-02 1.725729e-02 8.628646e-03 3.970709e-02 6.994836e-03 4.676571e-02 1.060660e-02 4.277714e-03 1.575968e-04 1.514220e-02 4.183944e-04 2.360538e-02 4.348273e-04 3.517972e-02 6.480345e-04 3.565564e-02 6.568012e-04
0.001825 T17-0451 1.817531e-02 9.087657e-03 0.000000e+00 9.900000e+01 3.985323e-03 1.992662e-03 2.921109e-02 1.460554e-02 6.627452e-03 3.313726e-03 3.213115e-02 7.946498e-03 4.494315e-02 1.097972e-02 3.502481e-03 1.290362e-04 1.959677e-02 3.609859e-04 3.190325e-02 5.876797e-04 4.532931e-02 4.174984e-04 4.547203e-02 8.376257e-04
0.001825 T17-0435 2.690931e-03 1.345466e-03 1.248550e-02 6.242751e-03 5.202303e-03 2.601151e-03 6.923509e-03 3.461755e-03 2.726917e-02 1.363459e-02 3.071585e-02 7.258071e-03 4.453551e-02 1.082836e-02 4.923955e-03 1.360539e-04 1.012562e-02 3.730416e-04 2.139752e-02 3.941568e-04 3.056350e-02 5.630005e-04 3.292155e-02 6.064373e-04
0.001825 T17-0449 4.331618e-03 2.165809e-03 1.105980e-02 5.529902e-03 1.698460e-02 8.492298e-03 1.904744e-02 9.523718e-03 2.581814e-02 1.290907e-02 2.923905e-02 6.748582e-03 4.812143e-02 1.278748e-02 2.766505e-03 1.274023e-04 1.755833e-02 3.234364e-04 3.012126e-02 5.548541e-04 4.391613e-02 4.044825e-04 4.824840e-02 8.887683e-04
0.001825 T17-0481 0.000000e+00 9.900000e+01 3.805796e-02 1.902898e-02 8.036728e-04 4.018364e-04 0.000000e+00 9.900000e+01 5.400563e-02 1.575995e-02 3.548919e-02 7.330752e-03 4.889098e-02 1.147186e-02 2.128280e-03 1.176131e-04 1.498084e-02 4.139359e-04 2.414881e-02 4.448374e-04 3.645638e-02 6.715514e-04 3.807401e-02 7.013493e-04
0.001825 T17-0429 1.837453e-02 9.187265e-03 4.009788e-02 2.004894e-02 3.829186e-02 1.914593e-02 1.425965e-03 7.129824e-04 8.254540e-03 4.127270e-03 5.794229e-02 6.621368e-03 6.893867e-02 1.124481e-02 6.470637e-03 1.191935e-04 3.038779e-02 2.798819e-04 4.229647e-02 3.895649e-04 5.825544e-02 5.365524e-04 6.198551e-02 5.709076e-04
0.001825 T17-0318 3.388659e-04 1.694329e-04 0.000000e+00 9.900000e+01 0.000000e+00 9.900000e+01 2.683397e-03 1.341698e-03 1.991733e-02 9.958663e-03 2.773829e-02 6.242227e-03 4.956456e-02 1.133505e-02 1.672235e-03 1.386167e-04 7.695033e-03 3.543694e-04 1.517039e-02 4.191733e-04 2.251892e-02 6.222207e-04 2.240711e-02 6.191312e-04
0.001825 T17-0387 1.201202e-02 6.006012e-03 1.401848e-02 7.009241e-03 4.980858e-02 2.375116e-02 2.444608e-02 1.222304e-02 4.558822e-02 1.565297e-02 5.989920e-02 6.889355e-03 7.563372e-02 1.101749e-02 4.766652e-03 1.317074e-04 2.438016e-02 4.490992e-04 4.567890e-02 4.207182e-04 7.037586e-02 6.481857e-04 7.092655e-02 6.532577e-04
0.001825 T17-0414 0.000000e+00 9.900000e+01 3.658794e-02 1.829397e-02 3.752120e-02 1.876060e-02 4.597093e-02 1.874947e-02 2.593799e-02 1.296900e-02 1.875115e-02 7.095456e-03 3.938758e-02 1.101080e-02 2.769003e-03 1.275173e-04 1.288892e-02 3.561341e-04 1.761827e-02 4.868107e-04 2.864735e-02 5.277038e-04 2.780322e-02 7.682312e-04
0.001825 T17-0402 3.465342e-02 1.732671e-02 1.266930e-02 6.334651e-03 0.000000e+00 9.900000e+01 3.439721e-03 1.719861e-03 5.941333e-02 1.483560e-02 3.667606e-02 7.089110e-03 3.749995e-02 1.091242e-02 2.471201e-03 1.138030e-04 1.285647e-02 3.552373e-04 2.339856e-02 4.310175e-04 3.536003e-02 6.513558e-04 3.432829e-02 6.323504e-04
0.001825 T17-0528 4.994208e-02 2.153151e-02 6.984453e-02 2.432724e-02 1.906937e-03 9.534687e-04 1.769567e-02 8.847835e-03 4.708511e-02 1.582166e-02 3.352754e-02 7.950434e-03 2.177214e-02 1.062058e-02 4.163726e-03 1.150480e-04 1.387421e-02 2.555724e-04 2.112439e-02 3.891256e-04 3.042069e-02 5.603698e-04 3.059915e-02 5.636572e-04
0.001825 T17-0503 1.576552e-02 7.882762e-03 6.090661e-04 3.045331e-04 4.968309e-02 2.480061e-02 9.442672e-02 2.109856e-02 6.067440e-02 1.590379e-02 1.023041e-01 6.843577e-03 9.155548e-02 1.087699e-02 1.391731e-02 1.281832e-04 4.946121e-02 4.555546e-04 6.321558e-02 5.822370e-04 8.613875e-02 7.933672e-04 8.123296e-02 7.481832e-04
0.001825 T17-0498 2.809806e-02 1.404903e-02 6.002053e-03 3.001027e-03 7.902182e-03 3.951091e-03 1.748018e-03 8.740091e-04 0.000000e+00 9.900000e+01 6.130037e-03 3.065019e-03 3.731857e-02 1.085577e-02 2.044426e-03 9.414932e-05 5.319655e-03 3.429708e-04 1.030471e-02 3.796395e-04 1.726897e-02 4.771592e-04 1.747557e-02 6.438239e-04
0.001825 T17-0412 3.411081e-02 1.705540e-02 6.394296e-02 2.458288e-02 5.174628e-02 2.415535e-02 7.492435e-03 3.746217e-03 0.000000e+00 9.900000e+01 2.758929e-02 6.475546e-03 2.075767e-02 1.037884e-02 1.164995e-03 9.657001e-05 7.501053e-03 2.763490e-04 1.367024e-02 3.777227e-04 2.106049e-02 5.819228e-04 2.370519e-02 6.549987e-04
0.001825 T17-0425 1.432501e-02 7.162505e-03 9.176039e-03 4.588020e-03 6.827018e-03 3.413509e-03 3.241222e-02 1.620611e-02 3.374407e-02 1.551744e-02 6.315828e-02 7.957525e-03 5.283694e-02 1.533778e-02 9.197970e-03 8.471644e-05 3.275485e-02 3.016833e-04 4.860842e-02 4.477001e-04 6.160806e-02 5.674312e-04 6.614900e-02 6.092548e-04
0.001825 T17-0507 6.350857e-02 2.355700e-02 0.000000e+00 9.900000e+01 0.000000e+00 9.900000e+01 5.454581e-02 1.965653e-02 4.620465e-02 1.800695e-02 4.106150e-02 7.018180e-03 4.946833e-02 1.104516e-02 6.515325e-03 1.200167e-04 2.126090e-02 3.916403e-04 3.228962e-02 2.973984e-04 5.014668e-02 4.618680e-04 5.256977e-02 4.841855e-04
0.001825 T17-0464 0.000000e+00 9.900000e+01 1.919490e-02 9.597452e-03 3.684757e-02 1.842379e-02 0.000000e+00 9.900000e+01 2.309282e-02 1.154641e-02 5.336712e-02 6.805482e-03 5.236047e-02 1.204020e-02 4.415903e-03 1.220159e-04 1.950351e-02 3.592680e-04 3.622953e-02 3.336863e-04 5.187299e-02 4.777679e-04 5.425443e-02 4.997018e-04
0.001825 T17-0455 2.080899e-02 1.040450e-02 2.015364e-02 1.007682e-02 2.867688e-02 1.433844e-02 1.246791e-02 6.233954e-03 5.547161e-02 1.376916e-02 4.964234e-02 7.445017e-03 7.222299e-02 1.098445e-02 6.491414e-03 1.195763e-04 1.760299e-02 3.242591e-04 3.241087e-02 2.985152e-04 4.473696e-02 4.120426e-04 5.084197e-02 4.682718e-04
0.001825 T17-0536 0.000000e+00 9.900000e+01 0.000000e+00 9.900000e+01 3.583582e-02 1.791791e-02 3.674951e-02 1.837476e-02 9.828904e-02 1.508370e-02 8.108151e-02 6.983947e-03 1.014456e-01 1.110445e-02 1.197711e-02 1.103133e-04 4.548403e-02 4.189234e-04 5.932384e-02 5.463927e-04 9.091401e-02 8.373489e-04 8.771966e-02 8.079280e-04
0.001825 T17-0356 5.305804e-03 2.652902e-03 3.094427e-03 1.547214e-03 2.214790e-02 1.107395e-02 0.000000e+00 9.900000e+01 1.368596e-02 6.842980e-03 2.461192e-02 7.022170e-03 4.034929e-02 1.070490e-02 3.005120e-03 1.107127e-04 1.192819e-02 3.295881e-04 2.483982e-02 4.575665e-04 4.207741e-02 3.875473e-04 4.572938e-02 8.423663e-04
0.001825 T17-0454 1.709230e-02 8.546148e-03 0.000000e+00 9.900000e+01 0.000000e+00 9.900000e+01 4.816218e-02 2.326192e-02 0.000000e+00 9.900000e+01 5.130387e-02 6.275803e-03 8.893418e-02 1.178710e-02 2.915561e-03 1.074132e-04 1.395076e-02 3.854736e-04 3.701160e-02 3.408895e-04 5.942541e-02 5.473282e-04 6.895835e-02 6.351299e-04
0.001825 T17-0436 1.512657e-02 7.563286e-03 3.866557e-02 1.933279e-02 8.490058e-03 4.245029e-03 1.033188e-03 5.165940e-04 3.443124e-02 1.532517e-02 3.582595e-02 6.306925e-03 6.095650e-02 1.000613e-02 3.139080e-03 1.156480e-04 2.020994e-02 3.722808e-04 3.421326e-02 3.151158e-04 5.062772e-02 4.662985e-04 4.935831e-02 4.546068e-04
0.001825 T17-2075 8.406835e-03 4.203417e-03 8.384439e-03 4.192220e-03 1.787085e-02 8.811717e-03 1.933824e-02 8.723655e-03 2.160416e-02 7.024753e-03 3.268904e-02 3.556142e-03 6.282146e-02 8.150952e-03 2.911802e-03 1.340935e-04 1.371101e-02 3.788491e-04 2.817372e-02 5.189791e-04 4.657249e-02 4.289485e-04 4.933553e-02 4.543971e-04
0.001825 T17-2129 0.000000e+00 9.900000e+01 1.105303e-02 5.526515e-03 2.884392e-03 1.442196e-03 1.307472e-02 6.537362e-03 2.879843e-02 6.638765e-03 2.970665e-02 3.053111e-03 2.649773e-02 8.718797e-03 3.985288e-03 1.468234e-04 1.546321e-02 4.272644e-04 2.098974e-02 3.866453e-04 2.993986e-02 5.515127e-04 2.946138e-02 5.426986e-04
0.001825 T17-0718 1.551905e-02 7.759523e-03 0.000000e+00 9.900000e+01 9.108189e-04 4.554095e-04 0.000000e+00 9.900000e+01 4.997306e-03 2.498653e-03 2.258455e-02 3.577783e-03 3.829398e-02 8.865437e-03 1.880292e-03 1.212269e-04 8.313913e-03 3.062959e-04 2.000880e-02 3.685758e-04 3.406897e-02 6.275737e-04 3.739612e-02 6.888620e-04
0.001825 T17-1147 5.104972e-03 2.552486e-03 0.000000e+00 9.900000e+01 3.000377e-02 1.052235e-02 1.452823e-02 7.264116e-03 4.490227e-02 7.780193e-03 9.798670e-02 3.761231e-03 1.384160e-01 7.939596e-03 7.412919e-03 1.365510e-04 4.256504e-02 3.920385e-04 8.165218e-02 7.520444e-04 1.289929e-01 1.188068e-03 1.297903e-01 1.195413e-03
0.001825 T17-1140 1.914137e-02 7.333029e-03 2.357497e-02 1.110009e-02 1.476933e-02 7.384663e-03 3.031232e-02 9.038047e-03 4.285001e-02 7.718476e-03 5.643619e-02 4.035584e-03 7.272276e-02 8.611344e-03 1.098521e-02 2.023551e-04 4.007325e-02 3.690882e-04 6.092000e-02 5.610939e-04 8.418597e-02 7.753814e-04 8.186861e-02 7.540378e-04
0.001825 T17-1111 1.488499e-02 7.442493e-03 0.000000e+00 9.900000e+01 8.822380e-03 4.411190e-03 0.000000e+00 9.900000e+01 2.215315e-02 6.885208e-03 2.383072e-02 3.324619e-03 3.961971e-02 7.585558e-03 1.280051e-03 1.532661e-04 1.041432e-02 3.836778e-04 1.753457e-02 4.844981e-04 3.137623e-02 5.779715e-04 3.196116e-02 5.887464e-04
0.001825 T17-1114 1.109676e-02 5.548382e-03 9.992797e-03 4.996398e-03 1.992118e-02 9.960591e-03 1.575095e-02 7.875475e-03 2.246192e-02 6.577853e-03 3.474782e-02 3.148449e-03 4.864379e-02 7.730947e-03 4.919076e-03 1.359191e-04 1.897313e-02 3.494979e-04 2.994016e-02 5.515182e-04 4.138719e-02 3.811901e-04 4.413956e-02 8.130807e-04
0.001825 T17-1435 8.383215e-02 7.505030e-03 7.917011e-02 1.132455e-02 1.376474e-01 1.078833e-02 1.385042e-01 8.329420e-03 2.031324e-01 7.245753e-03 3.023039e-01 3.657222e-03 3.498491e-01 8.388594e-03 4.886922e-02 4.501022e-04 1.769845e-01 1.630087e-03 2.622386e-01 2.415307e-03 3.339759e-01 3.076032e-03 3.132829e-01 2.885442e-03
0.001825 T17-2059 1.343645e-02 6.718223e-03 2.511795e-02 1.255897e-02 1.494246e-02 7.471228e-03 1.032573e-02 5.162863e-03 3.380258e-02 6.986572e-03 3.545275e-02 3.743682e-03 5.550468e-02 8.417921e-03 7.015605e-03 1.292322e-04 2.363943e-02 4.354543e-04 3.639757e-02 3.352340e-04 4.994763e-02 4.600347e-04 5.000428e-02 4.605564e-04
0.001825 T17-1988 5.824701e-03 2.912351e-03 1.471617e-02 7.358087e-03 2.915001e-03 1.457500e-03 1.546271e-02 7.731356e-03 1.896361e-02 6.923306e-03 3.456566e-02 3.149331e-03 4.642145e-02 7.343157e-03 2.438998e-03 1.123200e-04 1.385539e-02 3.828387e-04 2.465396e-02 4.541426e-04 3.472117e-02 6.395877e-04 3.408927e-02 6.279475e-04
0.001825 T17-1341 4.975754e-02 8.272564e-03 3.588717e-02 1.132642e-02 4.595371e-02 8.985541e-03 6.048216e-02 1.086894e-02 8.652923e-02 8.009842e-03 1.163108e-01 3.455514e-03 1.417482e-01 8.237654e-03 2.415857e-02 2.225086e-04 7.682637e-02 7.075970e-04 9.458230e-02 8.711352e-04 1.332103e-01 1.226912e-03 1.249033e-01 1.150402e-03
0.001825 T17-1647 1.330566e-02 6.652831e-03 1.137899e-02 5.689494e-03 1.178998e-02 5.894989e-03 2.466767e-02 8.072743e-03 1.372183e-02 6.740126e-03 2.025755e-02 3.281684e-03 3.221537e-02 8.349186e-03 2.578400e-03 1.187397e-04 8.584724e-03 3.162729e-04 1.940719e-02 3.574936e-04 3.137983e-02 5.780377e-04 3.504783e-02 6.456049e-04
0.001825 T17-1508 3.870118e-04 1.935059e-04 4.549263e-03 2.274632e-03 0.000000e+00 9.900000e+01 1.084897e-02 5.424483e-03 4.582095e-02 6.846629e-03 7.134377e-02 3.569517e-03 1.185048e-01 8.369368e-03 4.163770e-03 1.150492e-04 2.494175e-02 2.297220e-04 5.226663e-02 4.813935e-04 8.756326e-02 8.064875e-04 9.593025e-02 8.835502e-04
0.001825 T17-1333 1.596104e-02 7.980522e-03 0.000000e+00 9.900000e+01 2.873665e-02 1.051791e-02 0.000000e+00 9.900000e+01 2.485280e-02 8.352283e-03 4.554729e-02 3.807327e-03 4.899727e-02 1.058368e-02 3.850470e-03 1.063924e-04 1.934172e-02 3.562877e-04 3.526411e-02 3.247945e-04 5.142106e-02 4.736054e-04 5.183104e-02 4.773815e-04
0.001825 T17-1222 7.537225e-03 3.768613e-03 6.413157e-03 3.206578e-03 8.671007e-03 4.335504e-03 1.366422e-02 6.832108e-03 3.436182e-03 1.718091e-03 2.422306e-02 3.102720e-03 4.942816e-02 8.111459e-03 1.861760e-03 1.028847e-04 1.124119e-02 3.106057e-04 2.226164e-02 4.100746e-04 3.430099e-02 6.318476e-04 4.043135e-02 7.447729e-04
0.001825 T17-1368 1.972383e-02 7.896337e-03 8.316285e-03 4.158143e-03 6.495072e-03 3.247536e-03 1.056373e-02 5.281863e-03 2.550491e-02 7.006202e-03 3.520644e-02 3.256702e-03 3.509993e-02 8.384310e-03 4.106004e-03 1.134531e-04 1.440198e-02 2.652942e-04 2.507733e-02 4.619415e-04 3.972856e-02 3.659136e-04 4.041665e-02 7.445023e-04
0.001825 T17-1929 1.831975e-02 8.228864e-03 8.201311e-03 4.100656e-03 3.408519e-02 9.579753e-03 2.476979e-02 7.747821e-03 6.525058e-02 6.897192e-03 9.688881e-02 3.431344e-03 1.354627e-01 8.063304e-03 1.080147e-02 9.948518e-05 4.658877e-02 4.290985e-04 7.160466e-02 6.595032e-04 1.137354e-01 1.047542e-03 1.127396e-01 1.038371e-03
0.001825 T17-1979 3.099066e-02 7.058774e-03 4.991374e-02 1.145432e-02 4.297516e-02 9.378210e-03 5.515402e-02 7.715677e-03 1.154089e-01 7.632437e-03 1.627277e-01 3.407875e-03 2.092926e-01 8.242295e-03 2.285576e-02 2.105093e-04 8.345491e-02 7.686481e-04 1.223964e-01 1.127312e-03 2.091738e-01 1.926562e-03 1.873053e-01 1.725146e-03
0.001825 T17-1842 7.704956e-03 3.852478e-03 1.707144e-02 8.535720e-03 1.798799e-02 8.993995e-03 2.012321e-02 8.458580e-03 1.779166e-02 6.342104e-03 4.749573e-02 3.150762e-03 5.041385e-02 8.216739e-03 2.875657e-03 7.945734e-05 1.581474e-02 2.913182e-04 2.959732e-02 5.452029e-04 4.541194e-02 4.182595e-04 4.466483e-02 8.227566e-04
0.001825 T17-1681 5.905241e-03 2.952621e-03 1.484474e-02 7.422372e-03 1.691935e-02 8.459673e-03 6.091838e-03 3.045919e-03 3.901766e-02 6.930105e-03 3.208894e-02 3.163083e-03 5.976393e-02 8.274794e-03 5.936338e-03 1.093514e-04 2.019362e-02 3.719801e-04 3.053328e-02 5.624439e-04 4.348045e-02 4.004697e-04 4.234832e-02 7.800848e-04
0.001825 T17-1513 4.008475e-03 2.004238e-03 1.695746e-02 8.478728e-03 6.415016e-03 3.207508e-03 0.000000e+00 9.900000e+01 1.121010e-02 5.605048e-03 1.826451e-02 3.055482e-03 1.931489e-02 7.609760e-03 2.300940e-03 1.271546e-04 5.733481e-03 3.168438e-04 1.255445e-02 3.468922e-04 1.573381e-02 5.796551e-04 1.810112e-02 6.668699e-04
0.001825 T17-1685 0.000000e+00 9.900000e+01 1.210145e-02 6.050725e-03 1.967242e-02 9.836210e-03 1.134711e-02 5.673557e-03 2.312181e-02 6.689391e-03 3.024916e-02 3.045635e-03 5.289071e-02 8.091024e-03 2.881027e-03 7.960572e-05 1.447418e-02 2.666242e-04 2.615220e-02 4.817412e-04 4.129345e-02 3.803267e-04 4.139687e-02 7.625586e-04
0.001825 T17-1782 3.857389e-03 1.928695e-03 2.067493e-03 1.033746e-03 8.699266e-03 4.349633e-03 6.073101e-03 3.036550e-03 1.861562e-02 6.567044e-03 2.312405e-02 3.637867e-03 3.060618e-02 8.099850e-03 2.919587e-03 1.344519e-04 1.358506e-02 3.753690e-04 1.822492e-02 3.357155e-04 2.819774e-02 5.194216e-04 2.696339e-02 7.450259e-04
0.001825 T17-0852 1.698946e-02 8.494730e-03 2.846674e-02 1.423337e-02 2.021820e-02 1.010910e-02 2.104956e-02 9.266701e-03 2.700614e-02 7.566239e-03 3.491823e-02 3.511106e-03 4.785807e-02 7.482987e-03 3.603089e-03 1.327427e-04 1.739466e-02 3.204215e-04 2.992255e-02 5.511937e-04 4.747883e-02 4.372962e-04 5.079698e-02 4.678575e-04
0.001825 T17-0894 7.883812e-03 3.941906e-03 1.838366e-02 9.191829e-03 1.618315e-02 8.091576e-03 2.895525e-02 9.943781e-03 3.660832e-02 7.442541e-03 4.995242e-02 3.298382e-03 6.386043e-02 8.065315e-03 9.206516e-03 1.695903e-04 3.139587e-02 2.891667e-04 4.144711e-02 3.817420e-04 5.897249e-02 5.431567e-04 5.500533e-02 5.066178e-04
0.001825 T17-0948 2.421125e-02 9.958328e-03 3.504492e-02 1.669012e-02 1.815637e-02 9.078187e-03 1.659698e-02 8.298491e-03 3.925093e-02 8.234703e-03 5.560083e-02 4.212458e-03 7.333947e-02 8.697663e-03 5.682876e-03 1.570237e-04 2.875980e-02 5.297751e-04 5.044829e-02 4.646460e-04 7.510151e-02 6.917105e-04 7.467558e-02 6.877875e-04
0.001825 T17-0944 6.950761e-03 3.475381e-03 1.954696e-02 9.773478e-03 9.076644e-03 4.538322e-03 2.076474e-02 1.025545e-02 1.306440e-02 6.532199e-03 2.811292e-02 3.347862e-03 4.751744e-02 8.212125e-03 4.439956e-03 1.635740e-04 1.446499e-02 3.996824e-04 2.018842e-02 3.718845e-04 3.092857e-02 5.697254e-04 2.885231e-02 5.314791e-04
0.001825 T17-0934 8.545332e-03 4.272666e-03 2.767987e-03 1.383994e-03 3.949344e-02 1.130303e-02 2.364000e-02 8.789369e-03 4.213434e-02 8.738141e-03 8.394970e-02 4.251406e-03 1.170014e-01 8.892795e-03 7.711576e-03 1.420525e-04 4.286825e-02 3.948312e-04 7.260617e-02 6.687275e-04 1.143575e-01 1.053272e-03 1.159062e-01 1.067536e-03
0.001825 T17-0823 5.065554e-03 2.532777e-03 2.517603e-03 1.258802e-03 1.358015e-03 6.790076e-04 6.651624e-03 3.325812e-03 1.842481e-02 7.285862e-03 4.209816e-02 3.347328e-03 6.943453e-02 8.223515e-03 2.794554e-03 1.286940e-04 1.234506e-02 3.411066e-04 2.861010e-02 5.270175e-04 4.507431e-02 4.151497e-04 4.918661e-02 9.060508e-04
0.001825 T17-0963 1.403031e-02 7.015156e-03 1.072470e-02 5.362349e-03 3.773035e-02 9.980514e-03 2.950937e-02 8.279147e-03 4.655639e-02 8.259626e-03 6.064884e-02 3.236509e-03 6.999964e-02 9.028542e-03 9.562857e-03 1.761543e-04 3.721206e-02 3.427357e-04 6.034471e-02 5.557953e-04 8.339701e-02 7.681149e-04 8.185559e-02 7.539178e-04
0.001825 T17-1005 1.799638e-02 6.871419e-03 7.450112e-03 3.725056e-03 1.453308e-02 7.266542e-03 1.843305e-02 8.159149e-03 7.412403e-02 6.644988e-03 1.074882e-01 3.409702e-03 1.490050e-01 7.688465e-03 7.176460e-03 1.321953e-04 4.168402e-02 3.839241e-04 7.514395e-02 6.921013e-04 1.263700e-01 1.163911e-03 1.325357e-01 1.220699e-03
0.001825 T17-1037 3.884771e-03 1.942386e-03 2.077978e-02 1.038989e-02 2.919040e-02 9.552838e-03 2.387114e-02 8.186209e-03 3.436293e-02 7.644253e-03 6.014699e-02 3.066256e-03 7.841278e-02 7.133063e-03 8.888106e-03 1.637250e-04 3.138089e-02 2.890286e-04 4.879615e-02 4.494292e-04 6.760945e-02 6.227060e-04 6.833043e-02 6.293465e-04
0.001825 T17-1088 3.967513e-03 1.983756e-03 4.317866e-03 2.158933e-03 0.000000e+00 9.900000e+01 1.293627e-02 6.468137e-03 3.386871e-02 7.183631e-03 6.308929e-02 3.433102e-03 6.819251e-02 7.456615e-03 3.780046e-03 1.392620e-04 2.271394e-02 4.184062e-04 4.314685e-02 3.973972e-04 6.980743e-02 6.429502e-04 7.517634e-02 6.923997e-04
0.001825 T17-1082 2.690985e-02 8.446480e-03 2.057068e-02 1.028534e-02 1.035654e-02 5.178269e-03 2.416113e-02 9.267487e-03 5.188797e-02 7.299653e-03 1.135241e-01 3.090451e-03 1.604659e-01 7.651438e-03 6.401650e-03 1.179228e-04 4.101167e-02 3.777314e-04 8.079487e-02 7.441482e-04 1.318933e-01 1.214782e-03 1.433276e-01 1.320096e-03
0.001825 T17-0968 8.991280e-03 4.495640e-03 8.900281e-03 4.450140e-03 8.457466e-03 4.228733e-03 5.364694e-03 2.682347e-03 1.866784e-02 7.377844e-03 2.214816e-02 3.248639e-03 2.652893e-02 7.980351e-03 1.854286e-03 8.539305e-05 9.801010e-03 2.708119e-04 1.845981e-02 3.400422e-04 3.246147e-02 5.979623e-04 3.339397e-02 6.151396e-04
0.001825 T17-0980 0.000000e+00 9.900000e+01 1.088188e-06 5.440941e-07 0.000000e+00 9.900000e+01 9.844581e-03 4.922290e-03 1.748877e-02 6.693336e-03 3.030878e-02 3.635958e-03 3.271529e-02 7.501204e-03 4.044554e-03 7.450344e-05 1.208538e-02 3.339313e-04 2.135565e-02 3.933857e-04 3.426418e-02 6.311696e-04 3.830533e-02 7.056103e-04
0.001825 T17-0983 1.486357e-02 7.431787e-03 1.597126e-02 7.985629e-03 0.000000e+00 9.900000e+01 2.284045e-02 8.451372e-03 6.449664e-02 6.737088e-03 1.418757e-01 3.372382e-03 1.972007e-01 8.266665e-03 8.107389e-03 7.467181e-05 5.102884e-02 4.699930e-04 1.063193e-01 9.792372e-04 1.768694e-01 1.629027e-03 1.940387e-01 1.787163e-03
0.001825 T17-0993 0.000000e+00 9.900000e+01 4.455571e-03 2.227785e-03 2.519710e-02 1.154289e-02 8.335568e-03 4.167784e-03 2.186420e-02 8.498462e-03 4.762529e-02 3.974160e-03 5.921124e-02 8.653166e-03 5.144946e-03 9.477341e-05 2.093365e-02 3.856120e-04 3.327872e-02 3.065083e-04 4.856005e-02 4.472546e-04 4.633641e-02 8.535483e-04
0.001825 T17-0783 0.000000e+00 9.900000e+01 2.592238e-02 1.241120e-02 1.271728e-02 6.358638e-03 2.520489e-02 9.260553e-03 1.454078e-02 6.922433e-03 2.226444e-02 3.459538e-03 3.773175e-02 8.219264e-03 3.258217e-03 1.200371e-04 1.050890e-02 2.903715e-04 1.761887e-02 4.868273e-04 3.013054e-02 5.550251e-04 2.784079e-02 7.692696e-04
0.001825 T17-0825 3.343013e-02 8.698939e-03 3.980022e-02 1.192582e-02 4.075826e-02 9.923968e-03 4.040642e-02 9.241182e-03 9.093995e-02 6.734383e-03 1.982598e-01 4.901660e-03 2.743392e-01 1.006458e-02 1.486870e-02 1.369458e-04 9.350185e-02 8.611839e-04 1.695183e-01 1.561322e-03 2.676016e-01 2.464702e-03 2.617923e-01 2.411196e-03
0.001825 T17-0882 1.184181e-02 5.920907e-03 2.232474e-02 1.116237e-02 4.212796e-02 1.077766e-02 4.290318e-02 9.364840e-03 4.556776e-02 6.899505e-03 8.354919e-02 3.046542e-03 1.063502e-01 8.409405e-03 1.358910e-02 1.251602e-04 4.347557e-02 4.004248e-04 6.355597e-02 5.853721e-04 9.015929e-02 8.303978e-04 9.088429e-02 8.370752e-04
0.001825 T17-0986 3.243037e-03 1.621518e-03 7.853502e-03 3.926751e-03 0.000000e+00 9.900000e+01 1.606007e-02 8.030037e-03 6.772534e-03 3.386267e-03 2.805593e-02 3.669389e-03 3.994555e-02 8.887963e-03 1.739247e-03 9.611432e-05 1.068313e-02 2.951857e-04 2.093582e-02 3.856521e-04 3.049942e-02 5.618201e-04 3.187726e-02 5.872008e-04
0.001825 T17-0878 7.662665e-03 3.831332e-03 1.564948e-02 7.824741e-03 3.789915e-02 1.089137e-02 1.878568e-02 9.392842e-03 3.412783e-02 7.512366e-03 4.340105e-02 3.116268e-03 5.941019e-02 7.353124e-03 5.574381e-03 1.026839e-04 2.203046e-02 4.058161e-04 3.497087e-02 3.220936e-04 5.145374e-02 4.739065e-04 5.282063e-02 4.864960e-04
0.001825 T17-0798 1.958789e-02 7.136306e-03 7.195582e-03 3.597791e-03 1.276847e-02 6.384236e-03 9.135800e-03 4.567900e-03 1.678476e-02 7.267110e-03 3.065555e-02 3.485587e-03 3.836690e-02 8.586420e-03 2.912201e-03 1.072895e-04 1.405029e-02 2.588159e-04 2.529304e-02 4.659150e-04 3.646292e-02 6.716718e-04 3.636545e-02 6.698764e-04
0.001825 T17-0829 5.371529e-03 2.685764e-03 4.859999e-03 2.429999e-03 0.000000e+00 9.900000e+01 0.000000e+00 9.900000e+01 1.543970e-02 7.438532e-03 1.563155e-02 3.416311e-03 2.738420e-02 8.120548e-03 1.238680e-03 1.140867e-04 4.028664e-03 3.339483e-04 1.059783e-02 3.904386e-04 1.661626e-02 4.591242e-04 1.904005e-02 7.014614e-04
0.001825 T17-0810 1.096253e-02 5.481263e-03 1.883846e-02 9.419231e-03 1.603585e-02 8.017926e-03 1.773253e-02 8.500093e-03 3.384493e-02 8.035017e-03 4.550725e-02 3.027567e-03 6.895610e-02 8.199866e-03 6.232408e-03 1.148052e-04 2.434859e-02 2.242588e-04 3.891750e-02 3.584434e-04 5.360667e-02 4.937357e-04 5.250481e-02 4.835871e-04
0.001825 T17-1157 5.261394e-03 2.630697e-03 1.221231e-03 6.106153e-04 2.313909e-02 9.822567e-03 1.327277e-02 6.636387e-03 2.868773e-02 6.972006e-03 3.646702e-02 3.376190e-03 6.268794e-02 7.304924e-03 4.509334e-03 1.245975e-04 1.990483e-02 3.666605e-04 2.829179e-02 5.211540e-04 4.358961e-02 4.014751e-04 4.516242e-02 8.319226e-04
0.001825 T17-1106 5.845903e-03 2.922951e-03 3.911635e-03 1.955818e-03 1.181550e-02 5.907752e-03 8.094321e-03 4.047160e-03 2.912274e-02 6.351491e-03 3.037839e-02 3.284089e-03 4.259524e-02 7.152517e-03 4.969881e-03 1.373229e-04 2.171134e-02 3.999377e-04 3.139654e-02 2.891728e-04 4.210033e-02 3.877583e-04 4.280320e-02 7.884640e-04
0.001825 T17-1047 6.921550e-03 3.460775e-03 0.000000e+00 9.900000e+01 2.382038e-02 9.886467e-03 1.135461e-02 5.677304e-03 9.216227e-03 4.608113e-03 2.178257e-02 3.284535e-03 4.623405e-02 7.904236e-03 2.334087e-03 1.289864e-04 9.878690e-03 3.639444e-04 1.742334e-02 4.814246e-04 3.129144e-02 5.764096e-04 3.147082e-02 5.797139e-04
0.001825 T17-1117 1.134860e-02 5.674298e-03 1.426822e-02 7.134111e-03 6.869403e-03 3.434701e-03 2.154772e-02 8.792231e-03 2.889146e-02 7.512007e-03 2.987219e-02 3.246420e-03 5.274467e-02 8.123802e-03 4.328010e-03 1.195873e-04 1.366901e-02 3.776886e-04 2.438022e-02 4.491002e-04 4.264601e-02 3.927843e-04 4.372299e-02 8.054073e-04
0.001825 T17-1305 5.184812e-03 2.592406e-03 8.934918e-03 4.467459e-03 2.205141e-02 9.649851e-03 2.489863e-02 8.450842e-03 3.067539e-02 6.821283e-03 3.987785e-02 3.322956e-03 4.541454e-02 7.608321e-03 5.423624e-03 1.498603e-04 2.055444e-02 3.786267e-04 2.879934e-02 5.305034e-04 4.407800e-02 4.059734e-04 4.210456e-02 7.755947e-04
0.001825 T17-1142 1.137630e-02 5.688152e-03 6.092077e-03 3.046038e-03 1.272000e-02 6.360001e-03 1.457618e-02 7.288089e-03 2.686946e-02 7.142664e-03 5.225098e-02 3.451951e-03 6.611136e-02 7.653387e-03 5.842549e-03 1.076237e-04 2.124895e-02 3.914202e-04 3.697671e-02 3.405681e-04 5.909910e-02 5.443229e-04 6.066393e-02 5.587355e-04
0.001825 T17-1064 1.906793e-02 6.981557e-03 8.489117e-03 4.244559e-03 2.332981e-02 9.554836e-03 1.427609e-02 7.138045e-03 3.064257e-02 6.763738e-03 4.396286e-02 3.361265e-03 5.457952e-02 8.132394e-03 5.734127e-03 1.584398e-04 2.188457e-02 4.031287e-04 3.512910e-02 3.235510e-04 4.942083e-02 4.551826e-04 4.938972e-02 4.548961e-04
0.001825 T17-1087 0.000000e+00 9.900000e+01 9.053891e-03 4.526945e-03 2.099695e-02 9.651327e-03 4.888208e-03 2.444104e-03 2.165041e-02 6.597404e-03 3.336693e-02 3.632336e-03 3.349606e-02 7.648747e-03 2.372606e-03 1.311150e-04 1.238012e-02 3.420753e-04 2.178120e-02 4.012244e-04 3.063490e-02 5.643156e-04 3.061074e-02 5.638707e-04
0.001825 T17-1042 1.690256e-02 8.060118e-03 3.930603e-02 1.185524e-02 4.216728e-02 9.084339e-03 2.414066e-02 9.012689e-03 7.669700e-02 6.436131e-03 9.140532e-02 3.363276e-03 1.130871e-01 7.480149e-03 1.519049e-02 1.399096e-04 5.051788e-02 4.652869e-04 7.264025e-02 6.690414e-04 1.041233e-01 9.590115e-04 1.031232e-01 9.497996e-04
0.001825 T17-1015 0.000000e+00 9.900000e+01 5.102544e-03 2.551272e-03 1.173095e-02 5.865477e-03 2.258666e-02 8.884141e-03 2.719929e-03 1.359964e-03 2.175097e-02 3.763384e-03 3.784385e-02 9.472606e-03 3.260639e-03 1.201264e-04 9.020632e-03 3.323323e-04 1.758046e-02 4.857660e-04 2.451542e-02 4.515908e-04 3.260409e-02 6.005895e-04
0.001825 T17-0910 5.772603e-03 2.886301e-03 0.000000e+00 9.900000e+01 1.593175e-02 7.965877e-03 8.147120e-03 4.073560e-03 2.314074e-02 6.772061e-03 2.324843e-02 3.207541e-03 3.921786e-02 7.875910e-03 2.176644e-03 1.202858e-04 1.305005e-02 3.605861e-04 2.297710e-02 4.232539e-04 3.323803e-02 6.122672e-04 3.231646e-02 5.952912e-04
0.001825 T17-1104 1.357767e-02 6.621687e-03 0.000000e+00 9.900000e+01 1.942682e-02 9.396126e-03 2.828866e-02 8.169786e-03 6.039710e-02 6.265313e-03 1.122902e-01 3.223103e-03 1.692397e-01 7.041320e-03 7.742783e-03 1.426273e-04 4.453825e-02 4.102125e-04 8.559209e-02 7.883323e-04 1.399726e-01 1.289195e-03 1.467715e-01 1.351815e-03
0.001825 T17-1089 0.000000e+00 9.900000e+01 2.440014e-02 1.215221e-02 5.525398e-03 2.762699e-03 0.000000e+00 9.900000e+01 1.050253e-02 5.251267e-03 3.019354e-02 3.416229e-03 4.735422e-02 8.166715e-03 2.328284e-03 1.072214e-04 1.280245e-02 3.537448e-04 2.164790e-02 3.987691e-04 3.813211e-02 7.024194e-04 3.926985e-02 7.233774e-04
0.001825 T17-1095 1.614944e-02 7.068982e-03 1.337629e-02 6.688146e-03 6.640279e-03 3.320140e-03 5.503115e-03 2.751558e-03 1.303392e-02 6.516958e-03 3.100238e-02 3.231269e-03 2.385780e-02 7.530078e-03 4.066170e-03 1.123524e-04 1.451648e-02 2.674035e-04 1.863820e-02 3.433284e-04 2.834935e-02 5.222144e-04 2.639248e-02 7.292511e-04
0.001825 T17-0812 9.861504e-03 4.930752e-03 2.801984e-02 1.121474e-02 8.894893e-03 4.447447e-03 1.873815e-02 8.197272e-03 1.346930e-02 6.734652e-03 2.671442e-02 3.411244e-03 4.455102e-02 7.814058e-03 4.690632e-03 8.640463e-05 1.389694e-02 2.559911e-04 2.220545e-02 4.090395e-04 3.291936e-02 6.063970e-04 3.078783e-02 5.671329e-04
0.001825 T17-0871 0.000000e+00 9.900000e+01 3.916580e-03 1.958290e-03 2.323997e-02 9.792536e-03 7.193151e-03 3.596576e-03 2.395891e-02 7.012861e-03 3.658010e-02 3.025596e-03 5.913343e-02 7.402009e-03 2.214144e-03 1.019651e-04 1.265485e-02 3.496664e-04 2.774372e-02 5.110581e-04 4.819662e-02 4.439073e-04 5.229902e-02 4.816918e-04
0.001825 T17-0799 0.000000e+00 9.900000e+01 7.750775e-04 3.875387e-04 1.018015e-02 5.090077e-03 5.163939e-03 2.581969e-03 1.151238e-02 5.756192e-03 1.633466e-02 3.385658e-03 2.929925e-02 7.591939e-03 2.172587e-03 1.000513e-04 6.313497e-03 2.907473e-04 1.200644e-02 4.423337e-04 1.592784e-02 5.868032e-04 1.840456e-02 6.780491e-04
0.001825 T17-0779 1.002278e-02 5.011389e-03 0.000000e+00 9.900000e+01 6.899753e-03 3.449877e-03 1.694794e-02 8.473968e-03 1.311097e-02 6.555483e-03 3.395115e-02 3.665441e-03 2.644320e-02 8.172619e-03 4.612377e-03 1.274447e-04 1.316606e-02 3.637916e-04 2.045685e-02 3.768292e-04 3.386348e-02 6.237884e-04 2.968904e-02 8.203385e-04
0.001825 T17-0688 6.484510e-03 3.242255e-03 0.000000e+00 9.900000e+01 1.130062e-02 5.650312e-03 1.631810e-02 8.159051e-03 3.651989e-02 6.465430e-03 7.883940e-02 3.433609e-03 1.036345e-01 8.523245e-03 8.975996e-03 1.653440e-04 4.276286e-02 3.938605e-04 7.462938e-02 6.873620e-04 1.110070e-01 1.022413e-03 1.151339e-01 1.060422e-03
0.001825 T17-0925 6.693741e-03 3.346870e-03 1.096401e-02 5.482003e-03 3.776692e-03 1.888346e-03 9.583787e-03 4.791894e-03 1.449935e-02 6.912910e-03 3.392659e-02 3.159822e-03 3.311169e-02 8.091888e-03 2.033881e-03 1.123964e-04 1.226509e-02 3.388970e-04 2.563720e-02 4.722546e-04 3.983613e-02 7.338087e-04 4.163607e-02 7.669648e-04
0.001825 T17-0880 1.469802e-02 7.133548e-03 2.651951e-02 1.263120e-02 1.300818e-02 6.504089e-03 1.985235e-02 7.888941e-03 3.038512e-02 7.012276e-03 3.347045e-02 3.285723e-03 3.003380e-02 8.371338e-03 6.345386e-03 1.168863e-04 2.032970e-02 3.744868e-04 2.790371e-02 5.140054e-04 3.748921e-02 6.905767e-04 3.577945e-02 6.590818e-04
0.001825 T17-0885 9.799728e-03 4.899864e-03 2.309257e-03 1.154629e-03 2.745235e-03 1.372617e-03 2.249756e-05 1.124878e-05 1.042540e-02 5.212701e-03 1.619262e-02 3.123383e-03 1.534502e-02 7.672509e-03 2.007146e-03 1.109190e-04 5.447840e-03 3.512352e-04 1.195991e-02 4.406195e-04 1.621642e-02 5.974351e-04 1.912808e-02 7.047046e-04
0.001825 T17-0862 4.107921e-03 2.053961e-03 0.000000e+00 9.900000e+01 1.049940e-02 5.249700e-03 1.192405e-02 5.962023e-03 3.913905e-02 6.640428e-03 4.190048e-02 3.188386e-03 5.484897e-02 8.066084e-03 5.602669e-03 1.548075e-04 2.323565e-02 4.280164e-04 3.340291e-02 3.076522e-04 4.859676e-02 4.475927e-04 4.920180e-02 4.531654e-04
0.001825 T17-0782 2.973116e-04 1.486558e-04 7.460027e-03 3.730013e-03 6.386174e-03 3.193087e-03 0.000000e+00 9.900000e+01 3.038924e-02 7.954348e-03 2.386103e-02 3.663282e-03 3.984331e-02 7.930953e-03 2.874529e-03 1.059016e-04 1.415566e-02 3.911353e-04 2.601113e-02 4.791428e-04 3.918332e-02 7.217834e-04 3.925657e-02 7.231328e-04
0.001825 T17-0755 0.000000e+00 9.900000e+01 1.752640e-02 8.763198e-03 3.341654e-02 9.925198e-03 1.498472e-02 7.492361e-03 5.330906e-02 1.070781e-02 1.035677e-01 8.421586e-03 1.299062e-01 1.274087e-02 1.121791e-02 1.033208e-04 6.358116e-02 5.856041e-04 9.388880e-02 8.647478e-04 1.315892e-01 1.211981e-03 1.307542e-01 1.204291e-03
0.001825 T17-0830 7.509779e-03 3.754889e-03 1.937288e-02 9.686440e-03 2.419427e-02 1.114096e-02 0.000000e+00 9.900000e+01 2.408567e-02 7.261690e-03 3.900383e-02 3.379745e-03 5.061656e-02 7.705680e-03 4.104800e-03 1.134198e-04 1.765423e-02 3.252030e-04 2.859399e-02 5.267208e-04 4.435778e-02 4.085503e-04 4.408204e-02 8.120213e-04
0.001825 T17-2223 0.000000e+00 9.900000e+01 1.827907e-03 9.139536e-04 0.000000e+00 9.900000e+01 1.167477e-02 5.837386e-03 1.052627e-02 5.263134e-03 2.391745e-02 3.198524e-03 4.525907e-02 7.030423e-03 1.452568e-03 1.204078e-04 7.348814e-03 3.384254e-04 1.578245e-02 4.360852e-04 2.719331e-02 5.009193e-04 3.025316e-02 5.572838e-04
0.001825 T17-2226 1.305008e-02 6.525038e-03 1.112947e-02 5.564737e-03 2.184779e-02 1.030006e-02 8.313717e-03 4.156858e-03 2.654986e-02 7.645606e-03 5.859118e-02 3.302002e-03 8.931419e-02 8.040502e-03 6.025706e-03 1.664964e-04 2.580271e-02 2.376518e-04 4.047603e-02 3.727980e-04 6.183272e-02 5.695004e-04 6.329310e-02 5.829510e-04
0.001825 T17-2188 7.897319e-03 3.948659e-03 7.300960e-03 3.650480e-03 1.460768e-02 7.303838e-03 1.045476e-02 5.227381e-03 1.957202e-02 6.750334e-03 3.434454e-02 3.279075e-03 4.764738e-02 8.113128e-03 5.310683e-03 9.782639e-05 1.671549e-02 3.079107e-04 2.055639e-02 3.786627e-04 2.840389e-02 5.232190e-04 2.589551e-02 7.155193e-04
0.001825 T17-2202 9.123037e-03 4.561519e-03 1.313719e-02 6.568597e-03 6.143417e-03 3.071709e-03 0.000000e+00 9.900000e+01 1.924428e-02 6.910717e-03 3.230308e-02 3.545856e-03 5.021440e-02 7.623180e-03 3.157498e-03 1.163265e-04 1.464606e-02 2.697904e-04 2.465804e-02 4.542179e-04 3.772659e-02 6.949496e-04 3.878456e-02 7.144380e-04
0.001825 T17-2053 1.353627e-02 6.768134e-03 3.351565e-02 1.345715e-02 6.220924e-02 9.410514e-03 4.098722e-02 9.758788e-03 8.702956e-02 7.223874e-03 1.789319e-01 3.376835e-03 2.290204e-01 8.679140e-03 1.387882e-02 1.278286e-04 7.379877e-02 6.797118e-04 1.398312e-01 1.287893e-03 2.003843e-01 1.845607e-03 1.984269e-01 1.827579e-03
0.001825 T17-2119 2.096353e-02 7.740784e-03 1.459669e-02 7.298346e-03 3.750562e-02 9.332242e-03 4.394140e-02 7.884601e-03 7.001252e-02 6.799119e-03 1.137082e-01 3.290920e-03 1.379520e-01 7.521997e-03 1.135472e-02 1.045808e-04 5.134484e-02 4.729035e-04 8.505113e-02 7.833498e-04 1.221698e-01 1.125226e-03 1.245532e-01 1.147178e-03
0.001825 T17-2058 7.202318e-03 3.601159e-03 1.977510e-02 9.887552e-03 2.341436e-02 9.969049e-03 4.008473e-02 8.039451e-03 7.056191e-02 6.794931e-03 1.107627e-01 3.241924e-03 1.440150e-01 8.158170e-03 1.295268e-02 1.192986e-04 5.251910e-02 4.837188e-04 8.397301e-02 7.734200e-04 1.229775e-01 1.132665e-03 1.243007e-01 1.144851e-03
0.001825 T17-2154 1.976506e-02 7.766180e-03 2.489461e-04 1.244730e-04 2.631510e-02 9.711624e-03 1.316041e-02 6.580207e-03 3.293635e-02 6.641488e-03 4.331437e-02 3.148644e-03 5.384555e-02 8.317723e-03 7.765812e-03 1.430515e-04 2.481054e-02 4.570270e-04 3.154653e-02 2.905543e-04 4.255472e-02 3.919435e-04 4.263768e-02 7.854150e-04
0.001825 T17-2090 1.382853e-02 6.914266e-03 1.302897e-02 6.514486e-03 1.089856e-02 5.449280e-03 1.871490e-02 8.130554e-03 1.576854e-02 6.929922e-03 4.674417e-02 3.035100e-03 6.049264e-02 7.836802e-03 5.351297e-03 1.478618e-04 1.507316e-02 2.776579e-04 2.830214e-02 5.213448e-04 4.391706e-02 4.044911e-04 5.152299e-02 4.745443e-04
0.001825 T17-1767 0.000000e+00 9.900000e+01 1.087567e-03 5.437836e-04 1.591159e-02 7.955796e-03 2.090051e-02 8.510129e-03 5.034471e-03 2.517235e-03 1.931945e-02 3.176125e-03 2.219621e-02 6.982307e-03 3.687798e-03 1.358635e-04 1.265261e-02 3.496045e-04 1.649895e-02 4.558828e-04 2.459227e-02 4.530063e-04 2.461653e-02 6.801799e-04
0.001825 T17-1715 5.032922e-03 2.516461e-03 0.000000e+00 9.900000e+01 0.000000e+00 9.900000e+01 1.779402e-02 8.706971e-03 1.840764e-02 6.763817e-03 4.284475e-02 2.819299e-03 7.131197e-02 7.267543e-03 2.389781e-03 1.100535e-04 1.289404e-02 3.562754e-04 2.846399e-02 5.243260e-04 4.859054e-02 4.475354e-04 5.210029e-02 4.798614e-04
0.001825 T17-1331 1.357607e-02 6.788035e-03 0.000000e+00 9.900000e+01 4.454498e-03 2.227249e-03 7.588244e-03 3.794122e-03 1.261775e-02 6.308876e-03 2.086672e-02 3.287781e-03 3.397662e-02 7.860302e-03 3.747291e-03 1.380553e-04 1.389307e-02 3.838796e-04 2.012602e-02 3.707350e-04 3.167207e-02 5.834211e-04 3.015698e-02 5.555121e-04
0.001825 T17-0514 2.793938e-02 1.396969e-02 4.448769e-02 2.224385e-02 1.428002e-02 7.140009e-03 6.020239e-03 3.010120e-03 1.802535e-02 9.012677e-03 2.578255e-02 6.435431e-03 3.719492e-02 1.755479e-02 2.623933e-03 1.208366e-04 1.357526e-02 3.750983e-04 2.434268e-02 4.484088e-04 3.690781e-02 6.798670e-04 3.614608e-02 6.658355e-04
0.001825 T17-0645 2.290857e-02 1.145428e-02 3.876356e-03 1.938178e-03 0.000000e+00 9.900000e+01 5.201539e-03 2.600770e-03 3.076942e-02 1.364245e-02 4.224534e-02 5.488666e-03 6.425698e-02 1.644487e-02 4.508185e-03 1.245658e-04 1.177897e-02 3.254650e-04 2.312255e-02 4.259332e-04 3.406829e-02 6.275611e-04 4.121121e-02 7.591386e-04
0.001825 T17-0654 8.050052e-03 4.025026e-03 2.812764e-02 1.406382e-02 2.663070e-02 1.331535e-02 1.132708e-02 5.663538e-03 1.787071e-02 8.935356e-03 4.721431e-02 1.002147e-02 6.890583e-02 1.758321e-02 6.357987e-03 1.171185e-04 2.993140e-02 2.756784e-04 4.332679e-02 3.990544e-04 5.713245e-02 5.262093e-04 6.017662e-02 5.542472e-04
0.001825 T17-0661 0.000000e+00 9.900000e+01 2.888070e-02 1.444035e-02 0.000000e+00 9.900000e+01 8.901105e-03 4.450552e-03 2.849381e-02 1.424691e-02 6.385414e-02 6.500767e-03 5.029859e-02 1.522321e-02 6.893480e-03 6.349129e-05 2.700507e-02 4.974517e-04 3.983590e-02 3.669022e-04 5.451635e-02 5.021142e-04 5.743175e-02 5.289660e-04
0.001825 T17-0655 3.163234e-02 1.581617e-02 6.319286e-02 2.050380e-02 3.961232e-02 1.980616e-02 2.022591e-02 1.011295e-02 6.867873e-02 1.305802e-02 9.212876e-02 5.883603e-03 1.209385e-01 1.626304e-02 1.400091e-02 1.289531e-04 4.777788e-02 4.400505e-04 7.728946e-02 7.118622e-04 1.038515e-01 9.565076e-04 1.074147e-01 9.893260e-04
0.001825 T17-0686 1.123630e-01 1.975834e-02 1.042443e-01 2.072495e-02 1.818691e-01 1.811191e-02 2.067789e-01 1.634735e-02 3.075082e-01 1.276845e-02 4.373227e-01 6.652140e-03 4.569304e-01 1.635211e-02 6.708764e-02 6.179000e-04 2.446291e-01 2.253117e-03 3.582604e-01 3.299700e-03 4.436014e-01 4.085720e-03 4.265443e-01 3.928618e-03
0.001825 T17-0561 0.000000e+00 9.900000e+01 6.278322e-03 3.139161e-03 1.888747e-03 9.443736e-04 3.362790e-02 1.545831e-02 2.979294e-02 1.251445e-02 3.018847e-02 7.215390e-03 5.032759e-02 1.669033e-02 4.238116e-03 1.561379e-04 1.637583e-02 4.524810e-04 2.999514e-02 5.525310e-04 4.093136e-02 7.539835e-04 4.264669e-02 7.855811e-04
0.001825 T17-0664 4.775680e-03 2.387840e-03 3.258350e-02 1.629175e-02 5.061754e-02 1.789296e-02 1.921992e-02 9.609962e-03 3.974478e-02 1.239967e-02 5.945029e-02 6.575628e-03 5.102848e-02 1.729405e-02 1.102781e-02 1.015699e-04 3.314282e-02 3.052567e-04 4.899085e-02 4.512224e-04 6.066399e-02 5.587360e-04 6.164760e-02 5.677954e-04
0.001825 T17-1396 4.211947e-02 1.931332e-02 1.781975e-02 8.909873e-03 3.650764e-02 1.668743e-02 3.218682e-02 1.481284e-02 1.300807e-01 1.213452e-02 2.177245e-01 6.656833e-03 3.124131e-01 1.553547e-02 1.232984e-02 1.135620e-04 7.585639e-02 6.986631e-04 1.573519e-01 1.449265e-03 2.595312e-01 2.390371e-03 2.937979e-01 2.705979e-03
0.001825 T17-1383 5.310895e-03 2.655447e-03 2.433619e-02 1.216810e-02 0.000000e+00 9.900000e+01 3.957950e-02 1.515855e-02 3.742513e-02 1.588794e-02 8.780397e-02 6.684544e-03 9.100501e-02 1.911082e-02 5.615369e-03 1.551584e-04 1.931369e-02 3.557713e-04 2.979860e-02 5.489104e-04 4.238067e-02 3.903404e-04 4.176440e-02 7.693287e-04
0.001825 T17-1872 7.040258e-03 3.520129e-03 5.578690e-03 2.789345e-03 0.000000e+00 9.900000e+01 0.000000e+00 9.900000e+01 0.000000e+00 9.900000e+01 2.531149e-02 6.972928e-03 4.957308e-02 1.447084e-02 4.305750e-03 1.189723e-04 1.865990e-02 3.437280e-04 2.803016e-02 5.163347e-04 3.726981e-02 6.865354e-04 3.826109e-02 7.047953e-04
0.001825 T17-2157 1.095323e-02 5.476614e-03 2.171174e-02 1.085587e-02 5.006880e-02 1.671981e-02 3.227579e-02 1.549886e-02 3.714741e-02 1.310435e-02 8.709914e-02 5.810820e-03 1.030408e-01 1.621472e-02 6.489165e-03 5.976741e-05 3.830717e-02 3.528221e-04 6.342109e-02 5.841298e-04 8.382489e-02 7.720558e-04 8.311354e-02 7.655040e-04
0.001825 T17-2102 9.158064e-04 4.579032e-04 1.006069e-02 5.030343e-03 2.664177e-02 1.332088e-02 3.159755e-02 1.579877e-02 1.491882e-02 7.459412e-03 6.209158e-02 5.883618e-03 7.571587e-02 1.586980e-02 5.563708e-03 5.124364e-05 2.661305e-02 2.451153e-04 4.620502e-02 4.255639e-04 6.519761e-02 6.004922e-04 7.291013e-02 6.715271e-04
0.001825 T17-2208 3.955983e-03 1.977991e-03 0.000000e+00 9.900000e+01 2.637579e-03 1.318789e-03 0.000000e+00 9.900000e+01 1.418036e-02 7.090181e-03 3.314499e-02 6.486839e-03 7.075045e-02 1.595613e-02 2.793765e-03 1.029261e-04 1.826367e-02 3.364293e-04 3.257069e-02 5.999743e-04 4.754579e-02 4.379129e-04 5.374177e-02 4.949800e-04
0.001825 T17-2219 8.465048e-03 4.232524e-03 0.000000e+00 9.900000e+01 1.000249e-02 5.001245e-03 1.574776e-02 7.873880e-03 4.622297e-02 1.377211e-02 4.986002e-02 6.209037e-03 4.234529e-02 1.545973e-02 5.826612e-03 1.073302e-04 2.350604e-02 4.329972e-04 3.538169e-02 3.258774e-04 4.656205e-02 4.288523e-04 4.836970e-02 4.455014e-04
0.001825 T17-2087 3.070676e-02 1.535338e-02 1.515543e-02 7.577714e-03 0.000000e+00 9.900000e+01 4.044732e-02 1.532572e-02 3.430006e-02 1.151096e-02 5.565906e-02 7.454388e-03 8.542389e-02 1.558379e-02 1.387615e-02 1.278041e-04 4.593826e-02 4.231070e-04 6.759792e-02 6.225999e-04 8.650924e-02 7.967796e-04 8.711200e-02 8.023312e-04
0.001825 T17-1638 6.086156e-03 3.043078e-03 7.666129e-03 3.833065e-03 1.536927e-02 7.684633e-03 0.000000e+00 9.900000e+01 1.637821e-02 8.189103e-03 2.414870e-02 5.468409e-03 3.317742e-02 1.631887e-02 4.568485e-03 1.262319e-04 1.186951e-02 3.279666e-04 2.338529e-02 4.307730e-04 3.901991e-02 7.187733e-04 4.186009e-02 7.710914e-04
0.001825 T17-1717 2.134955e-02 1.067478e-02 2.233667e-02 1.116834e-02 6.147722e-02 1.686724e-02 4.821987e-02 1.540528e-02 6.798251e-02 1.233743e-02 1.368585e-01 6.435386e-03 1.528399e-01 1.515760e-02 1.566753e-02 1.443033e-04 6.758269e-02 6.224596e-04 1.107952e-01 1.020461e-03 1.455373e-01 1.340448e-03 1.398166e-01 1.287758e-03
0.001825 T17-1690 1.264085e-02 6.320427e-03 3.130850e-02 1.565425e-02 2.770982e-02 1.385491e-02 6.614900e-02 1.569430e-02 1.081989e-01 1.203451e-02 2.082845e-01 6.086067e-03 2.732970e-01 1.877431e-02 1.357559e-02 1.250358e-04 8.116819e-02 7.475866e-04 1.548307e-01 1.426043e-03 2.202508e-01 2.028585e-03 2.294100e-01 2.112944e-03
0.001825 T17-1367 1.306391e-02 6.531954e-03 2.229317e-02 1.114658e-02 5.205481e-03 2.602740e-03 2.023945e-02 1.011972e-02 9.081075e-03 4.540538e-03 3.342165e-02 6.578860e-03 1.621550e-02 8.107749e-03 1.984161e-03 9.137400e-05 1.057326e-02 3.895333e-04 2.007609e-02 3.698153e-04 3.037252e-02 2.797412e-04 3.399163e-02 6.261489e-04
0.001825 T17-1411 3.588225e-02 1.794112e-02 3.034989e-02 1.517495e-02 8.779654e-03 4.389827e-03 0.000000e+00 9.900000e+01 5.853648e-03 2.926824e-03 4.936176e-02 5.429300e-03 5.042395e-02 1.498104e-02 3.385554e-03 9.354631e-05 1.675906e-02 3.087133e-04 3.123979e-02 5.754581e-04 4.682762e-02 4.312983e-04 5.192643e-02 4.782601e-04
0.001825 T17-2014 4.288141e-02 1.862355e-02 1.190864e-02 5.954319e-03 2.227414e-03 1.113707e-03 2.603454e-02 1.301727e-02 5.169959e-02 1.282942e-02 1.176430e-01 9.175873e-03 1.208108e-01 1.749496e-02 1.432586e-02 1.319460e-04 4.840522e-02 4.458285e-04 7.269559e-02 6.695512e-04 9.346730e-02 8.608656e-04 9.736721e-02 8.967851e-04
0.001825 T17-2016 3.595316e-02 1.690724e-02 2.145050e-02 1.072525e-02 2.493760e-02 1.246880e-02 1.438882e-02 7.194411e-03 0.000000e+00 9.900000e+01 2.608906e-02 5.692739e-03 6.732671e-03 3.366336e-03 2.153550e-03 9.917466e-05 1.090668e-02 4.018169e-04 1.778581e-02 4.914402e-04 2.350053e-02 2.164479e-04 2.516149e-02 4.634918e-04
0.001825 T17-2052 0.000000e+00 9.900000e+01 0.000000e+00 9.900000e+01 4.334622e-02 1.607231e-02 1.245266e-02 6.226329e-03 3.175229e-02 1.283655e-02 2.985859e-02 5.853928e-03 5.238864e-02 1.541197e-02 4.486588e-03 1.239690e-04 1.811419e-02 3.336757e-04 2.728717e-02 5.026482e-04 3.559804e-02 3.278700e-04 3.802804e-02 3.502512e-04
0.001825 T17-1998 2.583353e-02 1.291676e-02 5.132251e-02 2.128849e-02 3.487567e-02 1.742204e-02 4.576613e-02 1.594844e-02 7.413776e-02 1.367746e-02 1.365091e-01 5.700370e-03 1.443067e-01 1.494132e-02 1.614743e-02 1.487233e-04 6.181142e-02 5.693043e-04 1.061386e-01 9.775728e-04 1.451728e-01 1.337091e-03 1.537839e-01 1.416402e-03
0.001825 T17-2126 1.295006e-02 6.475028e-03 6.440285e-02 2.185885e-02 4.052653e-02 1.814467e-02 5.017803e-02 1.657444e-02 5.366737e-02 1.269626e-02 1.068072e-01 6.736858e-03 1.441710e-01 1.625912e-02 1.487474e-02 1.370014e-04 5.430143e-02 5.001347e-04 8.892002e-02 8.189836e-04 1.153737e-01 1.062631e-03 1.172946e-01 1.080323e-03
0.001825 T17-2155 6.285291e-02 2.754683e-02 3.901510e-02 1.950755e-02 1.262567e-01 3.228955e-02 1.770413e-01 3.394858e-02 2.422657e-01 3.201109e-02 2.694961e-01 2.027619e-02 2.295145e-01 2.658909e-02 3.365829e-02 3.100043e-04 1.232157e-01 1.134859e-03 1.828394e-01 1.684013e-03 2.290561e-01 2.109685e-03 2.185754e-01 2.013154e-03
0.001825 T17-2116 9.258638e-02 2.072396e-02 5.274107e-02 2.027861e-02 1.190121e-01 1.836838e-02 9.560313e-02 1.552702e-02 1.759230e-01 1.322392e-02 3.313459e-01 7.719273e-03 4.158751e-01 1.538602e-02 2.691189e-02 2.478677e-04 1.451369e-01 1.336761e-03 2.590850e-01 2.386261e-03 3.431454e-01 3.160486e-03 3.461323e-01 3.187996e-03
0.001825 T17-2101 1.723855e-02 8.619275e-03 9.744566e-03 4.872283e-03 5.613795e-02 1.604343e-02 3.643818e-02 1.583622e-02 5.429155e-02 1.345640e-02 9.446925e-02 5.746758e-03 1.030948e-01 1.480287e-02 9.427478e-03 8.683028e-05 4.329746e-02 3.987843e-04 6.829318e-02 6.290034e-04 8.716583e-02 8.028270e-04 8.843437e-02 8.145107e-04
0.001825 T17-2127 2.507956e-02 1.253978e-02 1.180026e-02 5.900130e-03 8.829588e-03 4.414794e-03 0.000000e+00 9.900000e+01 6.488454e-03 3.244227e-03 2.605166e-02 6.087774e-03 4.814213e-02 1.551275e-02 1.723522e-03 1.111196e-04 7.598738e-03 6.298826e-04 1.383313e-02 1.146671e-03 1.872036e-02 3.448417e-04 2.106194e-02 5.819629e-04
0.001825 T17-2081 1.031996e-02 5.159981e-03 0.000000e+00 9.900000e+01 0.000000e+00 9.900000e+01 2.334357e-02 1.167179e-02 2.798882e-02 1.267574e-02 3.891480e-02 6.168691e-03 5.283119e-02 1.477411e-02 4.209664e-03 7.754488e-05 1.783715e-02 4.928587e-04 3.267877e-02 9.029479e-04 4.201426e-02 3.869656e-04 4.695589e-02 4.324798e-04
0.001825 T17-2218 4.579007e-02 1.998160e-02 6.606854e-03 3.303427e-03 0.000000e+00 9.900000e+01 8.964114e-03 4.482057e-03 1.479795e-02 7.398976e-03 4.050741e-02 6.196053e-03 8.740297e-02 1.602330e-02 2.493412e-03 9.186068e-05 1.449666e-02 4.005574e-04 2.544267e-02 4.686713e-04 3.676873e-02 3.386525e-04 4.324035e-02 3.982583e-04
0.001825 T17-2214 4.045237e-02 2.022618e-02 8.959418e-03 4.479709e-03 3.693260e-02 1.790010e-02 3.010785e-02 1.505392e-02 4.420648e-02 1.430643e-02 8.455327e-02 6.474954e-03 1.235706e-01 1.627657e-02 1.056785e-02 9.733350e-05 3.966918e-02 3.653667e-04 6.320428e-02 5.821329e-04 8.668017e-02 7.983538e-04 9.143933e-02 8.421874e-04
0.001825 T17-2220 0.000000e+00 9.900000e+01 2.875655e-02 1.437828e-02 1.590001e-02 7.950003e-03 4.358226e-02 1.595605e-02 2.785832e-02 1.307267e-02 5.147169e-02 6.812014e-03 6.297752e-02 1.706381e-02 3.198329e-03 8.837308e-05 1.798034e-02 3.312101e-04 3.601712e-02 3.317300e-04 4.873409e-02 4.488576e-04 5.253141e-02 4.838322e-04
0.001825 T17-2231 8.816725e-02 1.928751e-02 8.529183e-02 2.373676e-02 1.805779e-01 1.687006e-02 1.502467e-01 1.755597e-02 2.806106e-01 1.522898e-02 4.440243e-01 9.156468e-03 4.904588e-01 1.445916e-02 5.875586e-02 5.411615e-04 2.342136e-01 2.157187e-03 3.206394e-01 2.953198e-03 4.083529e-01 3.761070e-03 3.950972e-01 3.638979e-03
0.001825 T17-2190 1.132785e-02 5.663924e-03 4.612804e-02 2.178204e-02 0.000000e+00 9.900000e+01 1.253785e-02 6.268926e-03 1.840371e-02 9.201857e-03 3.261291e-02 5.980682e-03 5.378451e-02 1.542603e-02 6.363479e-03 1.172196e-04 1.477296e-02 5.442560e-04 2.553217e-02 9.406399e-04 2.943549e-02 2.711108e-04 3.523933e-02 6.491324e-04
0.001825 T17-2252 2.928080e-02 1.464040e-02 9.276497e-03 4.638248e-03 1.844911e-02 9.224553e-03 2.866847e-02 1.433423e-02 2.218106e-02 1.109053e-02 5.340684e-02 6.440803e-03 5.380500e-02 1.613032e-02 4.588193e-03 8.451764e-05 2.073882e-02 3.820233e-04 3.696389e-02 3.404500e-04 5.086574e-02 4.684907e-04 5.310476e-02 4.891129e-04
0.001825 T17-2159 2.486982e-02 1.243491e-02 4.287519e-02 1.903169e-02 5.246170e-02 1.715910e-02 4.892256e-02 1.584817e-02 5.923362e-02 1.301761e-02 1.010912e-01 5.919459e-03 1.537235e-01 1.335160e-02 1.361898e-02 1.254354e-04 5.187801e-02 4.778141e-04 8.388376e-02 7.725980e-04 1.146558e-01 1.056019e-03 1.198912e-01 1.104239e-03
0.001825 T17-2200 3.416936e-02 1.708468e-02 0.000000e+00 9.900000e+01 5.516711e-02 1.501674e-02 5.430701e-02 1.629328e-02 1.014442e-01 1.188085e-02 1.320094e-01 5.842537e-03 1.874830e-01 1.550378e-02 1.397026e-02 1.286709e-04 6.342435e-02 5.841599e-04 1.074395e-01 9.895542e-04 1.482573e-01 1.365500e-03 1.608767e-01 1.481729e-03
0.001825 T17-2250 1.273634e-02 6.368170e-03 2.843686e-02 1.421843e-02 1.751010e-02 8.755051e-03 0.000000e+00 9.900000e+01 1.808925e-02 9.044625e-03 2.497352e-02 5.761301e-03 8.072368e-03 4.036184e-03 3.002211e-03 8.295415e-05 1.197951e-02 3.310061e-04 1.656889e-02 4.578152e-04 2.265227e-02 2.086351e-04 2.670344e-02 4.918955e-04
0.001825 T17-0914 3.707495e-02 1.665113e-02 1.556780e-02 7.783898e-03 2.577565e-02 1.288782e-02 1.165007e-02 5.825033e-03 0.000000e+00 9.900000e+01 3.067957e-02 5.525325e-03 1.162919e-02 5.814595e-03 3.322664e-03 1.224115e-04 1.421229e-02 3.927001e-04 2.289248e-02 4.216950e-04 3.121495e-02 5.750006e-04 3.259004e-02 6.003307e-04
0.001825 T17-0897 0.000000e+00 9.900000e+01 4.853426e-03 2.426713e-03 0.000000e+00 9.900000e+01 3.425226e-02 1.507422e-02 2.023506e-02 1.011753e-02 6.324489e-02 6.613368e-03 6.680404e-02 1.464466e-02 5.076204e-03 1.402607e-04 2.459771e-02 4.531066e-04 4.656894e-02 4.289158e-04 6.570774e-02 6.051906e-04 6.785859e-02 6.250007e-04
0.001825 T17-1038 0.000000e+00 9.900000e+01 1.919827e-02 9.599133e-03 4.101056e-02 1.868346e-02 4.192208e-02 1.923258e-02 3.378279e-03 1.689140e-03 3.930238e-02 5.361187e-03 1.924280e-02 9.621398e-03 3.762228e-03 1.039542e-04 1.864487e-02 3.434512e-04 3.086835e-02 5.686160e-04 4.262058e-02 3.925500e-04 4.515489e-02 4.158919e-04
0.001825 T17-1074 8.092299e-03 4.046149e-03 2.340218e-02 1.170109e-02 8.544038e-03 4.272019e-03 2.253402e-02 1.126701e-02 3.385760e-02 1.307912e-02 9.150630e-02 5.998422e-03 1.231687e-01 1.452486e-02 6.702798e-03 1.234701e-04 3.843567e-02 3.540056e-04 6.903203e-02 6.358085e-04 9.699631e-02 8.933691e-04 9.990437e-02 9.201533e-04
0.001825 T17-1003 5.707180e-03 2.853590e-03 4.432827e-02 1.972525e-02 2.885259e-02 1.442629e-02 8.145699e-02 1.631844e-02 1.057429e-01 1.202016e-02 2.058609e-01 6.724651e-03 2.385780e-01 1.544993e-02 1.721377e-02 1.585447e-04 9.792481e-02 9.019208e-04 1.666284e-01 1.534704e-03 2.196815e-01 2.023341e-03 2.202113e-01 2.028221e-03
0.001825 T17-1131 4.778674e-02 1.684036e-02 1.443371e-02 7.216857e-03 1.100206e-02 5.501030e-03 0.000000e+00 9.900000e+01 2.026109e-02 1.013054e-02 5.621198e-02 6.149694e-03 5.828737e-02 1.428475e-02 5.975416e-03 1.100712e-04 2.467054e-02 4.544481e-04 3.943037e-02 3.631671e-04 5.449743e-02 5.019399e-04 5.517495e-02 5.081800e-04
0.001825 T17-1029 0.000000e+00 9.900000e+01 2.382624e-03 1.191312e-03 6.084682e-03 3.042341e-03 1.770158e-02 8.850790e-03 1.362567e-03 6.812837e-04 2.678495e-02 5.143698e-03 6.022431e-02 1.402954e-02 3.497448e-03 9.663806e-05 1.509372e-02 4.170549e-04 2.299751e-02 4.236298e-04 3.060152e-02 2.818505e-04 3.212186e-02 5.917064e-04
0.001825 T17-1113 6.305466e-02 1.731366e-02 9.076502e-02 1.861008e-02 1.368354e-01 1.610127e-02 1.386241e-01 1.667124e-02 2.245532e-01 1.200660e-02 3.375622e-01 7.197930e-03 3.865843e-01 1.579599e-02 4.375556e-02 4.030036e-04 1.778190e-01 1.637773e-03 2.849421e-01 2.624414e-03 3.576792e-01 3.294347e-03 3.545727e-01 3.265735e-03
0.001825 T17-0912 2.157008e-02 1.078504e-02 3.727712e-02 1.863856e-02 3.825967e-02 1.686126e-02 3.097751e-02 1.548875e-02 0.000000e+00 9.900000e+01 4.419726e-02 5.941344e-03 4.136830e-02 1.463426e-02 3.238567e-03 8.948493e-05 1.868010e-02 3.441001e-04 2.885545e-02 5.315370e-04 3.876968e-02 7.141639e-04 4.084372e-02 3.761846e-04
0.001825 T17-0863 8.566516e-02 1.962674e-02 9.104615e-02 2.082650e-02 1.204262e-01 1.955485e-02 1.394901e-01 1.961649e-02 1.838593e-01 1.297259e-02 2.951739e-01 6.368606e-03 3.185360e-01 1.549153e-02 4.331531e-02 3.989488e-04 1.550368e-01 1.427941e-03 2.291086e-01 2.110168e-03 2.980341e-01 2.744995e-03 2.962080e-01 2.728176e-03
0.001825 T17-0874 5.951355e-03 2.975677e-03 0.000000e+00 9.900000e+01 0.000000e+00 9.900000e+01 2.394529e-02 1.197264e-02 1.727137e-02 8.635686e-03 4.298694e-02 6.072414e-03 9.053052e-02 1.645821e-02 5.295957e-03 1.463327e-04 2.258892e-02 4.161032e-04 4.051915e-02 3.731951e-04 5.727753e-02 5.275455e-04 5.799340e-02 1.068278e-03
0.001825 T17-0764 2.274324e-02 1.137162e-02 3.505319e-02 1.752659e-02 0.000000e+00 9.900000e+01 0.000000e+00 9.900000e+01 1.513530e-02 7.567648e-03 3.460556e-02 5.469686e-03 3.974525e-02 1.612948e-02 2.315905e-03 1.279816e-04 1.495000e-02 4.130839e-04 2.860213e-02 5.268707e-04 4.090262e-02 3.767270e-04 4.409159e-02 8.121971e-04
0.001825 T17-0793 4.093607e-02 2.046804e-02 0.000000e+00 9.900000e+01 3.889606e-02 1.891276e-02 1.033149e-02 5.165747e-03 2.196899e-02 1.098449e-02 3.575572e-02 7.149667e-03 5.218916e-02 1.633117e-02 3.534662e-03 9.766633e-05 1.546331e-02 4.272672e-04 2.642825e-02 4.868263e-04 3.529910e-02 3.251167e-04 3.739010e-02 6.887511e-04
0.001825 T17-0843 2.135690e-02 1.067845e-02 0.000000e+00 9.900000e+01 6.897469e-02 1.882247e-02 7.480606e-02 1.842170e-02 1.013875e-01 1.398929e-02 1.657299e-01 8.221472e-03 1.942545e-01 1.525312e-02 1.556895e-02 1.433953e-04 7.452962e-02 6.864431e-04 1.294813e-01 1.192567e-03 1.775596e-01 1.635384e-03 1.844933e-01 1.699246e-03
0.001825 T17-0826 0.000000e+00 9.900000e+01 6.420624e-02 2.442872e-02 1.627597e-02 8.137983e-03 5.151898e-04 2.575949e-04 1.854213e-02 9.271066e-03 3.017657e-02 5.898311e-03 5.086504e-02 1.503214e-02 1.671921e-03 1.539896e-04 6.302626e-03 2.902467e-04 1.801510e-02 4.977755e-04 2.943896e-02 2.711429e-04 3.480600e-02 6.411502e-04
0.001825 T17-0869 1.077836e-02 5.389180e-03 2.658552e-02 1.329276e-02 0.000000e+00 9.900000e+01 1.983794e-02 9.918970e-03 2.643242e-02 1.321621e-02 5.468596e-02 5.702179e-03 7.076851e-02 1.600055e-02 6.469704e-03 1.191764e-04 2.351068e-02 4.330827e-04 4.523300e-02 4.166113e-04 6.438557e-02 5.930131e-04 6.691914e-02 6.163481e-04
0.001825 T17-0903 2.067985e-02 1.033992e-02 6.240696e-02 1.986631e-02 4.764213e-02 1.811793e-02 7.086153e-02 1.861091e-02 1.371750e-01 1.430614e-02 2.407307e-01 7.005761e-03 2.701558e-01 1.533115e-02 2.022660e-02 1.862939e-04 1.097315e-01 1.010664e-03 2.063264e-01 1.900336e-03 2.736323e-01 2.520247e-03 2.902325e-01 2.673140e-03
0.001825 T17-1065 0.000000e+00 9.900000e+01 2.257365e-02 1.128683e-02 2.801683e-02 1.400841e-02 5.338547e-02 1.631946e-02 4.454044e-02 1.256341e-02 3.541000e-02 5.516088e-03 3.778043e-02 1.477546e-02 7.088027e-03 1.305663e-04 2.042808e-02 3.762992e-04 2.922537e-02 5.383512e-04 3.834537e-02 3.531739e-04 3.939345e-02 3.628271e-04
0.001825 T17-1061 1.130825e-03 5.654126e-04 1.074381e-02 5.371903e-03 2.832444e-02 1.416222e-02 2.607076e-02 1.303538e-02 3.790314e-02 1.296298e-02 7.330906e-02 5.378820e-03 7.772393e-02 1.610457e-02 8.636473e-03 7.954485e-05 3.268466e-02 3.010368e-04 5.250349e-02 4.835750e-04 7.237620e-02 6.666095e-04 7.730997e-02 7.120511e-04
0.001825 T17-0997 4.321458e-03 2.160729e-03 3.034451e-02 1.517226e-02 4.920361e-02 1.750132e-02 3.857609e-02 1.668720e-02 3.220471e-02 1.235891e-02 6.697672e-02 6.741858e-03 1.025112e-01 1.521567e-02 8.173394e-03 7.527974e-05 3.680187e-02 3.389578e-04 5.904202e-02 5.437971e-04 7.721543e-02 7.111804e-04 7.771680e-02 7.157982e-04
0.001825 T17-0998 1.965210e-02 9.826051e-03 0.000000e+00 9.900000e+01 4.484758e-04 2.242379e-04 2.905860e-02 1.452930e-02 4.928801e-02 1.721319e-02 5.903512e-02 7.483523e-03 7.200348e-02 1.657142e-02 7.849847e-03 7.229976e-05 3.472781e-02 3.198549e-04 5.085321e-02 4.683754e-04 6.532528e-02 6.016681e-04 6.761337e-02 6.227422e-04
0.001825 T17-0994 8.345107e-02 1.898472e-02 9.233876e-02 2.074620e-02 1.237570e-01 1.610667e-02 1.400833e-01 1.690083e-02 2.514758e-01 1.510058e-02 4.095091e-01 7.478831e-03 4.951118e-01 1.824958e-02 5.234332e-02 4.820998e-04 2.171088e-01 1.999646e-03 3.518183e-01 3.240366e-03 4.519406e-01 4.162526e-03 4.426216e-01 4.076696e-03
0.001825 T17-0987 0.000000e+00 9.900000e+01 6.651571e-03 3.325786e-03 9.238193e-03 4.619097e-03 0.000000e+00 9.900000e+01 3.837836e-02 1.312171e-02 3.761917e-02 6.490313e-03 5.663499e-02 1.705282e-02 5.188298e-03 1.433580e-04 2.112536e-02 3.891435e-04 2.744150e-02 5.054912e-04 4.199015e-02 3.867436e-04 4.989808e-02 4.595783e-04
0.001825 T17-1060 2.263156e-02 1.131578e-02 4.078479e-02 2.039239e-02 2.909517e-02 1.454759e-02 8.214003e-02 1.693493e-02 7.651779e-02 1.249074e-02 1.305508e-01 6.332463e-03 1.480267e-01 1.747325e-02 1.659864e-02 1.528791e-04 6.012357e-02 5.537586e-04 9.859536e-02 9.080968e-04 1.373640e-01 1.265169e-03 1.402494e-01 1.291745e-03
0.001825 T17-1500 2.148981e-02 1.074490e-02 2.622430e-02 1.311215e-02 2.281025e-02 1.140512e-02 1.438106e-02 7.190532e-03 2.357676e-02 1.178838e-02 5.654704e-02 8.319361e-03 8.656481e-02 2.038162e-02 1.262986e-02 1.163253e-04 4.488185e-02 4.133771e-04 6.959556e-02 6.409988e-04 8.363896e-02 7.703433e-04 9.105757e-02 8.386712e-04
0.001825 T17-1774 1.354495e-02 6.772473e-03 2.025291e-04 1.012645e-04 0.000000e+00 9.900000e+01 0.000000e+00 9.900000e+01 4.558433e-03 2.279216e-03 1.899890e-02 6.234256e-03 5.758961e-02 1.407867e-02 1.328638e-03 8.566047e-05 8.833847e-03 3.254509e-04 1.530181e-02 4.228048e-04 2.372131e-02 2.184813e-04 2.568537e-02 4.731420e-04
0.001825 T17-1615 3.298168e-02 1.550776e-02 6.064718e-02 1.978564e-02 1.008487e-01 1.720720e-02 1.217820e-01 1.460254e-02 1.830796e-01 1.179439e-02 2.925958e-01 6.178071e-03 3.855838e-01 1.492836e-02 3.289888e-02 3.030098e-04 1.406203e-01 1.295160e-03 2.284422e-01 2.104030e-03 3.279246e-01 3.020297e-03 3.311176e-01 3.049706e-03
0.001825 T17-1728 3.006162e-02 1.503081e-02 3.243162e-02 1.621581e-02 3.796658e-02 1.637400e-02 7.789354e-03 3.894677e-03 5.155832e-02 1.111101e-02 7.757525e-02 5.350118e-03 1.159485e-01 1.642921e-02 1.247676e-02 1.149152e-04 4.406743e-02 4.058761e-04 6.668047e-02 6.141498e-04 8.906796e-02 8.203462e-04 9.514648e-02 8.763315e-04
0.001825 T17-1623 2.277958e-02 1.138979e-02 1.582880e-02 7.914399e-03 0.000000e+00 9.900000e+01 8.927942e-03 4.463971e-03 5.172751e-04 2.586375e-04 2.420121e-02 5.564373e-03 3.171664e-02 1.539787e-02 2.514235e-03 6.947088e-05 8.539807e-03 3.146181e-04 1.362550e-02 5.019819e-04 1.956414e-02 1.801924e-04 2.268505e-02 4.178740e-04
0.001825 T17-1203 5.106138e-02 2.010800e-02 3.631286e-02 1.815643e-02 6.963447e-02 1.632581e-02 5.920070e-02 1.773901e-02 9.550797e-02 1.217575e-02 1.542389e-01 5.868496e-03 2.137525e-01 1.458338e-02 2.170739e-02 1.999325e-04 8.307281e-02 7.651289e-04 1.361912e-01 1.254368e-03 1.778644e-01 1.638192e-03 1.832604e-01 1.687891e-03
0.001825 T17-1541 1.067524e-02 5.337618e-03 1.055004e-02 5.275018e-03 2.013020e-02 1.006510e-02 0.000000e+00 9.900000e+01 0.000000e+00 9.900000e+01 2.977867e-02 5.767282e-03 2.329003e-02 1.164502e-02 2.468362e-03 1.136723e-04 1.051091e-02 4.840454e-04 1.971192e-02 9.077672e-04 3.181959e-02 2.930693e-04 3.616131e-02 6.661159e-04
0.001825 T17-1887 6.424926e-02 1.594443e-02 7.813279e-02 1.885796e-02 8.440828e-02 1.754176e-02 8.438523e-02 1.401798e-02 1.780858e-01 1.117978e-02 2.673317e-01 6.046855e-03 3.551379e-01 1.382838e-02 3.573320e-02 3.291149e-04 1.357902e-01 1.250674e-03 2.130734e-01 1.962478e-03 2.979295e-01 2.744032e-03 3.066877e-01 2.824698e-03
0.001825 T17-1859 2.175427e-02 1.087714e-02 1.251554e-02 6.257770e-03 4.834922e-02 1.524494e-02 6.613429e-02 1.363053e-02 8.379067e-02 1.194250e-02 1.527051e-01 5.575739e-03 1.330857e-01 1.481736e-02 2.079304e-02 1.915110e-04 7.987819e-02 7.357053e-04 1.124099e-01 1.035333e-03 1.383054e-01 1.273840e-03 1.348061e-01 1.241610e-03
0.001825 T17-1875 7.563308e-02 1.565347e-02 6.874413e-02 1.747920e-02 1.089117e-01 1.666097e-02 1.157637e-01 1.423548e-02 1.917471e-01 1.267731e-02 3.225517e-01 5.885172e-03 3.795999e-01 1.293272e-02 4.056345e-02 3.736031e-04 1.548651e-01 1.426360e-03 2.533040e-01 2.333016e-03 3.552240e-01 3.271734e-03 3.531015e-01 3.252185e-03
0.001825 T17-1984 4.072604e-02 1.566989e-02 2.139937e-02 1.069969e-02 0.000000e+00 9.900000e+01 3.237823e-03 1.618911e-03 1.700198e-02 8.500988e-03 2.246480e-02 5.118020e-03 1.884564e-02 9.422819e-03 3.643119e-03 6.710873e-05 1.288499e-02 3.560254e-04 1.797055e-02 4.965446e-04 2.683239e-02 2.471355e-04 2.921260e-02 5.381160e-04
0.001825 T17-1986 2.661660e-02 1.330830e-02 3.738982e-02 1.764922e-02 7.454813e-03 3.727406e-03 2.124917e-02 1.062458e-02 1.433170e-03 7.165851e-04 5.202505e-02 5.557261e-03 6.897485e-02 1.557559e-02 7.140861e-03 6.576976e-05 2.525217e-02 4.651621e-04 4.352242e-02 4.008563e-04 5.764630e-02 5.309421e-04 6.218090e-02 5.727073e-04
0.001825 T17-2091 6.405129e-02 1.606761e-02 6.197620e-02 1.822422e-02 6.871034e-02 1.589522e-02 7.167426e-02 1.499076e-02 1.306809e-01 1.115513e-02 1.999795e-01 5.623752e-03 2.262240e-01 1.360698e-02 2.897425e-02 2.668627e-04 1.003682e-01 9.244249e-04 1.603406e-01 1.476791e-03 2.160198e-01 1.989615e-03 2.202879e-01 2.028926e-03
0.001825 T17-2135 4.157294e-04 2.078647e-04 2.037460e-03 1.018730e-03 3.750755e-02 1.577922e-02 5.187850e-02 1.538135e-02 6.639261e-02 1.178250e-02 9.992278e-02 5.449381e-03 1.238204e-01 1.374801e-02 1.170503e-02 1.078073e-04 4.779937e-02 4.402485e-04 7.768444e-02 7.155002e-04 9.804991e-02 9.030730e-04 9.902143e-02 9.120211e-04
0.001825 T17-2096 9.778362e-03 4.889181e-03 9.886953e-03 4.943476e-03 1.733502e-02 8.667510e-03 2.376705e-02 1.188353e-02 5.077326e-02 1.136740e-02 9.049740e-02 6.665449e-03 2.972946e-02 1.486473e-02 8.384330e-03 7.722254e-05 4.871108e-02 4.486456e-04 9.368118e-02 8.628355e-04 1.286665e-01 1.185063e-03 1.762766e-01 1.623567e-03
0.001825 T17-2107 5.889346e-02 1.558504e-02 8.703283e-02 2.015460e-02 1.197620e-01 1.557211e-02 1.134521e-01 1.471322e-02 1.724595e-01 1.323302e-02 3.072259e-01 7.138138e-03 4.796186e-01 1.738885e-02 3.156176e-02 2.906945e-04 1.443411e-01 1.329431e-03 2.651456e-01 2.442081e-03 3.744048e-01 3.448396e-03 3.891333e-01 3.584050e-03
0.001825 T17-1845 5.397751e-02 1.737085e-02 2.347307e-02 1.173653e-02 3.357410e-02 1.515287e-02 1.898464e-02 9.492322e-03 3.630503e-02 1.047681e-02 5.592458e-02 5.940071e-03 6.643370e-02 1.442749e-02 8.799084e-03 8.104256e-05 3.007375e-02 2.769895e-04 4.784180e-02 4.406393e-04 6.406555e-02 5.900655e-04 6.667981e-02 6.141437e-04
0.001825 T17-1825 6.505001e-03 3.252501e-03 7.871445e-03 3.935722e-03 6.601294e-03 3.300647e-03 2.256737e-02 1.128368e-02 2.983619e-02 1.259951e-02 6.870191e-02 5.937327e-03 9.036847e-02 1.548092e-02 4.993676e-03 9.198692e-05 2.950610e-02 2.717612e-04 5.361257e-02 4.937900e-04 7.846183e-02 7.226602e-04 9.797570e-02 9.023895e-04
0.001825 T17-2086 2.502349e-02 1.251174e-02 4.083039e-02 1.872338e-02 2.502896e-02 1.251448e-02 1.129894e-02 5.649469e-03 4.888965e-02 1.081804e-02 6.082792e-02 5.818366e-03 8.456517e-02 1.455977e-02 8.981374e-03 8.272151e-05 3.033773e-02 2.794208e-04 4.725959e-02 4.352769e-04 6.146200e-02 5.660859e-04 6.449549e-02 5.940255e-04
0.001825 T17-2080 2.700956e-02 1.350478e-02 1.588265e-03 7.941325e-04 1.037808e-03 5.189042e-04 0.000000e+00 9.900000e+01 2.540008e-02 1.033981e-02 5.583453e-02 5.959605e-03 5.628281e-02 1.588099e-02 7.275230e-03 6.700734e-05 2.434294e-02 2.242067e-04 3.587282e-02 3.304009e-04 4.664556e-02 4.296215e-04 4.894261e-02 4.507781e-04
0.001825 T17-1183 2.073833e-03 1.036916e-03 0.000000e+00 9.900000e+01 6.082153e-03 3.041077e-03 2.578611e-02 1.289305e-02 1.854170e-02 9.270848e-03 2.400497e-02 5.794772e-03 6.035372e-02 1.567953e-02 2.798778e-03 1.804439e-04 1.614361e-02 5.947526e-04 2.563764e-02 9.445255e-04 3.964552e-02 7.302974e-04 4.487993e-02 1.240078e-03
0.001825 T17-1246 1.997561e-03 9.987803e-04 9.841484e-03 4.920742e-03 0.000000e+00 9.900000e+01 1.827023e-02 9.135115e-03 0.000000e+00 9.900000e+01 2.779175e-02 6.054260e-03 2.700522e-02 1.350261e-02 1.979480e-03 9.115843e-05 1.248304e-02 3.449190e-04 2.088964e-02 5.772020e-04 3.051054e-02 2.810125e-04 3.645853e-02 3.357955e-04
0.001825 T17-1374 1.226177e-02 6.130886e-03 2.083359e-03 1.041680e-03 0.000000e+00 9.900000e+01 2.939706e-02 1.469853e-02 4.721450e-02 1.176010e-02 8.677453e-02 6.014474e-03 1.251071e-01 1.349336e-02 6.061741e-03 1.116614e-04 3.278790e-02 3.019877e-04 6.147168e-02 5.661751e-04 9.333492e-02 8.596464e-04 1.106461e-01 1.019088e-03
0.001825 T17-1531 0.000000e+00 9.900000e+01 3.282130e-02 1.641065e-02 1.901242e-02 9.506212e-03 1.338268e-02 6.691341e-03 2.851841e-02 1.115372e-02 6.557713e-02 5.497467e-03 9.459740e-02 1.519760e-02 6.152655e-03 1.133361e-04 2.807605e-02 2.585900e-04 5.051973e-02 4.653039e-04 7.484992e-02 6.893932e-04 8.490870e-02 7.820380e-04
0.001825 T17-1431 0.000000e+00 9.900000e+01 2.802594e-02 1.401297e-02 4.758085e-03 2.379043e-03 1.478100e-02 7.390502e-03 8.792082e-03 4.396041e-03 5.289584e-02 5.488529e-03 8.263538e-02 1.436859e-02 4.857822e-03 8.948438e-05 2.396586e-02 4.414674e-04 4.452356e-02 8.201543e-04 6.338423e-02 5.837903e-04 6.980512e-02 6.429289e-04
0.001825 T17-1109 6.539391e-03 3.269696e-03 3.086400e-02 1.543200e-02 1.587440e-02 7.937200e-03 2.849773e-02 1.424887e-02 3.968379e-02 1.272255e-02 4.761872e-02 5.700885e-03 8.352022e-02 1.497077e-02 5.251512e-03 9.673644e-05 2.261017e-02 4.164946e-04 4.247758e-02 7.824660e-04 6.600469e-02 6.079257e-04 7.520024e-02 6.926198e-04
0.001825 T17-1119 6.768391e-03 3.384196e-03 0.000000e+00 9.900000e+01 2.993326e-02 1.496663e-02 1.079165e-03 5.395823e-04 3.726212e-02 1.261463e-02 5.059094e-02 7.087852e-03 5.103520e-02 1.457550e-02 4.863204e-03 8.958354e-05 2.184942e-02 4.024812e-04 3.696492e-02 3.404595e-04 5.179134e-02 4.770158e-04 5.627254e-02 5.182893e-04
0.001825 T17-1535 3.925523e-02 1.632351e-02 1.412007e-02 7.060035e-03 2.711353e-02 1.355677e-02 9.767283e-03 4.883641e-03 1.974063e-02 9.870317e-03 4.796927e-02 6.288845e-03 4.539706e-02 1.457356e-02 8.623762e-03 7.942779e-05 2.631385e-02 2.423595e-04 4.060007e-02 3.739404e-04 5.296917e-02 4.878640e-04 5.435920e-02 5.006667e-04
0.001825 T17-1434 1.579135e-02 7.895674e-03 9.784933e-03 4.892466e-03 3.725894e-03 1.862947e-03 0.000000e+00 9.900000e+01 0.000000e+00 9.900000e+01 2.717334e-02 5.520152e-03 6.205257e-02 1.463475e-02 2.464596e-03 9.079907e-05 7.086179e-03 3.263306e-04 2.113140e-02 9.731370e-04 2.959890e-02 2.726159e-04 3.852937e-02 3.548686e-04
0.001825 T17-1458 2.411040e-02 1.205520e-02 1.683273e-02 8.416363e-03 4.775213e-02 1.568063e-02 7.003434e-02 1.404540e-02 7.235250e-02 1.182963e-02 1.066171e-01 6.058140e-03 1.659980e-01 1.632646e-02 1.858148e-02 1.711417e-04 5.975163e-02 5.503328e-04 9.278349e-02 8.545675e-04 1.230831e-01 1.133637e-03 1.285162e-01 1.183678e-03
0.001825 T17-1447 5.049071e-02 1.675962e-02 3.790887e-02 1.795486e-02 5.683677e-02 1.563879e-02 8.451492e-02 1.594767e-02 9.892490e-02 1.291796e-02 1.675986e-01 5.164380e-03 2.086194e-01 1.814432e-02 2.498342e-02 2.301058e-04 8.566275e-02 7.889831e-04 1.354513e-01 1.247553e-03 1.796509e-01 1.654646e-03 1.841351e-01 1.695947e-03
0.001825 T17-1538 2.169279e-02 1.084640e-02 2.278131e-02 1.139065e-02 3.086900e-02 1.543450e-02 3.681130e-02 1.475822e-02 4.618196e-02 1.082829e-02 8.043438e-02 6.133569e-03 1.237066e-01 1.565270e-02 7.837054e-03 7.218194e-05 3.622344e-02 3.336302e-04 6.663194e-02 6.137029e-04 9.624967e-02 8.864923e-04 1.053877e-01 9.706565e-04
0.001825 T17-1400 5.555207e-02 1.557356e-02 3.850909e-02 1.925454e-02 6.905985e-02 1.824638e-02 7.855671e-02 1.590588e-02 1.227414e-01 1.155603e-02 2.197638e-01 5.616456e-03 2.994551e-01 1.359272e-02 2.192959e-02 2.019790e-04 1.036111e-01 9.542935e-04 1.843448e-01 1.697878e-03 2.629025e-01 2.421422e-03 2.793791e-01 2.573177e-03
0.001825 T17-1373 2.667967e-02 1.333983e-02 2.371682e-02 1.185841e-02 2.551333e-02 1.275666e-02 3.381975e-02 1.467760e-02 6.783172e-02 1.257318e-02 1.072395e-01 5.645052e-03 1.628980e-01 1.508515e-02 8.226706e-03 7.577076e-05 4.798494e-02 4.419576e-04 9.012213e-02 8.300555e-04 1.369878e-01 1.261704e-03 1.595442e-01 1.469456e-03
0.001825 T17-1449 2.102581e-02 1.051291e-02 3.052378e-02 1.526189e-02 4.791041e-02 1.526222e-02 2.797960e-02 1.398980e-02 7.096991e-02 1.289035e-02 1.053141e-01 5.122739e-03 1.443320e-01 1.354875e-02 1.460599e-02 1.345261e-04 5.344717e-02 4.922666e-04 8.854627e-02 8.155413e-04 1.196676e-01 1.102179e-03 1.284653e-01 1.183209e-03
0.001825 T17-1688 1.789469e-02 8.947347e-03 5.080093e-02 1.800446e-02 5.836759e-02 1.588457e-02 6.764443e-02 1.325947e-02 1.563361e-01 1.228075e-02 2.980863e-01 6.591683e-03 4.376537e-01 1.433575e-02 2.212374e-02 2.037671e-04 1.339347e-01 1.233585e-03 2.232478e-01 2.056189e-03 3.743346e-01 3.447749e-03 4.103298e-01 3.779277e-03
0.001825 T17-1819 0.000000e+00 9.900000e+01 1.461602e-02 7.308009e-03 2.114551e-02 1.057276e-02 5.012549e-02 1.402288e-02 2.361609e-02 1.180805e-02 4.755196e-02 5.103384e-03 7.810197e-02 1.496307e-02 3.902589e-03 7.188835e-05 2.121453e-02 3.907860e-04 4.034378e-02 3.715799e-04 5.848375e-02 5.386553e-04 6.597967e-02 6.076953e-04
0.001825 T17-1939 3.474111e-02 1.698386e-02 8.613853e-02 1.648550e-02 4.758315e-02 1.659164e-02 6.090983e-02 1.347904e-02 9.126207e-02 1.034720e-02 1.411360e-01 5.306546e-03 1.626687e-01 1.396867e-02 2.356259e-02 2.170195e-04 7.802102e-02 7.186001e-04 1.127366e-01 1.038343e-03 1.478327e-01 1.361589e-03 1.550353e-01 1.427928e-03
0.001825 T17-1961 2.459183e-02 1.229592e-02 1.513121e-02 7.565603e-03 2.144929e-02 1.072464e-02 3.436842e-02 1.436764e-02 5.667322e-02 1.095184e-02 1.167107e-01 5.868052e-03 1.688059e-01 1.434074e-02 8.954711e-03 8.247593e-05 4.831467e-02 4.449945e-04 8.953055e-02 8.246068e-04 1.360508e-01 1.253075e-03 1.578982e-01 1.454296e-03
0.001825 T17-1954 0.000000e+00 9.900000e+01 1.091739e-02 5.458696e-03 0.000000e+00 9.900000e+01 5.174546e-02 1.282649e-02 3.191538e-02 1.166610e-02 8.707040e-02 5.392923e-03 1.243512e-01 1.390319e-02 7.601731e-03 7.001453e-05 3.808422e-02 3.507687e-04 6.613663e-02 6.091409e-04 9.333598e-02 8.596562e-04 1.134087e-01 1.044533e-03
0.001825 T17-2032 1.010063e-02 5.050316e-03 2.026686e-02 1.013343e-02 2.651852e-03 1.325926e-03 1.792874e-02 8.964370e-03 2.105623e-02 1.052811e-02 2.226275e-02 5.035125e-03 4.790324e-02 1.421429e-02 1.519502e-03 8.397081e-05 1.089822e-02 3.011289e-04 1.980950e-02 3.649044e-04 2.953710e-02 2.720468e-04 3.621541e-02 3.335562e-04
0.001825 T17-2073 2.357821e-02 1.178911e-02 2.534315e-02 1.267157e-02 3.923467e-02 1.471529e-02 3.892426e-03 1.946213e-03 6.137049e-02 1.127645e-02 1.034905e-01 5.446101e-03 1.623040e-01 1.340630e-02 1.074377e-02 9.895382e-05 4.430795e-02 4.080913e-04 7.828335e-02 7.210163e-04 1.114182e-01 1.026199e-03 1.222781e-01 1.126223e-03
0.001825 T17-2029 1.732701e-02 8.663505e-03 2.052414e-02 1.026207e-02 2.626227e-02 1.313114e-02 2.972444e-02 1.486222e-02 1.992845e-02 9.964224e-03 3.113718e-02 6.059761e-03 5.240598e-02 1.552623e-02 5.415461e-03 9.975649e-05 2.340478e-02 4.311319e-04 2.836857e-02 5.225683e-04 3.550923e-02 3.270521e-04 4.274376e-02 3.936846e-04
0.001825 T17-1666 6.842224e-03 3.421112e-03 4.689979e-02 1.891687e-02 3.457064e-02 1.527578e-02 3.886543e-02 1.447157e-02 4.519766e-02 1.183370e-02 4.450496e-02 5.478665e-03 4.571237e-02 1.424240e-02 3.545203e-03 9.795758e-05 1.673011e-02 3.081800e-04 2.918873e-02 5.376763e-04 4.261634e-02 3.925110e-04 4.713874e-02 4.341639e-04
0.001825 T17-1739 1.209467e-02 6.047336e-03 2.624021e-02 1.312011e-02 1.630341e-02 8.151706e-03 1.437770e-02 7.188851e-03 3.419989e-02 1.104196e-02 2.124726e-02 5.095921e-03 3.186407e-02 1.530850e-02 3.974216e-03 7.320776e-05 1.398459e-02 2.576057e-04 2.227966e-02 4.104064e-04 3.108927e-02 2.863428e-04 3.377771e-02 6.222084e-04
0.001825 T17-1744 5.671568e-03 2.835784e-03 0.000000e+00 9.900000e+01 6.137811e-03 3.068906e-03 2.601663e-02 1.300831e-02 2.324268e-02 1.008273e-02 3.678306e-02 5.660894e-03 5.235347e-02 1.425793e-02 2.440743e-03 8.992030e-05 1.373597e-02 2.530259e-04 2.654951e-02 4.890600e-04 3.987676e-02 3.672786e-04 4.928501e-02 4.539317e-04
0.001825 T17-1740 3.477197e-02 1.738598e-02 0.000000e+00 9.900000e+01 4.365638e-03 2.182819e-03 4.642809e-02 1.591215e-02 4.128620e-02 1.133110e-02 8.915331e-02 5.249476e-03 1.313773e-01 1.430120e-02 7.012431e-03 1.291737e-04 3.764218e-02 3.466973e-04 7.333979e-02 6.754844e-04 1.060884e-01 9.771107e-04 1.195224e-01 1.100842e-03
0.001825 T17-1750 5.562149e-03 2.781074e-03 1.471630e-02 7.358149e-03 6.270280e-02 1.451403e-02 3.062139e-02 1.531070e-02 7.011583e-02 1.223011e-02 1.442747e-01 5.337484e-03 2.220226e-01 1.511037e-02 1.241133e-02 1.143125e-04 5.965348e-02 5.494289e-04 1.089713e-01 1.003663e-03 1.533373e-01 1.412288e-03 1.665073e-01 1.533589e-03
0.001825 T17-1721 1.494872e-02 7.474360e-03 1.500636e-02 7.503178e-03 1.099714e-02 5.498569e-03 3.507089e-02 1.457902e-02 5.022928e-02 1.314056e-02 6.322301e-02 5.537224e-03 8.465217e-02 1.412638e-02 1.230515e-02 1.133346e-04 3.765682e-02 3.468321e-04 5.564920e-02 5.125481e-04 7.207028e-02 6.637919e-04 7.473387e-02 6.883244e-04
0.001825 T17-1865 2.467179e-02 1.233590e-02 6.399059e-03 3.199530e-03 2.476299e-02 1.238149e-02 2.531259e-02 1.265630e-02 1.360779e-02 6.803893e-03 4.765199e-02 5.543526e-03 6.619208e-02 1.426943e-02 7.226030e-03 1.331084e-04 2.519867e-02 4.641767e-04 3.834565e-02 3.531765e-04 5.110559e-02 4.706999e-04 6.375586e-02 5.872132e-04
0.001825 T17-1913 9.188242e-05 4.594121e-05 2.836530e-02 1.418265e-02 2.912834e-02 1.456417e-02 3.653254e-02 1.455795e-02 1.751630e-02 8.758151e-03 5.294276e-02 6.377705e-03 8.669294e-02 1.403276e-02 8.776325e-03 8.083294e-05 2.816419e-02 5.188035e-04 4.324560e-02 3.983067e-04 5.605770e-02 5.163105e-04 5.924468e-02 5.456637e-04
0.001825 T17-1895 1.527577e-02 7.637887e-03 7.901768e-03 3.950884e-03 2.535102e-02 1.267551e-02 2.364231e-02 1.182116e-02 4.809155e-02 1.218911e-02 7.856849e-02 5.398910e-03 1.361093e-01 1.546496e-02 6.604185e-03 1.216536e-04 3.266549e-02 3.008603e-04 6.084417e-02 5.603955e-04 8.646493e-02 7.963714e-04 1.001862e-01 9.227489e-04
0.001825 T17-1934 3.738038e-02 1.698229e-02 0.000000e+00 9.900000e+01 1.296199e-02 6.480996e-03 1.801658e-02 9.008291e-03 2.667847e-02 1.097652e-02 4.595989e-02 4.973070e-03 4.608597e-02 1.404619e-02 4.563437e-03 8.406161e-05 1.948414e-02 3.589111e-04 3.563942e-02 3.282512e-04 5.065554e-02 4.665548e-04 5.605868e-02 5.163195e-04
0.001825 T17-1941 1.910488e-03 9.552439e-04 8.236342e-03 4.118171e-03 0.000000e+00 9.900000e+01 0.000000e+00 9.900000e+01 0.000000e+00 9.900000e+01 3.237482e-02 5.554369e-03 2.710502e-02 1.355251e-02 1.850125e-03 1.022417e-04 1.131386e-02 4.168180e-04 2.332818e-02 4.297210e-04 3.315814e-02 3.053978e-04 3.842505e-02 3.539077e-04
0.001825 T17-1861 1.415743e-02 7.078717e-03 5.066488e-02 1.907033e-02 1.079835e-02 5.399173e-03 4.629753e-02 1.558920e-02 5.366467e-02 1.084860e-02 1.365955e-01 5.018272e-03 1.784729e-01 1.361846e-02 8.882742e-03 8.181307e-05 5.280223e-02 4.863265e-04 1.020039e-01 9.394910e-04 1.589037e-01 1.463557e-03 1.875148e-01 1.727075e-03
0.001825 T17-1882 3.249274e-03 1.624637e-03 4.866709e-02 1.752520e-02 4.054162e-02 1.550021e-02 0.000000e+00 9.900000e+01 3.299248e-02 1.160401e-02 6.016308e-02 5.616790e-03 8.800671e-02 1.335447e-02 7.736795e-03 1.425170e-04 2.796811e-02 5.151917e-04 4.837541e-02 4.455540e-04 6.443766e-02 5.934928e-04 6.808321e-02 6.270695e-04
0.001825 T17-1928 2.227845e-02 1.113922e-02 3.529689e-02 1.764845e-02 2.120000e-02 1.060000e-02 2.708895e-02 1.354448e-02 5.546910e-02 1.267153e-02 6.814045e-02 5.289208e-03 1.156460e-01 1.435670e-02 5.247898e-03 9.666985e-05 2.925618e-02 5.389188e-04 5.499330e-02 5.065071e-04 7.959891e-02 7.331330e-04 9.138183e-02 8.416578e-04
0.001825 T17-1900 1.108070e-02 5.540348e-03 3.278010e-02 1.639005e-02 0.000000e+00 9.900000e+01 0.000000e+00 9.900000e+01 1.184223e-02 5.921116e-03 5.457444e-02 5.964974e-03 5.991732e-02 1.328359e-02 3.703003e-03 1.023177e-04 1.970869e-02 3.630474e-04 3.878116e-02 3.571877e-04 5.822868e-02 5.363059e-04 7.063791e-02 6.505992e-04
0.001825 T17-0740 6.162817e-02 2.130479e-02 8.836377e-02 2.137555e-02 1.903175e-01 2.044675e-02 1.777745e-01 1.762540e-02 2.799723e-01 1.378979e-02 3.748020e-01 6.756487e-03 4.144837e-01 1.549118e-02 5.596881e-02 5.154918e-04 2.098441e-01 1.932735e-03 3.130842e-01 2.883612e-03 3.854650e-01 3.550264e-03 3.727169e-01 3.432850e-03
0.001825 T17-0737 3.419370e-02 1.709685e-02 0.000000e+00 9.900000e+01 5.188811e-02 1.833537e-02 4.590060e-02 1.702710e-02 1.336680e-01 1.370370e-02 1.596229e-01 7.380638e-03 1.811025e-01 1.572360e-02 2.008918e-02 1.850282e-04 8.813236e-02 8.117291e-04 1.429299e-01 1.316433e-03 1.744164e-01 1.606435e-03 1.799166e-01 1.657093e-03
0.001825 T17-0720 1.162820e-02 5.814101e-03 3.643836e-02 1.821918e-02 4.540803e-03 2.270402e-03 1.093448e-02 5.467242e-03 1.160077e-02 5.800387e-03 6.183543e-02 6.526152e-03 9.533700e-02 1.550029e-02 5.388742e-03 1.488964e-04 2.002358e-02 3.688480e-04 4.692565e-02 4.322012e-04 7.478243e-02 6.887716e-04 8.303010e-02 7.647355e-04
0.001825 T17-0739 0.000000e+00 9.900000e+01 3.331216e-02 1.665608e-02 1.669152e-02 8.345759e-03 3.038255e-02 1.519127e-02 3.646914e-02 1.301001e-02 6.725964e-02 6.293683e-03 7.646773e-02 1.602650e-02 6.865323e-03 1.264639e-04 2.485163e-02 4.577839e-04 4.851374e-02 8.936561e-04 7.188818e-02 6.621146e-04 7.557029e-02 6.960280e-04
0.001825 T17-0753 2.629815e-02 1.314908e-02 7.988700e-03 3.994350e-03 2.898456e-02 1.449228e-02 5.184382e-03 2.592191e-03 1.675537e-02 8.377686e-03 6.566775e-02 6.849400e-03 4.573578e-02 1.653706e-02 4.077737e-03 1.502294e-04 2.337304e-02 4.305474e-04 4.600725e-02 4.237424e-04 6.689104e-02 6.160893e-04 7.094165e-02 6.533968e-04
0.001825 T17-0776 0.000000e+00 9.900000e+01 0.000000e+00 9.900000e+01 2.125884e-03 1.062942e-03 2.879417e-02 1.439709e-02 5.537734e-02 1.333330e-02 7.153519e-02 6.714904e-03 9.081539e-02 1.677718e-02 5.769688e-03 1.062816e-04 3.490037e-02 3.214442e-04 5.919988e-02 5.452510e-04 7.770918e-02 7.157280e-04 8.389896e-02 7.727380e-04
0.001825 T17-0833 7.078442e-02 1.808076e-02 8.185620e-02 2.025480e-02 1.439515e-01 2.158881e-02 1.635619e-01 2.086455e-02 2.475069e-01 1.414463e-02 3.892483e-01 7.299074e-03 4.663371e-01 1.640082e-02 5.313799e-02 4.894190e-04 2.050835e-01 1.888888e-03 2.980380e-01 2.745032e-03 3.672469e-01 3.382469e-03 3.652447e-01 3.364028e-03
0.001825 T17-0803 0.000000e+00 9.900000e+01 2.156422e-02 1.078211e-02 0.000000e+00 9.900000e+01 2.064835e-02 1.032418e-02 5.380093e-02 1.265327e-02 9.839934e-02 6.026587e-03 1.258508e-01 1.472213e-02 6.523623e-03 6.008479e-05 3.712566e-02 3.419399e-04 7.057923e-02 6.500587e-04 1.027495e-01 9.463580e-04 1.229338e-01 1.132262e-03
0.001825 T17-0815 0.000000e+00 9.900000e+01 3.829793e-02 1.914896e-02 3.184085e-02 1.592042e-02 1.629302e-02 8.146508e-03 4.678434e-02 1.278537e-02 1.029633e-01 6.694480e-03 1.619502e-01 1.578651e-02 1.466879e-02 1.351046e-04 5.670235e-02 5.222479e-04 8.484480e-02 7.814495e-04 1.147471e-01 1.056860e-03 1.229254e-01 1.132185e-03
0.001825 T17-0722 5.384416e-03 2.692208e-03 2.319572e-02 1.159786e-02 1.249074e-02 6.245370e-03 3.301422e-02 1.650711e-02 2.540065e-02 1.270032e-02 3.909168e-02 6.039952e-03 5.269771e-02 1.496108e-02 3.719040e-03 6.850725e-05 1.325972e-02 3.663796e-04 2.620945e-02 4.827958e-04 4.037756e-02 3.718910e-04 4.703287e-02 4.331887e-04
0.001825 T17-0791 2.898814e-02 1.449407e-02 4.371087e-02 2.185544e-02 3.713118e-02 1.756714e-02 4.574758e-02 1.629470e-02 7.247799e-02 1.391789e-02 1.087354e-01 7.488317e-03 1.320910e-01 1.945530e-02 1.150750e-02 1.059880e-04 5.761128e-02 5.306195e-04 1.008910e-01 9.292404e-04 1.390499e-01 1.280696e-03 1.436149e-01 1.322742e-03
0.001825 T17-0788 2.387843e-02 1.193922e-02 4.560943e-02 1.941199e-02 5.489895e-02 2.032023e-02 8.474528e-02 1.769209e-02 1.078072e-01 1.303591e-02 1.818192e-01 1.027813e-02 2.221960e-01 1.830145e-02 3.162620e-02 2.912881e-04 1.168920e-01 1.076615e-03 1.719260e-01 1.583497e-03 2.161688e-01 1.990989e-03 2.132589e-01 1.964187e-03
0.001825 T17-0800 1.255001e-02 6.275007e-03 2.771137e-02 1.385568e-02 2.274113e-02 1.137057e-02 1.313536e-02 6.567681e-03 1.874584e-02 9.372922e-03 4.190636e-02 5.804679e-03 5.533190e-02 1.539590e-02 3.442747e-03 6.341774e-05 1.771939e-02 3.264032e-04 3.219666e-02 5.930844e-04 4.437515e-02 4.087102e-04 4.755276e-02 1.313931e-03
0.001825 T17-0785 0.000000e+00 9.900000e+01 3.444510e-02 1.722255e-02 6.765664e-03 3.382832e-03 3.354654e-02 1.677327e-02 3.028572e-02 1.176900e-02 4.173736e-02 5.781964e-03 4.998663e-02 1.472855e-02 5.487276e-03 1.010794e-04 2.554176e-02 4.704966e-04 4.518187e-02 4.161404e-04 5.949962e-02 5.480117e-04 6.261685e-02 5.767225e-04
0.001825 T17-0759 2.589573e-02 1.294787e-02 2.735936e-02 1.367968e-02 3.080291e-02 1.540145e-02 2.564733e-02 1.282366e-02 1.644052e-02 8.220259e-03 3.987199e-02 5.691868e-03 3.034842e-02 1.483585e-02 6.800359e-03 1.252672e-04 1.963654e-02 3.617184e-04 2.893473e-02 5.329973e-04 3.849219e-02 7.090524e-04 3.765366e-02 6.936060e-04
0.001825 T17-0787 1.746262e-02 8.731311e-03 5.085175e-02 2.461140e-02 4.253969e-02 1.769214e-02 1.266605e-02 6.333025e-03 9.408150e-03 4.704075e-03 3.103486e-02 5.201700e-03 2.925889e-02 1.462944e-02 5.477053e-03 1.008911e-04 1.481236e-02 4.092806e-04 2.200500e-02 6.080206e-04 2.925411e-02 2.694403e-04 2.967821e-02 8.200394e-04
0.001825 T17-0749 2.522818e-02 1.261409e-02 2.156276e-02 1.078138e-02 4.113836e-02 1.771713e-02 6.714414e-02 1.531727e-02 1.110900e-01 1.448054e-02 1.556935e-01 5.189299e-03 1.718370e-01 1.450498e-02 2.296442e-02 2.115102e-04 8.518738e-02 7.846048e-04 1.257530e-01 1.158228e-03 1.629176e-01 1.500526e-03 1.609605e-01 1.482501e-03
0.001825 T17-0916 1.210224e-02 6.051118e-03 0.000000e+00 9.900000e+01 0.000000e+00 9.900000e+01 1.290006e-02 6.450028e-03 3.963141e-02 1.252189e-02 4.637000e-02 5.843001e-03 3.937045e-02 1.475247e-02 3.488343e-03 9.638647e-05 2.156627e-02 3.972653e-04 3.951374e-02 3.639350e-04 5.647190e-02 5.201255e-04 6.049397e-02 5.571701e-04
0.001825 T17-0886 4.492673e-02 1.992565e-02 8.064827e-03 4.032414e-03 9.548018e-02 2.003697e-02 5.691685e-02 1.909404e-02 1.302177e-01 1.670398e-02 2.320160e-01 1.711703e-02 2.951412e-01 2.973557e-02 2.293563e-02 2.112450e-04 1.167451e-01 1.075262e-03 2.003469e-01 1.845263e-03 2.609737e-01 2.403657e-03 2.820357e-01 2.597645e-03
0.001825 T17-1079 3.482566e-02 1.741283e-02 2.891640e-02 1.445820e-02 0.000000e+00 9.900000e+01 4.426090e-03 2.213045e-03 1.261614e-02 6.308071e-03 1.441494e-02 5.732708e-03 6.491809e-02 1.446907e-02 1.637087e-03 9.046878e-05 1.153126e-02 3.186204e-04 2.320128e-02 6.410751e-04 3.369222e-02 3.103168e-04 4.011272e-02 3.694518e-04
0.001825 T17-0978 4.529302e-02 1.901093e-02 0.000000e+00 9.900000e+01 0.000000e+00 9.900000e+01 4.612554e-03 2.306277e-03 3.145556e-02 1.395577e-02 7.058372e-02 6.457648e-03 6.298303e-02 1.691933e-02 1.070495e-02 9.859619e-05 3.366389e-02 3.100559e-04 5.064740e-02 4.664797e-04 6.406885e-02 5.900960e-04 6.853175e-02 6.312007e-04
0.001825 T17-0999 0.000000e+00 9.900000e+01 1.845756e-02 9.228782e-03 3.673619e-02 1.796276e-02 1.851361e-02 9.256807e-03 3.286415e-02 1.270386e-02 2.960277e-02 5.970552e-03 4.915989e-02 1.576809e-02 4.092266e-03 1.130735e-04 1.588566e-02 5.852495e-04 2.137265e-02 7.873974e-04 2.855015e-02 2.629566e-04 3.196218e-02 5.887652e-04
0.001825 T17-1027 0.000000e+00 9.900000e+01 7.607219e-03 3.803610e-03 3.457318e-02 1.728659e-02 0.000000e+00 9.900000e+01 1.107308e-02 5.536542e-03 6.232431e-02 5.964430e-03 7.027234e-02 1.483203e-02 8.372503e-03 7.711360e-05 3.176565e-02 2.925724e-04 5.713172e-02 5.262026e-04 7.446083e-02 6.858096e-04 7.830437e-02 7.212099e-04
0.001825 T17-1053 2.678735e-02 1.339367e-02 2.550843e-02 1.275422e-02 1.215444e-02 6.077220e-03 3.498055e-02 1.749028e-02 6.350313e-02 1.411866e-02 9.796239e-02 6.184974e-03 1.304240e-01 1.560089e-02 1.340625e-02 1.234761e-04 5.153680e-02 4.746715e-04 8.486912e-02 7.816734e-04 1.161122e-01 1.069433e-03 1.211780e-01 1.116091e-03
0.001825 T17-1020 1.432472e-02 7.162358e-03 9.244099e-06 4.622049e-06 6.234682e-02 1.906468e-02 6.053511e-02 1.952492e-02 1.171816e-01 1.209785e-02 1.849503e-01 6.597749e-03 2.772423e-01 1.483999e-02 1.702795e-02 1.568332e-04 8.890177e-02 8.188155e-04 1.700134e-01 1.565881e-03 2.372482e-01 2.185137e-03 2.594937e-01 2.390025e-03
0.001825 T17-0703 4.342597e-02 2.052159e-02 3.649837e-03 1.824919e-03 4.292335e-02 1.791365e-02 3.336790e-02 1.668395e-02 7.243013e-02 1.419618e-02 1.485548e-01 6.630270e-03 2.113071e-01 1.584245e-02 1.703945e-02 1.569391e-04 6.872856e-02 6.330134e-04 1.243493e-01 1.145300e-03 1.937856e-01 1.784831e-03 2.198966e-01 2.025323e-03
0.001825 T17-0733 0.000000e+00 9.900000e+01 8.113597e-04 4.056799e-04 1.587801e-02 7.939005e-03 1.002923e-02 5.014614e-03 5.993445e-02 1.237046e-02 8.248990e-02 6.010739e-03 1.249406e-01 1.514906e-02 7.079687e-03 1.304127e-04 3.981273e-02 3.666888e-04 7.275371e-02 6.700864e-04 1.103415e-01 1.016283e-03 1.264059e-01 1.164242e-03
0.001825 T17-0761 2.034266e-02 1.017133e-02 9.064191e-02 2.140364e-02 9.340886e-02 1.714702e-02 1.083571e-01 1.525520e-02 1.782776e-01 1.317079e-02 2.644494e-01 6.147327e-03 3.465672e-01 1.581508e-02 3.750184e-02 3.454047e-04 1.352529e-01 1.245726e-03 2.291203e-01 2.110276e-03 2.994821e-01 2.758332e-03 3.069243e-01 2.826877e-03
0.001825 T17-0742 5.285886e-02 1.856321e-02 6.256993e-03 3.128497e-03 7.891217e-03 3.945608e-03 4.034597e-03 2.017298e-03 1.542789e-02 7.713947e-03 1.978560e-02 7.215788e-03 5.237810e-02 1.443025e-02 5.672758e-03 1.044961e-04 1.815293e-02 3.343894e-04 2.269459e-02 4.180498e-04 2.807156e-02 2.585486e-04 3.012662e-02 5.549529e-04
0.001825 T17-0818 2.270612e-02 1.135306e-02 3.644564e-02 1.822282e-02 3.897700e-03 1.948850e-03 0.000000e+00 9.900000e+01 6.050768e-02 1.222170e-02 5.957384e-02 5.532508e-03 8.441422e-02 1.513326e-02 5.861570e-03 1.079741e-04 3.033536e-02 2.793990e-04 5.542406e-02 5.104744e-04 7.691523e-02 7.084155e-04 8.230010e-02 7.580119e-04
0.001825 T17-0806 4.040315e-02 1.991385e-02 5.150722e-02 2.157187e-02 5.316879e-02 1.759038e-02 7.563446e-02 1.559994e-02 6.078597e-02 1.445722e-02 1.088552e-01 5.839573e-03 1.029675e-01 1.403503e-02 1.654342e-02 1.523705e-04 5.807238e-02 5.348664e-04 8.494274e-02 7.823515e-04 1.094126e-01 1.007728e-03 1.107178e-01 1.019749e-03
0.001825 T17-0845 2.793387e-03 1.396694e-03 0.000000e+00 9.900000e+01 1.330649e-02 6.653247e-03 7.420383e-03 3.710192e-03 2.018758e-02 1.009379e-02 3.034210e-02 6.026763e-03 4.943839e-02 1.563954e-02 6.045808e-03 1.113679e-04 2.264976e-02 4.172240e-04 3.471251e-02 6.394280e-04 4.472953e-02 4.119742e-04 4.697330e-02 4.326401e-04
0.001825 T17-0924 5.674996e-04 2.837498e-04 3.086801e-02 1.543400e-02 2.745544e-02 1.372772e-02 1.499029e-02 7.495144e-03 4.180943e-02 1.245693e-02 4.258599e-02 5.682065e-03 8.145768e-02 1.432863e-02 4.896135e-03 9.019013e-05 2.278045e-02 4.196314e-04 3.707481e-02 6.829432e-04 4.942973e-02 4.552646e-04 5.376250e-02 4.951709e-04
0.001825 T17-0920 0.000000e+00 9.900000e+01 3.952235e-02 1.976117e-02 3.751905e-02 1.670458e-02 2.153688e-02 1.076844e-02 3.649870e-02 1.379199e-02 1.132404e-01 6.810112e-03 1.698321e-01 1.582899e-02 9.476572e-03 1.745649e-04 5.475733e-02 5.043337e-04 1.028127e-01 9.469401e-04 1.453014e-01 1.338276e-03 1.642857e-01 1.513127e-03
0.001825 T17-1008 1.273379e-02 6.366894e-03 5.388436e-02 1.899058e-02 5.475877e-02 1.526388e-02 3.309333e-02 1.654666e-02 1.161847e-01 1.341322e-02 1.689089e-01 6.560557e-03 2.407844e-01 1.535591e-02 1.968813e-02 1.813344e-04 8.070201e-02 7.432930e-04 1.539562e-01 1.417989e-03 1.896562e-01 1.746798e-03 1.968212e-01 1.812790e-03
0.001825 T17-0796 8.270139e-03 4.135070e-03 1.462060e-02 7.310301e-03 0.000000e+00 9.900000e+01 5.786024e-03 2.893012e-03 1.292797e-02 6.463985e-03 2.167826e-02 6.324733e-03 4.981228e-02 1.460595e-02 1.886290e-03 1.563604e-04 1.106179e-02 5.094143e-04 2.050460e-02 9.442719e-04 3.199493e-02 2.946842e-04 3.888454e-02 7.162797e-04
0.001825 T17-0891 2.191285e-02 1.095642e-02 2.454538e-02 1.227269e-02 0.000000e+00 9.900000e+01 5.667410e-03 2.833705e-03 0.000000e+00 9.900000e+01 3.089975e-02 6.226047e-03 4.678528e-02 1.551042e-02 4.008772e-03 1.107665e-04 1.216672e-02 3.361788e-04 2.028383e-02 5.604630e-04 2.948542e-02 2.715707e-04 3.460084e-02 6.373710e-04
0.001825 T17-0922 2.402384e-02 1.201192e-02 0.000000e+00 9.900000e+01 2.560584e-02 1.280292e-02 0.000000e+00 9.900000e+01 1.452379e-02 7.261895e-03 4.165432e-02 6.218487e-03 6.810595e-02 1.465247e-02 2.954260e-03 8.162921e-05 1.978601e-02 3.644717e-04 3.820259e-02 3.518589e-04 5.900850e-02 5.434884e-04 6.821871e-02 6.283175e-04
0.001825 T17-1188 1.837080e-02 9.185401e-03 9.255754e-02 1.974293e-02 4.076866e-02 1.835274e-02 7.310276e-02 1.500637e-02 9.412072e-02 1.120352e-02 1.531328e-01 5.644394e-03 1.896594e-01 1.387788e-02 2.460266e-02 2.265988e-04 8.248804e-02 7.597430e-04 1.323229e-01 1.218739e-03 1.724507e-01 1.588329e-03 1.758180e-01 1.619344e-03
0.001825 T17-1202 4.017505e-02 1.955849e-02 6.788601e-02 2.025004e-02 1.091955e-01 1.663476e-02 8.424817e-02 1.594817e-02 1.902590e-01 1.221046e-02 3.754023e-01 6.529257e-03 5.563457e-01 1.507232e-02 2.879906e-02 2.652491e-04 1.728234e-01 1.591763e-03 3.189072e-01 2.937244e-03 5.002748e-01 4.607702e-03 5.494595e-01 5.060709e-03
0.001825 T17-1168 2.528533e-02 1.264267e-02 1.142011e-02 5.710053e-03 4.022373e-02 1.645537e-02 2.794341e-02 1.397170e-02 1.491504e-02 7.457518e-03 3.953467e-02 5.368609e-03 5.068797e-02 1.432049e-02 4.231003e-03 7.793795e-05 1.990990e-02 3.667540e-04 3.338318e-02 3.074705e-04 4.853594e-02 4.470326e-04 5.372131e-02 4.947915e-04
0.001825 T17-1191 2.920870e-02 1.460435e-02 2.003782e-02 1.001891e-02 3.599077e-02 1.601812e-02 2.064983e-02 1.032492e-02 6.004250e-02 1.182653e-02 8.798439e-02 5.371361e-03 1.250293e-01 1.509180e-02 1.473466e-02 1.357112e-04 4.901701e-02 4.514633e-04 7.589099e-02 6.989818e-04 1.017647e-01 9.372878e-04 1.038094e-01 9.561198e-04
0.001825 T17-1085 3.375459e-02 1.687730e-02 3.643197e-02 1.821599e-02 7.390877e-02 1.832968e-02 6.247851e-02 1.624702e-02 9.961988e-02 1.310655e-02 2.028620e-01 6.606982e-03 2.663678e-01 1.540959e-02 2.192470e-02 2.019340e-04 1.026091e-01 9.450650e-04 1.946545e-01 1.792834e-03 2.820346e-01 2.597635e-03 2.974606e-01 2.739713e-03
0.001825 T17-1148 1.450449e-02 7.252247e-03 3.105680e-02 1.552840e-02 2.881666e-02 1.440833e-02 3.887928e-02 1.655817e-02 5.367426e-02 1.300668e-02 7.926103e-02 6.002466e-03 1.110640e-01 1.431158e-02 1.222264e-02 1.125747e-04 4.961667e-02 4.569864e-04 7.725426e-02 7.115380e-04 1.033606e-01 9.519865e-04 1.072439e-01 9.877524e-04
0.001825 T17-1184 2.803864e-02 1.401932e-02 0.000000e+00 9.900000e+01 0.000000e+00 9.900000e+01 2.149391e-03 1.074696e-03 2.707555e-02 1.294684e-02 5.485724e-02 5.283245e-03 7.914279e-02 1.481182e-02 4.560380e-03 8.400530e-05 2.681672e-02 2.469911e-04 4.848923e-02 4.466023e-04 7.390478e-02 6.806882e-04 8.651060e-02 7.967921e-04
0.001825 T17-1251 1.019884e-02 5.099419e-03 1.904121e-02 9.520607e-03 1.340374e-02 6.701871e-03 1.440892e-02 7.204461e-03 4.772585e-02 1.151318e-02 5.134864e-02 7.048522e-03 4.390372e-02 1.557725e-02 7.961557e-03 7.332865e-05 2.888457e-02 2.660368e-04 4.832538e-02 4.450932e-04 6.555873e-02 6.038182e-04 6.885556e-02 6.341831e-04
0.001825 T17-1228 9.425654e-03 4.712827e-03 6.733981e-03 3.366991e-03 3.408348e-02 1.633782e-02 0.000000e+00 9.900000e+01 8.925757e-03 4.462878e-03 3.183043e-02 6.484440e-03 6.165581e-02 1.466702e-02 3.496813e-03 9.662052e-05 1.454572e-02 4.019131e-04 2.714174e-02 4.999694e-04 3.816904e-02 3.515498e-04 4.156961e-02 3.828703e-04
0.001825 T17-1225 1.562332e-02 7.811658e-03 1.150299e-02 5.751497e-03 0.000000e+00 9.900000e+01 4.047222e-02 1.468005e-02 1.398754e-02 6.993769e-03 2.354723e-02 5.080886e-03 2.552391e-02 1.276196e-02 3.766494e-03 1.040721e-04 9.267022e-03 3.414097e-04 1.666413e-02 6.139291e-04 2.431186e-02 2.239205e-04 2.263908e-02 4.170273e-04
0.001825 T17-1267 4.207568e-02 1.859470e-02 5.097653e-02 2.053981e-02 1.784878e-02 8.924388e-03 5.065808e-02 1.503489e-02 4.850249e-02 1.331892e-02 8.698611e-02 6.113519e-03 8.901884e-02 1.394087e-02 1.215171e-02 1.119213e-04 5.156877e-02 4.749659e-04 6.486015e-02 5.973840e-04 8.560216e-02 7.884250e-04 9.768460e-02 8.997084e-04
0.001825 T17-1393 2.136228e-02 1.068114e-02 3.795629e-02 1.897815e-02 6.709564e-02 1.604172e-02 4.797018e-02 1.631894e-02 9.725226e-02 1.192996e-02 1.620122e-01 5.858811e-03 2.342292e-01 1.611716e-02 2.177475e-02 2.005528e-04 7.945479e-02 7.318057e-04 1.300575e-01 1.197874e-03 1.770792e-01 1.630960e-03 1.898815e-01 1.748873e-03
0.001825 T17-1365 0.000000e+00 9.900000e+01 4.158133e-02 1.794023e-02 2.058381e-02 1.029190e-02 6.156232e-02 1.494100e-02 7.674586e-02 1.195851e-02 1.084091e-01 5.917055e-03 1.612848e-01 1.454175e-02 1.500885e-02 1.382366e-04 5.571506e-02 5.131547e-04 8.155389e-02 7.511391e-04 1.151158e-01 1.060256e-03 1.222452e-01 1.125920e-03
0.001825 T17-1220 2.441063e-02 1.220531e-02 1.874121e-02 9.370607e-03 1.577581e-02 7.887906e-03 3.636783e-02 1.560923e-02 4.171197e-02 1.291847e-02 4.650211e-02 5.478471e-03 1.000292e-01 1.726042e-02 2.920194e-03 8.068794e-05 1.629600e-02 3.001834e-04 3.931777e-02 3.621300e-04 6.003631e-02 5.529548e-04 7.166716e-02 6.600790e-04
0.001825 T17-1206 4.597349e-03 2.298675e-03 5.571121e-03 2.785561e-03 4.138101e-02 1.665641e-02 1.896503e-02 9.482515e-03 7.440851e-02 1.309428e-02 1.655418e-01 5.743271e-03 2.186459e-01 1.320481e-02 1.202189e-02 1.107257e-04 7.015563e-02 6.461572e-04 1.306139e-01 1.202998e-03 1.974462e-01 1.818547e-03 2.249685e-01 2.072036e-03
0.001825 T17-1395 7.531909e-02 1.756051e-02 5.139001e-02 1.871044e-02 1.092078e-01 1.612281e-02 1.195752e-01 1.686879e-02 2.311283e-01 1.094517e-02 4.246807e-01 6.622423e-03 6.365966e-01 1.595445e-02 3.024169e-02 2.785363e-04 1.919013e-01 1.767476e-03 3.814159e-01 3.512970e-03 5.802608e-01 5.344399e-03 6.457451e-01 5.947532e-03
0.001825 T17-1420 8.231537e-03 4.115768e-03 3.567879e-02 1.783939e-02 4.335916e-02 1.676430e-02 1.347490e-02 6.737451e-03 2.092448e-02 1.046224e-02 1.938024e-02 6.003585e-03 4.374258e-02 1.492129e-02 6.194964e-03 1.141155e-04 2.246694e-02 4.138563e-04 2.984703e-02 5.498027e-04 3.645672e-02 3.357788e-04 3.878214e-02 3.571968e-04
0.001825 T17-1419 8.640634e-03 4.320317e-03 0.000000e+00 9.900000e+01 3.863011e-02 1.573902e-02 0.000000e+00 9.900000e+01 9.158769e-03 4.579385e-03 2.896489e-02 5.395991e-03 2.611384e-02 1.305692e-02 2.085911e-03 1.152717e-04 1.255940e-02 3.470292e-04 2.241274e-02 4.128579e-04 3.086579e-02 2.842845e-04 3.165187e-02 5.830489e-04
0.001825 T17-1358 8.224141e-02 1.774372e-02 1.029821e-01 1.810495e-02 1.269713e-01 1.783490e-02 1.390538e-01 1.548486e-02 2.338931e-01 1.343587e-02 3.796918e-01 6.711905e-03 5.031835e-01 1.507738e-02 5.469018e-02 5.037151e-04 1.977362e-01 1.821218e-03 3.148556e-01 2.899927e-03 4.447847e-01 4.096618e-03 4.430665e-01 4.080794e-03
0.001825 T17-1337 1.195302e-02 5.976509e-03 1.578751e-04 7.893756e-05 0.000000e+00 9.900000e+01 7.545490e-03 3.772745e-03 1.962632e-02 9.813160e-03 2.716203e-02 5.149713e-03 4.675078e-02 1.483891e-02 3.898898e-03 1.077305e-04 1.448389e-02 4.002046e-04 2.646525e-02 4.875080e-04 3.569168e-02 3.287326e-04 3.756575e-02 3.459933e-04
0.001825 T17-1407 4.798636e-04 2.399318e-04 5.138975e-03 2.569488e-03 1.318872e-02 6.594361e-03 0.000000e+00 9.900000e+01 2.625136e-02 1.124490e-02 2.933751e-02 5.337935e-03 5.064836e-02 1.289501e-02 3.875877e-03 1.070944e-04 1.540991e-02 4.257916e-04 2.483604e-02 4.574967e-04 3.325918e-02 3.063283e-04 3.670587e-02 3.380735e-04
0.001825 T17-1372 1.012764e-02 5.063822e-03 5.740864e-02 1.879960e-02 2.559182e-02 1.279591e-02 4.830828e-02 1.493592e-02 3.448724e-02 1.124693e-02 5.682551e-02 5.236066e-03 5.711323e-02 1.567693e-02 7.987255e-03 1.471307e-04 2.662987e-02 4.905402e-04 4.094407e-02 3.771088e-04 5.479372e-02 5.046688e-04 5.879900e-02 5.415588e-04
0.001825 T17-1091 3.307049e-03 1.653524e-03 0.000000e+00 9.900000e+01 0.000000e+00 9.900000e+01 2.024570e-02 1.012285e-02 3.766673e-02 1.289434e-02 3.116162e-02 5.065671e-03 5.423950e-02 1.354686e-02 3.117073e-03 8.612791e-05 1.899024e-02 3.498131e-04 3.623656e-02 3.337510e-04 5.725087e-02 5.273000e-04 6.575498e-02 6.056258e-04
0.001825 T17-1112 7.185257e-04 3.592628e-04 1.401520e-02 7.007598e-03 0.000000e+00 9.900000e+01 1.884178e-02 9.420888e-03 4.606362e-02 1.225005e-02 4.860896e-02 5.256367e-03 7.340959e-02 1.439838e-02 4.162512e-03 7.667631e-05 2.464762e-02 4.540259e-04 4.365425e-02 4.020705e-04 6.462969e-02 5.952615e-04 7.021534e-02 6.467072e-04
0.001825 T17-1151 2.797423e-02 1.398711e-02 5.206809e-02 1.859717e-02 1.098580e-01 1.646132e-02 1.072342e-01 1.504191e-02 1.669367e-01 1.226284e-02 2.901337e-01 7.816134e-03 3.589016e-01 1.517929e-02 2.883289e-02 2.655607e-04 1.476020e-01 1.359464e-03 2.281027e-01 2.100904e-03 2.944632e-01 2.712106e-03 2.892990e-01 2.664542e-03
0.001825 T17-1069 3.148745e-02 1.574373e-02 0.000000e+00 9.900000e+01 7.828742e-03 3.914371e-03 6.622598e-03 3.311299e-03 3.525450e-02 1.339821e-02 6.046752e-02 5.546334e-03 6.131216e-02 1.402665e-02 5.999826e-03 1.105209e-04 2.797908e-02 2.576969e-04 4.735449e-02 4.361509e-04 6.575676e-02 6.056421e-04 6.824192e-02 6.285313e-04
0.001825 T17-1101 2.651763e-02 1.325882e-02 9.073847e-03 4.536924e-03 0.000000e+00 9.900000e+01 2.229604e-02 1.114802e-02 1.487314e-02 7.436570e-03 2.829887e-02 5.477752e-03 4.133572e-02 1.370039e-02 2.375403e-03 1.093913e-04 1.297106e-02 3.584035e-04 2.259685e-02 6.243741e-04 3.198674e-02 2.946088e-04 3.575195e-02 6.585753e-04
0.001825 T17-1149 1.727671e-02 8.638356e-03 7.853875e-03 3.926937e-03 0.000000e+00 9.900000e+01 0.000000e+00 9.900000e+01 0.000000e+00 9.900000e+01 2.342963e-02 5.474833e-03 4.304776e-02 1.665525e-02 2.324306e-03 8.563059e-05 1.437700e-02 3.972511e-04 2.563796e-02 4.722688e-04 3.777060e-02 3.478801e-04 4.269179e-02 3.932059e-04
0.001825 T17-1137 1.810570e-02 9.052849e-03 6.675040e-02 1.853144e-02 4.040744e-02 1.747709e-02 4.371330e-02 1.923319e-02 7.954936e-02 1.111184e-02 1.338288e-01 5.762730e-03 1.704637e-01 1.433786e-02 2.003592e-02 1.845376e-04 6.812299e-02 6.274359e-04 1.078000e-01 9.928750e-04 1.435352e-01 1.322008e-03 1.493458e-01 1.375525e-03
0.001825 T17-1192 2.104373e-03 1.052186e-03 3.236903e-02 1.618451e-02 1.164743e-02 5.823715e-03 2.353810e-02 1.176905e-02 2.582824e-02 1.110185e-02 4.882935e-02 5.527121e-03 9.879510e-02 1.428548e-02 5.054797e-03 2.327820e-04 2.641523e-02 1.216466e-03 4.918608e-02 2.265103e-03 6.358287e-02 5.856199e-04 7.379679e-02 6.796936e-04
0.001825 T17-1215 1.209704e-02 6.048522e-03 0.000000e+00 9.900000e+01 0.000000e+00 9.900000e+01 3.507764e-02 1.600661e-02 0.000000e+00 9.900000e+01 3.304796e-02 5.811696e-03 4.886165e-02 1.595231e-02 4.387782e-03 1.616518e-04 1.708936e-02 4.721964e-04 2.393561e-02 6.613654e-04 3.521687e-02 3.243593e-04 3.940769e-02 7.259165e-04
0.001825 T17-1243 5.714123e-02 1.656048e-02 3.465312e-03 1.732656e-03 5.785545e-02 1.561873e-02 7.408089e-02 1.613243e-02 1.353471e-01 1.250817e-02 2.563096e-01 6.293016e-03 3.529757e-01 1.475449e-02 2.545746e-02 2.344719e-04 1.253728e-01 1.154726e-03 2.159905e-01 1.989346e-03 3.216210e-01 2.962239e-03 3.380204e-01 3.113283e-03
0.001825 T17-1176 1.136511e-03 5.682557e-04 2.562241e-02 1.281120e-02 1.584716e-02 7.923582e-03 5.693773e-02 1.928163e-02 3.963997e-02 1.291248e-02 1.133858e-01 5.957523e-03 1.412983e-01 1.698887e-02 1.424569e-02 1.312077e-04 5.240664e-02 4.826830e-04 8.258951e-02 7.606775e-04 1.169877e-01 1.077496e-03 1.237819e-01 1.140073e-03
0.001825 T17-1255 1.672000e-03 8.359998e-04 5.882750e-02 1.893387e-02 4.875800e-03 2.437900e-03 2.719632e-02 1.359816e-02 3.947052e-02 1.161847e-02 5.042168e-02 5.555498e-03 7.475273e-02 1.678028e-02 6.152251e-03 1.133287e-04 2.320592e-02 4.274689e-04 3.926518e-02 3.616456e-04 5.236351e-02 4.822858e-04 5.979964e-02 5.507750e-04
0.001825 T17-1319 3.759346e-02 1.776206e-02 3.571627e-03 1.785814e-03 3.488478e-02 1.633470e-02 0.000000e+00 9.900000e+01 2.591679e-02 1.140962e-02 4.401915e-02 5.721911e-03 3.698519e-02 1.392010e-02 3.464260e-03 9.572103e-05 1.521624e-02 4.204403e-04 2.943434e-02 5.422006e-04 4.317386e-02 3.976459e-04 4.805621e-02 4.426141e-04
0.001825 T17-1406 3.777856e-02 1.850484e-02 3.756401e-03 1.878200e-03 2.225285e-02 1.112643e-02 1.524940e-02 7.624698e-03 5.384315e-02 1.378334e-02 4.792004e-02 5.486592e-03 9.442404e-02 1.464704e-02 7.056251e-03 1.299810e-04 2.889769e-02 5.323151e-04 4.977445e-02 4.584397e-04 7.053061e-02 6.496109e-04 7.790182e-02 7.175022e-04
0.001825 T17-1364 0.000000e+00 9.900000e+01 1.282623e-02 6.413116e-03 1.716009e-02 8.580045e-03 4.304034e-02 1.506144e-02 2.491537e-02 1.132012e-02 4.902364e-02 6.037434e-03 5.855743e-02 1.555429e-02 6.836067e-03 1.259250e-04 2.745303e-02 5.057035e-04 4.307519e-02 3.967371e-04 5.771379e-02 5.315637e-04 5.757662e-02 5.303002e-04
0.001825 T17-1257 0.000000e+00 9.900000e+01 3.206604e-02 1.603302e-02 3.632387e-02 1.816194e-02 3.471809e-02 1.620536e-02 2.160591e-02 1.080296e-02 3.577559e-02 5.721938e-03 6.659295e-02 1.433905e-02 6.955070e-03 1.281171e-04 2.374021e-02 4.373109e-04 2.995803e-02 5.518474e-04 4.187209e-02 3.856562e-04 4.654183e-02 4.286661e-04
0.001825 T17-1321 1.569621e-02 7.848104e-03 3.485971e-02 1.742986e-02 1.016947e-02 5.084735e-03 0.000000e+00 9.900000e+01 5.041530e-02 1.154593e-02 5.546134e-02 5.469279e-03 8.547266e-02 1.450673e-02 3.737995e-03 1.032846e-04 2.147871e-02 3.956524e-04 4.199806e-02 3.868164e-04 6.166235e-02 5.679312e-04 7.258044e-02 6.684905e-04
0.001825 T17-1343 2.169936e-02 1.084968e-02 2.568954e-02 1.284477e-02 1.618421e-02 8.092103e-03 3.048257e-02 1.506801e-02 4.351600e-02 1.395543e-02 9.629039e-02 5.630768e-03 1.237734e-01 1.396854e-02 6.703475e-03 1.234826e-04 3.649207e-02 3.361044e-04 7.344299e-02 6.764349e-04 1.079133e-01 9.939184e-04 1.236197e-01 1.138580e-03
0.001825 T17-1162 2.727223e-02 1.363612e-02 5.079882e-03 2.539941e-03 0.000000e+00 9.900000e+01 1.776219e-02 8.881093e-03 2.468417e-02 1.057587e-02 4.812487e-02 5.818973e-03 6.943721e-02 1.407412e-02 4.295285e-03 7.912206e-05 2.332149e-02 4.295977e-04 4.470533e-02 4.117513e-04 6.519952e-02 6.005097e-04 7.365273e-02 6.783667e-04
0.001825 T17-1163 5.641586e-02 1.741555e-02 8.357371e-02 2.190689e-02 1.317477e-01 1.613413e-02 1.282825e-01 1.575994e-02 2.321082e-01 1.333027e-02 3.123590e-01 8.810043e-03 4.018569e-01 1.610154e-02 4.925253e-02 4.536325e-04 1.751138e-01 1.612857e-03 2.716760e-01 2.502228e-03 3.451570e-01 3.179014e-03 3.459494e-01 3.186312e-03
0.001825 T17-1253 0.000000e+00 9.900000e+01 5.772819e-03 2.886409e-03 4.705659e-02 1.834724e-02 5.564207e-03 2.782103e-03 5.051290e-02 1.107994e-02 9.624659e-02 5.885984e-03 1.494344e-01 1.360499e-02 8.245456e-03 1.518869e-04 4.558007e-02 4.198079e-04 8.574025e-02 7.896969e-04 1.280752e-01 1.179616e-03 1.451906e-01 1.337255e-03
0.001825 T17-1273 1.119935e-02 5.599673e-03 4.763290e-02 2.117821e-02 4.510795e-02 1.585623e-02 7.158505e-02 1.577872e-02 9.173022e-02 1.163766e-02 1.286915e-01 5.754668e-03 1.908055e-01 1.696923e-02 1.803849e-02 1.661407e-04 6.662985e-02 6.136836e-04 1.134983e-01 1.045358e-03 1.519998e-01 1.399970e-03 1.587385e-01 1.462036e-03
0.001825 T17-1283 3.689122e-02 1.725903e-02 1.008241e-02 5.041203e-03 1.493131e-02 7.465656e-03 2.836917e-02 1.418459e-02 4.806992e-02 1.194643e-02 6.280173e-02 5.497531e-03 7.606533e-02 1.573376e-02 1.185046e-02 1.091468e-04 3.782349e-02 3.483672e-04 5.618773e-02 5.175081e-04 7.741887e-02 7.130542e-04 7.868845e-02 7.247474e-04
0.001825 T17-1230 4.878341e-02 1.851711e-02 4.782894e-02 1.973753e-02 3.427505e-02 1.609708e-02 3.171553e-02 1.413691e-02 7.560130e-02 1.417068e-02 1.251153e-01 5.443205e-03 1.641497e-01 1.467544e-02 2.031276e-02 1.870874e-04 6.957130e-02 6.407753e-04 1.088782e-01 1.002805e-03 1.483491e-01 1.366346e-03 1.519844e-01 1.399828e-03
0.001825 T17-1313 1.239447e-02 6.197233e-03 2.238531e-02 1.119265e-02 5.497710e-02 1.548964e-02 8.970499e-02 1.571550e-02 1.294135e-01 1.147839e-02 2.960246e-01 6.652030e-03 4.934405e-01 1.381682e-02 2.087689e-02 1.922833e-04 1.306653e-01 1.203472e-03 2.514837e-01 2.316251e-03 4.055185e-01 3.734963e-03 4.521300e-01 4.164272e-03
0.001825 T17-1287 3.788308e-02 1.715041e-02 4.622126e-02 1.830631e-02 1.023646e-01 1.657459e-02 1.352178e-01 1.421944e-02 2.488720e-01 1.286192e-02 4.424919e-01 8.215283e-03 6.967489e-01 1.872677e-02 3.288028e-02 3.028386e-04 2.056567e-01 1.894168e-03 3.574408e-01 3.292152e-03 6.201885e-01 5.712147e-03 6.601775e-01 6.080459e-03
0.001825 T17-1496 2.958207e-02 1.479104e-02 2.058308e-02 1.029154e-02 2.684447e-02 1.342224e-02 2.378158e-02 1.189079e-02 6.078084e-02 1.337680e-02 9.508562e-02 4.794551e-03 1.393836e-01 1.353915e-02 1.419753e-02 1.307641e-04 5.303757e-02 4.884941e-04 8.645876e-02 7.963146e-04 1.202906e-01 1.107917e-03 1.280662e-01 1.179533e-03
0.001825 T17-1551 1.283504e-02 6.417522e-03 2.595973e-02 1.297987e-02 2.748028e-02 1.374014e-02 3.981056e-02 1.632268e-02 6.759495e-02 1.198346e-02 1.097298e-01 5.769501e-03 1.508690e-01 1.462867e-02 1.097865e-02 1.011171e-04 4.850076e-02 4.467085e-04 8.766077e-02 8.073855e-04 1.221100e-01 1.124674e-03 1.313070e-01 1.209382e-03
0.001825 T17-1553 1.046594e-02 5.232972e-03 1.839198e-02 9.195989e-03 1.210895e-02 6.054476e-03 1.656940e-02 8.284698e-03 6.956275e-03 3.478137e-03 2.215531e-02 5.555239e-03 5.934850e-02 1.523765e-02 4.925120e-03 9.072406e-05 1.533368e-02 4.236853e-04 2.201573e-02 4.055448e-04 2.822915e-02 2.600001e-04 2.898989e-02 5.340136e-04
0.001825 T17-1693 4.055259e-02 1.704530e-02 5.333403e-02 1.841855e-02 2.605997e-02 1.302998e-02 4.949444e-02 1.408696e-02 3.975300e-02 1.235359e-02 7.398480e-02 5.533646e-03 9.724676e-02 1.355271e-02 1.265725e-02 1.165776e-04 3.802237e-02 3.501989e-04 5.722649e-02 5.270755e-04 7.548460e-02 6.952388e-04 7.972537e-02 7.342978e-04
0.001825 T17-1686 2.953354e-02 1.476677e-02 1.112740e-02 5.563701e-03 2.890510e-02 1.445255e-02 2.961076e-02 1.473863e-02 2.480967e-02 1.192782e-02 7.728300e-02 6.179325e-03 1.288663e-01 1.627632e-02 5.576875e-03 1.027298e-04 3.467999e-02 3.194145e-04 6.570907e-02 6.052029e-04 9.769653e-02 8.998183e-04 1.152425e-01 1.061423e-03
0.001825 T17-1719 6.625069e-02 1.685646e-02 7.822807e-02 1.840104e-02 1.171314e-01 1.886240e-02 1.117081e-01 1.461512e-02 2.005337e-01 1.095532e-02 3.524284e-01 7.456262e-03 4.745070e-01 1.580885e-02 4.075071e-02 3.753279e-04 1.689978e-01 1.556527e-03 2.947715e-01 2.714946e-03 4.147399e-01 3.819896e-03 4.222140e-01 3.888735e-03
0.001825 T17-1737 2.141125e-02 1.070563e-02 5.098637e-02 1.819620e-02 2.636826e-02 1.318413e-02 4.455004e-03 2.227502e-03 3.190957e-02 1.139410e-02 2.301533e-02 6.208454e-03 5.046795e-02 1.542629e-02 3.613604e-03 9.984756e-05 1.418177e-02 3.918568e-04 2.406462e-02 4.432867e-04 3.355036e-02 3.090102e-04 3.710836e-02 3.417806e-04
0.001825 T17-1783 6.835459e-03 3.417729e-03 0.000000e+00 9.900000e+01 1.915560e-02 9.577798e-03 7.065150e-03 3.532575e-03 3.465912e-02 1.119106e-02 5.109219e-02 5.654091e-03 9.042739e-02 1.421856e-02 4.302197e-03 1.188741e-04 2.440826e-02 4.496168e-04 4.626389e-02 4.261062e-04 6.943781e-02 6.395459e-04 8.042543e-02 7.407456e-04
0.001825 T17-1754 2.147272e-02 1.073636e-02 1.033794e-02 5.168970e-03 4.385948e-02 1.542032e-02 1.547941e-02 7.739705e-03 5.131319e-02 1.205931e-02 6.853317e-02 5.665748e-03 7.427829e-02 1.477742e-02 7.209041e-03 1.327954e-04 3.159961e-02 2.910432e-04 5.719322e-02 5.267690e-04 7.828376e-02 7.210201e-04 8.579302e-02 7.901830e-04
0.001825 T17-1613 1.307865e-02 6.539325e-03 1.249096e-02 6.245481e-03 1.899323e-02 9.496617e-03 2.749199e-02 1.374599e-02 5.265895e-02 1.171516e-02 4.721061e-02 5.364961e-03 7.476887e-02 1.398023e-02 8.612394e-03 7.932308e-05 2.733041e-02 5.034447e-04 4.385570e-02 4.039260e-04 5.730273e-02 5.277777e-04 6.107198e-02 5.624937e-04
0.001825 T17-1616 3.426223e-02 1.706330e-02 2.199713e-02 1.099856e-02 7.930699e-02 1.641598e-02 5.766685e-02 1.698762e-02 1.163485e-01 1.145037e-02 1.940821e-01 5.984094e-03 2.802337e-01 1.393520e-02 2.009392e-02 1.850718e-04 9.475459e-02 8.727220e-04 1.682650e-01 1.549778e-03 2.433052e-01 2.240924e-03 2.641335e-01 2.432759e-03
0.001825 T17-1598 3.441068e-02 1.720534e-02 3.165963e-02 1.582982e-02 0.000000e+00 9.900000e+01 8.625860e-03 4.312930e-03 1.080016e-03 5.400082e-04 3.751462e-02 5.639532e-03 3.085037e-02 1.431113e-02 1.783203e-03 1.149673e-04 1.010894e-02 3.724270e-04 1.950150e-02 5.388465e-04 2.717730e-02 2.503122e-04 2.896450e-02 5.335458e-04
0.001825 T17-1648 5.222559e-02 1.862336e-02 1.137420e-01 2.231341e-02 1.342988e-01 1.929245e-02 1.650605e-01 1.912056e-02 1.594109e-01 1.571336e-02 2.827270e-01 1.526034e-02 3.782388e-01 1.997694e-02 2.823208e-02 2.600271e-04 1.214371e-01 1.118477e-03 1.949027e-01 1.795120e-03 2.767078e-01 2.548573e-03 2.976616e-01 2.741565e-03
0.001825 T17-1714 2.770134e-02 1.385067e-02 0.000000e+00 9.900000e+01 0.000000e+00 9.900000e+01 0.000000e+00 9.900000e+01 1.831587e-02 9.157937e-03 3.386114e-02 5.782537e-03 5.778606e-02 1.356712e-02 2.692534e-03 9.919662e-05 5.806323e-03 4.278257e-04 2.215642e-02 1.632546e-03 3.234345e-02 2.978942e-04 3.447790e-02 6.351063e-04
0.001825 T17-1746 7.892787e-03 3.946394e-03 0.000000e+00 9.900000e+01 0.000000e+00 9.900000e+01 5.664868e-03 2.832434e-03 1.896951e-02 9.484754e-03 4.796613e-02 5.757055e-03 5.462748e-02 1.545547e-02 3.033610e-03 1.117623e-04 1.975811e-02 3.639578e-04 4.068080e-02 3.746840e-04 6.276318e-02 5.780702e-04 7.541847e-02 6.946298e-04
0.001825 T17-1720 1.446105e-02 7.230523e-03 5.164567e-02 2.087795e-02 5.870594e-02 1.616810e-02 4.175636e-02 1.548884e-02 1.129317e-01 1.152559e-02 2.075673e-01 6.449374e-03 2.929482e-01 1.599661e-02 1.479648e-02 1.362806e-04 8.869497e-02 8.169109e-04 1.680731e-01 1.548010e-03 2.545571e-01 2.344557e-03 2.815398e-01 2.593078e-03
0.001825 T17-1743 7.937007e-05 3.968504e-05 8.478968e-03 4.239484e-03 1.790463e-02 8.952316e-03 2.247513e-02 1.123757e-02 1.083539e-02 5.417695e-03 3.034866e-02 5.189862e-03 3.463725e-02 1.501567e-02 2.716366e-03 1.000746e-04 1.555133e-02 4.296990e-04 3.001961e-02 5.529817e-04 4.463920e-02 4.111423e-04 5.314797e-02 4.895108e-04
0.001825 T17-1742 0.000000e+00 9.900000e+01 6.645133e-03 3.322566e-03 1.308583e-02 6.542914e-03 2.203262e-02 1.101631e-02 5.579830e-03 2.789915e-03 3.549834e-02 5.746758e-03 9.216649e-02 1.441414e-02 3.118941e-03 1.149060e-04 2.050133e-02 3.776485e-04 4.105967e-02 3.781735e-04 6.276595e-02 5.780957e-04 7.682323e-02 7.075681e-04
0.001825 T17-1477 2.063840e-02 1.031920e-02 5.482091e-03 2.741045e-03 1.099022e-02 5.495108e-03 1.317936e-02 6.589680e-03 8.710242e-03 4.355121e-03 4.007039e-02 5.567843e-03 5.334561e-02 1.318582e-02 2.939276e-03 1.082869e-04 1.474365e-02 4.073821e-04 2.734161e-02 5.036510e-04 4.171025e-02 3.841656e-04 4.736343e-02 4.362333e-04
0.001825 T17-1499 3.054814e-02 1.527407e-02 8.441064e-04 4.220532e-04 6.096705e-03 3.048353e-03 1.808861e-02 9.044305e-03 2.470427e-02 1.235214e-02 8.477791e-02 5.151468e-03 1.122307e-01 1.511728e-02 1.167398e-02 1.075214e-04 4.205472e-02 3.873383e-04 6.859075e-02 6.317441e-04 9.458671e-02 8.711758e-04 1.025944e-01 9.449291e-04
0.001825 T17-1455 2.844187e-02 1.422093e-02 5.973915e-02 1.918721e-02 7.893904e-02 1.612185e-02 1.101136e-01 1.465232e-02 1.969584e-01 1.286313e-02 3.426473e-01 7.184192e-03 4.985166e-01 1.570654e-02 3.137834e-02 2.890052e-04 1.588204e-01 1.462790e-03 2.944673e-01 2.712144e-03 4.289436e-01 3.950717e-03 4.694238e-01 4.323553e-03
0.001825 T17-1470 4.924267e-02 1.795864e-02 4.544829e-03 2.272414e-03 2.918866e-02 1.459433e-02 4.339956e-03 2.169978e-03 4.192414e-02 1.300753e-02 9.577018e-02 5.416637e-03 1.285524e-01 1.529890e-02 6.716790e-03 1.237278e-04 4.166490e-02 3.837479e-04 8.476844e-02 7.807462e-04 1.305590e-01 1.202493e-03 1.552765e-01 1.430149e-03
0.001825 T17-1529 2.574735e-02 1.287367e-02 9.538499e-03 4.769250e-03 0.000000e+00 9.900000e+01 0.000000e+00 9.900000e+01 2.892655e-02 1.120192e-02 3.714348e-02 5.631381e-03 5.961921e-02 1.344278e-02 4.580243e-03 1.265568e-04 1.845064e-02 3.398734e-04 3.935420e-02 3.624656e-04 5.532079e-02 5.095233e-04 6.171550e-02 5.684207e-04
0.001825 T17-1558 3.475180e-02 1.637334e-02 0.000000e+00 9.900000e+01 2.399232e-02 1.199616e-02 3.677681e-02 1.364560e-02 5.876051e-02 1.275669e-02 8.211338e-02 6.288989e-03 7.435136e-02 1.376028e-02 1.008292e-02 9.286711e-05 3.507550e-02 3.230573e-04 5.679092e-02 5.230637e-04 7.840832e-02 7.221673e-04 8.433089e-02 7.767162e-04
0.001825 T17-1488 8.230562e-03 4.115281e-03 1.038293e-02 5.191463e-03 9.958213e-04 4.979107e-04 1.899769e-02 9.498845e-03 1.847743e-02 9.238713e-03 4.462301e-02 5.500426e-03 5.748852e-02 1.470676e-02 2.714792e-03 1.000166e-04 1.594658e-02 4.406203e-04 3.276837e-02 6.036156e-04 4.957138e-02 4.565693e-04 5.789747e-02 5.332554e-04
0.001825 T17-1480 3.083773e-04 1.541886e-04 1.210077e-02 6.050383e-03 6.948607e-03 3.474303e-03 2.751623e-02 1.375811e-02 1.533307e-02 7.666535e-03 3.489639e-02 5.618423e-03 3.745179e-02 1.403442e-02 4.423975e-03 1.222389e-04 2.045156e-02 3.767317e-04 3.797488e-02 6.995232e-04 5.239162e-02 4.825446e-04 5.736981e-02 5.283955e-04
0.001825 T17-1471 8.827777e-03 4.413889e-03 0.000000e+00 9.900000e+01 2.866522e-02 1.433261e-02 8.137226e-03 4.068613e-03 2.190724e-02 1.095339e-02 3.693387e-02 6.697652e-03 6.267089e-02 1.390495e-02 3.452274e-03 1.271865e-04 1.655590e-02 4.574566e-04 2.962487e-02 8.185654e-04 4.162747e-02 3.834032e-04 4.433789e-02 4.083671e-04
0.001825 T17-1481 1.816190e-02 9.080948e-03 2.152444e-02 1.076222e-02 3.908686e-02 1.610482e-02 2.198784e-02 1.099392e-02 6.721519e-02 1.066079e-02 8.868110e-02 5.529917e-03 1.179816e-01 1.517448e-02 1.119561e-02 1.031154e-04 4.427258e-02 4.077655e-04 7.569693e-02 6.971945e-04 1.064027e-01 9.800054e-04 1.154633e-01 1.063457e-03
0.001825 T17-1526 0.000000e+00 9.900000e+01 3.035278e-02 1.517639e-02 2.160868e-02 1.080434e-02 6.145015e-03 3.072507e-03 9.957617e-03 4.978808e-03 4.781959e-02 5.904861e-03 6.475630e-02 1.406550e-02 3.167443e-03 1.166929e-04 1.931401e-02 3.557772e-04 3.722998e-02 6.858016e-04 5.531154e-02 5.094381e-04 6.581699e-02 6.061969e-04
0.001825 T17-1547 2.037901e-02 1.018951e-02 1.083299e-03 5.416494e-04 1.922632e-02 9.613159e-03 2.772955e-02 1.386478e-02 1.434574e-02 7.172872e-03 3.946048e-02 6.333251e-03 5.003114e-02 1.605427e-02 5.912401e-03 1.089105e-04 2.114177e-02 3.894457e-04 3.518650e-02 6.481593e-04 4.725350e-02 4.352208e-04 5.082089e-02 4.680777e-04
0.001825 T17-1559 3.373798e-02 1.588867e-02 1.206157e-03 6.030786e-04 0.000000e+00 9.900000e+01 0.000000e+00 9.900000e+01 2.563586e-02 1.191188e-02 3.493319e-02 5.750681e-03 4.279123e-02 1.545264e-02 4.164427e-03 1.150674e-04 1.663335e-02 4.595966e-04 2.693159e-02 4.960982e-04 3.752750e-02 3.456410e-04 4.149321e-02 3.821666e-04
0.001825 T17-1595 9.944547e-03 4.972273e-03 9.618475e-03 4.809238e-03 3.827285e-02 1.782720e-02 3.645454e-02 1.615309e-02 2.935072e-02 1.288277e-02 7.653597e-02 7.504506e-03 6.881059e-02 1.577766e-02 5.142607e-03 9.473032e-05 1.693137e-02 4.678310e-04 2.897735e-02 5.337825e-04 4.151446e-02 3.823623e-04 4.675851e-02 4.306618e-04
0.001825 T17-1805 9.565748e-02 1.732126e-02 8.734349e-02 1.897078e-02 1.366986e-01 1.677717e-02 1.540887e-01 1.506520e-02 2.881738e-01 1.239847e-02 4.468619e-01 7.528464e-03 5.868816e-01 1.501315e-02 4.803497e-02 4.424184e-04 2.145034e-01 1.975649e-03 3.708255e-01 3.415429e-03 5.464399e-01 5.032897e-03 5.563548e-01 5.124217e-03
0.001825 T17-1784 6.128761e-03 3.064381e-03 3.339926e-02 1.669963e-02 1.039891e-02 5.199457e-03 3.949833e-02 1.509660e-02 6.820236e-02 1.313765e-02 6.127044e-02 5.719157e-03 1.196027e-01 1.418301e-02 6.512856e-03 1.199712e-04 3.017169e-02 5.557831e-04 5.411112e-02 4.983818e-04 7.614280e-02 7.013011e-04 8.422069e-02 7.757012e-04
0.001825 T17-1813 9.644936e-03 4.822468e-03 3.305434e-03 1.652717e-03 3.365030e-02 1.561970e-02 5.689639e-02 1.661091e-02 5.162263e-02 1.179838e-02 1.160672e-01 5.741469e-03 1.579482e-01 1.464088e-02 8.822330e-03 8.125667e-05 4.650012e-02 4.282819e-04 8.653338e-02 7.970018e-04 1.298831e-01 1.196268e-03 1.463389e-01 1.347831e-03
0.001825 T17-1946 5.131468e-02 2.014885e-02 7.407396e-02 1.880715e-02 8.365948e-02 1.584934e-02 7.605961e-02 1.666887e-02 1.321652e-01 1.247141e-02 1.567547e-01 5.673657e-03 2.228079e-01 1.555827e-02 2.309843e-02 2.127444e-04 7.832601e-02 7.214092e-04 1.236202e-01 1.138584e-03 1.677816e-01 1.545326e-03 1.756846e-01 1.618115e-03
0.001825 T17-1956 1.689194e-02 8.445971e-03 0.000000e+00 9.900000e+01 4.012730e-02 1.527544e-02 1.606966e-02 8.034830e-03 5.785160e-02 1.127555e-02 4.940951e-02 5.651961e-03 9.808940e-02 1.524685e-02 3.591370e-03 1.323110e-04 2.320901e-02 4.275257e-04 4.245347e-02 3.910109e-04 6.495522e-02 5.982597e-04 7.527190e-02 6.932799e-04
0.001825 T17-1818 0.000000e+00 9.900000e+01 0.000000e+00 9.900000e+01 3.807359e-03 1.903679e-03 3.767988e-02 1.321629e-02 0.000000e+00 9.900000e+01 2.725000e-02 5.759919e-03 6.291183e-02 1.481239e-02 2.216399e-03 1.224827e-04 1.497973e-02 6.898422e-04 2.892138e-02 1.331879e-03 4.545471e-02 4.186534e-04 5.512900e-02 5.077569e-04
0.001825 T17-1890 4.180116e-04 2.090058e-04 1.925151e-02 9.625753e-03 2.240185e-02 1.120092e-02 1.848672e-02 9.243360e-03 2.494722e-02 1.247361e-02 4.417952e-02 5.751146e-03 6.700852e-02 1.556461e-02 4.025451e-03 1.483031e-04 2.162018e-02 5.973876e-04 4.332746e-02 1.197182e-03 5.562143e-02 5.122923e-04 6.384389e-02 5.880240e-04
0.001825 T17-1732 2.134803e-02 1.067401e-02 4.709229e-02 2.009190e-02 4.435791e-02 1.525999e-02 5.748007e-02 1.620500e-02 9.734396e-02 1.198487e-02 1.596795e-01 6.997709e-03 2.065055e-01 1.410530e-02 1.987129e-02 1.830214e-04 8.015885e-02 7.382903e-04 1.335166e-01 1.229733e-03 1.913430e-01 1.762334e-03 1.930017e-01 1.777611e-03
0.001825 T17-1831 6.478520e-02 1.702464e-02 3.654772e-02 1.787488e-02 6.059590e-02 1.594586e-02 6.742358e-02 1.457090e-02 1.087371e-01 1.465872e-02 1.881558e-01 6.539714e-03 2.575480e-01 1.418122e-02 2.175465e-02 2.003677e-04 9.625646e-02 8.865548e-04 1.633678e-01 1.504673e-03 2.452111e-01 2.258478e-03 2.814169e-01 2.591945e-03
0.001825 T17-1794 3.292197e-02 1.646099e-02 2.687606e-02 1.343803e-02 1.623933e-02 8.119663e-03 1.176759e-02 5.883796e-03 5.626208e-02 1.306173e-02 6.214752e-02 6.211775e-03 1.008772e-01 1.580531e-02 7.831896e-03 1.442688e-04 3.189139e-02 2.937306e-04 5.411762e-02 4.984417e-04 7.685416e-02 7.078530e-04 8.500582e-02 7.829325e-04
0.001825 T17-1814 7.895576e-02 1.690852e-02 7.682451e-02 1.752442e-02 1.137752e-01 1.736644e-02 1.377624e-01 1.717618e-02 2.294662e-01 1.121387e-02 3.600801e-01 6.654386e-03 5.063411e-01 1.773258e-02 3.887508e-02 3.580527e-04 1.688582e-01 1.555242e-03 2.945993e-01 2.713360e-03 4.145609e-01 3.818247e-03 4.338978e-01 3.996346e-03
0.001825 T17-1806 3.535672e-02 1.605957e-02 1.376183e-02 6.880913e-03 2.001266e-02 1.000633e-02 1.304727e-02 6.523633e-03 2.788835e-02 1.078286e-02 8.387883e-02 5.515336e-03 1.185943e-01 1.421147e-02 6.105145e-03 1.124609e-04 3.072849e-02 5.660398e-04 5.770923e-02 5.315216e-04 8.348306e-02 7.689074e-04 9.580654e-02 8.824109e-04
0.001825 T17-1801 2.094125e-02 1.047062e-02 4.962072e-02 1.857216e-02 3.731545e-02 1.622893e-02 1.774609e-02 8.873047e-03 7.811321e-02 1.269483e-02 8.984559e-02 5.771229e-03 1.295193e-01 1.612177e-02 1.185024e-02 1.091447e-04 4.482965e-02 4.128963e-04 7.265446e-02 6.691723e-04 9.853963e-02 9.075835e-04 1.040890e-01 9.586953e-04
0.001825 T17-1840 2.090898e-02 1.045449e-02 2.647692e-02 1.323846e-02 1.955587e-03 9.777937e-04 2.259251e-02 1.129625e-02 6.155805e-03 3.077902e-03 2.901934e-02 5.574136e-03 6.935962e-02 1.357264e-02 3.321805e-03 9.178485e-05 1.233935e-02 3.409488e-04 2.518078e-02 6.957707e-04 3.814769e-02 3.513532e-04 4.669759e-02 4.301007e-04
0.001825 T17-1944 9.626638e-03 4.813319e-03 0.000000e+00 9.900000e+01 3.581158e-02 1.634903e-02 1.484956e-02 7.424781e-03 3.953312e-02 1.140427e-02 5.243741e-02 5.410564e-03 9.371455e-02 1.469921e-02 6.701223e-03 1.234411e-04 2.784843e-02 5.129870e-04 4.734873e-02 4.360980e-04 6.488841e-02 5.976443e-04 7.051585e-02 6.494750e-04
0.001825 T17-1891 2.615874e-03 1.307937e-03 0.000000e+00 9.900000e+01 1.935905e-02 9.679525e-03 1.519001e-02 7.595003e-03 3.084337e-02 1.108618e-02 6.555215e-02 5.696511e-03 9.714861e-02 1.496881e-02 6.478796e-03 1.193438e-04 3.294866e-02 3.034683e-04 5.970920e-02 5.499421e-04 8.331221e-02 7.673339e-04 9.304781e-02 8.570020e-04
0.001825 T17-1933 0.000000e+00 9.900000e+01 3.216970e-03 1.608485e-03 6.211733e-02 1.488282e-02 3.423812e-02 1.529045e-02 6.356981e-02 1.190806e-02 1.352484e-01 5.511189e-03 1.826295e-01 1.318039e-02 9.922350e-03 9.138822e-05 5.802425e-02 5.344231e-04 1.112927e-01 1.025043e-03 1.688671e-01 1.555323e-03 1.976082e-01 1.820039e-03
0.001825 T17-1893 2.692515e-03 1.346257e-03 4.256531e-02 1.951353e-02 2.034821e-02 1.017410e-02 2.753739e-02 1.376869e-02 2.554506e-02 1.176842e-02 3.742976e-02 6.186190e-03 4.601094e-02 1.541230e-02 6.056431e-03 1.115636e-04 1.773574e-02 3.267044e-04 2.775509e-02 5.112677e-04 3.566091e-02 3.284492e-04 3.804577e-02 3.504145e-04
0.001825 T17-1509 2.156643e-02 1.078322e-02 8.459033e-04 4.229516e-04 3.091026e-02 1.545513e-02 1.442234e-02 7.211168e-03 1.641056e-02 8.205282e-03 6.611179e-02 6.066190e-03 6.475644e-02 1.477348e-02 7.730993e-03 1.424102e-04 3.002659e-02 5.531103e-04 4.950327e-02 4.559420e-04 6.896431e-02 6.351848e-04 7.554223e-02 6.957697e-04
0.001825 T17-1528 1.998105e-02 9.990524e-03 0.000000e+00 9.900000e+01 1.211634e-02 6.058170e-03 3.222214e-02 1.611107e-02 4.604910e-02 1.474380e-02 7.913548e-02 5.678059e-03 9.725388e-02 1.615486e-02 6.791881e-03 1.251111e-04 3.813435e-02 3.512303e-04 6.706559e-02 6.176969e-04 9.173294e-02 8.448916e-04 9.080569e-02 8.363513e-04
0.001825 T17-1417 0.000000e+00 9.900000e+01 8.519689e-03 4.259844e-03 2.965456e-02 1.482728e-02 4.617660e-02 1.457264e-02 4.215117e-02 1.258880e-02 1.389705e-01 5.763611e-03 2.171903e-01 1.540981e-02 1.023929e-02 9.430739e-05 5.637420e-02 5.192256e-04 1.065974e-01 9.817982e-04 1.627221e-01 1.498726e-03 1.917903e-01 1.766454e-03
0.001825 T17-1433 2.490947e-02 1.245474e-02 2.332540e-02 1.166270e-02 3.041771e-02 1.520886e-02 1.401453e-02 7.007267e-03 0.000000e+00 9.900000e+01 3.872610e-02 5.823581e-03 3.898734e-02 1.418951e-02 3.640707e-03 1.341286e-04 1.968981e-02 3.626996e-04 3.865037e-02 7.119661e-04 5.584811e-02 5.143801e-04 6.116279e-02 5.633301e-04
0.001825 T17-1441 8.215019e-03 4.107510e-03 9.882811e-03 4.941405e-03 1.945430e-02 9.727150e-03 4.340984e-02 1.436882e-02 5.561224e-02 1.255280e-02 8.996633e-02 5.544372e-03 1.137290e-01 1.514073e-02 1.358606e-02 1.251323e-04 4.899708e-02 4.512798e-04 8.074270e-02 7.436677e-04 1.093884e-01 1.007504e-03 1.154671e-01 1.063492e-03
0.001825 T17-1398 1.426500e-02 7.132501e-03 1.500129e-02 7.500645e-03 9.687249e-03 4.843625e-03 1.333921e-02 6.669603e-03 1.019729e-02 5.098646e-03 2.930385e-02 6.372999e-03 4.069593e-02 1.587212e-02 2.622034e-03 1.207491e-04 1.597222e-02 4.413289e-04 2.558279e-02 7.068787e-04 3.561193e-02 3.279980e-04 4.045217e-02 3.725783e-04
0.001825 T17-1416 0.000000e+00 9.900000e+01 2.150512e-02 1.075256e-02 3.762504e-02 1.622492e-02 5.928764e-02 1.738043e-02 9.020643e-02 1.278726e-02 1.657947e-01 5.818264e-03 3.085578e-01 1.422622e-02 1.251451e-02 1.152629e-04 7.841838e-02 7.222600e-04 1.456392e-01 1.341387e-03 2.286128e-01 2.105602e-03 2.621553e-01 2.414539e-03
0.001825 T17-1672 3.085840e-02 1.542920e-02 2.759102e-02 1.379551e-02 3.662742e-02 1.831371e-02 5.306708e-02 1.602143e-02 9.190631e-02 1.262536e-02 1.788789e-01 6.003709e-03 2.189722e-01 1.478371e-02 1.781573e-02 1.640890e-04 8.480049e-02 7.810414e-04 1.577070e-01 1.452535e-03 2.388064e-01 2.199488e-03 2.592638e-01 2.387908e-03
0.001825 T17-1628 3.050613e-02 1.525306e-02 2.507925e-02 1.253962e-02 5.338841e-02 1.559786e-02 7.029906e-02 1.618608e-02 6.834435e-02 1.457171e-02 1.545994e-01 6.178663e-03 2.098769e-01 1.470604e-02 1.167193e-02 1.075024e-04 7.322520e-02 6.744290e-04 1.399704e-01 1.289175e-03 2.178627e-01 2.006590e-03 2.386975e-01 2.198485e-03
0.001825 T17-1614 1.116483e-02 5.582414e-03 1.173506e-03 5.867532e-04 2.336825e-02 1.168412e-02 5.116239e-02 1.672795e-02 1.227827e-01 1.294641e-02 1.829547e-01 6.645652e-03 2.945661e-01 1.397238e-02 1.469858e-02 1.353789e-04 8.565708e-02 7.889309e-04 1.667665e-01 1.535977e-03 2.571796e-01 2.368712e-03 2.977758e-01 2.742617e-03
0.001825 T17-1602 1.574918e-02 7.874591e-03 0.000000e+00 9.900000e+01 8.856067e-03 4.428034e-03 5.193847e-02 1.492146e-02 5.398169e-02 1.171888e-02 9.301586e-02 6.705386e-03 1.526874e-01 1.561670e-02 8.382969e-03 1.544200e-04 4.455106e-02 4.103305e-04 8.514829e-02 7.842447e-04 1.231079e-01 1.133866e-03 1.465304e-01 1.349595e-03
0.001825 T17-1370 2.611492e-02 1.305746e-02 3.234706e-02 1.617353e-02 4.598204e-02 1.795222e-02 6.472678e-02 1.461502e-02 1.321607e-01 1.336463e-02 2.239368e-01 5.845105e-03 3.424375e-01 1.335502e-02 1.782047e-02 1.641326e-04 9.898802e-02 9.117134e-04 1.905906e-01 1.755404e-03 2.882099e-01 2.654511e-03 3.243618e-01 2.987483e-03
0.001825 T17-1412 3.438603e-02 1.719302e-02 4.897458e-02 1.852792e-02 1.032231e-01 1.917330e-02 9.662015e-02 1.794533e-02 2.030315e-01 1.195231e-02 3.922571e-01 7.301636e-03 5.921354e-01 1.792028e-02 2.521163e-02 2.322077e-04 1.638939e-01 1.509518e-03 3.128821e-01 2.881750e-03 5.095376e-01 4.693015e-03 5.789182e-01 5.332034e-03
0.001825 T17-1465 2.435423e-02 1.217711e-02 4.272533e-02 1.807770e-02 7.955923e-02 1.712636e-02 4.358834e-02 1.323555e-02 7.586318e-02 1.135275e-02 1.047615e-01 6.461096e-03 1.468344e-01 1.376325e-02 1.573946e-02 1.449658e-04 6.517633e-02 6.002962e-04 1.007040e-01 9.275177e-04 1.315011e-01 1.211170e-03 1.313488e-01 1.209767e-03
0.001825 T17-1525 4.182169e-02 1.646776e-02 3.521585e-02 1.760792e-02 4.442458e-02 1.740893e-02 3.113161e-02 1.556581e-02 1.305483e-01 1.306706e-02 2.643629e-01 9.237846e-03 4.102919e-01 1.780676e-02 3.106289e-02 2.860998e-04 1.665371e-01 1.533864e-03 2.646290e-01 2.437323e-03 4.271959e-01 3.934619e-03 4.594009e-01 4.231239e-03
0.001825 T17-1516 3.487567e-02 1.743784e-02 2.399114e-02 1.199557e-02 6.077265e-02 1.856483e-02 7.104048e-02 1.788328e-02 7.781638e-02 1.383201e-02 1.566126e-01 7.196649e-03 1.698482e-01 1.469564e-02 2.378923e-02 2.191069e-04 1.003733e-01 9.244725e-04 1.495248e-01 1.377174e-03 2.063873e-01 1.900898e-03 1.968952e-01 1.813472e-03
0.001825 T17-1569 1.537111e-02 7.685555e-03 0.000000e+00 9.900000e+01 3.421191e-02 1.581255e-02 3.226267e-02 1.450264e-02 4.143137e-02 1.218642e-02 8.628787e-02 5.921724e-03 1.327196e-01 1.569020e-02 6.190596e-03 1.140350e-04 4.141112e-02 3.814105e-04 7.913323e-02 7.288440e-04 1.186919e-01 1.093193e-03 1.425714e-01 1.313131e-03
0.001825 T17-1580 5.296812e-02 1.807168e-02 6.496786e-02 2.073251e-02 9.554142e-02 1.509811e-02 1.010664e-01 1.482345e-02 1.803179e-01 1.395889e-02 2.130025e-01 6.426740e-03 3.013704e-01 1.662436e-02 3.045581e-02 2.805084e-04 1.183229e-01 1.089794e-03 1.987581e-01 1.830630e-03 2.744076e-01 2.527387e-03 2.844546e-01 2.619924e-03
0.001825 T17-1588 4.491865e-02 1.741747e-02 4.006289e-02 1.866477e-02 6.780446e-02 1.494708e-02 6.460070e-02 1.482988e-02 1.895852e-01 1.144053e-02 3.119616e-01 6.934045e-03 4.267548e-01 1.734560e-02 2.533321e-02 2.333275e-04 1.346122e-01 1.239824e-03 2.548800e-01 2.347532e-03 3.753221e-01 3.456845e-03 4.111679e-01 3.786997e-03
0.001825 T17-1617 5.482497e-02 1.720082e-02 6.162265e-02 1.934491e-02 1.152755e-01 1.726292e-02 8.043065e-02 1.488082e-02 1.541913e-01 1.174261e-02 2.199111e-01 6.627903e-03 2.564273e-01 1.626267e-02 3.186414e-02 2.934796e-04 1.118881e-01 1.030528e-03 1.795245e-01 1.653481e-03 2.433590e-01 2.241419e-03 2.499757e-01 2.302361e-03
0.001825 T17-1550 1.343111e-02 6.715557e-03 2.006242e-02 1.003121e-02 3.252002e-02 1.626001e-02 2.415443e-02 1.207722e-02 6.381432e-02 1.616699e-02 1.031863e-01 7.132941e-03 1.674071e-01 1.515866e-02 7.181189e-03 1.322824e-04 4.847032e-02 4.464282e-04 9.607549e-02 8.848879e-04 1.467603e-01 1.351713e-03 1.730524e-01 1.593872e-03
0.001825 T17-1475 0.000000e+00 9.900000e+01 0.000000e+00 9.900000e+01 2.372052e-02 1.186026e-02 0.000000e+00 9.900000e+01 4.086591e-02 1.206051e-02 5.243271e-02 5.961322e-03 6.948639e-02 1.444314e-02 7.605111e-03 1.400913e-04 2.643500e-02 4.869508e-04 4.009680e-02 3.693052e-04 5.382401e-02 4.957375e-04 5.577790e-02 5.137334e-04
0.001825 T17-1556 1.456536e-02 7.282680e-03 5.017573e-02 1.799331e-02 0.000000e+00 9.900000e+01 3.351606e-02 1.643280e-02 2.458667e-02 1.229333e-02 5.174342e-02 6.081655e-03 7.848392e-02 1.322790e-02 8.795008e-03 8.100501e-05 2.920833e-02 5.380373e-04 4.815422e-02 4.435168e-04 6.586047e-02 6.065973e-04 7.148092e-02 6.583636e-04
0.001825 T17-1573 5.524080e-02 1.712302e-02 9.884125e-02 1.906276e-02 1.339700e-01 1.722405e-02 1.321975e-01 1.534592e-02 2.196783e-01 1.312544e-02 3.324510e-01 7.985440e-03 4.292718e-01 1.801195e-02 4.829274e-02 4.447926e-04 1.758865e-01 1.619975e-03 2.821244e-01 2.598461e-03 3.823681e-01 3.521740e-03 3.855487e-01 3.551035e-03
0.001825 T17-1579 1.277542e-02 6.387709e-03 0.000000e+00 9.900000e+01 3.618536e-02 1.637635e-02 0.000000e+00 9.900000e+01 1.589661e-02 7.948305e-03 3.715002e-02 5.422896e-03 4.454929e-02 1.676874e-02 5.595815e-03 1.030787e-04 1.910813e-02 3.519848e-04 3.329895e-02 6.133893e-04 4.430718e-02 4.080842e-04 5.129481e-02 4.724427e-04
0.001825 T17-1610 2.492640e-02 1.246320e-02 2.392471e-02 1.196235e-02 2.734495e-02 1.367247e-02 1.977111e-02 9.885556e-03 3.031932e-02 1.196816e-02 5.269627e-02 6.316765e-03 7.248171e-02 1.444181e-02 7.788781e-03 1.434747e-04 2.837354e-02 5.226599e-04 4.552135e-02 4.192671e-04 6.057801e-02 5.579441e-04 6.575824e-02 6.056558e-04
0.001825 T17-1584 0.000000e+00 9.900000e+01 1.941153e-02 9.705767e-03 1.962022e-02 9.810111e-03 3.258064e-02 1.615589e-02 7.963807e-02 1.162988e-02 1.370050e-01 5.472488e-03 2.038882e-01 1.379937e-02 9.200463e-03 8.473939e-05 5.561305e-02 5.122151e-04 1.072509e-01 9.878177e-04 1.638523e-01 1.509135e-03 1.932220e-01 1.779641e-03
0.001825 T17-1708 5.979644e-02 1.589962e-02 5.116497e-02 2.170610e-02 8.876327e-02 1.683899e-02 9.304117e-02 1.579918e-02 1.816806e-01 1.291835e-02 2.762580e-01 6.468439e-03 3.702316e-01 1.393937e-02 3.181027e-02 2.929834e-04 1.343431e-01 1.237346e-03 2.386282e-01 2.197847e-03 3.326216e-01 3.063558e-03 3.480710e-01 3.205852e-03
0.001825 T17-1724 3.721755e-02 1.574076e-02 5.096839e-02 1.822807e-02 7.584086e-02 1.672445e-02 8.066324e-02 1.740290e-02 1.489903e-01 1.330712e-02 2.356921e-01 5.598613e-03 3.565711e-01 1.551790e-02 2.324801e-02 2.141221e-04 1.106815e-01 1.019414e-03 1.984369e-01 1.827672e-03 2.896524e-01 2.667797e-03 3.144930e-01 2.896588e-03
0.001825 T17-1711 4.262305e-02 1.656003e-02 5.453838e-02 1.838686e-02 5.247951e-02 1.662446e-02 6.288212e-02 1.601145e-02 1.114858e-01 1.221644e-02 2.014942e-01 6.352684e-03 2.777295e-01 1.492208e-02 1.952260e-02 1.798098e-04 9.040500e-02 8.326608e-04 1.635707e-01 1.506542e-03 2.409564e-01 2.219290e-03 2.592141e-01 2.387450e-03
0.001825 T17-1698 1.832328e-03 9.161642e-04 8.278802e-03 4.139401e-03 2.283429e-02 1.141714e-02 0.000000e+00 9.900000e+01 2.350960e-02 1.175480e-02 2.810492e-02 6.476836e-03 6.184368e-02 1.459563e-02 6.525330e-03 1.202010e-04 2.993937e-02 5.515036e-04 3.578829e-02 6.592447e-04 5.622956e-02 5.178933e-04 6.392619e-02 5.887820e-04
0.001825 T17-1700 2.847272e-02 1.423636e-02 4.055849e-02 1.941527e-02 4.305493e-02 1.751169e-02 6.902591e-02 1.529566e-02 8.790889e-02 1.257679e-02 1.515277e-01 6.045945e-03 2.229380e-01 1.764913e-02 1.278102e-02 1.177175e-04 7.874336e-02 7.252532e-04 1.411629e-01 1.300159e-03 2.259174e-01 2.080776e-03 2.521548e-01 2.322432e-03
0.001825 T17-1718 2.564580e-02 1.282290e-02 5.180798e-03 2.590399e-03 3.851382e-02 1.575597e-02 3.809290e-02 1.420255e-02 6.250748e-02 1.328668e-02 1.182802e-01 6.507677e-03 2.014196e-01 1.522477e-02 7.770183e-03 1.431321e-04 5.059530e-02 4.659999e-04 9.945974e-02 9.160581e-04 1.534248e-01 1.413094e-03 1.760456e-01 1.621440e-03
0.001825 T17-1772 1.521068e-02 7.605342e-03 1.073264e-02 5.366319e-03 9.918564e-03 4.959282e-03 9.067984e-03 4.533992e-03 1.219190e-02 6.095952e-03 3.281789e-02 6.041737e-03 5.838210e-02 1.656743e-02 3.061487e-03 1.127893e-04 1.673879e-02 4.625100e-04 3.114401e-02 5.736939e-04 4.588744e-02 4.226390e-04 5.122349e-02 4.717858e-04
0.001825 T17-1786 4.055828e-02 1.725741e-02 3.135460e-02 1.567730e-02 5.476204e-02 1.606433e-02 6.140379e-02 1.513433e-02 4.920935e-02 1.167751e-02 9.925908e-02 6.274719e-03 1.282228e-01 1.300476e-02 1.576938e-02 1.452414e-04 5.490767e-02 5.057184e-04 8.735950e-02 8.046107e-04 1.152514e-01 1.061505e-03 1.184220e-01 1.090707e-03
0.001825 T17-1820 0.000000e+00 9.900000e+01 1.660079e-02 8.300393e-03 2.004785e-03 1.002393e-03 3.741392e-02 1.469316e-02 8.059615e-02 1.104658e-02 8.503989e-02 6.155867e-03 1.594365e-01 1.371682e-02 6.868509e-03 1.265226e-04 4.274608e-02 3.937060e-04 8.256376e-02 7.604403e-04 1.228179e-01 1.131194e-03 1.409725e-01 1.298404e-03
0.001825 T17-1764 8.138619e-03 4.069309e-03 3.918367e-02 1.796666e-02 4.794824e-02 1.678482e-02 7.940155e-02 1.707425e-02 1.304821e-01 1.140504e-02 1.922867e-01 5.464543e-03 2.621058e-01 1.417981e-02 1.399326e-02 1.288827e-04 7.865272e-02 7.244183e-04 1.504413e-01 1.385616e-03 2.321071e-01 2.137785e-03 2.663575e-01 2.453243e-03
0.001825 T17-1749 9.589424e-03 4.794712e-03 1.106254e-03 5.531272e-04 1.086423e-02 5.432114e-03 5.109762e-03 2.554881e-03 1.597910e-03 7.989548e-04 3.145566e-02 5.540119e-03 3.907406e-02 1.523193e-02 3.999705e-03 1.105159e-04 1.367093e-02 3.777418e-04 2.194961e-02 4.043268e-04 2.949392e-02 2.716490e-04 3.173212e-02 5.845272e-04
0.001825 T17-1816 9.377601e-03 4.688800e-03 8.146039e-03 4.073020e-03 2.387537e-02 1.193768e-02 4.530773e-02 1.507736e-02 3.094345e-02 1.134888e-02 4.969966e-02 6.000576e-03 6.632708e-02 1.547097e-02 5.196106e-03 9.571580e-05 2.079600e-02 3.830765e-04 3.500594e-02 6.448332e-04 4.707420e-02 4.335694e-04 5.454609e-02 5.023881e-04
0.001825 T17-1697 1.562627e-02 7.813133e-03 0.000000e+00 9.900000e+01 4.055931e-02 1.566049e-02 2.095689e-02 1.047845e-02 2.750711e-02 1.169534e-02 5.453719e-02 5.763830e-03 1.023912e-01 1.437380e-02 4.904191e-03 1.355078e-04 3.193122e-02 5.881948e-04 5.830714e-02 5.370286e-04 9.417821e-02 8.674134e-04 1.031972e-01 9.504812e-04
0.001825 T17-1730 2.224297e-02 1.112149e-02 0.000000e+00 9.900000e+01 3.729058e-02 1.601455e-02 4.733330e-03 2.366665e-03 5.118182e-02 1.159535e-02 5.639176e-02 6.294330e-03 8.469659e-02 1.444896e-02 8.206022e-03 1.511605e-04 2.678423e-02 4.933837e-04 4.339943e-02 3.997236e-04 6.050271e-02 5.572505e-04 5.991449e-02 5.518328e-04
0.001825 T17-1736 2.173031e-02 1.086515e-02 5.987718e-02 1.858802e-02 6.064713e-02 1.924724e-02 7.027565e-02 1.469101e-02 1.152988e-01 1.341739e-02 1.535198e-01 6.238635e-03 1.829419e-01 1.634658e-02 2.524003e-02 2.324692e-04 9.459017e-02 8.712076e-04 1.410784e-01 1.299380e-03 1.810329e-01 1.667375e-03 1.743887e-01 1.606180e-03
0.001825 T17-1734 7.962732e-02 1.912143e-02 8.381508e-02 2.163273e-02 1.233673e-01 1.650864e-02 1.232993e-01 1.519025e-02 2.054364e-01 1.270460e-02 2.537230e-01 5.940652e-03 2.977358e-01 1.381424e-02 4.467697e-02 4.114901e-04 1.458281e-01 1.343127e-03 2.174990e-01 2.003240e-03 2.949545e-01 2.716631e-03 2.894120e-01 2.665583e-03
0.001825 T17-1704 0.000000e+00 9.900000e+01 2.434611e-02 1.217305e-02 1.202895e-02 6.014474e-03 1.567147e-02 7.835735e-03 2.315466e-02 1.157733e-02 4.276930e-02 5.216035e-03 7.060479e-02 1.525212e-02 8.519999e-03 1.569442e-04 2.355682e-02 4.339326e-04 3.480582e-02 6.411469e-04 4.465795e-02 4.113149e-04 4.545984e-02 4.187006e-04
0.001825 T17-1747 0.000000e+00 9.900000e+01 5.854374e-03 2.927187e-03 3.973427e-02 1.531406e-02 0.000000e+00 9.900000e+01 3.803050e-02 1.609946e-02 7.424232e-02 6.377349e-03 1.046766e-01 1.412146e-02 5.321081e-03 9.801794e-05 3.371137e-02 3.104932e-04 6.388685e-02 5.884196e-04 9.676563e-02 8.912444e-04 1.100247e-01 1.013365e-03
0.001825 T17-1761 1.112822e-02 5.564112e-03 8.903745e-04 4.451872e-04 2.685963e-02 1.342982e-02 4.641575e-03 2.320788e-03 2.815682e-02 1.170803e-02 3.304792e-02 5.560308e-03 5.731510e-02 1.526932e-02 2.278975e-03 1.049507e-04 1.484482e-02 4.101776e-04 2.736964e-02 7.562511e-04 4.222950e-02 3.889481e-04 4.891126e-02 4.504893e-04
0.001825 T17-1738 3.604666e-02 1.795070e-02 3.825811e-02 1.912905e-02 3.268292e-02 1.503464e-02 3.238996e-02 1.538077e-02 6.024653e-02 1.255793e-02 8.230830e-02 6.347347e-03 1.057355e-01 1.390830e-02 1.300259e-02 1.197583e-04 4.568774e-02 4.207997e-04 7.201582e-02 6.632902e-04 9.588117e-02 8.830982e-04 9.851439e-02 9.073511e-04
0.001825 T17-1753 0.000000e+00 9.900000e+01 0.000000e+00 9.900000e+01 2.793765e-02 1.396883e-02 4.911752e-02 2.054566e-02 8.524990e-02 1.413410e-02 1.373222e-01 6.925315e-03 1.395816e-01 1.753876e-02 9.738228e-03 8.969239e-05 5.427506e-02 4.998918e-04 9.740478e-02 8.971311e-04 1.409636e-01 1.298323e-03 1.545306e-01 1.423280e-03
0.001825 T17-1799 0.000000e+00 9.900000e+01 1.008228e-03 5.041139e-04 2.475434e-02 1.237717e-02 2.466070e-02 1.233035e-02 4.235808e-02 1.107951e-02 4.966267e-02 6.186751e-03 6.077609e-02 1.596430e-02 5.238261e-03 9.649233e-05 2.429965e-02 4.476161e-04 4.284235e-02 3.945926e-04 5.978394e-02 5.506305e-04 6.260515e-02 5.766147e-04
0.001825 T17-1910 1.881525e-02 9.407626e-03 4.828903e-02 1.903423e-02 6.066011e-02 1.508330e-02 3.945687e-02 1.465209e-02 6.538652e-02 1.109170e-02 1.345888e-01 5.734595e-03 1.837829e-01 1.524407e-02 2.008126e-02 1.849553e-04 6.953423e-02 6.404339e-04 1.173463e-01 1.080799e-03 1.551702e-01 1.429170e-03 1.611515e-01 1.484260e-03
0.001825 T17-1867 8.368274e-04 4.184137e-04 1.543379e-02 7.716896e-03 2.974142e-03 1.487071e-03 2.921995e-02 1.437646e-02 3.876419e-02 1.346028e-02 6.777816e-02 6.135164e-03 1.259688e-01 1.426012e-02 9.666604e-03 8.903271e-05 3.565494e-02 3.283941e-04 6.121066e-02 5.637710e-04 8.390957e-02 7.728357e-04 9.120347e-02 8.400150e-04
0.001825 T17-1884 3.899670e-02 1.678342e-02 2.892899e-02 1.446449e-02 3.378639e-02 1.606270e-02 4.930145e-02 1.378505e-02 4.674116e-02 1.137276e-02 1.235382e-01 5.724556e-03 1.582701e-01 1.374991e-02 1.045857e-02 9.632700e-05 5.632819e-02 5.188018e-04 1.013542e-01 9.335070e-04 1.469209e-01 1.353191e-03 1.672814e-01 1.540718e-03
0.001825 T17-1957 5.699864e-02 1.660227e-02 2.694511e-02 1.347256e-02 5.753366e-02 1.488197e-02 7.784583e-02 1.517905e-02 1.599768e-01 1.031861e-02 2.663964e-01 6.120779e-03 3.980571e-01 1.545529e-02 2.358022e-02 2.171819e-04 1.231043e-01 1.133832e-03 2.290171e-01 2.109325e-03 3.331725e-01 3.068632e-03 3.664619e-01 3.375239e-03
0.001825 T17-1947 0.000000e+00 9.900000e+01 0.000000e+00 9.900000e+01 8.343108e-03 4.171554e-03 4.831207e-02 1.394346e-02 2.378832e-02 1.065620e-02 7.578238e-02 5.627776e-03 9.685777e-02 1.415898e-02 4.382286e-03 1.210870e-04 2.748939e-02 5.063732e-04 5.017626e-02 9.242810e-04 7.364360e-02 6.782826e-04 9.044606e-02 8.330390e-04
0.001825 T17-1864 1.351443e-02 6.757217e-03 2.835595e-02 1.417798e-02 4.791643e-02 1.614368e-02 2.149157e-02 1.074578e-02 6.657738e-02 1.169079e-02 1.009414e-01 5.404193e-03 1.280040e-01 1.472955e-02 1.115760e-02 1.027653e-04 4.525921e-02 4.168527e-04 7.865174e-02 7.244093e-04 1.041135e-01 9.589206e-04 1.122604e-01 1.033957e-03
0.001825 T17-1948 1.969635e-02 9.848173e-03 0.000000e+00 9.900000e+01 2.279715e-02 1.139858e-02 2.051987e-02 1.025993e-02 2.263363e-02 1.131682e-02 5.509762e-02 5.225919e-03 6.455473e-02 1.418372e-02 7.524985e-03 1.386154e-04 2.872370e-02 2.645551e-04 4.697262e-02 4.326338e-04 6.290021e-02 5.793323e-04 6.855129e-02 6.313808e-04
0.001825 T17-1640 4.526655e-02 2.052374e-02 6.482563e-02 2.000784e-02 8.426002e-02 1.609844e-02 8.745529e-02 1.532923e-02 1.401155e-01 1.262465e-02 1.777984e-01 5.764596e-03 2.912220e-01 1.500637e-02 3.097573e-02 2.852970e-04 1.067989e-01 9.836546e-04 1.667133e-01 1.535486e-03 2.239412e-01 2.062575e-03 2.258448e-01 2.080107e-03
0.001825 T17-1664 2.042709e-02 1.021354e-02 3.685349e-02 1.842675e-02 1.948251e-02 9.741256e-03 5.009672e-02 1.509311e-02 9.091272e-02 1.299390e-02 1.763779e-01 5.691964e-03 2.785569e-01 1.320691e-02 1.427945e-02 1.315186e-04 8.400925e-02 7.737538e-04 1.562430e-01 1.439051e-03 2.365967e-01 2.179136e-03 2.714645e-01 2.500280e-03
0.001825 T17-1762 2.294675e-02 1.147337e-02 1.214959e-02 6.074795e-03 0.000000e+00 9.900000e+01 0.000000e+00 9.900000e+01 4.198637e-02 1.342632e-02 5.013879e-02 6.088938e-03 5.571174e-02 1.436086e-02 3.978391e-03 1.099270e-04 2.238735e-02 4.123902e-04 4.131976e-02 3.805691e-04 5.981289e-02 5.508971e-04 6.994761e-02 6.442413e-04
0.001825 T17-1773 1.009264e-01 1.894473e-02 9.953036e-02 1.793011e-02 1.529241e-01 1.490584e-02 1.609291e-01 1.553087e-02 2.532492e-01 1.184148e-02 4.147378e-01 6.396003e-03 5.536818e-01 1.670380e-02 4.602762e-02 4.239300e-04 2.002025e-01 1.843933e-03 3.402366e-01 3.133695e-03 4.881086e-01 4.495646e-03 4.972299e-01 4.579657e-03
0.001825 T17-1748 2.771718e-02 1.385859e-02 0.000000e+00 9.900000e+01 2.163437e-02 1.081719e-02 2.143217e-02 1.071608e-02 5.099867e-02 1.131843e-02 8.548564e-02 5.632978e-03 7.535874e-02 1.568298e-02 4.861108e-03 8.954492e-05 2.736846e-02 5.041458e-04 5.053895e-02 4.654809e-04 7.318161e-02 6.740276e-04 8.403663e-02 7.740060e-04
0.001825 T17-1652 9.127346e-03 4.563673e-03 4.888565e-02 1.821502e-02 2.262948e-03 1.131474e-03 1.610908e-02 8.054542e-03 3.895800e-02 1.149059e-02 5.694517e-02 6.274497e-03 9.283327e-02 1.476657e-02 4.262359e-03 1.177733e-04 2.486026e-02 4.579429e-04 4.583742e-02 4.221782e-04 6.754291e-02 6.220932e-04 7.680346e-02 7.073860e-04
0.001825 T17-1843 8.790661e-03 4.395331e-03 1.946526e-02 9.732630e-03 1.211409e-02 6.057046e-03 2.376060e-02 1.188030e-02 1.744792e-02 8.723959e-03 4.791830e-02 6.990494e-03 7.417471e-02 1.672328e-02 4.874343e-03 1.346831e-04 2.605998e-02 4.800426e-04 4.445260e-02 4.094236e-04 6.104449e-02 5.622406e-04 6.461520e-02 5.951279e-04
0.001825 T17-1846 1.272763e-02 6.363816e-03 3.556028e-02 1.759124e-02 3.520337e-02 1.657439e-02 5.416723e-02 1.353410e-02 5.814699e-02 1.039780e-02 1.529364e-01 6.976470e-03 2.208786e-01 1.480299e-02 1.275436e-02 1.174720e-04 6.826963e-02 6.287865e-04 1.243549e-01 1.145350e-03 1.891186e-01 1.741847e-03 2.195979e-01 2.022572e-03
0.001825 T17-1811 5.168146e-02 1.926161e-02 0.000000e+00 9.900000e+01 3.283636e-02 1.641818e-02 1.655722e-02 8.278609e-03 2.830566e-02 1.081952e-02 6.041817e-02 5.312028e-03 6.850239e-02 1.436451e-02 7.631927e-03 1.405853e-04 3.012883e-02 2.774968e-04 5.286840e-02 4.869360e-04 7.263208e-02 6.689662e-04 7.833097e-02 7.214549e-04
0.001825 T17-1052 3.710515e-02 1.832499e-02 1.330986e-02 6.654929e-03 4.815205e-02 1.940455e-02 5.320585e-02 1.629374e-02 6.077912e-02 1.218076e-02 1.136447e-01 6.198027e-03 1.486332e-01 1.498712e-02 1.483271e-02 1.366143e-04 6.003240e-02 5.529188e-04 9.149359e-02 8.426871e-04 1.184482e-01 1.090949e-03 1.198490e-01 1.103850e-03
0.001825 T17-1105 2.059087e-02 1.029543e-02 1.270666e-02 6.353329e-03 0.000000e+00 9.900000e+01 0.000000e+00 9.900000e+01 2.350882e-02 1.163921e-02 2.859922e-02 5.693112e-03 2.541717e-02 1.270859e-02 3.586910e-03 9.910999e-05 1.221529e-02 3.375209e-04 2.084154e-02 5.758730e-04 2.727158e-02 2.511805e-04 3.000726e-02 5.527541e-04
0.001825 T17-1103 1.452242e-02 7.261208e-03 1.973813e-02 9.869064e-03 1.449705e-02 7.248524e-03 3.074965e-02 1.460315e-02 1.822537e-02 9.112685e-03 4.382211e-02 5.640782e-03 5.055325e-02 1.418907e-02 3.535372e-03 9.768593e-05 1.841346e-02 3.391885e-04 3.480808e-02 3.205942e-04 5.281858e-02 4.864771e-04 6.088511e-02 5.607726e-04
0.001825 T17-1123 3.420796e-03 1.710398e-03 1.607662e-02 8.038312e-03 0.000000e+00 9.900000e+01 1.781390e-02 8.906952e-03 9.473146e-03 4.736573e-03 2.950372e-02 6.704265e-03 3.052872e-02 1.432903e-02 2.557882e-03 9.423585e-05 1.434519e-02 2.642482e-04 2.451189e-02 4.515256e-04 3.652268e-02 3.363863e-04 4.133687e-02 3.807266e-04
0.001825 T17-1021 5.779985e-03 2.889993e-03 9.306568e-03 4.653284e-03 1.989868e-02 9.949339e-03 2.632879e-02 1.316440e-02 5.740409e-02 1.344099e-02 9.978849e-02 5.457925e-03 1.375555e-01 1.455535e-02 8.022363e-03 7.388869e-05 4.479429e-02 4.125706e-04 8.203179e-02 7.555407e-04 1.164034e-01 1.072115e-03 1.364498e-01 1.256750e-03
0.001825 T17-1024 2.509683e-02 1.254841e-02 1.495157e-02 7.475784e-03 5.866484e-04 2.933242e-04 1.332020e-02 6.660098e-03 3.667549e-02 1.418050e-02 6.899959e-02 5.744059e-03 9.298151e-02 1.382456e-02 6.956856e-03 6.407501e-05 3.088594e-02 2.844700e-04 5.558390e-02 5.119466e-04 7.748226e-02 7.136380e-04 8.363380e-02 7.702958e-04
0.001825 T17-1045 0.000000e+00 9.900000e+01 4.130783e-03 2.065391e-03 1.938003e-02 9.690016e-03 6.263896e-03 3.131948e-03 3.663929e-02 1.094636e-02 3.098609e-02 5.445785e-03 7.193517e-02 1.418008e-02 5.080203e-03 9.358079e-05 1.452962e-02 2.676455e-04 2.526217e-02 4.653465e-04 3.399155e-02 3.130738e-04 4.255627e-02 3.919578e-04
0.001825 T17-1030 0.000000e+00 9.900000e+01 2.045960e-02 1.022980e-02 2.918027e-02 1.459014e-02 3.943055e-02 1.661575e-02 7.961052e-02 1.238575e-02 1.475389e-01 5.959792e-03 2.026381e-01 1.618808e-02 1.166347e-02 1.074246e-04 6.652530e-02 6.127207e-04 1.221767e-01 1.125289e-03 1.720892e-01 1.585000e-03 1.910997e-01 1.760093e-03
0.001825 T17-1165 1.226764e-02 6.133821e-03 2.762422e-02 1.381211e-02 0.000000e+00 9.900000e+01 3.572842e-02 1.543180e-02 3.106515e-02 1.267467e-02 5.544968e-02 5.284627e-03 7.517114e-02 1.453167e-02 6.813293e-03 1.255055e-04 2.929232e-02 5.395846e-04 4.965887e-02 4.573751e-04 6.879280e-02 6.336051e-04 7.508408e-02 6.915499e-04
0.001825 T17-1223 3.757688e-02 1.583955e-02 1.536349e-02 7.681746e-03 4.422547e-02 1.736149e-02 3.717038e-02 1.401613e-02 8.295166e-02 1.341119e-02 1.640994e-01 7.283369e-03 2.383495e-01 1.521127e-02 1.389453e-02 1.279733e-04 7.408226e-02 6.823228e-04 1.260187e-01 1.160675e-03 1.831939e-01 1.687278e-03 1.983854e-01 1.827197e-03
0.001825 T17-1244 1.039069e-02 5.195343e-03 1.621321e-02 8.106605e-03 0.000000e+00 9.900000e+01 9.780419e-03 4.890210e-03 3.135939e-02 1.116100e-02 3.448170e-02 5.393843e-03 3.051547e-02 1.379394e-02 3.049329e-03 1.123414e-04 1.613140e-02 5.943026e-04 2.903967e-02 1.069861e-03 4.264268e-02 3.927536e-04 4.663195e-02 4.294962e-04
0.001825 T17-1232 4.251560e-02 1.698846e-02 3.835946e-02 1.917973e-02 1.458899e-02 7.294494e-03 4.504215e-02 1.697759e-02 9.312044e-02 1.250379e-02 1.606074e-01 6.553833e-03 2.085728e-01 1.423151e-02 2.381813e-02 2.193731e-04 8.398780e-02 7.735562e-04 1.316365e-01 1.212417e-03 1.845562e-01 1.699826e-03 1.891924e-01 1.742527e-03
0.001825 T17-1221 1.082214e-02 5.411070e-03 5.375459e-03 2.687729e-03 0.000000e+00 9.900000e+01 1.315845e-03 6.579225e-04 0.000000e+00 9.900000e+01 3.042034e-02 6.310960e-03 2.191202e-02 1.095601e-02 2.552387e-03 9.403342e-05 1.323713e-02 3.657554e-04 2.423769e-02 4.464748e-04 3.459016e-02 3.185872e-04 4.107162e-02 3.782836e-04
0.001825 T17-1218 5.199648e-02 1.849895e-02 1.135161e-02 5.675806e-03 3.761070e-02 1.606877e-02 4.888468e-02 1.454437e-02 4.774279e-02 1.236301e-02 8.122603e-02 6.368730e-03 1.316475e-01 1.401816e-02 1.404903e-02 1.293964e-04 5.038895e-02 4.640993e-04 8.257983e-02 7.605883e-04 1.094549e-01 1.008117e-03 1.111120e-01 1.023379e-03
0.001825 T17-1252 2.482489e-02 1.241245e-02 6.008028e-02 1.900864e-02 6.639030e-02 1.582945e-02 5.519214e-02 1.421309e-02 1.145420e-01 1.224646e-02 1.473709e-01 5.733486e-03 2.165336e-01 1.367917e-02 2.033386e-02 1.872818e-04 7.650398e-02 7.046277e-04 1.199500e-01 1.104780e-03 1.651394e-01 1.520990e-03 1.708789e-01 1.573853e-03
0.001825 T17-1019 1.985036e-02 9.925182e-03 1.469243e-02 7.346217e-03 5.165694e-03 2.582847e-03 2.817318e-03 1.408659e-03 2.425814e-02 1.146372e-02 3.604532e-02 5.970560e-03 4.563676e-02 1.425836e-02 4.738985e-03 8.729533e-05 2.049511e-02 3.775339e-04 3.399832e-02 3.131361e-04 4.656934e-02 4.289195e-04 4.937740e-02 4.547827e-04
0.001825 T17-1009 1.928461e-02 9.642306e-03 2.947803e-02 1.473902e-02 1.504922e-02 7.524611e-03 1.531651e-02 7.658253e-03 3.252289e-03 1.626144e-03 2.698784e-02 5.966901e-03 5.971222e-02 1.478147e-02 1.747580e-03 8.047902e-05 1.131825e-02 3.127349e-04 2.192614e-02 4.038944e-04 3.351290e-02 3.086652e-04 3.966334e-02 3.653129e-04
0.001825 T17-1050 2.581499e-02 1.290749e-02 4.409179e-02 1.773217e-02 4.958117e-02 1.636901e-02 5.729890e-02 1.609104e-02 8.902736e-02 1.360942e-02 1.800095e-01 5.910543e-03 2.867262e-01 1.547407e-02 1.481339e-02 1.364364e-04 8.607016e-02 7.927355e-04 1.509710e-01 1.390495e-03 2.375109e-01 2.187556e-03 2.787441e-01 2.567328e-03
0.001825 T17-1041 0.000000e+00 9.900000e+01 4.091421e-02 1.942725e-02 0.000000e+00 9.900000e+01 0.000000e+00 9.900000e+01 1.932238e-02 9.661191e-03 2.394383e-02 5.360044e-03 4.832935e-02 1.525929e-02 1.794421e-03 9.916335e-05 1.120425e-02 4.127797e-04 2.252588e-02 8.298841e-04 3.111751e-02 2.866028e-04 4.038582e-02 7.439342e-04
0.001825 T17-1004 5.563734e-02 1.806683e-02 3.096022e-02 1.548011e-02 7.705244e-03 3.852622e-03 0.000000e+00 9.900000e+01 3.804755e-02 1.115265e-02 4.514165e-02 5.734342e-03 7.230674e-02 1.367043e-02 8.094275e-03 1.491021e-04 2.394013e-02 4.409934e-04 3.450755e-02 6.356526e-04 4.987874e-02 4.594002e-04 5.332540e-02 4.911451e-04
0.001825 T17-1014 3.868051e-02 1.896194e-02 1.761436e-02 8.807179e-03 7.918102e-03 3.959051e-03 4.811159e-02 1.556381e-02 6.908904e-02 1.273481e-02 1.475467e-01 5.670681e-03 1.901879e-01 1.460948e-02 1.207585e-02 1.112227e-04 6.447297e-02 5.938180e-04 1.118609e-01 1.030277e-03 1.725847e-01 1.589564e-03 1.897697e-01 1.747844e-03
0.001825 T17-1160 3.070610e-03 1.535305e-03 2.501392e-03 1.250696e-03 1.563850e-02 7.819250e-03 1.080168e-03 5.400840e-04 3.722912e-02 1.116354e-02 5.729830e-02 5.764868e-03 5.979983e-02 1.489133e-02 8.615447e-03 7.935120e-05 2.801141e-02 2.579946e-04 4.562833e-02 4.202524e-04 6.136708e-02 5.652117e-04 6.447639e-02 5.938495e-04
0.001825 T17-1098 4.542922e-02 1.663979e-02 4.048042e-04 2.024021e-04 4.531532e-02 1.662128e-02 1.968497e-02 9.842485e-03 6.100421e-02 1.106916e-02 7.385395e-02 7.150132e-03 1.120197e-01 1.406960e-02 1.802382e-02 1.660055e-04 5.954842e-02 5.484612e-04 8.123312e-02 7.481846e-04 9.949051e-02 9.163415e-04 1.006539e-01 9.270565e-04
0.001825 T17-1217 1.346092e-02 6.730458e-03 0.000000e+00 9.900000e+01 2.086416e-02 1.043208e-02 3.485360e-02 1.660525e-02 5.260712e-02 1.298123e-02 8.067124e-02 5.983075e-03 1.052920e-01 1.568672e-02 6.286726e-03 1.158058e-04 3.393710e-02 3.125723e-04 6.467969e-02 5.957220e-04 9.808230e-02 9.033714e-04 1.172556e-01 1.079964e-03
0.001825 T17-1139 3.086560e-02 1.543280e-02 3.027532e-02 1.513766e-02 4.404209e-02 1.632556e-02 3.487490e-02 1.647380e-02 3.395436e-02 1.258281e-02 6.268048e-02 5.133356e-03 1.073371e-01 1.437635e-02 4.430776e-03 8.161792e-05 2.703974e-02 2.490452e-04 5.027596e-02 4.630587e-04 7.593849e-02 6.994193e-04 9.055371e-02 8.340305e-04
0.001825 T17-1138 3.294460e-02 1.647230e-02 1.494363e-02 7.471814e-03 3.330431e-02 1.569304e-02 3.019274e-02 1.509637e-02 6.258520e-02 1.261581e-02 7.734330e-02 6.184992e-03 1.142640e-01 1.537181e-02 1.455966e-02 1.340994e-04 4.618722e-02 4.254000e-04 6.819106e-02 6.280628e-04 8.968776e-02 8.260548e-04 9.399750e-02 8.657490e-04
0.001825 T17-1118 6.333630e-03 3.166815e-03 6.689870e-03 3.344935e-03 3.631138e-02 1.689117e-02 2.268260e-02 1.134130e-02 6.040823e-02 1.249118e-02 9.752670e-02 6.914827e-03 1.520104e-01 2.237743e-02 9.931485e-03 9.147236e-05 4.988424e-02 4.594509e-04 9.010445e-02 8.298926e-04 1.347367e-01 1.240971e-03 1.491761e-01 1.373963e-03
0.001825 T17-1146 2.198186e-02 1.099093e-02 1.710911e-02 8.554553e-03 2.587166e-03 1.293583e-03 7.277632e-03 3.638816e-03 5.158230e-02 1.292179e-02 5.880944e-02 6.449510e-03 1.058986e-01 1.607578e-02 7.205765e-03 1.327351e-04 3.203123e-02 5.900370e-04 4.756612e-02 8.762003e-04 6.844967e-02 6.304448e-04 7.501696e-02 6.909317e-04
0.001825 T17-1334 0.000000e+00 9.900000e+01 7.514405e-03 3.757203e-03 6.100082e-03 3.050041e-03 5.394863e-02 1.479273e-02 5.971714e-02 1.180693e-02 1.023405e-01 5.914920e-03 1.448503e-01 1.419419e-02 9.984815e-03 9.196355e-05 5.057179e-02 4.657834e-04 8.636379e-02 7.954399e-04 1.201929e-01 1.107018e-03 1.233563e-01 1.136154e-03
0.001825 T17-1314 6.351962e-02 1.669627e-02 4.584898e-02 1.911119e-02 7.613153e-02 1.590969e-02 5.384802e-02 1.478303e-02 1.199974e-01 1.390644e-02 1.885588e-01 6.075524e-03 2.381434e-01 1.487131e-02 2.654864e-02 2.445220e-04 9.918629e-02 9.135395e-04 1.631983e-01 1.503112e-03 2.229270e-01 2.053234e-03 2.287606e-01 2.106963e-03
0.001825 T17-1371 1.115014e-02 5.575068e-03 1.680558e-02 8.402792e-03 1.866495e-02 9.332473e-03 2.936861e-02 1.468431e-02 6.713094e-02 1.059561e-02 8.289879e-02 5.688608e-03 1.050696e-01 1.273659e-02 9.618716e-03 8.859165e-05 3.870221e-02 3.564606e-04 6.795318e-02 6.258719e-04 9.545285e-02 8.791532e-04 1.016463e-01 9.361972e-04
0.001825 T17-1397 3.254576e-02 1.627288e-02 4.283924e-02 1.964936e-02 9.101754e-02 1.410587e-02 8.763484e-02 1.530074e-02 1.850137e-01 1.248908e-02 3.428815e-01 6.840468e-03 4.930866e-01 1.394717e-02 2.978591e-02 2.743384e-04 1.595438e-01 1.469452e-03 2.908070e-01 2.678431e-03 4.398878e-01 4.051516e-03 4.816654e-01 4.436302e-03
0.001825 T17-1445 5.460562e-02 1.650297e-02 5.396085e-02 2.058218e-02 2.471809e-02 1.235904e-02 8.763571e-02 1.755571e-02 1.287921e-01 1.228571e-02 2.306480e-01 6.272890e-03 3.037606e-01 1.448522e-02 2.407721e-02 2.217593e-04 1.092866e-01 1.006566e-03 1.868029e-01 1.720518e-03 2.649588e-01 2.440361e-03 2.770887e-01 2.552081e-03
0.001825 T17-1444 2.474427e-02 1.237213e-02 3.541561e-02 1.770781e-02 5.373182e-02 1.468258e-02 4.201649e-02 1.816800e-02 9.111727e-02 1.177975e-02 1.387468e-01 5.501575e-03 1.709499e-01 1.493627e-02 1.810053e-02 1.667120e-04 7.155378e-02 6.590347e-04 1.245748e-01 1.147376e-03 1.718750e-01 1.583027e-03 1.830819e-01 1.686247e-03
0.001825 T17-1453 2.588136e-02 1.294068e-02 2.511917e-04 1.255959e-04 2.025159e-02 1.012579e-02 2.303076e-02 1.151538e-02 5.317307e-02 1.232998e-02 8.304274e-02 5.738688e-03 1.279400e-01 1.512066e-02 1.323420e-02 1.218915e-04 4.771308e-02 4.394537e-04 7.437612e-02 6.850294e-04 1.026161e-01 9.451288e-04 1.113390e-01 1.025470e-03
0.001825 T17-1391 0.000000e+00 9.900000e+01 3.397068e-02 1.698534e-02 3.464514e-02 1.667795e-02 2.609625e-02 1.304813e-02 3.937995e-02 1.104534e-02 1.006835e-01 5.315575e-03 1.372146e-01 1.536471e-02 8.518287e-03 7.845633e-05 4.084548e-02 3.762008e-04 7.723098e-02 7.113236e-04 1.146779e-01 1.056223e-03 1.278946e-01 1.177953e-03
0.001825 T17-1403 1.799438e-02 8.997191e-03 0.000000e+00 9.900000e+01 1.874041e-02 9.370204e-03 2.503984e-02 1.251992e-02 4.136475e-02 1.144609e-02 6.206551e-02 5.672679e-03 9.866659e-02 1.413715e-02 4.039047e-03 1.116030e-04 2.698282e-02 4.970418e-04 5.293604e-02 4.875589e-04 8.155493e-02 7.511486e-04 9.436900e-02 8.691706e-04
0.001825 T17-1327 8.712200e-03 4.356100e-03 3.391167e-02 1.695583e-02 7.506670e-02 1.663247e-02 4.220207e-02 1.420426e-02 1.072594e-01 1.268640e-02 1.754705e-01 6.247440e-03 2.157650e-01 1.417862e-02 1.235394e-02 1.137840e-04 7.590465e-02 6.991077e-04 1.447392e-01 1.333097e-03 2.188099e-01 2.015314e-03 2.439535e-01 2.246895e-03
0.001825 T17-1353 8.563575e-03 4.281787e-03 7.472225e-03 3.736112e-03 0.000000e+00 9.900000e+01 1.307176e-02 6.535882e-03 2.744653e-02 1.212416e-02 3.716872e-02 5.266848e-03 3.938283e-02 1.296664e-02 3.016753e-03 1.111413e-04 1.836804e-02 3.383519e-04 3.407540e-02 6.276920e-04 4.874833e-02 4.489887e-04 5.336100e-02 4.914729e-04
0.001825 T17-1347 3.246764e-02 1.623382e-02 4.068405e-02 1.893473e-02 6.464574e-02 1.496776e-02 4.620261e-02 1.460826e-02 1.446830e-01 1.092755e-02 1.939854e-01 5.934894e-03 2.802499e-01 1.466163e-02 1.977770e-02 1.821594e-04 9.474471e-02 8.726310e-04 1.662604e-01 1.531314e-03 2.444650e-01 2.251606e-03 2.626775e-01 2.419350e-03
0.001825 T17-1338 2.712117e-02 1.356058e-02 1.285762e-02 6.428808e-03 0.000000e+00 9.900000e+01 4.375407e-03 2.187704e-03 1.661144e-02 8.305722e-03 2.615616e-02 5.597586e-03 4.098204e-02 1.534432e-02 3.703529e-03 1.023323e-04 1.320977e-02 3.649996e-04 2.426774e-02 4.470283e-04 3.223996e-02 2.969410e-04 3.463863e-02 6.380671e-04
0.001825 T17-1369 1.747764e-02 8.738818e-03 1.169559e-02 5.847797e-03 3.802195e-02 1.789068e-02 3.715521e-02 1.520782e-02 1.176277e-01 1.191584e-02 1.747164e-01 6.094326e-03 2.647803e-01 1.372943e-02 1.367713e-02 1.259710e-04 7.805757e-02 7.189368e-04 1.474653e-01 1.358206e-03 2.249799e-01 2.072141e-03 2.508224e-01 2.310160e-03
0.001825 T17-1426 2.870245e-02 1.435122e-02 7.282726e-03 3.641363e-03 7.891553e-02 1.710963e-02 6.941734e-02 1.646042e-02 7.646694e-02 1.131906e-02 1.316984e-01 5.755331e-03 1.646096e-01 1.588601e-02 2.124960e-02 1.957160e-04 7.242968e-02 6.671020e-04 1.128074e-01 1.038994e-03 1.527156e-01 1.406562e-03 1.567346e-01 1.443579e-03
0.001825 T17-1456 3.508700e-02 1.754350e-02 1.829471e-02 9.147357e-03 0.000000e+00 9.900000e+01 6.229918e-03 3.114959e-03 2.765837e-02 1.152497e-02 6.764020e-02 6.083878e-03 5.585605e-02 1.366506e-02 9.423464e-03 8.679331e-05 3.155255e-02 2.906097e-04 5.008574e-02 4.613067e-04 6.598156e-02 6.077127e-04 7.027615e-02 6.472673e-04
0.001825 T17-1566 1.315572e-02 6.577861e-03 1.071816e-02 5.359079e-03 0.000000e+00 9.900000e+01 3.970164e-02 1.578785e-02 3.665488e-02 1.133765e-02 7.893629e-02 5.300763e-03 8.549823e-02 1.545561e-02 1.077137e-02 9.920797e-05 3.815343e-02 3.514061e-04 5.951869e-02 5.481873e-04 7.773897e-02 7.160024e-04 8.057512e-02 7.421243e-04
0.001825 T17-1506 3.693710e-02 1.728858e-02 8.361003e-03 4.180502e-03 3.089222e-02 1.544611e-02 4.397968e-02 1.497128e-02 6.614551e-02 1.513688e-02 1.514235e-01 9.340693e-03 1.818651e-01 1.939324e-02 1.538205e-02 1.416740e-04 6.912837e-02 6.366958e-04 1.202690e-01 1.107718e-03 1.689458e-01 1.556048e-03 1.782623e-01 1.641856e-03
0.001825 T17-1280 3.266191e-02 1.569204e-02 2.489828e-02 1.244914e-02 3.358042e-02 1.510677e-02 7.338037e-02 1.488372e-02 7.726959e-02 1.372895e-02 1.073381e-01 5.984935e-03 1.688874e-01 1.436789e-02 1.844316e-02 1.698678e-04 6.323157e-02 5.823843e-04 9.905664e-02 9.123454e-04 1.338146e-01 1.232478e-03 1.334117e-01 1.228768e-03
0.001825 T17-1339 7.216425e-03 3.608212e-03 0.000000e+00 9.900000e+01 0.000000e+00 9.900000e+01 4.673124e-03 2.336562e-03 6.108386e-03 3.054193e-03 4.434914e-02 5.528431e-03 5.890218e-02 1.453897e-02 3.527848e-03 9.747804e-05 1.973034e-02 3.634464e-04 3.686480e-02 3.395374e-04 5.364928e-02 4.941282e-04 5.867678e-02 5.404332e-04
0.001825 T17-1532 0.000000e+00 9.900000e+01 1.981934e-02 9.909672e-03 0.000000e+00 9.900000e+01 3.096965e-02 1.548482e-02 5.834678e-02 1.309712e-02 1.211491e-01 7.002255e-03 2.048611e-01 1.606263e-02 1.065092e-02 9.809856e-05 6.024827e-02 5.549071e-04 1.107535e-01 1.020077e-03 1.674549e-01 1.542317e-03 1.955132e-01 1.800743e-03
0.001825 T17-1590 1.348396e-02 6.741978e-03 6.035550e-02 2.075309e-02 8.530863e-03 4.265431e-03 1.531367e-02 7.656836e-03 4.203937e-02 1.258747e-02 4.299281e-02 5.561932e-03 7.622948e-02 1.497164e-02 6.979073e-03 1.285593e-04 2.472678e-02 4.554840e-04 4.040123e-02 3.721091e-04 5.229349e-02 4.816408e-04 5.521447e-02 5.085440e-04
0.001825 T17-1577 6.228100e-03 3.114050e-03 2.918671e-02 1.459336e-02 5.671662e-03 2.835831e-03 1.812646e-02 9.063229e-03 2.365473e-02 1.110711e-02 4.020250e-02 5.891723e-03 7.007697e-02 1.363785e-02 4.203894e-03 1.161579e-04 2.360774e-02 4.348707e-04 4.229750e-02 3.895744e-04 6.286206e-02 5.789810e-04 7.079575e-02 6.520530e-04
0.001825 T17-1735 0.000000e+00 9.900000e+01 2.522543e-02 1.261272e-02 2.436964e-02 1.218482e-02 1.711868e-02 8.559340e-03 3.648056e-02 1.192036e-02 7.008084e-02 5.308998e-03 1.191726e-01 1.395457e-02 4.440542e-03 1.226967e-04 2.955954e-02 5.445068e-04 5.778592e-02 5.322280e-04 8.934470e-02 8.228951e-04 1.075069e-01 9.901748e-04
0.001825 T17-1632 1.927012e-02 9.635061e-03 1.866276e-02 9.331380e-03 5.532620e-02 1.729531e-02 5.250368e-02 1.549171e-02 1.000241e-01 1.086673e-02 1.528316e-01 5.636193e-03 1.982279e-01 1.385811e-02 1.705178e-02 1.570527e-04 7.413971e-02 6.828519e-04 1.259482e-01 1.160026e-03 1.874218e-01 1.726218e-03 1.962422e-01 1.807457e-03
0.001825 T17-1576 0.000000e+00 9.900000e+01 1.042759e-02 5.213796e-03 4.767233e-03 2.383616e-03 1.400026e-02 7.000132e-03 2.962340e-02 1.147294e-02 4.133865e-02 5.380991e-03 8.980073e-02 1.413562e-02 3.653479e-03 1.345991e-04 2.129724e-02 3.923096e-04 3.960937e-02 3.648158e-04 5.675534e-02 5.227360e-04 5.993927e-02 5.520611e-04
0.001825 T17-1874 0.000000e+00 9.900000e+01 9.997221e-03 4.998611e-03 2.462523e-02 1.231261e-02 5.829269e-02 1.533607e-02 5.379812e-02 1.162875e-02 1.041753e-01 6.146413e-03 1.645467e-01 1.519243e-02 1.444954e-02 1.330852e-04 5.619998e-02 5.176210e-04 9.193660e-02 8.467674e-04 1.254263e-01 1.155219e-03 1.329878e-01 1.224863e-03
0.001825 T17-1850 2.641859e-03 1.320929e-03 3.198740e-02 1.599370e-02 0.000000e+00 9.900000e+01 2.573513e-02 1.286757e-02 1.602978e-02 8.014888e-03 4.862140e-02 5.173521e-03 5.391132e-02 1.349751e-02 4.940575e-03 9.100875e-05 2.204065e-02 4.060038e-04 3.913274e-02 3.604259e-04 5.586837e-02 5.145667e-04 6.087145e-02 5.606468e-04
0.001825 T17-1695 0.000000e+00 9.900000e+01 4.977187e-03 2.488593e-03 1.831558e-02 9.157792e-03 1.312523e-02 6.562617e-03 3.346708e-02 1.133110e-02 4.222100e-02 5.155106e-03 7.219966e-02 1.421701e-02 2.747802e-03 7.592457e-05 1.747226e-02 3.218509e-04 3.544668e-02 6.529521e-04 5.283075e-02 4.865892e-04 6.416455e-02 5.909774e-04
0.001825 T17-1248 0.000000e+00 9.900000e+01 2.160265e-02 1.080132e-02 0.000000e+00 9.900000e+01 2.648852e-02 1.324426e-02 4.648836e-02 1.207110e-02 7.180830e-02 5.808676e-03 7.527432e-02 1.531119e-02 9.630797e-03 1.774058e-04 3.254898e-02 2.997872e-04 5.311992e-02 4.892525e-04 7.218957e-02 6.648905e-04 7.451938e-02 6.863489e-04
0.001825 T17-1378 9.348353e-03 4.674176e-03 3.335388e-02 1.667694e-02 1.735590e-02 8.677950e-03 1.809209e-02 9.046043e-03 1.333436e-02 6.667179e-03 3.399579e-02 5.426835e-03 7.636046e-02 1.463796e-02 5.255522e-03 9.681029e-05 1.866747e-02 3.438674e-04 2.687844e-02 4.951192e-04 3.561452e-02 3.280219e-04 3.855353e-02 7.101823e-04
0.001825 T17-1375 3.888818e-02 1.673547e-02 1.074020e-02 5.370098e-03 6.641360e-02 1.550532e-02 6.294797e-02 1.768741e-02 1.394180e-01 1.232946e-02 2.747684e-01 6.765762e-03 4.384454e-01 1.663595e-02 1.813895e-02 1.670659e-04 1.237742e-01 1.140002e-03 2.412658e-01 2.222140e-03 3.912315e-01 3.603375e-03 4.233396e-01 3.899102e-03
0.001825 T17-1446 2.495506e-02 1.247753e-02 0.000000e+00 9.900000e+01 3.751137e-02 1.633540e-02 2.262424e-02 1.131212e-02 1.183423e-02 5.917114e-03 5.231179e-02 6.386795e-03 6.009636e-02 1.659143e-02 4.519998e-03 8.326144e-05 2.454382e-02 4.521138e-04 4.371154e-02 8.051963e-04 6.295498e-02 5.798368e-04 7.072969e-02 6.514445e-04
0.001825 T17-1479 1.698700e-02 8.493502e-03 4.609864e-02 2.025551e-02 1.403648e-02 7.018242e-03 3.668191e-02 1.677005e-02 4.235283e-02 1.158553e-02 6.753700e-02 5.478136e-03 7.883317e-02 1.506248e-02 1.020250e-02 9.396848e-05 3.664887e-02 3.375485e-04 6.127260e-02 5.643415e-04 8.204412e-02 7.556543e-04 8.646509e-02 7.963729e-04
0.001825 T17-1474 3.302896e-02 1.651448e-02 3.902258e-02 1.951129e-02 1.088765e-02 5.443825e-03 4.418328e-03 2.209164e-03 2.444407e-02 1.222204e-02 2.913676e-02 5.300585e-03 4.910504e-02 1.539362e-02 4.173917e-03 7.688639e-05 1.510183e-02 2.781860e-04 2.340802e-02 4.311917e-04 3.308248e-02 3.047009e-04 3.548474e-02 6.536530e-04
0.001825 T17-1286 5.348306e-02 1.932811e-02 5.476646e-03 2.738323e-03 3.661575e-02 1.569397e-02 5.886884e-02 1.551683e-02 6.458835e-02 1.229932e-02 9.726840e-02 5.620333e-03 1.348267e-01 1.426483e-02 1.462732e-02 1.347226e-04 5.257691e-02 4.842512e-04 9.042041e-02 8.328027e-04 1.249390e-01 1.150730e-03 1.288224e-01 1.186498e-03
0.001825 T17-1399 0.000000e+00 9.900000e+01 3.817591e-02 1.908796e-02 0.000000e+00 9.900000e+01 2.063994e-02 1.031997e-02 1.394460e-02 6.972299e-03 2.966529e-02 5.746208e-03 5.189760e-02 1.492223e-02 3.154151e-03 8.715242e-05 1.718024e-02 3.164716e-04 3.459540e-02 3.186354e-04 5.149626e-02 4.742981e-04 5.933036e-02 5.464528e-04
0.001825 T17-1432 8.393298e-02 1.858036e-02 8.921985e-02 2.043364e-02 1.479032e-01 1.547287e-02 1.444606e-01 1.806308e-02 2.415754e-01 1.303340e-02 4.088971e-01 8.991795e-03 5.574679e-01 1.574715e-02 4.881852e-02 4.496352e-04 2.134279e-01 1.965743e-03 3.713315e-01 3.420089e-03 5.430592e-01 5.001760e-03 5.402041e-01 4.975464e-03
0.001825 T17-1609 2.146234e-02 1.073117e-02 1.061715e-03 5.308573e-04 0.000000e+00 9.900000e+01 7.262314e-03 3.631157e-03 7.299662e-03 3.649831e-03 2.406439e-02 4.917664e-03 1.759151e-02 8.795757e-03 1.836499e-03 1.014887e-04 8.736083e-03 4.023115e-04 1.522299e-02 7.010448e-04 2.025469e-02 3.731052e-04 2.198433e-02 6.074495e-04
0.001825 T17-1530 0.000000e+00 9.900000e+01 0.000000e+00 9.900000e+01 3.881215e-02 1.615367e-02 2.207187e-02 1.103593e-02 2.522792e-02 1.102697e-02 4.815556e-02 5.297409e-03 7.362865e-02 1.575646e-02 4.970798e-03 9.156548e-05 2.301619e-02 4.239740e-04 4.050305e-02 7.460937e-04 5.716981e-02 5.265534e-04 6.415885e-02 5.909248e-04
0.001825 T17-1707 2.660131e-02 1.330065e-02 1.883652e-02 9.418260e-03 0.000000e+00 9.900000e+01 1.891407e-02 9.457034e-03 1.551463e-02 7.757313e-03 2.949493e-02 6.452015e-03 4.823084e-02 1.520959e-02 4.237848e-03 7.806405e-05 1.534432e-02 2.826528e-04 1.961553e-02 3.613314e-04 2.748103e-02 2.531096e-04 2.921487e-02 5.381578e-04
0.001825 T17-1629 3.303873e-02 1.651937e-02 1.513804e-02 7.569021e-03 1.816695e-02 9.083476e-03 1.693781e-02 8.468904e-03 3.363923e-02 1.134526e-02 2.548229e-02 5.622389e-03 5.742860e-02 1.583579e-02 4.331758e-03 7.979393e-05 1.695558e-02 3.123333e-04 3.060591e-02 5.637817e-04 4.730198e-02 4.356673e-04 5.502788e-02 5.068255e-04
0.001825 T17-2146 1.195357e-03 5.976786e-04 0.000000e+00 9.900000e+01 3.849249e-03 1.924625e-03 1.894095e-02 9.470473e-03 3.286754e-02 1.149971e-02 3.169005e-02 5.580360e-03 6.170273e-02 1.535344e-02 3.373869e-03 1.864469e-04 1.497040e-02 5.515298e-04 2.742841e-02 1.010500e-03 4.162445e-02 7.667508e-04 4.738630e-02 8.728879e-04
0.001825 T17-2160 4.071473e-03 2.035736e-03 1.813088e-02 9.065441e-03 0.000000e+00 9.900000e+01 1.848702e-02 9.243508e-03 9.915639e-03 4.957819e-03 2.351813e-02 5.604007e-03 5.003176e-02 1.519546e-02 2.789866e-03 1.284781e-04 8.735026e-03 4.022628e-04 1.544575e-02 7.113029e-04 2.261102e-02 4.165104e-04 2.575470e-02 4.744190e-04
0.001825 T17-2204 4.156047e-04 2.078023e-04 8.303847e-03 4.151924e-03 0.000000e+00 9.900000e+01 1.752566e-02 8.762829e-03 2.407120e-02 1.179355e-02 4.001213e-02 5.971057e-03 8.537575e-02 1.418025e-02 3.366537e-03 9.302084e-05 1.992541e-02 3.670395e-04 4.087864e-02 3.765062e-04 6.446892e-02 5.937807e-04 7.622639e-02 7.020710e-04
0.001825 T17-2177 1.523082e-02 7.615411e-03 2.389437e-02 1.194719e-02 4.455595e-02 1.740449e-02 4.955010e-02 1.403473e-02 1.116122e-01 1.133087e-02 1.823014e-01 6.004608e-03 2.366614e-01 1.419917e-02 1.255181e-02 1.156065e-04 7.499602e-02 6.907388e-04 1.403575e-01 1.292740e-03 1.928225e-01 1.775961e-03 2.079487e-01 1.915278e-03
0.001825 T17-2112 7.851699e-03 3.925850e-03 0.000000e+00 9.900000e+01 3.069569e-03 1.534785e-03 2.109486e-02 1.054743e-02 3.456244e-02 1.291854e-02 6.108353e-02 6.432808e-03 8.876630e-02 1.532750e-02 6.217166e-03 1.145244e-04 3.992742e-02 3.677451e-04 6.742390e-02 6.209971e-04 9.425923e-02 8.681596e-04 1.015919e-01 9.356964e-04
0.001825 T17-2162 1.171626e-02 5.858131e-03 3.336086e-03 1.668043e-03 3.135574e-02 1.567787e-02 2.684547e-02 1.342274e-02 3.023166e-02 1.139663e-02 4.019958e-02 5.935385e-03 5.526639e-02 1.397673e-02 6.713363e-03 1.236647e-04 2.183831e-02 4.022765e-04 3.186864e-02 5.870420e-04 4.337626e-02 3.995101e-04 4.385602e-02 4.039289e-04
0.001825 T17-2151 2.277609e-02 1.138804e-02 1.895316e-02 9.476581e-03 1.099876e-02 5.499380e-03 1.509657e-02 7.548283e-03 1.138282e-02 5.691408e-03 2.683415e-02 5.235783e-03 3.843215e-02 1.441455e-02 1.910817e-03 1.055956e-04 1.207501e-02 4.448596e-04 2.303681e-02 4.243537e-04 3.315558e-02 3.053742e-04 3.745335e-02 3.449581e-04
0.001825 T17-2104 6.427594e-03 3.213797e-03 0.000000e+00 9.900000e+01 4.538201e-03 2.269101e-03 0.000000e+00 9.900000e+01 3.422446e-02 1.125233e-02 3.053463e-02 5.265215e-03 4.515730e-02 1.466347e-02 3.216531e-03 1.185014e-04 1.269303e-02 3.507214e-04 2.145894e-02 3.952882e-04 3.114820e-02 2.868855e-04 3.452783e-02 6.360262e-04
0.001825 T17-2070 3.550187e-02 1.627756e-02 6.512790e-03 3.256395e-03 3.642351e-02 1.497492e-02 3.810642e-02 1.437793e-02 5.157933e-02 1.103807e-02 8.368817e-02 5.405331e-03 9.616118e-02 1.316695e-02 8.040536e-03 1.481122e-04 3.680768e-02 3.390112e-04 6.767969e-02 6.233530e-04 9.132366e-02 8.411220e-04 9.942860e-02 9.157712e-04
0.001825 T17-2170 4.429769e-02 1.652028e-02 3.097832e-02 1.548916e-02 9.628982e-03 4.814491e-03 4.101301e-02 1.418339e-02 5.111995e-02 1.240354e-02 9.219098e-02 5.234329e-03 9.025574e-02 1.427867e-02 1.253762e-02 1.154758e-04 4.608538e-02 4.244620e-04 7.392302e-02 6.808562e-04 9.893339e-02 9.112102e-04 1.058158e-01 9.745998e-04
0.001825 T17-2171 3.855046e-02 1.605096e-02 3.472197e-02 1.736098e-02 4.104608e-02 1.548658e-02 2.077943e-02 1.038972e-02 4.692950e-02 1.069891e-02 5.847181e-02 4.891719e-03 6.470798e-02 1.542544e-02 6.062279e-03 1.116713e-04 3.116727e-02 5.741223e-04 4.973189e-02 4.580477e-04 6.734111e-02 6.202345e-04 7.147905e-02 6.583464e-04
0.001825 T17-2179 1.650749e-02 8.253744e-03 1.717516e-02 8.587581e-03 3.658850e-02 1.467055e-02 3.485203e-02 1.399337e-02 5.268024e-02 1.242864e-02 8.387928e-02 5.899348e-03 9.082942e-02 1.477988e-02 1.150813e-02 1.059938e-04 4.369549e-02 4.024503e-04 7.107927e-02 6.546643e-04 9.196469e-02 8.470261e-04 9.325418e-02 8.589028e-04
0.001825 T17-2217 3.864890e-02 1.778899e-02 1.841302e-02 9.206510e-03 7.760546e-02 1.536108e-02 4.291699e-02 1.439662e-02 6.694504e-02 1.119341e-02 1.241807e-01 5.876712e-03 1.902633e-01 1.475937e-02 9.202905e-03 8.476189e-05 5.280756e-02 4.863756e-04 1.012371e-01 9.324285e-04 1.516356e-01 1.396615e-03 1.764340e-01 1.625017e-03
0.001825 T17-2079 1.424652e-02 7.123262e-03 2.054841e-02 1.027421e-02 7.860117e-03 3.930058e-03 0.000000e+00 9.900000e+01 1.846930e-02 9.234651e-03 2.476124e-02 5.222683e-03 4.153552e-02 1.560797e-02 4.425772e-03 1.222886e-04 1.688061e-02 4.664285e-04 2.733103e-02 5.034562e-04 3.558373e-02 3.277383e-04 3.668427e-02 3.378746e-04
0.001825 T17-2130 1.877085e-02 9.385426e-03 2.949984e-02 1.474992e-02 4.231334e-02 1.685865e-02 5.768591e-02 1.380419e-02 6.612656e-02 1.119603e-02 9.446012e-02 5.080225e-03 1.110036e-01 1.496743e-02 1.509750e-02 1.390531e-04 5.091105e-02 4.689081e-04 7.845033e-02 7.225542e-04 1.053835e-01 9.706181e-04 1.099034e-01 1.012248e-03
0.001825 T17-2131 3.524386e-02 1.607895e-02 6.124338e-02 1.985352e-02 1.071844e-01 1.524354e-02 8.693287e-02 1.478522e-02 1.964168e-01 1.194005e-02 2.859293e-01 6.224610e-03 3.057824e-01 1.446107e-02 3.720436e-02 3.426648e-04 1.481055e-01 1.364102e-03 2.081731e-01 1.917345e-03 2.574228e-01 2.370951e-03 2.517178e-01 2.318406e-03
0.001825 T17-2143 1.476925e-02 7.384625e-03 0.000000e+00 9.900000e+01 3.829411e-02 1.419226e-02 6.908744e-03 3.454372e-03 3.978164e-02 1.143578e-02 1.312318e-01 5.541909e-03 1.841239e-01 1.416027e-02 7.221983e-03 6.651693e-05 4.042218e-02 3.723020e-04 9.782702e-02 9.010202e-04 1.551216e-01 1.428723e-03 1.741540e-01 1.604018e-03
0.001825 T17-2193 0.000000e+00 9.900000e+01 2.981296e-02 1.490648e-02 3.329357e-04 1.664679e-04 2.523997e-03 1.261998e-03 2.334701e-02 1.132640e-02 3.763682e-02 5.369244e-03 4.688861e-02 1.520987e-02 1.870965e-03 8.616113e-05 8.947672e-03 3.296444e-04 1.973465e-02 7.270514e-04 2.932525e-02 2.700955e-04 3.446470e-02 6.348632e-04
0.001825 T17-2144 2.391938e-02 1.195969e-02 0.000000e+00 9.900000e+01 5.195941e-02 1.479474e-02 2.064553e-02 1.032277e-02 3.615288e-02 1.193852e-02 9.418282e-02 6.127008e-03 1.215452e-01 1.407937e-02 8.273542e-03 7.620213e-05 4.548550e-02 4.189370e-04 7.905532e-02 7.281264e-04 1.092150e-01 1.005907e-03 1.160463e-01 1.068826e-03
0.001825 T17-2148 1.333220e-02 6.666098e-03 2.804341e-02 1.402171e-02 0.000000e+00 9.900000e+01 0.000000e+00 9.900000e+01 4.223133e-02 1.048997e-02 3.798311e-02 6.017281e-03 6.758327e-02 1.334646e-02 5.821973e-03 1.072447e-04 2.340951e-02 4.312191e-04 3.262807e-02 6.010312e-04 4.467157e-02 4.114404e-04 4.747195e-02 4.372328e-04
0.001825 T17-2169 1.779776e-02 8.898879e-03 9.487898e-03 4.743949e-03 2.095464e-02 1.047732e-02 5.294000e-02 1.458210e-02 4.798026e-02 1.106116e-02 9.204904e-02 5.602059e-03 1.356322e-01 1.676705e-02 7.453352e-03 6.864791e-05 4.062902e-02 3.742071e-04 7.467899e-02 6.878189e-04 1.070880e-01 9.863172e-04 1.191824e-01 1.097711e-03
0.001825 T17-2207 1.294329e-03 6.471647e-04 1.777541e-02 8.887707e-03 0.000000e+00 9.900000e+01 0.000000e+00 9.900000e+01 0.000000e+00 9.900000e+01 2.612350e-02 5.283398e-03 3.986022e-02 1.369907e-02 2.372481e-03 6.555408e-05 9.138027e-03 3.366574e-04 1.623240e-02 4.485179e-04 2.049559e-02 1.887713e-04 2.283500e-02 4.206362e-04
0.001825 T17-2013 2.687215e-02 1.343607e-02 4.192615e-02 1.984005e-02 7.041336e-02 1.504352e-02 6.890362e-02 1.619269e-02 1.659903e-01 1.061280e-02 2.656490e-01 5.500620e-03 3.554442e-01 1.461989e-02 2.801183e-02 2.579985e-04 1.256463e-01 1.157245e-03 2.263776e-01 2.085015e-03 3.125713e-01 2.878888e-03 3.350795e-01 3.086196e-03
0.001825 T17-2031 5.667873e-03 2.833936e-03 3.876661e-02 1.806915e-02 2.457018e-02 1.228509e-02 5.646890e-02 1.425494e-02 6.029129e-02 1.145750e-02 9.461191e-02 4.761683e-03 1.488539e-01 1.428211e-02 1.566515e-02 1.442814e-04 5.149201e-02 4.742590e-04 7.951032e-02 7.323171e-04 1.109605e-01 1.021984e-03 1.147542e-01 1.056926e-03
0.001825 T17-2109 2.643978e-02 1.321989e-02 0.000000e+00 9.900000e+01 7.154434e-03 3.577217e-03 1.232647e-02 6.163235e-03 3.341042e-02 1.074629e-02 4.809881e-02 5.572886e-03 4.530341e-02 1.496095e-02 3.492784e-03 9.650918e-05 2.359546e-02 4.346444e-04 3.684392e-02 3.393450e-04 4.916407e-02 4.528178e-04 5.231078e-02 4.818001e-04
0.001825 T17-1971 2.244147e-02 1.122074e-02 5.221200e-03 2.610600e-03 8.548230e-03 4.274115e-03 9.603102e-03 4.801551e-03 3.208128e-02 1.217474e-02 3.991983e-02 5.549680e-03 6.106815e-02 1.469670e-02 2.838642e-03 1.045794e-04 8.327575e-03 3.834990e-04 2.752966e-02 1.267788e-03 3.941522e-02 3.630276e-04 5.172512e-02 4.764059e-04
0.001825 T17-1964 4.610084e-02 1.778191e-02 3.998867e-03 1.999433e-03 9.387287e-02 1.518237e-02 6.487225e-02 1.429642e-02 1.096618e-01 1.080264e-02 1.235569e-01 6.204507e-03 1.727189e-01 1.464120e-02 2.260726e-02 2.082206e-04 7.751729e-02 7.139606e-04 1.117951e-01 1.029671e-03 1.419461e-01 1.307372e-03 1.479304e-01 1.362489e-03
0.001825 T17-1972 6.207605e-02 1.866729e-02 1.029516e-01 1.854297e-02 1.473987e-01 1.464675e-02 1.309897e-01 1.428158e-02 2.181941e-01 1.231826e-02 3.513744e-01 6.077858e-03 4.958431e-01 1.601481e-02 4.972301e-02 4.579659e-04 1.955174e-01 1.800782e-03 3.003902e-01 2.766696e-03 4.217516e-01 3.884475e-03 4.600236e-01 4.236974e-03
0.001825 T17-2018 4.445879e-02 1.811947e-02 5.824002e-02 1.722832e-02 1.152897e-01 1.659893e-02 1.041122e-01 1.391352e-02 1.428995e-01 1.181440e-02 2.290610e-01 5.942095e-03 3.268101e-01 1.453233e-02 2.891319e-02 2.663003e-04 1.203670e-01 1.108621e-03 2.031388e-01 1.870978e-03 2.855341e-01 2.629866e-03 2.976438e-01 2.741401e-03
0.001825 T17-2064 3.593721e-02 1.796861e-02 6.937895e-02 1.709892e-02 7.449632e-02 1.511954e-02 8.281864e-02 1.386173e-02 1.403165e-01 1.187529e-02 2.027915e-01 6.820146e-03 2.368455e-01 1.556401e-02 3.029675e-02 2.790434e-04 1.121100e-01 1.032571e-03 1.728899e-01 1.592375e-03 2.302305e-01 2.120502e-03 2.379792e-01 2.191870e-03
0.001825 T17-2006 3.205200e-02 1.548558e-02 3.433168e-03 1.716584e-03 3.745369e-02 1.425609e-02 4.568791e-02 1.339525e-02 4.889920e-02 1.253817e-02 9.416894e-02 5.334908e-03 1.016329e-01 1.479755e-02 1.300395e-02 1.197708e-04 4.377891e-02 4.032186e-04 6.923543e-02 6.376819e-04 9.205634e-02 8.478702e-04 9.594080e-02 8.836474e-04
0.001825 T17-2069 0.000000e+00 9.900000e+01 5.272171e-03 2.636086e-03 6.941561e-03 3.470781e-03 0.000000e+00 9.900000e+01 6.342823e-02 1.067663e-02 4.140775e-02 5.253535e-03 6.203264e-02 1.305617e-02 8.082806e-03 7.444540e-05 2.724711e-02 2.509552e-04 4.120540e-02 3.795157e-04 5.432981e-02 5.003961e-04 5.613283e-02 5.170024e-04
0.001825 T17-2072 6.173992e-02 1.741735e-02 6.642741e-02 1.978847e-02 1.341676e-01 1.520975e-02 1.660134e-01 1.421287e-02 2.914254e-01 1.229804e-02 4.187602e-01 7.049975e-03 5.706064e-01 1.423157e-02 4.922760e-02 4.534029e-04 2.064979e-01 1.901916e-03 3.322730e-01 3.060347e-03 4.930781e-01 4.541418e-03 5.232039e-01 4.818886e-03
0.001825 T17-2118 0.000000e+00 9.900000e+01 1.810943e-02 9.054717e-03 0.000000e+00 9.900000e+01 1.341277e-02 6.706383e-03 3.190165e-02 1.164044e-02 3.962564e-02 5.963489e-03 6.393628e-02 1.472898e-02 7.667139e-03 7.061696e-05 2.270645e-02 4.182683e-04 3.463697e-02 3.190183e-04 4.523463e-02 4.166263e-04 4.629692e-02 4.264104e-04
0.001825 T17-2225 1.125423e-02 5.627117e-03 6.318685e-03 3.159343e-03 3.322731e-02 1.661366e-02 1.300417e-02 6.502083e-03 4.336044e-02 1.071563e-02 5.144095e-02 5.691634e-03 6.927854e-02 1.441727e-02 1.056632e-02 9.731945e-05 3.568662e-02 3.286859e-04 5.661931e-02 5.214831e-04 7.405734e-02 6.820933e-04 7.517585e-02 6.923952e-04
0.001825 T17-2184 2.682178e-03 1.341089e-03 3.764979e-02 1.882489e-02 1.501465e-02 7.507323e-03 0.000000e+00 9.900000e+01 1.550580e-02 7.752902e-03 1.130448e-02 5.652238e-03 6.391584e-02 1.646855e-02 2.826055e-03 7.808680e-05 5.914667e-03 2.723805e-04 1.214949e-02 5.595048e-04 1.679839e-02 3.094378e-04 1.976268e-02 5.460629e-04
0.001825 T17-1909 1.130152e-02 5.650759e-03 3.245649e-02 1.622824e-02 2.862623e-02 1.431312e-02 0.000000e+00 9.900000e+01 2.942991e-02 1.202709e-02 3.728244e-02 5.510004e-03 4.464845e-02 1.356066e-02 9.023004e-03 8.310494e-05 2.514445e-02 2.315889e-04 3.543242e-02 3.263447e-04 4.526910e-02 4.169439e-04 4.752325e-02 4.377053e-04
0.001825 T17-2035 8.347532e-02 1.992457e-02 8.895621e-02 2.260669e-02 1.270742e-01 1.697268e-02 1.015910e-01 1.601256e-02 1.910051e-01 1.149658e-02 2.975345e-01 7.002880e-03 4.067163e-01 1.418385e-02 3.744734e-02 3.449027e-04 1.520700e-01 1.400617e-03 2.390742e-01 2.201955e-03 3.440632e-01 3.168939e-03 3.544491e-01 3.264597e-03
0.001825 T17-1854 1.314647e-03 6.573234e-04 1.373730e-02 6.868650e-03 2.211415e-02 1.105707e-02 3.337655e-02 1.434642e-02 3.015236e-02 1.167722e-02 2.821518e-02 5.613872e-03 4.810146e-02 1.523563e-02 4.075370e-03 7.507109e-05 1.654325e-02 3.047380e-04 2.575970e-02 4.745111e-04 3.507032e-02 3.230096e-04 3.852896e-02 3.548649e-04
0.001825 T17-1925 1.433618e-02 7.168090e-03 0.000000e+00 9.900000e+01 1.507089e-02 7.535444e-03 1.642521e-02 8.212607e-03 3.517026e-02 1.209978e-02 4.085722e-02 5.475648e-03 5.786768e-02 1.455067e-02 6.588610e-03 6.068334e-05 2.483738e-02 2.287607e-04 4.011284e-02 3.694529e-04 5.612973e-02 5.169740e-04 5.727742e-02 5.275445e-04
0.001825 T17-1966 1.300084e-02 6.500421e-03 1.131658e-02 5.658288e-03 1.681489e-03 8.407444e-04 2.959097e-02 1.461217e-02 3.363879e-02 1.215218e-02 5.216985e-02 5.769333e-03 4.516985e-02 1.517939e-02 7.487304e-03 1.379212e-04 3.124233e-02 2.877525e-04 4.731810e-02 4.358159e-04 6.208744e-02 5.718465e-04 6.394946e-02 5.889963e-04
0.001825 T17-1822 0.000000e+00 9.900000e+01 2.047176e-02 1.023588e-02 9.724237e-03 4.862119e-03 5.802534e-02 1.579837e-02 1.980105e-02 9.900525e-03 6.017812e-02 4.854779e-03 7.814416e-02 1.606519e-02 4.743141e-03 1.310578e-04 2.507178e-02 2.309196e-04 4.593742e-02 4.230993e-04 6.781463e-02 6.245959e-04 7.509886e-02 6.916861e-04
0.001825 T17-1978 7.216000e-03 3.608000e-03 2.190014e-02 1.095007e-02 0.000000e+00 9.900000e+01 7.357183e-03 3.678591e-03 2.817503e-02 1.191209e-02 2.034750e-02 5.945425e-03 5.253510e-02 1.648202e-02 3.663054e-03 1.012139e-04 1.228012e-02 3.393123e-04 1.813091e-02 5.009754e-04 2.412493e-02 2.221988e-04 2.500732e-02 4.606518e-04
0.001825 T17-1977 3.198128e-03 1.599064e-03 0.000000e+00 9.900000e+01 7.216320e-03 3.608160e-03 3.379857e-02 1.485745e-02 0.000000e+00 9.900000e+01 1.632211e-02 5.321569e-03 5.777114e-02 1.583002e-02 3.387020e-03 9.358683e-05 1.025016e-02 3.776297e-04 1.597715e-02 5.886199e-04 2.010314e-02 1.851568e-04 2.141337e-02 5.916733e-04
0.001825 T17-0551 8.183853e-03 4.091927e-03 3.408634e-02 1.704317e-02 3.713206e-02 1.856603e-02 0.000000e+00 9.900000e+01 4.541118e-03 2.270559e-03 2.875391e-02 6.702924e-03 2.492906e-02 1.246453e-02 4.983893e-03 9.180670e-05 2.115154e-02 3.896258e-04 3.411326e-02 6.283895e-04 4.896359e-02 4.509713e-04 5.228660e-02 9.631547e-04
0.001825 T17-0557 2.204340e-02 1.102170e-02 1.368272e-02 6.841358e-03 1.860133e-02 9.300666e-03 0.000000e+00 9.900000e+01 6.811193e-03 3.405596e-03 5.502647e-02 1.361326e-02 3.894075e-02 1.947037e-02 5.822020e-03 1.072456e-04 3.258060e-02 6.001568e-04 5.353682e-02 4.930923e-04 6.945015e-02 6.396595e-04 9.167174e-02 8.443279e-04
0.001825 T17-0554 2.522873e-02 1.261437e-02 2.795541e-02 1.397770e-02 2.311209e-02 1.155604e-02 1.937679e-02 9.688396e-03 1.807513e-02 9.037565e-03 8.587611e-02 7.383943e-03 7.117811e-02 1.550362e-02 5.717236e-03 1.053154e-04 2.735559e-02 5.039086e-04 4.663522e-02 4.295263e-04 5.994026e-02 5.520702e-04 6.641569e-02 6.117111e-04
0.001825 T17-0594 4.528060e-02 1.938111e-02 4.460820e-02 2.167600e-02 2.959732e-02 1.479866e-02 2.391301e-02 1.195651e-02 4.131909e-02 1.417731e-02 5.716734e-02 6.287606e-03 7.274773e-02 1.549778e-02 1.166005e-02 1.073930e-04 3.380124e-02 3.113210e-04 4.863847e-02 4.479769e-04 5.990754e-02 5.517689e-04 6.471266e-02 5.960256e-04
0.001825 T17-0635 3.495447e-02 1.747724e-02 2.250951e-02 1.125476e-02 9.597010e-03 4.798505e-03 2.195352e-02 1.097676e-02 1.447909e-02 7.239544e-03 4.214874e-02 6.245527e-03 4.468291e-02 1.496190e-02 3.337638e-03 1.537039e-04 7.457606e-03 4.121226e-04 1.576055e-02 4.354801e-04 2.330217e-02 4.292419e-04 2.150167e-02 3.960754e-04
0.001825 T17-0627 3.890692e-03 1.945346e-03 1.249202e-03 6.246012e-04 2.278053e-02 1.139026e-02 2.367941e-02 1.183970e-02 0.000000e+00 9.900000e+01 1.620593e-02 6.504537e-03 4.870582e-02 1.417756e-02 1.965747e-03 1.086312e-04 1.132962e-02 4.173986e-04 2.121844e-02 5.862871e-04 3.106278e-02 5.721975e-04 3.350625e-02 6.172079e-04
0.001825 T17-0526 1.264809e-02 6.324045e-03 4.496241e-03 2.248120e-03 3.743998e-02 1.871999e-02 3.756317e-02 1.676849e-02 4.393604e-02 1.411598e-02 7.514447e-02 6.134219e-03 1.056746e-01 1.616438e-02 1.465692e-02 1.349952e-04 4.612100e-02 4.247901e-04 7.137682e-02 6.574048e-04 9.578497e-02 8.822122e-04 9.226611e-02 8.498023e-04
0.001825 T17-0545 0.000000e+00 9.900000e+01 2.228468e-02 1.114234e-02 7.939072e-03 3.969536e-03 1.068696e-03 5.343479e-04 4.589164e-02 1.296328e-02 6.458865e-02 6.506085e-03 7.837116e-02 1.585282e-02 6.614991e-03 1.218526e-04 3.315414e-02 3.053609e-04 5.300964e-02 4.882368e-04 6.877858e-02 6.334741e-04 6.824410e-02 6.285514e-04
0.001825 T17-0589 4.010726e-02 2.000707e-02 8.707584e-02 2.274636e-02 9.564684e-02 1.726754e-02 8.665392e-02 1.622019e-02 1.417314e-01 1.251844e-02 2.101580e-01 6.214647e-03 2.323959e-01 1.568145e-02 3.217845e-02 2.963745e-04 1.177693e-01 1.084695e-03 1.829484e-01 1.685017e-03 2.291570e-01 2.110614e-03 2.247757e-01 2.070261e-03
0.001825 T17-0587 5.121094e-03 2.560547e-03 1.415728e-02 7.078641e-03 3.793733e-02 1.880049e-02 2.578479e-04 1.289240e-04 5.134927e-03 2.567463e-03 2.893643e-02 6.041634e-03 1.386333e-02 6.931664e-03 2.200722e-03 1.013470e-04 1.265489e-02 3.496676e-04 2.476178e-02 4.561288e-04 3.401959e-02 3.133320e-04 3.659624e-02 6.741277e-04
0.001825 T17-0537 0.000000e+00 9.900000e+01 1.410930e-02 7.054649e-03 0.000000e+00 9.900000e+01 0.000000e+00 9.900000e+01 0.000000e+00 9.900000e+01 2.526082e-02 5.433932e-03 4.465810e-02 1.387454e-02 2.095902e-03 9.651984e-05 1.092042e-02 3.017424e-04 2.122958e-02 3.910632e-04 2.842040e-02 2.617615e-04 3.032571e-02 5.586202e-04
0.001825 T17-0519 0.000000e+00 9.900000e+01 9.446534e-04 4.723267e-04 2.068454e-02 1.034227e-02 4.531179e-02 1.616308e-02 4.485168e-02 1.254065e-02 6.005523e-02 5.976288e-03 9.475185e-02 1.595707e-02 8.706603e-03 8.019078e-05 3.873973e-02 3.568061e-04 6.313880e-02 5.815298e-04 7.991557e-02 7.360496e-04 8.214599e-02 7.565926e-04
0.001825 T17-0522 9.764060e-03 4.882030e-03 6.650863e-03 3.325432e-03 5.184071e-03 2.592036e-03 0.000000e+00 9.900000e+01 1.609796e-02 8.048979e-03 2.035284e-02 5.838737e-03 5.516503e-02 1.556291e-02 1.688536e-03 9.331195e-05 8.951478e-03 3.297846e-04 1.629713e-02 4.503065e-04 2.390532e-02 2.201762e-04 2.744609e-02 5.055757e-04
0.001825 T17-0529 0.000000e+00 9.900000e+01 2.008171e-02 1.004085e-02 2.495306e-03 1.247653e-03 4.483258e-02 1.755041e-02 3.279823e-02 1.118944e-02 4.604933e-02 5.778815e-03 5.547578e-02 1.566194e-02 7.205735e-03 1.327345e-04 2.200276e-02 4.053059e-04 3.244213e-02 5.976062e-04 4.224296e-02 3.890720e-04 4.633479e-02 4.267591e-04
0.001825 T17-0560 0.000000e+00 9.900000e+01 2.086051e-02 1.043026e-02 2.071885e-02 1.035942e-02 0.000000e+00 9.900000e+01 1.829528e-02 9.147642e-03 3.944339e-02 6.346757e-03 5.471425e-02 1.426680e-02 7.083552e-03 1.304838e-04 2.084109e-02 3.839070e-04 3.494802e-02 3.218832e-04 5.520594e-02 5.084655e-04 5.729100e-02 5.276696e-04
0.001825 T17-0525 6.560667e-03 3.280333e-03 0.000000e+00 9.900000e+01 8.478776e-03 4.239388e-03 3.348723e-03 1.674362e-03 2.594545e-02 1.231462e-02 5.627859e-02 6.847892e-03 7.115130e-02 1.619213e-02 4.160437e-03 1.532762e-04 2.036537e-02 3.751440e-04 4.994250e-02 4.599875e-04 8.302207e-02 7.646615e-04 9.335112e-02 8.597956e-04
0.001825 T17-0512 7.629245e-03 3.814623e-03 0.000000e+00 9.900000e+01 5.590947e-03 2.795473e-03 2.961952e-02 1.480976e-02 1.102051e-02 5.510253e-03 3.162847e-02 5.921584e-03 7.075920e-02 1.557267e-02 5.405009e-03 9.956394e-05 1.466137e-02 4.051088e-04 2.675326e-02 4.928132e-04 3.019001e-02 2.780603e-04 3.968608e-02 3.655223e-04
0.001825 T17-0510 0.000000e+00 9.900000e+01 4.270785e-02 2.135392e-02 2.501919e-02 1.250959e-02 2.568734e-02 1.284367e-02 4.429328e-02 1.373363e-02 4.938937e-02 6.751324e-03 8.407248e-02 1.467549e-02 1.077120e-02 9.920642e-05 3.705594e-02 3.412978e-04 5.665953e-02 5.218535e-04 7.469035e-02 6.879235e-04 7.651091e-02 7.046915e-04
0.001825 T17-0513 1.034018e-02 5.170088e-03 8.901549e-03 4.450774e-03 5.493383e-03 2.746692e-03 1.077666e-02 5.388330e-03 1.016647e-02 5.083235e-03 5.205931e-02 1.152205e-02 9.946631e-02 1.952823e-02 3.244653e-03 1.195374e-04 2.044465e-02 3.766044e-04 4.383267e-02 4.037138e-04 5.950036e-02 5.480185e-04 7.707099e-02 7.098501e-04
0.001825 T17-0707 0.000000e+00 9.900000e+01 6.504115e-03 3.252058e-03 7.307971e-03 3.653986e-03 1.797941e-02 8.989706e-03 4.493193e-02 1.248252e-02 3.718486e-02 5.757329e-03 1.041964e-02 5.209818e-03 5.677270e-03 1.045792e-04 1.947170e-02 3.586820e-04 2.968150e-02 5.467535e-04 3.496541e-02 3.220433e-04 3.922491e-02 3.612748e-04
0.001825 T17-0675 5.730181e-03 2.865091e-03 1.090223e-02 5.451116e-03 1.377266e-02 6.886331e-03 2.973559e-02 1.486780e-02 3.491010e-03 1.745505e-03 4.328534e-02 5.633048e-03 7.530011e-02 1.446671e-02 3.275081e-03 1.206584e-04 1.687122e-02 3.107794e-04 3.792194e-02 3.492739e-04 5.840631e-02 5.379420e-04 6.556152e-02 6.038439e-04
0.001825 T17-0680 4.337560e-02 1.807227e-02 5.964110e-02 2.312904e-02 5.291520e-02 1.806464e-02 6.912980e-02 1.680314e-02 7.889738e-02 1.228896e-02 1.010449e-01 5.758184e-03 1.053246e-01 1.616631e-02 1.551692e-02 1.429161e-04 6.064909e-02 5.585988e-04 9.092070e-02 8.374106e-04 1.133161e-01 1.043679e-03 1.138987e-01 1.049046e-03
0.001825 T17-0719 3.575940e-02 1.787970e-02 2.808606e-02 1.404303e-02 4.449432e-02 1.733091e-02 2.034666e-02 1.017333e-02 2.843805e-02 1.194085e-02 5.954679e-02 5.657441e-03 7.766340e-02 1.698339e-02 1.395775e-02 1.285556e-04 3.895554e-02 3.587938e-04 5.599336e-02 5.157179e-04 7.019985e-02 6.465645e-04 7.579685e-02 6.981148e-04
0.001825 T17-0652 3.400579e-02 1.700290e-02 1.399553e-02 6.997767e-03 2.533994e-02 1.266997e-02 5.449164e-03 2.724582e-03 7.627508e-02 1.209974e-02 1.192282e-01 6.755443e-03 1.415361e-01 1.419899e-02 6.667873e-03 1.228268e-04 4.300795e-02 3.961178e-04 8.374024e-02 7.712761e-04 1.257582e-01 1.158276e-03 1.453400e-01 1.338630e-03
0.001825 T17-0695 0.000000e+00 9.900000e+01 1.877626e-02 9.388130e-03 3.132901e-02 1.566451e-02 2.224441e-02 1.112221e-02 2.552453e-02 1.215940e-02 5.114368e-02 5.431729e-03 6.246413e-02 1.555999e-02 5.827698e-03 1.073502e-04 2.253755e-02 4.151571e-04 3.945795e-02 3.634212e-04 5.338006e-02 4.916485e-04 5.362422e-02 4.938973e-04
0.001825 T17-0650 5.137184e-02 1.997224e-02 1.909508e-02 9.547540e-03 2.825083e-02 1.412541e-02 1.515983e-02 7.579915e-03 1.227151e-02 6.135753e-03 5.549553e-02 6.717742e-03 5.970623e-02 1.548680e-02 1.469004e-02 1.353003e-04 5.505574e-02 5.070821e-04 8.061333e-02 7.424762e-04 9.888870e-02 9.107986e-04 9.684634e-02 8.919878e-04
0.001825 T17-0736 3.632182e-03 1.816091e-03 0.000000e+00 9.900000e+01 1.361096e-02 6.805479e-03 4.310415e-02 1.928424e-02 2.082815e-02 1.041408e-02 4.181093e-02 5.951351e-03 3.546479e-02 1.624097e-02 5.461666e-03 1.006076e-04 1.932229e-02 3.559298e-04 3.393147e-02 6.250408e-04 4.407157e-02 4.059141e-04 4.798024e-02 4.419143e-04
0.001825 T17-0710 0.000000e+00 9.900000e+01 3.578012e-04 1.789006e-04 1.906799e-03 9.533995e-04 0.000000e+00 9.900000e+01 1.711028e-02 8.555140e-03 4.244999e-02 6.507079e-03 4.777479e-02 1.397126e-02 3.136930e-03 8.667657e-05 1.641474e-02 4.535560e-04 3.324906e-02 6.124702e-04 4.452402e-02 4.100814e-04 4.992317e-02 4.598094e-04
0.001825 T17-0859 1.889420e-03 9.447101e-04 1.033609e-02 5.168045e-03 2.380720e-02 1.190360e-02 2.577653e-02 1.288826e-02 4.269485e-02 1.338068e-02 5.176118e-02 5.720099e-03 4.645006e-02 1.506239e-02 1.029802e-02 9.484827e-05 3.347430e-02 3.083097e-04 5.157956e-02 4.750653e-04 7.203506e-02 6.634674e-04 7.909251e-02 7.284689e-04
0.001825 T17-0861 0.000000e+00 9.900000e+01 0.000000e+00 9.900000e+01 5.185575e-02 2.592787e-02 8.626368e-02 3.479128e-02 1.460937e-01 3.216738e-02 1.769002e-01 2.228100e-02 1.738559e-01 2.819604e-02 3.346313e-02 3.082068e-04 1.385070e-01 1.275697e-03 1.698979e-01 1.564817e-03 2.088584e-01 1.923657e-03 2.212203e-01 2.037515e-03
0.001825 T17-0771 8.202738e-03 4.101369e-03 9.605493e-03 4.802747e-03 2.072860e-02 1.036430e-02 7.741321e-02 2.646008e-02 1.417799e-01 2.394907e-02 2.931516e-01 1.731402e-02 3.388755e-01 2.688341e-02 2.444288e-02 2.251273e-04 1.459642e-01 1.344380e-03 2.377655e-01 2.189901e-03 3.085325e-01 2.841690e-03 3.176488e-01 2.925653e-03
0.001825 T17-0794 6.346827e-03 3.173414e-03 1.271765e-02 6.358825e-03 0.000000e+00 9.900000e+01 8.362045e-03 4.181023e-03 1.604012e-02 8.020059e-03 5.726009e-02 5.917672e-03 4.033024e-02 1.510616e-02 2.657126e-03 9.789214e-05 1.692182e-02 3.117115e-04 3.375132e-02 6.217224e-04 4.891093e-02 4.504863e-04 5.470518e-02 5.038533e-04
0.001825 T17-0909 0.000000e+00 9.900000e+01 2.517225e-02 1.258612e-02 2.330450e-02 1.165225e-02 2.526585e-02 1.263292e-02 2.826199e-02 1.225929e-02 4.692451e-02 5.707920e-03 6.755641e-02 1.550804e-02 1.098543e-02 1.011796e-04 3.328058e-02 3.065254e-04 4.868420e-02 4.483981e-04 6.135807e-02 5.651287e-04 6.289914e-02 5.793225e-04
0.001825 T17-0905 1.489145e-02 7.445725e-03 1.817598e-02 9.087991e-03 4.096579e-02 1.641972e-02 2.829143e-02 1.414571e-02 2.224639e-02 1.112320e-02 1.013729e-01 6.647984e-03 1.260905e-01 1.492398e-02 8.232996e-03 1.516574e-04 4.468086e-02 4.115259e-04 8.251103e-02 7.599547e-04 1.252410e-01 1.153512e-03 1.358310e-01 1.251050e-03
0.001825 T17-0936 4.824651e-02 1.859969e-02 4.082466e-02 2.041233e-02 2.350002e-02 1.175001e-02 0.000000e+00 9.900000e+01 3.035376e-02 1.199616e-02 5.263707e-02 5.472779e-03 5.831459e-02 1.580519e-02 6.566315e-03 1.209560e-04 2.712041e-02 4.995765e-04 4.296371e-02 3.957104e-04 5.905091e-02 5.438790e-04 6.354002e-02 5.852252e-04
0.001825 T17-0935 6.619522e-03 3.309761e-03 1.068516e-04 5.342580e-05 1.837101e-03 9.185505e-04 2.684769e-02 1.342384e-02 4.279471e-02 1.183704e-02 2.954836e-02 5.775109e-03 3.603301e-02 1.528777e-02 4.631486e-03 8.531513e-05 1.877607e-02 3.458680e-04 3.085459e-02 5.683625e-04 4.124655e-02 3.798948e-04 4.316901e-02 3.976013e-04
0.001825 T17-0950 3.921029e-02 1.784780e-02 1.666503e-02 8.332515e-03 3.464903e-02 1.624291e-02 0.000000e+00 9.900000e+01 1.813387e-02 9.066935e-03 3.960241e-02 5.580797e-03 7.758418e-02 1.479803e-02 2.580073e-03 9.505341e-05 1.390221e-02 3.841323e-04 3.238659e-02 5.965830e-04 4.922210e-02 4.533523e-04 5.967196e-02 5.495991e-04
0.001825 T17-0811 4.365400e-03 2.182700e-03 7.388819e-03 3.694410e-03 0.000000e+00 9.900000e+01 0.000000e+00 9.900000e+01 0.000000e+00 9.900000e+01 2.539436e-02 5.823003e-03 7.691978e-03 3.845989e-03 3.241840e-03 8.957536e-05 9.543738e-03 3.516043e-04 1.407563e-02 5.185652e-04 1.908400e-02 3.515403e-04 2.010308e-02 5.554686e-04
0.001825 T17-0717 4.303219e-02 1.839845e-02 4.191232e-03 2.095616e-03 7.028803e-02 1.691536e-02 7.505225e-02 1.583242e-02 8.859428e-02 1.193628e-02 1.389491e-01 6.028264e-03 1.476301e-01 1.557063e-02 2.071125e-02 1.907576e-04 7.845545e-02 7.226014e-04 1.182678e-01 1.089287e-03 1.492824e-01 1.374941e-03 1.476392e-01 1.359808e-03
0.001825 T17-0744 2.147488e-02 1.073744e-02 4.898001e-02 1.953506e-02 3.555150e-02 1.777575e-02 5.751924e-02 1.954608e-02 5.870825e-02 1.224585e-02 9.969673e-02 6.867531e-03 1.238156e-01 1.398559e-02 1.578615e-02 1.453958e-04 5.577181e-02 5.136774e-04 8.440600e-02 7.774080e-04 1.111930e-01 1.024126e-03 1.159720e-01 1.068141e-03
0.001825 T17-0828 0.000000e+00 9.900000e+01 0.000000e+00 9.900000e+01 0.000000e+00 9.900000e+01 1.136075e-02 5.680374e-03 3.983256e-02 1.232077e-02 5.943706e-02 5.781517e-03 6.521386e-02 1.570837e-02 5.558059e-03 1.023832e-04 2.471655e-02 4.552957e-04 4.455370e-02 8.207096e-04 6.653736e-02 6.128317e-04 7.996917e-02 7.365433e-04
0.001825 T17-0866 9.203299e-03 4.601650e-03 1.507437e-02 7.537186e-03 0.000000e+00 9.900000e+01 3.780086e-02 1.721910e-02 1.701201e-02 8.506006e-03 2.176982e-02 7.207311e-03 7.251493e-02 1.537482e-02 5.028436e-03 9.262722e-05 2.441025e-02 4.496535e-04 4.183477e-02 3.853125e-04 5.841228e-02 5.379970e-04 6.217068e-02 5.726132e-04
0.001825 T17-1110 5.540788e-02 1.903994e-02 9.742117e-02 1.974937e-02 1.028132e-01 1.810389e-02 1.118478e-01 1.593891e-02 1.704789e-01 1.160659e-02 2.607085e-01 5.861999e-03 3.241485e-01 1.658579e-02 4.002744e-02 3.686663e-04 1.356088e-01 1.249003e-03 2.177926e-01 2.005944e-03 2.984543e-01 2.748866e-03 2.977660e-01 2.742526e-03
0.001825 T17-1002 3.387428e-02 1.693714e-02 3.829452e-02 1.914726e-02 1.101483e-01 1.591113e-02 7.456139e-02 1.713412e-02 1.314566e-01 1.401938e-02 2.426465e-01 6.642383e-03 3.082992e-01 1.415550e-02 4.121002e-02 3.795583e-04 1.461460e-01 1.346054e-03 2.324855e-01 2.141270e-03 3.156011e-01 2.906794e-03 3.177437e-01 2.926527e-03
0.001825 T17-1136 3.010508e-02 1.505254e-02 1.616826e-02 8.084130e-03 3.480111e-02 1.740056e-02 2.164086e-02 1.082043e-02 2.481279e-03 1.240639e-03 2.305491e-02 5.642807e-03 4.182388e-02 1.366922e-02 4.318823e-03 7.955565e-05 1.512804e-02 4.180031e-04 2.377015e-02 4.378624e-04 3.093400e-02 2.849127e-04 3.719077e-02 6.850792e-04
0.001825 T17-1097 1.802946e-02 9.014731e-03 4.342179e-03 2.171090e-03 9.895897e-03 4.947949e-03 3.747928e-03 1.873964e-03 4.557549e-02 1.302684e-02 6.964410e-02 6.567618e-03 9.300928e-02 1.599146e-02 4.075279e-03 7.506942e-05 2.721748e-02 5.013645e-04 5.144834e-02 4.738567e-04 7.905839e-02 7.281546e-04 8.750988e-02 8.059958e-04
0.001825 T17-1326 1.206364e-02 6.031818e-03 2.655380e-02 1.327690e-02 4.143505e-02 1.686680e-02 7.120712e-02 1.635066e-02 3.896413e-02 1.222541e-02 9.697795e-02 5.205040e-03 1.274043e-01 1.525956e-02 1.555412e-02 1.432587e-04 5.128189e-02 4.723237e-04 8.164313e-02 7.519610e-04 1.065117e-01 9.810092e-04 1.086630e-01 1.000823e-03
0.001825 T17-1415 1.843419e-02 9.217097e-03 3.537568e-04 1.768784e-04 4.753023e-02 1.708640e-02 3.247200e-02 1.623600e-02 2.390314e-02 1.182551e-02 5.975762e-02 5.710603e-03 4.318147e-02 1.547068e-02 7.139699e-03 6.575906e-05 2.736488e-02 5.040798e-04 5.206527e-02 4.795389e-04 7.886895e-02 7.264099e-04 8.998133e-02 8.287587e-04
0.001825 T17-1308 2.682556e-02 1.341278e-02 0.000000e+00 9.900000e+01 0.000000e+00 9.900000e+01 1.901911e-02 9.509556e-03 0.000000e+00 9.900000e+01 3.038035e-02 5.494957e-03 6.780286e-02 1.453483e-02 2.514549e-03 6.947956e-05 1.165305e-02 3.219857e-04 1.854624e-02 5.124515e-04 2.580155e-02 2.376411e-04 2.912555e-02 5.365125e-04
0.001825 T17-1170 1.063085e-02 5.315423e-03 1.460755e-03 7.303775e-04 1.612590e-02 8.062948e-03 2.205030e-02 1.102515e-02 3.365534e-03 1.682767e-03 2.460054e-02 5.628474e-03 2.597555e-02 1.298777e-02 2.167137e-03 7.984027e-05 9.379629e-03 3.455583e-04 1.821029e-02 6.708918e-04 2.574225e-02 2.370949e-04 2.695244e-02 4.964823e-04
0.001825 T17-1193 6.400471e-02 2.077310e-02 3.294248e-03 1.647124e-03 0.000000e+00 9.900000e+01 2.372233e-02 1.186116e-02 3.947419e-02 1.346034e-02 6.150346e-02 5.226206e-03 9.609190e-02 1.440138e-02 4.774749e-03 8.795414e-05 2.700609e-02 4.974705e-04 4.740292e-02 4.365971e-04 6.954541e-02 6.405369e-04 7.839806e-02 7.220728e-04
0.001825 T17-1379 1.050830e-02 5.254150e-03 1.145628e-02 5.728141e-03 1.593476e-02 7.967378e-03 0.000000e+00 9.900000e+01 8.644079e-03 4.322039e-03 3.653234e-02 5.747703e-03 3.209821e-02 1.398166e-02 3.181106e-03 8.789720e-05 7.815981e-03 2.879514e-04 1.403546e-02 5.170855e-04 1.640157e-02 3.021280e-04 1.904080e-02 5.261168e-04
0.001825 T17-1452 3.916245e-02 1.958122e-02 2.260384e-02 1.130192e-02 5.005223e-02 1.881855e-02 3.274960e-02 1.637480e-02 7.363256e-02 1.440149e-02 1.158808e-01 9.698229e-03 1.546350e-01 1.920166e-02 2.178063e-02 2.006070e-04 9.086587e-02 8.369056e-04 1.231897e-01 1.134619e-03 1.597525e-01 1.471374e-03 1.633138e-01 1.504176e-03
0.001825 T17-1514 0.000000e+00 9.900000e+01 3.790947e-02 1.895474e-02 1.368129e-02 6.840646e-03 4.025452e-02 1.800092e-02 3.595246e-02 1.147168e-02 4.244547e-02 5.872002e-03 6.629993e-02 1.371940e-02 8.467825e-03 7.799155e-05 3.102539e-02 2.857544e-04 4.914788e-02 4.526687e-04 6.488362e-02 5.976002e-04 6.816404e-02 6.278140e-04
0.001825 T17-1454 5.779900e-02 2.072182e-02 8.582360e-02 2.161207e-02 6.307383e-02 1.740587e-02 6.865774e-02 1.610403e-02 1.399729e-01 1.227023e-02 1.914512e-01 6.397076e-03 2.607889e-01 1.603220e-02 2.532989e-02 2.332969e-04 1.006248e-01 9.267887e-04 1.728289e-01 1.591813e-03 2.386137e-01 2.197713e-03 2.481782e-01 2.285806e-03
0.001825 T17-1491 6.782218e-03 3.391109e-03 6.587569e-03 3.293784e-03 0.000000e+00 9.900000e+01 2.594735e-02 1.297368e-02 1.758392e-02 8.791961e-03 6.173497e-02 5.354505e-03 1.101037e-01 1.512769e-02 5.741640e-03 1.057649e-04 2.819959e-02 2.597278e-04 5.120232e-02 4.715908e-04 7.541435e-02 6.945918e-04 9.090270e-02 8.372448e-04
0.001825 T17-1710 2.490767e-03 1.245384e-03 1.922443e-02 9.612213e-03 0.000000e+00 9.900000e+01 4.161195e-02 1.606026e-02 3.676617e-02 1.166091e-02 7.962511e-02 6.324507e-03 8.998560e-02 1.655304e-02 5.793379e-03 1.067180e-04 3.069498e-02 5.654224e-04 6.592428e-02 6.071851e-04 9.371210e-02 8.631203e-04 1.012261e-01 9.323268e-04
0.001825 T17-1639 6.599235e-02 1.806341e-02 3.872777e-02 1.936388e-02 9.176172e-02 1.665518e-02 9.217555e-02 1.731965e-02 1.403954e-01 1.289636e-02 2.292891e-01 6.454672e-03 3.449763e-01 1.483978e-02 2.301220e-02 2.119502e-04 1.130860e-01 1.041561e-03 2.035637e-01 1.874891e-03 2.999290e-01 2.762448e-03 3.178626e-01 2.927623e-03
0.001825 T17-1156 3.128636e-02 1.564318e-02 2.945337e-02 1.472668e-02 1.471855e-03 7.359277e-04 1.375730e-02 6.878648e-03 4.162188e-02 1.282926e-02 2.657522e-02 5.744791e-03 1.576858e-02 7.884292e-03 3.158097e-03 1.163486e-04 7.044157e-03 3.243954e-04 1.393365e-02 6.416681e-04 1.898717e-02 3.497567e-04 2.303848e-02 6.365768e-04
0.001825 T17-1115 1.936021e-02 9.680103e-03 1.539164e-02 7.695820e-03 1.056511e-03 5.282555e-04 0.000000e+00 9.900000e+01 1.201475e-02 6.007377e-03 2.685519e-02 5.699673e-03 5.082551e-02 1.479026e-02 3.389257e-03 9.364864e-05 1.155599e-02 3.193037e-04 1.672409e-02 4.621037e-04 2.279957e-02 2.099918e-04 2.280555e-02 4.200938e-04
0.001825 T17-0611 1.733567e-02 8.667836e-03 4.140479e-02 2.070239e-02 8.055274e-02 1.783184e-02 6.321354e-02 1.725275e-02 1.393852e-01 1.273513e-02 2.253576e-01 6.418799e-03 3.035754e-01 1.569373e-02 2.546313e-02 2.345241e-04 1.191085e-01 1.097030e-03 2.059678e-01 1.897033e-03 2.822914e-01 2.600000e-03 2.816667e-01 2.594246e-03
0.001825 T17-0644 6.244370e-02 1.696637e-02 7.110077e-03 3.555038e-03 2.921769e-02 1.460884e-02 0.000000e+00 9.900000e+01 4.440560e-02 1.167813e-02 4.786141e-02 6.651904e-03 4.866592e-02 1.566853e-02 1.082031e-02 9.965877e-05 2.987387e-02 2.751485e-04 4.967822e-02 4.575533e-04 6.553096e-02 6.035624e-04 6.654109e-02 6.128661e-04
0.001825 T17-0670 1.576730e-02 7.883650e-03 4.801756e-02 2.135379e-02 6.113695e-02 1.876092e-02 1.096133e-01 1.731328e-02 1.770846e-01 1.269699e-02 2.396441e-01 6.886553e-03 2.591396e-01 1.633794e-02 3.421917e-02 3.151702e-04 1.251712e-01 1.152870e-03 1.997823e-01 1.840063e-03 2.487088e-01 2.290693e-03 2.498059e-01 2.300797e-03
0.001825 T17-0542 5.419729e-02 2.006174e-02 5.635309e-02 2.294173e-02 7.544640e-02 1.950900e-02 8.580069e-02 1.921377e-02 1.243811e-01 1.380269e-02 1.905169e-01 6.301190e-03 2.322961e-01 1.535421e-02 3.407267e-02 3.138209e-04 9.939111e-02 9.154260e-04 1.534971e-01 1.413760e-03 1.957885e-01 1.803279e-03 1.926526e-01 1.774396e-03
0.001825 T17-0598 4.092913e-02 2.022407e-02 1.688631e-02 8.443154e-03 1.191733e-02 5.958663e-03 6.875557e-03 3.437779e-03 3.994533e-02 1.279802e-02 5.286003e-02 6.636451e-03 3.635294e-02 1.601991e-02 6.987974e-03 1.287232e-04 2.440591e-02 4.495736e-04 4.003547e-02 3.687403e-04 5.333320e-02 4.912169e-04 5.691951e-02 5.242481e-04
0.001825 T17-0671 1.145144e-02 5.725721e-03 1.928760e-02 9.643798e-03 1.887023e-02 9.435115e-03 2.830395e-02 1.415198e-02 4.349401e-02 1.275938e-02 4.201039e-02 6.910078e-03 5.957604e-02 1.550194e-02 8.754447e-03 8.063143e-05 2.587901e-02 4.767091e-04 3.762457e-02 3.465351e-04 4.568317e-02 4.207576e-04 4.654239e-02 8.573425e-04
0.001825 T17-0726 3.780301e-02 1.890151e-02 6.208590e-02 2.521571e-02 6.479954e-02 2.000005e-02 5.898417e-02 1.669483e-02 1.345531e-01 1.235975e-02 1.991663e-01 6.898968e-03 2.551444e-01 1.538979e-02 2.599257e-02 2.394004e-04 1.119561e-01 1.031154e-03 1.866643e-01 1.719242e-03 2.664046e-01 2.453677e-03 2.697962e-01 2.484915e-03
0.001825 T17-0760 3.061794e-02 1.530897e-02 3.611953e-03 1.805976e-03 5.011266e-03 2.505633e-03 0.000000e+00 9.900000e+01 1.964405e-02 9.822026e-03 5.081139e-02 6.768315e-03 4.993786e-02 1.426716e-02 4.459697e-03 8.215065e-05 2.187023e-02 4.028646e-04 3.964762e-02 3.651681e-04 5.356953e-02 4.933936e-04 5.735255e-02 5.282365e-04
0.001825 T17-0584 1.943401e-02 9.717007e-03 0.000000e+00 9.900000e+01 2.030688e-02 1.015344e-02 2.049518e-02 1.024759e-02 4.044278e-02 1.333689e-02 2.923684e-02 6.171788e-03 3.164070e-02 1.582035e-02 3.446577e-03 1.269766e-04 1.313673e-02 3.629812e-04 2.439982e-02 4.494613e-04 3.424910e-02 3.154459e-04 3.750499e-02 6.908675e-04
0.001825 T17-2917 5.035142e-03 2.517571e-03 4.364550e-02 2.182275e-02 0.000000e+00 9.900000e+01 0.000000e+00 9.900000e+01 0.000000e+00 9.900000e+01 5.294086e-02 8.648894e-03 4.612928e-02 1.155151e-02 2.968850e-03 1.093765e-04 1.189473e-02 3.286636e-04 2.454800e-02 4.521909e-04 4.270928e-02 3.933670e-04 4.320400e-02 7.958471e-04
0.001825 T17-2879 0.000000e+00 9.900000e+01 8.607269e-03 4.303635e-03 4.477633e-02 2.238817e-02 2.821836e-02 1.410918e-02 3.523933e-02 1.699401e-02 7.876508e-02 8.819987e-03 1.129503e-01 1.179803e-02 1.075133e-02 9.902343e-05 4.349942e-02 4.006444e-04 7.610276e-02 7.009324e-04 1.153632e-01 1.062534e-03 1.145966e-01 1.055473e-03
0.001825 T17-2837 2.101587e-02 1.050793e-02 0.000000e+00 9.900000e+01 0.000000e+00 9.900000e+01 2.380903e-02 1.190451e-02 4.063778e-02 1.756766e-02 3.338573e-02 8.061076e-03 5.260334e-02 1.124588e-02 4.865172e-03 8.961977e-05 1.634168e-02 3.010248e-04 2.700155e-02 4.973869e-04 3.940366e-02 7.258421e-04 3.735162e-02 6.880422e-04
0.001825 T17-2737 6.686593e-03 3.343296e-03 1.585475e-02 7.927376e-03 0.000000e+00 9.900000e+01 3.480811e-02 1.740406e-02 2.230119e-02 1.115060e-02 3.485135e-02 8.304971e-03 5.946838e-02 1.261032e-02 2.945526e-03 8.138790e-05 1.265812e-02 3.497567e-04 3.187533e-02 5.871653e-04 4.971099e-02 4.578551e-04 5.485476e-02 1.010462e-03
0.001825 T17-2821 0.000000e+00 9.900000e+01 3.090274e-02 1.545137e-02 0.000000e+00 9.900000e+01 6.580277e-03 3.290139e-03 2.490483e-02 1.245241e-02 7.873864e-02 7.720184e-03 1.060125e-01 1.088584e-02 6.333589e-03 1.166690e-04 2.749610e-02 2.532484e-04 5.659579e-02 5.212665e-04 8.801721e-02 8.106685e-04 9.662910e-02 8.899869e-04
0.001825 T17-2795 0.000000e+00 9.900000e+01 2.791018e-03 1.395509e-03 4.607233e-02 2.303617e-02 1.097667e-02 5.488337e-03 3.263329e-02 1.631665e-02 4.427411e-02 7.649084e-03 6.988352e-02 1.103439e-02 4.187572e-03 1.157069e-04 2.246533e-02 4.138267e-04 4.026753e-02 3.708776e-04 6.091074e-02 5.610086e-04 6.098257e-02 5.616702e-04
0.001825 T17-2740 2.646882e-02 1.323441e-02 0.000000e+00 9.900000e+01 3.929455e-02 1.964727e-02 5.577308e-02 2.340245e-02 8.462634e-02 1.728271e-02 9.069641e-02 8.570727e-03 8.491245e-02 1.304812e-02 1.161360e-02 1.069652e-04 4.910462e-02 4.522703e-04 7.891509e-02 7.268348e-04 9.971416e-02 9.184013e-04 9.503886e-02 8.753402e-04
0.001825 T17-2718 1.050425e-02 5.252126e-03 0.000000e+00 9.900000e+01 3.373542e-02 1.686771e-02 0.000000e+00 9.900000e+01 2.949267e-02 1.474633e-02 3.606643e-02 7.512547e-03 3.702954e-02 1.160446e-02 2.916992e-03 1.074660e-04 8.853152e-03 3.261622e-04 1.742380e-02 3.209582e-04 2.797332e-02 5.152877e-04 2.896619e-02 8.003653e-04
0.001825 T17-2715 1.425861e-02 7.129304e-03 0.000000e+00 9.900000e+01 0.000000e+00 9.900000e+01 0.000000e+00 9.900000e+01 2.262901e-02 1.131451e-02 4.553260e-02 8.291862e-03 6.837084e-02 1.184150e-02 3.418293e-03 1.259346e-04 2.088210e-02 3.846626e-04 4.222997e-02 3.889524e-04 6.777933e-02 6.242707e-04 7.982977e-02 7.352593e-04
0.001825 T17-2843 8.925463e-03 4.462732e-03 4.018799e-02 2.009399e-02 1.282687e-03 6.413434e-04 3.355470e-02 1.677735e-02 9.925398e-03 4.962699e-03 3.128141e-02 7.640921e-03 4.530538e-02 1.125435e-02 2.901556e-03 1.068973e-04 1.238612e-02 3.422411e-04 2.123896e-02 3.912361e-04 3.043321e-02 5.606004e-04 3.252095e-02 8.985871e-04
0.001825 T17-2810 0.000000e+00 9.900000e+01 4.178799e-02 2.089399e-02 1.094654e-02 5.473272e-03 6.594439e-03 3.297219e-03 1.684495e-02 8.422475e-03 3.817665e-02 7.652589e-03 7.288747e-02 1.210059e-02 4.259840e-03 1.177037e-04 1.954666e-02 3.600628e-04 3.409132e-02 3.139927e-04 5.157793e-02 4.750503e-04 5.508428e-02 1.014690e-03
0.001825 T17-2826 4.384658e-04 2.192329e-04 0.000000e+00 9.900000e+01 2.405510e-02 1.202755e-02 1.088919e-02 5.444597e-03 2.044243e-02 1.022121e-02 3.644118e-02 8.454677e-03 5.306325e-02 1.053236e-02 4.381896e-03 1.210763e-04 1.432800e-02 3.958972e-04 2.745386e-02 5.057188e-04 3.935104e-02 7.248730e-04 3.835836e-02 7.065871e-04
0.001825 T17-2988 3.048805e-02 1.524403e-02 7.270128e-03 3.635064e-03 0.000000e+00 9.900000e+01 0.000000e+00 9.900000e+01 1.757245e-02 8.786226e-03 3.689017e-02 7.757701e-03 3.699871e-02 1.194805e-02 2.916361e-03 8.058204e-05 1.515149e-02 2.791009e-04 2.582065e-02 4.756340e-04 4.140075e-02 3.813150e-04 4.152899e-02 7.649923e-04
0.001825 T17-2945 2.891759e-02 1.445879e-02 2.799736e-02 1.399868e-02 2.750236e-02 1.375118e-02 5.470287e-02 2.173762e-02 5.165651e-02 1.696553e-02 1.029253e-02 5.146263e-03 2.696227e-02 1.139359e-02 1.903366e-03 1.227145e-04 5.365681e-03 3.459382e-04 1.417819e-02 3.917577e-04 1.869424e-02 5.165410e-04 2.608808e-02 7.208404e-04
0.001825 T17-2986 4.366585e-02 2.099707e-02 0.000000e+00 9.900000e+01 4.455428e-02 2.227714e-02 5.787372e-02 2.101148e-02 1.023981e-01 1.597214e-02 1.649238e-01 8.204138e-03 2.426060e-01 2.573554e-02 1.622820e-02 1.494672e-04 7.738488e-02 7.127411e-04 1.302975e-01 1.200084e-03 2.010027e-01 1.851304e-03 1.959072e-01 1.804372e-03
0.001825 T17-2936 3.676227e-02 1.838113e-02 2.951433e-03 1.475717e-03 0.000000e+00 9.900000e+01 3.585655e-02 1.792828e-02 5.142040e-02 1.737753e-02 2.729019e-02 7.711353e-03 4.668324e-02 1.174396e-02 6.980496e-03 1.285855e-04 2.060186e-02 3.795003e-04 2.963601e-02 2.729577e-04 3.979742e-02 7.330957e-04 4.023056e-02 7.410743e-04
0.001825 T17-2924 2.670320e-02 1.335160e-02 3.539411e-02 1.769705e-02 6.209137e-03 3.104569e-03 4.258436e-03 2.129218e-03 3.926715e-02 1.609729e-02 3.122178e-02 7.869981e-03 3.699958e-02 1.110615e-02 2.130985e-03 9.813546e-05 7.367981e-03 2.714464e-04 1.729863e-02 3.186526e-04 2.927650e-02 5.392930e-04 3.277340e-02 6.037083e-04
0.001825 T17-2954 3.145439e-02 1.572720e-02 1.334874e-02 6.674372e-03 4.549557e-02 2.274779e-02 6.528709e-02 2.120736e-02 6.632768e-02 1.723055e-02 1.106994e-01 9.081666e-03 1.572871e-01 1.145890e-02 1.377588e-02 1.268805e-04 5.312672e-02 4.893152e-04 8.617876e-02 7.937357e-04 1.212118e-01 1.116402e-03 1.283264e-01 1.181930e-03
0.001825 T17-2949 0.000000e+00 9.900000e+01 2.009368e-02 1.004684e-02 3.829897e-02 1.914948e-02 4.993848e-02 2.111003e-02 8.963586e-02 1.737830e-02 1.186653e-01 7.862229e-03 1.738222e-01 1.243664e-02 1.608699e-02 1.481667e-04 6.206038e-02 5.715973e-04 9.706170e-02 8.939713e-04 1.483490e-01 1.366345e-03 1.472700e-01 1.356407e-03
0.001825 T17-2942 4.467414e-02 1.965682e-02 2.171418e-02 1.085709e-02 5.203599e-02 2.601799e-02 0.000000e+00 9.900000e+01 0.000000e+00 9.900000e+01 4.743028e-02 7.779893e-03 4.030539e-02 1.214622e-02 7.187829e-03 1.324047e-04 1.955969e-02 3.603028e-04 3.062114e-02 2.820311e-04 4.041347e-02 7.444436e-04 4.915039e-02 9.053836e-04
0.001825 T17-2950 4.028525e-03 2.014263e-03 3.397606e-03 1.698803e-03 1.592768e-02 7.963838e-03 1.926948e-02 9.634739e-03 1.631476e-02 8.157379e-03 2.793323e-02 7.719112e-03 6.117382e-02 1.133130e-02 4.395636e-03 1.214559e-04 1.114417e-02 3.079247e-04 1.972296e-02 3.633104e-04 2.807198e-02 5.171049e-04 3.088745e-02 8.534517e-04
0.001825 T17-2992 1.889546e-02 9.447730e-03 2.348151e-02 1.174076e-02 8.531610e-02 4.180924e-02 3.818554e-02 1.909277e-02 9.793505e-02 2.711453e-02 9.827007e-02 1.169701e-02 1.144899e-01 1.503109e-02 1.257026e-02 1.157764e-04 4.968237e-02 4.575915e-04 7.960882e-02 7.332243e-04 1.083396e-01 9.978442e-04 1.078031e-01 9.929032e-04
0.001825 T17-2893 2.220971e-02 1.110486e-02 8.181721e-03 4.090861e-03 0.000000e+00 9.900000e+01 3.141957e-02 1.570978e-02 5.084135e-02 1.603478e-02 2.693155e-02 7.562026e-03 4.498063e-02 1.078632e-02 3.585044e-03 9.905843e-05 1.819385e-02 3.351431e-04 3.084935e-02 2.841330e-04 4.177427e-02 3.847553e-04 4.757428e-02 8.763507e-04
0.001825 T17-2898 3.366458e-02 1.683229e-02 4.167106e-02 2.083553e-02 1.832067e-02 9.160336e-03 2.730687e-02 1.365344e-02 1.190364e-02 5.951821e-03 3.579052e-02 7.625506e-03 4.810289e-02 1.127408e-02 4.560911e-03 1.260226e-04 1.819599e-02 3.351825e-04 2.836619e-02 5.225246e-04 3.653160e-02 6.729370e-04 4.022903e-02 7.410462e-04
0.001825 T17-2965 0.000000e+00 9.900000e+01 2.341035e-02 1.170518e-02 0.000000e+00 9.900000e+01 6.133417e-02 2.529394e-02 4.104241e-02 1.928156e-02 8.015605e-02 9.580576e-03 8.023178e-02 1.365609e-02 8.721155e-03 1.606496e-04 3.765900e-02 3.468522e-04 5.383584e-02 4.958464e-04 7.987943e-02 7.357167e-04 8.189564e-02 7.542867e-04
0.001825 T17-2547 4.863104e-03 2.431552e-03 6.006059e-02 2.747856e-02 0.000000e+00 9.900000e+01 4.531857e-02 2.265929e-02 7.485582e-02 1.790961e-02 8.378491e-02 7.886959e-03 9.173705e-02 1.144914e-02 1.853355e-02 1.707003e-04 5.325277e-02 4.904762e-04 7.954424e-02 7.326295e-04 1.024117e-01 9.432463e-04 9.944562e-02 9.159281e-04
0.001825 T17-2531 6.073107e-03 3.036553e-03 1.994201e-02 9.971007e-03 2.829055e-02 1.414527e-02 0.000000e+00 9.900000e+01 5.322649e-03 2.661324e-03 2.267974e-02 7.494012e-03 5.411724e-02 1.247116e-02 2.260879e-03 1.041173e-04 8.185429e-03 3.015623e-04 2.146295e-02 3.953621e-04 3.480728e-02 6.411738e-04 4.064991e-02 7.487990e-04
0.001825 T17-2499 3.694468e-03 1.847234e-03 0.000000e+00 9.900000e+01 5.716593e-03 2.858297e-03 2.141354e-02 1.070677e-02 1.510065e-02 7.550323e-03 4.734923e-02 8.417441e-03 6.440654e-02 1.178200e-02 3.051187e-03 1.124099e-04 1.764969e-02 3.251193e-04 3.809674e-02 3.508839e-04 5.841920e-02 5.380608e-04 5.939438e-02 5.470425e-04
0.001825 T17-2465 2.973347e-03 1.486674e-03 6.222440e-03 3.111220e-03 0.000000e+00 9.900000e+01 6.271851e-04 3.135926e-04 7.532163e-02 1.627787e-02 3.463069e-02 8.652132e-03 6.404899e-02 1.124196e-02 6.041572e-03 1.112899e-04 1.884795e-02 3.471921e-04 3.290488e-02 3.030651e-04 5.634182e-02 5.189273e-04 5.887874e-02 5.422933e-04
0.001825 T17-2429 2.008978e-02 1.004489e-02 3.385527e-03 1.692763e-03 3.131304e-02 1.565652e-02 5.651847e-02 2.133207e-02 4.723677e-03 2.361838e-03 5.815856e-02 8.473120e-03 8.076276e-02 1.108914e-02 9.205032e-03 8.478148e-05 2.820940e-02 2.598182e-04 4.793417e-02 4.414901e-04 6.766692e-02 6.232354e-04 6.754708e-02 6.221316e-04
0.001825 T17-2497 9.029494e-02 2.110699e-02 3.749839e-02 1.874919e-02 9.148434e-02 2.514363e-02 8.431576e-02 2.609794e-02 9.509552e-02 1.814187e-02 1.460060e-01 9.454609e-03 1.571806e-01 1.579897e-02 2.815390e-02 2.593070e-04 1.105515e-01 1.018217e-03 1.743704e-01 1.606011e-03 2.306683e-01 2.124534e-03 2.455162e-01 2.261288e-03
0.001825 T17-2506 3.928070e-02 1.964035e-02 8.241998e-02 2.456356e-02 9.224215e-02 2.655062e-02 5.541768e-02 2.454302e-02 1.248701e-01 2.251396e-02 1.640252e-01 8.796034e-03 2.161270e-01 1.392941e-02 2.215557e-02 2.040603e-04 9.148119e-02 8.425729e-04 1.545495e-01 1.423453e-03 2.126830e-01 1.958883e-03 2.267562e-01 2.088502e-03
0.001825 T17-2538 2.610508e-02 1.305254e-02 2.207239e-02 1.103620e-02 1.271000e-02 6.355000e-03 2.223361e-03 1.111680e-03 2.122953e-02 1.061477e-02 2.759523e-02 7.817816e-03 5.511876e-02 1.209168e-02 1.881155e-03 1.212826e-04 1.185934e-02 3.276856e-04 2.407590e-02 4.434945e-04 3.221909e-02 5.934976e-04 3.835782e-02 7.065772e-04
0.001825 T17-2493 0.000000e+00 9.900000e+01 1.358460e-02 6.792298e-03 0.000000e+00 9.900000e+01 1.210454e-02 6.052268e-03 1.643816e-02 8.219082e-03 5.607491e-02 8.041584e-03 8.681859e-02 1.196981e-02 7.277993e-03 1.340656e-04 3.174979e-02 2.924264e-04 5.719482e-02 5.267837e-04 6.917456e-02 6.371212e-04 7.239768e-02 6.668073e-04
0.001825 T17-2792 7.010613e-02 1.820181e-02 2.387646e-02 1.193823e-02 2.667069e-02 1.333535e-02 5.364561e-02 2.122959e-02 6.728508e-02 1.567326e-02 1.269578e-01 7.295522e-03 1.542613e-01 1.067125e-02 2.050457e-02 1.888541e-04 6.500906e-02 5.987556e-04 1.023264e-01 9.424607e-04 1.286640e-01 1.185039e-03 1.335970e-01 1.230474e-03
0.001825 T17-2767 2.036728e-02 1.018364e-02 2.742324e-03 1.371162e-03 0.000000e+00 9.900000e+01 0.000000e+00 9.900000e+01 2.831430e-02 1.415715e-02 2.415379e-02 8.407829e-03 5.532587e-02 1.056272e-02 3.083727e-03 1.136087e-04 1.285337e-02 3.551516e-04 2.192022e-02 4.037854e-04 2.802646e-02 5.162665e-04 3.016004e-02 8.333526e-04
0.001825 T17-2761 0.000000e+00 9.900000e+01 3.524087e-02 1.762044e-02 0.000000e+00 9.900000e+01 2.218188e-02 1.109094e-02 7.002667e-02 1.689428e-02 5.471481e-02 8.197122e-03 7.158047e-02 1.195018e-02 7.203762e-03 1.326982e-04 2.319482e-02 4.272643e-04 4.028185e-02 3.710095e-04 6.306141e-02 5.808170e-04 6.540081e-02 6.023637e-04
0.001825 T17-2746 8.114104e-02 1.970025e-02 4.196644e-02 2.098322e-02 1.046791e-01 2.907425e-02 1.261313e-01 2.189314e-02 2.598766e-01 1.756440e-02 3.668538e-01 8.467931e-03 4.453065e-01 1.040777e-02 4.722431e-02 4.349520e-04 1.874800e-01 1.726755e-03 3.218313e-01 2.964176e-03 3.959360e-01 3.646705e-03 4.027399e-01 3.709371e-03
0.001825 T17-2730 1.293979e-02 6.469896e-03 3.699056e-02 1.849528e-02 0.000000e+00 9.900000e+01 0.000000e+00 9.900000e+01 3.206368e-02 1.603184e-02 1.819751e-02 8.073318e-03 4.062286e-02 1.153446e-02 3.411840e-03 1.256968e-04 1.687094e-02 3.107742e-04 2.541979e-02 4.682499e-04 3.791104e-02 6.983471e-04 4.548917e-02 8.379415e-04
0.001825 T17-2728 5.794150e-02 2.128025e-02 0.000000e+00 9.900000e+01 1.217938e-02 6.089691e-03 3.490638e-02 1.745319e-02 9.096587e-02 1.697289e-02 1.112582e-01 8.859568e-03 1.256451e-01 1.107868e-02 1.432276e-02 1.319175e-04 5.122595e-02 4.718084e-04 8.766645e-02 8.074379e-04 1.116846e-01 1.028653e-03 1.155736e-01 1.064473e-03
0.001825 T17-2615 2.184520e-02 1.092260e-02 7.236942e-02 2.415326e-02 7.408599e-02 2.576611e-02 7.281128e-02 2.285503e-02 1.082716e-01 1.817929e-02 2.649302e-01 1.472110e-02 3.341463e-01 2.012121e-02 1.871542e-02 1.723754e-04 9.450045e-02 8.703813e-04 1.363180e-01 1.255535e-03 1.823184e-01 1.679215e-03 1.960692e-01 1.805864e-03
0.001825 T17-2620 0.000000e+00 9.900000e+01 1.788960e-02 8.944802e-03 2.406366e-02 1.203183e-02 3.122568e-02 1.561284e-02 3.439882e-02 1.719941e-02 7.167549e-02 7.099989e-03 8.875416e-02 1.219152e-02 6.363450e-03 1.172191e-04 3.041176e-02 2.801027e-04 5.373731e-02 4.949389e-04 6.801828e-02 6.264715e-04 7.520569e-02 6.926700e-04
0.001825 T17-2608 7.128517e-02 1.837796e-02 7.115616e-02 2.716148e-02 7.263880e-02 2.584716e-02 7.536612e-02 2.085241e-02 8.781952e-02 1.528549e-02 1.226526e-01 7.510770e-03 1.357896e-01 1.008746e-02 1.839230e-02 1.693994e-04 6.542919e-02 6.026251e-04 9.880795e-02 9.100549e-04 1.161467e-01 1.069751e-03 1.181805e-01 1.088483e-03
0.001825 T17-2639 1.413177e-02 7.065886e-03 5.803552e-02 2.339391e-02 2.733006e-02 1.366503e-02 7.326075e-03 3.663037e-03 8.517934e-03 4.258967e-03 1.712518e-02 8.562592e-03 3.290852e-02 1.071167e-02 5.735182e-03 1.056460e-04 2.080440e-02 3.832313e-04 2.498329e-02 4.602091e-04 3.468669e-02 6.389524e-04 3.403238e-02 6.268995e-04
0.001825 T17-2579 5.022589e-02 2.004523e-02 8.714886e-03 4.357443e-03 4.088610e-02 2.044305e-02 3.941265e-02 1.970632e-02 2.662243e-02 1.331121e-02 7.147261e-02 7.967650e-03 7.048164e-02 1.048557e-02 7.336639e-03 1.351459e-04 3.439044e-02 3.167477e-04 5.744639e-02 5.291008e-04 6.813258e-02 6.275243e-04 7.257974e-02 6.684841e-04
0.001825 T17-2706 0.000000e+00 9.900000e+01 1.429354e-02 7.146772e-03 7.833271e-04 3.916635e-04 2.025852e-02 1.012926e-02 9.718502e-03 4.859251e-03 4.358010e-02 7.552813e-03 5.892475e-02 1.065249e-02 3.619121e-03 1.000000e-04 1.872356e-02 3.449007e-04 3.266291e-02 6.016730e-04 4.481444e-02 4.127563e-04 4.596352e-02 8.466793e-04
0.001825 T17-2722 0.000000e+00 9.900000e+01 8.976402e-02 2.342643e-02 1.504463e-02 7.522315e-03 2.878290e-02 1.439145e-02 5.981426e-02 1.761268e-02 1.354251e-01 8.223173e-03 1.304327e-01 1.213374e-02 1.962579e-02 1.807602e-04 7.096012e-02 6.535668e-04 1.099218e-01 1.012417e-03 1.290329e-01 1.188437e-03 1.323907e-01 1.219363e-03
0.001825 T17-3096 6.725357e-04 3.362679e-04 6.668042e-03 3.334021e-03 8.659185e-03 4.329592e-03 9.440664e-04 4.720332e-04 4.566786e-03 2.283393e-03 3.080136e-02 3.689844e-03 4.740937e-02 9.240527e-03 3.179606e-03 8.785575e-05 8.565166e-03 3.155524e-04 2.243842e-02 4.133310e-04 3.624462e-02 6.676506e-04 4.131261e-02 7.610063e-04
0.001825 T17-3031 1.994601e-02 9.473983e-03 1.736491e-02 8.682453e-03 0.000000e+00 9.900000e+01 0.000000e+00 9.900000e+01 2.224821e-02 8.279983e-03 1.865766e-02 4.031452e-03 3.322434e-02 9.346635e-03 1.720449e-03 9.507552e-05 1.061005e-02 2.931664e-04 2.146278e-02 3.953590e-04 3.189746e-02 5.875730e-04 3.601468e-02 6.634149e-04
0.001825 T17-3066 5.521485e-03 2.760742e-03 8.374680e-04 4.187340e-04 1.601578e-02 8.007888e-03 1.670526e-02 8.352629e-03 1.976750e-02 7.535090e-03 4.311827e-02 3.589799e-03 7.165733e-02 9.789254e-03 3.331869e-03 9.206295e-05 1.670280e-02 3.076770e-04 3.182655e-02 2.931334e-04 4.406950e-02 4.058951e-04 4.631029e-02 8.530672e-04
0.001825 T17-3026 1.373527e-02 6.867637e-03 1.211797e-02 6.058984e-03 9.431222e-03 4.715611e-03 8.041462e-03 4.020731e-03 7.376465e-05 3.688233e-05 1.493837e-02 3.403850e-03 1.619111e-02 8.095556e-03 1.167777e-03 9.680062e-05 7.071299e-03 3.256454e-04 1.540039e-02 4.255286e-04 2.374883e-02 4.374697e-04 2.378983e-02 6.573373e-04
0.001825 T17-2998 1.384655e-02 6.923276e-03 1.187454e-02 5.937268e-03 1.479320e-02 7.396600e-03 1.259096e-02 6.295480e-03 5.680381e-03 2.840191e-03 1.925970e-02 4.091240e-03 1.559813e-02 7.799063e-03 3.772883e-03 1.042486e-04 1.102847e-02 3.047280e-04 1.459655e-02 4.033175e-04 1.820426e-02 5.030023e-04 1.908984e-02 7.032958e-04
0.001825 T17-3054 1.101912e-02 5.509562e-03 9.748133e-03 4.874067e-03 1.113860e-03 5.569300e-04 0.000000e+00 9.900000e+01 1.483582e-02 7.206424e-03 2.168617e-02 3.520296e-03 2.197105e-02 9.102717e-03 4.193785e-03 1.158786e-04 1.032336e-02 2.852449e-04 2.055570e-02 3.786500e-04 2.790753e-02 5.140757e-04 3.212948e-02 5.918469e-04
0.001825 T17-3132 1.245062e-02 6.225310e-03 6.531453e-03 3.265726e-03 4.007017e-03 2.003508e-03 0.000000e+00 9.900000e+01 1.687697e-02 8.438487e-03 2.813511e-02 3.480534e-03 4.153165e-02 8.914001e-03 4.041090e-03 1.116595e-04 1.194573e-02 3.300727e-04 2.268874e-02 4.179420e-04 3.817328e-02 7.031778e-04 4.065639e-02 7.489184e-04
0.001825 T17-3141 5.683310e-03 2.841655e-03 6.084347e-03 3.042173e-03 0.000000e+00 9.900000e+01 0.000000e+00 9.900000e+01 2.267764e-03 1.133882e-03 2.948305e-02 3.729037e-03 3.708538e-02 8.437926e-03 2.038267e-03 1.126388e-04 1.200467e-02 3.317012e-04 2.001341e-02 3.686606e-04 3.242469e-02 5.972848e-04 3.681233e-02 6.781082e-04
0.001825 T17-3156 4.917451e-03 2.458725e-03 0.000000e+00 9.900000e+01 1.331656e-02 6.658278e-03 1.540696e-02 7.703479e-03 1.824592e-02 9.011333e-03 2.696360e-02 3.347060e-03 4.774500e-02 9.038183e-03 2.505473e-03 9.230505e-05 1.281461e-02 3.540806e-04 1.960645e-02 3.611642e-04 3.170664e-02 5.840579e-04 3.219250e-02 8.895117e-04
0.001825 T17-3106 1.330128e-02 6.650641e-03 0.000000e+00 9.900000e+01 1.128206e-02 5.641032e-03 1.310797e-02 6.553986e-03 4.012254e-02 7.851644e-03 7.386901e-02 3.853114e-03 8.825659e-02 9.877810e-03 5.842108e-03 1.076156e-04 3.280822e-02 3.021749e-04 6.043479e-02 5.566250e-04 8.412774e-02 7.748451e-04 8.578192e-02 7.900807e-04
0.001825 T17-3127 1.371045e-02 6.855226e-03 5.363837e-04 2.681918e-04 1.791766e-02 8.958832e-03 1.494856e-03 7.474282e-04 2.067926e-02 8.243834e-03 1.803619e-02 3.711017e-03 1.639141e-02 8.195706e-03 3.764187e-03 1.040083e-04 9.268830e-03 3.414763e-04 1.607919e-02 4.442845e-04 2.469545e-02 4.549070e-04 2.490256e-02 6.880832e-04
0.001825 T17-3126 4.426233e-02 9.576469e-03 4.557808e-02 1.661795e-02 6.131486e-02 1.255442e-02 7.838982e-02 1.103089e-02 1.292514e-01 8.657173e-03 1.898068e-01 5.365904e-03 1.937062e-01 1.025083e-02 2.592790e-02 2.388048e-04 1.080319e-01 9.950103e-04 2.056947e-01 1.894518e-03 1.940205e-01 1.786995e-03 2.604044e-01 2.398413e-03
0.001825 T17-3093 1.033568e-02 5.167841e-03 0.000000e+00 9.900000e+01 3.707550e-03 1.853775e-03 1.449077e-02 7.245384e-03 2.523299e-02 7.734855e-03 2.235820e-02 3.600461e-03 1.691663e-02 8.458314e-03 2.774218e-03 1.022060e-04 1.507421e-02 2.776772e-04 2.542287e-02 4.683065e-04 3.547622e-02 6.534961e-04 3.724526e-02 6.860830e-04
0.001825 T17-3150 9.415532e-03 4.707766e-03 1.173008e-02 5.865038e-03 3.356154e-03 1.678077e-03 3.081511e-02 9.357659e-03 3.665296e-02 1.065314e-02 7.448410e-02 6.508521e-03 8.771063e-02 1.120446e-02 6.746576e-03 1.242765e-04 3.760215e-02 3.463286e-04 5.561909e-02 5.122707e-04 7.564914e-02 6.967543e-04 7.619697e-02 7.018000e-04
0.001825 T17-3080 3.208657e-02 8.374205e-03 3.578778e-02 1.294138e-02 8.154772e-02 1.072175e-02 7.978613e-02 9.012621e-03 1.314581e-01 8.162758e-03 2.082294e-01 3.470063e-03 2.754062e-01 9.731715e-03 2.357578e-02 2.171409e-04 9.912087e-02 9.129369e-04 1.643471e-01 1.513692e-03 2.338065e-01 2.153437e-03 2.367195e-01 2.180267e-03
0.001825 T17-3113 2.642058e-02 7.362395e-03 0.000000e+00 9.900000e+01 6.428929e-03 3.214464e-03 1.315387e-02 6.576935e-03 2.141220e-02 9.567860e-03 2.964770e-02 3.297900e-03 5.561984e-02 9.618912e-03 5.216432e-03 1.441353e-04 1.548005e-02 2.851531e-04 2.366306e-02 4.358896e-04 3.130452e-02 5.766505e-04 3.230474e-02 8.926129e-04
0.001825 T17-3070 2.117651e-02 7.850036e-03 3.615339e-02 1.327474e-02 5.154195e-03 2.577098e-03 2.975650e-02 1.022303e-02 3.976714e-02 7.438147e-03 5.426309e-02 4.245555e-03 5.405797e-02 9.497698e-03 6.991800e-03 1.287937e-04 2.705579e-02 2.491931e-04 4.444564e-02 4.093595e-04 5.819776e-02 5.360212e-04 6.057208e-02 5.578894e-04
0.001825 T17-3074 1.337897e-02 6.689487e-03 1.839739e-03 9.198693e-04 0.000000e+00 9.900000e+01 2.075904e-02 9.242605e-03 3.139102e-02 7.509875e-03 4.137305e-02 3.589292e-03 4.625159e-02 8.696899e-03 5.853059e-03 1.078173e-04 2.010607e-02 3.703674e-04 2.674051e-02 4.925784e-04 4.058999e-02 7.476953e-04 4.186924e-02 7.712598e-04
0.001825 T17-3092 2.412586e-02 8.367467e-03 1.578828e-02 7.894140e-03 4.254374e-02 1.015159e-02 3.331112e-03 1.665556e-03 4.166877e-02 7.593816e-03 4.969695e-02 3.476342e-03 6.324739e-02 8.304511e-03 8.900127e-03 1.639464e-04 2.592925e-02 4.776344e-04 4.037228e-02 3.718424e-04 6.480614e-02 5.968866e-04 6.445748e-02 5.936753e-04
0.001825 T17-3072 4.267848e-04 2.133924e-04 1.756608e-03 8.783041e-04 6.282634e-03 3.141317e-03 1.121771e-02 5.608856e-03 1.982083e-02 7.364625e-03 3.121329e-02 3.504413e-03 2.445863e-02 8.793665e-03 3.111396e-03 1.146281e-04 1.397812e-02 3.862297e-04 2.156960e-02 3.973268e-04 3.129234e-02 5.764261e-04 3.229500e-02 8.923439e-04
0.001825 T17-3061 1.302431e-03 6.512153e-04 0.000000e+00 9.900000e+01 1.487390e-02 7.436952e-03 0.000000e+00 9.900000e+01 1.681601e-02 7.258749e-03 3.437016e-02 3.371409e-03 2.909678e-02 9.514483e-03 5.377499e-03 1.485858e-04 1.882375e-02 3.467462e-04 3.211669e-02 5.916113e-04 4.488432e-02 4.133998e-04 4.848907e-02 8.932017e-04
0.001825 T17-3155 9.887391e-03 4.943696e-03 4.148160e-03 2.074080e-03 4.497053e-03 2.248527e-03 0.000000e+00 9.900000e+01 2.311245e-02 8.181637e-03 3.521056e-02 3.183886e-03 4.522962e-02 9.292816e-03 4.130351e-03 1.141258e-04 1.592151e-02 2.932851e-04 2.909878e-02 5.360193e-04 3.800980e-02 7.001665e-04 4.098147e-02 7.549066e-04
0.001825 T17-3164 7.868979e-03 3.934489e-03 1.334478e-02 6.672390e-03 1.189571e-02 5.947857e-03 1.553332e-02 7.766658e-03 2.521181e-02 8.409088e-03 2.802794e-02 3.598446e-03 4.628836e-02 8.019681e-03 5.256688e-03 9.683177e-05 1.627236e-02 2.997479e-04 2.500829e-02 4.606697e-04 3.300444e-02 6.079643e-04 3.338587e-02 6.149905e-04
0.001825 T17-3128 0.000000e+00 9.900000e+01 1.022047e-02 5.110233e-03 2.025036e-02 1.012518e-02 8.881507e-03 4.440754e-03 5.238144e-03 2.619072e-03 2.095729e-02 3.997125e-03 3.712471e-02 9.956842e-03 2.667396e-03 9.827050e-05 1.070089e-02 2.956764e-04 1.998245e-02 3.680903e-04 3.415952e-02 6.292417e-04 3.521611e-02 6.487047e-04
0.001825 T17-3136 2.094823e-03 1.047411e-03 3.206508e-03 1.603254e-03 7.421514e-03 3.710757e-03 1.332520e-02 6.662602e-03 2.511884e-02 8.262662e-03 1.587190e-02 3.470314e-03 5.360859e-02 8.797591e-03 1.822723e-03 1.007274e-04 1.026732e-02 2.836965e-04 1.683017e-02 3.100232e-04 2.695105e-02 4.964568e-04 2.751474e-02 7.602603e-04
0.001825 T17-3138 2.743658e-02 8.321905e-03 2.754063e-03 1.377032e-03 1.401797e-03 7.008984e-04 0.000000e+00 9.900000e+01 1.379571e-02 6.897855e-03 3.051388e-02 3.434941e-03 5.113035e-02 8.153436e-03 2.792145e-03 1.028664e-04 1.225742e-02 3.386850e-04 2.161495e-02 3.981621e-04 3.155497e-02 5.812639e-04 3.280548e-02 6.042992e-04
0.001825 T17-3140 1.081275e-02 5.406375e-03 9.859968e-03 4.929984e-03 2.962967e-02 1.222478e-02 1.834200e-02 9.171002e-03 2.676017e-02 8.684239e-03 5.056190e-02 3.348535e-03 4.701296e-02 1.013248e-02 6.230655e-03 1.147729e-04 2.448273e-02 4.509886e-04 4.159873e-02 3.831384e-04 5.640381e-02 5.194983e-04 5.809420e-02 5.350674e-04
0.001825 T17-3144 6.156360e-03 3.078180e-03 2.047796e-02 1.023898e-02 0.000000e+00 9.900000e+01 2.848560e-03 1.424280e-03 1.990121e-02 6.884130e-03 2.347474e-02 3.081907e-03 2.602114e-02 8.583369e-03 2.181182e-03 1.004471e-04 1.049500e-02 2.899875e-04 1.783062e-02 3.284522e-04 2.933407e-02 5.403535e-04 2.911939e-02 8.045985e-04
0.001825 T17-3170 1.579528e-03 7.897642e-04 7.150092e-03 3.575046e-03 1.988084e-02 9.940420e-03 1.526983e-02 7.634913e-03 3.144876e-02 7.556970e-03 4.473018e-02 3.424863e-03 5.345940e-02 8.624111e-03 3.681626e-03 1.017271e-04 1.842395e-02 3.393816e-04 3.440507e-02 3.168824e-04 4.758745e-02 4.382966e-04 4.772286e-02 8.790875e-04
0.001825 T17-3163 0.000000e+00 9.900000e+01 3.760044e-02 1.480061e-02 2.473699e-03 1.236849e-03 1.840840e-02 9.204202e-03 2.478840e-02 7.444944e-03 3.801164e-02 3.158854e-03 5.310969e-02 8.820166e-03 4.054522e-03 1.120306e-04 1.624998e-02 2.993357e-04 2.895086e-02 5.332946e-04 4.038873e-02 7.439879e-04 4.048751e-02 7.458074e-04
0.001825 T17-3032 5.679112e-03 2.839556e-03 0.000000e+00 9.900000e+01 7.627715e-03 3.813857e-03 9.406452e-03 4.703226e-03 3.311688e-02 7.586467e-03 6.018375e-02 5.414165e-03 6.614026e-02 1.304895e-02 6.101856e-03 1.124003e-04 3.032779e-02 2.793293e-04 4.854217e-02 4.470899e-04 7.172040e-02 6.605693e-04 7.538655e-02 6.943358e-04
0.001825 T17-2989 0.000000e+00 9.900000e+01 1.764650e-02 8.823250e-03 8.737553e-04 4.368776e-04 1.259090e-02 6.295448e-03 3.537252e-02 8.028684e-03 4.946108e-02 3.547687e-03 6.801252e-02 9.317764e-03 3.842841e-03 1.061816e-04 2.129655e-02 3.922970e-04 4.016649e-02 3.699471e-04 6.440683e-02 5.932088e-04 7.019276e-02 6.464992e-04
0.001825 T17-3057 0.000000e+00 9.900000e+01 3.625228e-03 1.812614e-03 2.060739e-03 1.030369e-03 0.000000e+00 9.900000e+01 1.976949e-02 7.383526e-03 2.692627e-02 3.498584e-03 3.891338e-02 9.168074e-03 2.423172e-03 1.115912e-04 1.370903e-02 3.787946e-04 2.591372e-02 4.773484e-04 4.317250e-02 3.976334e-04 4.666128e-02 8.595325e-04
0.001825 T17-3051 2.558567e-02 7.889468e-03 2.013912e-02 1.006956e-02 2.444364e-02 1.087335e-02 1.822487e-02 8.656770e-03 3.844800e-02 7.772125e-03 4.312010e-02 4.304475e-03 5.503588e-02 9.835567e-03 1.104021e-02 1.016841e-04 4.017153e-02 3.699935e-04 5.355013e-02 4.932150e-04 7.155480e-02 6.590441e-04 7.055315e-02 6.498185e-04
0.001825 T17-3104 2.239711e-02 8.745091e-03 1.799661e-02 8.998306e-03 0.000000e+00 9.900000e+01 2.561971e-03 1.280985e-03 2.084677e-02 7.704145e-03 1.960854e-02 3.588338e-03 3.889821e-02 8.531417e-03 4.339313e-03 1.198996e-04 1.640945e-02 3.022732e-04 2.054277e-02 3.784117e-04 3.224594e-02 5.939922e-04 3.027167e-02 8.364370e-04
0.001825 T17-3137 1.653727e-02 8.034368e-03 1.331293e-02 6.656465e-03 1.369358e-02 6.846791e-03 1.692955e-02 8.464775e-03 4.841290e-02 8.177379e-03 9.151277e-02 3.317249e-03 1.179217e-01 8.424998e-03 6.522643e-03 1.201515e-04 3.808682e-02 3.507926e-04 7.161761e-02 6.596226e-04 1.104750e-01 1.017512e-03 1.159040e-01 1.067515e-03
0.001825 T17-3095 7.552348e-03 3.776174e-03 1.083759e-02 5.418797e-03 1.128972e-02 5.644859e-03 1.875495e-02 8.568443e-03 2.778910e-02 7.853348e-03 4.040951e-02 3.325138e-03 4.356609e-02 8.690196e-03 2.896092e-03 1.066960e-04 1.653833e-02 3.046474e-04 3.013425e-02 5.550934e-04 4.387828e-02 4.041339e-04 4.349212e-02 8.011544e-04
0.001825 T17-3091 4.906288e-03 2.453144e-03 9.734037e-03 4.867018e-03 0.000000e+00 9.900000e+01 1.475108e-02 7.375538e-03 7.252569e-03 3.626284e-03 2.337739e-02 3.291704e-03 4.753163e-02 9.609898e-03 3.663253e-03 1.012194e-04 9.464147e-03 3.486720e-04 2.033218e-02 3.745325e-04 3.184783e-02 5.866586e-04 3.622876e-02 6.673585e-04
0.001825 T17-3086 6.675295e-04 3.337647e-04 0.000000e+00 9.900000e+01 3.243312e-02 1.027562e-02 2.098876e-02 8.624574e-03 6.125848e-02 7.497006e-03 9.944765e-02 3.168243e-03 1.387159e-01 8.922175e-03 5.986208e-03 1.102700e-04 3.741757e-02 3.446286e-04 7.126667e-02 6.563903e-04 1.105602e-01 1.018297e-03 1.125785e-01 1.036887e-03
0.001825 T17-2532 8.018543e-03 4.009272e-03 1.355529e-02 6.777643e-03 0.000000e+00 9.900000e+01 2.289692e-02 1.144846e-02 3.749195e-03 1.874598e-03 2.144882e-02 5.353401e-03 2.024113e-02 1.012056e-02 1.881624e-03 8.665197e-05 1.009692e-02 4.649801e-04 1.793506e-02 4.955641e-04 2.617800e-02 2.411083e-04 3.174366e-02 5.847399e-04
0.001825 T17-2535 1.729594e-02 8.647970e-03 1.899762e-04 9.498810e-05 1.027010e-02 5.135050e-03 0.000000e+00 9.900000e+01 1.338074e-02 6.690368e-03 2.385092e-02 5.355003e-03 2.299783e-02 1.149891e-02 1.827978e-03 8.418151e-05 9.985601e-03 3.678831e-04 1.756492e-02 4.853366e-04 2.394662e-02 6.616695e-04 2.491576e-02 4.589654e-04
0.001825 T17-2495 4.693915e-02 1.041450e-02 6.450032e-02 1.579209e-02 6.226714e-02 1.248911e-02 8.096813e-02 1.193205e-02 8.923729e-02 1.171478e-02 1.510035e-01 7.042139e-03 1.301619e-01 1.700900e-02 2.892290e-02 2.663898e-04 9.330502e-02 8.593710e-04 1.440240e-01 1.326510e-03 1.822073e-01 1.678192e-03 1.859935e-01 1.713064e-03
0.001825 T17-2556 1.433244e-02 7.166219e-03 1.968160e-02 9.840799e-03 2.074653e-02 1.037327e-02 2.134339e-02 1.067169e-02 2.754670e-02 9.285964e-03 4.725768e-02 5.526473e-03 5.459284e-02 1.444828e-02 7.491929e-03 6.900322e-05 2.362034e-02 4.351028e-04 3.765844e-02 3.468471e-04 5.079231e-02 4.678144e-04 5.359923e-02 4.936672e-04
0.001825 T17-2473 7.788861e-03 3.894430e-03 9.373471e-03 4.686736e-03 1.078728e-02 5.393642e-03 3.160812e-02 1.074117e-02 5.306239e-02 9.615821e-03 4.815404e-02 4.318370e-03 5.024441e-02 1.331470e-02 7.559440e-03 1.392500e-04 3.071819e-02 2.829250e-04 4.922438e-02 4.533733e-04 6.683262e-02 6.155512e-04 6.540780e-02 6.024281e-04
0.001825 T17-2616 1.822694e-02 9.113469e-03 0.000000e+00 9.900000e+01 1.702657e-02 8.513285e-03 2.673043e-03 1.336521e-03 4.256534e-02 9.810577e-03 3.042376e-02 5.052052e-03 6.571646e-02 1.601548e-02 2.828664e-03 1.042118e-04 1.191901e-02 3.293345e-04 2.539670e-02 4.678244e-04 3.921296e-02 7.223295e-04 4.206987e-02 7.749556e-04
0.001825 T17-2610 0.000000e+00 9.900000e+01 1.510484e-02 7.552419e-03 1.808399e-02 9.041993e-03 2.475483e-02 1.077876e-02 2.302574e-02 9.435645e-03 2.153257e-02 4.780935e-03 1.695873e-02 8.479367e-03 3.196672e-03 1.177697e-04 1.117376e-02 3.087424e-04 2.126059e-02 3.916345e-04 3.431604e-02 6.321249e-04 3.416429e-02 6.293294e-04
0.001825 T17-2541 1.021378e-02 5.106889e-03 1.554011e-02 7.770054e-03 7.137822e-04 3.568911e-04 1.685786e-02 8.428928e-03 2.103437e-02 1.002522e-02 3.047841e-02 5.087127e-03 2.697751e-02 1.348876e-02 5.238936e-03 9.650478e-05 1.671374e-02 3.078784e-04 2.551406e-02 4.699864e-04 3.522973e-02 6.489556e-04 3.540928e-02 6.522630e-04
0.001825 T17-2595 0.000000e+00 9.900000e+01 2.559134e-02 1.279567e-02 0.000000e+00 9.900000e+01 2.213158e-02 1.106579e-02 1.508738e-02 7.543691e-03 3.442213e-02 5.344773e-03 4.331010e-02 1.327775e-02 4.003434e-03 1.106190e-04 1.518943e-02 2.797996e-04 2.231125e-02 4.109883e-04 3.468951e-02 6.390043e-04 3.327478e-02 9.194162e-04
0.001825 T17-2228 0.000000e+00 9.900000e+01 9.498242e-03 4.749121e-03 4.295797e-02 1.328577e-02 1.312486e-02 6.562431e-03 1.756266e-02 8.781330e-03 2.233671e-02 4.637824e-03 3.297370e-02 1.405662e-02 3.867177e-03 1.068541e-04 1.061109e-02 3.909272e-04 1.541652e-02 4.259743e-04 1.998335e-02 3.681068e-04 1.998365e-02 5.521687e-04
0.001825 T17-2258 3.680219e-02 1.107841e-02 2.719773e-02 1.359887e-02 5.169970e-03 2.584985e-03 2.358030e-02 1.179015e-02 3.485572e-02 1.010459e-02 4.884791e-02 4.984336e-03 7.501312e-02 1.563006e-02 9.744812e-03 8.975304e-05 3.131357e-02 2.884086e-04 4.640379e-02 4.273947e-04 5.749224e-02 5.295231e-04 6.079316e-02 5.599257e-04
0.001825 T17-2470 1.007070e-01 1.027668e-02 1.205704e-01 1.418795e-02 1.666664e-01 1.200488e-02 1.660711e-01 1.227434e-02 2.723321e-01 9.657254e-03 4.190707e-01 5.908812e-03 4.496426e-01 1.386016e-02 6.222116e-02 5.730780e-04 2.296988e-01 2.115604e-03 3.501494e-01 3.224995e-03 4.365141e-01 4.020443e-03 4.187554e-01 3.856880e-03
0.001825 T17-2411 1.945019e-02 9.725097e-03 0.000000e+00 9.900000e+01 1.886451e-02 9.432256e-03 8.144905e-03 4.072452e-03 4.221937e-02 9.937165e-03 3.800119e-02 4.910387e-03 2.516043e-02 1.258021e-02 4.465637e-03 1.233901e-04 1.929729e-02 3.554692e-04 3.318738e-02 6.113341e-04 5.475722e-02 5.043327e-04 5.740508e-02 1.057441e-03
0.001825 T17-2419 1.641681e-02 8.208405e-03 3.537660e-02 1.491739e-02 0.000000e+00 9.900000e+01 2.113659e-02 1.056829e-02 3.314839e-02 1.091165e-02 3.782440e-02 4.932799e-03 5.461600e-02 1.430913e-02 6.614469e-03 1.218430e-04 1.956668e-02 3.604315e-04 2.744108e-02 5.054833e-04 3.940005e-02 7.257757e-04 3.765023e-02 6.935428e-04
0.001825 T17-2488 6.952588e-03 3.476294e-03 0.000000e+00 9.900000e+01 1.097100e-02 5.485502e-03 0.000000e+00 9.900000e+01 4.985450e-03 2.492725e-03 4.576189e-02 4.901316e-03 4.191263e-02 1.359131e-02 2.309549e-03 1.063587e-04 1.410858e-02 3.898345e-04 2.724644e-02 5.018980e-04 4.469477e-02 4.116541e-04 4.917105e-02 9.057642e-04
0.001825 T17-2526 8.865417e-03 4.432709e-03 1.778988e-02 8.894942e-03 9.046669e-03 4.523334e-03 1.412911e-03 7.064557e-04 5.062091e-03 2.531046e-03 2.094523e-02 4.663920e-03 0.000000e+00 9.900000e+01 3.051333e-03 1.124153e-04 1.025966e-02 2.834849e-04 1.561884e-02 4.315644e-04 2.075054e-02 5.733585e-04 2.201704e-02 8.111377e-04
0.001825 T17-2552 1.150331e-02 5.751657e-03 1.575229e-02 7.876144e-03 1.730363e-02 8.651814e-03 3.295961e-02 1.350847e-02 4.298041e-02 1.158521e-02 8.861449e-02 5.129835e-03 8.802276e-02 1.327579e-02 6.711516e-03 1.236307e-04 3.767312e-02 3.469823e-04 6.623854e-02 6.100795e-04 9.027916e-02 8.315018e-04 8.886691e-02 8.184945e-04
0.001825 T17-2333 1.825633e-02 9.128166e-03 0.000000e+00 9.900000e+01 5.379365e-03 2.689682e-03 3.416049e-03 1.708024e-03 2.945613e-02 9.348715e-03 3.088929e-02 5.058688e-03 4.653657e-02 1.378445e-02 4.946007e-03 1.366632e-04 1.617628e-02 2.979781e-04 3.043431e-02 5.606207e-04 4.922750e-02 4.534020e-04 4.969564e-02 4.577137e-04
0.001825 T17-2409 0.000000e+00 9.900000e+01 0.000000e+00 9.900000e+01 0.000000e+00 9.900000e+01 2.881146e-02 1.086647e-02 1.662060e-02 8.310301e-03 3.265204e-02 4.775769e-03 5.210894e-02 1.312578e-02 3.825253e-03 1.409275e-04 1.531766e-02 4.232425e-04 2.627757e-02 4.840506e-04 4.249831e-02 7.828477e-04 4.703760e-02 8.664646e-04
0.001825 T17-2345 0.000000e+00 9.900000e+01 1.905585e-02 9.527923e-03 4.336466e-03 2.168233e-03 1.558977e-03 7.794883e-04 1.688518e-02 8.442591e-03 2.737820e-02 5.263471e-03 4.565938e-02 1.279806e-02 4.248100e-03 1.173793e-04 1.376447e-02 3.803264e-04 2.318322e-02 4.270508e-04 3.903525e-02 7.190559e-04 4.265131e-02 7.856662e-04
0.001825 T17-2462 1.367302e-02 6.836508e-03 2.110825e-02 1.055412e-02 1.885381e-02 9.426905e-03 2.604290e-02 1.238955e-02 2.392530e-02 1.104553e-02 5.560730e-02 5.039110e-03 8.368990e-02 1.403509e-02 7.693203e-03 1.417140e-04 2.795305e-02 5.149142e-04 4.079382e-02 3.757250e-04 6.721441e-02 6.190676e-04 6.622689e-02 6.099722e-04
0.001825 T17-2483 0.000000e+00 9.900000e+01 1.236850e-04 6.184248e-05 5.537876e-03 2.768938e-03 1.229183e-02 6.145913e-03 2.056937e-03 1.028468e-03 3.233081e-02 4.634182e-03 5.052469e-02 1.354556e-02 1.966453e-03 1.267819e-04 9.516587e-03 3.506040e-04 2.350240e-02 4.329302e-04 3.817301e-02 7.031729e-04 4.465898e-02 8.226488e-04
0.001825 T17-2955 3.125252e-02 1.231946e-02 8.430204e-03 4.215102e-03 3.412723e-02 1.548045e-02 2.124543e-02 1.062272e-02 4.187928e-02 1.066511e-02 4.925663e-02 5.526752e-03 7.199342e-02 1.456243e-02 6.700535e-03 1.234284e-04 2.936711e-02 2.704811e-04 4.758514e-02 4.382754e-04 7.010765e-02 6.457153e-04 7.071712e-02 6.513288e-04
0.001825 T17-2952 6.426133e-03 3.213066e-03 2.024488e-02 1.012244e-02 3.414976e-02 1.514237e-02 4.644539e-02 1.202224e-02 5.475205e-02 1.257786e-02 7.494802e-02 8.363425e-03 7.119937e-02 2.240557e-02 1.388593e-02 1.278941e-04 5.973397e-02 5.501702e-04 9.412954e-02 8.669651e-04 1.312059e-01 1.208451e-03 1.335581e-01 1.230116e-03
0.001825 T17-2886 1.389312e-03 6.946560e-04 2.806667e-02 1.403334e-02 7.210263e-03 3.605132e-03 2.245856e-02 1.122928e-02 2.165803e-02 1.044082e-02 5.302781e-02 5.352635e-03 6.256000e-02 1.514906e-02 4.554163e-03 1.258362e-04 1.975002e-02 3.638087e-04 4.135917e-02 3.809320e-04 5.622997e-02 5.178972e-04 6.192656e-02 5.703647e-04
0.001825 T17-2901 8.508012e-03 4.254006e-03 1.256358e-02 6.281788e-03 0.000000e+00 9.900000e+01 2.454430e-02 1.227215e-02 2.226727e-02 9.972554e-03 3.387078e-02 5.455863e-03 3.995095e-02 1.483244e-02 1.978960e-03 1.093614e-04 1.210451e-02 3.344598e-04 2.566294e-02 4.727288e-04 4.241846e-02 7.813769e-04 4.897881e-02 9.022230e-04
0.001825 T17-2943 7.998397e-02 1.276076e-02 5.664060e-02 1.814875e-02 1.184928e-01 1.351069e-02 1.272310e-01 1.239026e-02 1.920717e-01 1.125386e-02 3.150021e-01 5.914708e-03 3.653681e-01 1.554273e-02 4.267648e-02 3.930649e-04 1.637240e-01 1.507954e-03 2.593519e-01 2.388719e-03 3.412165e-01 3.142720e-03 3.404496e-01 3.135657e-03
0.001825 T17-2925 1.984019e-03 9.920097e-04 1.781686e-02 8.908430e-03 5.960011e-03 2.980005e-03 0.000000e+00 9.900000e+01 6.786991e-03 3.393496e-03 2.863866e-02 5.066550e-03 5.124049e-02 1.491494e-02 2.014191e-03 9.275693e-05 1.022779e-02 3.768056e-04 2.184287e-02 4.023606e-04 3.228757e-02 5.947589e-04 3.492647e-02 6.433694e-04
0.001825 T17-3006 3.973793e-02 1.281150e-02 3.434218e-02 1.717109e-02 7.195613e-02 1.492039e-02 5.191634e-02 1.341897e-02 6.625616e-02 1.042740e-02 9.350133e-02 5.689426e-03 9.776318e-02 1.551691e-02 2.185014e-02 2.012473e-04 7.304943e-02 6.728101e-04 1.085537e-01 9.998165e-04 1.450307e-01 1.335782e-03 1.426232e-01 1.313608e-03
0.001825 T17-3007 0.000000e+00 9.900000e+01 2.916628e-03 1.458314e-03 2.665942e-02 1.332971e-02 3.870730e-02 1.172357e-02 5.877471e-02 1.108920e-02 8.304722e-02 6.042640e-03 8.845227e-02 1.619257e-02 1.060775e-02 9.770100e-05 4.712975e-02 4.340810e-04 7.670625e-02 7.064907e-04 1.062518e-01 9.786154e-04 1.124266e-01 1.035487e-03
0.001825 T17-2969 1.194128e-02 5.970640e-03 0.000000e+00 9.900000e+01 1.724099e-02 8.620493e-03 6.209961e-03 3.104981e-03 2.499962e-02 9.982648e-03 4.538881e-02 5.300687e-03 4.833863e-02 1.565204e-02 3.031426e-03 1.116819e-04 1.881908e-02 3.466602e-04 3.727399e-02 3.433061e-04 6.240148e-02 5.747388e-04 6.770669e-02 6.236017e-04
0.001825 T17-2985 8.415938e-03 4.207969e-03 0.000000e+00 9.900000e+01 1.570810e-02 7.854052e-03 7.273073e-03 3.636537e-03 3.813367e-02 1.011173e-02 5.424678e-02 5.237600e-03 9.790301e-02 1.470399e-02 4.927709e-03 1.361576e-04 2.641333e-02 4.865514e-04 5.044963e-02 4.646582e-04 7.495317e-02 6.903442e-04 7.768158e-02 7.154738e-04
0.001825 T17-2982 0.000000e+00 9.900000e+01 3.106707e-02 1.553353e-02 3.008518e-02 1.313305e-02 2.710582e-02 1.161863e-02 3.720528e-02 1.074376e-02 4.668401e-02 5.629430e-03 7.393581e-02 1.613368e-02 1.051647e-02 9.686023e-05 4.609733e-02 4.245721e-04 6.329076e-02 5.829295e-04 8.905711e-02 8.202463e-04 8.983583e-02 8.274185e-04
0.001825 T17-2980 2.161741e-02 1.080871e-02 5.804722e-03 2.902361e-03 4.305285e-02 1.430507e-02 4.296917e-02 1.198441e-02 9.730992e-02 1.274541e-02 1.226178e-01 4.984699e-03 1.340801e-01 1.613951e-02 2.151116e-02 1.981251e-04 9.971090e-02 9.183713e-04 1.408253e-01 1.297049e-03 2.075780e-01 1.911864e-03 2.037381e-01 1.876497e-03
0.001825 T17-2858 2.539454e-02 1.269727e-02 7.929304e-03 3.964652e-03 2.555804e-02 1.277902e-02 2.462662e-02 1.231331e-02 3.236093e-02 1.037088e-02 9.017608e-02 5.644789e-03 1.080085e-01 1.503448e-02 1.145061e-02 2.109281e-04 4.279247e-02 3.941332e-04 7.793606e-02 7.178177e-04 1.143455e-01 1.053161e-03 1.265515e-01 1.165582e-03
0.001825 T17-2806 1.810619e-02 9.053097e-03 0.000000e+00 9.900000e+01 9.749957e-03 4.874979e-03 2.385761e-02 1.192881e-02 6.316050e-03 3.158025e-03 4.216257e-02 5.061835e-03 7.232274e-02 1.498762e-02 4.444263e-03 1.227995e-04 1.898689e-02 3.497515e-04 2.917144e-02 5.373578e-04 4.123798e-02 7.596317e-04 4.850749e-02 8.935409e-04
0.001825 T17-2777 1.396726e-02 6.983629e-03 1.910716e-02 9.553579e-03 1.231440e-03 6.157200e-04 1.823783e-02 9.118917e-03 0.000000e+00 9.900000e+01 3.364916e-02 4.749811e-03 2.072722e-02 1.036361e-02 3.472369e-03 1.279268e-04 1.303446e-02 3.601555e-04 2.341044e-02 4.312363e-04 3.159593e-02 5.820186e-04 3.581519e-02 6.597402e-04
0.001825 T17-2784 1.216013e-02 6.080063e-03 1.871695e-02 9.358473e-03 2.878592e-02 1.333073e-02 2.600418e-02 1.194720e-02 2.046059e-02 9.818831e-03 6.386462e-02 5.398590e-03 1.006503e-01 1.374286e-02 1.124846e-02 2.072043e-04 3.475378e-02 3.200941e-04 5.844653e-02 5.383124e-04 7.809588e-02 7.192896e-04 8.449662e-02 7.782427e-04
0.001825 T17-2770 0.000000e+00 9.900000e+01 2.332698e-02 1.166349e-02 2.553844e-02 1.276922e-02 2.525956e-02 1.249143e-02 3.872531e-02 9.838711e-03 7.015020e-02 4.624261e-03 8.856216e-02 1.347258e-02 1.054481e-02 1.942427e-04 3.740763e-02 3.445370e-04 5.684983e-02 5.236063e-04 7.321604e-02 6.743447e-04 7.427154e-02 6.840662e-04
0.001825 T17-2809 0.000000e+00 9.900000e+01 1.521758e-02 7.608791e-03 9.012353e-03 4.506177e-03 3.537436e-02 1.159738e-02 1.777054e-02 8.885270e-03 4.765459e-02 5.326985e-03 2.481741e-02 1.240871e-02 4.026849e-03 1.483546e-04 1.680915e-02 3.096360e-04 2.716252e-02 5.003520e-04 3.622438e-02 6.672778e-04 3.807826e-02 7.014274e-04
0.001825 T17-2958 1.595568e-02 7.977840e-03 5.066805e-02 1.625084e-02 5.120401e-02 1.315873e-02 3.540293e-02 1.105131e-02 5.022287e-02 9.572930e-03 7.889964e-02 5.007052e-03 1.024390e-01 1.441218e-02 1.536480e-02 1.415151e-04 4.132228e-02 3.805922e-04 6.276242e-02 5.780633e-04 8.668304e-02 7.983803e-04 8.121855e-02 7.480505e-04
0.001825 T17-2862 6.919677e-03 3.459838e-03 2.229175e-02 1.114588e-02 2.341109e-02 1.170555e-02 2.670439e-02 1.206773e-02 4.565193e-02 1.081894e-02 6.650871e-02 5.512196e-03 7.044106e-02 1.480498e-02 8.592967e-03 1.582883e-04 3.469502e-02 3.195529e-04 5.324015e-02 4.903599e-04 7.248436e-02 6.676056e-04 7.220082e-02 6.649941e-04
0.001825 T17-2905 1.399217e-02 6.996083e-03 7.936660e-03 3.968330e-03 0.000000e+00 9.900000e+01 1.688706e-02 8.443528e-03 2.617220e-02 1.013492e-02 2.712030e-02 5.013545e-03 3.840717e-02 1.474875e-02 2.155045e-03 1.389409e-04 1.126512e-02 4.150223e-04 2.137291e-02 3.937036e-04 3.220822e-02 5.932974e-04 3.518254e-02 6.480864e-04
0.001825 T17-2895 7.489993e-03 3.744996e-03 2.052284e-02 1.026142e-02 2.965909e-02 1.451990e-02 0.000000e+00 9.900000e+01 5.196417e-02 1.009498e-02 7.403589e-02 5.064316e-03 1.112524e-01 1.488065e-02 5.238561e-03 1.447468e-04 3.012341e-02 2.774469e-04 6.059671e-02 5.581163e-04 1.012613e-01 9.326512e-04 1.107575e-01 1.020114e-03
0.001825 T17-2904 1.328327e-02 6.641637e-03 8.995336e-03 4.497668e-03 1.001323e-02 5.006616e-03 1.359387e-02 6.796936e-03 1.685188e-02 8.425939e-03 4.524117e-02 4.594729e-03 9.032786e-02 1.455483e-02 3.340498e-03 1.230685e-04 1.757106e-02 3.236709e-04 3.385731e-02 3.118373e-04 5.597418e-02 5.155413e-04 6.209406e-02 5.719075e-04
0.001825 T17-2914 2.001370e-02 1.000685e-02 3.891881e-02 1.362542e-02 8.649192e-04 4.324596e-04 4.013133e-02 1.174767e-02 8.958855e-02 9.562828e-03 1.677774e-01 4.449991e-03 2.620228e-01 1.336323e-02 1.148962e-02 1.058233e-04 6.910604e-02 6.364901e-04 1.350863e-01 1.244191e-03 2.295480e-01 2.114215e-03 2.491395e-01 2.294660e-03
0.001825 T17-2804 7.795334e-03 3.897667e-03 0.000000e+00 9.900000e+01 1.886471e-02 9.432356e-03 2.812543e-03 1.406271e-03 7.666735e-03 3.833368e-03 3.269487e-02 5.030489e-03 6.536432e-02 1.503446e-02 2.269586e-03 1.254220e-04 1.320558e-02 3.648837e-04 2.590675e-02 4.772200e-04 4.514289e-02 8.315628e-04 4.746334e-02 8.743070e-04
0.001825 T17-2817 0.000000e+00 9.900000e+01 2.254884e-02 1.127442e-02 4.167767e-02 1.357070e-02 1.792187e-02 8.960937e-03 3.586937e-02 1.060981e-02 4.355398e-02 5.599580e-03 6.626037e-02 1.771892e-02 6.253652e-03 1.151965e-04 2.316873e-02 4.267838e-04 3.958359e-02 3.645784e-04 5.580395e-02 5.139734e-04 5.551582e-02 1.022639e-03
0.001825 T17-2691 3.140131e-02 1.045338e-02 2.863525e-02 1.431763e-02 3.225985e-02 1.312643e-02 5.798710e-02 1.142808e-02 1.057179e-01 8.952254e-03 1.934214e-01 6.199427e-03 2.977892e-01 1.693535e-02 1.480219e-02 1.363332e-04 8.658824e-02 7.975072e-04 1.586593e-01 1.461306e-03 2.729952e-01 2.514379e-03 2.897889e-01 2.669055e-03
0.001825 T17-2890 1.474642e-02 7.373208e-03 2.229635e-02 1.114818e-02 3.023613e-02 1.151050e-02 3.954545e-02 1.092201e-02 4.558948e-02 8.635560e-03 8.196881e-02 4.678563e-03 1.013016e-01 1.389112e-02 1.396007e-02 1.285770e-04 4.909770e-02 4.522066e-04 7.605308e-02 7.004748e-04 1.034487e-01 9.527974e-04 1.023002e-01 9.422196e-04
0.001825 T17-2883 1.685759e-03 8.428794e-04 8.729693e-03 4.364846e-03 2.974759e-02 1.238358e-02 1.684210e-02 8.421051e-03 1.632195e-02 8.160974e-03 3.470109e-02 4.324413e-03 3.639010e-02 1.445069e-02 4.023533e-03 1.111743e-04 1.717293e-02 3.163371e-04 2.971417e-02 5.473553e-04 4.311334e-02 3.970886e-04 4.342990e-02 8.000083e-04
0.001825 T17-2831 8.960999e-04 4.480499e-04 1.065891e-02 5.329456e-03 9.093759e-03 4.546880e-03 1.448006e-02 7.240032e-03 1.432101e-02 7.160503e-03 3.980199e-02 4.959910e-03 6.620344e-02 1.655729e-02 3.348843e-03 1.233759e-04 1.868299e-02 3.441535e-04 3.579894e-02 3.297205e-04 5.877505e-02 5.413382e-04 6.469723e-02 5.958835e-04
0.001825 T17-2852 7.940361e-03 3.970181e-03 0.000000e+00 9.900000e+01 9.835936e-03 4.917968e-03 1.722842e-02 8.614208e-03 1.661890e-02 8.309448e-03 3.669869e-02 4.512884e-03 4.908899e-02 1.364723e-02 2.165173e-03 9.970992e-05 1.222550e-02 3.378031e-04 2.772784e-02 5.107658e-04 4.645261e-02 4.278444e-04 5.214290e-02 9.605077e-04
0.001825 T17-2869 2.513733e-03 1.256866e-03 1.329713e-02 6.648567e-03 8.591363e-03 4.295682e-03 2.672892e-02 1.124457e-02 2.713224e-02 9.059558e-03 3.469444e-02 4.981530e-03 3.495990e-02 1.405277e-02 6.410476e-03 1.180853e-04 2.702126e-02 2.488750e-04 3.438740e-02 3.167196e-04 4.933446e-02 4.543872e-04 4.696290e-02 8.650885e-04
0.001825 T17-2848 2.561781e-02 9.985631e-03 4.371577e-02 1.361550e-02 1.830252e-02 9.151258e-03 1.402743e-02 7.013715e-03 4.001130e-02 1.013450e-02 5.146699e-02 4.887352e-03 5.903981e-02 1.294753e-02 8.161746e-03 1.503449e-04 2.854246e-02 2.628858e-04 4.909926e-02 4.522209e-04 6.716260e-02 6.185904e-04 6.812179e-02 6.274249e-04
0.001825 T17-2966 3.381457e-02 1.094849e-02 1.668540e-02 8.342701e-03 2.908829e-02 1.454414e-02 3.293490e-02 1.071102e-02 5.782610e-02 1.026188e-02 9.102087e-02 4.563354e-03 1.222645e-01 1.405181e-02 1.078790e-02 9.936020e-05 4.418645e-02 4.069722e-04 7.269733e-02 6.695671e-04 9.682274e-02 8.917704e-04 9.647068e-02 8.885278e-04
0.001825 T17-2967 2.930481e-02 1.092951e-02 2.595843e-02 1.297921e-02 0.000000e+00 9.900000e+01 1.122079e-02 5.610397e-03 1.554880e-02 7.774402e-03 2.487630e-02 5.392679e-03 1.445283e-02 7.226417e-03 2.559928e-03 9.431122e-05 9.498291e-03 3.499300e-04 1.918418e-02 3.533857e-04 3.105092e-02 5.719791e-04 3.395640e-02 6.255000e-04
0.001825 T17-2944 0.000000e+00 9.900000e+01 1.455796e-02 7.278980e-03 1.276868e-02 6.384342e-03 1.042992e-02 5.214962e-03 0.000000e+00 9.900000e+01 2.226066e-02 5.100165e-03 4.591361e-02 1.349566e-02 2.197896e-03 1.012168e-04 1.308677e-02 3.616007e-04 2.185454e-02 4.025754e-04 3.030825e-02 5.582986e-04 3.111537e-02 8.597495e-04
0.001825 T17-2787 0.000000e+00 9.900000e+01 2.546033e-02 1.273017e-02 8.838850e-03 4.419425e-03 8.964299e-03 4.482150e-03 0.000000e+00 9.900000e+01 2.297395e-02 4.562399e-03 5.184879e-02 1.297081e-02 2.356583e-03 1.085246e-04 1.118879e-02 3.091576e-04 2.495518e-02 4.596914e-04 4.302422e-02 3.962677e-04 4.615201e-02 8.501514e-04
0.001825 T17-2782 2.029486e-02 1.014743e-02 1.563808e-02 7.819038e-03 1.559796e-02 7.798979e-03 2.465659e-02 1.124217e-02 3.945859e-02 8.972416e-03 7.096622e-02 4.768410e-03 9.935141e-02 1.319409e-02 8.990847e-03 8.280877e-05 3.654791e-02 3.366187e-04 5.149955e-02 4.743284e-04 8.179186e-02 7.533309e-04 8.154811e-02 7.510858e-04
0.001825 T17-2785 1.166202e-02 5.831012e-03 2.675461e-02 1.283529e-02 4.914987e-03 2.457493e-03 1.730810e-02 8.654052e-03 1.021875e-02 5.109374e-03 2.875645e-02 4.501949e-03 4.862226e-02 1.266725e-02 5.589599e-03 1.029642e-04 1.524684e-02 2.808573e-04 2.348848e-02 4.326737e-04 3.097169e-02 5.705195e-04 3.170736e-02 8.761067e-04
0.001825 T17-2773 1.341979e-03 6.709896e-04 1.238347e-02 6.191733e-03 2.811881e-02 1.251223e-02 1.578519e-02 7.892597e-03 2.342873e-02 9.465133e-03 4.817777e-02 4.862939e-03 7.270458e-02 1.382425e-02 4.925899e-03 1.361076e-04 2.355238e-02 4.338509e-04 4.087512e-02 3.764737e-04 5.487965e-02 5.054602e-04 5.668992e-02 5.221335e-04
0.001825 T17-2888 1.221962e-02 6.109811e-03 0.000000e+00 9.900000e+01 0.000000e+00 9.900000e+01 7.386060e-03 3.693030e-03 3.243325e-02 8.448939e-03 5.958319e-02 4.629468e-03 7.647398e-02 1.344226e-02 4.661502e-03 1.288021e-04 2.502657e-02 4.610065e-04 4.366862e-02 4.022028e-04 7.113993e-02 6.552230e-04 7.256985e-02 6.683930e-04
0.001825 T17-2849 1.711582e-02 8.557908e-03 2.934920e-02 1.321084e-02 1.538832e-02 7.694160e-03 3.157087e-02 1.016387e-02 5.153420e-02 9.122119e-03 8.181070e-02 4.328624e-03 9.822285e-02 1.397855e-02 1.174208e-02 1.081486e-04 4.252357e-02 3.916565e-04 6.845393e-02 6.304840e-04 9.760118e-02 8.989401e-04 9.569584e-02 8.813912e-04
0.001825 T17-2838 2.025370e-02 1.012685e-02 1.527289e-02 7.636443e-03 1.924605e-02 9.623027e-03 1.042457e-02 5.212284e-03 2.734397e-02 1.084276e-02 6.332342e-02 4.393542e-03 9.204018e-02 1.385125e-02 4.409540e-03 1.218401e-04 2.765499e-02 2.547119e-04 5.093705e-02 4.691476e-04 7.313772e-02 6.736233e-04 7.567867e-02 6.970263e-04
0.001825 T17-2840 1.666427e-02 8.332134e-03 2.121026e-02 1.060513e-02 1.633488e-02 8.167438e-03 1.073750e-02 5.368749e-03 1.735354e-02 8.676770e-03 4.331061e-02 4.183406e-03 8.412990e-02 1.527860e-02 5.301631e-03 9.765966e-05 2.022023e-02 3.724705e-04 3.589572e-02 3.306118e-04 4.922072e-02 4.533396e-04 4.863832e-02 8.959510e-04
0.001825 T17-2664 1.143808e-02 5.719041e-03 3.524048e-02 1.511215e-02 3.060764e-02 1.218370e-02 3.464533e-02 1.293548e-02 6.077377e-02 8.942749e-03 9.415854e-02 4.574765e-03 1.293092e-01 1.534614e-02 8.182730e-03 1.507314e-04 4.449940e-02 4.098547e-04 8.159898e-02 7.515543e-04 1.246172e-01 1.147767e-03 1.287167e-01 1.185525e-03
0.001825 T17-2654 2.822251e-02 1.358930e-02 2.524573e-02 1.262287e-02 2.921973e-02 1.216516e-02 4.126514e-02 1.193230e-02 8.622497e-02 9.827964e-03 1.335144e-01 5.749677e-03 1.807505e-01 1.352355e-02 1.809305e-02 1.666432e-04 6.790847e-02 6.254601e-04 9.598595e-02 8.840632e-04 1.532648e-01 1.411621e-03 1.469193e-01 1.353177e-03
0.001825 T17-2710 1.209450e-02 6.047250e-03 3.447211e-03 1.723606e-03 1.594913e-02 7.974564e-03 1.629510e-02 8.147550e-03 2.365165e-02 9.347651e-03 3.803020e-02 4.623024e-03 4.023082e-02 1.517937e-02 3.469313e-03 9.586067e-05 1.548951e-02 2.853273e-04 2.990209e-02 5.508168e-04 4.271163e-02 3.933887e-04 4.284830e-02 7.892949e-04
0.001825 T17-2801 1.527991e-02 7.639957e-03 2.946697e-02 1.473349e-02 1.307213e-03 6.536064e-04 1.753422e-02 8.767110e-03 3.847044e-02 9.443700e-03 6.644252e-02 4.463053e-03 9.472171e-02 1.387479e-02 4.998442e-03 9.207470e-05 2.504710e-02 2.306924e-04 5.182702e-02 4.773445e-04 9.177919e-02 8.453176e-04 9.749654e-02 8.979764e-04
0.001825 T17-2780 1.482258e-02 7.411288e-03 1.272295e-02 6.361474e-03 2.748282e-03 1.374141e-03 1.378778e-02 6.893888e-03 2.689901e-02 9.262296e-03 3.093996e-02 4.857025e-03 5.057386e-02 1.469549e-02 3.186068e-03 1.173791e-04 1.267894e-02 3.503319e-04 2.161654e-02 3.981913e-04 3.364450e-02 6.197546e-04 3.476328e-02 6.403633e-04
0.001825 T17-2769 1.370127e-02 6.850636e-03 0.000000e+00 9.900000e+01 5.820033e-03 2.910016e-03 0.000000e+00 9.900000e+01 2.553029e-02 8.480137e-03 2.846635e-02 4.487659e-03 5.221264e-02 1.438485e-02 3.089970e-03 1.138387e-04 1.153656e-02 3.187669e-04 2.667318e-02 4.913382e-04 4.553952e-02 4.194345e-04 4.706670e-02 8.670006e-04
0.001825 T17-2835 2.961503e-03 1.480752e-03 0.000000e+00 9.900000e+01 0.000000e+00 9.900000e+01 2.132943e-02 1.066472e-02 4.160267e-03 2.080133e-03 2.167338e-02 4.886479e-03 4.469757e-02 1.226585e-02 1.912891e-03 1.057103e-04 9.523073e-03 2.631322e-04 1.835452e-02 3.381028e-04 2.835734e-02 5.223615e-04 2.960597e-02 8.180433e-04
0.001825 T17-2836 1.645292e-02 8.226462e-03 1.570679e-02 7.853393e-03 2.353312e-02 1.149478e-02 2.213162e-02 1.082911e-02 2.094278e-02 8.991562e-03 3.585552e-02 5.059304e-03 3.481501e-02 1.358578e-02 5.561901e-03 1.024540e-04 1.779983e-02 3.278849e-04 2.627167e-02 4.839421e-04 3.702344e-02 6.819970e-04 3.657912e-02 6.738122e-04
0.001825 T17-2788 4.884659e-03 2.442330e-03 3.651237e-02 1.369992e-02 2.188116e-02 1.094058e-02 1.843960e-02 9.219801e-03 3.740788e-02 9.109696e-03 8.585843e-02 4.956298e-03 1.485366e-01 1.457018e-02 6.136723e-03 1.130426e-04 3.576187e-02 3.293790e-04 6.898967e-02 6.354184e-04 1.169383e-01 1.077042e-03 1.267157e-01 1.167095e-03
0.001825 T17-2802 1.206128e-02 6.030638e-03 4.879550e-03 2.439775e-03 1.139603e-03 5.698016e-04 5.473222e-03 2.736611e-03 6.253874e-03 3.126937e-03 2.051816e-02 4.352564e-03 3.040231e-02 1.466281e-02 2.199832e-03 1.215672e-04 1.127777e-02 4.154884e-04 1.861822e-02 5.144404e-04 3.099786e-02 5.710018e-04 3.268485e-02 6.020771e-04
0.001825 T17-2765 4.190635e-02 1.058682e-02 4.457142e-02 1.424066e-02 6.267459e-02 1.372435e-02 4.956363e-02 1.061496e-02 1.225573e-01 8.823622e-03 2.013894e-01 4.643745e-03 2.356490e-01 1.306794e-02 2.804516e-02 2.583054e-04 9.939380e-02 9.154508e-04 1.624580e-01 1.496293e-03 2.228051e-01 2.052111e-03 2.181755e-01 2.009470e-03
0.001825 T17-2828 7.844554e-03 3.922277e-03 1.204852e-02 6.024260e-03 0.000000e+00 9.900000e+01 1.380408e-02 6.902041e-03 2.819675e-02 9.063358e-03 4.328294e-02 4.445625e-03 7.259417e-02 1.348974e-02 3.299785e-03 1.215686e-04 1.679587e-02 3.093914e-04 3.465798e-02 3.192118e-04 5.568706e-02 5.128968e-04 6.097120e-02 5.615655e-04
0.001825 T17-2830 1.227448e-03 6.137238e-04 2.843017e-02 1.286523e-02 8.467620e-03 4.233810e-03 2.450459e-02 1.225229e-02 3.900147e-02 9.989864e-03 1.069230e-01 4.978224e-03 1.698909e-01 1.352755e-02 8.378100e-03 1.543303e-04 4.684014e-02 4.314137e-04 8.669155e-02 7.984587e-04 1.528990e-01 1.408252e-03 1.599851e-01 1.473517e-03
0.001825 T17-2887 9.718267e-03 4.859134e-03 2.451015e-02 1.225508e-02 8.563778e-04 4.281889e-04 2.893160e-02 1.064747e-02 3.865394e-02 9.201582e-03 3.807415e-02 4.514898e-03 3.118390e-02 1.277693e-02 3.862116e-03 1.067142e-04 1.660277e-02 3.058343e-04 2.614730e-02 4.816511e-04 4.217378e-02 3.884349e-04 4.182884e-02 7.705157e-04
0.001825 T17-2717 1.122989e-02 5.614946e-03 3.180036e-02 1.423982e-02 1.764367e-02 8.821835e-03 1.765667e-02 8.828335e-03 4.061619e-02 9.260621e-03 4.713703e-02 5.246330e-03 5.730344e-02 1.357637e-02 8.276268e-03 1.524545e-04 2.705040e-02 2.491434e-04 4.512156e-02 4.155849e-04 6.159887e-02 5.673466e-04 6.297668e-02 5.800367e-04
0.001825 T17-2695 0.000000e+00 9.900000e+01 2.148717e-03 1.074358e-03 7.035130e-03 3.517565e-03 2.505577e-02 1.018756e-02 1.310032e-02 6.550162e-03 2.707640e-02 5.363744e-03 4.910829e-02 1.459145e-02 5.503614e-03 1.013803e-04 1.859711e-02 3.425714e-04 2.692217e-02 4.959246e-04 4.133576e-02 3.807164e-04 4.067354e-02 7.492342e-04
0.001825 T17-2632 0.000000e+00 9.900000e+01 6.838204e-03 3.419102e-03 1.484899e-02 7.424495e-03 1.339332e-02 6.696660e-03 2.124566e-02 9.475277e-03 2.422822e-02 4.940658e-03 4.875195e-02 1.446331e-02 3.308584e-03 1.218927e-04 1.245194e-02 3.440598e-04 1.935015e-02 3.564429e-04 2.975893e-02 5.481798e-04 3.051460e-02 8.431496e-04
0.001825 T17-2748 0.000000e+00 9.900000e+01 1.354499e-02 6.772494e-03 1.415058e-02 7.075291e-03 1.104785e-02 5.523925e-03 1.469338e-02 7.346689e-03 3.073004e-02 3.987903e-03 6.345116e-02 1.277930e-02 2.137524e-03 1.181239e-04 1.199355e-02 3.313941e-04 2.376095e-02 4.376928e-04 3.808506e-02 7.015528e-04 4.087412e-02 7.529291e-04
0.001825 T17-2771 5.845566e-03 2.922783e-03 0.000000e+00 9.900000e+01 2.078703e-03 1.039352e-03 1.296321e-02 6.481603e-03 9.797886e-03 4.898943e-03 2.564031e-02 4.382446e-03 4.995667e-02 1.402190e-02 3.644179e-03 1.342565e-04 1.201191e-02 3.319013e-04 1.842919e-02 5.092173e-04 2.799062e-02 5.156063e-04 2.793182e-02 7.717848e-04
0.001825 T17-2716 6.154694e-02 1.018310e-02 2.829213e-02 1.392351e-02 8.567927e-02 1.220804e-02 6.750033e-02 1.106151e-02 1.255548e-01 9.844592e-03 1.841558e-01 4.923332e-03 1.815196e-01 1.382338e-02 2.594039e-02 2.389198e-04 1.009912e-01 9.301631e-04 1.401076e-01 1.290439e-03 1.826544e-01 1.682309e-03 1.687424e-01 1.554175e-03
0.001825 T17-2774 5.113582e-03 2.556791e-03 5.423996e-03 2.711998e-03 2.741289e-02 1.217543e-02 1.120583e-02 5.602915e-03 2.414716e-02 1.022034e-02 3.112824e-02 4.509862e-03 1.215963e-02 6.079813e-03 5.538035e-03 1.530216e-04 1.892216e-02 3.485591e-04 2.434818e-02 4.485100e-04 3.497213e-02 6.442105e-04 3.123552e-02 8.630694e-04
0.001825 T17-2670 2.357775e-02 1.054132e-02 2.308930e-02 1.154465e-02 4.089016e-02 1.308894e-02 3.723290e-02 1.110024e-02 5.209809e-02 1.023724e-02 6.987585e-02 4.406170e-03 7.423444e-02 1.411815e-02 1.133527e-02 1.044017e-04 3.706941e-02 3.414219e-04 6.243962e-02 5.750902e-04 8.556169e-02 7.880523e-04 8.401826e-02 7.738368e-04
0.001825 T17-2612 2.476899e-02 1.194469e-02 1.850637e-02 9.253185e-03 1.855212e-02 9.276060e-03 6.924064e-03 3.462032e-03 0.000000e+00 9.900000e+01 4.333458e-02 5.162267e-03 4.606742e-02 1.524567e-02 2.637954e-03 1.214823e-04 1.450105e-02 4.006787e-04 3.172382e-02 5.843744e-04 4.662917e-02 4.294705e-04 4.783706e-02 8.811912e-04
0.001825 T17-2646 1.055779e-02 5.278897e-03 1.430473e-02 7.152363e-03 2.189400e-02 1.094700e-02 2.056300e-02 1.028150e-02 3.604169e-02 9.518484e-03 4.657343e-02 5.207735e-03 7.684891e-02 1.474147e-02 4.118550e-03 1.137997e-04 2.230244e-02 4.108261e-04 3.817847e-02 3.516367e-04 5.521053e-02 5.085078e-04 5.671830e-02 1.044790e-03
0.001825 T17-2583 2.728018e-02 1.198941e-02 3.341913e-02 1.448420e-02 3.754168e-02 1.287350e-02 4.292021e-02 1.130452e-02 8.392824e-02 1.166890e-02 1.110597e-01 5.610092e-03 1.495538e-01 1.397135e-02 1.118771e-02 1.030426e-04 4.131307e-02 3.805074e-04 6.970843e-02 6.420384e-04 1.004758e-01 9.254164e-04 1.068690e-01 9.842997e-04
0.001825 T17-2570 9.041267e-03 4.520633e-03 7.989749e-04 3.994874e-04 1.511636e-02 7.558178e-03 0.000000e+00 9.900000e+01 2.321596e-02 1.083288e-02 3.139486e-02 5.211548e-03 4.817934e-02 1.432661e-02 3.907907e-03 1.079795e-04 1.304580e-02 3.604688e-04 2.045735e-02 3.768384e-04 3.032071e-02 5.585282e-04 2.888033e-02 7.979931e-04
0.001825 T17-2560 6.675765e-03 3.337883e-03 0.000000e+00 9.900000e+01 0.000000e+00 9.900000e+01 1.390928e-02 6.954638e-03 1.827755e-02 9.138776e-03 4.332089e-02 5.605150e-03 7.060014e-02 1.552619e-02 4.361497e-03 1.205126e-04 2.530649e-02 4.661628e-04 4.473842e-02 4.120561e-04 7.406529e-02 6.821665e-04 7.735807e-02 7.124942e-04
0.001825 T17-2191 8.822535e-03 4.411268e-03 2.250575e-02 1.125288e-02 0.000000e+00 9.900000e+01 2.214023e-02 1.107012e-02 1.383891e-02 6.919455e-03 2.474159e-02 5.010052e-03 4.865481e-02 1.447600e-02 1.849816e-03 1.022246e-04 1.149873e-02 3.177215e-04 2.366076e-02 4.358473e-04 3.327953e-02 3.065158e-04 3.714013e-02 3.420733e-04
0.001825 T17-2181 1.950247e-02 9.751237e-03 1.777615e-02 8.888076e-03 2.389928e-02 1.194964e-02 0.000000e+00 9.900000e+01 0.000000e+00 9.900000e+01 4.068662e-02 6.012736e-03 3.584778e-02 1.581965e-02 1.891444e-03 1.045251e-04 1.004472e-02 3.700613e-04 1.849010e-02 5.109002e-04 2.647586e-02 2.438516e-04 2.769265e-02 5.101175e-04
0.001825 T17-2313 3.119673e-03 1.559837e-03 1.466408e-03 7.332042e-04 0.000000e+00 9.900000e+01 1.368687e-02 6.843437e-03 1.488618e-02 7.443091e-03 3.167108e-02 5.658347e-03 2.821780e-02 1.386191e-02 4.914967e-03 1.358056e-04 2.345514e-02 4.320596e-04 4.537380e-02 4.179082e-04 6.905332e-02 6.360046e-04 7.074918e-02 6.516241e-04
0.001825 T17-2389 1.969309e-02 9.846547e-03 2.471374e-03 1.235687e-03 1.702119e-02 8.510597e-03 3.448345e-02 1.379830e-02 4.560263e-02 1.159716e-02 5.450780e-02 6.136952e-03 8.491570e-02 1.544367e-02 3.483943e-03 1.283532e-04 1.949288e-02 3.590722e-04 2.975168e-02 5.480463e-04 4.088174e-02 7.530695e-04 4.398269e-02 8.101912e-04
0.001825 T17-2380 0.000000e+00 9.900000e+01 0.000000e+00 9.900000e+01 3.351303e-02 1.351497e-02 2.504609e-02 1.178595e-02 5.079689e-02 1.003485e-02 1.136264e-01 5.260582e-03 1.477625e-01 1.439277e-02 8.307336e-03 1.530268e-04 4.476640e-02 4.123138e-04 9.000612e-02 8.289870e-04 1.306446e-01 1.203281e-03 1.366838e-01 1.258904e-03
0.001825 T17-2295 6.197860e-03 3.098930e-03 3.083406e-02 1.541703e-02 2.304879e-02 1.152440e-02 2.183914e-02 1.091957e-02 4.854396e-02 1.147875e-02 7.262738e-02 6.485610e-03 1.821205e-01 1.761336e-02 8.258240e-03 1.521224e-04 3.195806e-02 2.943446e-04 5.153649e-02 4.746686e-04 6.376551e-02 5.873021e-04 7.143391e-02 6.579306e-04
0.001825 T17-2398 1.077629e-02 5.388147e-03 2.128129e-02 1.064064e-02 2.308988e-02 1.154494e-02 1.379164e-02 6.895822e-03 2.228577e-02 1.069057e-02 2.770189e-02 5.059629e-03 4.974357e-02 1.526545e-02 3.037143e-03 1.398656e-04 1.532061e-02 4.233241e-04 2.465554e-02 4.541718e-04 3.956444e-02 7.288039e-04 4.023991e-02 7.412464e-04
0.001825 T17-2463 5.672256e-03 2.836128e-03 2.434470e-02 1.217235e-02 6.779361e-03 3.389681e-03 6.471530e-02 1.312746e-02 7.891607e-02 1.020371e-02 1.149032e-01 5.155571e-03 1.171710e-01 1.441878e-02 1.273525e-02 1.172960e-04 5.458248e-02 5.027232e-04 9.139660e-02 8.417938e-04 1.233388e-01 1.135992e-03 1.166673e-01 1.074545e-03
0.001825 T17-2430 0.000000e+00 9.900000e+01 3.157978e-03 1.578989e-03 1.223528e-04 6.117639e-05 7.074159e-03 3.537080e-03 3.584241e-02 1.102334e-02 4.130129e-02 6.328711e-03 6.963787e-02 1.424378e-02 5.757130e-03 1.060502e-04 1.661242e-02 3.060122e-04 3.023372e-02 5.569258e-04 4.906545e-02 4.519095e-04 5.043107e-02 9.289746e-04
0.001825 T17-2222 1.539250e-02 7.696250e-03 1.730604e-03 8.653020e-04 5.711009e-03 2.855505e-03 8.416380e-03 4.208190e-03 2.243527e-03 1.121763e-03 2.800728e-02 5.114739e-03 1.539555e-03 7.697776e-04 4.005703e-03 1.106817e-04 1.113965e-02 3.077998e-04 1.918258e-02 3.533561e-04 2.702050e-02 4.977360e-04 2.761934e-02 7.631504e-04
0.001825 T17-2189 1.645663e-02 8.228314e-03 1.190186e-02 5.950928e-03 4.175731e-02 1.393284e-02 2.814293e-02 1.367901e-02 4.023446e-02 1.018367e-02 7.596560e-02 5.304358e-03 1.224863e-01 1.681137e-02 6.471289e-03 1.192056e-04 3.698434e-02 3.406384e-04 7.394183e-02 6.810295e-04 1.033245e-01 9.516534e-04 1.076612e-01 9.915961e-04
0.001825 T17-2201 0.000000e+00 9.900000e+01 0.000000e+00 9.900000e+01 1.280627e-02 6.403133e-03 1.179236e-02 5.896178e-03 3.786237e-02 1.111287e-02 4.367563e-02 6.786283e-03 4.511839e-02 1.495850e-02 5.884984e-03 1.084054e-04 2.742516e-02 5.051901e-04 5.133298e-02 4.727942e-04 7.299887e-02 6.723445e-04 7.394709e-02 6.810779e-04
0.001825 T17-2195 8.051622e-03 4.025811e-03 0.000000e+00 9.900000e+01 2.894267e-03 1.447134e-03 6.738457e-03 3.369229e-03 1.311281e-02 6.556407e-03 2.228165e-02 4.656379e-03 5.310481e-02 1.415019e-02 3.147721e-03 1.159663e-04 1.186706e-02 3.278991e-04 2.283146e-02 4.205710e-04 3.625914e-02 6.679181e-04 4.178300e-02 7.696713e-04
0.001825 T17-2286 1.218298e-02 6.091491e-03 1.654318e-02 8.271592e-03 2.427334e-02 1.213667e-02 1.662765e-02 8.313823e-03 3.817241e-02 1.005879e-02 4.783828e-02 4.960374e-03 3.859037e-02 1.641970e-02 5.014051e-03 1.385433e-04 2.582497e-02 4.757135e-04 4.484693e-02 4.130555e-04 6.313984e-02 5.815395e-04 6.276041e-02 5.780447e-04
0.001825 T17-2271 5.096857e-02 1.234737e-02 4.760681e-02 1.744744e-02 1.777063e-01 1.458892e-02 1.314133e-01 1.367652e-02 2.641388e-01 1.321117e-02 4.423229e-01 7.545887e-03 5.178100e-01 1.393492e-02 3.991477e-02 3.676286e-04 2.369087e-01 2.182010e-03 3.530812e-01 3.251998e-03 5.616331e-01 5.172832e-03 5.241770e-01 4.827849e-03
0.001825 T17-1090 3.781506e-02 1.890753e-02 3.481512e-02 1.740756e-02 4.592709e-02 2.296354e-02 3.207347e-02 1.603673e-02 6.777195e-02 2.116638e-02 9.438325e-02 1.172473e-02 6.723548e-02 1.468753e-02 1.493745e-02 1.375790e-04 5.769390e-02 5.313805e-04 7.512962e-02 6.919694e-04 9.402182e-02 8.659730e-04 9.651567e-02 8.889422e-04
0.001825 T17-1187 4.246830e-02 2.123415e-02 7.244759e-02 2.919407e-02 7.703100e-02 2.753334e-02 6.577747e-02 2.703845e-02 6.999889e-02 1.944804e-02 1.976931e-01 9.049843e-03 2.065539e-01 1.522113e-02 2.234342e-02 2.057905e-04 1.006870e-01 9.273612e-04 1.460942e-01 1.345577e-03 1.887663e-01 1.738602e-03 1.925263e-01 1.773232e-03
0.001825 T17-0834 0.000000e+00 9.900000e+01 0.000000e+00 9.900000e+01 6.070727e-02 3.035364e-02 6.001709e-02 2.572448e-02 7.565472e-02 1.982995e-02 1.309784e-01 1.021868e-02 1.731671e-01 1.554351e-02 1.525666e-02 1.405191e-04 7.000682e-02 6.447866e-04 1.144579e-01 1.054196e-03 1.497349e-01 1.379109e-03 1.637645e-01 1.508327e-03
0.001825 T17-0931 0.000000e+00 9.900000e+01 1.819867e-02 9.099335e-03 0.000000e+00 9.900000e+01 4.244966e-02 2.122483e-02 3.108455e-02 1.554228e-02 3.811562e-02 8.707158e-03 6.559522e-02 1.434530e-02 2.537240e-03 9.347536e-05 1.537246e-02 4.247566e-04 2.760269e-02 5.084604e-04 3.681893e-02 3.391149e-04 3.992550e-02 3.677274e-04
0.001825 T17-0896 4.943301e-02 2.142992e-02 6.924440e-02 2.718031e-02 4.528653e-02 2.264326e-02 1.057240e-01 2.499685e-02 1.630361e-01 2.123251e-02 1.856109e-01 9.110061e-03 1.963815e-01 1.383007e-02 2.994017e-02 2.757591e-04 1.084390e-01 9.987599e-04 1.606778e-01 1.479897e-03 1.949603e-01 1.795651e-03 1.918483e-01 1.766988e-03
0.001825 T17-0974 4.976930e-02 2.055431e-02 1.282292e-02 6.411458e-03 0.000000e+00 9.900000e+01 6.129186e-03 3.064593e-03 2.300793e-02 1.150396e-02 3.659218e-02 9.698335e-03 5.430096e-02 1.377529e-02 2.693282e-03 9.922417e-05 1.654110e-02 3.046983e-04 3.456924e-02 6.367890e-04 5.290941e-02 4.873137e-04 6.040724e-02 5.563713e-04
0.001825 T17-1070 0.000000e+00 9.900000e+01 2.836768e-02 1.418384e-02 7.700335e-02 2.684174e-02 1.064659e-02 5.323293e-03 3.435844e-02 1.717922e-02 5.079895e-02 8.305309e-03 3.107651e-02 1.505497e-02 8.649069e-03 1.593217e-04 3.084388e-02 2.840826e-04 4.844207e-02 4.461679e-04 6.738098e-02 6.206018e-04 6.601936e-02 6.080607e-04
0.001825 T17-1923 3.239292e-02 1.619646e-02 1.569139e-02 7.845694e-03 3.175398e-02 1.587699e-02 3.544021e-02 1.772010e-02 2.263665e-02 1.131833e-02 7.810332e-02 8.491851e-03 1.013609e-01 1.419023e-02 1.097896e-02 1.011200e-04 4.189268e-02 3.858459e-04 6.785185e-02 6.249387e-04 9.061946e-02 8.346360e-04 9.622743e-02 8.862874e-04
0.001825 T17-1424 4.308731e-02 1.879724e-02 5.134334e-02 2.450229e-02 0.000000e+00 9.900000e+01 2.249553e-02 1.124776e-02 8.763650e-02 1.889172e-02 1.549431e-01 1.003117e-02 1.729422e-01 1.518827e-02 1.111321e-02 2.047128e-04 6.323203e-02 5.823885e-04 1.169192e-01 1.076866e-03 1.700220e-01 1.565961e-03 1.648904e-01 1.518696e-03
0.001825 T17-1904 1.871825e-02 9.359125e-03 4.364733e-02 2.182367e-02 0.000000e+00 9.900000e+01 1.191247e-02 5.956234e-03 4.839488e-02 1.786283e-02 4.411790e-02 8.376223e-03 8.078969e-02 1.359063e-02 2.830442e-03 1.042773e-04 1.650407e-02 3.040162e-04 3.214956e-02 2.961084e-04 5.116061e-02 4.712067e-04 5.534490e-02 5.097454e-04
0.001825 T17-1380 1.790043e-03 8.950215e-04 5.879245e-03 2.939623e-03 1.866850e-03 9.334251e-04 0.000000e+00 9.900000e+01 0.000000e+00 9.900000e+01 8.232827e-02 8.413861e-03 1.043648e-01 1.281468e-02 4.447292e-03 1.228832e-04 2.572190e-02 4.738148e-04 5.975443e-02 5.503586e-04 9.839016e-02 9.062068e-04 1.088665e-01 1.002698e-03
0.001825 T17-1219 1.909364e-02 9.546822e-03 3.604641e-02 1.802320e-02 0.000000e+00 9.900000e+01 3.432900e-02 1.716450e-02 5.143774e-02 1.997023e-02 5.986338e-02 9.425572e-03 8.447871e-02 1.532447e-02 5.597159e-03 1.546552e-04 2.183278e-02 4.021746e-04 4.037502e-02 3.718677e-04 7.166113e-02 6.600234e-04 7.372292e-02 6.790132e-04
0.001825 T17-1601 3.381298e-02 1.690649e-02 6.432514e-02 2.618670e-02 6.329279e-02 3.103635e-02 1.233230e-02 6.166149e-03 8.731299e-02 1.703302e-02 1.215946e-01 8.422267e-03 1.412148e-01 1.441678e-02 8.426188e-03 1.552161e-04 5.241928e-02 4.827994e-04 8.896308e-02 8.193802e-04 1.286981e-01 1.185353e-03 1.262917e-01 1.163190e-03
0.001825 T17-1247 1.743894e-02 8.719468e-03 7.085418e-02 2.385568e-02 3.330853e-02 1.665426e-02 2.722227e-02 1.361113e-02 2.608263e-02 1.304131e-02 5.744352e-02 8.510468e-03 1.011988e-01 1.330199e-02 9.265845e-03 1.706832e-04 3.321745e-02 3.059440e-04 5.054848e-02 4.655687e-04 7.185591e-02 6.618174e-04 7.186468e-02 6.618982e-04
0.001825 T17-1410 4.574644e-03 2.287322e-03 0.000000e+00 9.900000e+01 0.000000e+00 9.900000e+01 8.007683e-02 2.422145e-02 1.369893e-02 6.849464e-03 3.339688e-02 8.856913e-03 4.946702e-02 1.271325e-02 3.860793e-03 1.066776e-04 1.978335e-02 3.644228e-04 3.146165e-02 5.795449e-04 4.345048e-02 4.001937e-04 4.422848e-02 8.147187e-04
0.001825 T17-0775 4.950865e-02 2.238834e-02 3.678056e-02 1.839028e-02 1.522410e-02 7.612050e-03 1.268131e-03 6.340656e-04 4.101981e-02 2.035870e-02 4.582673e-02 8.605126e-03 4.262213e-02 1.571963e-02 1.147507e-02 2.113787e-04 3.998476e-02 3.682733e-04 5.859635e-02 5.396923e-04 8.153819e-02 7.509945e-04 7.517158e-02 6.923559e-04
0.001825 T17-1007 8.410888e-03 4.205444e-03 6.859599e-04 3.429800e-04 4.076714e-02 2.038357e-02 0.000000e+00 9.900000e+01 5.586699e-02 1.904961e-02 3.140088e-02 8.270872e-03 6.101403e-02 1.512171e-02 4.510803e-03 1.246381e-04 1.838031e-02 3.385778e-04 2.899345e-02 5.340790e-04 4.490442e-02 4.135849e-04 4.683567e-02 8.627450e-04
0.001825 T17-0990 3.491871e-03 1.745936e-03 0.000000e+00 9.900000e+01 0.000000e+00 9.900000e+01 5.794663e-02 2.644259e-02 5.519669e-02 1.962373e-02 6.230220e-02 9.204578e-03 8.268804e-02 1.365246e-02 5.320361e-03 9.800468e-05 2.977974e-02 2.742815e-04 5.467063e-02 5.035351e-04 7.743370e-02 7.131908e-04 7.797859e-02 7.182094e-04
0.001825 T17-0768 2.514641e-02 1.257320e-02 2.678286e-02 1.339143e-02 0.000000e+00 9.900000e+01 0.000000e+00 9.900000e+01 1.588636e-02 7.943181e-03 6.658417e-02 9.921343e-03 5.284688e-02 1.463932e-02 4.627108e-03 1.278517e-04 1.857407e-02 3.421470e-04 2.967192e-02 5.465769e-04 4.495277e-02 4.140303e-04 4.426256e-02 8.153465e-04
0.001825 T17-0817 6.599870e-02 2.133174e-02 2.781078e-02 1.390539e-02 3.548762e-02 1.774381e-02 4.259883e-02 2.129942e-02 3.367044e-02 1.683522e-02 9.249513e-02 9.514171e-03 1.118243e-01 1.409136e-02 1.881978e-02 1.733366e-04 5.229280e-02 4.816345e-04 7.347207e-02 6.767028e-04 9.665006e-02 8.901799e-04 9.642421e-02 8.880998e-04
0.001825 T17-0732 4.939602e-03 2.469801e-03 2.810119e-02 1.405059e-02 0.000000e+00 9.900000e+01 1.887777e-02 9.438884e-03 3.788502e-02 1.772739e-02 7.519543e-02 9.299788e-03 9.498456e-02 1.312985e-02 4.275235e-03 1.181291e-04 2.267850e-02 4.177533e-04 4.743773e-02 4.369176e-04 7.865484e-02 7.244378e-04 8.852022e-02 8.153014e-04
0.001825 T17-0804 0.000000e+00 9.900000e+01 4.309974e-02 2.154987e-02 1.951739e-02 9.758697e-03 2.062324e-02 1.031162e-02 6.558611e-02 1.727156e-02 7.558254e-02 1.009081e-02 1.174745e-01 1.610058e-02 8.331527e-03 1.534724e-04 3.925406e-02 3.615433e-04 6.837565e-02 6.297630e-04 9.095407e-02 8.377180e-04 9.426337e-02 8.681977e-04
0.001825 T17-0873 1.572958e-02 7.864789e-03 0.000000e+00 9.900000e+01 2.463474e-02 1.231737e-02 0.000000e+00 9.900000e+01 0.000000e+00 9.900000e+01 4.840428e-02 8.981117e-03 6.628556e-02 1.304259e-02 3.208425e-03 1.182027e-04 1.611007e-02 2.967584e-04 3.402190e-02 3.133532e-04 5.438203e-02 5.008770e-04 6.009432e-02 5.534891e-04
0.001825 T17-0918 7.078516e-02 2.512717e-02 1.819866e-02 9.099329e-03 1.014773e-01 2.597940e-02 6.119796e-02 2.413868e-02 9.688031e-02 1.912843e-02 1.837188e-01 8.549527e-03 2.312968e-01 1.354854e-02 2.111789e-02 1.945029e-04 8.709981e-02 8.022189e-04 1.510900e-01 1.391590e-03 2.004587e-01 1.846292e-03 1.926741e-01 1.774594e-03
0.001825 T17-0988 6.617131e-03 3.308565e-03 4.129353e-02 2.064676e-02 4.936446e-03 2.468223e-03 3.305153e-02 1.652576e-02 4.532631e-02 1.926877e-02 3.693676e-02 8.206650e-03 3.504819e-02 1.339084e-02 6.281663e-03 1.157125e-04 1.828202e-02 3.367673e-04 2.922988e-02 5.384344e-04 4.334949e-02 3.992636e-04 4.246364e-02 7.822091e-04
0.001825 T17-0908 4.895233e-03 2.447616e-03 6.030259e-03 3.015129e-03 0.000000e+00 9.900000e+01 8.107081e-03 4.053541e-03 1.677699e-02 8.388495e-03 5.084332e-02 9.015645e-03 8.596149e-02 1.477206e-02 7.891546e-03 1.453676e-04 2.561020e-02 2.358787e-04 3.976632e-02 3.662614e-04 6.001109e-02 5.527226e-04 5.662176e-02 5.215057e-04
0.001825 T17-0809 1.430874e-02 7.154368e-03 7.579026e-03 3.789513e-03 3.483747e-03 1.741873e-03 0.000000e+00 9.900000e+01 0.000000e+00 9.900000e+01 2.951090e-02 8.009120e-03 6.525608e-02 1.612191e-02 2.171742e-03 1.200149e-04 1.241508e-02 3.430412e-04 2.877049e-02 5.299720e-04 4.686579e-02 4.316499e-04 5.325607e-02 4.905066e-04
0.001825 T17-0841 1.117963e-02 5.589817e-03 4.137183e-02 2.068592e-02 7.322195e-02 2.633790e-02 0.000000e+00 9.900000e+01 3.830408e-02 1.893271e-02 2.448996e-02 8.066227e-03 4.321184e-02 1.423322e-02 2.181993e-03 1.004845e-04 1.036410e-02 3.818276e-04 1.905748e-02 3.510518e-04 2.510050e-02 4.623682e-04 2.773378e-02 7.663127e-04
0.001825 T17-0805 2.222571e-02 1.111286e-02 0.000000e+00 9.900000e+01 0.000000e+00 9.900000e+01 0.000000e+00 9.900000e+01 4.931129e-02 1.949619e-02 4.066482e-02 8.452681e-03 4.414307e-02 1.404463e-02 2.663987e-03 1.226811e-04 1.275277e-02 3.523719e-04 2.544078e-02 4.686364e-04 3.951525e-02 7.278978e-04 4.283980e-02 7.891382e-04
0.001825 T17-0728 1.419874e-02 7.099371e-03 4.631381e-03 2.315690e-03 1.672803e-02 8.364016e-03 2.805427e-02 1.402714e-02 5.429988e-02 1.729223e-02 3.745632e-02 9.198657e-03 7.872559e-02 1.285456e-02 2.332565e-03 1.289023e-04 1.304323e-02 3.603979e-04 2.481927e-02 4.571879e-04 3.712742e-02 6.839124e-04 3.986279e-02 7.342997e-04
0.001825 T17-1194 3.976351e-02 1.960093e-02 2.486823e-02 1.243411e-02 0.000000e+00 9.900000e+01 4.933317e-02 2.408203e-02 5.585274e-02 1.961488e-02 8.852109e-02 7.757788e-03 1.416858e-01 1.361827e-02 5.019471e-03 1.386931e-04 3.211723e-02 2.958106e-04 6.678480e-02 6.151107e-04 1.109632e-01 1.022009e-03 1.183233e-01 1.089798e-03
0.001825 T17-1094 1.703968e-02 8.519842e-03 4.618354e-03 2.309177e-03 0.000000e+00 9.900000e+01 1.761646e-02 8.808231e-03 1.878893e-02 9.394463e-03 7.403527e-02 8.331534e-03 1.123740e-01 1.318733e-02 4.388322e-03 1.212538e-04 2.673637e-02 2.462511e-04 5.751248e-02 5.297096e-04 9.363929e-02 8.624498e-04 1.063740e-01 9.797407e-04
0.001825 T17-0285 1.000994e-02 5.004971e-03 1.950937e-02 9.754685e-03 4.235484e-02 2.117742e-02 4.062604e-02 2.031302e-02 0.000000e+00 9.900000e+01 6.691466e-02 1.139450e-02 5.453254e-02 1.826452e-02 1.694622e-02 1.560805e-04 4.446859e-02 4.095709e-04 7.565533e-02 6.968113e-04 1.064852e-01 9.807648e-04 1.045892e-01 9.633025e-04
0.001825 T17-0282 5.114740e-03 2.557370e-03 2.382811e-03 1.191405e-03 0.000000e+00 9.900000e+01 0.000000e+00 9.900000e+01 2.786627e-02 1.393314e-02 4.268733e-02 1.043306e-02 6.012917e-02 1.778426e-02 2.441279e-03 1.349100e-04 1.509827e-02 4.171806e-04 3.034195e-02 5.589195e-04 4.684908e-02 4.314960e-04 4.819827e-02 8.878450e-04
0.001825 T17-0338 0.000000e+00 9.900000e+01 8.830953e-02 4.117435e-02 1.853976e-02 9.269879e-03 5.286082e-03 2.643041e-03 1.230142e-01 2.788037e-02 2.262279e-01 1.213454e-02 2.529860e-01 2.261687e-02 1.837022e-02 1.691960e-04 1.034634e-01 9.529329e-04 2.019539e-01 1.860064e-03 3.154885e-01 2.905756e-03 3.447036e-01 3.174837e-03
0.001825 T17-0302 4.942800e-02 2.471400e-02 0.000000e+00 9.900000e+01 0.000000e+00 9.900000e+01 4.717659e-02 2.358830e-02 1.602258e-02 8.011291e-03 4.674483e-02 1.096252e-02 8.742367e-02 1.766133e-02 4.707593e-03 1.734341e-04 1.926400e-02 3.548560e-04 3.736821e-02 6.883479e-04 4.892853e-02 4.506484e-04 5.225761e-02 4.813103e-04
0.001825 T17-0324 6.591798e-03 3.295899e-03 3.742413e-02 1.871207e-02 6.644476e-02 3.322238e-02 8.248423e-02 3.503860e-02 2.747750e-03 1.373875e-03 2.578861e-02 1.289430e-02 1.830436e-02 9.152178e-03 6.188761e-03 1.710018e-04 2.361057e-02 4.349229e-04 3.209304e-02 5.911756e-04 3.962125e-02 7.298504e-04 4.629464e-02 8.527788e-04
0.001825 T17-0391 0.000000e+00 9.900000e+01 4.204036e-02 2.102018e-02 3.507511e-02 1.753756e-02 1.697637e-02 8.488183e-03 2.744566e-02 1.372283e-02 8.227019e-02 1.257070e-02 7.119381e-02 1.642273e-02 7.476707e-03 1.377260e-04 3.291938e-02 3.031987e-04 5.821042e-02 5.361378e-04 8.052495e-02 7.416622e-04 8.519904e-02 7.847122e-04
0.001825 T17-0400 3.642992e-02 1.821496e-02 0.000000e+00 9.900000e+01 1.046473e-01 3.726617e-02 0.000000e+00 9.900000e+01 3.329381e-02 1.664691e-02 2.646722e-02 1.115847e-02 4.796307e-02 1.598655e-02 1.956144e-03 1.261173e-04 1.191763e-02 3.292963e-04 2.403261e-02 4.426970e-04 3.379992e-02 6.226175e-04 3.659765e-02 6.741537e-04
0.001825 T17-0119 4.625208e-02 2.094838e-02 0.000000e+00 9.900000e+01 3.201379e-02 1.600689e-02 1.358863e-02 6.794316e-03 6.464319e-02 2.114549e-02 2.009007e-02 9.781289e-03 6.467575e-02 1.584069e-02 2.557497e-03 1.177771e-04 1.370254e-02 3.786151e-04 2.592117e-02 4.774855e-04 4.017810e-02 3.700539e-04 4.581960e-02 8.440282e-04
0.001825 T17-0222 2.561764e-02 1.280882e-02 0.000000e+00 9.900000e+01 0.000000e+00 9.900000e+01 7.258069e-03 3.629034e-03 9.051893e-02 2.886945e-02 8.902225e-02 1.144983e-02 8.978960e-02 1.935455e-02 1.843706e-02 1.698116e-04 5.446937e-02 5.016814e-04 8.136327e-02 7.493834e-04 1.129988e-01 1.040758e-03 1.053595e-01 9.703967e-04
0.001825 T17-0273 6.083047e-02 2.834627e-02 5.515124e-02 2.757562e-02 1.362432e-01 3.403267e-02 1.129546e-01 2.900619e-02 1.982057e-01 2.339941e-02 3.175464e-01 1.124755e-02 3.661829e-01 1.628545e-02 3.907663e-02 3.599090e-04 1.715534e-01 1.580065e-03 2.784251e-01 2.564390e-03 3.613197e-01 3.327877e-03 3.573644e-01 3.291448e-03
0.001825 T17-0308 9.653098e-02 2.526765e-02 4.724371e-02 2.362186e-02 1.165093e-01 3.232296e-02 9.437233e-02 2.572182e-02 2.465827e-01 2.151338e-02 3.399639e-01 1.122295e-02 3.970328e-01 1.497407e-02 3.246304e-02 2.989956e-04 1.569643e-01 1.445695e-03 2.630540e-01 2.422817e-03 3.551777e-01 3.271307e-03 3.823337e-01 3.521423e-03
0.001825 T17-0289 6.542232e-03 3.271116e-03 0.000000e+00 9.900000e+01 5.463895e-02 2.731947e-02 1.096521e-02 5.482606e-03 4.582321e-02 2.291160e-02 5.887882e-02 1.011074e-02 7.122481e-02 1.635916e-02 1.156494e-02 1.065171e-04 3.496318e-02 3.220228e-04 5.151227e-02 4.744455e-04 6.766225e-02 6.231924e-04 6.956098e-02 6.406803e-04
0.001825 T17-0188 3.481492e-02 1.740746e-02 2.327436e-02 1.163718e-02 1.004606e-01 3.089723e-02 3.155608e-02 1.577804e-02 1.241551e-02 6.207753e-03 5.632230e-02 1.061551e-02 1.153766e-01 1.682934e-02 1.026990e-02 1.891785e-04 3.888194e-02 3.581159e-04 6.664491e-02 6.138223e-04 9.105096e-02 8.386104e-04 9.908192e-02 9.125782e-04
0.001825 T17-0156 2.245093e-02 1.122546e-02 0.000000e+00 9.900000e+01 0.000000e+00 9.900000e+01 9.674780e-03 4.837390e-03 4.034825e-02 2.017413e-02 5.925968e-02 1.063546e-02 5.616920e-02 1.640993e-02 4.562801e-03 1.260749e-04 2.753115e-02 2.535713e-04 5.155519e-02 4.748408e-04 7.513376e-02 6.920075e-04 9.356803e-02 8.617934e-04
0.001825 T17-0259 6.272462e-02 2.263593e-02 0.000000e+00 9.900000e+01 8.155834e-02 3.171847e-02 6.818050e-03 3.409025e-03 9.744894e-03 4.872447e-03 4.830570e-02 1.012686e-02 2.408476e-02 1.204238e-02 4.831846e-03 1.335088e-04 1.889562e-02 3.480702e-04 2.995304e-02 5.517553e-04 3.933129e-02 7.245092e-04 4.272372e-02 7.870001e-04
0.001825 T17-0269 2.923042e-02 1.461521e-02 0.000000e+00 9.900000e+01 0.000000e+00 9.900000e+01 2.471429e-02 1.235714e-02 6.312364e-02 2.241100e-02 4.525737e-02 9.690913e-03 5.830745e-02 1.504344e-02 7.380412e-03 1.359522e-04 2.427957e-02 4.472463e-04 3.856876e-02 3.552314e-04 5.310174e-02 4.890851e-04 5.667704e-02 5.220149e-04
0.001825 T17-0237 0.000000e+00 9.900000e+01 2.598537e-02 1.299268e-02 0.000000e+00 9.900000e+01 0.000000e+00 9.900000e+01 2.418875e-02 1.209437e-02 5.653107e-02 1.069620e-02 8.264230e-02 1.660153e-02 2.610394e-03 1.202131e-04 1.288561e-02 3.560424e-04 3.367652e-02 6.203445e-04 5.294522e-02 4.876435e-04 6.347606e-02 5.846361e-04
0.001825 T17-0354 6.435078e-02 2.382744e-02 8.885677e-02 2.921608e-02 1.751527e-01 3.182522e-02 1.342799e-01 2.973012e-02 2.434037e-01 2.332395e-02 3.659516e-01 1.098899e-02 3.883311e-01 1.551558e-02 5.082515e-02 4.681169e-04 1.900146e-01 1.750099e-03 2.879575e-01 2.652186e-03 4.110703e-01 3.786098e-03 4.111804e-01 3.787112e-03
0.001825 T17-0363 0.000000e+00 9.900000e+01 2.130887e-02 1.065444e-02 0.000000e+00 9.900000e+01 7.993925e-03 3.996962e-03 4.109042e-02 2.054521e-02 4.554217e-02 1.093325e-02 5.973609e-02 1.680678e-02 2.945254e-03 1.085072e-04 1.044606e-02 2.886352e-04 2.758152e-02 5.080704e-04 4.324278e-02 3.982807e-04 4.835947e-02 4.454072e-04
0.001825 T17-0342 6.250825e-02 2.662314e-02 0.000000e+00 9.900000e+01 0.000000e+00 9.900000e+01 3.066634e-02 1.533317e-02 5.067570e-02 1.968969e-02 7.282309e-02 1.037054e-02 1.144703e-01 1.527627e-02 6.252408e-03 1.151736e-04 2.991785e-02 2.755536e-04 6.132751e-02 5.648472e-04 8.958728e-02 8.251293e-04 9.324842e-02 8.588497e-04
0.001825 T17-0389 3.994505e-02 1.997252e-02 2.187613e-02 1.093807e-02 1.078898e-01 3.242238e-02 2.919690e-02 1.459845e-02 1.738226e-01 2.661397e-02 2.863714e-01 9.675800e-03 4.068573e-01 1.747600e-02 1.830990e-02 1.686404e-04 1.092325e-01 1.006069e-03 2.217419e-01 2.042319e-03 3.433823e-01 3.162668e-03 3.797294e-01 3.497437e-03
0.001825 T17-0199 5.590958e-02 2.315385e-02 7.206904e-02 3.026891e-02 9.783600e-02 3.060018e-02 1.615338e-01 2.741411e-02 2.005530e-01 2.303774e-02 3.696538e-01 1.212834e-02 4.615963e-01 1.754826e-02 2.787416e-02 2.567305e-04 1.926742e-01 1.774595e-03 2.994240e-01 2.757797e-03 4.620754e-01 4.255872e-03 4.897819e-01 4.511058e-03
0.001825 T17-0138 8.665887e-02 2.245663e-02 1.207272e-01 2.752798e-02 1.789015e-01 3.417332e-02 1.608191e-01 2.806092e-02 2.951676e-01 2.080403e-02 3.871343e-01 1.036310e-02 4.352874e-01 1.573369e-02 5.421979e-02 4.993828e-04 2.257921e-01 2.079622e-03 3.229409e-01 2.974396e-03 5.088061e-01 4.686278e-03 4.518936e-01 4.162094e-03
0.001825 T17-0203 2.927680e-02 1.463840e-02 0.000000e+00 9.900000e+01 5.850798e-03 2.925399e-03 2.009655e-02 1.004827e-02 4.994351e-02 2.271899e-02 4.911055e-02 1.073087e-02 7.465474e-02 1.653629e-02 3.095273e-03 1.425426e-04 1.475968e-02 4.078251e-04 3.099508e-02 5.709505e-04 5.235210e-02 4.821807e-04 5.698008e-02 5.248059e-04
0.001825 T17-0174 1.122720e-02 5.613598e-03 0.000000e+00 9.900000e+01 0.000000e+00 9.900000e+01 0.000000e+00 9.900000e+01 2.226715e-02 1.113358e-02 1.048644e-01 1.138856e-02 1.215764e-01 1.863674e-02 1.856072e-02 1.709505e-04 8.334491e-02 7.676350e-04 1.161496e-01 1.069778e-03 1.528924e-01 1.408191e-03 1.688706e-01 1.555356e-03
0.001825 T17-0240 9.349940e-03 4.674970e-03 3.935466e-02 1.967733e-02 4.449404e-02 2.224702e-02 3.709320e-02 1.854660e-02 3.471731e-02 1.735865e-02 4.075904e-02 1.289471e-02 6.401097e-02 1.645500e-02 5.055270e-03 1.396823e-04 2.115245e-02 3.896426e-04 4.273674e-02 3.936199e-04 5.853804e-02 5.391553e-04 6.285054e-02 5.788748e-04
0.001825 T17-0227 9.519552e-04 4.759776e-04 0.000000e+00 9.900000e+01 6.163195e-05 3.081598e-05 0.000000e+00 9.900000e+01 5.869546e-02 2.326184e-02 1.472952e-01 1.053034e-02 2.122469e-01 1.870707e-02 8.470413e-03 1.560308e-04 4.448359e-02 4.097090e-04 9.824870e-02 9.049040e-04 1.624254e-01 1.495993e-03 1.780754e-01 1.640135e-03
0.001825 T17-0242 1.925573e-02 9.627866e-03 3.387925e-02 1.693963e-02 1.140463e-02 5.702313e-03 1.388509e-02 6.942544e-03 1.181308e-01 2.165338e-02 1.171210e-01 1.024434e-02 1.027766e-01 1.521218e-02 1.486590e-02 1.369200e-04 4.202586e-02 3.870725e-04 6.647694e-02 6.122752e-04 8.798044e-02 8.103298e-04 8.708540e-02 8.020862e-04
0.001825 T17-0267 4.309130e-02 2.154565e-02 0.000000e+00 9.900000e+01 0.000000e+00 9.900000e+01 2.207959e-02 1.103980e-02 2.695789e-03 1.347894e-03 4.172687e-02 9.741173e-03 7.571454e-02 1.630774e-02 2.498609e-03 1.380782e-04 1.443437e-02 3.988363e-04 3.198401e-02 5.891673e-04 5.201710e-02 4.790952e-04 5.763173e-02 5.308079e-04
0.001825 T17-0152 4.042742e-02 2.021371e-02 3.402394e-02 1.701197e-02 8.508196e-02 3.173337e-02 1.386451e-01 2.741856e-02 1.852756e-01 2.072285e-02 2.602520e-01 9.790477e-03 3.296940e-01 1.699297e-02 4.076550e-02 3.754641e-04 1.448465e-01 1.334086e-03 2.308789e-01 2.126473e-03 3.222724e-01 2.968239e-03 3.283448e-01 3.024168e-03
0.001825 T17-0183 5.061181e-03 2.530590e-03 3.943507e-02 1.971753e-02 0.000000e+00 9.900000e+01 0.000000e+00 9.900000e+01 1.761677e-02 8.808385e-03 3.093326e-02 9.684665e-03 5.401422e-02 1.628275e-02 3.683660e-03 1.017833e-04 1.581568e-02 2.913355e-04 2.397462e-02 4.416289e-04 3.560004e-02 6.557770e-04 3.756899e-02 6.920464e-04
0.001825 T17-0181 4.189292e-02 2.094646e-02 1.087600e-02 5.438001e-03 0.000000e+00 9.900000e+01 4.694477e-02 2.347238e-02 0.000000e+00 9.900000e+01 4.127126e-02 1.004329e-02 3.371999e-02 1.435604e-02 2.502238e-03 1.152323e-04 1.022918e-02 2.826427e-04 1.858731e-02 3.423909e-04 3.010380e-02 5.545325e-04 3.155656e-02 5.812933e-04
0.001825 T17-0300 0.000000e+00 9.900000e+01 0.000000e+00 9.900000e+01 4.108662e-02 2.054331e-02 6.886428e-02 2.452517e-02 9.545573e-02 2.163479e-02 9.945336e-02 9.868135e-03 1.116545e-01 1.681451e-02 1.107638e-02 2.040344e-04 4.453759e-02 4.102064e-04 7.259557e-02 6.686299e-04 1.009965e-01 9.302123e-04 1.017402e-01 9.370615e-04
0.001825 T17-0395 6.182020e-02 2.758952e-02 3.954836e-02 1.977418e-02 1.482343e-02 7.411717e-03 8.776706e-02 3.176939e-02 2.755236e-03 1.377618e-03 6.284320e-03 3.142160e-03 3.178469e-02 1.549663e-02 2.031721e-03 1.497027e-04 1.021112e-02 3.761916e-04 2.280958e-02 4.201679e-04 3.380814e-02 6.227689e-04 3.848924e-02 7.089981e-04
0.001825 T17-0398 0.000000e+00 9.900000e+01 1.510383e-02 7.551916e-03 2.248306e-02 1.124153e-02 6.401388e-03 3.200694e-03 7.818116e-02 2.231416e-02 1.226189e-01 1.073623e-02 1.325975e-01 1.556024e-02 1.224095e-02 1.127433e-04 5.070323e-02 4.669940e-04 8.914368e-02 8.210436e-04 1.161453e-01 1.069737e-03 1.162316e-01 1.070532e-03
0.001825 T17-0201 1.147188e-01 2.065689e-02 1.557766e-01 2.782946e-02 1.928035e-01 2.946545e-02 1.604286e-01 2.580518e-02 2.944359e-01 2.263907e-02 4.039580e-01 1.042477e-02 4.502373e-01 1.583991e-02 7.048626e-02 6.492025e-04 2.523074e-01 2.323837e-03 3.464379e-01 3.190811e-03 4.903317e-01 4.516122e-03 4.569726e-01 4.208873e-03
0.001825 T17-0249 7.354730e-02 3.677365e-02 0.000000e+00 9.900000e+01 4.624803e-02 2.312402e-02 0.000000e+00 9.900000e+01 5.074924e-03 2.537462e-03 9.197189e-02 1.663352e-02 9.120443e-02 2.302563e-02 9.925043e-03 9.141302e-05 3.998441e-02 3.682700e-04 5.739918e-02 5.286660e-04 7.495926e-02 6.904003e-04 7.913077e-02 7.288213e-04
0.001825 T17-0385 7.893952e-02 3.143881e-02 4.288243e-02 2.144122e-02 7.293022e-02 3.646511e-02 3.894214e-02 1.947107e-02 8.535224e-02 3.053804e-02 1.656628e-01 1.490301e-02 1.605120e-01 2.128848e-02 2.845108e-02 2.620441e-04 8.987998e-02 8.278252e-04 1.346142e-01 1.239842e-03 1.796919e-01 1.655023e-03 1.717978e-01 1.582317e-03
0.001825 T17-0423 2.007350e-02 1.003675e-02 6.745952e-04 3.372976e-04 6.980553e-02 3.490276e-02 5.264070e-02 2.632035e-02 1.190218e-02 5.951091e-03 6.210064e-02 1.359141e-02 6.729168e-02 2.369031e-02 8.418511e-03 1.550747e-04 2.690914e-02 4.956847e-04 4.512645e-02 4.156300e-04 6.435217e-02 5.927054e-04 6.508722e-02 5.994755e-04
0.001825 T17-0433 2.710376e-02 1.355188e-02 3.201216e-02 1.600608e-02 0.000000e+00 9.900000e+01 0.000000e+00 9.900000e+01 3.208089e-02 1.604044e-02 5.467364e-02 1.571112e-02 8.898255e-02 2.223841e-02 6.071370e-03 1.118388e-04 2.015544e-02 3.712769e-04 2.974169e-02 2.739311e-04 4.403276e-02 4.055567e-04 4.177207e-02 7.694699e-04
0.001825 T17-0352 1.840674e-02 9.203371e-03 0.000000e+00 9.900000e+01 9.382524e-02 4.346426e-02 1.153286e-01 3.530117e-02 1.016890e-01 3.764325e-02 2.050607e-01 1.510208e-02 2.472014e-01 2.438189e-02 2.921148e-02 2.690477e-04 1.120060e-01 1.031613e-03 1.709199e-01 1.574230e-03 2.303075e-01 2.121211e-03 2.305935e-01 2.123845e-03
0.001825 T17-0337 4.146026e-02 2.073013e-02 4.269753e-02 2.134877e-02 2.790708e-02 1.395354e-02 1.320193e-01 3.928535e-02 2.428554e-01 4.101439e-02 3.910343e-01 3.806750e-02 3.166041e-01 4.950810e-02 4.577186e-02 4.215745e-04 1.975137e-01 1.819168e-03 2.954322e-01 2.721031e-03 3.728538e-01 3.434111e-03 3.562870e-01 3.281525e-03
0.001825 T17-0322 4.187752e-02 2.093876e-02 5.420590e-02 2.710295e-02 5.622445e-02 2.811222e-02 9.359858e-02 3.907363e-02 1.335770e-01 3.319189e-02 1.759840e-01 1.720501e-02 1.853916e-01 2.058576e-02 2.527971e-02 2.328348e-04 9.825936e-02 9.050022e-04 1.636190e-01 1.506987e-03 2.157909e-01 1.987508e-03 2.059358e-01 1.896739e-03
0.001825 T17-0406 5.842727e-02 2.921363e-02 2.090860e-02 1.045430e-02 1.245885e-02 6.229425e-03 2.582341e-02 1.291170e-02 0.000000e+00 9.900000e+01 1.985671e-02 9.928353e-03 7.435904e-02 2.223724e-02 5.854883e-03 1.617764e-04 1.967235e-02 3.623781e-04 2.911082e-02 5.362410e-04 4.253225e-02 3.917365e-04 4.061755e-02 7.482028e-04
0.001825 T17-0390 4.019085e-02 2.009543e-02 2.550405e-04 1.275202e-04 5.358302e-02 2.679151e-02 4.837441e-02 2.418720e-02 1.367026e-02 6.835131e-03 2.197704e-02 1.098852e-02 6.961991e-02 2.109147e-02 2.478060e-03 1.141189e-04 1.280377e-02 3.537812e-04 2.834063e-02 5.220538e-04 4.590373e-02 4.227890e-04 5.055732e-02 9.313003e-04
0.001825 T17-0220 1.486828e-02 7.434140e-03 0.000000e+00 9.900000e+01 1.671156e-02 8.355779e-03 1.164804e-02 5.824022e-03 6.506698e-02 3.125464e-02 1.107901e-01 1.446797e-02 1.184613e-01 2.174442e-02 1.158164e-02 1.066709e-04 4.394973e-02 4.047919e-04 7.014629e-02 6.460712e-04 1.035628e-01 9.538487e-04 1.126006e-01 1.037090e-03
0.001825 T17-0235 1.979295e-02 9.896477e-03 5.059691e-02 2.529846e-02 6.814289e-02 3.407144e-02 9.473251e-02 3.884502e-02 1.110056e-01 2.924349e-02 1.595024e-01 1.429053e-02 2.003694e-01 2.261440e-02 2.391621e-02 2.202765e-04 8.635993e-02 7.954043e-04 1.323702e-01 1.219174e-03 1.698248e-01 1.564144e-03 1.605857e-01 1.479049e-03
0.001825 T17-0136 4.450000e-02 2.225000e-02 1.609210e-03 8.046050e-04 4.145395e-02 2.072697e-02 6.923930e-03 3.461965e-03 2.732589e-02 1.366294e-02 6.364299e-02 1.418049e-02 4.004798e-02 2.002399e-02 7.224093e-03 1.330727e-04 3.757962e-02 3.461211e-04 7.227102e-02 6.656407e-04 1.017972e-01 9.375864e-04 1.050137e-01 9.672119e-04
0.001825 T17-0130 4.617677e-02 2.308838e-02 2.580878e-02 1.290439e-02 0.000000e+00 9.900000e+01 5.896248e-02 2.948124e-02 0.000000e+00 9.900000e+01 3.287359e-02 1.469641e-02 7.496977e-02 2.185940e-02 4.132545e-03 1.141864e-04 1.855419e-02 3.417808e-04 4.370167e-02 4.025072e-04 7.564504e-02 6.967165e-04 8.141451e-02 7.498553e-04
0.001825 T17-0114 1.728233e-02 8.641166e-03 2.956709e-02 1.478354e-02 0.000000e+00 9.900000e+01 7.329854e-02 3.664927e-02 7.348588e-02 3.391571e-02 1.202491e-01 1.530382e-02 1.226491e-01 2.398549e-02 2.032678e-02 1.872166e-04 6.659195e-02 6.133345e-04 9.432003e-02 8.687196e-04 1.368789e-01 1.260701e-03 1.354899e-01 1.247908e-03
0.001825 T17-0167 0.000000e+00 9.900000e+01 1.007698e-01 4.193530e-02 5.333654e-03 2.666827e-03 6.123513e-02 3.061756e-02 1.639502e-05 8.197509e-06 8.174855e-02 1.626991e-02 1.177095e-01 2.273373e-02 1.568729e-02 1.444853e-04 4.795444e-02 4.416767e-04 7.344198e-02 6.764256e-04 1.161164e-01 1.069471e-03 1.040496e-01 9.583324e-04
0.001825 T17-0185 2.995664e-02 1.497832e-02 3.447886e-02 1.723943e-02 3.589700e-02 1.794850e-02 2.992452e-02 1.496226e-02 1.551869e-02 7.759343e-03 6.904197e-02 1.604438e-02 1.599887e-01 2.111828e-02 6.221443e-03 1.146032e-04 3.593743e-02 3.309959e-04 7.261702e-02 6.688274e-04 1.148746e-01 1.058034e-03 1.226654e-01 1.129790e-03
0.001825 T17-0210 4.133566e-02 2.066783e-02 7.996608e-03 3.998304e-03 3.409722e-02 1.704861e-02 0.000000e+00 9.900000e+01 5.693121e-02 2.846560e-02 8.945782e-02 1.507661e-02 5.129562e-02 2.421863e-02 7.982119e-03 1.470361e-04 2.902803e-02 2.673580e-04 5.288712e-02 4.871084e-04 8.202233e-02 7.554536e-04 8.512259e-02 7.840080e-04
0.001825 T17-0031 6.679272e-02 3.339636e-02 0.000000e+00 9.900000e+01 0.000000e+00 9.900000e+01 5.212877e-02 2.606439e-02 9.490603e-02 3.624760e-02 1.704364e-01 1.658140e-02 1.773131e-01 2.478145e-02 3.074135e-02 2.831383e-04 1.169268e-01 1.076935e-03 1.659258e-01 1.528233e-03 2.153413e-01 1.983367e-03 2.040858e-01 1.879700e-03
0.001825 T17-0127 4.560430e-02 2.280215e-02 0.000000e+00 9.900000e+01 0.000000e+00 9.900000e+01 6.605251e-02 3.302626e-02 8.874715e-02 3.440620e-02 1.077426e-01 1.567009e-02 8.288548e-02 2.152457e-02 5.464304e-03 1.509843e-04 3.182337e-02 2.931040e-04 6.134519e-02 5.650100e-04 9.379111e-02 8.638480e-04 9.437768e-02 8.692506e-04
0.001825 T17-0143 0.000000e+00 9.900000e+01 5.582301e-02 2.791150e-02 2.508441e-02 1.254220e-02 3.321540e-02 1.660770e-02 4.163487e-02 2.081744e-02 8.753448e-02 1.451869e-02 1.374966e-01 2.541524e-02 1.202666e-02 1.107696e-04 4.908576e-02 4.520965e-04 8.661289e-02 7.977342e-04 1.237226e-01 1.139527e-03 1.288812e-01 1.187040e-03
0.001825 T17-0293 5.770817e-02 2.885408e-02 8.096911e-02 4.048456e-02 1.498994e-01 5.175148e-02 1.479212e-01 4.550815e-02 2.414729e-01 3.042022e-02 3.246115e-01 1.398521e-02 4.099920e-01 2.101980e-02 3.435435e-02 3.164153e-04 1.605794e-01 1.478991e-03 2.699260e-01 2.486111e-03 3.639043e-01 3.351683e-03 3.460330e-01 3.187082e-03
0.001825 T17-0253 2.885903e-02 1.442952e-02 3.626594e-02 1.813297e-02 1.279001e-01 4.530870e-02 5.102857e-02 2.551428e-02 8.475536e-02 2.877400e-02 8.507600e-02 1.719725e-02 1.360515e-01 2.670929e-02 1.502453e-02 1.383810e-04 6.567778e-02 6.049147e-04 1.032476e-01 9.509457e-04 1.468705e-01 1.352727e-03 1.501847e-01 1.383252e-03
0.001825 T17-0307 7.194339e-02 3.578851e-02 0.000000e+00 9.900000e+01 0.000000e+00 9.900000e+01 6.401283e-03 3.200641e-03 6.238933e-02 3.119466e-02 1.306514e-01 1.711714e-02 1.930293e-01 1.986889e-02 9.763074e-03 1.798425e-04 5.537469e-02 5.100197e-04 1.002010e-01 9.228849e-04 1.406375e-01 1.295319e-03 1.408078e-01 1.296888e-03
0.001825 T17-0396 0.000000e+00 9.900000e+01 5.946166e-02 2.973083e-02 1.028935e-01 5.144677e-02 5.486995e-02 2.743497e-02 1.033777e-01 3.182893e-02 1.138187e-01 1.480174e-02 1.703491e-01 2.177569e-02 1.058357e-02 1.949566e-04 5.310589e-02 4.891233e-04 1.012685e-01 9.327171e-04 1.546725e-01 1.424587e-03 1.674320e-01 1.542106e-03
0.001825 T17-1696 2.625274e-03 1.312637e-03 9.904783e-03 4.952392e-03 6.639778e-03 3.319889e-03 1.387329e-02 6.331332e-03 1.569254e-02 5.351505e-03 3.090121e-02 2.418507e-03 3.713416e-02 7.409722e-03 4.131034e-03 1.141447e-04 1.224855e-02 3.384398e-04 2.013609e-02 3.709205e-04 2.816464e-02 5.188118e-04 2.743970e-02 7.581868e-04
0.001825 T17-1870 3.380465e-04 1.690233e-04 9.281581e-03 4.640791e-03 0.000000e+00 9.900000e+01 0.000000e+00 9.900000e+01 4.657910e-03 2.328955e-03 1.929615e-02 2.682129e-03 2.041072e-02 6.634438e-03 1.564767e-03 1.008842e-04 8.295440e-03 3.056153e-04 1.782770e-02 3.283983e-04 2.685678e-02 4.947201e-04 2.791745e-02 7.713876e-04
0.001825 T17-1542 1.162155e-02 5.810776e-03 2.912449e-03 1.456225e-03 1.543920e-02 7.359840e-03 2.097680e-02 6.270210e-03 1.574094e-02 5.399988e-03 4.721660e-02 2.642665e-03 6.001897e-02 6.762302e-03 5.215866e-03 9.607980e-05 1.922120e-02 3.540676e-04 3.648432e-02 3.360330e-04 5.168535e-02 4.760396e-04 5.093552e-02 4.691335e-04
0.001825 T17-1731 6.428437e-03 3.214219e-03 8.147810e-03 4.073905e-03 2.823126e-02 7.000138e-03 3.711382e-02 5.878182e-03 4.800831e-02 5.293516e-03 8.199576e-02 2.633717e-03 1.067497e-01 7.774341e-03 7.643152e-03 1.407921e-04 3.724743e-02 3.430615e-04 6.899152e-02 6.354354e-04 9.703338e-02 8.937105e-04 9.752731e-02 8.982598e-04
0.001825 T17-1927 1.255007e-02 6.275035e-03 0.000000e+00 9.900000e+01 1.053554e-02 5.267772e-03 3.039729e-02 6.378906e-03 1.560434e-02 4.904476e-03 3.811560e-02 2.814367e-03 3.297297e-02 6.990504e-03 5.360641e-03 9.874666e-05 1.912078e-02 3.522179e-04 2.664842e-02 4.908821e-04 4.074652e-02 3.752893e-04 3.841342e-02 7.076013e-04
0.001825 T17-1936 1.285884e-02 6.429420e-03 1.718572e-03 8.592859e-04 3.290696e-02 7.867008e-03 3.346205e-02 7.130237e-03 6.804204e-02 5.063993e-03 1.183620e-01 2.390796e-03 1.716514e-01 6.609498e-03 1.124989e-02 1.036153e-04 4.717535e-02 4.345011e-04 9.553567e-02 8.799160e-04 1.452185e-01 1.337512e-03 1.532259e-01 1.411262e-03
0.001825 T17-1537 1.985896e-02 7.081790e-03 1.666146e-02 8.330732e-03 1.255609e-02 6.278043e-03 1.701795e-02 5.972957e-03 3.582151e-02 5.649514e-03 8.173282e-02 2.634400e-03 1.073539e-01 6.785650e-03 6.249248e-03 1.151154e-04 3.181419e-02 2.930196e-04 6.328295e-02 5.828576e-04 1.001756e-01 9.226512e-04 1.034074e-01 9.524177e-04
0.001825 T17-1847 4.970184e-02 7.579864e-03 4.444073e-02 1.614359e-02 5.159716e-02 7.337462e-03 5.778309e-02 6.904265e-03 1.005786e-01 5.552316e-03 1.382922e-01 3.069408e-03 1.748563e-01 7.975997e-03 2.393514e-02 2.204508e-04 7.130225e-02 6.567180e-04 1.166920e-01 1.074773e-03 1.563357e-01 1.439905e-03 1.512014e-01 1.392616e-03
0.001825 T17-0887 0.000000e+00 9.900000e+01 0.000000e+00 9.900000e+01 1.173366e-02 5.866832e-03 2.011757e-02 6.082475e-03 2.132479e-02 5.270831e-03 3.873367e-02 2.466282e-03 4.688287e-02 6.766206e-03 2.990659e-03 1.101800e-04 1.695466e-02 3.123163e-04 3.211377e-02 2.957788e-04 4.527811e-02 4.170268e-04 4.817009e-02 8.873259e-04
0.001825 T17-0975 2.802959e-02 7.340200e-03 3.755177e-02 1.695680e-02 4.142922e-02 7.311484e-03 3.102058e-02 6.263544e-03 6.231624e-02 5.874927e-03 1.019008e-01 2.833738e-03 1.205266e-01 7.115769e-03 1.232370e-02 1.135054e-04 4.589655e-02 4.227229e-04 8.103870e-02 7.463940e-04 1.159639e-01 1.068067e-03 1.186347e-01 1.092666e-03
0.001825 T17-1011 0.000000e+00 9.900000e+01 1.194652e-05 5.973259e-06 2.191766e-03 1.095883e-03 1.082694e-02 5.413469e-03 2.003895e-02 5.091126e-03 2.212353e-02 2.525985e-03 3.339538e-02 7.687848e-03 1.204878e-03 9.987605e-05 7.169419e-03 3.301639e-04 1.591830e-02 4.398389e-04 2.565740e-02 4.726267e-04 2.957337e-02 5.447616e-04
0.001825 T17-0836 7.661902e-03 3.830951e-03 1.093904e-02 5.469519e-03 5.088568e-03 2.544284e-03 8.842180e-03 4.421090e-03 3.152290e-02 4.838035e-03 5.603685e-02 3.600515e-03 4.771421e-02 7.548280e-03 2.661323e-03 9.804677e-05 1.559673e-02 2.873025e-04 3.637951e-02 3.350677e-04 5.006994e-02 4.611612e-04 6.598400e-02 6.077351e-04
0.001825 T17-0769 9.769223e-03 4.884612e-03 0.000000e+00 9.900000e+01 6.748845e-03 3.374423e-03 1.135707e-02 5.678536e-03 1.398215e-02 5.439922e-03 3.075789e-02 2.368018e-03 2.843988e-02 7.346680e-03 1.768269e-03 9.771814e-05 1.068415e-02 2.952139e-04 2.059787e-02 3.794267e-04 2.946692e-02 5.428007e-04 3.004015e-02 5.533599e-04
0.001825 T17-0713 6.532418e-03 3.266209e-03 0.000000e+00 9.900000e+01 9.908072e-03 4.954036e-03 1.806378e-02 6.555172e-03 2.642343e-02 5.442044e-03 2.540352e-02 2.601500e-03 4.170793e-02 7.034696e-03 3.858587e-03 1.066167e-04 1.206934e-02 3.334881e-04 2.337949e-02 4.306661e-04 3.678320e-02 6.775716e-04 3.898056e-02 7.180484e-04
0.001825 T17-0734 0.000000e+00 9.900000e+01 4.224180e-03 2.112090e-03 5.614185e-03 2.807092e-03 0.000000e+00 9.900000e+01 1.056682e-02 4.609814e-03 3.156819e-02 2.478805e-03 3.780749e-02 6.823184e-03 1.874731e-03 8.633456e-05 7.720155e-03 2.844210e-04 2.388955e-02 4.400618e-04 3.896404e-02 3.588721e-04 4.442565e-02 8.183506e-04
0.001825 T17-0822 1.254159e-02 6.227551e-03 1.716998e-02 8.584990e-03 3.401669e-02 7.416331e-03 2.448774e-02 6.141250e-03 3.929877e-02 4.911913e-03 5.314462e-02 2.626444e-03 5.574363e-02 6.968587e-03 9.930856e-03 9.146657e-05 3.082818e-02 2.839380e-04 4.839452e-02 4.457300e-04 6.302782e-02 5.805076e-04 6.185915e-02 5.697438e-04
0.001825 T17-0850 1.066424e-02 5.332119e-03 5.362527e-04 2.681264e-04 8.039033e-03 4.019516e-03 1.384817e-02 6.842697e-03 1.197222e-02 4.905954e-03 2.606461e-02 2.332653e-03 3.003281e-02 6.960064e-03 3.376581e-03 9.329837e-05 1.201292e-02 3.319292e-04 2.083075e-02 3.837166e-04 2.971274e-02 5.473289e-04 3.195187e-02 5.885751e-04
0.001825 T17-0904 7.716650e-03 3.858325e-03 1.079847e-02 5.399234e-03 1.298390e-02 6.491949e-03 1.951085e-02 6.625194e-03 2.688191e-02 4.857986e-03 5.718897e-02 2.791939e-03 6.865046e-02 6.288558e-03 4.137020e-03 1.143101e-04 2.137969e-02 3.938284e-04 4.357072e-02 4.013012e-04 6.141300e-02 5.656347e-04 6.296013e-02 5.798842e-04
0.001825 T17-0949 9.462703e-03 4.731352e-03 5.579631e-03 2.789815e-03 6.597186e-03 3.298593e-03 1.181973e-03 5.909865e-04 1.872629e-02 5.241444e-03 4.074894e-02 2.614995e-03 5.498150e-02 7.199647e-03 3.993827e-03 1.103535e-04 1.700373e-02 3.132203e-04 3.277770e-02 3.018938e-04 4.493077e-02 4.138277e-04 4.691213e-02 8.641534e-04
0.001825 T17-0947 1.615586e-02 7.148705e-03 0.000000e+00 9.900000e+01 1.249380e-02 6.246901e-03 1.494073e-02 6.391671e-03 2.674435e-02 5.487600e-03 4.447074e-02 2.439549e-03 5.310471e-02 6.477258e-03 4.656969e-03 8.578454e-05 1.908289e-02 3.515199e-04 3.381136e-02 3.114142e-04 4.804416e-02 4.425030e-04 5.153882e-02 4.746901e-04
0.001825 T17-0808 8.501751e-03 4.250876e-03 1.474241e-02 7.371204e-03 1.212656e-03 6.063278e-04 3.848829e-03 1.924414e-03 9.188481e-03 4.594240e-03 2.006893e-02 2.322920e-03 3.193683e-02 6.287561e-03 2.223472e-03 1.023947e-04 7.168613e-03 3.301268e-04 1.317429e-02 3.640190e-04 1.935273e-02 5.347357e-04 2.045465e-02 5.651829e-04
0.001825 T17-0792 1.132360e-02 5.661800e-03 0.000000e+00 9.900000e+01 2.615427e-02 8.433776e-03 1.591948e-02 7.759977e-03 4.689470e-02 5.551868e-03 5.853840e-02 3.523472e-03 7.011538e-02 7.638610e-03 8.675246e-03 1.598039e-04 3.027226e-02 2.788178e-04 4.567639e-02 4.206951e-04 5.993381e-02 5.520108e-04 6.096225e-02 5.614831e-04
0.001825 T17-0780 1.585711e-02 6.752703e-03 3.924457e-02 1.541813e-02 5.278502e-02 8.128058e-03 4.559830e-02 6.661003e-03 8.660115e-02 5.479918e-03 1.356894e-01 2.870505e-03 1.701169e-01 6.298779e-03 1.475016e-02 1.358540e-04 5.859975e-02 5.397236e-04 9.792186e-02 9.018936e-04 1.309398e-01 1.206000e-03 1.434155e-01 1.320906e-03
0.001825 T17-0723 2.517309e-02 6.944558e-03 1.473033e-02 7.365167e-03 2.677772e-02 7.300819e-03 3.858917e-02 6.486465e-03 4.254590e-02 5.006333e-03 9.740636e-02 3.962177e-03 7.539393e-02 7.213146e-03 1.101169e-02 1.014214e-04 3.144987e-02 2.896640e-04 4.542244e-02 4.183561e-04 5.752845e-02 5.298566e-04 6.076805e-02 5.596945e-04
0.001825 T17-0721 7.111492e-03 3.555746e-03 0.000000e+00 9.900000e+01 4.059612e-03 2.029806e-03 9.458037e-03 4.729018e-03 1.526410e-02 5.200824e-03 3.592909e-02 2.581025e-03 4.197203e-02 7.395748e-03 2.355040e-03 1.084536e-04 1.507901e-02 2.777657e-04 2.861742e-02 5.271523e-04 4.002815e-02 3.686728e-04 4.462704e-02 8.220605e-04
0.001825 T17-0831 9.871782e-03 4.935891e-03 0.000000e+00 9.900000e+01 4.533607e-03 2.266804e-03 9.900687e-03 4.950343e-03 1.691197e-02 5.433135e-03 2.391598e-02 2.573568e-03 2.115025e-02 7.015961e-03 2.407549e-03 1.108717e-04 1.119123e-02 3.092252e-04 2.128408e-02 3.920672e-04 3.018920e-02 5.561056e-04 3.032821e-02 5.586663e-04
0.001825 T17-0848 4.202416e-03 2.101208e-03 1.564111e-02 7.820553e-03 3.409598e-03 1.704799e-03 2.686559e-03 1.343280e-03 0.000000e+00 9.900000e+01 1.496022e-02 2.535499e-03 8.145247e-03 4.072623e-03 1.010134e-03 8.373308e-05 6.068024e-03 2.794429e-04 1.251953e-02 4.612366e-04 1.774126e-02 4.902092e-04 2.201528e-02 8.110729e-04
0.001825 T17-0849 2.345957e-03 1.172978e-03 1.578941e-02 7.894707e-03 1.017269e-02 5.086345e-03 1.466141e-02 6.828539e-03 3.363961e-02 5.226832e-03 4.041939e-02 2.819017e-03 4.850378e-02 6.816081e-03 5.064686e-03 9.329496e-05 1.816275e-02 3.345703e-04 3.293692e-02 3.033603e-04 4.624393e-02 4.259223e-04 4.685744e-02 8.631460e-04
0.001825 T17-0774 1.707815e-02 7.899101e-03 3.252552e-03 1.626276e-03 1.702026e-02 7.150591e-03 6.971596e-03 3.485798e-03 1.573221e-02 5.243130e-03 1.991124e-02 2.623404e-03 2.505184e-02 6.788262e-03 2.315656e-03 1.066399e-04 8.976062e-03 2.480178e-04 1.759441e-02 3.241011e-04 2.593410e-02 4.777238e-04 2.584123e-02 7.140195e-04
0.001825 T17-0741 5.612070e-03 2.806035e-03 1.622356e-02 8.111782e-03 2.253699e-03 1.126850e-03 1.680991e-02 6.510472e-03 1.674984e-02 5.190280e-03 3.241258e-02 2.722873e-03 4.586782e-02 6.545330e-03 2.873340e-03 1.058578e-04 1.443166e-02 2.658409e-04 2.512604e-02 4.628388e-04 3.775261e-02 3.477144e-04 3.798371e-02 6.996858e-04
0.001825 T17-0750 4.411605e-03 2.205803e-03 1.361432e-02 6.807158e-03 3.154645e-03 1.577322e-03 1.231842e-03 6.159209e-04 1.710384e-02 5.461078e-03 2.412488e-02 2.649487e-03 2.203778e-02 6.217677e-03 5.097122e-03 9.389245e-05 1.422155e-02 2.619707e-04 2.179966e-02 4.015645e-04 2.803559e-02 5.164347e-04 2.875009e-02 7.943943e-04
0.001825 T17-0743 1.949183e-03 9.745916e-04 4.703731e-02 1.648591e-02 1.310140e-02 6.550698e-03 7.969413e-03 3.984706e-03 2.250208e-02 4.911769e-03 2.310936e-02 2.715433e-03 2.779530e-02 7.082740e-03 4.989053e-03 9.190176e-05 1.305978e-02 3.608550e-04 1.948655e-02 3.589556e-04 2.461397e-02 4.534061e-04 2.619571e-02 7.238143e-04
0.001825 T17-0807 2.316974e-02 7.201277e-03 2.179920e-02 1.089960e-02 2.956159e-02 7.349766e-03 3.519505e-02 5.878696e-03 6.233540e-02 5.105457e-03 9.592038e-02 2.663616e-03 1.075306e-01 7.394976e-03 1.187209e-02 1.093460e-04 4.858694e-02 4.475022e-04 7.351705e-02 6.771170e-04 9.876884e-02 9.096946e-04 9.658128e-02 8.895465e-04
0.001825 T17-0715 2.305170e-02 6.979839e-03 8.759625e-03 4.379813e-03 2.274015e-02 7.408588e-03 3.385655e-02 6.066223e-03 4.645729e-02 5.358185e-03 8.707606e-02 3.100959e-03 1.129484e-01 6.558307e-03 7.711264e-03 1.420467e-04 4.005002e-02 3.688743e-04 6.456034e-02 5.946227e-04 9.044749e-02 8.330522e-04 9.291231e-02 8.557540e-04
0.001825 T17-0795 7.729880e-04 3.864940e-04 2.300586e-02 1.150293e-02 0.000000e+00 9.900000e+01 3.671586e-04 1.835793e-04 1.249173e-02 6.074027e-03 1.868965e-02 3.771536e-03 2.196249e-02 7.924330e-03 2.785609e-03 1.026256e-04 1.197240e-02 3.308097e-04 2.029187e-02 3.737900e-04 2.886386e-02 5.316919e-04 2.825780e-02 7.807919e-04
0.001825 T17-0824 1.880559e-02 6.671659e-03 3.703912e-02 1.607553e-02 2.140866e-02 7.553822e-03 1.497837e-02 6.297457e-03 3.397446e-02 5.087942e-03 6.858116e-02 2.584697e-03 1.041736e-01 6.256250e-03 5.905171e-03 1.087773e-04 2.857396e-02 2.631759e-04 5.206986e-02 4.795812e-04 7.678717e-02 7.072360e-04 9.459365e-02 8.712397e-04
0.001825 T17-0813 1.099486e-03 5.497432e-04 2.109745e-02 1.054873e-02 9.974716e-03 4.987358e-03 1.376909e-02 6.884544e-03 1.993973e-02 5.168440e-03 2.183541e-02 2.899217e-03 1.979267e-02 6.679116e-03 1.737807e-03 9.603475e-05 1.003392e-02 2.772473e-04 1.831553e-02 3.373846e-04 2.582160e-02 4.756514e-04 2.746951e-02 7.590105e-04
0.001825 T17-0860 2.656204e-02 7.689552e-03 5.473019e-02 1.688154e-02 5.348922e-02 7.219495e-03 5.189381e-02 6.661359e-03 8.301925e-02 5.444859e-03 1.284045e-01 4.148890e-03 1.290066e-01 7.188911e-03 1.574035e-02 1.449740e-04 6.329204e-02 5.829412e-04 1.050899e-01 9.679134e-04 1.374069e-01 1.265565e-03 1.381719e-01 1.272610e-03
0.001825 T17-0853 1.077547e-01 7.199284e-03 1.046500e-01 1.834172e-02 1.342613e-01 9.624388e-03 1.385333e-01 8.371408e-03 2.160925e-01 8.432392e-03 2.239515e-01 9.151208e-03 1.918803e-01 8.338333e-03 3.800091e-02 3.500013e-04 1.460175e-01 1.344871e-03 2.112971e-01 1.946118e-03 2.591287e-01 2.386664e-03 2.582484e-01 2.378556e-03
0.001825 T17-0767 0.000000e+00 9.900000e+01 0.000000e+00 9.900000e+01 4.780520e-03 2.390260e-03 1.655531e-02 5.879482e-03 2.185996e-02 5.244451e-03 4.294026e-02 2.340033e-03 6.090912e-02 6.619779e-03 3.403158e-03 1.253770e-04 1.833108e-02 3.376710e-04 3.551236e-02 3.270809e-04 5.066432e-02 4.666356e-04 5.203673e-02 9.585520e-04
0.001825 T17-1028 2.088469e-02 6.931694e-03 1.112974e-02 5.564870e-03 1.855944e-02 8.319830e-03 8.665388e-03 4.332694e-03 3.593904e-02 4.787395e-03 4.766211e-02 3.472393e-03 4.596918e-02 1.054200e-02 7.810114e-03 1.438676e-04 2.324651e-02 4.282166e-04 3.531244e-02 3.252396e-04 4.352246e-02 4.008566e-04 5.012601e-02 4.616776e-04
0.001825 T17-1076 1.342067e-02 6.710336e-03 1.383779e-02 6.918894e-03 8.329323e-03 4.164661e-03 1.936611e-02 7.222462e-03 2.540991e-02 5.773832e-03 3.072948e-02 2.496826e-03 4.125611e-02 6.772291e-03 5.329704e-03 9.817678e-05 1.640724e-02 3.022326e-04 2.530660e-02 4.661649e-04 3.320140e-02 6.115923e-04 3.613725e-02 6.656727e-04
0.001825 T17-1141 1.305770e-02 6.528852e-03 5.932714e-04 2.966357e-04 8.906846e-03 4.453423e-03 2.584815e-02 6.788855e-03 2.753192e-02 5.671443e-03 4.827444e-02 2.562186e-03 6.106529e-02 6.891426e-03 6.430870e-03 1.184610e-04 2.395205e-02 4.412131e-04 3.892942e-02 3.585532e-04 5.289391e-02 4.871710e-04 5.491577e-02 5.057929e-04
0.001825 T17-1302 2.303241e-02 6.835344e-03 0.000000e+00 9.900000e+01 1.198991e-02 5.994957e-03 1.770749e-02 7.261120e-03 2.971089e-02 4.830022e-03 3.129059e-02 2.710709e-03 4.720194e-02 6.367055e-03 6.242068e-03 1.149832e-04 1.915290e-02 3.528095e-04 2.760665e-02 5.085333e-04 3.737319e-02 3.442198e-04 3.551367e-02 6.541860e-04
0.001825 T17-1051 1.435847e-02 7.179233e-03 7.468920e-03 3.734460e-03 1.603181e-03 8.015906e-04 9.841937e-03 4.920969e-03 1.862923e-02 5.861515e-03 4.636184e-02 3.193147e-03 6.435004e-02 7.328866e-03 3.037242e-03 8.392211e-05 1.708727e-02 3.147591e-04 3.587045e-02 3.303790e-04 5.174082e-02 4.765506e-04 5.589611e-02 5.148222e-04
0.001825 T17-1129 1.655245e-02 7.521849e-03 8.451248e-03 4.225624e-03 1.029726e-02 5.148628e-03 1.589232e-02 6.804061e-03 2.696099e-02 5.319139e-03 3.678831e-02 2.481873e-03 4.453426e-02 6.649949e-03 5.757176e-03 1.060511e-04 1.892806e-02 3.486678e-04 2.950328e-02 2.717352e-04 4.056474e-02 3.736151e-04 4.297093e-02 7.915537e-04
0.001825 T17-1886 2.492182e-02 7.171321e-03 8.893306e-03 4.446653e-03 3.919692e-02 8.037748e-03 3.773771e-02 6.687178e-03 8.797038e-02 5.287288e-03 1.528276e-01 3.010009e-03 2.492595e-01 7.581932e-03 9.497348e-03 8.747381e-05 6.000451e-02 5.526620e-04 1.243460e-01 1.145269e-03 2.092722e-01 1.927468e-03 2.299379e-01 2.117807e-03
0.001825 T17-1959 1.451830e-02 7.259150e-03 0.000000e+00 9.900000e+01 1.734747e-02 7.187324e-03 5.468711e-03 2.734355e-03 1.117315e-02 5.586573e-03 2.227359e-02 2.738466e-03 2.211040e-02 6.859610e-03 2.226484e-03 8.202672e-05 1.196561e-02 3.306219e-04 2.228999e-02 4.105967e-04 3.138769e-02 5.781826e-04 3.226602e-02 5.943621e-04
0.001825 T17-1473 1.202825e-02 6.014123e-03 1.471548e-02 7.357742e-03 2.637691e-02 8.989724e-03 2.928479e-02 6.540406e-03 3.092227e-02 5.379224e-03 5.939736e-02 2.898025e-03 8.639667e-02 6.624081e-03 4.786104e-03 8.816329e-05 2.326700e-02 4.285939e-04 4.845863e-02 4.463205e-04 7.191579e-02 6.623689e-04 7.631327e-02 7.028712e-04
0.001825 T17-1694 2.084669e-02 7.852556e-03 1.337574e-02 6.687868e-03 6.318552e-02 8.106803e-03 6.283114e-02 6.479550e-03 1.022799e-01 5.160672e-03 1.650711e-01 2.929087e-03 2.000088e-01 6.210290e-03 1.600944e-02 1.474524e-04 7.836825e-02 7.217983e-04 1.281663e-01 1.180456e-03 1.700590e-01 1.566302e-03 1.629203e-01 1.500551e-03
0.001825 T17-1792 5.721909e-03 2.860954e-03 3.199026e-03 1.599513e-03 1.044662e-02 5.223310e-03 1.736180e-02 6.923747e-03 2.329173e-02 5.702624e-03 4.804930e-02 3.087159e-03 6.952689e-02 9.180205e-03 2.869390e-03 1.057122e-04 1.933432e-02 3.561512e-04 3.861307e-02 3.556395e-04 6.036528e-02 5.559848e-04 6.755682e-02 6.222213e-04
0.001825 T17-1849 0.000000e+00 9.900000e+01 3.490848e-03 1.745424e-03 3.996263e-03 1.998132e-03 0.000000e+00 9.900000e+01 1.165309e-02 4.973034e-03 1.981660e-02 2.487191e-03 2.721772e-02 6.800432e-03 1.984785e-03 9.140273e-05 5.168504e-03 3.332258e-04 1.370503e-02 3.786840e-04 2.159597e-02 3.978125e-04 2.528699e-02 6.987054e-04
0.001825 T17-1018 2.131930e-02 7.076547e-03 2.117155e-02 1.058578e-02 2.885653e-02 7.687420e-03 2.888824e-02 6.112518e-03 9.039336e-02 4.974423e-03 1.380632e-01 2.924906e-03 1.568830e-01 6.305034e-03 1.012152e-02 9.322260e-05 5.503297e-02 5.068724e-04 1.037229e-01 9.553232e-04 1.405136e-01 1.294178e-03 1.478236e-01 1.361505e-03
0.001825 T17-0971 2.183246e-02 7.621799e-03 1.323722e-02 6.618609e-03 3.791180e-02 8.379524e-03 3.474423e-02 7.381539e-03 6.154403e-02 5.948695e-03 8.994154e-02 3.089377e-03 9.742294e-02 8.306577e-03 1.336076e-02 1.230571e-04 4.624619e-02 4.259431e-04 7.450661e-02 6.862313e-04 9.907293e-02 9.124954e-04 1.013741e-01 9.336898e-04
0.001825 T17-1116 4.508510e-03 2.254255e-03 1.841190e-02 9.205948e-03 9.329925e-03 4.664963e-03 2.108683e-02 6.709459e-03 3.293029e-02 5.856230e-03 3.580355e-02 2.361045e-03 3.515534e-02 7.025400e-03 3.871617e-03 7.131782e-05 1.651071e-02 3.041386e-04 2.509051e-02 4.621842e-04 3.617465e-02 6.663616e-04 3.696781e-02 6.809723e-04
0.001825 T17-1127 8.104255e-03 4.052127e-03 1.964563e-02 9.822813e-03 5.955185e-03 2.977592e-03 3.432471e-04 1.716236e-04 1.422577e-02 5.159711e-03 3.144326e-02 2.673720e-03 4.060683e-02 7.137442e-03 2.146291e-03 7.907229e-05 1.110729e-02 3.069058e-04 2.287694e-02 4.214089e-04 3.329062e-02 6.132360e-04 3.433681e-02 6.325075e-04
0.001825 T17-1100 6.118123e-03 3.059062e-03 0.000000e+00 9.900000e+01 1.157138e-02 5.785688e-03 6.213791e-05 3.106896e-05 1.847723e-02 5.140156e-03 3.225710e-02 2.708044e-03 5.069587e-02 7.083936e-03 2.069861e-03 7.625650e-05 1.071035e-02 2.959379e-04 2.440822e-02 4.496161e-04 3.753393e-02 3.457002e-04 4.569188e-02 8.416755e-04
0.001825 T17-1169 6.742826e-03 3.371413e-03 2.355995e-03 1.177998e-03 8.784997e-03 4.392499e-03 5.217520e-03 2.608760e-03 1.722959e-02 5.136028e-03 2.195665e-02 2.911081e-03 2.476291e-02 6.675282e-03 1.753517e-03 1.130534e-04 1.043962e-02 2.884573e-04 2.276836e-02 4.194086e-04 3.081733e-02 5.676763e-04 3.720296e-02 6.853039e-04
0.001825 T17-0969 5.583902e-03 2.791951e-03 5.798405e-04 2.899203e-04 0.000000e+00 9.900000e+01 3.562323e-03 1.781161e-03 1.102603e-02 5.513014e-03 1.713484e-02 3.539583e-03 2.577783e-02 8.671801e-03 1.494313e-03 9.634193e-05 1.050869e-02 2.903657e-04 1.907782e-02 3.514264e-04 2.631490e-02 4.847384e-04 2.952011e-02 5.437805e-04
0.001825 T17-1132 2.994952e-03 1.497476e-03 7.275635e-03 3.637818e-03 0.000000e+00 9.900000e+01 1.029010e-02 5.145051e-03 1.598370e-02 5.061906e-03 2.365506e-02 2.477911e-03 2.711407e-02 6.182337e-03 2.357723e-03 1.085772e-04 8.224992e-03 3.030199e-04 1.744417e-02 4.820003e-04 2.812099e-02 5.180077e-04 2.956377e-02 8.168773e-04
0.001825 T17-1241 3.364880e-02 7.019384e-03 3.604905e-02 1.604738e-02 3.631785e-02 7.076430e-03 3.796268e-02 6.045214e-03 6.554013e-02 5.878316e-03 1.107233e-01 2.628907e-03 1.244932e-01 7.107743e-03 1.418150e-02 1.306165e-04 5.499832e-02 5.065532e-04 8.411129e-02 7.746936e-04 1.110418e-01 1.022733e-03 1.096517e-01 1.009929e-03
0.001825 T17-1309 2.177481e-02 7.132564e-03 3.160352e-02 1.566200e-02 4.350913e-02 7.218714e-03 4.812741e-02 6.190250e-03 9.181493e-02 5.266384e-03 1.341794e-01 2.908310e-03 1.610496e-01 7.769614e-03 1.730294e-02 1.593660e-04 6.354913e-02 5.853091e-04 1.096423e-01 1.009843e-03 1.448235e-01 1.333874e-03 1.470665e-01 1.354533e-03
0.001825 T17-1242 1.747007e-02 7.173094e-03 1.731675e-02 8.658374e-03 1.079068e-02 5.395338e-03 1.413465e-02 5.999852e-03 3.304271e-02 5.143068e-03 3.442471e-02 2.512779e-03 4.481673e-02 6.000081e-03 6.932459e-03 1.277006e-04 2.005191e-02 3.693699e-04 3.186427e-02 2.934808e-04 3.911479e-02 3.602606e-04 4.276890e-02 7.878323e-04
0.001825 T17-1271 0.000000e+00 9.900000e+01 1.341725e-02 6.708623e-03 2.511971e-03 1.255985e-03 9.364732e-03 4.682366e-03 1.722957e-02 5.170039e-03 2.483674e-02 2.727657e-03 3.142376e-02 6.728618e-03 2.272255e-03 8.371297e-05 1.163652e-02 3.215288e-04 2.307112e-02 4.249858e-04 3.343237e-02 6.158470e-04 3.459342e-02 6.372343e-04
0.001825 T17-1572 1.501831e-02 7.509157e-03 0.000000e+00 9.900000e+01 1.359881e-02 6.799403e-03 1.192488e-02 5.962438e-03 1.523654e-02 5.682393e-03 1.486854e-02 2.673216e-03 2.518122e-02 6.840769e-03 2.033495e-03 7.491674e-05 8.356748e-03 3.078740e-04 1.471300e-02 4.065353e-04 2.082313e-02 5.753644e-04 2.088976e-02 5.772055e-04
0.001825 T17-1916 2.032701e-03 1.016350e-03 0.000000e+00 9.900000e+01 0.000000e+00 9.900000e+01 1.712976e-02 6.740895e-03 4.898495e-03 2.449247e-03 2.104340e-02 2.711021e-03 3.558030e-02 7.246436e-03 1.318908e-03 8.503311e-05 6.286296e-03 2.894946e-04 1.601161e-02 4.424172e-04 2.152780e-02 3.965567e-04 2.338468e-02 6.461427e-04
0.001825 T17-1960 2.689622e-03 1.344811e-03 0.000000e+00 9.900000e+01 9.528297e-03 4.764148e-03 2.823901e-03 1.411950e-03 2.596808e-03 1.298404e-03 2.924811e-02 2.587255e-03 2.738936e-02 6.629021e-03 3.673789e-03 1.015105e-04 1.721853e-02 3.171771e-04 2.527783e-02 4.656348e-04 3.562435e-02 6.562248e-04 3.664050e-02 6.749429e-04
0.001825 T17-1922 5.102176e-02 7.035622e-03 5.373897e-02 1.832170e-02 9.999718e-02 7.193067e-03 1.070320e-01 6.760267e-03 1.608855e-01 5.856681e-03 2.413842e-01 2.760804e-03 2.892335e-01 7.303673e-03 3.382325e-02 3.115237e-04 1.142574e-01 1.052350e-03 1.863890e-01 1.716706e-03 2.585563e-01 2.381392e-03 2.543838e-01 2.342962e-03
0.001825 T17-1894 1.522968e-02 7.614839e-03 1.257895e-02 6.289477e-03 0.000000e+00 9.900000e+01 1.062897e-03 5.314485e-04 1.004060e-02 5.020298e-03 1.379312e-02 2.616826e-03 4.512965e-03 2.256482e-03 1.208656e-03 7.792494e-05 6.772138e-03 3.118685e-04 1.267695e-02 3.502772e-04 1.694317e-02 4.681570e-04 1.827384e-02 6.732331e-04
0.001825 T17-0946 2.946581e-04 1.473291e-04 0.000000e+00 9.900000e+01 9.531538e-03 4.765769e-03 1.479907e-02 6.062492e-03 2.022056e-02 5.190318e-03 3.537196e-02 2.656441e-03 4.943410e-02 6.806436e-03 2.900630e-03 1.068632e-04 1.736911e-02 3.199509e-04 3.054437e-02 5.626482e-04 4.440735e-02 4.090068e-04 4.252432e-02 7.833269e-04
0.001825 T17-1096 5.207066e-02 7.517368e-03 4.804421e-02 1.889343e-02 1.303401e-01 8.840130e-03 1.219708e-01 7.722978e-03 2.440073e-01 8.879397e-03 4.317038e-01 1.038715e-02 5.978693e-01 1.523652e-02 3.669688e-02 3.379907e-04 2.070837e-01 1.907312e-03 3.694346e-01 3.402618e-03 5.539484e-01 5.102054e-03 5.991710e-01 5.518569e-03
0.001825 T17-0952 2.058762e-02 7.337883e-03 2.577919e-02 1.288960e-02 3.705120e-02 7.171312e-03 3.642352e-02 6.028726e-03 5.188353e-02 5.602002e-03 7.253922e-02 2.713391e-03 9.792582e-02 7.471845e-03 9.078525e-03 8.361630e-05 3.761910e-02 3.464848e-04 6.261384e-02 5.766948e-04 8.856499e-02 8.157137e-04 9.386163e-02 8.644975e-04
0.001825 T17-0917 8.061765e-03 4.030882e-03 4.575945e-03 2.287972e-03 0.000000e+00 9.900000e+01 6.449948e-03 3.224974e-03 1.297225e-02 5.774666e-03 1.993569e-02 2.688189e-03 2.435750e-02 6.343372e-03 1.649610e-03 1.063543e-04 9.371800e-03 3.452699e-04 2.023654e-02 3.727709e-04 2.893274e-02 5.329609e-04 3.243680e-02 5.975079e-04
0.001825 T17-0921 6.924314e-02 6.641141e-03 9.859512e-02 1.773853e-02 1.399623e-01 7.525066e-03 1.657733e-01 6.242091e-03 2.672566e-01 6.618945e-03 3.872952e-01 4.252002e-03 4.213471e-01 7.171601e-03 4.747729e-02 4.372820e-04 2.047058e-01 1.885410e-03 3.203661e-01 2.950681e-03 4.102303e-01 3.778361e-03 3.897245e-01 3.589495e-03
0.001825 T17-0967 5.835072e-03 2.917536e-03 2.071412e-03 1.035706e-03 1.751945e-02 8.013788e-03 6.900558e-03 3.450279e-03 9.929440e-03 4.964720e-03 1.945714e-02 2.688113e-03 3.469158e-02 6.718337e-03 2.390693e-03 1.100955e-04 1.129034e-02 3.119636e-04 1.865353e-02 3.436108e-04 2.690613e-02 4.956293e-04 2.933563e-02 5.403824e-04
0.001825 T17-0895 5.022742e-02 6.898983e-03 6.113316e-02 1.663190e-02 9.279132e-02 6.918033e-03 8.320497e-02 6.034083e-03 1.489852e-01 5.684152e-03 1.912258e-01 3.076507e-03 2.281677e-01 6.704453e-03 3.074755e-02 2.831954e-04 1.003050e-01 9.238435e-04 1.639514e-01 1.510048e-03 2.187288e-01 2.014567e-03 2.161679e-01 1.990980e-03
0.001825 T17-0985 6.381595e-02 7.156744e-03 3.393178e-02 1.606750e-02 8.390809e-02 7.891225e-03 9.300202e-02 6.822113e-03 1.632307e-01 5.967016e-03 2.380567e-01 4.317400e-03 2.601858e-01 9.625063e-03 3.589142e-02 3.305722e-04 1.289729e-01 1.187884e-03 1.967397e-01 1.812040e-03 2.608207e-01 2.402247e-03 2.535310e-01 2.335107e-03
0.001825 T17-2793 4.314547e-02 1.925126e-02 8.689543e-04 4.344772e-04 0.000000e+00 9.900000e+01 3.787086e-02 1.893543e-02 3.229970e-02 1.614985e-02 6.709310e-02 9.874190e-03 1.027742e-01 1.365761e-02 4.933304e-03 1.363122e-04 2.398110e-02 4.417482e-04 5.086735e-02 4.685056e-04 8.059412e-02 7.422992e-04 9.020581e-02 8.308262e-04
0.001825 T17-2864 2.705785e-02 1.352892e-02 2.566533e-02 1.283267e-02 9.632869e-03 4.816434e-03 5.234646e-02 2.400237e-02 1.023769e-01 2.659018e-02 8.647510e-02 1.035434e-02 1.463774e-01 1.360387e-02 5.162645e-03 9.509944e-05 2.905921e-02 2.676452e-04 5.882262e-02 5.417763e-04 9.283907e-02 8.550794e-04 1.071876e-01 9.872340e-04
0.001825 T17-2623 8.414146e-03 4.207073e-03 0.000000e+00 9.900000e+01 1.762993e-02 8.814966e-03 0.000000e+00 9.900000e+01 3.585812e-02 1.792906e-02 4.105193e-02 9.216539e-03 6.087415e-02 1.316338e-02 4.682340e-03 1.293778e-04 1.585385e-02 2.920387e-04 2.664800e-02 4.908744e-04 3.961943e-02 7.298169e-04 4.146056e-02 7.637318e-04
0.001825 T17-2827 0.000000e+00 9.900000e+01 1.929681e-02 9.648406e-03 2.197909e-02 1.098954e-02 7.178917e-02 2.615423e-02 2.519462e-02 1.259731e-02 1.658888e-01 1.059701e-02 1.829081e-01 1.322690e-02 1.273516e-02 1.172952e-04 7.270696e-02 6.696559e-04 1.324315e-01 1.219739e-03 1.815586e-01 1.672216e-03 1.890990e-01 1.741666e-03
0.001825 T17-2875 8.770582e-03 4.385291e-03 5.494587e-02 2.747294e-02 0.000000e+00 9.900000e+01 0.000000e+00 9.900000e+01 0.000000e+00 9.900000e+01 5.247095e-02 9.506488e-03 8.592091e-02 1.261788e-02 3.248723e-03 1.196874e-04 1.397918e-02 3.862589e-04 3.184913e-02 5.866827e-04 5.115387e-02 4.711446e-04 5.794731e-02 1.067429e-03
0.001825 T17-2747 4.116314e-03 2.058157e-03 8.102771e-03 4.051385e-03 3.116615e-02 1.558308e-02 2.308576e-02 1.154288e-02 0.000000e+00 9.900000e+01 2.742140e-02 8.927654e-03 6.117424e-02 1.396709e-02 2.321636e-03 1.069153e-04 1.458804e-02 4.030825e-04 2.741880e-02 5.050729e-04 3.837985e-02 7.069829e-04 4.153678e-02 7.651358e-04
0.001825 T17-2839 1.979513e-02 9.897566e-03 9.007352e-03 4.503676e-03 0.000000e+00 9.900000e+01 0.000000e+00 9.900000e+01 2.452039e-02 1.226020e-02 8.440202e-02 1.018657e-02 1.409646e-01 1.356959e-02 7.478339e-03 1.377561e-04 3.867946e-02 3.562510e-04 7.888445e-02 7.265526e-04 1.306740e-01 1.203552e-03 1.461151e-01 1.345770e-03
0.001825 T17-2554 0.000000e+00 9.900000e+01 8.113568e-03 4.056784e-03 3.422742e-02 1.711371e-02 2.457225e-03 1.228612e-03 3.958150e-03 1.979075e-03 5.799613e-02 9.732609e-03 9.773349e-02 1.251141e-02 5.760351e-03 1.061096e-04 2.309306e-02 4.253898e-04 4.857088e-02 4.473543e-04 7.038468e-02 6.482668e-04 8.161184e-02 7.516728e-04
0.001825 T17-2587 5.831953e-03 2.915977e-03 0.000000e+00 9.900000e+01 0.000000e+00 9.900000e+01 2.991519e-02 1.495760e-02 3.931387e-02 1.965694e-02 5.272603e-02 8.518447e-03 6.803933e-02 1.224637e-02 8.388888e-03 1.545290e-04 2.546832e-02 4.691438e-04 4.131961e-02 3.805676e-04 5.659702e-02 5.212778e-04 6.438311e-02 5.929903e-04
0.001825 T17-2468 4.599514e-02 1.981930e-02 5.066060e-02 2.533030e-02 3.919990e-02 1.959995e-02 5.658095e-02 2.341446e-02 1.514770e-01 2.194883e-02 1.801295e-01 8.781943e-03 2.072544e-01 1.290147e-02 2.709570e-02 2.495606e-04 9.743964e-02 8.974523e-04 1.515079e-01 1.395440e-03 1.950043e-01 1.796056e-03 2.044762e-01 1.883295e-03
0.001825 T17-2527 0.000000e+00 9.900000e+01 5.624220e-02 2.652380e-02 6.487431e-02 2.925469e-02 2.802385e-02 1.401193e-02 0.000000e+00 9.900000e+01 4.259213e-02 9.391058e-03 7.928427e-02 1.289760e-02 3.776285e-03 1.043426e-04 2.065632e-02 3.805034e-04 3.880611e-02 3.574175e-04 5.216068e-02 4.804177e-04 5.986840e-02 5.514083e-04
0.001825 T17-2455 5.677822e-02 2.297040e-02 5.439661e-02 2.719831e-02 6.521818e-02 3.260909e-02 6.932717e-02 2.535910e-02 9.312939e-02 2.485662e-02 1.633301e-01 9.417442e-03 2.197348e-01 1.573407e-02 2.502974e-02 2.305324e-04 7.690236e-02 7.082969e-04 1.286134e-01 1.184573e-03 1.830935e-01 1.686354e-03 2.123878e-01 1.956164e-03
0.001825 T17-2446 6.871772e-03 3.435886e-03 3.219599e-02 1.609800e-02 0.000000e+00 9.900000e+01 2.172109e-03 1.086055e-03 4.251073e-02 2.125537e-02 2.991426e-02 9.850804e-03 4.839372e-02 1.339381e-02 4.956451e-03 1.369518e-04 1.638674e-02 3.018548e-04 2.739536e-02 5.046412e-04 3.689450e-02 6.796218e-04 4.201005e-02 7.738537e-04
0.001825 T17-2452 1.563652e-02 7.818260e-03 2.363455e-02 1.181727e-02 4.445890e-02 2.222945e-02 1.407123e-02 7.035617e-03 3.729892e-02 1.864946e-02 5.798646e-02 9.752377e-03 6.968299e-02 1.516598e-02 6.728623e-03 1.239458e-04 2.526689e-02 4.654333e-04 3.990497e-02 3.675383e-04 5.004359e-02 4.609185e-04 5.518847e-02 1.016609e-03
0.001825 T17-2436 3.643495e-03 1.821748e-03 3.121253e-02 1.560626e-02 1.592996e-02 7.964982e-03 4.755775e-02 2.377887e-02 0.000000e+00 9.900000e+01 5.076860e-02 9.606379e-03 3.816662e-02 1.448579e-02 4.701422e-03 1.299051e-04 1.586540e-02 4.383772e-04 2.401620e-02 4.423948e-04 3.067504e-02 2.825276e-04 3.241197e-02 8.955759e-04
0.001825 T17-2425 1.647638e-02 8.238188e-03 4.765051e-03 2.382525e-03 6.566091e-02 2.947827e-02 8.266179e-03 4.133089e-03 3.363707e-02 1.681854e-02 3.626769e-02 9.462498e-03 4.339663e-02 1.387684e-02 3.705836e-03 1.023960e-04 1.455959e-02 4.022964e-04 2.589634e-02 4.770282e-04 3.359566e-02 6.188550e-04 3.543354e-02 6.527099e-04
0.001825 T17-2456 2.088892e-02 1.044446e-02 2.285436e-02 1.142718e-02 2.501981e-02 1.250990e-02 7.436987e-02 2.674506e-02 1.294088e-01 2.617875e-02 1.680970e-01 1.027572e-02 1.789826e-01 1.388688e-02 2.560553e-02 2.358357e-04 9.395324e-02 8.653413e-04 1.410299e-01 1.298933e-03 1.727001e-01 1.590627e-03 1.705082e-01 1.570438e-03
0.001825 T17-2491 5.183793e-03 2.591896e-03 1.565530e-02 7.827648e-03 4.045352e-02 2.022676e-02 1.106487e-02 5.532433e-03 7.445264e-02 2.651085e-02 5.021466e-02 1.020442e-02 5.737176e-02 1.592769e-02 9.414880e-03 1.734285e-04 2.534357e-02 4.668458e-04 3.713182e-02 3.419967e-04 4.771539e-02 4.394750e-04 4.985459e-02 9.183555e-04
0.001825 T17-2486 5.342684e-03 2.671342e-03 0.000000e+00 9.900000e+01 0.000000e+00 9.900000e+01 0.000000e+00 9.900000e+01 4.763712e-03 2.381856e-03 5.208156e-02 9.243910e-03 5.850294e-02 1.363576e-02 3.315972e-03 9.162370e-05 1.922389e-02 3.541171e-04 3.655110e-02 3.366481e-04 5.206617e-02 4.795472e-04 6.026659e-02 5.550758e-04
0.001825 T17-2513 1.197728e-02 5.988638e-03 4.824070e-02 2.412035e-02 1.209021e-02 6.045103e-03 4.684579e-02 2.342290e-02 6.969000e-02 2.508017e-02 4.543090e-02 1.066626e-02 7.122933e-02 1.298560e-02 7.379514e-03 1.359357e-04 2.250583e-02 4.145728e-04 3.344985e-02 3.080845e-04 4.905731e-02 4.518345e-04 4.727618e-02 4.354297e-04
0.001825 T17-2512 2.355527e-03 1.177764e-03 0.000000e+00 9.900000e+01 0.000000e+00 9.900000e+01 5.771508e-02 2.729767e-02 1.216270e-02 6.081351e-03 4.159055e-02 9.334361e-03 7.773374e-02 1.325604e-02 3.562588e-03 9.843794e-05 1.941298e-02 3.576003e-04 3.910667e-02 3.601857e-04 5.231157e-02 4.818074e-04 5.682774e-02 5.234028e-04
0.001825 T17-2617 5.683889e-03 2.841944e-03 2.070351e-02 1.035176e-02 4.693274e-02 2.346637e-02 0.000000e+00 9.900000e+01 3.410128e-02 1.705064e-02 7.925877e-02 1.173143e-02 1.151231e-01 1.462214e-02 8.045000e-03 1.481944e-04 4.124865e-02 3.799141e-04 6.936691e-02 6.388928e-04 9.495759e-02 8.745917e-04 9.847863e-02 9.070217e-04
0.001825 T17-2619 2.617148e-02 1.308574e-02 3.590140e-02 1.795070e-02 4.038724e-02 2.019362e-02 3.169362e-02 1.584681e-02 3.822716e-02 1.911358e-02 7.463065e-02 8.743047e-03 8.960739e-02 1.295869e-02 1.022618e-02 9.418656e-05 3.560858e-02 3.279671e-04 5.511308e-02 5.076103e-04 7.138473e-02 6.574777e-04 7.751765e-02 7.139639e-04
0.001825 T17-2599 4.556043e-02 1.930507e-02 1.176406e-02 5.882031e-03 6.290057e-02 2.907078e-02 0.000000e+00 9.900000e+01 3.191853e-03 1.595927e-03 3.127365e-02 1.125287e-02 6.169857e-02 1.381630e-02 6.769935e-03 1.247068e-04 3.170544e-02 2.920179e-04 4.280986e-02 3.942933e-04 5.156334e-02 4.749159e-04 5.867073e-02 5.403774e-04
0.001825 T17-2603 6.102620e-02 2.174462e-02 6.205545e-02 2.604366e-02 7.740885e-02 2.892120e-02 9.408466e-02 2.406065e-02 1.240200e-01 2.702616e-02 1.469946e-01 1.084821e-02 2.071403e-01 1.296551e-02 2.483605e-02 2.287484e-04 9.563438e-02 8.808251e-04 1.520560e-01 1.400487e-03 2.005204e-01 1.846861e-03 2.279445e-01 2.099446e-03
0.001825 T17-2592 1.334567e-02 6.672834e-03 0.000000e+00 9.900000e+01 0.000000e+00 9.900000e+01 0.000000e+00 9.900000e+01 4.246682e-02 2.123341e-02 4.345120e-02 9.238243e-03 5.173752e-02 1.376120e-02 3.497904e-03 1.288675e-04 1.637119e-02 3.015685e-04 3.049388e-02 5.617181e-04 3.952168e-02 7.280162e-04 4.293429e-02 7.908789e-04
0.001825 T17-2682 4.555647e-02 1.952810e-02 2.297216e-02 1.148608e-02 3.095050e-02 1.547525e-02 3.285271e-02 1.642635e-02 1.542470e-02 7.712348e-03 3.630067e-02 1.006047e-02 4.263608e-02 1.275827e-02 6.542921e-03 1.205251e-04 2.014174e-02 3.710245e-04 3.769243e-02 3.471601e-04 5.279591e-02 4.862683e-04 5.477246e-02 1.008946e-03
0.001825 T17-2569 1.150597e-02 5.752986e-03 4.598436e-02 2.299218e-02 1.641352e-02 8.206759e-03 0.000000e+00 9.900000e+01 3.731028e-02 1.865514e-02 5.052445e-02 9.308360e-03 3.917984e-02 1.276989e-02 3.744170e-03 1.034552e-04 1.745210e-02 3.214795e-04 3.928107e-02 3.617921e-04 6.239627e-02 5.746909e-04 7.324857e-02 6.746442e-04
0.001825 T17-2597 6.189094e-02 2.289461e-02 1.123524e-01 2.781553e-02 1.045011e-01 2.803842e-02 1.318894e-01 2.689644e-02 2.665874e-01 2.597914e-02 3.596623e-01 1.033029e-02 4.273395e-01 1.411431e-02 5.118232e-02 4.714066e-04 1.986302e-01 1.829452e-03 3.182761e-01 2.931432e-03 3.886232e-01 3.579352e-03 3.960340e-01 3.647608e-03
0.001825 T17-2688 5.733567e-03 2.866784e-03 0.000000e+00 9.900000e+01 1.839414e-02 9.197071e-03 1.215806e-02 6.079028e-03 5.176187e-02 2.588094e-02 4.810960e-02 9.935123e-03 6.514715e-02 1.325507e-02 8.948760e-03 8.242113e-05 2.814330e-02 2.592094e-04 4.773220e-02 4.396298e-04 6.418679e-02 5.911821e-04 6.891516e-02 6.347321e-04
0.001825 T17-2739 4.022253e-02 2.011127e-02 5.910458e-02 2.922582e-02 3.020589e-02 1.510294e-02 1.548930e-02 7.744649e-03 7.688746e-02 2.441968e-02 1.378454e-01 9.650024e-03 1.863029e-01 1.299203e-02 1.424104e-02 1.311648e-04 6.698717e-02 6.169746e-04 1.231077e-01 1.133864e-03 1.687462e-01 1.554209e-03 1.874379e-01 1.726367e-03
0.001825 T17-2834 1.717621e-02 8.588103e-03 0.000000e+00 9.900000e+01 2.947122e-02 1.473561e-02 0.000000e+00 9.900000e+01 5.854678e-02 2.547903e-02 1.019745e-01 1.069450e-02 1.594650e-01 1.556153e-02 8.548853e-03 7.873784e-05 4.019780e-02 3.702354e-04 9.296695e-02 8.562573e-04 1.495048e-01 1.376990e-03 1.639098e-01 1.509665e-03
0.001825 T17-2808 4.021601e-02 2.010800e-02 2.425352e-02 1.212676e-02 4.059265e-02 2.029633e-02 1.967133e-02 9.835666e-03 1.966337e-02 9.831683e-03 8.654766e-02 1.042177e-02 1.204633e-01 1.393932e-02 8.425537e-03 7.760206e-05 5.244447e-02 4.830314e-04 9.585778e-02 8.828828e-04 1.350737e-01 1.244074e-03 1.411358e-01 1.299909e-03
0.001825 T17-2791 5.948551e-02 2.107520e-02 4.670628e-02 2.335314e-02 4.473019e-02 2.236510e-02 7.976596e-02 2.441064e-02 8.319146e-02 2.757795e-02 1.807521e-01 1.339208e-02 2.490066e-01 1.692867e-02 1.407183e-02 1.296063e-04 8.568893e-02 7.892242e-04 1.649378e-01 1.519133e-03 2.473429e-01 2.278112e-03 2.604656e-01 2.398977e-03
0.001825 T17-2704 1.288738e-02 6.443690e-03 8.243330e-02 2.834796e-02 5.584702e-02 2.792351e-02 7.310231e-02 2.705703e-02 1.274049e-01 2.561058e-02 1.702988e-01 9.372203e-03 2.078226e-01 1.365167e-02 2.813811e-02 2.591616e-04 9.784992e-02 9.012311e-04 1.540456e-01 1.418812e-03 1.905745e-01 1.755256e-03 1.900178e-01 1.750128e-03
0.001825 T17-2796 4.115715e-02 2.057857e-02 2.609875e-02 1.304938e-02 5.372518e-02 2.686259e-02 5.510178e-02 2.572603e-02 8.270537e-02 2.652923e-02 1.702085e-01 1.088362e-02 2.769923e-01 1.431250e-02 1.181855e-02 1.088528e-04 7.064638e-02 6.506772e-04 1.436935e-01 1.323466e-03 2.428766e-01 2.236976e-03 2.653489e-01 2.443953e-03
0.001825 T17-2783 0.000000e+00 9.900000e+01 2.408251e-02 1.204125e-02 0.000000e+00 9.900000e+01 0.000000e+00 9.900000e+01 2.562283e-02 1.281142e-02 3.848579e-02 8.833986e-03 6.172642e-02 1.309816e-02 3.325030e-03 1.224986e-04 1.998747e-02 3.681828e-04 3.833083e-02 3.530400e-04 5.260589e-02 4.845182e-04 5.655192e-02 1.041725e-03
0.001825 T17-2558 8.734954e-02 2.203133e-02 0.000000e+00 9.900000e+01 4.134913e-02 2.067457e-02 2.673603e-02 1.336802e-02 7.376310e-02 2.633588e-02 7.059424e-02 1.089690e-02 7.374793e-02 1.391903e-02 1.552378e-02 1.429793e-04 4.351038e-02 4.007454e-04 6.280846e-02 5.784873e-04 8.015004e-02 7.382091e-04 8.157775e-02 7.513589e-04
0.001825 T17-2549 1.162758e-02 5.813791e-03 8.114927e-02 2.714444e-02 0.000000e+00 9.900000e+01 4.328678e-02 2.164339e-02 5.689762e-02 2.418737e-02 4.867350e-02 9.316789e-03 4.408745e-02 1.302791e-02 1.006637e-02 9.271472e-05 2.853656e-02 2.628314e-04 3.978897e-02 3.664700e-04 4.945806e-02 4.555256e-04 4.811506e-02 8.863122e-04
0.001825 T17-2562 5.262057e-02 2.529022e-02 2.694585e-02 1.347292e-02 3.940853e-02 1.970427e-02 9.778097e-03 4.889048e-03 7.394942e-02 2.400670e-02 1.007481e-01 9.237629e-03 1.357141e-01 1.386860e-02 1.276844e-02 1.176017e-04 5.019297e-02 4.622944e-04 8.375022e-02 7.713681e-04 1.134246e-01 1.044680e-03 1.179091e-01 1.085983e-03
0.001825 T17-2529 4.965314e-02 2.356601e-02 9.993683e-02 2.895269e-02 1.370299e-01 3.134265e-02 1.633568e-01 2.790526e-02 2.566161e-01 2.471454e-02 3.528422e-01 1.055066e-02 4.525007e-01 1.520535e-02 6.053991e-02 5.575932e-04 1.971326e-01 1.815658e-03 3.071201e-01 2.828680e-03 3.998538e-01 3.682790e-03 4.036648e-01 3.717891e-03
0.001825 T17-2537 8.090418e-02 2.682058e-02 8.564303e-02 2.694777e-02 1.042774e-01 3.012073e-02 1.010188e-01 2.611541e-02 2.000777e-01 2.486995e-02 2.241971e-01 1.314957e-02 2.694885e-01 1.821970e-02 3.410392e-02 3.141087e-04 1.290346e-01 1.188452e-03 1.942871e-01 1.789451e-03 2.442221e-01 2.249368e-03 2.378931e-01 2.191077e-03
0.001825 T17-2606 7.201377e-03 3.600689e-03 2.304010e-02 1.152005e-02 0.000000e+00 9.900000e+01 5.714215e-02 2.388272e-02 4.505085e-02 2.252542e-02 2.360373e-02 9.704664e-03 4.604918e-02 1.557325e-02 3.317531e-03 1.222223e-04 9.788458e-03 3.606201e-04 1.889948e-02 5.222120e-04 3.340329e-02 6.153113e-04 3.407103e-02 9.414173e-04
0.001825 T17-2789 0.000000e+00 9.900000e+01 3.495796e-02 1.747898e-02 2.938720e-02 1.469360e-02 1.708406e-02 8.542032e-03 5.724347e-02 2.751869e-02 6.987730e-02 9.872686e-03 6.631003e-02 1.249803e-02 8.570705e-03 1.578782e-04 3.096494e-02 2.851976e-04 5.254848e-02 4.839894e-04 7.242202e-02 6.670315e-04 7.806355e-02 7.189919e-04
0.001825 T17-2424 2.639360e-03 1.319680e-03 5.139293e-03 2.569647e-03 2.426642e-02 1.213321e-02 6.173246e-03 3.086623e-03 1.327425e-02 6.637127e-03 2.062662e-02 9.587172e-03 3.911978e-02 1.245444e-02 5.034539e-03 9.273964e-05 1.692408e-02 3.117531e-04 2.575660e-02 4.744541e-04 3.488474e-02 3.213003e-04 4.125644e-02 3.799858e-04
0.001825 T17-2484 3.931387e-02 1.965693e-02 8.764832e-03 4.382416e-03 7.235964e-02 3.455582e-02 0.000000e+00 9.900000e+01 3.106257e-02 1.553129e-02 2.682983e-02 1.068415e-02 4.455320e-02 1.440777e-02 1.600317e-03 1.031762e-04 9.798241e-03 3.609806e-04 2.098599e-02 3.865763e-04 3.118364e-02 5.744239e-04 3.523246e-02 6.490058e-04
0.001825 T17-2514 3.652065e-02 1.826033e-02 4.790777e-02 2.395388e-02 3.275870e-02 1.637935e-02 1.376486e-02 6.882432e-03 1.817976e-02 9.089880e-03 6.376481e-02 8.968813e-03 7.639446e-02 1.308773e-02 4.501950e-03 8.292898e-05 2.512306e-02 4.627838e-04 4.726970e-02 4.353700e-04 6.956800e-02 6.407450e-04 8.078240e-02 7.440334e-04
0.001825 T17-2494 4.821426e-02 2.071621e-02 7.992212e-02 2.952993e-02 1.799561e-01 3.329014e-02 1.479485e-01 2.771603e-02 2.708771e-01 2.536647e-02 3.519070e-01 9.836714e-03 3.873380e-01 1.382392e-02 5.161464e-02 4.753884e-04 1.921263e-01 1.769548e-03 2.898942e-01 2.670024e-03 3.615396e-01 3.329903e-03 3.524685e-01 3.246355e-03
0.001825 T17-2482 0.000000e+00 9.900000e+01 1.316981e-02 6.584906e-03 0.000000e+00 9.900000e+01 6.831905e-02 2.983108e-02 2.353310e-02 1.176655e-02 6.058649e-02 1.107342e-02 5.358850e-02 1.390729e-02 3.587268e-03 9.911989e-05 1.936142e-02 3.566506e-04 3.792744e-02 3.493246e-04 4.962811e-02 4.570918e-04 5.311777e-02 9.784656e-04
0.001825 T17-2487 7.312434e-02 1.954245e-02 1.248645e-01 2.513763e-02 1.189597e-01 2.924725e-02 1.543277e-01 2.316815e-02 1.802362e-01 2.187135e-02 3.201278e-01 9.952540e-03 4.143604e-01 1.408303e-02 5.358783e-02 4.935621e-04 1.742785e-01 1.605164e-03 2.737005e-01 2.520875e-03 3.635603e-01 3.348514e-03 3.695741e-01 3.403904e-03
0.001825 T17-2453 2.073825e-02 1.036913e-02 0.000000e+00 9.900000e+01 4.414050e-02 2.207025e-02 2.721971e-02 1.360986e-02 5.766031e-02 2.188135e-02 1.294019e-01 9.006233e-03 1.737152e-01 1.248672e-02 1.102573e-02 1.015507e-04 5.941577e-02 5.472395e-04 1.050170e-01 9.672421e-04 1.440964e-01 1.327177e-03 1.567163e-01 1.443411e-03
0.001825 T17-2432 5.008906e-02 2.029524e-02 0.000000e+00 9.900000e+01 4.016290e-02 2.008145e-02 0.000000e+00 9.900000e+01 5.225790e-02 2.606226e-02 3.831361e-02 9.223550e-03 5.210849e-02 1.240957e-02 2.625118e-03 9.671293e-05 1.558351e-02 4.305884e-04 3.090578e-02 5.693056e-04 4.228491e-02 3.894584e-04 4.590393e-02 4.227908e-04
0.001825 T17-2524 3.174723e-02 1.587361e-02 0.000000e+00 9.900000e+01 4.849473e-02 2.424736e-02 7.165760e-02 2.540533e-02 4.905007e-02 2.452504e-02 9.579178e-02 9.406729e-03 9.238272e-02 1.165741e-02 1.706248e-02 1.571512e-04 6.080319e-02 5.600181e-04 8.783195e-02 8.089622e-04 1.127832e-01 1.038771e-03 1.141931e-01 1.051757e-03
0.001825 T17-2580 1.021526e-02 5.107632e-03 2.435145e-04 1.217573e-04 0.000000e+00 9.900000e+01 1.929157e-02 9.645787e-03 6.557046e-02 2.421094e-02 1.350109e-02 6.750547e-03 4.286773e-02 1.392803e-02 2.878631e-03 1.060527e-04 1.271068e-02 4.682789e-04 2.094098e-02 3.857471e-04 3.208352e-02 5.910002e-04 3.373807e-02 6.214782e-04
0.001825 T17-2581 2.486062e-03 1.243031e-03 2.907319e-02 1.453659e-02 4.203391e-02 2.101695e-02 0.000000e+00 9.900000e+01 1.652715e-02 8.263574e-03 5.224414e-02 8.783948e-03 4.289804e-02 1.395093e-02 3.429252e-03 9.475372e-05 1.708852e-02 3.147822e-04 3.034362e-02 5.589501e-04 4.722868e-02 4.349922e-04 5.319437e-02 9.798764e-04
0.001825 T17-2633 1.569415e-03 7.847075e-04 0.000000e+00 9.900000e+01 4.477458e-02 2.238729e-02 0.000000e+00 9.900000e+01 4.065286e-02 2.032643e-02 4.509994e-02 8.754182e-03 6.984212e-02 1.256561e-02 4.417747e-03 1.220669e-04 2.350489e-02 4.329760e-04 4.255734e-02 3.919676e-04 5.880283e-02 5.415941e-04 6.212125e-02 5.721579e-04
0.001825 T17-2994 9.514949e-03 4.757474e-03 3.408369e-02 1.704184e-02 1.090316e-01 2.948352e-02 0.000000e+00 9.900000e+01 1.136686e-02 5.683429e-03 5.784013e-02 9.236585e-03 8.457922e-02 1.447354e-02 4.693690e-03 1.296915e-04 1.991307e-02 3.668123e-04 3.860241e-02 3.555413e-04 5.882552e-02 5.418031e-04 7.054524e-02 6.497457e-04
0.001825 T17-2946 6.743550e-02 2.217029e-02 1.240592e-02 6.202959e-03 3.528612e-02 1.764306e-02 0.000000e+00 9.900000e+01 3.107319e-02 1.553659e-02 3.226048e-02 9.550851e-03 5.185737e-02 1.313863e-02 2.708629e-03 1.247370e-04 1.577262e-02 4.358137e-04 3.154388e-02 5.810597e-04 4.643359e-02 4.276691e-04 5.680032e-02 1.046300e-03
0.001825 T17-3011 2.767900e-03 1.383950e-03 9.336165e-03 4.668082e-03 1.417673e-02 7.088365e-03 3.978935e-02 1.989468e-02 7.968992e-02 2.372018e-02 9.852845e-02 9.665470e-03 1.160182e-01 1.368889e-02 1.056736e-02 1.946580e-04 4.258906e-02 3.922597e-04 7.699932e-02 7.091899e-04 1.053212e-01 9.700441e-04 1.112002e-01 1.024192e-03
0.001825 T17-2983 3.623504e-02 1.811752e-02 7.373730e-02 2.743085e-02 9.675869e-02 3.011408e-02 1.389604e-01 2.640848e-02 2.020303e-01 2.513199e-02 3.882102e-01 1.096432e-02 5.563671e-01 1.648557e-02 3.412739e-02 3.143249e-04 1.932758e-01 1.780136e-03 3.492275e-01 3.216504e-03 5.382389e-01 4.957364e-03 5.949239e-01 5.479451e-03
0.001825 T17-2987 0.000000e+00 9.900000e+01 3.108016e-02 1.554008e-02 1.043742e-02 5.218712e-03 8.798559e-03 4.399279e-03 6.050551e-02 2.525063e-02 4.426684e-02 9.385568e-03 6.624485e-02 1.291250e-02 4.323586e-03 1.194651e-04 1.630416e-02 3.003336e-04 3.137670e-02 2.889901e-04 5.297643e-02 4.879309e-04 5.640520e-02 1.039022e-03
0.001825 T17-2993 3.539655e-03 1.769828e-03 2.203674e-02 1.101837e-02 2.641007e-02 1.320504e-02 4.649649e-02 2.324824e-02 4.147992e-02 2.073996e-02 3.134918e-02 9.994135e-03 7.033369e-02 1.387091e-02 3.963829e-03 1.460329e-04 1.768969e-02 3.258561e-04 3.640498e-02 6.706045e-04 5.758568e-02 5.303837e-04 6.263139e-02 1.153713e-03
0.001825 T17-2915 1.263109e-02 6.315546e-03 0.000000e+00 9.900000e+01 4.445303e-02 2.222652e-02 0.000000e+00 9.900000e+01 4.556177e-02 2.278088e-02 3.777681e-02 8.925083e-03 5.310582e-02 1.284905e-02 2.814639e-03 1.036951e-04 9.881085e-03 3.640326e-04 2.312239e-02 4.259302e-04 3.780676e-02 6.964263e-04 4.320842e-02 7.959286e-04
0.001825 T17-2894 5.631778e-02 2.334100e-02 8.196901e-02 2.841496e-02 1.040722e-01 3.569042e-02 7.490725e-02 2.627853e-02 1.554931e-01 3.372013e-02 1.496237e-01 1.363840e-02 2.678390e-01 2.695010e-02 3.295339e-03 9.105358e-05 1.460357e-02 4.035114e-04 2.243138e-02 4.132012e-04 3.270479e-02 6.024445e-04 3.560189e-02 6.558111e-04
0.001825 T17-2920 2.028449e-02 1.014225e-02 0.000000e+00 9.900000e+01 1.539104e-02 7.695520e-03 5.253827e-02 2.602885e-02 4.947716e-02 2.473858e-02 1.537863e-01 1.080967e-02 2.774878e-01 1.299118e-02 1.312292e-02 1.208666e-04 7.785294e-02 7.170521e-04 1.528851e-01 1.408124e-03 2.476368e-01 2.280819e-03 2.702456e-01 2.489054e-03
0.001825 T17-2978 9.087982e-03 4.543991e-03 6.987164e-03 3.493582e-03 4.375802e-02 2.187901e-02 6.214556e-03 3.107278e-03 0.000000e+00 9.900000e+01 4.556194e-02 9.554273e-03 5.413723e-02 1.346283e-02 5.359534e-03 1.480894e-04 1.996368e-02 3.677446e-04 3.070313e-02 5.655726e-04 4.707217e-02 4.335507e-04 4.573389e-02 8.424494e-04
0.001825 T17-2959 2.051200e-03 1.025600e-03 0.000000e+00 9.900000e+01 0.000000e+00 9.900000e+01 0.000000e+00 9.900000e+01 3.517493e-03 1.758746e-03 5.597822e-02 9.227080e-03 6.515740e-02 1.464235e-02 2.267592e-03 1.044265e-04 1.345371e-02 3.717397e-04 2.870474e-02 5.287609e-04 4.374217e-02 4.028803e-04 5.214898e-02 9.606197e-04
0.001825 T17-2871 1.218849e-02 6.094244e-03 0.000000e+00 9.900000e+01 5.705871e-02 2.852935e-02 5.157790e-02 2.578895e-02 1.595819e-01 2.537313e-02 1.830345e-01 1.140211e-02 2.345273e-01 1.429920e-02 2.589816e-02 2.385309e-04 1.098691e-01 1.011932e-03 1.600749e-01 1.474345e-03 2.294774e-01 2.113565e-03 2.366049e-01 2.179212e-03
0.001825 T17-2876 1.617656e-02 8.088280e-03 3.030061e-03 1.515030e-03 5.534630e-03 2.767315e-03 3.266515e-02 1.633257e-02 2.103394e-02 1.051697e-02 4.205315e-02 9.222988e-03 5.823853e-02 1.319953e-02 5.193143e-03 9.566123e-05 1.630640e-02 3.003749e-04 2.865039e-02 5.277597e-04 3.893863e-02 7.172762e-04 4.744568e-02 8.739817e-04
0.001825 T17-3201 4.270301e-03 2.135150e-03 3.803131e-03 1.901565e-03 1.868191e-03 9.340954e-04 2.126999e-03 1.063500e-03 9.990415e-03 4.995207e-03 3.657671e-02 4.031188e-03 4.869330e-02 9.115719e-03 5.033538e-03 1.390818e-04 1.857648e-02 3.421914e-04 3.341215e-02 6.154745e-04 4.472177e-02 4.119027e-04 4.626003e-02 8.521413e-04
0.001825 T17-3204 0.000000e+00 9.900000e+01 6.083259e-03 3.041629e-03 2.289356e-02 1.144678e-02 3.240297e-02 1.273763e-02 1.676187e-02 8.236789e-03 1.788394e-02 3.765546e-03 3.039047e-02 9.714172e-03 1.749604e-03 1.289156e-04 8.009375e-03 3.688454e-04 1.854013e-02 5.122828e-04 2.580580e-02 4.753603e-04 2.722928e-02 7.523728e-04
0.001825 T17-3181 3.116418e-02 1.064239e-02 4.109502e-03 2.054751e-03 0.000000e+00 9.900000e+01 8.526409e-03 4.263205e-03 2.876454e-02 8.675759e-03 3.326538e-02 4.504916e-03 1.848649e-02 9.243247e-03 6.289211e-03 1.158516e-04 1.673835e-02 3.083318e-04 2.634356e-02 4.852663e-04 3.236262e-02 5.961415e-04 3.596960e-02 6.625846e-04
0.001825 T17-3178 1.181777e-02 5.908884e-03 0.000000e+00 9.900000e+01 2.531161e-02 1.231125e-02 5.315031e-03 2.657515e-03 9.453428e-03 4.726714e-03 1.627499e-02 4.042867e-03 3.511024e-02 8.664463e-03 2.207354e-03 1.219829e-04 5.515753e-03 3.556137e-04 1.135494e-02 4.183313e-04 1.588338e-02 5.851653e-04 1.750182e-02 8.059885e-04
0.001825 T17-3192 2.373191e-02 9.051071e-03 2.306742e-02 1.153371e-02 9.848565e-03 4.924283e-03 2.160917e-02 1.080459e-02 2.509534e-02 9.152947e-03 3.733228e-02 4.332623e-03 4.943200e-02 9.139488e-03 1.081791e-02 9.963665e-05 2.939458e-02 2.707341e-04 4.594513e-02 4.231703e-04 5.704852e-02 5.254363e-04 5.950346e-02 1.096094e-03
0.001825 T17-3195 1.694676e-02 8.473378e-03 2.799291e-02 1.399645e-02 0.000000e+00 9.900000e+01 1.029579e-02 5.147894e-03 6.251636e-03 3.125818e-03 1.912369e-02 3.943539e-03 3.110421e-02 9.314240e-03 3.461789e-03 1.275370e-04 1.230461e-02 3.399888e-04 2.380591e-02 4.385211e-04 3.244111e-02 5.975873e-04 3.611209e-02 6.652092e-04
0.001825 T17-3167 1.839103e-03 9.195513e-04 1.348064e-02 6.740322e-03 1.345919e-02 6.729594e-03 0.000000e+00 9.900000e+01 0.000000e+00 9.900000e+01 3.540965e-02 4.334620e-03 4.648631e-02 1.014661e-02 2.861924e-03 1.317965e-04 1.403195e-02 3.877171e-04 3.609335e-02 3.324321e-04 5.696974e-02 5.247107e-04 6.224112e-02 5.732619e-04
0.001825 T17-3173 1.440355e-02 7.201776e-03 2.413278e-02 1.206639e-02 3.244260e-02 1.342354e-02 7.506871e-03 3.753436e-03 4.269697e-02 9.270853e-03 6.700345e-02 4.001956e-03 9.161753e-02 9.827011e-03 1.143960e-02 1.053626e-04 3.583310e-02 3.300351e-04 5.834599e-02 5.373864e-04 7.675733e-02 7.069612e-04 8.019041e-02 7.385809e-04
0.001825 T17-3189 6.530519e-03 3.265259e-03 2.946641e-02 1.436480e-02 1.646903e-02 8.234517e-03 1.266099e-02 6.330496e-03 2.557617e-02 8.646815e-03 4.906074e-02 3.877341e-03 6.307804e-02 8.799055e-03 6.620640e-03 1.219567e-04 2.349229e-02 4.327440e-04 3.844235e-02 3.540672e-04 5.120079e-02 4.715767e-04 5.165901e-02 9.515941e-04
0.001825 T17-3183 1.640679e-02 8.203395e-03 1.738046e-02 8.690228e-03 0.000000e+00 9.900000e+01 0.000000e+00 9.900000e+01 1.275790e-02 6.378949e-03 2.588219e-02 3.916141e-03 4.367377e-02 8.703845e-03 4.283481e-03 1.183570e-04 1.577872e-02 2.906548e-04 2.229496e-02 4.106884e-04 3.197650e-02 5.890289e-04 3.505911e-02 6.458126e-04
0.001825 T17-3162 1.462244e-02 7.311218e-03 1.812484e-02 9.062420e-03 5.845784e-03 2.922892e-03 2.488468e-03 1.244234e-03 2.810575e-02 8.031255e-03 1.908596e-02 4.059096e-03 3.308338e-02 9.047812e-03 3.890173e-03 1.074895e-04 1.160533e-02 3.206671e-04 2.028650e-02 3.736911e-04 2.992901e-02 5.513127e-04 3.252586e-02 8.987228e-04
0.001825 T17-3175 1.956266e-02 8.753741e-03 5.750383e-03 2.875192e-03 5.578604e-03 2.789302e-03 1.394940e-03 6.974701e-04 2.081949e-02 7.918701e-03 2.442788e-02 3.926545e-03 4.641542e-02 8.719918e-03 3.613511e-03 1.331267e-04 1.065913e-02 3.926969e-04 1.893969e-02 5.233230e-04 3.088109e-02 5.688507e-04 3.292064e-02 9.096308e-04
0.001825 T17-3174 9.773024e-04 4.886512e-04 3.948196e-03 1.974098e-03 1.012400e-02 5.061998e-03 1.077792e-02 5.388962e-03 1.825774e-02 8.371064e-03 3.667780e-02 4.154979e-03 5.094348e-02 8.918129e-03 2.393952e-03 1.102455e-04 1.215177e-02 3.357658e-04 2.618312e-02 4.823110e-04 4.113125e-02 7.576656e-04 4.987000e-02 9.186393e-04
0.001825 T17-3120 2.668910e-02 1.130929e-02 1.650257e-02 8.251286e-03 3.320852e-02 1.290717e-02 4.162921e-02 1.207206e-02 6.612297e-02 8.016343e-03 1.092863e-01 4.146696e-03 1.296698e-01 8.290320e-03 1.988403e-02 1.831387e-04 6.139978e-02 5.655129e-04 9.675811e-02 8.911751e-04 1.324113e-01 1.219553e-03 1.299117e-01 1.196531e-03
0.001825 T17-3171 0.000000e+00 9.900000e+01 2.332972e-03 1.166486e-03 1.654531e-02 8.272653e-03 1.853345e-03 9.266724e-04 2.172151e-02 8.004621e-03 3.695298e-02 4.005887e-03 5.123820e-02 8.568305e-03 4.869863e-03 1.345593e-04 1.869241e-02 3.443268e-04 2.990053e-02 5.507880e-04 4.461544e-02 8.218467e-04 4.722910e-02 8.699923e-04
0.001825 T17-3123 0.000000e+00 9.900000e+01 3.184634e-03 1.592317e-03 1.644589e-02 8.222945e-03 1.142154e-02 5.710771e-03 1.897891e-02 9.489453e-03 2.809055e-02 3.967094e-03 3.074696e-02 8.879024e-03 3.179468e-03 1.464199e-04 1.433609e-02 3.961207e-04 2.434192e-02 4.483948e-04 3.735336e-02 6.880743e-04 4.432087e-02 8.164205e-04
0.001825 T17-3146 3.140951e-02 8.976315e-03 3.958701e-02 1.462834e-02 4.719944e-02 1.220598e-02 4.054680e-02 1.092066e-02 5.674433e-02 8.146924e-03 7.580239e-02 4.305332e-03 8.415876e-02 8.650127e-03 1.867774e-02 1.720283e-04 5.016737e-02 4.620585e-04 7.402632e-02 6.818076e-04 9.032148e-02 8.318916e-04 8.972175e-02 8.263678e-04
0.001825 T17-3159 1.873643e-02 8.593462e-03 1.565632e-02 7.828160e-03 1.536773e-02 7.683863e-03 9.710884e-03 4.855442e-03 3.172256e-02 8.055679e-03 4.671176e-02 3.762670e-03 7.991272e-02 8.978179e-03 6.382512e-03 1.175702e-04 2.498684e-02 4.602747e-04 4.229587e-02 3.895593e-04 5.921951e-02 5.454318e-04 6.214690e-02 5.723941e-04
0.001825 T17-3152 3.730008e-03 1.865004e-03 6.271030e-03 3.135515e-03 0.000000e+00 9.900000e+01 5.479002e-03 2.739501e-03 1.606890e-03 8.034452e-04 2.147638e-02 3.952260e-03 2.903637e-02 8.198095e-03 3.000209e-03 1.381647e-04 1.044095e-02 3.846589e-04 1.888852e-02 5.219091e-04 2.575805e-02 4.744809e-04 2.730346e-02 7.544226e-04
0.001825 T17-3143 6.891958e-03 3.445979e-03 0.000000e+00 9.900000e+01 2.150054e-02 1.075027e-02 2.304501e-02 1.152250e-02 2.416002e-02 7.915939e-03 3.336781e-02 3.803681e-03 4.382620e-02 9.647848e-03 6.130902e-03 1.129354e-04 1.696216e-02 3.124545e-04 3.043044e-02 5.605494e-04 4.151983e-02 7.648236e-04 4.695789e-02 8.649963e-04
0.001825 T17-3122 4.147549e-03 2.073775e-03 2.043731e-02 1.021866e-02 1.767212e-02 8.836060e-03 2.028751e-02 1.014376e-02 2.011077e-02 8.448298e-03 2.729244e-02 4.034214e-03 2.740042e-02 8.382043e-03 5.373737e-03 1.484818e-04 1.675466e-02 3.086323e-04 2.322075e-02 4.277420e-04 3.398490e-02 6.260250e-04 3.616688e-02 6.662185e-04
0.001825 T17-3121 1.560702e-02 7.803509e-03 2.241680e-02 1.120840e-02 1.251744e-03 6.258719e-04 1.340848e-02 6.704240e-03 3.564859e-02 7.466669e-03 5.341556e-02 4.631480e-03 5.919772e-02 9.734212e-03 3.852869e-03 1.064587e-04 2.397480e-02 4.416321e-04 4.341173e-02 3.998368e-04 5.957817e-02 5.487352e-04 6.458877e-02 5.948846e-04
0.001825 T17-3206 6.571859e-03 3.285930e-03 2.375701e-03 1.187850e-03 3.600452e-04 1.800226e-04 5.950051e-03 2.975025e-03 3.278679e-03 1.639340e-03 1.467370e-02 4.359136e-03 3.360757e-02 8.815315e-03 2.540572e-03 1.169977e-04 6.858587e-03 3.790196e-04 1.234211e-02 4.547001e-04 1.507087e-02 5.552315e-04 1.790240e-02 8.244359e-04
0.001825 T17-3193 1.981649e-02 8.852856e-03 5.768272e-03 2.884136e-03 3.997883e-02 1.233628e-02 2.299221e-02 1.149610e-02 4.206387e-02 7.752792e-03 6.796218e-02 4.603089e-03 8.043104e-02 1.057624e-02 7.565617e-03 1.393638e-04 3.778634e-02 3.480251e-04 6.305011e-02 5.807130e-04 8.962849e-02 8.255089e-04 9.130673e-02 8.409660e-04
0.001825 T17-3186 6.703871e-03 3.351936e-03 1.794501e-02 8.972506e-03 1.306917e-02 6.534583e-03 2.873795e-02 1.297946e-02 1.262484e-02 6.312419e-03 4.209982e-02 3.664228e-03 4.748252e-02 9.079596e-03 4.289686e-03 1.185284e-04 1.780567e-02 3.279925e-04 3.536312e-02 3.257063e-04 5.458647e-02 5.027599e-04 6.208656e-02 5.718384e-04
0.001825 T17-3187 2.059249e-02 9.788296e-03 0.000000e+00 9.900000e+01 0.000000e+00 9.900000e+01 7.681092e-03 3.840546e-03 2.195310e-02 8.545800e-03 3.939141e-02 3.951661e-03 4.533594e-02 8.456095e-03 3.108277e-03 1.145132e-04 1.551069e-02 4.285762e-04 3.052123e-02 5.622218e-04 4.141170e-02 7.628317e-04 4.581705e-02 8.439812e-04
0.001825 T17-3112 7.578572e-03 3.789286e-03 1.106357e-02 5.531783e-03 0.000000e+00 9.900000e+01 1.548859e-03 7.744294e-04 5.897468e-03 2.948734e-03 1.398587e-02 3.941049e-03 3.253457e-02 8.880065e-03 2.272233e-03 1.255683e-04 1.351216e-02 3.733548e-04 2.253612e-02 4.151306e-04 3.122836e-02 5.752477e-04 3.449375e-02 6.353983e-04
0.001825 T17-3133 0.000000e+00 9.900000e+01 1.255423e-02 6.277113e-03 2.102880e-02 1.051440e-02 6.310010e-03 3.155005e-03 1.228979e-02 6.144894e-03 1.559375e-02 3.847059e-03 4.339042e-02 7.655144e-03 4.693630e-03 1.296898e-04 1.413755e-02 3.906349e-04 2.864919e-02 5.277375e-04 4.252389e-02 7.833190e-04 4.512861e-02 8.312997e-04
0.001825 T17-3147 3.409379e-02 1.401398e-02 6.332463e-02 1.858269e-02 7.604887e-02 1.994600e-02 9.669877e-02 1.766607e-02 1.329939e-01 1.479600e-02 1.773283e-01 8.282948e-03 1.710377e-01 1.496719e-02 2.658863e-02 2.448903e-04 1.112352e-01 1.024514e-03 1.673537e-01 1.541384e-03 2.194198e-01 2.020931e-03 2.266423e-01 2.087453e-03
0.001825 T17-3199 4.280766e-05 2.140383e-05 4.281324e-03 2.140662e-03 0.000000e+00 9.900000e+01 9.058025e-03 4.529012e-03 1.743327e-02 8.716634e-03 3.745721e-02 5.721873e-03 4.423380e-02 1.180759e-02 6.923792e-03 1.275410e-04 1.879816e-02 3.462749e-04 3.018258e-02 5.559837e-04 4.683675e-02 4.313824e-04 4.612805e-02 8.497100e-04
0.001825 T17-3188 1.823162e-02 9.115812e-03 7.609876e-05 3.804938e-05 0.000000e+00 9.900000e+01 2.955002e-02 1.477501e-02 8.389484e-03 4.194742e-03 2.610407e-02 5.445170e-03 3.172623e-02 1.132170e-02 4.460986e-03 1.232616e-04 1.180976e-02 3.263158e-04 2.202485e-02 4.057127e-04 2.991403e-02 5.510368e-04 3.698797e-02 6.813435e-04
0.001825 T17-3184 2.596628e-02 1.298314e-02 7.950103e-03 3.975052e-03 2.278831e-02 1.139415e-02 3.934195e-02 1.804082e-02 4.058571e-02 1.284846e-02 1.161226e-01 8.416683e-03 1.105761e-01 1.498273e-02 1.619276e-02 1.491408e-04 5.744484e-02 5.290866e-04 9.398102e-02 8.655972e-04 1.251546e-01 1.152716e-03 1.262635e-01 1.162930e-03
0.001825 T17-3182 1.253860e-02 6.269302e-03 2.761504e-02 1.380752e-02 2.536221e-02 1.268111e-02 1.635706e-02 8.178531e-03 7.344296e-02 1.401588e-02 8.629386e-02 6.840605e-03 1.222217e-01 1.259457e-02 1.143577e-02 1.053274e-04 5.807403e-02 5.348816e-04 9.237548e-02 8.508096e-04 1.218508e-01 1.122288e-03 1.347639e-01 1.241221e-03
0.001825 T17-3202 4.692636e-03 2.346318e-03 2.646634e-02 1.323317e-02 3.633033e-02 1.816517e-02 4.072587e-02 1.593526e-02 6.773421e-02 1.216734e-02 1.193150e-01 4.950216e-03 1.640475e-01 1.167715e-02 1.086511e-02 1.000714e-04 5.148559e-02 4.741998e-04 9.981878e-02 9.193649e-04 1.469701e-01 1.353645e-03 1.604592e-01 1.477884e-03
0.001825 T17-3203 4.306840e-02 1.201534e-02 2.958842e-02 1.479421e-02 1.152397e-01 1.757262e-02 9.190322e-02 1.803923e-02 1.590896e-01 1.161139e-02 2.578927e-01 4.970096e-03 2.982495e-01 1.407426e-02 3.306152e-02 3.045079e-04 1.265407e-01 1.165483e-03 2.113541e-01 1.946643e-03 2.783286e-01 2.563501e-03 2.820939e-01 2.598181e-03
0.001825 T17-3205 1.704190e-02 8.520949e-03 3.303103e-02 1.651551e-02 1.160350e-03 5.801752e-04 2.896429e-02 1.448215e-02 6.826387e-02 1.324546e-02 1.117050e-01 7.098105e-03 1.243238e-01 1.370222e-02 1.482028e-02 1.364998e-04 5.928765e-02 5.460595e-04 9.182119e-02 8.457044e-04 1.241611e-01 1.143566e-03 1.223206e-01 1.126614e-03
0.001825 T17-3148 0.000000e+00 9.900000e+01 0.000000e+00 9.900000e+01 2.959031e-02 1.479515e-02 0.000000e+00 9.900000e+01 5.133789e-02 1.304034e-02 9.414916e-02 5.166424e-03 1.255377e-01 1.215050e-02 6.587128e-03 1.213394e-04 3.812590e-02 3.511525e-04 7.304741e-02 6.727915e-04 1.028931e-01 9.476803e-04 1.077597e-01 9.925036e-04
0.001825 T17-3139 2.337099e-02 1.168549e-02 4.014607e-02 1.853091e-02 4.273812e-02 1.817839e-02 3.334221e-02 1.599079e-02 7.918986e-02 1.367504e-02 1.320044e-01 6.298012e-03 1.503568e-01 1.247406e-02 2.327187e-02 2.143418e-04 7.530079e-02 6.935459e-04 1.123610e-01 1.034883e-03 1.501490e-01 1.382923e-03 1.441310e-01 1.327496e-03
0.001825 T17-3166 0.000000e+00 9.900000e+01 0.000000e+00 9.900000e+01 3.468869e-02 1.734434e-02 0.000000e+00 9.900000e+01 5.557868e-02 1.397879e-02 7.712770e-02 9.136294e-03 7.993842e-02 1.363820e-02 5.590402e-03 1.029790e-04 3.442651e-02 3.170799e-04 5.837147e-02 5.376211e-04 8.059429e-02 7.423009e-04 8.510242e-02 7.838222e-04
0.001825 T17-3168 7.515776e-03 3.757888e-03 1.725894e-02 8.629469e-03 4.157247e-03 2.078624e-03 1.152320e-02 5.761602e-03 4.351968e-02 1.195906e-02 5.852400e-02 5.100906e-03 6.847287e-02 1.242989e-02 7.631251e-03 1.405728e-04 2.686225e-02 2.474105e-04 4.400985e-02 4.053457e-04 5.349899e-02 4.927439e-04 6.315751e-02 5.817021e-04
0.001825 T17-3185 0.000000e+00 9.900000e+01 3.237678e-03 1.618839e-03 0.000000e+00 9.900000e+01 2.402201e-02 1.201101e-02 1.070027e-02 5.350135e-03 2.663936e-02 5.402127e-03 3.567246e-02 1.131592e-02 2.830913e-03 1.042947e-04 1.037486e-02 2.866680e-04 1.737412e-02 4.800648e-04 2.175959e-02 6.012397e-04 2.502292e-02 6.914088e-04
0.001825 T17-3207 2.448208e-02 1.224104e-02 3.120465e-02 1.560233e-02 2.105970e-02 1.052985e-02 4.174704e-02 1.756620e-02 7.922837e-02 1.374403e-02 1.245791e-01 6.409987e-03 8.233962e-02 1.668947e-02 1.667491e-02 1.535816e-04 5.618697e-02 5.175012e-04 8.571788e-02 7.894909e-04 1.053208e-01 9.700405e-04 1.199518e-01 1.104797e-03
0.001825 T17-3194 0.000000e+00 9.900000e+01 6.763343e-03 3.381672e-03 0.000000e+00 9.900000e+01 2.779372e-02 1.389686e-02 5.942707e-02 1.412395e-02 1.177191e-01 5.940617e-03 1.551102e-01 1.196910e-02 9.945011e-03 1.831939e-04 4.712823e-02 4.340671e-04 1.029961e-01 9.486294e-04 1.578807e-01 1.454135e-03 1.749296e-01 1.611161e-03
0.001825 T17-3157 0.000000e+00 9.900000e+01 1.981192e-02 9.905958e-03 0.000000e+00 9.900000e+01 0.000000e+00 9.900000e+01 1.042627e-02 5.213134e-03 2.426495e-02 5.784882e-03 4.113645e-02 1.150372e-02 1.996877e-03 1.103515e-04 1.045697e-02 2.889368e-04 2.240385e-02 4.126941e-04 3.216908e-02 5.925764e-04 3.562236e-02 6.561881e-04
0.001825 T17-3151 1.884952e-02 9.424759e-03 7.645898e-03 3.822949e-03 2.122966e-02 1.061483e-02 7.790423e-03 3.895211e-03 2.892048e-02 1.251867e-02 5.584760e-02 6.208204e-03 7.198699e-02 1.265978e-02 4.480167e-03 1.237916e-04 2.445671e-02 4.505092e-04 4.670568e-02 4.301752e-04 6.851393e-02 6.310366e-04 8.107525e-02 7.467307e-04
0.001825 T17-3134 3.035196e-02 1.256533e-02 4.033600e-02 1.749142e-02 5.764422e-02 1.778974e-02 8.060852e-02 1.564563e-02 9.683875e-02 1.209161e-02 1.761373e-01 5.503776e-03 2.298481e-01 1.223802e-02 2.178323e-02 2.006309e-04 8.583830e-02 7.906000e-04 1.476059e-01 1.359500e-03 2.025527e-01 1.865579e-03 2.103900e-01 1.937763e-03
