{
    "id": "gaia_xp_spectrum_6094660954986406272-Ref",
    "F0352_uJAVA": 16.766775131225586,
    "F0378": 16.594751358032227,
    "F0395": 16.416948318481445,
    "F0410": 15.945509910583496,
    "F0430": 15.863423347473145,
    "F0475_gSDSS": 15.509870529174805,
    "F0515": 15.3363618850708,
    "F0626_rSDSS": 15.00347900390625,
    "F0660": 14.967388153076172,
    "F0769_iSDSS": 14.830020904541016,
    "F0861": 14.788341522216797,
    "F0883_zSDSS": 14.761890411376953
}