{
    "id": "gaia_xp_spectrum_6094667723854903936-Ref",
    "F0352_uJAVA": 16.517879486083984,
    "F0378": 16.528810501098633,
    "F0395": 16.370634078979492,
    "F0410": 15.628365516662598,
    "F0430": 15.551475524902344,
    "F0475_gSDSS": 15.03564453125,
    "F0515": 14.849676132202148,
    "F0626_rSDSS": 14.389291763305664,
    "F0660": 14.323426246643066,
    "F0769_iSDSS": 14.180177688598633,
    "F0861": 14.111654281616211,
    "F0883_zSDSS": 14.077595710754395
}