{
    "id": "gaia_xp_spectrum_6094661745260385664-Ref",
    "F0352_uJAVA": 16.805973052978516,
    "F0378": 16.629966735839844,
    "F0395": 16.430103302001953,
    "F0410": 15.972513198852539,
    "F0430": 15.89356517791748,
    "F0475_gSDSS": 15.608495712280273,
    "F0515": 15.452910423278809,
    "F0626_rSDSS": 15.187140464782715,
    "F0660": 15.174490928649902,
    "F0769_iSDSS": 15.06663703918457,
    "F0861": 15.0504732131958,
    "F0883_zSDSS": 15.02830696105957
}