{
    "id": "gaia_xp_spectrum_6094724211265330816-Ref",
    "F0352_uJAVA": 15.984219551086426,
    "F0378": 15.821544647216797,
    "F0395": 15.675710678100586,
    "F0410": 15.11754322052002,
    "F0430": 15.030290603637695,
    "F0475_gSDSS": 14.653183937072754,
    "F0515": 14.482433319091797,
    "F0626_rSDSS": 14.144143104553223,
    "F0660": 14.11111831665039,
    "F0769_iSDSS": 14.003277778625488,
    "F0861": 13.973238945007324,
    "F0883_zSDSS": 13.947091102600098
}