{
    "id": "gaia_xp_spectrum_6094666899221261440-Ref",
    "F0352_uJAVA": 15.835594177246094,
    "F0378": 15.663331985473633,
    "F0395": 15.531591415405273,
    "F0410": 15.043551445007324,
    "F0430": 14.979172706604004,
    "F0475_gSDSS": 14.667954444885254,
    "F0515": 14.512619018554688,
    "F0626_rSDSS": 14.243072509765625,
    "F0660": 14.223061561584473,
    "F0769_iSDSS": 14.129151344299316,
    "F0861": 14.112224578857422,
    "F0883_zSDSS": 14.091054916381836
}