{
    "id": "gaia_xp_spectrum_6094695074207029504-Ref",
    "F0352_uJAVA": 16.681913375854492,
    "F0378": 16.59966278076172,
    "F0395": 16.45709800720215,
    "F0410": 15.84652328491211,
    "F0430": 15.806085586547852,
    "F0475_gSDSS": 15.435585021972656,
    "F0515": 15.26760196685791,
    "F0626_rSDSS": 14.936574935913086,
    "F0660": 14.88813591003418,
    "F0769_iSDSS": 14.787256240844727,
    "F0861": 14.756211280822754,
    "F0883_zSDSS": 14.726398468017578
}