{
    "id": "gaia_xp_spectrum_6094678066136250368-Ref",
    "F0352_uJAVA": 15.962226867675781,
    "F0378": 15.843199729919434,
    "F0395": 15.771540641784668,
    "F0410": 15.184235572814941,
    "F0430": 15.134380340576172,
    "F0475_gSDSS": 14.744017601013184,
    "F0515": 14.569340705871582,
    "F0626_rSDSS": 14.233440399169922,
    "F0660": 14.186406135559082,
    "F0769_iSDSS": 14.07553482055664,
    "F0861": 14.036615371704102,
    "F0883_zSDSS": 14.011122703552246
}