{
    "id": "gaia_xp_spectrum_6094671640865346944-Ref",
    "F0352_uJAVA": 15.871269226074219,
    "F0378": 15.662840843200684,
    "F0395": 15.58019733428955,
    "F0410": 15.10329818725586,
    "F0430": 15.03037166595459,
    "F0475_gSDSS": 14.72865104675293,
    "F0515": 14.566667556762695,
    "F0626_rSDSS": 14.307629585266113,
    "F0660": 14.28616714477539,
    "F0769_iSDSS": 14.185808181762695,
    "F0861": 14.16073989868164,
    "F0883_zSDSS": 14.1419095993042
}