{
    "id": "gaia_xp_spectrum_6094723386631574784-Ref",
    "F0352_uJAVA": 16.64046859741211,
    "F0378": 16.482494354248047,
    "F0395": 16.283061981201172,
    "F0410": 15.958918571472168,
    "F0430": 15.875673294067383,
    "F0475_gSDSS": 15.643773078918457,
    "F0515": 15.49642562866211,
    "F0626_rSDSS": 15.282155990600586,
    "F0660": 15.265056610107422,
    "F0769_iSDSS": 15.1677885055542,
    "F0861": 15.14492416381836,
    "F0883_zSDSS": 15.113546371459961
}