{
    "id": "gaia_xp_spectrum_6094664352303038208-Ref",
    "F0352_uJAVA": 16.86524200439453,
    "F0378": 16.5607967376709,
    "F0395": 16.417984008789062,
    "F0410": 16.156482696533203,
    "F0430": 16.15221405029297,
    "F0475_gSDSS": 15.814651489257812,
    "F0515": 15.62944507598877,
    "F0626_rSDSS": 15.33606243133545,
    "F0660": 15.279045104980469,
    "F0769_iSDSS": 15.143659591674805,
    "F0861": 15.075963020324707,
    "F0883_zSDSS": 15.057604789733887
}