{
    "id": "gaia_xp_spectrum_6094666418184933888-Ref",
    "F0352_uJAVA": 16.71572494506836,
    "F0378": 16.493385314941406,
    "F0395": 16.342529296875,
    "F0410": 15.924483299255371,
    "F0430": 15.862037658691406,
    "F0475_gSDSS": 15.500088691711426,
    "F0515": 15.320229530334473,
    "F0626_rSDSS": 15.001842498779297,
    "F0660": 14.95938777923584,
    "F0769_iSDSS": 14.827373504638672,
    "F0861": 14.787168502807617,
    "F0883_zSDSS": 14.753451347351074
}