{
    "id": "gaia_xp_spectrum_6094667036660238848-Ref",
    "F0352_uJAVA": 16.47547721862793,
    "F0378": 16.324085235595703,
    "F0395": 16.273557662963867,
    "F0410": 15.630014419555664,
    "F0430": 15.542681694030762,
    "F0475_gSDSS": 15.140913963317871,
    "F0515": 14.957921028137207,
    "F0626_rSDSS": 14.593320846557617,
    "F0660": 14.536846160888672,
    "F0769_iSDSS": 14.43150520324707,
    "F0861": 14.396081924438477,
    "F0883_zSDSS": 14.367352485656738
}