{
    "id": "gaia_xp_spectrum_6094723451050798848-Ref",
    "F0352_uJAVA": 16.178979873657227,
    "F0378": 16.036985397338867,
    "F0395": 15.9110107421875,
    "F0410": 15.249801635742188,
    "F0430": 15.143348693847656,
    "F0475_gSDSS": 14.721392631530762,
    "F0515": 14.530247688293457,
    "F0626_rSDSS": 14.146807670593262,
    "F0660": 14.096087455749512,
    "F0769_iSDSS": 13.980362892150879,
    "F0861": 13.947283744812012,
    "F0883_zSDSS": 13.910592079162598
}