{
    "id": "gaia_xp_spectrum_6094677653819338624-Ref",
    "F0352_uJAVA": 15.797216415405273,
    "F0378": 15.451516151428223,
    "F0395": 15.207496643066406,
    "F0410": 14.876770973205566,
    "F0430": 14.80151081085205,
    "F0475_gSDSS": 14.614337921142578,
    "F0515": 14.490257263183594,
    "F0626_rSDSS": 14.320459365844727,
    "F0660": 14.323052406311035,
    "F0769_iSDSS": 14.252798080444336,
    "F0861": 14.250031471252441,
    "F0883_zSDSS": 14.234560012817383
}