{
    "id": "gaia_xp_spectrum_6094737027447839744-Ref",
    "F0352_uJAVA": 16.00624656677246,
    "F0378": 15.84453010559082,
    "F0395": 15.748558044433594,
    "F0410": 15.139644622802734,
    "F0430": 15.07239818572998,
    "F0475_gSDSS": 14.676788330078125,
    "F0515": 14.486451148986816,
    "F0626_rSDSS": 14.166097640991211,
    "F0660": 14.128313064575195,
    "F0769_iSDSS": 14.011878967285156,
    "F0861": 13.978178024291992,
    "F0883_zSDSS": 13.948680877685547
}