{
    "id": "gaia_xp_spectrum_6094653395844009088-Ref",
    "F0352_uJAVA": 16.155195236206055,
    "F0378": 16.039501190185547,
    "F0395": 15.921158790588379,
    "F0410": 15.334635734558105,
    "F0430": 15.263310432434082,
    "F0475_gSDSS": 14.882893562316895,
    "F0515": 14.699408531188965,
    "F0626_rSDSS": 14.37608814239502,
    "F0660": 14.32501220703125,
    "F0769_iSDSS": 14.235881805419922,
    "F0861": 14.213863372802734,
    "F0883_zSDSS": 14.183670997619629
}