{
    "id": "gaia_xp_spectrum_6094667174099193344-Ref",
    "F0352_uJAVA": 16.415016174316406,
    "F0378": 16.2939395904541,
    "F0395": 16.20693016052246,
    "F0410": 15.512070655822754,
    "F0430": 15.434955596923828,
    "F0475_gSDSS": 15.00195026397705,
    "F0515": 14.819084167480469,
    "F0626_rSDSS": 14.429740905761719,
    "F0660": 14.36679458618164,
    "F0769_iSDSS": 14.26072883605957,
    "F0861": 14.221373558044434,
    "F0883_zSDSS": 14.19161605834961
}