{
    "id": "gaia_xp_spectrum_6094661779620141312-Ref",
    "F0352_uJAVA": 16.864030838012695,
    "F0378": 16.659101486206055,
    "F0395": 16.607133865356445,
    "F0410": 16.089754104614258,
    "F0430": 16.015518188476562,
    "F0475_gSDSS": 15.698423385620117,
    "F0515": 15.536873817443848,
    "F0626_rSDSS": 15.240832328796387,
    "F0660": 15.208757400512695,
    "F0769_iSDSS": 15.094276428222656,
    "F0861": 15.068853378295898,
    "F0883_zSDSS": 15.042113304138184
}