{
    "id": "gaia_xp_spectrum_6094658343646264192-Ref",
    "F0352_uJAVA": 16.802318572998047,
    "F0378": 16.577865600585938,
    "F0395": 16.472885131835938,
    "F0410": 15.949163436889648,
    "F0430": 15.860283851623535,
    "F0475_gSDSS": 15.56872844696045,
    "F0515": 15.398859977722168,
    "F0626_rSDSS": 15.110675811767578,
    "F0660": 15.074756622314453,
    "F0769_iSDSS": 14.958795547485352,
    "F0861": 14.928491592407227,
    "F0883_zSDSS": 14.903223991394043
}