{
    "id": "gaia_xp_spectrum_6094671022389963904-Ref",
    "F0352_uJAVA": 16.68984031677246,
    "F0378": 16.532381057739258,
    "F0395": 16.51055335998535,
    "F0410": 15.786226272583008,
    "F0430": 15.68112564086914,
    "F0475_gSDSS": 15.12071418762207,
    "F0515": 14.884121894836426,
    "F0626_rSDSS": 14.36610221862793,
    "F0660": 14.268603324890137,
    "F0769_iSDSS": 14.070871353149414,
    "F0861": 13.963229179382324,
    "F0883_zSDSS": 13.917566299438477
}