{
    "id": "gaia_xp_spectrum_6094743006042180224-Ref",
    "F0352_uJAVA": 16.284526824951172,
    "F0378": 16.05863380432129,
    "F0395": 15.9507417678833,
    "F0410": 15.592425346374512,
    "F0430": 15.527923583984375,
    "F0475_gSDSS": 15.247590065002441,
    "F0515": 15.088717460632324,
    "F0626_rSDSS": 14.82625961303711,
    "F0660": 14.79487419128418,
    "F0769_iSDSS": 14.68796157836914,
    "F0861": 14.651162147521973,
    "F0883_zSDSS": 14.63580322265625
}