{
    "id": "gaia_xp_spectrum_6094726994405031552-Ref",
    "F0352_uJAVA": 16.936479568481445,
    "F0378": 16.783342361450195,
    "F0395": 16.64388084411621,
    "F0410": 16.165618896484375,
    "F0430": 16.093111038208008,
    "F0475_gSDSS": 15.75084400177002,
    "F0515": 15.577006340026855,
    "F0626_rSDSS": 15.261110305786133,
    "F0660": 15.200935363769531,
    "F0769_iSDSS": 15.104060173034668,
    "F0861": 15.074328422546387,
    "F0883_zSDSS": 15.044384956359863
}