{
    "id": "gaia_xp_spectrum_6094742765523942144-Ref",
    "F0352_uJAVA": 16.626325607299805,
    "F0378": 16.555313110351562,
    "F0395": 16.422090530395508,
    "F0410": 15.777078628540039,
    "F0430": 15.697117805480957,
    "F0475_gSDSS": 15.28905963897705,
    "F0515": 15.117976188659668,
    "F0626_rSDSS": 14.753131866455078,
    "F0660": 14.69303035736084,
    "F0769_iSDSS": 14.59574031829834,
    "F0861": 14.557050704956055,
    "F0883_zSDSS": 14.5330228805542
}