{
    "id": "gaia_xp_spectrum_6094722355839387648-Ref",
    "F0352_uJAVA": 16.338293075561523,
    "F0378": 16.26711654663086,
    "F0395": 16.046730041503906,
    "F0410": 15.454923629760742,
    "F0430": 15.351576805114746,
    "F0475_gSDSS": 14.953228950500488,
    "F0515": 14.767313957214355,
    "F0626_rSDSS": 14.383679389953613,
    "F0660": 14.322517395019531,
    "F0769_iSDSS": 14.208841323852539,
    "F0861": 14.172497749328613,
    "F0883_zSDSS": 14.133444786071777
}