{
    "id": "gaia_xp_spectrum_6094721806083505280-Ref",
    "F0352_uJAVA": 16.777101516723633,
    "F0378": 16.556150436401367,
    "F0395": 16.44133186340332,
    "F0410": 15.924104690551758,
    "F0430": 15.834400177001953,
    "F0475_gSDSS": 15.483160972595215,
    "F0515": 15.292842864990234,
    "F0626_rSDSS": 14.971957206726074,
    "F0660": 14.925617218017578,
    "F0769_iSDSS": 14.814180374145508,
    "F0861": 14.777934074401855,
    "F0883_zSDSS": 14.748685836791992
}