{
    "id": "gaia_xp_spectrum_6094662088857812736-Ref",
    "F0352_uJAVA": 16.5512752532959,
    "F0378": 16.4340877532959,
    "F0395": 16.336353302001953,
    "F0410": 15.73697566986084,
    "F0430": 15.659512519836426,
    "F0475_gSDSS": 15.259818077087402,
    "F0515": 15.073898315429688,
    "F0626_rSDSS": 14.704959869384766,
    "F0660": 14.64811897277832,
    "F0769_iSDSS": 14.526448249816895,
    "F0861": 14.486213684082031,
    "F0883_zSDSS": 14.45452880859375
}