{
    "id": "gaia_xp_spectrum_6094661710900644736-Ref",
    "F0352_uJAVA": 16.600276947021484,
    "F0378": 16.36556053161621,
    "F0395": 16.269384384155273,
    "F0410": 15.871333122253418,
    "F0430": 15.81256103515625,
    "F0475_gSDSS": 15.522869110107422,
    "F0515": 15.366060256958008,
    "F0626_rSDSS": 15.08984088897705,
    "F0660": 15.063669204711914,
    "F0769_iSDSS": 14.9428071975708,
    "F0861": 14.915502548217773,
    "F0883_zSDSS": 14.889303207397461
}