{
    "id": "gaia_xp_spectrum_6094663566326496768-Ref",
    "F0352_uJAVA": 15.960270881652832,
    "F0378": 15.746377944946289,
    "F0395": 15.61290168762207,
    "F0410": 15.15656852722168,
    "F0430": 15.081933975219727,
    "F0475_gSDSS": 14.789015769958496,
    "F0515": 14.643084526062012,
    "F0626_rSDSS": 14.355809211730957,
    "F0660": 14.329400062561035,
    "F0769_iSDSS": 14.231457710266113,
    "F0861": 14.210592269897461,
    "F0883_zSDSS": 14.185250282287598
}