{
    "id": "gaia_xp_spectrum_6094735240741385216-Ref",
    "F0352_uJAVA": 16.451587677001953,
    "F0378": 16.426565170288086,
    "F0395": 16.227951049804688,
    "F0410": 15.655536651611328,
    "F0430": 15.601826667785645,
    "F0475_gSDSS": 15.199596405029297,
    "F0515": 15.011399269104004,
    "F0626_rSDSS": 14.679339408874512,
    "F0660": 14.628090858459473,
    "F0769_iSDSS": 14.53001880645752,
    "F0861": 14.50546932220459,
    "F0883_zSDSS": 14.469588279724121
}