{
    "id": "gaia_xp_spectrum_6094670816231600256-Ref",
    "F0352_uJAVA": 15.685412406921387,
    "F0378": 15.536947250366211,
    "F0395": 15.412442207336426,
    "F0410": 14.903676986694336,
    "F0430": 14.850852012634277,
    "F0475_gSDSS": 14.519120216369629,
    "F0515": 14.35372543334961,
    "F0626_rSDSS": 14.082477569580078,
    "F0660": 14.058706283569336,
    "F0769_iSDSS": 13.963438034057617,
    "F0861": 13.94970703125,
    "F0883_zSDSS": 13.925893783569336
}