{
    "id": "gaia_xp_spectrum_6094724211265332864-Ref",
    "F0352_uJAVA": 16.792987823486328,
    "F0378": 16.723512649536133,
    "F0395": 16.5316219329834,
    "F0410": 15.908794403076172,
    "F0430": 15.836296081542969,
    "F0475_gSDSS": 15.44947624206543,
    "F0515": 15.263108253479004,
    "F0626_rSDSS": 14.909195899963379,
    "F0660": 14.866288185119629,
    "F0769_iSDSS": 14.7454252243042,
    "F0861": 14.711995124816895,
    "F0883_zSDSS": 14.681538581848145
}