{
    "id": "gaia_xp_spectrum_6094729124707889152-Ref",
    "F0352_uJAVA": 16.289581298828125,
    "F0378": 16.037586212158203,
    "F0395": 15.879348754882812,
    "F0410": 15.476889610290527,
    "F0430": 15.404336929321289,
    "F0475_gSDSS": 15.141316413879395,
    "F0515": 14.985594749450684,
    "F0626_rSDSS": 14.747011184692383,
    "F0660": 14.731717109680176,
    "F0769_iSDSS": 14.630350112915039,
    "F0861": 14.627881050109863,
    "F0883_zSDSS": 14.59201717376709
}