{
    "id": "gaia_xp_spectrum_6094735103302392064-Ref",
    "F0352_uJAVA": 16.38728141784668,
    "F0378": 16.394271850585938,
    "F0395": 16.227590560913086,
    "F0410": 15.543319702148438,
    "F0430": 15.458699226379395,
    "F0475_gSDSS": 14.966767311096191,
    "F0515": 14.795412063598633,
    "F0626_rSDSS": 14.336922645568848,
    "F0660": 14.273404121398926,
    "F0769_iSDSS": 14.136531829833984,
    "F0861": 14.080824851989746,
    "F0883_zSDSS": 14.047223091125488
}