{
    "id": "gaia_xp_spectrum_6094653705081606272-Ref",
    "F0352_uJAVA": 16.74039649963379,
    "F0378": 16.429059982299805,
    "F0395": 16.309478759765625,
    "F0410": 15.931158065795898,
    "F0430": 15.8670654296875,
    "F0475_gSDSS": 15.633099555969238,
    "F0515": 15.497133255004883,
    "F0626_rSDSS": 15.271859169006348,
    "F0660": 15.246174812316895,
    "F0769_iSDSS": 15.168233871459961,
    "F0861": 15.14404296875,
    "F0883_zSDSS": 15.126374244689941
}