{
    "id": "gaia_xp_spectrum_6094723038733942272-Ref",
    "F0352_uJAVA": 16.17241096496582,
    "F0378": 16.0706787109375,
    "F0395": 15.92274284362793,
    "F0410": 15.252460479736328,
    "F0430": 15.171631813049316,
    "F0475_gSDSS": 14.728610038757324,
    "F0515": 14.540121078491211,
    "F0626_rSDSS": 14.144357681274414,
    "F0660": 14.092531204223633,
    "F0769_iSDSS": 13.969292640686035,
    "F0861": 13.928610801696777,
    "F0883_zSDSS": 13.895838737487793
}