{
    "id": "gaia_xp_spectrum_6094736168454320640-Ref",
    "F0352_uJAVA": 16.191133499145508,
    "F0378": 15.976812362670898,
    "F0395": 15.92678451538086,
    "F0410": 15.335463523864746,
    "F0430": 15.246439933776855,
    "F0475_gSDSS": 14.934823989868164,
    "F0515": 14.774909019470215,
    "F0626_rSDSS": 14.476127624511719,
    "F0660": 14.438983917236328,
    "F0769_iSDSS": 14.352340698242188,
    "F0861": 14.337380409240723,
    "F0883_zSDSS": 14.309211730957031
}