{
    "id": "gaia_xp_spectrum_6094670163396498048-Ref",
    "F0352_uJAVA": 15.927410125732422,
    "F0378": 15.646295547485352,
    "F0395": 15.554558753967285,
    "F0410": 15.081345558166504,
    "F0430": 15.007944107055664,
    "F0475_gSDSS": 14.704090118408203,
    "F0515": 14.540312767028809,
    "F0626_rSDSS": 14.257367134094238,
    "F0660": 14.2365140914917,
    "F0769_iSDSS": 14.11988353729248,
    "F0861": 14.089235305786133,
    "F0883_zSDSS": 14.068489074707031
}