{
    "id": "gaia_xp_spectrum_6094654426636197248-Ref",
    "F0352_uJAVA": 16.617753982543945,
    "F0378": 16.370756149291992,
    "F0395": 16.316373825073242,
    "F0410": 15.868185997009277,
    "F0430": 15.826467514038086,
    "F0475_gSDSS": 15.50162410736084,
    "F0515": 15.335173606872559,
    "F0626_rSDSS": 15.04472541809082,
    "F0660": 15.004404067993164,
    "F0769_iSDSS": 14.883249282836914,
    "F0861": 14.841466903686523,
    "F0883_zSDSS": 14.820703506469727
}