{
    "id": "gaia_xp_spectrum_6094662088857813120-Ref",
    "F0352_uJAVA": 16.040002822875977,
    "F0378": 15.79537296295166,
    "F0395": 15.640498161315918,
    "F0410": 15.239259719848633,
    "F0430": 15.161285400390625,
    "F0475_gSDSS": 14.880702018737793,
    "F0515": 14.721183776855469,
    "F0626_rSDSS": 14.454838752746582,
    "F0660": 14.425251960754395,
    "F0769_iSDSS": 14.324199676513672,
    "F0861": 14.298715591430664,
    "F0883_zSDSS": 14.275333404541016
}