{
    "id": "gaia_xp_spectrum_6094722287119897984-Ref",
    "F0352_uJAVA": 16.334901809692383,
    "F0378": 16.214759826660156,
    "F0395": 16.03915786743164,
    "F0410": 15.439884185791016,
    "F0430": 15.315434455871582,
    "F0475_gSDSS": 14.931493759155273,
    "F0515": 14.745230674743652,
    "F0626_rSDSS": 14.377250671386719,
    "F0660": 14.319865226745605,
    "F0769_iSDSS": 14.209197044372559,
    "F0861": 14.169029235839844,
    "F0883_zSDSS": 14.138557434082031
}