{
    "id": "gaia_xp_spectrum_6094663119650016384-Ref",
    "F0352_uJAVA": 16.920101165771484,
    "F0378": 16.776100158691406,
    "F0395": 16.62428855895996,
    "F0410": 15.987006187438965,
    "F0430": 15.895051002502441,
    "F0475_gSDSS": 15.450469017028809,
    "F0515": 15.251748085021973,
    "F0626_rSDSS": 14.859582901000977,
    "F0660": 14.805547714233398,
    "F0769_iSDSS": 14.679040908813477,
    "F0861": 14.636373519897461,
    "F0883_zSDSS": 14.601102828979492
}