{
    "id": "gaia_xp_spectrum_6094658515444945536-Ref",
    "F0352_uJAVA": 16.104358673095703,
    "F0378": 15.988845825195312,
    "F0395": 15.922101020812988,
    "F0410": 15.295024871826172,
    "F0430": 15.253142356872559,
    "F0475_gSDSS": 14.8739595413208,
    "F0515": 14.6968355178833,
    "F0626_rSDSS": 14.382478713989258,
    "F0660": 14.339455604553223,
    "F0769_iSDSS": 14.242618560791016,
    "F0861": 14.217680931091309,
    "F0883_zSDSS": 14.192635536193848
}