{
    "id": "gaia_xp_spectrum_6094724275684518144-Ref",
    "F0352_uJAVA": 15.57825756072998,
    "F0378": 15.210896492004395,
    "F0395": 14.891802787780762,
    "F0410": 14.605609893798828,
    "F0430": 14.522507667541504,
    "F0475_gSDSS": 14.3611421585083,
    "F0515": 14.252426147460938,
    "F0626_rSDSS": 14.10503101348877,
    "F0660": 14.119257926940918,
    "F0769_iSDSS": 14.061141014099121,
    "F0861": 14.074872970581055,
    "F0883_zSDSS": 14.049318313598633
}