{
    "id": "gaia_xp_spectrum_6094668956505866240-Ref",
    "F0352_uJAVA": 16.378131866455078,
    "F0378": 16.44590950012207,
    "F0395": 16.342086791992188,
    "F0410": 15.496761322021484,
    "F0430": 15.427515983581543,
    "F0475_gSDSS": 14.871522903442383,
    "F0515": 14.70936393737793,
    "F0626_rSDSS": 14.180253028869629,
    "F0660": 14.100360870361328,
    "F0769_iSDSS": 13.956463813781738,
    "F0861": 13.889662742614746,
    "F0883_zSDSS": 13.85094165802002
}