{
    "id": "gaia_xp_spectrum_6094694455731673088-Ref",
    "F0352_uJAVA": 16.315166473388672,
    "F0378": 16.189863204956055,
    "F0395": 16.154735565185547,
    "F0410": 15.550246238708496,
    "F0430": 15.485751152038574,
    "F0475_gSDSS": 15.101265907287598,
    "F0515": 14.923654556274414,
    "F0626_rSDSS": 14.58294677734375,
    "F0660": 14.538899421691895,
    "F0769_iSDSS": 14.426051139831543,
    "F0861": 14.381413459777832,
    "F0883_zSDSS": 14.354293823242188
}