{
    "id": "gaia_xp_spectrum_6094667792574398080-Ref",
    "F0352_uJAVA": 16.896072387695312,
    "F0378": 16.683361053466797,
    "F0395": 16.60469627380371,
    "F0410": 16.1137638092041,
    "F0430": 16.03770637512207,
    "F0475_gSDSS": 15.698141098022461,
    "F0515": 15.532976150512695,
    "F0626_rSDSS": 15.207099914550781,
    "F0660": 15.154913902282715,
    "F0769_iSDSS": 15.046172142028809,
    "F0861": 15.004632949829102,
    "F0883_zSDSS": 14.983383178710938
}