{
    "id": "gaia_xp_spectrum_6094661779620152320-Ref",
    "F0352_uJAVA": 16.334760665893555,
    "F0378": 16.19240951538086,
    "F0395": 16.066513061523438,
    "F0410": 15.47676944732666,
    "F0430": 15.418079376220703,
    "F0475_gSDSS": 15.063694953918457,
    "F0515": 14.885584831237793,
    "F0626_rSDSS": 14.572701454162598,
    "F0660": 14.543108940124512,
    "F0769_iSDSS": 14.425219535827637,
    "F0861": 14.395240783691406,
    "F0883_zSDSS": 14.365442276000977
}