{
    "id": "gaia_xp_spectrum_6094727578520590464-Ref",
    "F0352_uJAVA": 16.719486236572266,
    "F0378": 16.464920043945312,
    "F0395": 16.391033172607422,
    "F0410": 15.9492826461792,
    "F0430": 15.886641502380371,
    "F0475_gSDSS": 15.574735641479492,
    "F0515": 15.401724815368652,
    "F0626_rSDSS": 15.112143516540527,
    "F0660": 15.06375789642334,
    "F0769_iSDSS": 14.955137252807617,
    "F0861": 14.924077987670898,
    "F0883_zSDSS": 14.89322566986084
}