{
    "id": "gaia_xp_spectrum_6094694966828709760-Ref",
    "F0352_uJAVA": 16.323139190673828,
    "F0378": 16.169918060302734,
    "F0395": 16.10848045349121,
    "F0410": 15.567781448364258,
    "F0430": 15.538920402526855,
    "F0475_gSDSS": 15.149496078491211,
    "F0515": 14.95803165435791,
    "F0626_rSDSS": 14.620514869689941,
    "F0660": 14.567961692810059,
    "F0769_iSDSS": 14.433941841125488,
    "F0861": 14.375519752502441,
    "F0883_zSDSS": 14.346567153930664
}