{
    "id": "gaia_xp_spectrum_6094669579280940800-Ref",
    "F0352_uJAVA": 15.672941207885742,
    "F0378": 15.439885139465332,
    "F0395": 15.284385681152344,
    "F0410": 14.938260078430176,
    "F0430": 14.889074325561523,
    "F0475_gSDSS": 14.62472152709961,
    "F0515": 14.478446960449219,
    "F0626_rSDSS": 14.250843048095703,
    "F0660": 14.230547904968262,
    "F0769_iSDSS": 14.141011238098145,
    "F0861": 14.123894691467285,
    "F0883_zSDSS": 14.108460426330566
}