{
    "id": "gaia_xp_spectrum_6094691225916193536-Ref",
    "F0352_uJAVA": 16.25665855407715,
    "F0378": 16.16632080078125,
    "F0395": 16.133777618408203,
    "F0410": 15.487610816955566,
    "F0430": 15.459291458129883,
    "F0475_gSDSS": 15.031476020812988,
    "F0515": 14.849326133728027,
    "F0626_rSDSS": 14.49920654296875,
    "F0660": 14.448858261108398,
    "F0769_iSDSS": 14.3317232131958,
    "F0861": 14.287334442138672,
    "F0883_zSDSS": 14.260104179382324
}