{
    "id": "gaia_xp_spectrum_6094760082832320896-Ref",
    "F0352_uJAVA": 16.32077407836914,
    "F0378": 16.15935707092285,
    "F0395": 15.976627349853516,
    "F0410": 15.509961128234863,
    "F0430": 15.397311210632324,
    "F0475_gSDSS": 15.0626802444458,
    "F0515": 14.901644706726074,
    "F0626_rSDSS": 14.578648567199707,
    "F0660": 14.547199249267578,
    "F0769_iSDSS": 14.432671546936035,
    "F0861": 14.402195930480957,
    "F0883_zSDSS": 14.375164985656738
}