{
    "id": "gaia_xp_spectrum_6094742937322687616-Ref",
    "F0352_uJAVA": 16.560911178588867,
    "F0378": 16.552387237548828,
    "F0395": 16.34542465209961,
    "F0410": 15.633638381958008,
    "F0430": 15.594220161437988,
    "F0475_gSDSS": 15.123695373535156,
    "F0515": 14.944144248962402,
    "F0626_rSDSS": 14.541107177734375,
    "F0660": 14.486467361450195,
    "F0769_iSDSS": 14.377188682556152,
    "F0861": 14.335654258728027,
    "F0883_zSDSS": 14.303960800170898
}