{
    "id": "gaia_xp_spectrum_6094668136174239104-Ref",
    "F0352_uJAVA": 16.864273071289062,
    "F0378": 16.67632293701172,
    "F0395": 16.58592987060547,
    "F0410": 16.073463439941406,
    "F0430": 15.969259262084961,
    "F0475_gSDSS": 15.6635160446167,
    "F0515": 15.507858276367188,
    "F0626_rSDSS": 15.195698738098145,
    "F0660": 15.158169746398926,
    "F0769_iSDSS": 15.040820121765137,
    "F0861": 15.003464698791504,
    "F0883_zSDSS": 14.982470512390137
}