{
    "id": "gaia_xp_spectrum_6094666005868046336-Ref",
    "F0352_uJAVA": 16.097339630126953,
    "F0378": 15.870036125183105,
    "F0395": 15.763313293457031,
    "F0410": 15.353052139282227,
    "F0430": 15.29015827178955,
    "F0475_gSDSS": 15.007606506347656,
    "F0515": 14.857181549072266,
    "F0626_rSDSS": 14.594547271728516,
    "F0660": 14.562143325805664,
    "F0769_iSDSS": 14.466888427734375,
    "F0861": 14.437182426452637,
    "F0883_zSDSS": 14.420299530029297
}