{
    "id": "gaia_xp_spectrum_6094660748827958528-Ref",
    "F0352_uJAVA": 16.08610725402832,
    "F0378": 15.998679161071777,
    "F0395": 15.891297340393066,
    "F0410": 15.2766695022583,
    "F0430": 15.206989288330078,
    "F0475_gSDSS": 14.788267135620117,
    "F0515": 14.605257987976074,
    "F0626_rSDSS": 14.248485565185547,
    "F0660": 14.190564155578613,
    "F0769_iSDSS": 14.087767601013184,
    "F0861": 14.050358772277832,
    "F0883_zSDSS": 14.024828910827637
}