{
    "id": "gaia_xp_spectrum_6094661813982359808-Ref",
    "F0352_uJAVA": 16.92133903503418,
    "F0378": 16.75189208984375,
    "F0395": 16.736648559570312,
    "F0410": 16.212690353393555,
    "F0430": 16.146421432495117,
    "F0475_gSDSS": 15.822175979614258,
    "F0515": 15.658886909484863,
    "F0626_rSDSS": 15.356868743896484,
    "F0660": 15.316094398498535,
    "F0769_iSDSS": 15.202520370483398,
    "F0861": 15.163105964660645,
    "F0883_zSDSS": 15.13804817199707
}