{
    "id": "gaia_xp_spectrum_6094653705081612288-Ref",
    "F0352_uJAVA": 16.58504867553711,
    "F0378": 16.57330894470215,
    "F0395": 16.42715072631836,
    "F0410": 15.860453605651855,
    "F0430": 15.785377502441406,
    "F0475_gSDSS": 15.35997486114502,
    "F0515": 15.185476303100586,
    "F0626_rSDSS": 14.799054145812988,
    "F0660": 14.743087768554688,
    "F0769_iSDSS": 14.625791549682617,
    "F0861": 14.581526756286621,
    "F0883_zSDSS": 14.546432495117188
}