{
    "id": "gaia_xp_spectrum_6094668239251077760-Ref",
    "F0352_uJAVA": 15.80169677734375,
    "F0378": 15.640434265136719,
    "F0395": 15.573553085327148,
    "F0410": 15.14235782623291,
    "F0430": 15.083904266357422,
    "F0475_gSDSS": 14.787168502807617,
    "F0515": 14.628612518310547,
    "F0626_rSDSS": 14.349166870117188,
    "F0660": 14.306989669799805,
    "F0769_iSDSS": 14.214869499206543,
    "F0861": 14.191843032836914,
    "F0883_zSDSS": 14.12943172454834
}