{
    "id": "gaia_xp_spectrum_6094670129036745344-Ref",
    "F0352_uJAVA": 16.69525909423828,
    "F0378": 16.588016510009766,
    "F0395": 16.461572647094727,
    "F0410": 15.856581687927246,
    "F0430": 15.794371604919434,
    "F0475_gSDSS": 15.417094230651855,
    "F0515": 15.237324714660645,
    "F0626_rSDSS": 14.9006986618042,
    "F0660": 14.838846206665039,
    "F0769_iSDSS": 14.73409652709961,
    "F0861": 14.690568923950195,
    "F0883_zSDSS": 14.667494773864746
}