{
    "id": "gaia_xp_spectrum_6094723489710826112-Ref",
    "F0352_uJAVA": 16.38467025756836,
    "F0378": 16.172836303710938,
    "F0395": 16.121662139892578,
    "F0410": 15.609137535095215,
    "F0430": 15.564239501953125,
    "F0475_gSDSS": 15.205340385437012,
    "F0515": 15.035818099975586,
    "F0626_rSDSS": 14.724440574645996,
    "F0660": 14.68373966217041,
    "F0769_iSDSS": 14.571139335632324,
    "F0861": 14.525357246398926,
    "F0883_zSDSS": 14.506888389587402
}