{
    "id": "gaia_xp_spectrum_6094667071019995136-Ref",
    "F0352_uJAVA": 16.650564193725586,
    "F0378": 16.436477661132812,
    "F0395": 16.37055206298828,
    "F0410": 15.774630546569824,
    "F0430": 15.684741020202637,
    "F0475_gSDSS": 15.316706657409668,
    "F0515": 15.15281867980957,
    "F0626_rSDSS": 14.8073148727417,
    "F0660": 14.773965835571289,
    "F0769_iSDSS": 14.663039207458496,
    "F0861": 14.625105857849121,
    "F0883_zSDSS": 14.607965469360352
}