{
    "id": "gaia_xp_spectrum_6094693008323479552-Ref",
    "F0352_uJAVA": 16.732187271118164,
    "F0378": 16.454345703125,
    "F0395": 16.335359573364258,
    "F0410": 15.939467430114746,
    "F0430": 15.853763580322266,
    "F0475_gSDSS": 15.559674263000488,
    "F0515": 15.387513160705566,
    "F0626_rSDSS": 15.120689392089844,
    "F0660": 15.070627212524414,
    "F0769_iSDSS": 14.974969863891602,
    "F0861": 14.939974784851074,
    "F0883_zSDSS": 14.91756534576416
}