{
    "id": "gaia_xp_spectrum_6094665249953772160-Ref",
    "F0352_uJAVA": 16.064939498901367,
    "F0378": 15.877080917358398,
    "F0395": 15.733526229858398,
    "F0410": 15.228557586669922,
    "F0430": 15.148353576660156,
    "F0475_gSDSS": 14.80762767791748,
    "F0515": 14.636808395385742,
    "F0626_rSDSS": 14.326356887817383,
    "F0660": 14.283172607421875,
    "F0769_iSDSS": 14.183491706848145,
    "F0861": 14.158398628234863,
    "F0883_zSDSS": 14.127327919006348
}