{
    "id": "gaia_xp_spectrum_6094722355841879552-Ref",
    "F0352_uJAVA": 16.71819305419922,
    "F0378": 16.503217697143555,
    "F0395": 16.344045639038086,
    "F0410": 15.81617259979248,
    "F0430": 15.747955322265625,
    "F0475_gSDSS": 15.431815147399902,
    "F0515": 15.272786140441895,
    "F0626_rSDSS": 14.970612525939941,
    "F0660": 14.939990043640137,
    "F0769_iSDSS": 14.840173721313477,
    "F0861": 14.817643165588379,
    "F0883_zSDSS": 14.7926664352417
}