{
    "id": "gaia_xp_spectrum_6094738951593211520-Ref",
    "F0352_uJAVA": 16.54891586303711,
    "F0378": 16.569805145263672,
    "F0395": 16.356904983520508,
    "F0410": 15.666717529296875,
    "F0430": 15.491291999816895,
    "F0475_gSDSS": 14.899730682373047,
    "F0515": 14.756782531738281,
    "F0626_rSDSS": 14.069937705993652,
    "F0660": 13.939781188964844,
    "F0769_iSDSS": 13.748175621032715,
    "F0861": 13.637014389038086,
    "F0883_zSDSS": 13.584678649902344
}