{
    "id": "gaia_xp_spectrum_6094661985778582144-Ref",
    "F0352_uJAVA": 16.49100685119629,
    "F0378": 16.347166061401367,
    "F0395": 16.2736873626709,
    "F0410": 15.711710929870605,
    "F0430": 15.6531400680542,
    "F0475_gSDSS": 15.287248611450195,
    "F0515": 15.111433029174805,
    "F0626_rSDSS": 14.770665168762207,
    "F0660": 14.72494888305664,
    "F0769_iSDSS": 14.595349311828613,
    "F0861": 14.544934272766113,
    "F0883_zSDSS": 14.519576072692871
}