{
    "id": "gaia_xp_spectrum_6094744174273330944-Ref",
    "F0352_uJAVA": 16.626230239868164,
    "F0378": 16.55883026123047,
    "F0395": 16.349931716918945,
    "F0410": 15.768219947814941,
    "F0430": 15.69920539855957,
    "F0475_gSDSS": 15.24659538269043,
    "F0515": 15.053191184997559,
    "F0626_rSDSS": 14.643040657043457,
    "F0660": 14.579763412475586,
    "F0769_iSDSS": 14.442398071289062,
    "F0861": 14.374629974365234,
    "F0883_zSDSS": 14.341948509216309
}