{
    "id": "gaia_xp_spectrum_6094662226296718848-Ref",
    "F0352_uJAVA": 16.538660049438477,
    "F0378": 16.35209846496582,
    "F0395": 16.259159088134766,
    "F0410": 15.730627059936523,
    "F0430": 15.66357421875,
    "F0475_gSDSS": 15.319859504699707,
    "F0515": 15.151329040527344,
    "F0626_rSDSS": 14.848312377929688,
    "F0660": 14.812737464904785,
    "F0769_iSDSS": 14.698874473571777,
    "F0861": 14.669915199279785,
    "F0883_zSDSS": 14.64186954498291
}