{
    "id": "gaia_xp_spectrum_6094653533282916480-Ref",
    "F0352_uJAVA": 16.69475555419922,
    "F0378": 16.67652130126953,
    "F0395": 16.547374725341797,
    "F0410": 15.854716300964355,
    "F0430": 15.792118072509766,
    "F0475_gSDSS": 15.325627326965332,
    "F0515": 15.139586448669434,
    "F0626_rSDSS": 14.731291770935059,
    "F0660": 14.65778636932373,
    "F0769_iSDSS": 14.552835464477539,
    "F0861": 14.505855560302734,
    "F0883_zSDSS": 14.478887557983398
}