{
    "id": "gaia_xp_spectrum_6094726753886852864-Ref",
    "F0352_uJAVA": 16.96576690673828,
    "F0378": 16.82262420654297,
    "F0395": 16.726783752441406,
    "F0410": 16.139375686645508,
    "F0430": 16.05880355834961,
    "F0475_gSDSS": 15.685659408569336,
    "F0515": 15.523432731628418,
    "F0626_rSDSS": 15.171114921569824,
    "F0660": 15.142145156860352,
    "F0769_iSDSS": 15.022201538085938,
    "F0861": 15.002799987792969,
    "F0883_zSDSS": 14.965545654296875
}