{
    "id": "gaia_xp_spectrum_6094671400347169408-Ref",
    "F0352_uJAVA": 16.822311401367188,
    "F0378": 16.6048641204834,
    "F0395": 16.57720947265625,
    "F0410": 15.965605735778809,
    "F0430": 15.881577491760254,
    "F0475_gSDSS": 15.519828796386719,
    "F0515": 15.342437744140625,
    "F0626_rSDSS": 15.027352333068848,
    "F0660": 14.984896659851074,
    "F0769_iSDSS": 14.891608238220215,
    "F0861": 14.862000465393066,
    "F0883_zSDSS": 14.84341049194336
}