{
    "id": "gaia_xp_spectrum_6094661058065636736-Ref",
    "F0352_uJAVA": 17.02273941040039,
    "F0378": 16.818836212158203,
    "F0395": 16.68204116821289,
    "F0410": 16.163408279418945,
    "F0430": 16.0822811126709,
    "F0475_gSDSS": 15.7654390335083,
    "F0515": 15.596061706542969,
    "F0626_rSDSS": 15.301111221313477,
    "F0660": 15.273167610168457,
    "F0769_iSDSS": 15.164093017578125,
    "F0861": 15.140605926513672,
    "F0883_zSDSS": 15.115622520446777
}