{
    "id": "gaia_xp_spectrum_6094664695900332800-Ref",
    "F0352_uJAVA": 16.908952713012695,
    "F0378": 16.823486328125,
    "F0395": 16.704769134521484,
    "F0410": 16.058815002441406,
    "F0430": 16.00248908996582,
    "F0475_gSDSS": 15.571712493896484,
    "F0515": 15.383487701416016,
    "F0626_rSDSS": 15.000333786010742,
    "F0660": 14.936025619506836,
    "F0769_iSDSS": 14.82190227508545,
    "F0861": 14.77323055267334,
    "F0883_zSDSS": 14.740854263305664
}