{
    "id": "gaia_xp_spectrum_6094670949371283712-Ref",
    "F0352_uJAVA": 16.777414321899414,
    "F0378": 16.70991325378418,
    "F0395": 16.634733200073242,
    "F0410": 15.980783462524414,
    "F0430": 15.920153617858887,
    "F0475_gSDSS": 15.404163360595703,
    "F0515": 15.199758529663086,
    "F0626_rSDSS": 14.74486255645752,
    "F0660": 14.658358573913574,
    "F0769_iSDSS": 14.506601333618164,
    "F0861": 14.421188354492188,
    "F0883_zSDSS": 14.386695861816406
}