{
    "id": "gaia_xp_spectrum_6094721943522455424-Ref",
    "F0352_uJAVA": 16.120010375976562,
    "F0378": 16.3222713470459,
    "F0395": 16.238483428955078,
    "F0410": 15.553215980529785,
    "F0430": 15.475092887878418,
    "F0475_gSDSS": 14.96718978881836,
    "F0515": 14.749344825744629,
    "F0626_rSDSS": 14.293224334716797,
    "F0660": 14.218223571777344,
    "F0769_iSDSS": 14.05904769897461,
    "F0861": 13.979500770568848,
    "F0883_zSDSS": 13.931602478027344
}