{
    "id": "gaia_xp_spectrum_6094668960805577856-Ref",
    "F0352_uJAVA": 16.843515396118164,
    "F0378": 16.5749568939209,
    "F0395": 16.528430938720703,
    "F0410": 16.05267333984375,
    "F0430": 16.03276824951172,
    "F0475_gSDSS": 15.636774063110352,
    "F0515": 15.462386131286621,
    "F0626_rSDSS": 15.123119354248047,
    "F0660": 15.069751739501953,
    "F0769_iSDSS": 14.966912269592285,
    "F0861": 14.92620849609375,
    "F0883_zSDSS": 14.891087532043457
}