{
    "id": "gaia_xp_spectrum_6094653808160854016-Ref",
    "F0352_uJAVA": 16.643354415893555,
    "F0378": 16.563138961791992,
    "F0395": 16.50275230407715,
    "F0410": 15.883320808410645,
    "F0430": 15.80971622467041,
    "F0475_gSDSS": 15.391189575195312,
    "F0515": 15.209839820861816,
    "F0626_rSDSS": 14.833572387695312,
    "F0660": 14.77420711517334,
    "F0769_iSDSS": 14.66499137878418,
    "F0861": 14.620941162109375,
    "F0883_zSDSS": 14.592220306396484
}