{
    "id": "gaia_xp_spectrum_6094670884951089280-Ref",
    "F0352_uJAVA": 15.861100196838379,
    "F0378": 15.670682907104492,
    "F0395": 15.583036422729492,
    "F0410": 15.088537216186523,
    "F0430": 14.999393463134766,
    "F0475_gSDSS": 14.689696311950684,
    "F0515": 14.528997421264648,
    "F0626_rSDSS": 14.248980522155762,
    "F0660": 14.20836353302002,
    "F0769_iSDSS": 14.120133399963379,
    "F0861": 14.093437194824219,
    "F0883_zSDSS": 14.072272300720215
}