{
    "id": "gaia_xp_spectrum_6094724829740717696-Ref",
    "F0352_uJAVA": 16.639629364013672,
    "F0378": 16.394775390625,
    "F0395": 16.23124122619629,
    "F0410": 15.821627616882324,
    "F0430": 15.762700080871582,
    "F0475_gSDSS": 15.506426811218262,
    "F0515": 15.355340003967285,
    "F0626_rSDSS": 15.124374389648438,
    "F0660": 15.110918998718262,
    "F0769_iSDSS": 15.017720222473145,
    "F0861": 15.003119468688965,
    "F0883_zSDSS": 14.98365306854248
}