{
    "id": "gaia_xp_spectrum_6094723111753638528-Ref",
    "F0352_uJAVA": 16.974973678588867,
    "F0378": 16.84069061279297,
    "F0395": 16.76842498779297,
    "F0410": 16.14341926574707,
    "F0430": 16.078582763671875,
    "F0475_gSDSS": 15.73227596282959,
    "F0515": 15.561552047729492,
    "F0626_rSDSS": 15.227190017700195,
    "F0660": 15.183810234069824,
    "F0769_iSDSS": 15.064249038696289,
    "F0861": 15.02850341796875,
    "F0883_zSDSS": 15.001018524169922
}