{
    "id": "gaia_xp_spectrum_6094734244311357440-Ref",
    "F0352_uJAVA": 16.42717742919922,
    "F0378": 16.297521591186523,
    "F0395": 16.310955047607422,
    "F0410": 15.526310920715332,
    "F0430": 15.422557830810547,
    "F0475_gSDSS": 14.826138496398926,
    "F0515": 14.574682235717773,
    "F0626_rSDSS": 14.015256881713867,
    "F0660": 13.914375305175781,
    "F0769_iSDSS": 13.690802574157715,
    "F0861": 13.569671630859375,
    "F0883_zSDSS": 13.51650333404541
}