{
    "id": "gaia_xp_spectrum_6094671675225114240-Ref",
    "F0352_uJAVA": 16.59362030029297,
    "F0378": 16.617219924926758,
    "F0395": 16.293909072875977,
    "F0410": 15.622041702270508,
    "F0430": 15.493863105773926,
    "F0475_gSDSS": 14.980377197265625,
    "F0515": 14.806324005126953,
    "F0626_rSDSS": 14.331658363342285,
    "F0660": 14.258150100708008,
    "F0769_iSDSS": 14.161974906921387,
    "F0861": 14.1214017868042,
    "F0883_zSDSS": 14.092351913452148
}