{
    "id": "gaia_xp_spectrum_6094654254837473024-Ref",
    "F0352_uJAVA": 16.584550857543945,
    "F0378": 16.4207706451416,
    "F0395": 16.29715919494629,
    "F0410": 15.771326065063477,
    "F0430": 15.70781421661377,
    "F0475_gSDSS": 15.370063781738281,
    "F0515": 15.19204044342041,
    "F0626_rSDSS": 14.90195083618164,
    "F0660": 14.859295845031738,
    "F0769_iSDSS": 14.758057594299316,
    "F0861": 14.724519729614258,
    "F0883_zSDSS": 14.705530166625977
}