{
    "id": "gaia_xp_spectrum_6094691569513633024-Ref",
    "F0352_uJAVA": 16.884559631347656,
    "F0378": 16.573524475097656,
    "F0395": 16.584318161010742,
    "F0410": 16.07052993774414,
    "F0430": 15.988751411437988,
    "F0475_gSDSS": 15.696328163146973,
    "F0515": 15.551904678344727,
    "F0626_rSDSS": 15.266183853149414,
    "F0660": 15.229375839233398,
    "F0769_iSDSS": 15.128809928894043,
    "F0861": 15.098200798034668,
    "F0883_zSDSS": 15.077179908752441
}