{
    "id": "gaia_xp_spectrum_6094723420991998336-Ref",
    "F0352_uJAVA": 16.836809158325195,
    "F0378": 16.661375045776367,
    "F0395": 16.558534622192383,
    "F0410": 16.033161163330078,
    "F0430": 15.954219818115234,
    "F0475_gSDSS": 15.64838981628418,
    "F0515": 15.483105659484863,
    "F0626_rSDSS": 15.19963550567627,
    "F0660": 15.182748794555664,
    "F0769_iSDSS": 15.072966575622559,
    "F0861": 15.049652099609375,
    "F0883_zSDSS": 15.02116870880127
}