{
    "id": "gaia_xp_spectrum_6094691260275947008-Ref",
    "F0352_uJAVA": 16.840045928955078,
    "F0378": 16.879846572875977,
    "F0395": 16.644804000854492,
    "F0410": 15.988239288330078,
    "F0430": 15.902559280395508,
    "F0475_gSDSS": 15.461457252502441,
    "F0515": 15.26553726196289,
    "F0626_rSDSS": 14.892019271850586,
    "F0660": 14.84875202178955,
    "F0769_iSDSS": 14.721381187438965,
    "F0861": 14.67953872680664,
    "F0883_zSDSS": 14.65365219116211
}