{
    "id": "gaia_xp_spectrum_6094663600687402880-Ref",
    "F0352_uJAVA": 16.30820655822754,
    "F0378": 16.131181716918945,
    "F0395": 16.065204620361328,
    "F0410": 15.512636184692383,
    "F0430": 15.443215370178223,
    "F0475_gSDSS": 15.08499813079834,
    "F0515": 14.909729957580566,
    "F0626_rSDSS": 14.601140975952148,
    "F0660": 14.557308197021484,
    "F0769_iSDSS": 14.468964576721191,
    "F0861": 14.444659233093262,
    "F0883_zSDSS": 14.422022819519043
}