{
    "id": "gaia_xp_spectrum_6094724554862772096-Ref",
    "F0352_uJAVA": 16.68242073059082,
    "F0378": 16.40964698791504,
    "F0395": 16.419103622436523,
    "F0410": 15.844752311706543,
    "F0430": 15.769956588745117,
    "F0475_gSDSS": 15.435330390930176,
    "F0515": 15.264860153198242,
    "F0626_rSDSS": 14.934266090393066,
    "F0660": 14.887275695800781,
    "F0769_iSDSS": 14.779967308044434,
    "F0861": 14.742877006530762,
    "F0883_zSDSS": 14.712260246276855
}