{
    "id": "gaia_xp_spectrum_6094725070259637120-Ref",
    "F0352_uJAVA": 16.43467140197754,
    "F0378": 16.32132911682129,
    "F0395": 16.22987937927246,
    "F0410": 15.637371063232422,
    "F0430": 15.566295623779297,
    "F0475_gSDSS": 15.180078506469727,
    "F0515": 15.006597518920898,
    "F0626_rSDSS": 14.644400596618652,
    "F0660": 14.587248802185059,
    "F0769_iSDSS": 14.4655122756958,
    "F0861": 14.417485237121582,
    "F0883_zSDSS": 14.38272476196289
}