{
    "id": "gaia_xp_spectrum_6094678650251874048-Ref",
    "F0352_uJAVA": 16.5749568939209,
    "F0378": 16.414363861083984,
    "F0395": 16.279253005981445,
    "F0410": 15.739949226379395,
    "F0430": 15.636149406433105,
    "F0475_gSDSS": 15.316139221191406,
    "F0515": 15.152092933654785,
    "F0626_rSDSS": 14.837655067443848,
    "F0660": 14.795391082763672,
    "F0769_iSDSS": 14.697823524475098,
    "F0861": 14.672682762145996,
    "F0883_zSDSS": 14.648653984069824
}