{
    "id": "gaia_xp_spectrum_6094747331066864000-Ref",
    "F0352_uJAVA": 15.634995460510254,
    "F0378": 15.339698791503906,
    "F0395": 15.231133460998535,
    "F0410": 14.82315444946289,
    "F0430": 14.742667198181152,
    "F0475_gSDSS": 14.489363670349121,
    "F0515": 14.343506813049316,
    "F0626_rSDSS": 14.094021797180176,
    "F0660": 14.065308570861816,
    "F0769_iSDSS": 13.968855857849121,
    "F0861": 13.940518379211426,
    "F0883_zSDSS": 13.918340682983398
}