{
    "id": "gaia_xp_spectrum_6094728574953006848-Ref",
    "F0352_uJAVA": 16.5612735748291,
    "F0378": 16.420114517211914,
    "F0395": 16.334802627563477,
    "F0410": 15.738934516906738,
    "F0430": 15.660712242126465,
    "F0475_gSDSS": 15.242376327514648,
    "F0515": 15.058588981628418,
    "F0626_rSDSS": 14.696414947509766,
    "F0660": 14.649026870727539,
    "F0769_iSDSS": 14.535110473632812,
    "F0861": 14.508213996887207,
    "F0883_zSDSS": 14.476418495178223
}