{
    "id": "gaia_xp_spectrum_6094664562758943104-Ref",
    "F0352_uJAVA": 16.07151985168457,
    "F0378": 15.87378215789795,
    "F0395": 15.828536033630371,
    "F0410": 15.271589279174805,
    "F0430": 15.207595825195312,
    "F0475_gSDSS": 14.832184791564941,
    "F0515": 14.663647651672363,
    "F0626_rSDSS": 14.32740592956543,
    "F0660": 14.283369064331055,
    "F0769_iSDSS": 14.179439544677734,
    "F0861": 14.148808479309082,
    "F0883_zSDSS": 14.118902206420898
}