{
    "id": "gaia_xp_spectrum_6094693081342968704-Ref",
    "F0352_uJAVA": 16.448774337768555,
    "F0378": 16.20992660522461,
    "F0395": 16.104671478271484,
    "F0410": 15.649650573730469,
    "F0430": 15.571328163146973,
    "F0475_gSDSS": 15.2346830368042,
    "F0515": 15.061286926269531,
    "F0626_rSDSS": 14.759746551513672,
    "F0660": 14.708428382873535,
    "F0769_iSDSS": 14.612967491149902,
    "F0861": 14.572504043579102,
    "F0883_zSDSS": 14.554383277893066
}