{
    "id": "gaia_xp_spectrum_6094695211645927808-Ref",
    "F0352_uJAVA": 16.615020751953125,
    "F0378": 16.357112884521484,
    "F0395": 16.34589385986328,
    "F0410": 15.813923835754395,
    "F0430": 15.730325698852539,
    "F0475_gSDSS": 15.447164535522461,
    "F0515": 15.288885116577148,
    "F0626_rSDSS": 15.028486251831055,
    "F0660": 15.006431579589844,
    "F0769_iSDSS": 14.905041694641113,
    "F0861": 14.885961532592773,
    "F0883_zSDSS": 14.862205505371094
}