{
    "id": "gaia_xp_spectrum_6094651609137506560-Ref",
    "F0352_uJAVA": 16.67900276184082,
    "F0378": 16.652334213256836,
    "F0395": 16.55314826965332,
    "F0410": 15.831427574157715,
    "F0430": 15.751752853393555,
    "F0475_gSDSS": 15.266915321350098,
    "F0515": 15.072731971740723,
    "F0626_rSDSS": 14.629729270935059,
    "F0660": 14.557950019836426,
    "F0769_iSDSS": 14.41805362701416,
    "F0861": 14.356973648071289,
    "F0883_zSDSS": 14.320563316345215
}