{
    "id": "gaia_xp_spectrum_6094725723094676992-Ref",
    "F0352_uJAVA": 17.01355743408203,
    "F0378": 16.841720581054688,
    "F0395": 16.75416374206543,
    "F0410": 16.249418258666992,
    "F0430": 16.190412521362305,
    "F0475_gSDSS": 15.851628303527832,
    "F0515": 15.681480407714844,
    "F0626_rSDSS": 15.373136520385742,
    "F0660": 15.326663970947266,
    "F0769_iSDSS": 15.215974807739258,
    "F0861": 15.187045097351074,
    "F0883_zSDSS": 15.154985427856445
}