{
    "id": "gaia_xp_spectrum_6094651987095835008-Ref",
    "F0352_uJAVA": 16.624122619628906,
    "F0378": 16.521408081054688,
    "F0395": 16.311338424682617,
    "F0410": 15.811291694641113,
    "F0430": 15.722975730895996,
    "F0475_gSDSS": 15.377433776855469,
    "F0515": 15.205936431884766,
    "F0626_rSDSS": 14.883761405944824,
    "F0660": 14.839090347290039,
    "F0769_iSDSS": 14.746190071105957,
    "F0861": 14.718000411987305,
    "F0883_zSDSS": 14.696900367736816
}