{
    "id": "gaia_xp_spectrum_6094666589983664000-Ref",
    "F0352_uJAVA": 16.713863372802734,
    "F0378": 16.536348342895508,
    "F0395": 16.45113182067871,
    "F0410": 15.938566207885742,
    "F0430": 15.894022941589355,
    "F0475_gSDSS": 15.521441459655762,
    "F0515": 15.348896980285645,
    "F0626_rSDSS": 15.015792846679688,
    "F0660": 14.975068092346191,
    "F0769_iSDSS": 14.84376335144043,
    "F0861": 14.795924186706543,
    "F0883_zSDSS": 14.771750450134277
}