{
    "id": "gaia_xp_spectrum_6111836632283711744-Ref",
    "F0352_uJAVA": 16.574155807495117,
    "F0378": 16.50220489501953,
    "F0395": 16.385780334472656,
    "F0410": 15.732104301452637,
    "F0430": 15.63662338256836,
    "F0475_gSDSS": 15.231539726257324,
    "F0515": 15.048182487487793,
    "F0626_rSDSS": 14.6904935836792,
    "F0660": 14.626298904418945,
    "F0769_iSDSS": 14.533190727233887,
    "F0861": 14.487496376037598,
    "F0883_zSDSS": 14.466787338256836
}