{
    "id": "gaia_xp_spectrum_6111885457472087936-Ref",
    "F0352_uJAVA": 16.293006896972656,
    "F0378": 16.071836471557617,
    "F0395": 15.927200317382812,
    "F0410": 15.494616508483887,
    "F0430": 15.434535026550293,
    "F0475_gSDSS": 15.154265403747559,
    "F0515": 14.990764617919922,
    "F0626_rSDSS": 14.740174293518066,
    "F0660": 14.707075119018555,
    "F0769_iSDSS": 14.617334365844727,
    "F0861": 14.59554386138916,
    "F0883_zSDSS": 14.57711410522461
}