{
    "id": "gaia_xp_spectrum_6111814848209391104-Ref",
    "F0352_uJAVA": 16.78767204284668,
    "F0378": 16.549121856689453,
    "F0395": 16.377941131591797,
    "F0410": 16.05609703063965,
    "F0430": 15.950366973876953,
    "F0475_gSDSS": 15.749602317810059,
    "F0515": 15.626522064208984,
    "F0626_rSDSS": 15.40264892578125,
    "F0660": 15.378338813781738,
    "F0769_iSDSS": 15.296719551086426,
    "F0861": 15.276397705078125,
    "F0883_zSDSS": 15.271977424621582
}