{
    "id": "gaia_xp_spectrum_6111839862099236224-Ref",
    "F0352_uJAVA": 16.61359977722168,
    "F0378": 16.487592697143555,
    "F0395": 16.37727928161621,
    "F0410": 15.841632843017578,
    "F0430": 15.792003631591797,
    "F0475_gSDSS": 15.436646461486816,
    "F0515": 15.264707565307617,
    "F0626_rSDSS": 14.944307327270508,
    "F0660": 14.896724700927734,
    "F0769_iSDSS": 14.785643577575684,
    "F0861": 14.748549461364746,
    "F0883_zSDSS": 14.726370811462402
}