{
    "id": "gaia_xp_spectrum_6111823919180479232-Ref",
    "F0352_uJAVA": 16.01681900024414,
    "F0378": 15.763629913330078,
    "F0395": 15.675863265991211,
    "F0410": 15.230807304382324,
    "F0430": 15.168676376342773,
    "F0475_gSDSS": 14.885016441345215,
    "F0515": 14.737634658813477,
    "F0626_rSDSS": 14.478074073791504,
    "F0660": 14.458294868469238,
    "F0769_iSDSS": 14.367630004882812,
    "F0861": 14.346278190612793,
    "F0883_zSDSS": 14.332060813903809
}