{
    "id": "gaia_xp_spectrum_6111835292253910400-Ref",
    "F0352_uJAVA": 16.559770584106445,
    "F0378": 16.287906646728516,
    "F0395": 16.32456398010254,
    "F0410": 15.819808006286621,
    "F0430": 15.742527961730957,
    "F0475_gSDSS": 15.40173625946045,
    "F0515": 15.23200798034668,
    "F0626_rSDSS": 14.898324966430664,
    "F0660": 14.858011245727539,
    "F0769_iSDSS": 14.728344917297363,
    "F0861": 14.676196098327637,
    "F0883_zSDSS": 14.65727424621582
}