{
    "id": "gaia_xp_spectrum_6111888240610953472-Ref",
    "F0352_uJAVA": 16.721874237060547,
    "F0378": 16.538616180419922,
    "F0395": 16.403484344482422,
    "F0410": 15.845145225524902,
    "F0430": 15.796849250793457,
    "F0475_gSDSS": 15.468700408935547,
    "F0515": 15.295392990112305,
    "F0626_rSDSS": 15.005094528198242,
    "F0660": 14.968592643737793,
    "F0769_iSDSS": 14.875787734985352,
    "F0861": 14.852951049804688,
    "F0883_zSDSS": 14.83069896697998
}