{
    "id": "gaia_xp_spectrum_6111834536339597312-Ref",
    "F0352_uJAVA": 16.64378547668457,
    "F0378": 16.461965560913086,
    "F0395": 16.412227630615234,
    "F0410": 15.95074462890625,
    "F0430": 15.894805908203125,
    "F0475_gSDSS": 15.5861177444458,
    "F0515": 15.415885925292969,
    "F0626_rSDSS": 15.134654998779297,
    "F0660": 15.099305152893066,
    "F0769_iSDSS": 14.989583969116211,
    "F0861": 14.956465721130371,
    "F0883_zSDSS": 14.935257911682129
}