{
    "id": "gaia_xp_spectrum_6111881364361500928-Ref",
    "F0352_uJAVA": 16.416215896606445,
    "F0378": 16.28521728515625,
    "F0395": 16.128602981567383,
    "F0410": 15.594047546386719,
    "F0430": 15.544608116149902,
    "F0475_gSDSS": 15.191244125366211,
    "F0515": 15.02490234375,
    "F0626_rSDSS": 14.733047485351562,
    "F0660": 14.681999206542969,
    "F0769_iSDSS": 14.609701156616211,
    "F0861": 14.603485107421875,
    "F0883_zSDSS": 14.575461387634277
}