{
    "id": "gaia_xp_spectrum_6111838968745952384-Ref",
    "F0352_uJAVA": 15.939887046813965,
    "F0378": 15.792149543762207,
    "F0395": 15.697725296020508,
    "F0410": 15.14281940460205,
    "F0430": 15.05954647064209,
    "F0475_gSDSS": 14.701346397399902,
    "F0515": 14.520523071289062,
    "F0626_rSDSS": 14.204263687133789,
    "F0660": 14.156332969665527,
    "F0769_iSDSS": 14.055660247802734,
    "F0861": 14.026287078857422,
    "F0883_zSDSS": 14.002595901489258
}