{
    "id": "gaia_xp_spectrum_6111888584208300800-Ref",
    "F0352_uJAVA": 16.52106475830078,
    "F0378": 16.373016357421875,
    "F0395": 16.331180572509766,
    "F0410": 15.709566116333008,
    "F0430": 15.682154655456543,
    "F0475_gSDSS": 15.271682739257812,
    "F0515": 15.100872993469238,
    "F0626_rSDSS": 14.750575065612793,
    "F0660": 14.695771217346191,
    "F0769_iSDSS": 14.584867477416992,
    "F0861": 14.543573379516602,
    "F0883_zSDSS": 14.517755508422852
}