{
    "id": "gaia_xp_spectrum_6111838968745951744-Ref",
    "F0352_uJAVA": 16.517791748046875,
    "F0378": 16.428592681884766,
    "F0395": 16.35342025756836,
    "F0410": 15.582112312316895,
    "F0430": 15.44764232635498,
    "F0475_gSDSS": 14.87629222869873,
    "F0515": 14.632174491882324,
    "F0626_rSDSS": 14.11152172088623,
    "F0660": 14.019486427307129,
    "F0769_iSDSS": 13.82148551940918,
    "F0861": 13.718942642211914,
    "F0883_zSDSS": 13.674628257751465
}