{
    "id": "gaia_xp_spectrum_6111787497857786112-Ref",
    "F0352_uJAVA": 16.816944122314453,
    "F0378": 16.61249351501465,
    "F0395": 16.498767852783203,
    "F0410": 16.03872299194336,
    "F0430": 15.986915588378906,
    "F0475_gSDSS": 15.64669132232666,
    "F0515": 15.475091934204102,
    "F0626_rSDSS": 15.17786693572998,
    "F0660": 15.136651039123535,
    "F0769_iSDSS": 15.017683029174805,
    "F0861": 14.976409912109375,
    "F0883_zSDSS": 14.960323333740234
}