{
    "id": "gaia_xp_spectrum_6111838522069343104-Ref",
    "F0352_uJAVA": 16.82396697998047,
    "F0378": 16.642440795898438,
    "F0395": 16.60943031311035,
    "F0410": 15.934978485107422,
    "F0430": 15.864274978637695,
    "F0475_gSDSS": 15.43671703338623,
    "F0515": 15.252930641174316,
    "F0626_rSDSS": 14.876096725463867,
    "F0660": 14.822404861450195,
    "F0769_iSDSS": 14.712895393371582,
    "F0861": 14.673563003540039,
    "F0883_zSDSS": 14.64737319946289
}