{
    "id": "gaia_xp_spectrum_6111787360418972544-Ref",
    "F0352_uJAVA": 16.114002227783203,
    "F0378": 15.981260299682617,
    "F0395": 15.92611312866211,
    "F0410": 15.264270782470703,
    "F0430": 15.190914154052734,
    "F0475_gSDSS": 14.714552879333496,
    "F0515": 14.488789558410645,
    "F0626_rSDSS": 14.095463752746582,
    "F0660": 14.025688171386719,
    "F0769_iSDSS": 13.886945724487305,
    "F0861": 13.825596809387207,
    "F0883_zSDSS": 13.793049812316895
}