{
    "id": "gaia_xp_spectrum_6111879685035873152-Ref",
    "F0352_uJAVA": 16.286142349243164,
    "F0378": 16.18773078918457,
    "F0395": 16.114625930786133,
    "F0410": 15.418615341186523,
    "F0430": 15.32648754119873,
    "F0475_gSDSS": 14.823345184326172,
    "F0515": 14.605932235717773,
    "F0626_rSDSS": 14.149911880493164,
    "F0660": 14.063526153564453,
    "F0769_iSDSS": 13.898201942443848,
    "F0861": 13.81095027923584,
    "F0883_zSDSS": 13.773752212524414
}