{
    "id": "gaia_xp_spectrum_6111735133616478208-Ref",
    "F0352_uJAVA": 16.78384780883789,
    "F0378": 16.55048942565918,
    "F0395": 16.401227951049805,
    "F0410": 15.972593307495117,
    "F0430": 15.901956558227539,
    "F0475_gSDSS": 15.605679512023926,
    "F0515": 15.456425666809082,
    "F0626_rSDSS": 15.147546768188477,
    "F0660": 15.102477073669434,
    "F0769_iSDSS": 14.994176864624023,
    "F0861": 14.952677726745605,
    "F0883_zSDSS": 14.931365966796875
}