{
    "id": "gaia_xp_spectrum_6111888618568042240-Ref",
    "F0352_uJAVA": 16.67412567138672,
    "F0378": 16.561891555786133,
    "F0395": 16.478065490722656,
    "F0410": 15.770285606384277,
    "F0430": 15.683229446411133,
    "F0475_gSDSS": 15.241387367248535,
    "F0515": 15.060151100158691,
    "F0626_rSDSS": 14.655280113220215,
    "F0660": 14.600732803344727,
    "F0769_iSDSS": 14.485177993774414,
    "F0861": 14.43232250213623,
    "F0883_zSDSS": 14.411673545837402
}