{
    "id": "gaia_xp_spectrum_6111879066560577408-Ref",
    "F0352_uJAVA": 16.425697326660156,
    "F0378": 16.236032485961914,
    "F0395": 16.168560028076172,
    "F0410": 15.540084838867188,
    "F0430": 15.4652099609375,
    "F0475_gSDSS": 15.098397254943848,
    "F0515": 14.919038772583008,
    "F0626_rSDSS": 14.600935935974121,
    "F0660": 14.55229377746582,
    "F0769_iSDSS": 14.452159881591797,
    "F0861": 14.427261352539062,
    "F0883_zSDSS": 14.395750999450684
}