{
    "id": "gaia_xp_spectrum_6111879169639814528-Ref",
    "F0352_uJAVA": 16.245027542114258,
    "F0378": 16.07093620300293,
    "F0395": 15.983531951904297,
    "F0410": 15.493998527526855,
    "F0430": 15.464340209960938,
    "F0475_gSDSS": 15.128788948059082,
    "F0515": 14.974102973937988,
    "F0626_rSDSS": 14.660078048706055,
    "F0660": 14.613879203796387,
    "F0769_iSDSS": 14.501015663146973,
    "F0861": 14.46291446685791,
    "F0883_zSDSS": 14.441905975341797
}