{
    "id": "gaia_xp_spectrum_6111736061329581312-Ref",
    "F0352_uJAVA": 16.625465393066406,
    "F0378": 16.557538986206055,
    "F0395": 16.454309463500977,
    "F0410": 15.739899635314941,
    "F0430": 15.674059867858887,
    "F0475_gSDSS": 15.17900562286377,
    "F0515": 15.003805160522461,
    "F0626_rSDSS": 14.54035472869873,
    "F0660": 14.460484504699707,
    "F0769_iSDSS": 14.341399192810059,
    "F0861": 14.281632423400879,
    "F0883_zSDSS": 14.2493896484375
}