{
    "id": "gaia_xp_spectrum_6111877623452685568-Ref",
    "F0352_uJAVA": 16.6990966796875,
    "F0378": 16.516399383544922,
    "F0395": 16.432601928710938,
    "F0410": 15.8417387008667,
    "F0430": 15.794426918029785,
    "F0475_gSDSS": 15.407133102416992,
    "F0515": 15.248706817626953,
    "F0626_rSDSS": 14.898791313171387,
    "F0660": 14.847261428833008,
    "F0769_iSDSS": 14.74550724029541,
    "F0861": 14.716161727905273,
    "F0883_zSDSS": 14.685684204101562
}