{
    "id": "gaia_xp_spectrum_6111805502360713728-Ref",
    "F0352_uJAVA": 16.85154914855957,
    "F0378": 16.709138870239258,
    "F0395": 16.689804077148438,
    "F0410": 16.03558921813965,
    "F0430": 15.99094295501709,
    "F0475_gSDSS": 15.592327117919922,
    "F0515": 15.389273643493652,
    "F0626_rSDSS": 15.044816970825195,
    "F0660": 14.979327201843262,
    "F0769_iSDSS": 14.861650466918945,
    "F0861": 14.808588981628418,
    "F0883_zSDSS": 14.78569221496582
}