{
    "id": "gaia_xp_spectrum_6111883189730163584-Ref",
    "F0352_uJAVA": 16.738542556762695,
    "F0378": 16.863937377929688,
    "F0395": 16.5598201751709,
    "F0410": 15.841629981994629,
    "F0430": 15.76071834564209,
    "F0475_gSDSS": 15.284489631652832,
    "F0515": 15.112796783447266,
    "F0626_rSDSS": 14.67710018157959,
    "F0660": 14.618175506591797,
    "F0769_iSDSS": 14.497857093811035,
    "F0861": 14.450068473815918,
    "F0883_zSDSS": 14.424298286437988
}