{
    "id": "gaia_xp_spectrum_6111828214147679488-Ref",
    "F0352_uJAVA": 16.55944061279297,
    "F0378": 16.420368194580078,
    "F0395": 16.38707160949707,
    "F0410": 15.793095588684082,
    "F0430": 15.742393493652344,
    "F0475_gSDSS": 15.38544750213623,
    "F0515": 15.200655937194824,
    "F0626_rSDSS": 14.904376983642578,
    "F0660": 14.863029479980469,
    "F0769_iSDSS": 14.758271217346191,
    "F0861": 14.731103897094727,
    "F0883_zSDSS": 14.708532333374023
}