{
    "id": "gaia_xp_spectrum_6111895215638585472-Ref",
    "F0352_uJAVA": 15.885855674743652,
    "F0378": 15.675639152526855,
    "F0395": 15.638121604919434,
    "F0410": 15.122197151184082,
    "F0430": 15.072104454040527,
    "F0475_gSDSS": 14.753400802612305,
    "F0515": 14.59599781036377,
    "F0626_rSDSS": 14.323043823242188,
    "F0660": 14.300143241882324,
    "F0769_iSDSS": 14.193927764892578,
    "F0861": 14.167099952697754,
    "F0883_zSDSS": 14.152219772338867
}