{
    "id": "gaia_xp_spectrum_6111836323046074752-Ref",
    "F0352_uJAVA": 16.935836791992188,
    "F0378": 16.724924087524414,
    "F0395": 16.670734405517578,
    "F0410": 16.221656799316406,
    "F0430": 16.16140365600586,
    "F0475_gSDSS": 15.82596206665039,
    "F0515": 15.652143478393555,
    "F0626_rSDSS": 15.355676651000977,
    "F0660": 15.313163757324219,
    "F0769_iSDSS": 15.205253601074219,
    "F0861": 15.161995887756348,
    "F0883_zSDSS": 15.145325660705566
}