{
    "id": "gaia_xp_spectrum_6111826771038608512-Ref",
    "F0352_uJAVA": 16.827110290527344,
    "F0378": 16.67715072631836,
    "F0395": 16.537391662597656,
    "F0410": 16.0548152923584,
    "F0430": 16.016273498535156,
    "F0475_gSDSS": 15.681459426879883,
    "F0515": 15.508365631103516,
    "F0626_rSDSS": 15.21239948272705,
    "F0660": 15.186382293701172,
    "F0769_iSDSS": 15.067843437194824,
    "F0861": 15.034530639648438,
    "F0883_zSDSS": 15.014925956726074
}