{
    "id": "gaia_xp_spectrum_6111814161014609152-Ref",
    "F0352_uJAVA": 15.913202285766602,
    "F0378": 15.690226554870605,
    "F0395": 15.62607192993164,
    "F0410": 15.116122245788574,
    "F0430": 15.040543556213379,
    "F0475_gSDSS": 14.710269927978516,
    "F0515": 14.556450843811035,
    "F0626_rSDSS": 14.240622520446777,
    "F0660": 14.197409629821777,
    "F0769_iSDSS": 14.106054306030273,
    "F0861": 14.080937385559082,
    "F0883_zSDSS": 14.0585298538208
}