{
    "id": "gaia_xp_spectrum_6111878791682644864-Ref",
    "F0352_uJAVA": 16.84612274169922,
    "F0378": 16.604097366333008,
    "F0395": 16.558534622192383,
    "F0410": 16.056732177734375,
    "F0430": 15.99351692199707,
    "F0475_gSDSS": 15.701802253723145,
    "F0515": 15.557857513427734,
    "F0626_rSDSS": 15.266534805297852,
    "F0660": 15.236639022827148,
    "F0769_iSDSS": 15.134798049926758,
    "F0861": 15.119343757629395,
    "F0883_zSDSS": 15.088123321533203
}