{
    "id": "gaia_xp_spectrum_6111826874117841792-Ref",
    "F0352_uJAVA": 16.16389274597168,
    "F0378": 16.05184555053711,
    "F0395": 16.070171356201172,
    "F0410": 15.399900436401367,
    "F0430": 15.324386596679688,
    "F0475_gSDSS": 14.93222713470459,
    "F0515": 14.765606880187988,
    "F0626_rSDSS": 14.40495777130127,
    "F0660": 14.350504875183105,
    "F0769_iSDSS": 14.241275787353516,
    "F0861": 14.19832992553711,
    "F0883_zSDSS": 14.178264617919922
}