{
    "id": "gaia_xp_spectrum_6111898101855920384-Ref",
    "F0352_uJAVA": 16.335535049438477,
    "F0378": 15.958944320678711,
    "F0395": 15.370721817016602,
    "F0410": 15.115078926086426,
    "F0430": 15.080148696899414,
    "F0475_gSDSS": 15.019320487976074,
    "F0515": 14.97348403930664,
    "F0626_rSDSS": 15.028910636901855,
    "F0660": 15.125189781188965,
    "F0769_iSDSS": 15.132026672363281,
    "F0861": 15.21196460723877,
    "F0883_zSDSS": 15.198925971984863
}