{
    "id": "gaia_xp_spectrum_6111888378049845888-Ref",
    "F0352_uJAVA": 16.760589599609375,
    "F0378": 16.551424026489258,
    "F0395": 16.54788589477539,
    "F0410": 15.982148170471191,
    "F0430": 15.942010879516602,
    "F0475_gSDSS": 15.578465461730957,
    "F0515": 15.403984069824219,
    "F0626_rSDSS": 15.096479415893555,
    "F0660": 15.038046836853027,
    "F0769_iSDSS": 14.942419052124023,
    "F0861": 14.918140411376953,
    "F0883_zSDSS": 14.885571479797363
}