{
    "id": "gaia_xp_spectrum_6111828866982775040-Ref",
    "F0352_uJAVA": 15.661849021911621,
    "F0378": 15.475824356079102,
    "F0395": 15.462879180908203,
    "F0410": 14.884482383728027,
    "F0430": 14.83088207244873,
    "F0475_gSDSS": 14.482732772827148,
    "F0515": 14.320302963256836,
    "F0626_rSDSS": 14.005868911743164,
    "F0660": 13.962173461914062,
    "F0769_iSDSS": 13.87001895904541,
    "F0861": 13.843923568725586,
    "F0883_zSDSS": 13.825200080871582
}