{
    "id": "gaia_xp_spectrum_6111832028078721664-Ref",
    "F0352_uJAVA": 15.557544708251953,
    "F0378": 15.4292573928833,
    "F0395": 15.441085815429688,
    "F0410": 14.852049827575684,
    "F0430": 14.7835054397583,
    "F0475_gSDSS": 14.462638854980469,
    "F0515": 14.30577564239502,
    "F0626_rSDSS": 13.988871574401855,
    "F0660": 13.939584732055664,
    "F0769_iSDSS": 13.83210277557373,
    "F0861": 13.79065990447998,
    "F0883_zSDSS": 13.774517059326172
}