{
    "id": "gaia_xp_spectrum_6111891504786144128-Ref",
    "F0352_uJAVA": 16.379940032958984,
    "F0378": 16.268335342407227,
    "F0395": 16.21576690673828,
    "F0410": 15.536470413208008,
    "F0430": 15.513635635375977,
    "F0475_gSDSS": 15.065149307250977,
    "F0515": 14.877046585083008,
    "F0626_rSDSS": 14.519665718078613,
    "F0660": 14.453221321105957,
    "F0769_iSDSS": 14.351956367492676,
    "F0861": 14.321361541748047,
    "F0883_zSDSS": 14.287055015563965
}