{
    "id": "gaia_xp_spectrum_6111892020182720000-Ref",
    "F0352_uJAVA": 16.188745498657227,
    "F0378": 16.092906951904297,
    "F0395": 16.02787971496582,
    "F0410": 15.355710983276367,
    "F0430": 15.313697814941406,
    "F0475_gSDSS": 14.847576141357422,
    "F0515": 14.663064002990723,
    "F0626_rSDSS": 14.277585983276367,
    "F0660": 14.220785140991211,
    "F0769_iSDSS": 14.09807014465332,
    "F0861": 14.059675216674805,
    "F0883_zSDSS": 14.03002643585205
}