{
    "id": "gaia_xp_spectrum_6111878207567086720-Ref",
    "F0352_uJAVA": 16.1994571685791,
    "F0378": 15.9520902633667,
    "F0395": 15.844837188720703,
    "F0410": 15.400240898132324,
    "F0430": 15.314737319946289,
    "F0475_gSDSS": 15.077754974365234,
    "F0515": 14.932668685913086,
    "F0626_rSDSS": 14.708873748779297,
    "F0660": 14.687247276306152,
    "F0769_iSDSS": 14.61302661895752,
    "F0861": 14.60942554473877,
    "F0883_zSDSS": 14.592413902282715
}