{
    "id": "gaia_xp_spectrum_6111800348399936512-Ref",
    "F0352_uJAVA": 16.541152954101562,
    "F0378": 16.3525447845459,
    "F0395": 16.278152465820312,
    "F0410": 15.791025161743164,
    "F0430": 15.76458740234375,
    "F0475_gSDSS": 15.405025482177734,
    "F0515": 15.239514350891113,
    "F0626_rSDSS": 14.926103591918945,
    "F0660": 14.877676010131836,
    "F0769_iSDSS": 14.767210960388184,
    "F0861": 14.727910041809082,
    "F0883_zSDSS": 14.710565567016602
}