{
    "id": "gaia_xp_spectrum_6111877554731996160-Ref",
    "F0352_uJAVA": 15.627902030944824,
    "F0378": 15.447999000549316,
    "F0395": 15.381193161010742,
    "F0410": 14.860487937927246,
    "F0430": 14.789310455322266,
    "F0475_gSDSS": 14.470640182495117,
    "F0515": 14.302233695983887,
    "F0626_rSDSS": 14.001704216003418,
    "F0660": 13.965875625610352,
    "F0769_iSDSS": 13.857287406921387,
    "F0861": 13.830592155456543,
    "F0883_zSDSS": 13.80678939819336
}