{
    "id": "gaia_xp_spectrum_6111814607691200768-Ref",
    "F0352_uJAVA": 16.050382614135742,
    "F0378": 15.722073554992676,
    "F0395": 15.549334526062012,
    "F0410": 15.164361953735352,
    "F0430": 15.0859375,
    "F0475_gSDSS": 14.873729705810547,
    "F0515": 14.756091117858887,
    "F0626_rSDSS": 14.547040939331055,
    "F0660": 14.537947654724121,
    "F0769_iSDSS": 14.475237846374512,
    "F0861": 14.477837562561035,
    "F0883_zSDSS": 14.461433410644531
}