{
    "id": "gaia_xp_spectrum_6111826083843846528-Ref",
    "F0352_uJAVA": 16.28998374938965,
    "F0378": 15.98236083984375,
    "F0395": 15.833527565002441,
    "F0410": 15.494104385375977,
    "F0430": 15.42630386352539,
    "F0475_gSDSS": 15.163368225097656,
    "F0515": 15.019038200378418,
    "F0626_rSDSS": 14.757914543151855,
    "F0660": 14.719559669494629,
    "F0769_iSDSS": 14.624524116516113,
    "F0861": 14.599103927612305,
    "F0883_zSDSS": 14.577919960021973
}