{
    "id": "gaia_xp_spectrum_6111892157621187072-Ref",
    "F0352_uJAVA": 16.328529357910156,
    "F0378": 16.05893898010254,
    "F0395": 15.924572944641113,
    "F0410": 15.53488540649414,
    "F0430": 15.477578163146973,
    "F0475_gSDSS": 15.198525428771973,
    "F0515": 15.04778003692627,
    "F0626_rSDSS": 14.787705421447754,
    "F0660": 14.754263877868652,
    "F0769_iSDSS": 14.660475730895996,
    "F0861": 14.635845184326172,
    "F0883_zSDSS": 14.618432998657227
}