{
    "id": "gaia_xp_spectrum_6111821754516868224-Ref",
    "F0352_uJAVA": 16.749183654785156,
    "F0378": 16.622255325317383,
    "F0395": 16.578872680664062,
    "F0410": 15.885754585266113,
    "F0430": 15.815205574035645,
    "F0475_gSDSS": 15.389654159545898,
    "F0515": 15.224709510803223,
    "F0626_rSDSS": 14.815678596496582,
    "F0660": 14.758848190307617,
    "F0769_iSDSS": 14.643716812133789,
    "F0861": 14.59752082824707,
    "F0883_zSDSS": 14.572867393493652
}