{
    "id": "gaia_xp_spectrum_6111878207567101440-Ref",
    "F0352_uJAVA": 16.28114128112793,
    "F0378": 16.13613510131836,
    "F0395": 16.07343101501465,
    "F0410": 15.476768493652344,
    "F0430": 15.430841445922852,
    "F0475_gSDSS": 15.057915687561035,
    "F0515": 14.872118949890137,
    "F0626_rSDSS": 14.566794395446777,
    "F0660": 14.519298553466797,
    "F0769_iSDSS": 14.424756050109863,
    "F0861": 14.393089294433594,
    "F0883_zSDSS": 14.371664047241211
}