{
    "id": "gaia_xp_spectrum_6111833608626628864-Ref",
    "F0352_uJAVA": 15.822877883911133,
    "F0378": 15.57119369506836,
    "F0395": 15.468476295471191,
    "F0410": 15.064608573913574,
    "F0430": 15.014398574829102,
    "F0475_gSDSS": 14.744477272033691,
    "F0515": 14.595743179321289,
    "F0626_rSDSS": 14.337444305419922,
    "F0660": 14.3165283203125,
    "F0769_iSDSS": 14.212291717529297,
    "F0861": 14.184410095214844,
    "F0883_zSDSS": 14.169428825378418
}