{
    "id": "gaia_xp_spectrum_6111831203444935552-Ref",
    "F0352_uJAVA": 17.012325286865234,
    "F0378": 16.702964782714844,
    "F0395": 16.525238037109375,
    "F0410": 16.323148727416992,
    "F0430": 16.207456588745117,
    "F0475_gSDSS": 16.013080596923828,
    "F0515": 15.883225440979004,
    "F0626_rSDSS": 15.639857292175293,
    "F0660": 15.614752769470215,
    "F0769_iSDSS": 15.504240989685059,
    "F0861": 15.473739624023438,
    "F0883_zSDSS": 15.458610534667969
}