{
    "id": "gaia_xp_spectrum_6111787394778425472-Ref",
    "F0352_uJAVA": 16.70969009399414,
    "F0378": 16.454833984375,
    "F0395": 16.303970336914062,
    "F0410": 15.928647994995117,
    "F0430": 15.841756820678711,
    "F0475_gSDSS": 15.555280685424805,
    "F0515": 15.374677658081055,
    "F0626_rSDSS": 15.095297813415527,
    "F0660": 15.063932418823242,
    "F0769_iSDSS": 14.941788673400879,
    "F0861": 14.893567085266113,
    "F0883_zSDSS": 14.88233470916748
}