{
    "id": "gaia_xp_spectrum_6111826771038608128-Ref",
    "F0352_uJAVA": 15.932873725891113,
    "F0378": 15.791769027709961,
    "F0395": 15.692258834838867,
    "F0410": 15.151299476623535,
    "F0430": 15.095852851867676,
    "F0475_gSDSS": 14.736218452453613,
    "F0515": 14.571845054626465,
    "F0626_rSDSS": 14.24856185913086,
    "F0660": 14.209548950195312,
    "F0769_iSDSS": 14.096658706665039,
    "F0861": 14.066323280334473,
    "F0883_zSDSS": 14.043206214904785
}