{
    "id": "gaia_xp_spectrum_6111899991641515264-Ref",
    "F0352_uJAVA": 16.607906341552734,
    "F0378": 16.445045471191406,
    "F0395": 16.25225257873535,
    "F0410": 15.810349464416504,
    "F0430": 15.762971878051758,
    "F0475_gSDSS": 15.496065139770508,
    "F0515": 15.351411819458008,
    "F0626_rSDSS": 15.112890243530273,
    "F0660": 15.085076332092285,
    "F0769_iSDSS": 15.004692077636719,
    "F0861": 15.000988960266113,
    "F0883_zSDSS": 14.979655265808105
}