{
    "id": "gaia_xp_spectrum_6111897586459814400-Ref",
    "F0352_uJAVA": 16.88728904724121,
    "F0378": 16.761207580566406,
    "F0395": 16.56464385986328,
    "F0410": 16.094343185424805,
    "F0430": 16.029541015625,
    "F0475_gSDSS": 15.708168983459473,
    "F0515": 15.565701484680176,
    "F0626_rSDSS": 15.270512580871582,
    "F0660": 15.243985176086426,
    "F0769_iSDSS": 15.148392677307129,
    "F0861": 15.134785652160645,
    "F0883_zSDSS": 15.10865306854248
}