{
    "id": "gaia_xp_spectrum_6111784886517819776-Ref",
    "F0352_uJAVA": 16.079341888427734,
    "F0378": 15.819260597229004,
    "F0395": 15.680094718933105,
    "F0410": 15.246585845947266,
    "F0430": 15.18484115600586,
    "F0475_gSDSS": 14.928048133850098,
    "F0515": 14.790057182312012,
    "F0626_rSDSS": 14.555118560791016,
    "F0660": 14.540841102600098,
    "F0769_iSDSS": 14.457873344421387,
    "F0861": 14.45773696899414,
    "F0883_zSDSS": 14.438036918640137
}