{
    "id": "gaia_xp_spectrum_6111833952224046720-Ref",
    "F0352_uJAVA": 16.533935546875,
    "F0378": 16.431678771972656,
    "F0395": 16.330448150634766,
    "F0410": 15.902740478515625,
    "F0430": 15.848596572875977,
    "F0475_gSDSS": 15.521507263183594,
    "F0515": 15.330830574035645,
    "F0626_rSDSS": 15.031791687011719,
    "F0660": 14.971385955810547,
    "F0769_iSDSS": 14.857331275939941,
    "F0861": 14.812694549560547,
    "F0883_zSDSS": 14.791937828063965
}