{
    "id": "gaia_xp_spectrum_6111821479638944896-Ref",
    "F0352_uJAVA": 16.545289993286133,
    "F0378": 16.60677719116211,
    "F0395": 16.382312774658203,
    "F0410": 15.652462005615234,
    "F0430": 15.52850341796875,
    "F0475_gSDSS": 14.994148254394531,
    "F0515": 14.79771614074707,
    "F0626_rSDSS": 14.322047233581543,
    "F0660": 14.2536039352417,
    "F0769_iSDSS": 14.131367683410645,
    "F0861": 14.083255767822266,
    "F0883_zSDSS": 14.04835033416748
}