{
    "id": "gaia_xp_spectrum_6111885594911032192-Ref",
    "F0352_uJAVA": 15.906261444091797,
    "F0378": 15.702698707580566,
    "F0395": 15.630971908569336,
    "F0410": 15.093302726745605,
    "F0430": 15.015134811401367,
    "F0475_gSDSS": 14.698348045349121,
    "F0515": 14.532733917236328,
    "F0626_rSDSS": 14.272133827209473,
    "F0660": 14.247934341430664,
    "F0769_iSDSS": 14.162171363830566,
    "F0861": 14.158709526062012,
    "F0883_zSDSS": 14.135527610778809
}