{
    "id": "gaia_xp_spectrum_6111787841455183616-Ref",
    "F0352_uJAVA": 16.486167907714844,
    "F0378": 16.28270149230957,
    "F0395": 16.220191955566406,
    "F0410": 15.716751098632812,
    "F0430": 15.611674308776855,
    "F0475_gSDSS": 15.328696250915527,
    "F0515": 15.159765243530273,
    "F0626_rSDSS": 14.90430736541748,
    "F0660": 14.867551803588867,
    "F0769_iSDSS": 14.787418365478516,
    "F0861": 14.762516021728516,
    "F0883_zSDSS": 14.748031616210938
}