{
    "id": "gaia_xp_spectrum_6111883155370418432-Ref",
    "F0352_uJAVA": 15.525139808654785,
    "F0378": 15.272756576538086,
    "F0395": 15.189716339111328,
    "F0410": 14.783221244812012,
    "F0430": 14.717256546020508,
    "F0475_gSDSS": 14.465645790100098,
    "F0515": 14.315423011779785,
    "F0626_rSDSS": 14.093696594238281,
    "F0660": 14.06497573852539,
    "F0769_iSDSS": 13.992371559143066,
    "F0861": 13.983960151672363,
    "F0883_zSDSS": 13.965158462524414
}