{
    "id": "gaia_xp_spectrum_6111833883504556928-Ref",
    "F0352_uJAVA": 16.24680519104004,
    "F0378": 16.026758193969727,
    "F0395": 15.974534034729004,
    "F0410": 15.450092315673828,
    "F0430": 15.39098834991455,
    "F0475_gSDSS": 15.003544807434082,
    "F0515": 14.824727058410645,
    "F0626_rSDSS": 14.475992202758789,
    "F0660": 14.42817211151123,
    "F0769_iSDSS": 14.30881118774414,
    "F0861": 14.261026382446289,
    "F0883_zSDSS": 14.236416816711426
}