{
    "id": "gaia_xp_spectrum_6111802272545181056-Ref",
    "F0352_uJAVA": 16.688274383544922,
    "F0378": 16.312597274780273,
    "F0395": 15.978150367736816,
    "F0410": 15.740031242370605,
    "F0430": 15.678338050842285,
    "F0475_gSDSS": 15.528071403503418,
    "F0515": 15.437310218811035,
    "F0626_rSDSS": 15.316563606262207,
    "F0660": 15.338423728942871,
    "F0769_iSDSS": 15.290968894958496,
    "F0861": 15.304051399230957,
    "F0883_zSDSS": 15.297950744628906
}