{
    "id": "gaia_xp_spectrum_6111802100746611584-Ref",
    "F0352_uJAVA": 16.841745376586914,
    "F0378": 16.646625518798828,
    "F0395": 16.766868591308594,
    "F0410": 15.969749450683594,
    "F0430": 15.845624923706055,
    "F0475_gSDSS": 15.235726356506348,
    "F0515": 14.964853286743164,
    "F0626_rSDSS": 14.426421165466309,
    "F0660": 14.319045066833496,
    "F0769_iSDSS": 14.095940589904785,
    "F0861": 13.969564437866211,
    "F0883_zSDSS": 13.926037788391113
}