{
    "id": "gaia_xp_spectrum_6111839484142059264-Ref",
    "F0352_uJAVA": 16.508947372436523,
    "F0378": 16.308591842651367,
    "F0395": 16.236751556396484,
    "F0410": 15.638825416564941,
    "F0430": 15.555099487304688,
    "F0475_gSDSS": 15.198949813842773,
    "F0515": 15.029073715209961,
    "F0626_rSDSS": 14.701154708862305,
    "F0660": 14.654339790344238,
    "F0769_iSDSS": 14.559868812561035,
    "F0861": 14.53530502319336,
    "F0883_zSDSS": 14.507710456848145
}