{
    "id": "gaia_xp_spectrum_6111841270848502912-Ref",
    "F0352_uJAVA": 16.25815200805664,
    "F0378": 16.252321243286133,
    "F0395": 16.172109603881836,
    "F0410": 15.38016128540039,
    "F0430": 15.300122261047363,
    "F0475_gSDSS": 14.747241020202637,
    "F0515": 14.5570650100708,
    "F0626_rSDSS": 14.045376777648926,
    "F0660": 13.968520164489746,
    "F0769_iSDSS": 13.799039840698242,
    "F0861": 13.719376564025879,
    "F0883_zSDSS": 13.678267478942871
}