{
    "id": "gaia_xp_spectrum_6111821720157146752-Ref",
    "F0352_uJAVA": 16.709468841552734,
    "F0378": 16.61405372619629,
    "F0395": 16.51903533935547,
    "F0410": 15.974900245666504,
    "F0430": 15.905984878540039,
    "F0475_gSDSS": 15.524242401123047,
    "F0515": 15.345488548278809,
    "F0626_rSDSS": 14.997711181640625,
    "F0660": 14.957585334777832,
    "F0769_iSDSS": 14.826974868774414,
    "F0861": 14.78066635131836,
    "F0883_zSDSS": 14.757814407348633
}