{
    "id": "gaia_xp_spectrum_6111814367173041920-Ref",
    "F0352_uJAVA": 16.557676315307617,
    "F0378": 16.35826873779297,
    "F0395": 16.181123733520508,
    "F0410": 15.72521686553955,
    "F0430": 15.69629955291748,
    "F0475_gSDSS": 15.376343727111816,
    "F0515": 15.20864200592041,
    "F0626_rSDSS": 14.920089721679688,
    "F0660": 14.867451667785645,
    "F0769_iSDSS": 14.768573760986328,
    "F0861": 14.728208541870117,
    "F0883_zSDSS": 14.710857391357422
}