{
    "id": "gaia_xp_spectrum_6111788459930463616-Ref",
    "F0352_uJAVA": 15.852606773376465,
    "F0378": 15.719339370727539,
    "F0395": 15.5901460647583,
    "F0410": 15.134469985961914,
    "F0430": 15.074870109558105,
    "F0475_gSDSS": 14.747017860412598,
    "F0515": 14.594792366027832,
    "F0626_rSDSS": 14.283802032470703,
    "F0660": 14.232224464416504,
    "F0769_iSDSS": 14.137036323547363,
    "F0861": 14.1089506149292,
    "F0883_zSDSS": 14.080430030822754
}