{
    "id": "gaia_xp_spectrum_6111891436066655232-Ref",
    "F0352_uJAVA": 15.9531888961792,
    "F0378": 15.828136444091797,
    "F0395": 15.711421012878418,
    "F0410": 15.159010887145996,
    "F0430": 15.096559524536133,
    "F0475_gSDSS": 14.724535942077637,
    "F0515": 14.541895866394043,
    "F0626_rSDSS": 14.215027809143066,
    "F0660": 14.167848587036133,
    "F0769_iSDSS": 14.049192428588867,
    "F0861": 14.012249946594238,
    "F0883_zSDSS": 13.98430061340332
}