{
    "id": "gaia_xp_spectrum_6111788116333092736-Ref",
    "F0352_uJAVA": 16.70757484436035,
    "F0378": 16.51370620727539,
    "F0395": 16.369483947753906,
    "F0410": 15.90487003326416,
    "F0430": 15.874353408813477,
    "F0475_gSDSS": 15.53564739227295,
    "F0515": 15.360208511352539,
    "F0626_rSDSS": 15.092324256896973,
    "F0660": 15.05379867553711,
    "F0769_iSDSS": 14.962160110473633,
    "F0861": 14.92671012878418,
    "F0883_zSDSS": 14.912013053894043
}