{
    "id": "gaia_xp_spectrum_6111841373927744896-Ref",
    "F0352_uJAVA": 16.505840301513672,
    "F0378": 16.381086349487305,
    "F0395": 16.236618041992188,
    "F0410": 15.643298149108887,
    "F0430": 15.59736156463623,
    "F0475_gSDSS": 15.182872772216797,
    "F0515": 15.021880149841309,
    "F0626_rSDSS": 14.65427303314209,
    "F0660": 14.60323429107666,
    "F0769_iSDSS": 14.502180099487305,
    "F0861": 14.474865913391113,
    "F0883_zSDSS": 14.444461822509766
}