{
    "id": "gaia_xp_spectrum_6111827561312639360-Ref",
    "F0352_uJAVA": 16.453990936279297,
    "F0378": 16.329076766967773,
    "F0395": 16.25304412841797,
    "F0410": 15.677225112915039,
    "F0430": 15.623641014099121,
    "F0475_gSDSS": 15.238892555236816,
    "F0515": 15.086777687072754,
    "F0626_rSDSS": 14.736394882202148,
    "F0660": 14.682783126831055,
    "F0769_iSDSS": 14.59262752532959,
    "F0861": 14.557333946228027,
    "F0883_zSDSS": 14.53827953338623
}