{
    "id": "gaia_xp_spectrum_6111828420306116224-Ref",
    "F0352_uJAVA": 16.764631271362305,
    "F0378": 16.471881866455078,
    "F0395": 16.27408790588379,
    "F0410": 15.977984428405762,
    "F0430": 15.886180877685547,
    "F0475_gSDSS": 15.647215843200684,
    "F0515": 15.516928672790527,
    "F0626_rSDSS": 15.26169204711914,
    "F0660": 15.221871376037598,
    "F0769_iSDSS": 15.154470443725586,
    "F0861": 15.132615089416504,
    "F0883_zSDSS": 15.118612289428711
}