{
    "id": "gaia_xp_spectrum_6111882536894209536-Ref",
    "F0352_uJAVA": 16.280601501464844,
    "F0378": 16.13614845275879,
    "F0395": 15.966638565063477,
    "F0410": 15.446680068969727,
    "F0430": 15.37546443939209,
    "F0475_gSDSS": 15.037890434265137,
    "F0515": 14.86699104309082,
    "F0626_rSDSS": 14.591175079345703,
    "F0660": 14.568129539489746,
    "F0769_iSDSS": 14.4600191116333,
    "F0861": 14.440898895263672,
    "F0883_zSDSS": 14.416255950927734
}