{
    "id": "gaia_xp_spectrum_6111826530520466944-Ref",
    "F0352_uJAVA": 16.318471908569336,
    "F0378": 16.199132919311523,
    "F0395": 16.120407104492188,
    "F0410": 15.403839111328125,
    "F0430": 15.33570384979248,
    "F0475_gSDSS": 14.811790466308594,
    "F0515": 14.589526176452637,
    "F0626_rSDSS": 14.14565658569336,
    "F0660": 14.068232536315918,
    "F0769_iSDSS": 13.926411628723145,
    "F0861": 13.85634708404541,
    "F0883_zSDSS": 13.821473121643066
}