{
    "id": "gaia_xp_spectrum_6111805433641238528-Ref",
    "F0352_uJAVA": 16.113140106201172,
    "F0378": 15.945932388305664,
    "F0395": 15.826947212219238,
    "F0410": 15.344781875610352,
    "F0430": 15.311192512512207,
    "F0475_gSDSS": 14.934325218200684,
    "F0515": 14.751119613647461,
    "F0626_rSDSS": 14.449274063110352,
    "F0660": 14.39913558959961,
    "F0769_iSDSS": 14.296978950500488,
    "F0861": 14.260940551757812,
    "F0883_zSDSS": 14.237991333007812
}