{
    "id": "gaia_xp_spectrum_6111783580847754752-Ref",
    "F0352_uJAVA": 16.026273727416992,
    "F0378": 15.810619354248047,
    "F0395": 15.758623123168945,
    "F0410": 15.35007095336914,
    "F0430": 15.279592514038086,
    "F0475_gSDSS": 14.964399337768555,
    "F0515": 14.784929275512695,
    "F0626_rSDSS": 14.491093635559082,
    "F0660": 14.445451736450195,
    "F0769_iSDSS": 14.333569526672363,
    "F0861": 14.290260314941406,
    "F0883_zSDSS": 14.271032333374023
}