{
    "id": "gaia_xp_spectrum_6111813473819842176-Ref",
    "F0352_uJAVA": 15.99926471710205,
    "F0378": 15.734246253967285,
    "F0395": 15.474393844604492,
    "F0410": 15.152684211730957,
    "F0430": 15.06761646270752,
    "F0475_gSDSS": 14.857721328735352,
    "F0515": 14.733304023742676,
    "F0626_rSDSS": 14.535400390625,
    "F0660": 14.527375221252441,
    "F0769_iSDSS": 14.454474449157715,
    "F0861": 14.449872970581055,
    "F0883_zSDSS": 14.438344955444336
}