{
    "id": "gaia_xp_spectrum_6111896040272311680-Ref",
    "F0352_uJAVA": 16.955669403076172,
    "F0378": 16.69727325439453,
    "F0395": 16.660093307495117,
    "F0410": 16.080562591552734,
    "F0430": 16.014921188354492,
    "F0475_gSDSS": 15.717084884643555,
    "F0515": 15.575113296508789,
    "F0626_rSDSS": 15.304682731628418,
    "F0660": 15.263503074645996,
    "F0769_iSDSS": 15.205403327941895,
    "F0861": 15.19180679321289,
    "F0883_zSDSS": 15.18359088897705
}