{
    "id": "gaia_xp_spectrum_6111835326613648512-Ref",
    "F0352_uJAVA": 16.760026931762695,
    "F0378": 16.640748977661133,
    "F0395": 16.546611785888672,
    "F0410": 15.887792587280273,
    "F0430": 15.798070907592773,
    "F0475_gSDSS": 15.416528701782227,
    "F0515": 15.253973007202148,
    "F0626_rSDSS": 14.894225120544434,
    "F0660": 14.83742618560791,
    "F0769_iSDSS": 14.742505073547363,
    "F0861": 14.71918773651123,
    "F0883_zSDSS": 14.689475059509277
}