{
    "id": "gaia_xp_spectrum_6111896963683215360-Ref",
    "F0352_uJAVA": 16.591251373291016,
    "F0378": 16.52530288696289,
    "F0395": 16.329904556274414,
    "F0410": 15.680561065673828,
    "F0430": 15.607638359069824,
    "F0475_gSDSS": 15.110279083251953,
    "F0515": 14.930736541748047,
    "F0626_rSDSS": 14.485539436340332,
    "F0660": 14.404878616333008,
    "F0769_iSDSS": 14.299147605895996,
    "F0861": 14.251029014587402,
    "F0883_zSDSS": 14.220860481262207
}