{
    "id": "gaia_xp_spectrum_6111788150692825088-Ref",
    "F0352_uJAVA": 16.924205780029297,
    "F0378": 16.644832611083984,
    "F0395": 16.60361671447754,
    "F0410": 16.126773834228516,
    "F0430": 16.110763549804688,
    "F0475_gSDSS": 15.78158950805664,
    "F0515": 15.627829551696777,
    "F0626_rSDSS": 15.327155113220215,
    "F0660": 15.295663833618164,
    "F0769_iSDSS": 15.183671951293945,
    "F0861": 15.16600513458252,
    "F0883_zSDSS": 15.133115768432617
}