{
    "id": "gaia_xp_spectrum_6111882743052676480-Ref",
    "F0352_uJAVA": 16.46435546875,
    "F0378": 16.29213523864746,
    "F0395": 16.16603660583496,
    "F0410": 15.634925842285156,
    "F0430": 15.555108070373535,
    "F0475_gSDSS": 15.185585021972656,
    "F0515": 15.010845184326172,
    "F0626_rSDSS": 14.679266929626465,
    "F0660": 14.633001327514648,
    "F0769_iSDSS": 14.520055770874023,
    "F0861": 14.486041069030762,
    "F0883_zSDSS": 14.457727432250977
}