{
    "id": "gaia_xp_spectrum_6111832062438458752-Ref",
    "F0352_uJAVA": 15.874113082885742,
    "F0378": 15.754817962646484,
    "F0395": 15.788362503051758,
    "F0410": 15.093483924865723,
    "F0430": 15.054633140563965,
    "F0475_gSDSS": 14.631324768066406,
    "F0515": 14.445547103881836,
    "F0626_rSDSS": 14.095626831054688,
    "F0660": 14.042680740356445,
    "F0769_iSDSS": 13.936197280883789,
    "F0861": 13.900343894958496,
    "F0883_zSDSS": 13.87590503692627
}