{
    "id": "gaia_xp_spectrum_6111883017931473024-Ref",
    "F0352_uJAVA": 16.09122085571289,
    "F0378": 15.881535530090332,
    "F0395": 15.832569122314453,
    "F0410": 15.24948501586914,
    "F0430": 15.218387603759766,
    "F0475_gSDSS": 14.894233703613281,
    "F0515": 14.75721549987793,
    "F0626_rSDSS": 14.470341682434082,
    "F0660": 14.438640594482422,
    "F0769_iSDSS": 14.354822158813477,
    "F0861": 14.340316772460938,
    "F0883_zSDSS": 14.319646835327148
}