{
    "id": "gaia_xp_spectrum_6111825705886705024-Ref",
    "F0352_uJAVA": 15.55355167388916,
    "F0378": 15.32956314086914,
    "F0395": 15.187165260314941,
    "F0410": 14.764900207519531,
    "F0430": 14.693455696105957,
    "F0475_gSDSS": 14.411954879760742,
    "F0515": 14.259603500366211,
    "F0626_rSDSS": 13.999484062194824,
    "F0660": 13.97067928314209,
    "F0769_iSDSS": 13.874760627746582,
    "F0861": 13.851747512817383,
    "F0883_zSDSS": 13.837087631225586
}