{
    "id": "gaia_xp_spectrum_6111896864906048640-Ref",
    "F0352_uJAVA": 16.88866424560547,
    "F0378": 16.519718170166016,
    "F0395": 16.700035095214844,
    "F0410": 16.025867462158203,
    "F0430": 15.920909881591797,
    "F0475_gSDSS": 15.4072265625,
    "F0515": 15.157586097717285,
    "F0626_rSDSS": 14.668806076049805,
    "F0660": 14.57279109954834,
    "F0769_iSDSS": 14.368722915649414,
    "F0861": 14.256584167480469,
    "F0883_zSDSS": 14.212526321411133
}