{
    "id": "gaia_xp_spectrum_6111889713777918208-Ref",
    "F0352_uJAVA": 16.57093620300293,
    "F0378": 16.542816162109375,
    "F0395": 16.446941375732422,
    "F0410": 15.85543155670166,
    "F0430": 15.823003768920898,
    "F0475_gSDSS": 15.428346633911133,
    "F0515": 15.259072303771973,
    "F0626_rSDSS": 14.907500267028809,
    "F0660": 14.842833518981934,
    "F0769_iSDSS": 14.760284423828125,
    "F0861": 14.728543281555176,
    "F0883_zSDSS": 14.694601058959961
}