{
    "id": "gaia_xp_spectrum_6111783031091915392-Ref",
    "F0352_uJAVA": 16.015321731567383,
    "F0378": 15.792574882507324,
    "F0395": 15.68695068359375,
    "F0410": 15.264284133911133,
    "F0430": 15.186871528625488,
    "F0475_gSDSS": 14.903573989868164,
    "F0515": 14.75390911102295,
    "F0626_rSDSS": 14.477364540100098,
    "F0660": 14.447466850280762,
    "F0769_iSDSS": 14.34847354888916,
    "F0861": 14.327122688293457,
    "F0883_zSDSS": 14.309555053710938
}