{
    "id": "gaia_xp_spectrum_6111836323046087296-Ref",
    "F0352_uJAVA": 16.422611236572266,
    "F0378": 16.2272891998291,
    "F0395": 16.16305923461914,
    "F0410": 15.606697082519531,
    "F0430": 15.53262710571289,
    "F0475_gSDSS": 15.222922325134277,
    "F0515": 15.059672355651855,
    "F0626_rSDSS": 14.779711723327637,
    "F0660": 14.744513511657715,
    "F0769_iSDSS": 14.652688980102539,
    "F0861": 14.635357856750488,
    "F0883_zSDSS": 14.610689163208008
}