{
    "id": "gaia_xp_spectrum_6111892054541968640-Ref",
    "F0352_uJAVA": 16.66112518310547,
    "F0378": 16.405107498168945,
    "F0395": 16.331867218017578,
    "F0410": 15.885784149169922,
    "F0430": 15.842318534851074,
    "F0475_gSDSS": 15.513075828552246,
    "F0515": 15.342360496520996,
    "F0626_rSDSS": 15.071131706237793,
    "F0660": 15.029544830322266,
    "F0769_iSDSS": 14.933981895446777,
    "F0861": 14.913531303405762,
    "F0883_zSDSS": 14.88923454284668
}