{
    "id": "gaia_xp_spectrum_6111832577834532864-Ref",
    "F0352_uJAVA": 16.03095817565918,
    "F0378": 15.779692649841309,
    "F0395": 15.754852294921875,
    "F0410": 15.22176456451416,
    "F0430": 15.156756401062012,
    "F0475_gSDSS": 14.858427047729492,
    "F0515": 14.692571640014648,
    "F0626_rSDSS": 14.43824291229248,
    "F0660": 14.412788391113281,
    "F0769_iSDSS": 14.330839157104492,
    "F0861": 14.325690269470215,
    "F0883_zSDSS": 14.302989959716797
}