{
    "id": "gaia_xp_spectrum_6111784268042516736-Ref",
    "F0352_uJAVA": 16.90602684020996,
    "F0378": 16.643590927124023,
    "F0395": 16.515125274658203,
    "F0410": 16.107702255249023,
    "F0430": 16.03150177001953,
    "F0475_gSDSS": 15.745512962341309,
    "F0515": 15.592263221740723,
    "F0626_rSDSS": 15.330870628356934,
    "F0660": 15.316112518310547,
    "F0769_iSDSS": 15.19558048248291,
    "F0861": 15.17039966583252,
    "F0883_zSDSS": 15.150185585021973
}