{
    "id": "gaia_xp_spectrum_6111830962926791552-Ref",
    "F0352_uJAVA": 15.978294372558594,
    "F0378": 15.843243598937988,
    "F0395": 15.833237648010254,
    "F0410": 15.256945610046387,
    "F0430": 15.230547904968262,
    "F0475_gSDSS": 14.830558776855469,
    "F0515": 14.639290809631348,
    "F0626_rSDSS": 14.292231559753418,
    "F0660": 14.237957954406738,
    "F0769_iSDSS": 14.110538482666016,
    "F0861": 14.06543254852295,
    "F0883_zSDSS": 14.035492897033691
}