{
    "id": "gaia_xp_spectrum_6111839277983618560-Ref",
    "F0352_uJAVA": 16.53212547302246,
    "F0378": 16.397531509399414,
    "F0395": 16.275081634521484,
    "F0410": 15.631726264953613,
    "F0430": 15.53824234008789,
    "F0475_gSDSS": 15.121418952941895,
    "F0515": 14.944353103637695,
    "F0626_rSDSS": 14.566695213317871,
    "F0660": 14.516401290893555,
    "F0769_iSDSS": 14.41049861907959,
    "F0861": 14.379868507385254,
    "F0883_zSDSS": 14.348639488220215
}