{
    "id": "gaia_xp_spectrum_6111735099256738176-Ref",
    "F0352_uJAVA": 16.618227005004883,
    "F0378": 16.45107650756836,
    "F0395": 16.437610626220703,
    "F0410": 15.751066207885742,
    "F0430": 15.6654634475708,
    "F0475_gSDSS": 15.286453247070312,
    "F0515": 15.110595703125,
    "F0626_rSDSS": 14.76186466217041,
    "F0660": 14.714455604553223,
    "F0769_iSDSS": 14.604599952697754,
    "F0861": 14.5661039352417,
    "F0883_zSDSS": 14.54304027557373
}