{
    "id": "gaia_xp_spectrum_6111839552862181504-Ref",
    "F0352_uJAVA": 16.83738899230957,
    "F0378": 16.69970703125,
    "F0395": 16.499042510986328,
    "F0410": 16.00743293762207,
    "F0430": 15.948892593383789,
    "F0475_gSDSS": 15.643416404724121,
    "F0515": 15.474329948425293,
    "F0626_rSDSS": 15.215455055236816,
    "F0660": 15.198427200317383,
    "F0769_iSDSS": 15.093277931213379,
    "F0861": 15.072876930236816,
    "F0883_zSDSS": 15.05309009552002
}