{
    "id": "gaia_xp_spectrum_6111821273481350144-Ref",
    "F0352_uJAVA": 16.314743041992188,
    "F0378": 16.22218894958496,
    "F0395": 16.090801239013672,
    "F0410": 15.485564231872559,
    "F0430": 15.394871711730957,
    "F0475_gSDSS": 14.99609661102295,
    "F0515": 14.819190979003906,
    "F0626_rSDSS": 14.448665618896484,
    "F0660": 14.396429061889648,
    "F0769_iSDSS": 14.289020538330078,
    "F0861": 14.252995491027832,
    "F0883_zSDSS": 14.225435256958008
}