{
    "id": "gaia_xp_spectrum_6111880269151474304-Ref",
    "F0352_uJAVA": 15.803088188171387,
    "F0378": 15.5223970413208,
    "F0395": 15.3237886428833,
    "F0410": 14.971842765808105,
    "F0430": 14.88048267364502,
    "F0475_gSDSS": 14.683645248413086,
    "F0515": 14.559279441833496,
    "F0626_rSDSS": 14.381736755371094,
    "F0660": 14.376688957214355,
    "F0769_iSDSS": 14.325401306152344,
    "F0861": 14.337778091430664,
    "F0883_zSDSS": 14.324664115905762
}