{
    "id": "gaia_xp_spectrum_6111828660824309760-Ref",
    "F0352_uJAVA": 16.422199249267578,
    "F0378": 16.243885040283203,
    "F0395": 16.161968231201172,
    "F0410": 15.651759147644043,
    "F0430": 15.61374568939209,
    "F0475_gSDSS": 15.259628295898438,
    "F0515": 15.095154762268066,
    "F0626_rSDSS": 14.773101806640625,
    "F0660": 14.74731731414795,
    "F0769_iSDSS": 14.623347282409668,
    "F0861": 14.58116626739502,
    "F0883_zSDSS": 14.56015682220459
}