{
    "id": "gaia_xp_spectrum_6111886728782359680-Ref",
    "F0352_uJAVA": 16.875093460083008,
    "F0378": 16.628467559814453,
    "F0395": 16.576404571533203,
    "F0410": 16.10282325744629,
    "F0430": 16.02396011352539,
    "F0475_gSDSS": 15.722675323486328,
    "F0515": 15.557774543762207,
    "F0626_rSDSS": 15.27331829071045,
    "F0660": 15.2360200881958,
    "F0769_iSDSS": 15.120950698852539,
    "F0861": 15.093137741088867,
    "F0883_zSDSS": 15.065855026245117
}