{
    "id": "gaia_xp_spectrum_6111826908478441856-Ref",
    "F0352_uJAVA": 16.285751342773438,
    "F0378": 16.284542083740234,
    "F0395": 16.05854606628418,
    "F0410": 15.406149864196777,
    "F0430": 15.307613372802734,
    "F0475_gSDSS": 14.85554027557373,
    "F0515": 14.669580459594727,
    "F0626_rSDSS": 14.255763053894043,
    "F0660": 14.196212768554688,
    "F0769_iSDSS": 14.094560623168945,
    "F0861": 14.052569389343262,
    "F0883_zSDSS": 14.028939247131348
}