{
    "id": "gaia_xp_spectrum_6111833711705862528-Ref",
    "F0352_uJAVA": 15.932149887084961,
    "F0378": 15.756821632385254,
    "F0395": 15.717982292175293,
    "F0410": 15.177225112915039,
    "F0430": 15.139731407165527,
    "F0475_gSDSS": 14.829388618469238,
    "F0515": 14.665212631225586,
    "F0626_rSDSS": 14.3834810256958,
    "F0660": 14.33716106414795,
    "F0769_iSDSS": 14.25651741027832,
    "F0861": 14.231450080871582,
    "F0883_zSDSS": 14.211380004882812
}