{
    "id": "gaia_xp_spectrum_6136835850203464064-Ref",
    "F0352_uJAVA": 16.10477638244629,
    "F0378": 16.03959846496582,
    "F0395": 15.962787628173828,
    "F0410": 15.289169311523438,
    "F0430": 15.216704368591309,
    "F0475_gSDSS": 14.762889862060547,
    "F0515": 14.575214385986328,
    "F0626_rSDSS": 14.165657043457031,
    "F0660": 14.098868370056152,
    "F0769_iSDSS": 13.978328704833984,
    "F0861": 13.933208465576172,
    "F0883_zSDSS": 13.90304183959961
}