{
    "id": "gaia_xp_spectrum_6137048193385017088-Ref",
    "F0352_uJAVA": 16.475204467773438,
    "F0378": 16.132709503173828,
    "F0395": 16.09869956970215,
    "F0410": 15.651040077209473,
    "F0430": 15.5675048828125,
    "F0475_gSDSS": 15.278644561767578,
    "F0515": 15.137513160705566,
    "F0626_rSDSS": 14.776254653930664,
    "F0660": 14.688309669494629,
    "F0769_iSDSS": 14.583982467651367,
    "F0861": 14.564081192016602,
    "F0883_zSDSS": 14.508416175842285
}