{
    "id": "gaia_xp_spectrum_6136952432794311296-Ref",
    "F0352_uJAVA": 16.94625473022461,
    "F0378": 16.857643127441406,
    "F0395": 16.642536163330078,
    "F0410": 16.127094268798828,
    "F0430": 16.037879943847656,
    "F0475_gSDSS": 15.651456832885742,
    "F0515": 15.470897674560547,
    "F0626_rSDSS": 15.100178718566895,
    "F0660": 15.049212455749512,
    "F0769_iSDSS": 14.93062973022461,
    "F0861": 14.886860847473145,
    "F0883_zSDSS": 14.85844898223877
}