{
    "id": "gaia_xp_spectrum_6136947622430911360-Ref",
    "F0352_uJAVA": 16.34730339050293,
    "F0378": 16.11500358581543,
    "F0395": 16.05702781677246,
    "F0410": 15.577269554138184,
    "F0430": 15.537837982177734,
    "F0475_gSDSS": 15.210975646972656,
    "F0515": 15.052896499633789,
    "F0626_rSDSS": 14.729832649230957,
    "F0660": 14.694087028503418,
    "F0769_iSDSS": 14.569345474243164,
    "F0861": 14.525773048400879,
    "F0883_zSDSS": 14.506814956665039
}