{
    "id": "gaia_xp_spectrum_6136833548100954496-Ref",
    "F0352_uJAVA": 16.518606185913086,
    "F0378": 16.2386417388916,
    "F0395": 16.356769561767578,
    "F0410": 15.706826210021973,
    "F0430": 15.666245460510254,
    "F0475_gSDSS": 15.142784118652344,
    "F0515": 14.904226303100586,
    "F0626_rSDSS": 14.426616668701172,
    "F0660": 14.336750984191895,
    "F0769_iSDSS": 14.137612342834473,
    "F0861": 14.029265403747559,
    "F0883_zSDSS": 13.987759590148926
}