{
    "id": "gaia_xp_spectrum_6137047128233141504-Ref",
    "F0352_uJAVA": 16.941913604736328,
    "F0378": 16.721555709838867,
    "F0395": 16.722463607788086,
    "F0410": 16.172014236450195,
    "F0430": 16.124893188476562,
    "F0475_gSDSS": 15.650501251220703,
    "F0515": 15.465376853942871,
    "F0626_rSDSS": 15.079371452331543,
    "F0660": 15.027159690856934,
    "F0769_iSDSS": 14.90573787689209,
    "F0861": 14.858863830566406,
    "F0883_zSDSS": 14.831892013549805
}