{
    "id": "gaia_xp_spectrum_6136836880995595264-Ref",
    "F0352_uJAVA": 16.213991165161133,
    "F0378": 16.07115364074707,
    "F0395": 15.934480667114258,
    "F0410": 15.315156936645508,
    "F0430": 15.229462623596191,
    "F0475_gSDSS": 14.815783500671387,
    "F0515": 14.638344764709473,
    "F0626_rSDSS": 14.22519302368164,
    "F0660": 14.167292594909668,
    "F0769_iSDSS": 14.04360580444336,
    "F0861": 13.991869926452637,
    "F0883_zSDSS": 13.962685585021973
}