{
    "id": "gaia_xp_spectrum_6137034690007807104-Ref",
    "F0352_uJAVA": 16.753673553466797,
    "F0378": 16.583141326904297,
    "F0395": 16.507535934448242,
    "F0410": 15.880657196044922,
    "F0430": 15.793261528015137,
    "F0475_gSDSS": 15.400930404663086,
    "F0515": 15.204033851623535,
    "F0626_rSDSS": 14.843640327453613,
    "F0660": 14.791648864746094,
    "F0769_iSDSS": 14.669177055358887,
    "F0861": 14.628486633300781,
    "F0883_zSDSS": 14.600001335144043
}