{
    "id": "gaia_xp_spectrum_6136857496838679680-Ref",
    "F0352_uJAVA": 17.158906936645508,
    "F0378": 17.259706497192383,
    "F0395": 17.160730361938477,
    "F0410": 16.510160446166992,
    "F0430": 16.411846160888672,
    "F0475_gSDSS": 15.841898918151855,
    "F0515": 15.64384651184082,
    "F0626_rSDSS": 15.123929023742676,
    "F0660": 15.039436340332031,
    "F0769_iSDSS": 14.88716983795166,
    "F0861": 14.81221866607666,
    "F0883_zSDSS": 14.772953987121582
}