{
    "id": "gaia_xp_spectrum_6136844371418566912-Ref",
    "F0352_uJAVA": 16.287813186645508,
    "F0378": 16.24062728881836,
    "F0395": 16.098936080932617,
    "F0410": 15.375444412231445,
    "F0430": 15.265480995178223,
    "F0475_gSDSS": 14.792083740234375,
    "F0515": 14.619413375854492,
    "F0626_rSDSS": 14.154009819030762,
    "F0660": 14.084017753601074,
    "F0769_iSDSS": 13.964798927307129,
    "F0861": 13.912835121154785,
    "F0883_zSDSS": 13.884759902954102
}