{
    "id": "gaia_xp_spectrum_6136947966028300928-Ref",
    "F0352_uJAVA": 16.899145126342773,
    "F0378": 16.72017478942871,
    "F0395": 16.598146438598633,
    "F0410": 16.100255966186523,
    "F0430": 16.041391372680664,
    "F0475_gSDSS": 15.67015266418457,
    "F0515": 15.49422550201416,
    "F0626_rSDSS": 15.152281761169434,
    "F0660": 15.11115550994873,
    "F0769_iSDSS": 14.993596076965332,
    "F0861": 14.955973625183105,
    "F0883_zSDSS": 14.930160522460938
}