{
    "id": "gaia_xp_spectrum_6136850487452010368-Ref",
    "F0352_uJAVA": 16.578359603881836,
    "F0378": 16.434099197387695,
    "F0395": 16.309669494628906,
    "F0410": 15.81311321258545,
    "F0430": 15.702688217163086,
    "F0475_gSDSS": 15.346698760986328,
    "F0515": 15.16569709777832,
    "F0626_rSDSS": 14.802504539489746,
    "F0660": 14.745445251464844,
    "F0769_iSDSS": 14.620306015014648,
    "F0861": 14.581746101379395,
    "F0883_zSDSS": 14.544851303100586
}