{
    "id": "gaia_xp_spectrum_6136936249357504896-Ref",
    "F0352_uJAVA": 16.992733001708984,
    "F0378": 17.00237274169922,
    "F0395": 16.88756561279297,
    "F0410": 16.222562789916992,
    "F0430": 16.166147232055664,
    "F0475_gSDSS": 15.747013092041016,
    "F0515": 15.573432922363281,
    "F0626_rSDSS": 15.170904159545898,
    "F0660": 15.118202209472656,
    "F0769_iSDSS": 14.977655410766602,
    "F0861": 14.91651725769043,
    "F0883_zSDSS": 14.898049354553223
}