{
    "id": "gaia_xp_spectrum_6136849456659842944-Ref",
    "F0352_uJAVA": 16.600133895874023,
    "F0378": 16.294998168945312,
    "F0395": 16.203195571899414,
    "F0410": 15.863301277160645,
    "F0430": 15.773133277893066,
    "F0475_gSDSS": 15.499699592590332,
    "F0515": 15.32424259185791,
    "F0626_rSDSS": 15.024336814880371,
    "F0660": 14.974865913391113,
    "F0769_iSDSS": 14.843152046203613,
    "F0861": 14.789648056030273,
    "F0883_zSDSS": 14.760997772216797
}