{
    "id": "gaia_xp_spectrum_6137049155457701504-Ref",
    "F0352_uJAVA": 16.172100067138672,
    "F0378": 16.039228439331055,
    "F0395": 15.943587303161621,
    "F0410": 15.352502822875977,
    "F0430": 15.302390098571777,
    "F0475_gSDSS": 14.90456771850586,
    "F0515": 14.715347290039062,
    "F0626_rSDSS": 14.34769344329834,
    "F0660": 14.29892349243164,
    "F0769_iSDSS": 14.166719436645508,
    "F0861": 14.115612983703613,
    "F0883_zSDSS": 14.090530395507812
}