{
    "id": "gaia_xp_spectrum_6137040187566087296-Ref",
    "F0352_uJAVA": 15.706265449523926,
    "F0378": 15.383954048156738,
    "F0395": 15.095240592956543,
    "F0410": 14.866229057312012,
    "F0430": 14.781716346740723,
    "F0475_gSDSS": 14.612968444824219,
    "F0515": 14.489996910095215,
    "F0626_rSDSS": 14.3047456741333,
    "F0660": 14.303136825561523,
    "F0769_iSDSS": 14.226068496704102,
    "F0861": 14.21682357788086,
    "F0883_zSDSS": 14.204852104187012
}