{
    "id": "gaia_xp_spectrum_6136844096540650624-Ref",
    "F0352_uJAVA": 16.816455841064453,
    "F0378": 16.91385269165039,
    "F0395": 16.601343154907227,
    "F0410": 15.893599510192871,
    "F0430": 15.702055931091309,
    "F0475_gSDSS": 15.15168571472168,
    "F0515": 14.968423843383789,
    "F0626_rSDSS": 14.397159576416016,
    "F0660": 14.32737922668457,
    "F0769_iSDSS": 14.172411918640137,
    "F0861": 14.101960182189941,
    "F0883_zSDSS": 14.06726360321045
}