{
    "id": "gaia_xp_spectrum_6137048708781091456-Ref",
    "F0352_uJAVA": 16.421735763549805,
    "F0378": 16.490808486938477,
    "F0395": 16.293779373168945,
    "F0410": 15.500465393066406,
    "F0430": 15.349791526794434,
    "F0475_gSDSS": 14.758086204528809,
    "F0515": 14.537398338317871,
    "F0626_rSDSS": 13.959965705871582,
    "F0660": 13.85537052154541,
    "F0769_iSDSS": 13.673792839050293,
    "F0861": 13.571856498718262,
    "F0883_zSDSS": 13.524469375610352
}