{
    "id": "gaia_xp_spectrum_6136843443705619712-Ref",
    "F0352_uJAVA": 16.15631866455078,
    "F0378": 15.865922927856445,
    "F0395": 15.82469367980957,
    "F0410": 15.276225090026855,
    "F0430": 15.199585914611816,
    "F0475_gSDSS": 14.84217357635498,
    "F0515": 14.668212890625,
    "F0626_rSDSS": 14.314448356628418,
    "F0660": 14.270523071289062,
    "F0769_iSDSS": 14.154402732849121,
    "F0861": 14.120482444763184,
    "F0883_zSDSS": 14.090384483337402
}