{
    "id": "gaia_xp_spectrum_6136844233979603456-Ref",
    "F0352_uJAVA": 16.510942459106445,
    "F0378": 16.385337829589844,
    "F0395": 16.230281829833984,
    "F0410": 15.739216804504395,
    "F0430": 15.681626319885254,
    "F0475_gSDSS": 15.31655216217041,
    "F0515": 15.146878242492676,
    "F0626_rSDSS": 14.806295394897461,
    "F0660": 14.769152641296387,
    "F0769_iSDSS": 14.641623497009277,
    "F0861": 14.606433868408203,
    "F0883_zSDSS": 14.576741218566895
}