{
    "id": "gaia_xp_spectrum_6136840316969472768-Ref",
    "F0352_uJAVA": 16.606136322021484,
    "F0378": 16.648231506347656,
    "F0395": 16.40385627746582,
    "F0410": 15.693981170654297,
    "F0430": 15.626194953918457,
    "F0475_gSDSS": 15.02695369720459,
    "F0515": 14.85351276397705,
    "F0626_rSDSS": 14.319308280944824,
    "F0660": 14.236324310302734,
    "F0769_iSDSS": 14.097468376159668,
    "F0861": 14.031803131103516,
    "F0883_zSDSS": 14.000356674194336
}