{
    "id": "gaia_xp_spectrum_6136854163944038912-Ref",
    "F0352_uJAVA": 16.950435638427734,
    "F0378": 16.834836959838867,
    "F0395": 16.72725486755371,
    "F0410": 16.107994079589844,
    "F0430": 16.042190551757812,
    "F0475_gSDSS": 15.615145683288574,
    "F0515": 15.431068420410156,
    "F0626_rSDSS": 15.039546012878418,
    "F0660": 14.995814323425293,
    "F0769_iSDSS": 14.861379623413086,
    "F0861": 14.824881553649902,
    "F0883_zSDSS": 14.787656784057617
}