{
    "id": "gaia_xp_spectrum_6136929102531888000-Ref",
    "F0352_uJAVA": 15.7561674118042,
    "F0378": 15.451562881469727,
    "F0395": 15.365377426147461,
    "F0410": 14.998870849609375,
    "F0430": 14.912797927856445,
    "F0475_gSDSS": 14.65552043914795,
    "F0515": 14.504744529724121,
    "F0626_rSDSS": 14.225848197937012,
    "F0660": 14.206009864807129,
    "F0769_iSDSS": 14.088601112365723,
    "F0861": 14.05404281616211,
    "F0883_zSDSS": 14.036569595336914
}