{
    "id": "gaia_xp_spectrum_6137035171044146688-Ref",
    "F0352_uJAVA": 16.883136749267578,
    "F0378": 16.64292335510254,
    "F0395": 16.628711700439453,
    "F0410": 16.0805721282959,
    "F0430": 15.978340148925781,
    "F0475_gSDSS": 15.631904602050781,
    "F0515": 15.47539234161377,
    "F0626_rSDSS": 15.092412948608398,
    "F0660": 15.035075187683105,
    "F0769_iSDSS": 14.916080474853516,
    "F0861": 14.865715026855469,
    "F0883_zSDSS": 14.84459400177002
}