{
    "id": "gaia_xp_spectrum_6136935356004303232-Ref",
    "F0352_uJAVA": 16.950355529785156,
    "F0378": 16.77338981628418,
    "F0395": 16.709182739257812,
    "F0410": 16.157350540161133,
    "F0430": 16.056400299072266,
    "F0475_gSDSS": 15.6809720993042,
    "F0515": 15.505343437194824,
    "F0626_rSDSS": 15.109710693359375,
    "F0660": 15.060257911682129,
    "F0769_iSDSS": 14.92695426940918,
    "F0861": 14.892151832580566,
    "F0883_zSDSS": 14.848063468933105
}