{
    "id": "gaia_xp_spectrum_6136832826546447232-Ref",
    "F0352_uJAVA": 16.606531143188477,
    "F0378": 16.35620880126953,
    "F0395": 16.38837242126465,
    "F0410": 15.812899589538574,
    "F0430": 15.772490501403809,
    "F0475_gSDSS": 15.400885581970215,
    "F0515": 15.218287467956543,
    "F0626_rSDSS": 14.880513191223145,
    "F0660": 14.822287559509277,
    "F0769_iSDSS": 14.701948165893555,
    "F0861": 14.655224800109863,
    "F0883_zSDSS": 14.63211441040039
}