{
    "id": "gaia_xp_spectrum_6136851724402611584-Ref",
    "F0352_uJAVA": 17.074752807617188,
    "F0378": 16.897380828857422,
    "F0395": 16.74356460571289,
    "F0410": 16.32332992553711,
    "F0430": 16.277103424072266,
    "F0475_gSDSS": 15.930907249450684,
    "F0515": 15.759742736816406,
    "F0626_rSDSS": 15.453959465026855,
    "F0660": 15.425663948059082,
    "F0769_iSDSS": 15.28563117980957,
    "F0861": 15.24271011352539,
    "F0883_zSDSS": 15.217178344726562
}