{
    "id": "gaia_xp_spectrum_6136839492335730816-Ref",
    "F0352_uJAVA": 16.498472213745117,
    "F0378": 16.342670440673828,
    "F0395": 16.318328857421875,
    "F0410": 15.633070945739746,
    "F0430": 15.585091590881348,
    "F0475_gSDSS": 15.180547714233398,
    "F0515": 14.998746871948242,
    "F0626_rSDSS": 14.608798027038574,
    "F0660": 14.553923606872559,
    "F0769_iSDSS": 14.424968719482422,
    "F0861": 14.378402709960938,
    "F0883_zSDSS": 14.342819213867188
}