{
    "id": "gaia_xp_spectrum_6137140895958700288-Ref",
    "F0352_uJAVA": 16.66225814819336,
    "F0378": 16.734254837036133,
    "F0395": 16.550676345825195,
    "F0410": 15.787701606750488,
    "F0430": 15.646081924438477,
    "F0475_gSDSS": 15.10826587677002,
    "F0515": 14.911369323730469,
    "F0626_rSDSS": 14.41301155090332,
    "F0660": 14.329001426696777,
    "F0769_iSDSS": 14.20984935760498,
    "F0861": 14.152087211608887,
    "F0883_zSDSS": 14.116927146911621
}