{
    "id": "gaia_xp_spectrum_6136934359571878784-Ref",
    "F0352_uJAVA": 16.694276809692383,
    "F0378": 16.440757751464844,
    "F0395": 16.381811141967773,
    "F0410": 15.77779483795166,
    "F0430": 15.714677810668945,
    "F0475_gSDSS": 15.326385498046875,
    "F0515": 15.148794174194336,
    "F0626_rSDSS": 14.777975082397461,
    "F0660": 14.726876258850098,
    "F0769_iSDSS": 14.603382110595703,
    "F0861": 14.554364204406738,
    "F0883_zSDSS": 14.53087043762207
}