{
    "id": "gaia_xp_spectrum_6137041424516653952-Ref",
    "F0352_uJAVA": 16.16961669921875,
    "F0378": 15.986263275146484,
    "F0395": 15.924312591552734,
    "F0410": 15.394695281982422,
    "F0430": 15.33631706237793,
    "F0475_gSDSS": 14.95431900024414,
    "F0515": 14.771306991577148,
    "F0626_rSDSS": 14.41164779663086,
    "F0660": 14.351187705993652,
    "F0769_iSDSS": 14.22135066986084,
    "F0861": 14.170015335083008,
    "F0883_zSDSS": 14.142313003540039
}