{
    "id": "gaia_xp_spectrum_6136843340626394368-Ref",
    "F0352_uJAVA": 16.553730010986328,
    "F0378": 16.583438873291016,
    "F0395": 16.451751708984375,
    "F0410": 15.65161418914795,
    "F0430": 15.538901329040527,
    "F0475_gSDSS": 14.921348571777344,
    "F0515": 14.693519592285156,
    "F0626_rSDSS": 14.120887756347656,
    "F0660": 14.032608985900879,
    "F0769_iSDSS": 13.836899757385254,
    "F0861": 13.738924026489258,
    "F0883_zSDSS": 13.6943359375
}