{
    "id": "gaia_xp_spectrum_6136832860906186624-Ref",
    "F0352_uJAVA": 17.041175842285156,
    "F0378": 16.936311721801758,
    "F0395": 16.903675079345703,
    "F0410": 16.283845901489258,
    "F0430": 16.226638793945312,
    "F0475_gSDSS": 15.868833541870117,
    "F0515": 15.696988105773926,
    "F0626_rSDSS": 15.333931922912598,
    "F0660": 15.271637916564941,
    "F0769_iSDSS": 15.153664588928223,
    "F0861": 15.094735145568848,
    "F0883_zSDSS": 15.075417518615723
}