{
    "id": "gaia_xp_spectrum_6136852785256982528-Ref",
    "F0352_uJAVA": 16.686546325683594,
    "F0378": 16.734798431396484,
    "F0395": 16.556739807128906,
    "F0410": 15.782097816467285,
    "F0430": 15.710531234741211,
    "F0475_gSDSS": 15.188312530517578,
    "F0515": 15.040735244750977,
    "F0626_rSDSS": 14.52486515045166,
    "F0660": 14.455488204956055,
    "F0769_iSDSS": 14.311759948730469,
    "F0861": 14.246709823608398,
    "F0883_zSDSS": 14.21495532989502
}