{
    "id": "gaia_xp_spectrum_6136839148738356608-Ref",
    "F0352_uJAVA": 16.615074157714844,
    "F0378": 16.44957160949707,
    "F0395": 16.35188865661621,
    "F0410": 15.722467422485352,
    "F0430": 15.63746452331543,
    "F0475_gSDSS": 15.197823524475098,
    "F0515": 14.981892585754395,
    "F0626_rSDSS": 14.574074745178223,
    "F0660": 14.510315895080566,
    "F0769_iSDSS": 14.375112533569336,
    "F0861": 14.312110900878906,
    "F0883_zSDSS": 14.283620834350586
}