{
    "id": "gaia_xp_spectrum_6136855194736195712-Ref",
    "F0352_uJAVA": 17.259370803833008,
    "F0378": 16.86166763305664,
    "F0395": 16.424880981445312,
    "F0410": 16.127037048339844,
    "F0430": 16.014667510986328,
    "F0475_gSDSS": 15.888697624206543,
    "F0515": 15.797526359558105,
    "F0626_rSDSS": 15.71185302734375,
    "F0660": 15.748129844665527,
    "F0769_iSDSS": 15.72241497039795,
    "F0861": 15.774320602416992,
    "F0883_zSDSS": 15.749728202819824
}