{
    "id": "gaia_xp_spectrum_6136934015974503296-Ref",
    "F0352_uJAVA": 16.437530517578125,
    "F0378": 16.22066307067871,
    "F0395": 16.19206428527832,
    "F0410": 15.611600875854492,
    "F0430": 15.537182807922363,
    "F0475_gSDSS": 15.135516166687012,
    "F0515": 14.951804161071777,
    "F0626_rSDSS": 14.580238342285156,
    "F0660": 14.53318977355957,
    "F0769_iSDSS": 14.411039352416992,
    "F0861": 14.372689247131348,
    "F0883_zSDSS": 14.343400001525879
}