{
    "id": "gaia_xp_spectrum_6136930648720130944-Ref",
    "F0352_uJAVA": 17.152997970581055,
    "F0378": 16.89377212524414,
    "F0395": 16.804872512817383,
    "F0410": 16.20427703857422,
    "F0430": 16.13319969177246,
    "F0475_gSDSS": 15.777416229248047,
    "F0515": 15.615089416503906,
    "F0626_rSDSS": 15.262633323669434,
    "F0660": 15.217691421508789,
    "F0769_iSDSS": 15.107882499694824,
    "F0861": 15.072009086608887,
    "F0883_zSDSS": 15.05132007598877
}