{
    "id": "gaia_xp_spectrum_6136833926058091264-Ref",
    "F0352_uJAVA": 16.96784782409668,
    "F0378": 16.729839324951172,
    "F0395": 16.58193016052246,
    "F0410": 16.025596618652344,
    "F0430": 15.938312530517578,
    "F0475_gSDSS": 15.56933307647705,
    "F0515": 15.383934020996094,
    "F0626_rSDSS": 15.017731666564941,
    "F0660": 14.961874008178711,
    "F0769_iSDSS": 14.837923049926758,
    "F0861": 14.790498733520508,
    "F0883_zSDSS": 14.765838623046875
}