{
    "id": "gaia_xp_spectrum_6136853579828499712-Ref",
    "F0352_uJAVA": 16.10015869140625,
    "F0378": 15.417352676391602,
    "F0395": 14.741443634033203,
    "F0410": 14.63510799407959,
    "F0430": 14.619368553161621,
    "F0475_gSDSS": 14.61306095123291,
    "F0515": 14.584098815917969,
    "F0626_rSDSS": 14.689760208129883,
    "F0660": 14.801387786865234,
    "F0769_iSDSS": 14.819354057312012,
    "F0861": 14.889966011047363,
    "F0883_zSDSS": 14.852376937866211
}