{
    "id": "gaia_xp_spectrum_6137037095189499008-Ref",
    "F0352_uJAVA": 16.6229305267334,
    "F0378": 16.74340057373047,
    "F0395": 16.32295036315918,
    "F0410": 15.641114234924316,
    "F0430": 15.45295238494873,
    "F0475_gSDSS": 14.90134048461914,
    "F0515": 14.711392402648926,
    "F0626_rSDSS": 14.164349555969238,
    "F0660": 14.07745361328125,
    "F0769_iSDSS": 13.946897506713867,
    "F0861": 13.87922477722168,
    "F0883_zSDSS": 13.84157943725586
}