{
    "id": "gaia_xp_spectrum_6136848735105365376-Ref",
    "F0352_uJAVA": 15.938323974609375,
    "F0378": 15.699214935302734,
    "F0395": 15.623052597045898,
    "F0410": 15.199377059936523,
    "F0430": 15.084207534790039,
    "F0475_gSDSS": 14.782323837280273,
    "F0515": 14.628984451293945,
    "F0626_rSDSS": 14.316802978515625,
    "F0660": 14.276778221130371,
    "F0769_iSDSS": 14.174670219421387,
    "F0861": 14.150697708129883,
    "F0883_zSDSS": 14.127490997314453
}