{
    "id": "gaia_xp_spectrum_6137046475398095488-Ref",
    "F0352_uJAVA": 16.824275970458984,
    "F0378": 16.647476196289062,
    "F0395": 16.574657440185547,
    "F0410": 16.008516311645508,
    "F0430": 15.942010879516602,
    "F0475_gSDSS": 15.585803031921387,
    "F0515": 15.414055824279785,
    "F0626_rSDSS": 15.066845893859863,
    "F0660": 15.017138481140137,
    "F0769_iSDSS": 14.90469741821289,
    "F0861": 14.879144668579102,
    "F0883_zSDSS": 14.838598251342773
}