{
    "id": "gaia_xp_spectrum_6136839664134434432-Ref",
    "F0352_uJAVA": 16.79918098449707,
    "F0378": 16.71828269958496,
    "F0395": 16.67153549194336,
    "F0410": 15.90453052520752,
    "F0430": 15.850451469421387,
    "F0475_gSDSS": 15.385676383972168,
    "F0515": 15.204852104187012,
    "F0626_rSDSS": 14.739402770996094,
    "F0660": 14.678221702575684,
    "F0769_iSDSS": 14.531684875488281,
    "F0861": 14.471776008605957,
    "F0883_zSDSS": 14.436452865600586
}