{
    "id": "gaia_xp_spectrum_6136853545468760704-Ref",
    "F0352_uJAVA": 15.819537162780762,
    "F0378": 15.618413925170898,
    "F0395": 15.582161903381348,
    "F0410": 15.067527770996094,
    "F0430": 15.010026931762695,
    "F0475_gSDSS": 14.631881713867188,
    "F0515": 14.452592849731445,
    "F0626_rSDSS": 14.103118896484375,
    "F0660": 14.04013442993164,
    "F0769_iSDSS": 13.925859451293945,
    "F0861": 13.87635612487793,
    "F0883_zSDSS": 13.851178169250488
}