{
    "id": "gaia_xp_spectrum_6137036064397506432-Ref",
    "F0352_uJAVA": 16.538110733032227,
    "F0378": 16.279605865478516,
    "F0395": 16.062429428100586,
    "F0410": 15.755572319030762,
    "F0430": 15.656572341918945,
    "F0475_gSDSS": 15.343239784240723,
    "F0515": 15.17875862121582,
    "F0626_rSDSS": 14.8771390914917,
    "F0660": 14.835253715515137,
    "F0769_iSDSS": 14.733299255371094,
    "F0861": 14.698718070983887,
    "F0883_zSDSS": 14.67855453491211
}