{
    "id": "gaia_xp_spectrum_6136839011299397888-Ref",
    "F0352_uJAVA": 16.58449363708496,
    "F0378": 16.2573299407959,
    "F0395": 16.07302474975586,
    "F0410": 15.737043380737305,
    "F0430": 15.6572847366333,
    "F0475_gSDSS": 15.431376457214355,
    "F0515": 15.287972450256348,
    "F0626_rSDSS": 15.026740074157715,
    "F0660": 14.93478775024414,
    "F0769_iSDSS": 14.946900367736816,
    "F0861": 14.940389633178711,
    "F0883_zSDSS": 14.915091514587402
}