{
    "id": "gaia_xp_spectrum_6136952364074833408-Ref",
    "F0352_uJAVA": 16.836658477783203,
    "F0378": 16.640657424926758,
    "F0395": 16.536754608154297,
    "F0410": 16.079118728637695,
    "F0430": 16.06344223022461,
    "F0475_gSDSS": 15.715360641479492,
    "F0515": 15.526790618896484,
    "F0626_rSDSS": 15.226408004760742,
    "F0660": 15.189336776733398,
    "F0769_iSDSS": 15.0607328414917,
    "F0861": 15.018899917602539,
    "F0883_zSDSS": 14.99161434173584
}