{
    "id": "gaia_xp_spectrum_6136836022002157696-Ref",
    "F0352_uJAVA": 16.817941665649414,
    "F0378": 16.80065155029297,
    "F0395": 16.614721298217773,
    "F0410": 16.001710891723633,
    "F0430": 15.919200897216797,
    "F0475_gSDSS": 15.530444145202637,
    "F0515": 15.332103729248047,
    "F0626_rSDSS": 14.96200942993164,
    "F0660": 14.90717887878418,
    "F0769_iSDSS": 14.772899627685547,
    "F0861": 14.735913276672363,
    "F0883_zSDSS": 14.693866729736328
}