{
    "id": "gaia_xp_spectrum_6136848254069033984-Ref",
    "F0352_uJAVA": 17.018779754638672,
    "F0378": 16.84231185913086,
    "F0395": 16.714351654052734,
    "F0410": 16.23415184020996,
    "F0430": 16.13458824157715,
    "F0475_gSDSS": 15.789741516113281,
    "F0515": 15.597514152526855,
    "F0626_rSDSS": 15.274499893188477,
    "F0660": 15.223331451416016,
    "F0769_iSDSS": 15.107574462890625,
    "F0861": 15.06690788269043,
    "F0883_zSDSS": 15.045601844787598
}