{
    "id": "gaia_xp_spectrum_6136857015802343808-Ref",
    "F0352_uJAVA": 16.75875473022461,
    "F0378": 16.77777862548828,
    "F0395": 16.60088348388672,
    "F0410": 15.772612571716309,
    "F0430": 15.659126281738281,
    "F0475_gSDSS": 15.036428451538086,
    "F0515": 14.814103126525879,
    "F0626_rSDSS": 14.241949081420898,
    "F0660": 14.144611358642578,
    "F0769_iSDSS": 13.957104682922363,
    "F0861": 13.854650497436523,
    "F0883_zSDSS": 13.80905532836914
}