{
    "id": "gaia_xp_spectrum_6136936730393852288-Ref",
    "F0352_uJAVA": 16.73997688293457,
    "F0378": 16.803726196289062,
    "F0395": 16.612586975097656,
    "F0410": 15.892550468444824,
    "F0430": 15.83863353729248,
    "F0475_gSDSS": 15.278240203857422,
    "F0515": 15.051597595214844,
    "F0626_rSDSS": 14.572225570678711,
    "F0660": 14.494747161865234,
    "F0769_iSDSS": 14.315250396728516,
    "F0861": 14.229447364807129,
    "F0883_zSDSS": 14.193014144897461
}