{
    "id": "gaia_xp_spectrum_6136833719899645696-Ref",
    "F0352_uJAVA": 17.114534378051758,
    "F0378": 16.932689666748047,
    "F0395": 16.827924728393555,
    "F0410": 16.1942138671875,
    "F0430": 16.139963150024414,
    "F0475_gSDSS": 15.689457893371582,
    "F0515": 15.51330852508545,
    "F0626_rSDSS": 15.092450141906738,
    "F0660": 15.016642570495605,
    "F0769_iSDSS": 14.883480072021484,
    "F0861": 14.819082260131836,
    "F0883_zSDSS": 14.788661003112793
}