{
    "id": "gaia_xp_spectrum_6136946557279014528-Ref",
    "F0352_uJAVA": 17.107887268066406,
    "F0378": 16.91860008239746,
    "F0395": 16.826473236083984,
    "F0410": 16.28743553161621,
    "F0430": 16.24564552307129,
    "F0475_gSDSS": 15.86807632446289,
    "F0515": 15.693046569824219,
    "F0626_rSDSS": 15.34707260131836,
    "F0660": 15.294995307922363,
    "F0769_iSDSS": 15.170330047607422,
    "F0861": 15.126789093017578,
    "F0883_zSDSS": 15.101908683776855
}