{
    "id": "gaia_xp_spectrum_6136851105927317248-Ref",
    "F0352_uJAVA": 17.0998592376709,
    "F0378": 16.867219924926758,
    "F0395": 16.734460830688477,
    "F0410": 16.243633270263672,
    "F0430": 16.2303524017334,
    "F0475_gSDSS": 15.860173225402832,
    "F0515": 15.687601089477539,
    "F0626_rSDSS": 15.354358673095703,
    "F0660": 15.298401832580566,
    "F0769_iSDSS": 15.183156967163086,
    "F0861": 15.131611824035645,
    "F0883_zSDSS": 15.113994598388672
}