{
    "id": "gaia_xp_spectrum_6136947931668561664-Ref",
    "F0352_uJAVA": 16.721010208129883,
    "F0378": 16.80795669555664,
    "F0395": 16.582347869873047,
    "F0410": 15.89060115814209,
    "F0430": 15.805778503417969,
    "F0475_gSDSS": 15.29153823852539,
    "F0515": 15.10025405883789,
    "F0626_rSDSS": 14.623126983642578,
    "F0660": 14.544221878051758,
    "F0769_iSDSS": 14.408995628356934,
    "F0861": 14.352787017822266,
    "F0883_zSDSS": 14.31315803527832
}