{
    "id": "gaia_xp_spectrum_6136851964920781696-Ref",
    "F0352_uJAVA": 16.742460250854492,
    "F0378": 16.471235275268555,
    "F0395": 16.45121192932129,
    "F0410": 15.983746528625488,
    "F0430": 15.926305770874023,
    "F0475_gSDSS": 15.584341049194336,
    "F0515": 15.393691062927246,
    "F0626_rSDSS": 15.070852279663086,
    "F0660": 15.010830879211426,
    "F0769_iSDSS": 14.893268585205078,
    "F0861": 14.833440780639648,
    "F0883_zSDSS": 14.813196182250977
}