{
    "id": "gaia_xp_spectrum_6136929927165611392-Ref",
    "F0352_uJAVA": 16.152202606201172,
    "F0378": 15.979880332946777,
    "F0395": 15.912991523742676,
    "F0410": 15.394970893859863,
    "F0430": 15.340853691101074,
    "F0475_gSDSS": 14.989057540893555,
    "F0515": 14.811991691589355,
    "F0626_rSDSS": 14.44999885559082,
    "F0660": 14.386367797851562,
    "F0769_iSDSS": 14.254427909851074,
    "F0861": 14.195122718811035,
    "F0883_zSDSS": 14.166032791137695
}