{
    "id": "gaia_xp_spectrum_6136932229268104704-Ref",
    "F0352_uJAVA": 16.591114044189453,
    "F0378": 16.422374725341797,
    "F0395": 16.397384643554688,
    "F0410": 15.71007251739502,
    "F0430": 15.641240119934082,
    "F0475_gSDSS": 15.234973907470703,
    "F0515": 15.05311393737793,
    "F0626_rSDSS": 14.664616584777832,
    "F0660": 14.608741760253906,
    "F0769_iSDSS": 14.484728813171387,
    "F0861": 14.450310707092285,
    "F0883_zSDSS": 14.415451049804688
}