{
    "id": "gaia_xp_spectrum_6136854541901167488-Ref",
    "F0352_uJAVA": 16.098119735717773,
    "F0378": 15.845809936523438,
    "F0395": 15.878724098205566,
    "F0410": 15.266627311706543,
    "F0430": 15.211783409118652,
    "F0475_gSDSS": 14.846345901489258,
    "F0515": 14.661515235900879,
    "F0626_rSDSS": 14.342534065246582,
    "F0660": 14.299471855163574,
    "F0769_iSDSS": 14.18500804901123,
    "F0861": 14.149433135986328,
    "F0883_zSDSS": 14.122478485107422
}