{
    "id": "gaia_xp_spectrum_6136951092764496768-Ref",
    "F0352_uJAVA": 16.969266891479492,
    "F0378": 16.974714279174805,
    "F0395": 16.895898818969727,
    "F0410": 16.07991600036621,
    "F0430": 16.038389205932617,
    "F0475_gSDSS": 15.5220308303833,
    "F0515": 15.3426513671875,
    "F0626_rSDSS": 14.837018966674805,
    "F0660": 14.752411842346191,
    "F0769_iSDSS": 14.589210510253906,
    "F0861": 14.500175476074219,
    "F0883_zSDSS": 14.465739250183105
}