{
    "id": "gaia_xp_spectrum_6136935459083517952-Ref",
    "F0352_uJAVA": 16.865205764770508,
    "F0378": 16.82088851928711,
    "F0395": 16.524755477905273,
    "F0410": 15.90530014038086,
    "F0430": 15.775680541992188,
    "F0475_gSDSS": 15.279153823852539,
    "F0515": 15.079421043395996,
    "F0626_rSDSS": 14.613460540771484,
    "F0660": 14.54566764831543,
    "F0769_iSDSS": 14.42116928100586,
    "F0861": 14.371614456176758,
    "F0883_zSDSS": 14.336726188659668
}