{
    "id": "gaia_xp_spectrum_6136847910471639936-Ref",
    "F0352_uJAVA": 15.899578094482422,
    "F0378": 15.799620628356934,
    "F0395": 15.602282524108887,
    "F0410": 15.009031295776367,
    "F0430": 14.931280136108398,
    "F0475_gSDSS": 14.53121566772461,
    "F0515": 14.359312057495117,
    "F0626_rSDSS": 13.995931625366211,
    "F0660": 13.954492568969727,
    "F0769_iSDSS": 13.843602180480957,
    "F0861": 13.81829833984375,
    "F0883_zSDSS": 13.78641414642334
}