{
    "id": "gaia_xp_spectrum_6137045891282547712-Ref",
    "F0352_uJAVA": 16.25259780883789,
    "F0378": 15.977039337158203,
    "F0395": 16.039714813232422,
    "F0410": 15.467759132385254,
    "F0430": 15.441991806030273,
    "F0475_gSDSS": 15.076350212097168,
    "F0515": 14.89365005493164,
    "F0626_rSDSS": 14.548336029052734,
    "F0660": 14.492592811584473,
    "F0769_iSDSS": 14.368379592895508,
    "F0861": 14.311065673828125,
    "F0883_zSDSS": 14.284661293029785
}