{
    "id": "gaia_xp_spectrum_6136844504559432576-Ref",
    "F0352_uJAVA": 16.71498680114746,
    "F0378": 16.546659469604492,
    "F0395": 16.45000648498535,
    "F0410": 15.863441467285156,
    "F0430": 15.741630554199219,
    "F0475_gSDSS": 15.32887077331543,
    "F0515": 15.134652137756348,
    "F0626_rSDSS": 14.73818302154541,
    "F0660": 14.682165145874023,
    "F0769_iSDSS": 14.557476043701172,
    "F0861": 14.505454063415527,
    "F0883_zSDSS": 14.47901725769043
}