{
    "id": "gaia_xp_spectrum_6136840454408432256-Ref",
    "F0352_uJAVA": 16.60103988647461,
    "F0378": 16.36455535888672,
    "F0395": 16.2989559173584,
    "F0410": 15.839276313781738,
    "F0430": 15.72922134399414,
    "F0475_gSDSS": 15.413949012756348,
    "F0515": 15.222912788391113,
    "F0626_rSDSS": 14.938496589660645,
    "F0660": 14.897424697875977,
    "F0769_iSDSS": 14.787818908691406,
    "F0861": 14.757163047790527,
    "F0883_zSDSS": 14.730592727661133
}