{
    "id": "gaia_xp_spectrum_6136950920965802368-Ref",
    "F0352_uJAVA": 16.280729293823242,
    "F0378": 16.07950782775879,
    "F0395": 15.894827842712402,
    "F0410": 15.550775527954102,
    "F0430": 15.45730972290039,
    "F0475_gSDSS": 15.173480987548828,
    "F0515": 15.01208209991455,
    "F0626_rSDSS": 14.712480545043945,
    "F0660": 14.66158390045166,
    "F0769_iSDSS": 14.56087875366211,
    "F0861": 14.523698806762695,
    "F0883_zSDSS": 14.500065803527832
}