{
    "id": "gaia_xp_spectrum_6136949546576277376-Ref",
    "F0352_uJAVA": 16.525161743164062,
    "F0378": 16.679256439208984,
    "F0395": 16.433977127075195,
    "F0410": 15.638772010803223,
    "F0430": 15.492094993591309,
    "F0475_gSDSS": 14.913844108581543,
    "F0515": 14.757124900817871,
    "F0626_rSDSS": 14.174592018127441,
    "F0660": 14.093770027160645,
    "F0769_iSDSS": 13.946554183959961,
    "F0861": 13.878252983093262,
    "F0883_zSDSS": 13.839446067810059
}