{
    "id": "gaia_xp_spectrum_6136933569297894144-Ref",
    "F0352_uJAVA": 15.799386978149414,
    "F0378": 15.65369701385498,
    "F0395": 15.600162506103516,
    "F0410": 15.0060396194458,
    "F0430": 14.9833984375,
    "F0475_gSDSS": 14.588467597961426,
    "F0515": 14.41417407989502,
    "F0626_rSDSS": 14.085698127746582,
    "F0660": 14.038016319274902,
    "F0769_iSDSS": 13.925445556640625,
    "F0861": 13.891891479492188,
    "F0883_zSDSS": 13.86689281463623
}