{
    "id": "gaia_xp_spectrum_6136837052794287744-Ref",
    "F0352_uJAVA": 16.508657455444336,
    "F0378": 16.289691925048828,
    "F0395": 16.162975311279297,
    "F0410": 15.694519996643066,
    "F0430": 15.629199981689453,
    "F0475_gSDSS": 15.316938400268555,
    "F0515": 15.140710830688477,
    "F0626_rSDSS": 14.8075590133667,
    "F0660": 14.764849662780762,
    "F0769_iSDSS": 14.628300666809082,
    "F0861": 14.576900482177734,
    "F0883_zSDSS": 14.555642127990723
}