{
    "id": "gaia_xp_spectrum_6136835850203459968-Ref",
    "F0352_uJAVA": 16.293241500854492,
    "F0378": 16.04732894897461,
    "F0395": 16.10112953186035,
    "F0410": 15.364398002624512,
    "F0430": 15.299666404724121,
    "F0475_gSDSS": 14.751595497131348,
    "F0515": 14.503632545471191,
    "F0626_rSDSS": 14.010518074035645,
    "F0660": 13.921199798583984,
    "F0769_iSDSS": 13.719422340393066,
    "F0861": 13.615323066711426,
    "F0883_zSDSS": 13.570157051086426
}