{
    "id": "gaia_xp_spectrum_6136852269860483072-Ref",
    "F0352_uJAVA": 17.010292053222656,
    "F0378": 16.793397903442383,
    "F0395": 16.75185775756836,
    "F0410": 16.24169921875,
    "F0430": 16.185388565063477,
    "F0475_gSDSS": 15.831378936767578,
    "F0515": 15.659138679504395,
    "F0626_rSDSS": 15.315970420837402,
    "F0660": 15.274394035339355,
    "F0769_iSDSS": 15.13792896270752,
    "F0861": 15.09070110321045,
    "F0883_zSDSS": 15.064679145812988
}