{
    "id": "gaia_xp_spectrum_6136835678404762624-Ref",
    "F0352_uJAVA": 16.317249298095703,
    "F0378": 16.21722412109375,
    "F0395": 16.13599967956543,
    "F0410": 15.485913276672363,
    "F0430": 15.45158576965332,
    "F0475_gSDSS": 15.03801441192627,
    "F0515": 14.854572296142578,
    "F0626_rSDSS": 14.469263076782227,
    "F0660": 14.406598091125488,
    "F0769_iSDSS": 14.284834861755371,
    "F0861": 14.234631538391113,
    "F0883_zSDSS": 14.202298164367676
}