{
    "id": "gaia_xp_spectrum_6136839354896790528-Ref",
    "F0352_uJAVA": 16.321901321411133,
    "F0378": 16.18195915222168,
    "F0395": 16.10974884033203,
    "F0410": 15.475419044494629,
    "F0430": 15.397252082824707,
    "F0475_gSDSS": 14.973854064941406,
    "F0515": 14.778529167175293,
    "F0626_rSDSS": 14.39393138885498,
    "F0660": 14.341939926147461,
    "F0769_iSDSS": 14.211307525634766,
    "F0861": 14.161470413208008,
    "F0883_zSDSS": 14.132360458374023
}