{
    "id": "gaia_xp_spectrum_6137060631610312448-Ref",
    "F0352_uJAVA": 16.331035614013672,
    "F0378": 16.392070770263672,
    "F0395": 16.223939895629883,
    "F0410": 15.47806453704834,
    "F0430": 15.423628807067871,
    "F0475_gSDSS": 14.938549995422363,
    "F0515": 14.777913093566895,
    "F0626_rSDSS": 14.327378273010254,
    "F0660": 14.263535499572754,
    "F0769_iSDSS": 14.131803512573242,
    "F0861": 14.080827713012695,
    "F0883_zSDSS": 14.04489803314209
}