{
    "id": "gaia_xp_spectrum_6136929961525352576-Ref",
    "F0352_uJAVA": 16.73931884765625,
    "F0378": 16.53900718688965,
    "F0395": 16.4144229888916,
    "F0410": 15.90304946899414,
    "F0430": 15.822668075561523,
    "F0475_gSDSS": 15.452820777893066,
    "F0515": 15.257878303527832,
    "F0626_rSDSS": 14.9191255569458,
    "F0660": 14.868403434753418,
    "F0769_iSDSS": 14.754287719726562,
    "F0861": 14.710742950439453,
    "F0883_zSDSS": 14.689000129699707
}