{
    "id": "gaia_xp_spectrum_6136836503038454272-Ref",
    "F0352_uJAVA": 16.890419006347656,
    "F0378": 16.86468505859375,
    "F0395": 16.669200897216797,
    "F0410": 15.916943550109863,
    "F0430": 15.77362060546875,
    "F0475_gSDSS": 15.246109008789062,
    "F0515": 15.05742359161377,
    "F0626_rSDSS": 14.527301788330078,
    "F0660": 14.454702377319336,
    "F0769_iSDSS": 14.31078815460205,
    "F0861": 14.244766235351562,
    "F0883_zSDSS": 14.212800025939941
}