{
    "id": "gaia_xp_spectrum_6137139796447069056-Ref",
    "F0352_uJAVA": 16.099151611328125,
    "F0378": 16.21457862854004,
    "F0395": 15.95628547668457,
    "F0410": 15.19775390625,
    "F0430": 15.126691818237305,
    "F0475_gSDSS": 14.606659889221191,
    "F0515": 14.448640823364258,
    "F0626_rSDSS": 13.961775779724121,
    "F0660": 13.894516944885254,
    "F0769_iSDSS": 13.771530151367188,
    "F0861": 13.719354629516602,
    "F0883_zSDSS": 13.690997123718262
}