{
    "id": "gaia_xp_spectrum_6137043314302148480-Ref",
    "F0352_uJAVA": 16.45285415649414,
    "F0378": 16.229694366455078,
    "F0395": 16.13268280029297,
    "F0410": 15.663610458374023,
    "F0430": 15.62355899810791,
    "F0475_gSDSS": 15.274714469909668,
    "F0515": 15.097378730773926,
    "F0626_rSDSS": 14.767501831054688,
    "F0660": 14.712044715881348,
    "F0769_iSDSS": 14.582653045654297,
    "F0861": 14.532075881958008,
    "F0883_zSDSS": 14.502717018127441
}