{
    "id": "gaia_xp_spectrum_6137044516893000960-Ref",
    "F0352_uJAVA": 16.949636459350586,
    "F0378": 16.664142608642578,
    "F0395": 16.53423309326172,
    "F0410": 16.05634307861328,
    "F0430": 15.987525939941406,
    "F0475_gSDSS": 15.68819808959961,
    "F0515": 15.517824172973633,
    "F0626_rSDSS": 15.233308792114258,
    "F0660": 15.216726303100586,
    "F0769_iSDSS": 15.098756790161133,
    "F0861": 15.067682266235352,
    "F0883_zSDSS": 15.047883033752441
}