{
    "id": "gaia_xp_spectrum_6136947553711432960-Ref",
    "F0352_uJAVA": 16.69509506225586,
    "F0378": 16.629047393798828,
    "F0395": 16.542802810668945,
    "F0410": 15.728487968444824,
    "F0430": 15.598227500915527,
    "F0475_gSDSS": 14.971095085144043,
    "F0515": 14.728273391723633,
    "F0626_rSDSS": 14.161113739013672,
    "F0660": 14.0673246383667,
    "F0769_iSDSS": 13.858975410461426,
    "F0861": 13.751970291137695,
    "F0883_zSDSS": 13.702075958251953
}