{
    "id": "gaia_xp_spectrum_6136853889066126208-Ref",
    "F0352_uJAVA": 16.614330291748047,
    "F0378": 16.418249130249023,
    "F0395": 16.412065505981445,
    "F0410": 15.74669075012207,
    "F0430": 15.691277503967285,
    "F0475_gSDSS": 15.285876274108887,
    "F0515": 15.099319458007812,
    "F0626_rSDSS": 14.733796119689941,
    "F0660": 14.678885459899902,
    "F0769_iSDSS": 14.554022789001465,
    "F0861": 14.505895614624023,
    "F0883_zSDSS": 14.482576370239258
}