{
    "id": "gaia_xp_spectrum_6136837121513846400-Ref",
    "F0352_uJAVA": 16.817384719848633,
    "F0378": 16.872211456298828,
    "F0395": 16.62352752685547,
    "F0410": 15.856813430786133,
    "F0430": 15.747842788696289,
    "F0475_gSDSS": 15.177740097045898,
    "F0515": 14.965072631835938,
    "F0626_rSDSS": 14.40237045288086,
    "F0660": 14.323053359985352,
    "F0769_iSDSS": 14.138416290283203,
    "F0861": 14.039939880371094,
    "F0883_zSDSS": 14.005589485168457
}