{
    "id": "gaia_xp_spectrum_6136851827481828608-Ref",
    "F0352_uJAVA": 17.05428695678711,
    "F0378": 17.054454803466797,
    "F0395": 16.746370315551758,
    "F0410": 16.018455505371094,
    "F0430": 15.885650634765625,
    "F0475_gSDSS": 15.2701997756958,
    "F0515": 15.007407188415527,
    "F0626_rSDSS": 14.462244033813477,
    "F0660": 14.363677978515625,
    "F0769_iSDSS": 14.161360740661621,
    "F0861": 14.0454740524292,
    "F0883_zSDSS": 14.006424903869629
}