{
    "id": "gaia_xp_spectrum_6137047781068152064-Ref",
    "F0352_uJAVA": 16.825641632080078,
    "F0378": 16.59530258178711,
    "F0395": 16.478179931640625,
    "F0410": 16.004966735839844,
    "F0430": 15.964864730834961,
    "F0475_gSDSS": 15.586227416992188,
    "F0515": 15.405086517333984,
    "F0626_rSDSS": 15.05798053741455,
    "F0660": 15.010597229003906,
    "F0769_iSDSS": 14.875967025756836,
    "F0861": 14.833171844482422,
    "F0883_zSDSS": 14.807015419006348
}