{
    "id": "gaia_xp_spectrum_6137041115278891648-Ref",
    "F0352_uJAVA": 15.97652816772461,
    "F0378": 15.870512962341309,
    "F0395": 15.789643287658691,
    "F0410": 15.168586730957031,
    "F0430": 15.09712028503418,
    "F0475_gSDSS": 14.670498847961426,
    "F0515": 14.476397514343262,
    "F0626_rSDSS": 14.09273624420166,
    "F0660": 14.044891357421875,
    "F0769_iSDSS": 13.912127494812012,
    "F0861": 13.876175880432129,
    "F0883_zSDSS": 13.838690757751465
}