{
    "id": "gaia_xp_spectrum_6136833513741212032-Ref",
    "F0352_uJAVA": 16.49479103088379,
    "F0378": 16.3009090423584,
    "F0395": 16.17706871032715,
    "F0410": 15.660411834716797,
    "F0430": 15.583656311035156,
    "F0475_gSDSS": 15.250983238220215,
    "F0515": 15.082274436950684,
    "F0626_rSDSS": 14.746788024902344,
    "F0660": 14.70388126373291,
    "F0769_iSDSS": 14.585569381713867,
    "F0861": 14.536182403564453,
    "F0883_zSDSS": 14.51679515838623
}