{
    "id": "gaia_xp_spectrum_6137042695826867968-Ref",
    "F0352_uJAVA": 16.14533042907715,
    "F0378": 15.910602569580078,
    "F0395": 15.869311332702637,
    "F0410": 15.410154342651367,
    "F0430": 15.323073387145996,
    "F0475_gSDSS": 14.999574661254883,
    "F0515": 14.82170295715332,
    "F0626_rSDSS": 14.495996475219727,
    "F0660": 14.444353103637695,
    "F0769_iSDSS": 14.323951721191406,
    "F0861": 14.2757568359375,
    "F0883_zSDSS": 14.252208709716797
}