{
    "id": "gaia_xp_spectrum_6137036816014658944-Ref",
    "F0352_uJAVA": 16.50815200805664,
    "F0378": 16.270042419433594,
    "F0395": 16.196739196777344,
    "F0410": 15.653728485107422,
    "F0430": 15.58085823059082,
    "F0475_gSDSS": 15.220393180847168,
    "F0515": 15.039427757263184,
    "F0626_rSDSS": 14.689301490783691,
    "F0660": 14.64995002746582,
    "F0769_iSDSS": 14.507478713989258,
    "F0861": 14.446700096130371,
    "F0883_zSDSS": 14.431669235229492
}