{
    "id": "gaia_xp_spectrum_6136936730393851904-Ref",
    "F0352_uJAVA": 16.06465721130371,
    "F0378": 15.835894584655762,
    "F0395": 15.704811096191406,
    "F0410": 15.231164932250977,
    "F0430": 15.155653953552246,
    "F0475_gSDSS": 14.819354057312012,
    "F0515": 14.647204399108887,
    "F0626_rSDSS": 14.348445892333984,
    "F0660": 14.318829536437988,
    "F0769_iSDSS": 14.214941024780273,
    "F0861": 14.196924209594727,
    "F0883_zSDSS": 14.171685218811035
}