{
    "id": "gaia_xp_spectrum_6137043898417708800-Ref",
    "F0352_uJAVA": 15.875043869018555,
    "F0378": 15.752935409545898,
    "F0395": 15.621963500976562,
    "F0410": 15.046341896057129,
    "F0430": 14.994251251220703,
    "F0475_gSDSS": 14.593315124511719,
    "F0515": 14.406621932983398,
    "F0626_rSDSS": 14.040177345275879,
    "F0660": 13.987645149230957,
    "F0769_iSDSS": 13.866378784179688,
    "F0861": 13.824285507202148,
    "F0883_zSDSS": 13.793111801147461
}