{
    "id": "gaia_xp_spectrum_6136948756302287360-Ref",
    "F0352_uJAVA": 16.92327308654785,
    "F0378": 16.691465377807617,
    "F0395": 16.583633422851562,
    "F0410": 16.193470001220703,
    "F0430": 16.09202766418457,
    "F0475_gSDSS": 15.825972557067871,
    "F0515": 15.656959533691406,
    "F0626_rSDSS": 15.414285659790039,
    "F0660": 15.39330005645752,
    "F0769_iSDSS": 15.294865608215332,
    "F0861": 15.275801658630371,
    "F0883_zSDSS": 15.256680488586426
}