{
    "id": "gaia_xp_spectrum_6137047643629194496-Ref",
    "F0352_uJAVA": 16.204349517822266,
    "F0378": 15.944336891174316,
    "F0395": 15.69052505493164,
    "F0410": 15.374469757080078,
    "F0430": 15.271592140197754,
    "F0475_gSDSS": 15.043367385864258,
    "F0515": 14.885998725891113,
    "F0626_rSDSS": 14.650413513183594,
    "F0660": 14.632100105285645,
    "F0769_iSDSS": 14.529204368591309,
    "F0861": 14.499258995056152,
    "F0883_zSDSS": 14.48440170288086
}