{
    "id": "gaia_xp_spectrum_6136853304950590464-Ref",
    "F0352_uJAVA": 16.028499603271484,
    "F0378": 15.82068157196045,
    "F0395": 15.654182434082031,
    "F0410": 15.242260932922363,
    "F0430": 15.171121597290039,
    "F0475_gSDSS": 14.904446601867676,
    "F0515": 14.75324535369873,
    "F0626_rSDSS": 14.49250316619873,
    "F0660": 14.464393615722656,
    "F0769_iSDSS": 14.36513614654541,
    "F0861": 14.345660209655762,
    "F0883_zSDSS": 14.323442459106445
}