{
    "id": "gaia_xp_spectrum_6136844715015956480-Ref",
    "F0352_uJAVA": 16.675189971923828,
    "F0378": 16.626100540161133,
    "F0395": 16.43419647216797,
    "F0410": 15.754566192626953,
    "F0430": 15.667391777038574,
    "F0475_gSDSS": 15.182966232299805,
    "F0515": 15.012919425964355,
    "F0626_rSDSS": 14.558869361877441,
    "F0660": 14.490119934082031,
    "F0769_iSDSS": 14.36316204071045,
    "F0861": 14.319406509399414,
    "F0883_zSDSS": 14.282482147216797
}