{
    "id": "gaia_xp_spectrum_6137053897101689856-Ref",
    "F0352_uJAVA": 16.5889949798584,
    "F0378": 16.547073364257812,
    "F0395": 16.582372665405273,
    "F0410": 15.6832275390625,
    "F0430": 15.545921325683594,
    "F0475_gSDSS": 14.889457702636719,
    "F0515": 14.635995864868164,
    "F0626_rSDSS": 14.016897201538086,
    "F0660": 13.911349296569824,
    "F0769_iSDSS": 13.673897743225098,
    "F0861": 13.542566299438477,
    "F0883_zSDSS": 13.490903854370117
}