{
    "id": "gaia_xp_spectrum_6137046475398094976-Ref",
    "F0352_uJAVA": 16.767478942871094,
    "F0378": 16.550254821777344,
    "F0395": 16.544677734375,
    "F0410": 16.003080368041992,
    "F0430": 15.957279205322266,
    "F0475_gSDSS": 15.582479476928711,
    "F0515": 15.401712417602539,
    "F0626_rSDSS": 15.050360679626465,
    "F0660": 15.004383087158203,
    "F0769_iSDSS": 14.882393836975098,
    "F0861": 14.830831527709961,
    "F0883_zSDSS": 14.81233024597168
}