{
    "id": "gaia_xp_spectrum_6136948687582809984-Ref",
    "F0352_uJAVA": 16.517047882080078,
    "F0378": 16.345043182373047,
    "F0395": 16.262020111083984,
    "F0410": 15.869328498840332,
    "F0430": 15.80958366394043,
    "F0475_gSDSS": 15.498771667480469,
    "F0515": 15.347533226013184,
    "F0626_rSDSS": 15.032705307006836,
    "F0660": 15.0081787109375,
    "F0769_iSDSS": 14.870299339294434,
    "F0861": 14.82687759399414,
    "F0883_zSDSS": 14.806621551513672
}