{
    "id": "gaia_xp_spectrum_6136951642520310144-Ref",
    "F0352_uJAVA": 16.423601150512695,
    "F0378": 16.258201599121094,
    "F0395": 16.198450088500977,
    "F0410": 15.677533149719238,
    "F0430": 15.622442245483398,
    "F0475_gSDSS": 15.268610954284668,
    "F0515": 15.102622985839844,
    "F0626_rSDSS": 14.754632949829102,
    "F0660": 14.699858665466309,
    "F0769_iSDSS": 14.586962699890137,
    "F0861": 14.546178817749023,
    "F0883_zSDSS": 14.518051147460938
}