{
    "id": "gaia_xp_spectrum_6136848494587192576-Ref",
    "F0352_uJAVA": 16.832862854003906,
    "F0378": 16.696107864379883,
    "F0395": 16.68734359741211,
    "F0410": 15.885112762451172,
    "F0430": 15.791768074035645,
    "F0475_gSDSS": 15.19670295715332,
    "F0515": 14.938064575195312,
    "F0626_rSDSS": 14.404322624206543,
    "F0660": 14.31084156036377,
    "F0769_iSDSS": 14.092836380004883,
    "F0861": 13.974905967712402,
    "F0883_zSDSS": 13.932668685913086
}